930.000000 608.000000 43.000000 77.000000
930.129957 608.335275 41.212265 78.479190
929.158389 611.646844 41.600671 77.286864
928.625029 612.077501 42.025088 78.404324
927.514429 613.717086 42.208421 77.007471
927.265011 615.703746 41.817556 73.673739
926.911882 617.980698 42.044982 70.186745
926.648307 619.090794 41.577687 68.284197
926.362835 620.348181 41.346983 67.011439
925.865477 622.018612 40.760321 67.075725
924.897283 624.114612 41.091107 66.781941
924.194054 625.642038 40.772401 67.287713
923.167528 626.039946 41.321573 67.707306
921.809566 626.308197 41.541619 69.027328
920.774322 629.065285 41.827543 66.540679
919.452454 626.298985 42.305209 69.706211
919.418543 626.952103 41.902648 69.736328
918.960938 628.114258 40.924805 69.372086
918.461118 629.090853 41.117561 69.559623
917.813976 629.534364 41.170235 70.711758
916.955907 630.281570 41.703169 70.410202
916.487593 631.156780 41.737945 70.614071
915.545226 632.123778 41.836612 70.721673
915.001205 633.354237 41.870309 71.043324
914.405672 634.537259 41.611006 71.120127
913.747127 635.601217 41.762178 71.194324
913.386098 636.951269 41.785267 70.158038
913.341553 638.091148 40.544189 69.766258
912.068594 638.722182 41.371597 70.117752
911.384766 639.789116 41.316681 69.865578
909.847144 639.926371 41.542114 70.608906
908.680672 640.782707 41.654881 69.724098
907.135794 641.557803 42.368874 69.706914
905.821851 642.625017 42.979249 69.858485
904.560352 643.113574 43.884313 69.839275
903.302565 643.603099 45.124550 70.005953
902.158641 644.448013 45.210782 70.508719
901.409891 644.856151 45.504366 71.308620
900.532622 645.621918 46.076519 71.266687
899.484180 646.287831 46.365072 71.357973
898.851641 647.446708 46.288820 71.026946
898.242971 647.298952 46.074467 71.035804
897.694730 647.431434 46.002857 71.110632
897.253835 647.889830 45.519508 70.758558
897.288788 647.400630 45.629355 71.493183
896.754430 648.095346 46.018913 71.239809
897.100869 648.143571 45.079309 70.916918
896.904919 648.348744 44.980970 71.058080
897.044051 648.808170 43.869717 70.807855
897.710845 648.968481 42.378719 70.340527
898.207562 648.913344 42.212767 69.981442
899.057856 648.425056 42.073643 70.181959
900.198914 648.971797 41.615890 69.069609
900.351189 649.049925 41.404733 69.066696
899.813968 649.049925 41.776695 69.399745
899.698115 649.134210 42.971298 69.295672
899.588481 648.995362 42.687386 70.420193
900.086248 648.576874 41.883545 71.140128
899.953520 649.801399 41.793076 69.622607
899.986618 649.638708 41.224258 69.815087
899.933791 649.539057 40.873352 70.058472
899.863884 649.209921 40.760334 70.584555
899.374698 649.372560 40.647482 70.200953
899.123283 648.991904 40.676627 70.970064
898.783364 649.546235 40.860524 69.981281
898.148808 649.689308 40.927941 70.239135
897.034310 650.114806 41.983935 70.386598
896.642881 650.160322 41.772015 71.018241
896.153085 650.308472 42.257156 71.156514
896.022074 650.360078 42.340232 71.079653
895.935990 650.335709 42.372720 71.239407
895.925318 650.262487 42.541850 71.211055
895.828651 650.286910 42.903278 70.916667
895.512505 649.819745 43.272914 71.048248
895.043711 650.141333 43.454145 70.514136
895.267250 649.605728 43.625707 70.480099
895.160916 649.333979 43.843696 70.422669
896.235777 648.556623 42.538219 71.233783
896.303392 648.830054 41.954217 70.206306
896.939892 648.426374 41.011917 70.510108
897.610872 648.405871 40.834244 70.384198
898.448994 647.918881 40.642196 70.741915
898.771978 648.402483 40.545781 69.496182
899.355727 648.704499 39.958473 68.786118
899.714315 648.790411 39.886817 68.614147
900.190890 648.333162 39.566734 68.813554
900.216685 647.763141 40.384451 68.820040
900.395973 647.196371 41.289031 69.085290
900.946435 646.598100 41.608607 69.483433
901.239573 646.671848 41.779149 69.026053
901.597166 645.481319 42.555619 69.861447
902.157988 644.328388 42.043006 70.912010
902.324755 643.890824 41.928106 70.340731
902.559403 643.795839 41.417061 70.411372
902.742393 643.136787 42.333046 70.880852
902.852393 642.552278 42.525310 70.729427
902.350081 642.759878 43.543195 69.388609
903.157988 641.724040 42.677174 70.192082
902.568243 641.696863 43.130986 69.501733
903.300984 641.063496 41.643328 70.276633
903.695595 640.575890 41.343468 70.408424
904.216011 640.600128 40.774712 69.132843
904.019013 640.445618 41.785947 69.045007
904.123282 640.155316 41.751190 69.089086
904.698740 639.529900 40.540600 69.095762
905.332920 638.945571 40.482687 69.152871
905.593590 638.581004 40.522281 68.830033
905.580089 637.945564 41.342334 68.990329
906.374986 637.020021 41.529917 69.342343
907.061949 636.359533 41.307472 69.786727
907.448980 635.674464 42.000591 69.700344
907.998528 634.939774 41.912971 69.663193
908.765762 634.454498 41.876175 69.867569
908.883644 634.447075 41.257286 68.787163
908.843769 633.782914 42.469742 68.475047
909.199627 633.129568 42.639149 68.614321
908.874677 632.016202 43.220288 69.260969
909.319306 630.753828 42.547789 69.459962
909.495519 630.259022 42.866757 68.908860
910.266212 629.007050 42.085258 69.148087
910.411935 627.649910 41.931215 69.627254
910.816599 626.526901 41.501152 69.815307
911.192872 625.649906 41.825868 70.215878
911.858231 625.136125 41.541641 70.037855
912.332803 624.551651 41.318401 69.902206
913.015802 623.698968 41.014775 70.068255
913.780876 623.330382 40.568536 70.197087
915.228882 623.035977 40.003954 69.372460
916.632290 622.771675 39.343118 68.252087
917.799867 622.299002 38.789032 67.260615
919.040849 622.034775 37.922738 67.646052
919.670765 621.186570 38.628556 66.309931
921.243505 620.252154 38.322385 65.262617
921.842118 619.262208 39.970090 65.914768
923.186397 618.427679 40.472601 65.900172
924.347320 618.113655 41.741523 64.149832
925.233257 617.154255 42.225060 64.403369
926.359237 616.492341 42.734010 64.660715
926.880742 616.093803 43.420211 64.617370
927.892594 615.377850 43.897639 64.936806
928.595855 614.533167 44.929033 65.211669
928.871527 613.724240 46.573723 65.569778
930.092293 612.779648 46.080702 66.351320
931.433451 611.507228 45.466091 67.006153
932.040508 609.817323 44.968447 67.983806
932.443384 608.332904 44.879080 68.021339
933.083698 607.450840 44.248306 67.482490
934.037849 606.015686 43.170891 67.691620
934.426371 604.930368 42.912647 67.617352
935.597195 603.663673 41.407636 68.061607
935.753636 601.831675 41.175146 68.616516
936.026728 601.184630 40.967209 68.395380
936.302700 599.487744 40.626082 69.279421
936.363244 599.492878 40.401045 68.443059
936.327181 599.073492 40.138690 68.233221
936.438507 598.899942 39.640769 67.849583
936.306276 598.370256 39.592575 68.461109
936.460612 597.518768 39.277105 68.198858
936.318874 597.148343 39.464279 68.186792
936.055209 597.050690 39.411361 67.268214
935.451370 596.643833 39.834950 67.051739
934.494960 595.714373 40.719204 66.981234
933.633334 595.580190 42.354488 66.611360
933.408571 595.404730 42.206644 66.215683
932.435081 595.122820 43.007891 66.541594
931.991821 594.750622 43.121214 66.901312
930.570081 594.311892 44.403544 67.528939
929.679057 593.809418 44.584988 67.892029
928.699094 593.507207 44.965214 68.658455
928.162948 593.365677 45.040737 68.427463
927.581776 592.949005 44.109040 68.538237
927.077636 592.437853 43.956016 68.195942
926.506165 591.726385 43.459525 68.076770
925.897079 591.015686 42.736832 68.708740
925.275200 590.405889 42.438584 68.667986
924.577690 589.605470 42.019716 68.952652
923.981289 589.228927 41.872655 69.002109
923.709404 588.697097 40.634556 69.301036
923.266461 587.922092 40.257075 69.445947
921.691947 587.616467 40.861406 69.375747
920.720231 587.455736 40.812227 69.097829
919.719569 587.213350 41.133902 69.105574
919.122851 587.082762 40.462016 69.390833
918.311357 586.945589 40.287407 69.874057
917.435287 587.072187 40.141891 69.704906
916.742731 586.777203 40.059234 69.549678
915.426313 586.866604 40.564579 69.624262
914.994143 586.478538 40.285262 70.065738
914.409399 585.995765 40.123050 70.548511
914.411748 585.747761 40.539275 70.222181
914.600283 585.699475 40.639055 69.643305
914.467502 585.334409 41.071306 70.176652
914.928879 585.339186 40.956772 69.687227
915.298975 585.226729 41.030034 69.181704
915.513709 584.984235 40.667697 69.203466
915.437283 584.930686 40.712224 69.150865
915.896808 585.279249 40.319148 68.578082
916.102460 585.231414 40.676329 68.060097
916.691867 584.887879 40.215123 68.895438
916.831388 584.904302 40.414975 68.433395
917.010780 584.627543 40.896214 68.847695
917.127117 584.374643 41.581138 69.346059
917.267734 583.988147 41.406237 69.354645
917.923259 583.723638 41.446184 69.651985
918.495316 583.137382 41.470376 69.827126
918.721847 582.769218 41.955361 69.783714
919.695595 583.215210 40.714485 68.716766
920.287280 582.747938 40.994469 69.545009
921.015813 582.068614 41.118228 69.586797
921.620624 582.059893 41.565448 69.282881
922.356085 582.179165 41.715873 68.188160
923.287300 582.054215 41.286417 68.272687
924.401225 582.169917 40.828039 67.798483
925.184460 582.201546 40.571569 67.425845
926.033601 582.374076 40.277494 67.747731
927.090659 582.879580 39.778383 67.253907
927.594849 582.915127 39.481633 66.972033
928.754551 582.491205 38.705394 67.148585
929.863631 582.266493 38.366922 67.318782
930.562282 582.335675 38.462777 67.696965
931.552667 582.374585 38.044016 67.645832
932.735381 582.312626 38.153479 67.784234
933.821003 582.838465 38.226819 67.451520
934.540500 583.449762 38.393704 67.274869
935.863610 583.633786 38.298282 66.983353
936.948401 584.086065 39.282562 66.399295
938.208820 584.444589 39.367137 66.236265
939.649150 584.876097 39.276063 66.241125
940.584055 585.086854 39.317741 66.753598
941.324326 585.544376 40.129093 66.635428
942.410348 585.525634 40.719853 66.960571
944.058070 586.033429 40.285797 66.445049
945.255748 586.182274 40.996449 66.623573
947.102958 586.775488 40.600886 66.527520
948.645787 587.335806 40.457566 65.910576
949.872363 587.894671 40.487421 65.718945
950.808342 587.957178 41.165519 66.020611
952.236872 588.196686 40.746614 66.720031
953.213799 588.551434 40.531263 66.880197
953.980693 589.188567 41.002811 67.087477
954.799147 589.784895 41.360080 66.573893
955.607949 590.435631 41.842097 65.947015
956.632021 591.161627 42.086894 66.294041
957.462848 591.717916 42.452888 65.808897
957.993416 592.293407 43.120308 65.106592
958.714547 593.284529 43.127233 64.752690
959.352063 593.511817 43.539029 65.621691
959.809539 594.058030 44.138891 65.033987
960.651530 594.528057 43.947184 65.033584
961.445297 595.049761 43.977140 64.615194
962.015615 595.390927 44.739531 64.096525
962.782466 596.024531 44.514590 64.023146
963.164602 595.987469 44.058247 64.279612
963.963774 595.987469 43.136399 64.632999
964.140987 596.095557 42.515216 64.646916
963.802576 595.934617 43.013843 64.868725
964.482494 596.229383 42.197478 64.697235
964.546945 595.525379 41.820203 65.743843
964.468868 595.628466 41.455173 66.437177
964.259294 596.030492 41.213224 66.343656
964.027529 595.808416 42.221012 66.451979
963.963774 595.533153 41.163537 67.058127
963.791142 595.898644 41.299563 66.294196
964.256828 594.781016 40.344604 66.983759
964.743519 594.083318 38.402977 67.955653
964.826503 594.194126 39.295768 67.671666
964.330891 592.834030 38.903129 68.907707
965.125291 593.585428 38.589689 67.573549
964.567227 593.339054 38.147244 67.776410
964.278235 592.234306 37.977577 68.287392
964.045285 592.092966 38.473961 68.310837
964.519615 591.994819 37.083706 67.268785
964.736237 590.513756 36.863342 66.127427
964.697067 588.355978 37.126848 67.105741
964.774483 585.654655 37.452609 69.629372
964.555996 584.934317 37.590492 68.626925
965.040816 584.378177 37.236861 68.293208
965.084072 582.220621 37.387986 67.566545
965.386104 580.604308 37.170244 67.480155
965.430400 578.652833 38.091815 68.458225
965.281601 578.336548 37.526064 66.673290
965.541419 576.824400 37.949985 64.920529
965.519389 574.845528 39.104113 66.480949
966.863650 572.487198 38.805116 67.070405
966.659999 570.193536 40.429480 68.727767
966.473122 569.604930 42.450569 66.649172
967.375994 567.795465 41.236206 66.801375
968.330332 569.814780 38.747113 62.659536
969.811564 564.498647 39.739919 67.281731
969.429049 562.978390 40.012322 66.263565
969.122796 560.504106 41.354128 67.651868
970.453519 558.810686 40.063539 66.392035
972.149233 556.863235 38.287964 66.898098
974.749381 554.295296 35.678793 68.164242
972.754219 551.698857 37.493287 71.024538
972.150514 550.444310 37.949751 66.738298
973.181254 548.805907 35.398534 68.540801
971.415933 545.896667 37.329119 70.817992
971.456256 544.111094 36.711792 70.395316
972.380772 542.303723 35.962339 70.743011
971.502785 541.280539 35.944792 70.365240
970.524817 539.472152 38.406426 68.519788
970.669056 537.706587 38.458577 69.240674
971.102926 536.481066 37.455231 70.357442
969.805033 535.317091 37.361842 69.715765
969.590145 533.154245 37.786474 69.353381
969.324427 531.668277 37.249357 69.577659
968.913586 530.202115 37.720054 69.966376
966.941302 528.497127 38.700323 71.779144
967.921874 528.112011 37.655328 71.361571
966.943559 526.817208 37.748229 70.250952
965.786494 525.632123 37.785115 70.062835
964.942913 524.891554 37.820509 68.762360
963.601730 522.930090 39.594791 70.456030
961.953786 521.474301 39.070896 69.179074
961.049171 520.546437 38.671531 69.554939
959.917886 520.518780 40.252025 68.936862
957.944550 519.397103 41.229190 69.037671
956.197048 517.888600 42.059411 68.680746
955.815205 515.966736 41.833631 67.534692
954.944143 515.266935 41.110863 68.176534
953.125825 513.586363 41.579175 68.104352
951.086974 513.377999 42.511841 67.496913
949.009755 512.345097 43.178113 68.346712
947.184414 511.272428 42.871336 68.916073
946.039032 510.136787 42.697952 68.788872
944.235518 509.234045 43.220455 67.790102
943.596154 508.932179 42.643202 66.414519
941.410049 508.718349 42.541015 67.596239
940.169079 507.488933 42.248088 67.990447
938.453566 505.702717 42.802889 68.345228
937.023429 505.926132 42.620469 65.876344
936.109828 505.954395 42.202441 67.516022
935.506441 505.966624 41.366452 67.956004
934.203718 505.445632 40.326472 69.242167
932.398878 505.327270 41.228359 68.446573
932.462324 504.777205 40.594709 68.802835
932.424590 505.079153 40.387786 67.687993
932.964230 503.383506 39.639660 68.207516
932.662677 503.971308 40.440292 67.743463
933.627438 502.899912 40.195580 69.632818
935.068451 503.803747 39.925533 67.819156
935.199629 503.586145 40.226493 65.443346
935.376972 502.858305 40.783184 66.967677
935.105218 501.845830 41.906231 68.033900
936.195819 502.064098 41.404689 68.161167
936.082028 501.966627 41.604382 68.469810
935.767465 501.859705 42.435583 67.761199
936.338931 501.072163 42.391963 67.580756
937.019045 500.844850 41.427396 64.609943
937.371394 500.045078 40.824923 67.166664
937.727752 499.602731 39.171169 64.537753
936.854179 498.743997 39.748426 66.207596
936.517330 498.127563 39.579089 66.162354
935.916739 497.358720 38.816351 64.530929
934.425401 496.494392 39.493872 67.152210
932.430535 496.388025 41.214449 65.128998
930.711851 495.957439 42.988207 65.269606
929.668690 494.902544 43.027351 66.846960
928.346349 494.562485 43.910116 66.962463
927.479359 494.370978 44.957812 66.867636
927.309036 493.578308 43.586136 67.862579
926.563599 492.713098 44.324173 68.434126
925.312234 492.648095 43.518789 68.880882
924.966323 491.648558 43.707856 70.715369
924.417662 492.111580 43.072006 69.391475
923.865394 490.766992 42.809833 69.517328
923.298396 489.966404 42.269084 70.207586
923.054032 489.308467 42.506383 69.202931
922.909454 488.283791 41.985718 69.449181
922.544052 488.223846 41.480621 68.281799
921.665579 487.844854 41.903351 67.961377
920.446978 487.327272 42.247622 68.446573
919.874862 486.988119 41.925092 69.256303
919.007796 486.258165 41.312173 68.501231
918.901219 486.025080 40.765860 67.117923
916.981447 485.463417 41.961195 67.413766
916.128811 484.563579 41.652436 68.796032
914.539883 483.578438 42.076877 68.084986
912.099418 482.310332 44.039460 67.959654
910.311943 481.544728 43.945656 67.611253
908.670341 481.091148 44.105812 67.059288
907.037449 480.138246 45.008906 68.041417
905.797860 479.641106 44.588419 67.901851
903.886149 478.806384 44.458109 67.445439
901.604736 478.159826 44.629501 66.456401
900.082044 477.395343 44.883651 65.530247
898.469935 476.690381 44.711430 65.060000
897.413396 475.837432 44.024499 66.443218
896.009733 475.094559 44.176252 66.094519
894.523442 474.189596 42.865843 65.423374
893.121715 472.712910 42.434421 64.856597
891.084884 471.305063 42.702109 65.847984
889.257552 470.293789 43.277432 65.377166
887.917047 469.109058 43.768507 66.530668
886.009738 468.189593 43.592095 66.795088
885.053588 467.072156 43.255725 67.357017
883.433509 466.932200 43.596890 67.145997
882.426672 466.044252 43.542971 67.811810
881.215499 465.719002 43.498239 66.380409
880.317710 464.634116 42.601122 66.640693
879.119321 463.868173 42.554004 66.912013
878.481867 462.842906 41.279812 67.225126
877.082405 461.876233 41.002043 67.334128
874.928024 460.398762 41.680028 65.771972
873.011910 459.615288 41.897469 64.785267
870.663844 458.226721 42.223991 66.031431
868.610557 457.182896 42.153775 66.307056
866.018269 456.416829 42.948179 65.455076
864.168189 455.705479 42.933752 66.155622
862.251995 454.823670 43.444456 65.337371
860.166465 454.685244 43.639683 64.693218
857.795013 453.728185 44.125429 65.534287
855.949166 452.999621 43.952100 65.200982
853.618636 452.952280 43.985397 64.457295
851.904874 451.614478 44.101718 65.242520
850.156185 451.121132 43.817036 65.008910
848.379785 451.129008 42.816321 63.569349
846.361466 450.978100 42.680664 63.508283
844.314779 450.387940 43.142319 63.208044
842.529257 449.890728 44.121010 61.880943
841.812467 449.859948 44.956112 61.193149
841.886516 449.441103 45.109644 60.809214
842.278780 449.066983 45.478213 60.449372
843.863435 448.525352 44.493854 60.636610
844.966957 448.106405 44.690509 60.334135
846.533380 447.607007 43.857724 60.656872
847.522874 446.832338 43.709569 61.736051
848.014521 446.060476 43.433347 62.349158
848.484285 445.197193 43.428508 63.011475
849.601686 445.152049 43.585116 61.708300
849.662965 444.578280 43.994801 61.297142
849.800495 443.840853 44.518382 60.752102
849.858828 443.012898 44.935420 61.280390
849.960408 442.734947 45.886503 61.198337
850.703981 442.656006 46.358521 60.606625
852.016515 442.723436 46.662669 60.646002
853.266373 442.096501 47.118290 60.685871
854.761151 441.829252 47.206647 60.644268
857.296215 440.894793 46.885049 61.925055
858.125832 440.598093 48.497188 62.396749
860.067891 440.405113 48.108418 63.682538
860.656815 440.681122 48.603622 64.533722
862.596088 440.992257 48.215686 63.884684
863.740705 441.041289 48.198383 64.402780
866.433486 441.529343 46.466275 63.761350
868.861124 441.142881 45.304122 64.026609
869.494702 440.169855 45.978953 65.042156
871.171557 440.159123 45.428571 63.953046
872.575377 439.701615 44.868326 63.979619
873.458475 439.129025 44.831483 63.846425
873.850806 438.820629 45.379770 64.567280
874.881120 438.789308 44.989696 64.203454
875.125826 439.082182 45.504017 63.734001
876.163504 439.566843 45.042422 63.083332
876.719900 440.029268 45.596055 62.505995
876.761999 440.326836 46.553985 62.422367
876.321791 440.421007 47.328760 61.940887
875.897228 440.082178 48.248023 62.677629
875.730498 439.853350 48.384924 62.394179
875.729144 440.002697 48.357454 61.182366
875.109232 439.438710 49.129488 62.228453
874.484422 439.194189 49.648243 61.566219
873.591332 439.184578 50.257525 61.302879
873.575493 439.101311 50.263588 60.152962
872.934089 438.989954 50.715044 61.232936
872.825768 439.328821 50.656459 61.071101
872.602554 439.725433 50.527267 61.173264
873.564682 439.725433 49.827209 61.089996
873.883631 438.731800 49.894878 62.487473
874.512982 437.709567 50.330258 63.856468
875.344742 437.221124 49.082060 63.979545
875.662018 436.173936 49.009743 65.759648
875.800941 435.598592 49.045799 66.038025
876.922717 435.360642 48.208898 65.950179
877.701221 434.742872 47.610750 66.380096
878.489930 434.114733 47.196071 66.879718
879.284695 433.742858 46.095214 67.450510
880.094476 434.037678 44.600278 67.713069
879.942052 434.865820 44.567247 67.135509
879.869537 435.995331 43.920090 65.965958
878.897075 436.481192 44.227683 66.584704
878.593968 437.363623 44.809892 64.542983
877.515742 437.696043 45.492438 64.088726
876.617882 438.137479 45.978669 64.547570
876.130557 439.252913 46.101835 63.093789
874.674902 439.336693 47.075880 63.072909
873.867550 439.390899 47.075863 63.657045
873.088445 440.128108 47.727124 63.281800
871.405464 440.447108 48.501503 63.292221
869.895156 440.934006 49.544461 63.386520
869.586501 441.523466 48.960802 63.219215
867.964114 442.083802 49.278000 64.392396
867.248481 442.970700 49.253677 64.380108
866.221707 444.095793 49.512251 64.515751
865.586362 445.123929 48.939714 65.003941
864.879914 445.568465 48.984577 65.428619
863.675753 446.058776 49.583885 65.748827
862.685336 446.650166 49.519338 66.884583
861.156375 447.238694 50.174427 66.956417
860.138277 447.285590 50.590507 68.127978
858.687355 447.768628 50.588019 67.538293
857.699571 447.729594 49.814042 68.437713
857.311049 448.224652 48.691445 69.893964
857.034228 448.670633 48.160338 69.415105
856.995422 449.326469 46.862307 67.959522
857.107859 449.724727 45.793252 69.102080
856.605722 450.586701 44.970524 68.935888
855.603236 451.206853 43.109370 68.828698
855.575890 452.691279 41.785027 68.352240
852.934705 453.966424 43.365993 67.544648
850.617730 454.982923 45.242424 67.811536
848.495935 456.546315 46.015497 66.072522
845.934792 457.396004 47.143524 66.249749
843.707547 458.546319 47.942414 64.867757
840.508949 459.100858 48.259904 64.572191
837.931064 461.183095 48.258783 62.337785
833.938098 462.706740 50.159442 62.918949
831.202489 464.466540 50.155696 64.648675
828.278194 465.187894 51.475512 69.013512
826.327177 465.749872 51.169778 66.533084
824.202698 467.039599 50.911337 65.225961
822.027171 468.009030 51.465119 67.100676
819.082262 468.543189 52.912000 65.784988
818.430725 469.751375 51.401796 65.130414
816.916211 470.325188 50.517957 64.520413
815.658474 470.506414 49.387961 66.346166
814.428119 470.717202 49.198759 67.384392
812.748336 470.657067 49.581674 67.571413
811.170255 470.465053 49.163721 68.678448
810.165348 470.116195 48.739994 68.669625
809.441836 469.716722 47.595463 69.900331
808.995417 469.420432 47.262621 69.798594
809.174621 468.658074 45.642130 69.782864
808.087490 468.147714 46.299690 71.189867
808.028826 469.068684 46.631910 70.505706
807.574731 468.115672 45.696758 71.297919
806.813930 468.621880 45.432656 71.162506
806.623081 468.601510 44.860613 70.399932
805.645590 468.674236 45.070016 69.111797
804.619328 467.874622 44.494990 69.548683
804.098558 468.080565 44.255540 70.882929
802.349604 468.099422 45.380357 69.986705
801.469087 468.567133 45.619892 69.607047
801.420282 468.839972 45.626171 69.750042
800.502195 468.626730 46.518955 71.191842
800.914671 468.444669 46.171560 71.232738
801.226807 468.631057 46.171688 70.682802
801.311696 468.930814 45.310362 71.199848
801.167004 468.901529 45.391203 71.403182
801.568779 468.511016 45.607310 72.065595
801.725162 468.285643 45.804226 71.980829
802.615744 468.637962 45.678357 71.870554
803.346702 467.665308 44.756858 73.397357
804.341886 467.655250 44.813550 74.071265
804.090443 467.949205 46.453693 72.444379
804.898899 468.676634 46.272428 71.720663
806.185872 469.036471 45.600998 71.882036
807.160895 468.931779 45.155156 72.541873
808.210865 469.637967 44.311267 72.643241
810.023250 470.407845 43.550039 72.452348
810.358536 471.252763 44.619451 71.533291
811.887279 472.142470 44.394131 72.241460
812.122110 473.080638 44.682575 72.412905
812.951933 473.901705 45.204413 73.145558
813.768576 474.353021 44.857131 73.586160
814.261891 475.724702 44.785633 71.533093
815.012450 475.744152 45.060591 71.697073
815.703606 476.456368 45.275801 70.443623
816.407949 476.975769 44.006938 72.302644
816.615603 478.156493 43.421218 71.525887
816.536160 479.277691 43.982553 69.795000
816.292809 479.320459 44.458168 70.254663
816.318993 480.462193 44.424913 72.262875
815.996347 482.270302 44.361600 69.663473
815.360722 483.160828 45.390255 68.774145
815.244179 484.423949 45.158151 67.395905
815.278070 486.014355 44.508905 66.980620
814.421076 486.716619 44.991543 69.569332
812.831694 486.834250 46.819462 70.226983
812.623615 487.317563 47.385173 71.367943
813.107920 488.483717 47.275851 71.864362
812.671493 489.412206 47.827337 71.708217
813.537644 490.240891 47.603536 71.391874
813.485115 491.436825 47.480919 71.345944
813.350475 492.948905 46.502695 71.434699
812.712518 493.941494 47.202283 71.926723
813.015176 494.979579 47.604261 71.776384
812.286935 494.940480 48.935819 71.889046
812.393082 496.235450 48.977380 71.102817
811.850957 497.019691 49.340151 70.843438
812.579092 496.290242 48.831197 72.432850
812.889331 497.066598 49.203924 72.988912
813.801348 497.187169 48.485756 74.141241
814.445132 497.884538 48.318578 73.664058
815.724089 497.789436 47.346477 73.963099
815.941763 498.089113 47.655710 74.870780
816.418453 499.384282 47.555714 74.270600
817.030740 499.959404 47.287012 74.009838
817.389866 501.805216 47.602500 74.216916
818.575288 503.661585 46.742460 73.265170
819.765314 504.828623 46.455092 74.798768
821.514453 506.257710 45.059790 73.380334
821.849535 507.709242 45.605643 74.080176
823.420450 508.367220 45.379568 74.821635
825.253897 509.660291 44.645942 74.956895
826.625947 511.274387 44.963265 74.097903
827.803351 513.471952 45.619634 73.582153
829.086569 514.819764 46.047381 74.155205
830.381199 516.521817 46.227161 74.068564
831.246767 516.785175 46.603919 75.751666
832.549007 518.417437 46.678371 74.933857
833.578721 519.608545 46.183132 75.057698
834.062118 520.658062 46.449786 75.087203
834.794403 521.854649 46.451340 74.521748
836.063991 523.463109 46.266547 73.938714
835.632497 523.431329 47.094527 75.233387
836.879864 523.938103 46.765122 75.738828
837.804146 524.300675 47.021764 75.936926
840.517286 524.956120 45.967341 75.790611
842.647619 525.479338 45.087731 76.212064
844.276599 526.513708 44.875904 75.811797
845.814488 527.788313 44.624366 75.243711
847.476667 528.742942 44.175616 74.972737
849.663117 530.097691 43.348020 74.480588
850.106455 530.857869 44.739023 74.927351
851.491321 531.817390 45.050261 75.698988
852.778066 533.515866 45.054879 72.822411
854.619790 534.250234 44.624689 73.563774
856.233164 534.783772 44.154457 74.748126
857.495408 536.483730 45.772275 71.808883
858.234835 537.820217 47.481708 72.136688
859.180425 538.813270 49.028565 72.349540
860.897909 539.948151 49.196038 71.408052
862.919439 541.796219 49.212511 70.471906
864.071169 542.382151 51.075221 69.998425
865.700440 544.028188 52.271192 69.341470
866.843323 545.390457 54.566175 69.382745
867.898150 546.949908 57.722755 68.773346
869.322010 548.585772 60.571556 67.540745
870.927895 550.113827 62.512037 67.034184
871.148970 551.738001 65.605152 66.113097
873.082320 553.091950 67.029243 65.416062
874.594704 556.128872 68.536811 63.457094
876.659237 557.962253 68.992448 62.216863
878.140101 560.578385 69.572435 61.792517
880.511558 562.298584 68.272240 62.241670
882.186779 564.059415 66.879119 61.686285
884.544929 565.715981 64.956050 61.696125
886.766898 566.162641 63.170675 63.102575
888.122230 566.102159 61.674022 64.910917
890.244745 565.958146 60.468373 67.040753
891.612488 565.758693 59.243347 69.210510
893.330766 565.496577 58.121813 70.147645
895.183293 564.953455 56.861204 71.194056
896.699420 565.571093 56.282440 71.038631
897.824254 565.687212 55.587106 71.602984
899.701158 565.604874 54.834488 73.050120
900.337533 565.423235 54.800197 73.986799
901.567222 564.887109 54.455628 74.582234
902.706262 564.059866 54.292531 75.191799
903.612795 563.932807 53.812370 75.288852
905.021409 563.320510 52.419359 76.249769
905.761646 563.174279 51.604608 76.866609
905.962497 562.833600 51.506060 77.033848
906.334498 563.481435 51.250493 77.088157
906.648192 563.446689 52.566006 77.594173
906.853401 563.392000 51.887373 78.034916
907.480260 564.078002 50.889686 78.145494
908.435519 564.638758 50.798327 77.154236
909.097569 564.034999 51.130336 77.479789
909.477418 563.970886 51.299975 77.396939
909.619801 563.461698 50.276336 77.720501
909.668629 562.354379 50.476777 78.624554
910.035410 561.754211 50.569661 77.927324
911.969706 560.972695 50.371273 77.326631
912.509077 559.487601 50.500968 78.325108
912.918522 558.753254 50.804258 77.436614
913.608284 557.573290 51.527138 78.219921
914.301148 556.524336 50.643581 80.313782
914.152681 556.030012 51.597840 80.536348
914.929274 555.358576 51.450497 78.485725
914.617486 554.661863 52.224742 79.052856
914.548818 553.736861 52.348255 79.637897
914.220846 553.128939 53.084530 78.439657
913.677834 551.376138 53.908078 78.902771
914.022495 550.952232 53.038311 78.203242
915.516181 550.396518 50.742242 78.256315
915.949570 549.862608 50.203901 78.042065
915.918550 548.926266 49.396249 78.463273
915.422761 548.391357 49.685385 78.384208
914.918610 547.354398 49.445604 78.922886
914.577535 545.773645 49.198173 78.539419
913.486293 544.818769 49.998396 78.882159
912.362209 543.820576 49.859257 79.102245
912.133397 543.395117 48.359516 81.092006
911.873887 542.115697 47.352861 81.303646
911.331944 542.115182 46.404973 77.965468
909.930259 542.251758 45.762590 75.701422
908.742920 542.109436 45.073411 74.551084
907.435803 540.337566 45.143778 74.008614
904.927352 540.546870 45.762337 73.223508
901.912839 540.151192 47.486872 72.793944
899.039484 539.465934 48.903874 73.607941
897.032809 539.339881 49.227562 73.813484
894.321619 539.160392 50.298059 72.009979
891.871426 538.389744 52.000856 72.383967
889.513159 538.148345 52.478891 73.207120
887.359819 537.379001 52.988494 74.667669
885.903748 537.076991 53.110849 74.203613
883.668971 535.744838 53.719910 73.663417
882.040096 534.209682 53.516910 74.576378
880.294007 532.909354 53.914890 74.185239
877.792933 531.572995 54.706799 74.666114
875.982071 529.560913 54.566261 75.682101
874.445699 528.285253 53.262257 75.813990
873.580967 526.862592 52.300366 76.534103
872.401354 525.542577 52.582895 76.756731
871.110703 524.100751 51.494276 76.322206
869.510088 522.955165 51.534014 75.982579
868.505790 521.337193 50.102853 76.132132
868.031636 520.462313 49.475011 76.844537
866.935632 519.350136 49.191671 76.876329
865.999682 518.939029 48.885806 77.215091
865.535538 518.435642 48.296438 76.688610
864.702045 517.981878 47.106560 75.953566
863.289670 517.309044 47.342350 74.956047
860.718627 517.081850 47.917766 73.888031
857.376854 516.607184 49.108668 75.030830
854.693269 516.210482 49.981027 73.275197
850.911516 515.740948 52.373060 71.498054
849.741595 515.290220 52.859873 71.507677
847.438931 514.988645 54.158831 70.447375
845.637404 513.743410 54.364626 69.909885
843.100675 511.792625 55.497100 71.568748
842.040082 511.361131 55.062780 70.293257
840.219915 510.393633 55.179415 70.302817
838.999548 508.999187 55.446890 71.030611
837.408719 508.449709 55.598671 70.691735
835.645304 507.458412 56.664783 71.815791
834.255017 507.218638 57.165864 71.283965
832.942667 506.137485 57.239784 72.435891
832.520624 505.401068 57.328026 72.412402
832.720394 504.610799 55.463655 72.590378
832.069384 503.017014 55.573820 74.603257
832.385600 502.648125 54.373147 73.731546
831.973184 501.356710 53.841336 74.110354
831.754839 500.356725 53.718654 74.503468
831.902299 498.780856 54.031546 75.403017
832.057734 497.426294 54.185942 74.713895
832.095163 496.112140 55.170863 74.850557
833.127304 494.043990 53.961549 75.622410
834.152274 491.524337 52.883087 77.115353
835.220896 489.970604 52.269662 77.026930
836.070309 487.546617 52.747386 78.515215
836.516468 485.891622 53.001721 77.964442
837.179604 484.463027 52.795252 77.787659
838.717902 482.958158 52.405877 79.649814
840.770220 481.916647 50.904354 78.857147
841.698547 480.689938 50.981978 78.156633
843.843777 479.727083 50.263458 78.739042
845.119089 478.560191 49.949241 78.919282
846.263485 477.143139 50.182609 79.410877
846.963222 475.910847 50.511784 78.677587
848.350975 474.736547 50.057970 78.796726
849.409703 473.254790 50.143724 77.825853
850.499110 471.265215 49.202874 78.400731
850.569249 469.868738 50.125227 78.369470
850.852824 467.295306 50.643337 78.422792
851.782957 464.805379 50.597175 79.065243
852.217006 462.628740 50.727700 79.625741
852.469178 461.813084 51.256273 78.716153
852.503802 459.515297 51.824991 79.109932
852.255892 458.601232 53.202751 79.778217
852.555749 456.877762 53.710375 79.509109
853.088421 455.721837 53.750032 80.369062
853.390158 454.751334 52.329327 79.638255
854.488031 452.934583 52.386056 80.517650
855.082000 451.561974 51.860433 80.082402
855.398714 450.833466 52.662455 79.732591
856.457380 449.666541 51.610862 79.144765
857.180094 448.157195 51.439533 79.541749
857.904196 446.764380 51.334037 79.150294
859.075329 444.223557 51.001461 80.268563
859.977990 442.651368 50.801793 80.206686
860.918184 440.622703 50.920205 80.123173
862.449400 438.651385 50.624135 80.960013
864.821323 436.790471 49.646673 81.203886
865.866285 435.335047 49.505346 81.390154
867.070529 433.706699 49.805183 82.245682
868.942484 432.645707 48.722272 81.881291
870.277262 431.684331 48.639723 82.695203
872.378717 429.825388 47.468596 84.799962
874.104705 428.563454 47.073723 82.850895
874.480356 427.625002 48.190524 82.366064
876.013861 425.916829 48.219041 82.272801
876.610023 424.677742 48.533665 82.543849
877.299447 424.167558 48.674177 82.131147
878.069774 423.367516 48.009186 81.700116
878.871654 421.972002 47.188439 82.518884
879.679075 420.856672 46.515085 82.827491
880.456019 419.910148 46.340666 82.160668
880.525280 418.864427 46.878994 82.353294
880.406674 418.152206 48.465221 81.379471
880.698589 417.115717 49.592950 81.798831
880.737467 416.078413 50.896279 82.372602
881.360815 415.102028 50.907731 82.027301
882.832885 414.249187 49.427812 83.018337
884.056387 414.133022 49.854297 82.636549
885.440517 413.563346 49.514923 82.774915
886.728633 413.217738 49.810991 82.159596
888.507221 412.620669 48.712735 81.748135
890.277270 411.454600 47.942535 82.459940
892.338229 410.281474 47.566339 82.671708
894.075516 409.310364 47.579007 82.642808
895.546950 408.770116 47.965092 81.797931
897.291865 407.856693 48.172751 81.071436
898.984733 407.344222 48.817678 81.954033
901.171087 407.970808 47.457551 81.377784
902.728885 406.876152 47.634141 82.096517
904.342807 407.277098 48.181675 81.559890
906.015774 406.628739 48.400666 82.210498
908.839336 407.624061 46.789312 81.837826
910.461927 407.669930 47.404490 81.948531
912.142581 407.856504 47.598548 81.574603
913.676605 407.118110 48.327689 81.372662
915.661484 406.572064 48.250901 82.073415
917.233404 406.840885 48.606272 80.612119
918.931985 407.548184 47.997703 80.465187
920.728911 407.170349 47.571188 80.038730
922.164562 406.097569 48.100711 80.732387
923.928352 406.207556 47.679897 80.512355
925.332370 406.409270 47.449451 81.114318
926.833300 406.670623 47.498243 80.931541
928.513921 406.780747 47.580629 80.821417
929.896069 407.051312 47.311910 81.394793
930.948784 407.835687 47.722005 81.308618
932.624171 408.808457 47.550643 80.219244
933.901533 409.714600 47.740069 80.692191
935.522935 410.054626 47.558501 80.547530
937.001353 410.666794 47.390340 80.503832
938.326207 410.712585 47.746617 80.523638
939.843388 411.385288 47.640888 80.205044
941.034999 411.970363 47.821254 80.451557
942.158627 411.550070 47.700524 80.441744
943.405221 411.872211 48.332868 80.728960
944.693630 412.097248 48.331094 80.622650
946.228682 412.618298 48.452242 79.718960
948.053828 413.436114 48.512714 79.316910
948.660924 415.005127 50.411150 78.320557
950.070352 416.430406 50.329183 77.595983
951.255824 417.262756 51.058977 77.681248
952.071961 417.656138 50.997617 77.761916
953.257089 418.579233 51.217802 77.834381
954.395026 419.372426 51.355223 78.424292
955.774306 419.657422 50.629669 79.218531
956.746680 419.988731 50.924647 79.117362
958.069893 420.285277 50.902351 78.861898
958.930443 420.453178 51.377269 79.042099
960.705075 420.148963 51.116413 79.268524
961.338921 419.474652 51.303503 81.021664
962.441020 419.870242 50.904459 81.161346
963.653570 420.466584 50.234861 81.028161
965.260380 421.199127 49.450995 80.914692
966.251069 422.338670 49.730570 80.587637
967.045551 423.815731 49.729261 79.953880
967.934017 423.964323 49.815207 80.410874
968.689897 424.882200 49.370583 80.458436
969.732941 425.426170 49.479236 81.785955
970.507431 426.876928 49.232202 80.464158
972.185512 427.263838 48.922019 80.808692
974.870948 428.209566 47.187226 80.204186
977.063651 429.314596 45.935878 79.889727
979.465211 430.196188 45.241587 78.877398
981.079233 431.677922 46.173827 77.794383
982.226068 433.037214 47.959985 77.171809
984.798845 435.048901 48.378037 76.744469
986.330445 436.850272 49.589156 75.404540
988.384932 438.588986 50.569550 74.075853
990.229576 440.473594 51.635179 74.832216
991.878899 442.873492 52.644679 73.237518
993.041154 443.811533 54.051610 74.539981
994.162377 445.955152 55.934315 72.716649
995.989424 447.617259 55.950272 70.749338
997.530495 449.557850 57.128469 70.479554
999.874599 451.769618 58.064540 68.448015
1001.915860 454.254165 58.984850 66.782746
1003.960755 456.300699 60.523066 66.051195
1006.322023 458.064780 61.014548 66.066834
1009.012215 459.398854 59.986317 65.839149
1011.002504 461.461868 60.028198 65.702521
1012.821849 462.289328 60.123667 66.688708
1014.750045 463.858442 59.855635 67.150474
1016.832916 466.571948 59.229328 66.823188
1018.541997 468.449969 60.417291 66.586952
1019.925298 470.378389 61.203398 66.582563
1020.924180 472.264419 62.813477 66.926413
1022.559279 474.368534 64.565339 66.699716
1022.679502 476.555029 66.281585 66.689360
1023.885671 478.708163 67.417408 66.403076
1024.533215 480.032131 69.281434 65.670894
1024.501062 482.910150 70.901997 66.070040
1025.129537 485.473396 72.924119 64.538912
1025.403382 487.630612 74.514450 64.229161
1026.099713 490.261952 75.251215 63.878555
1027.099699 492.192769 75.514705 64.110963
1028.022636 495.095160 75.032214 63.469438
1028.464759 498.554024 74.964060 62.870298
1028.472666 501.363565 75.089140 62.848434
1028.435120 505.065039 75.380612 61.806384
1028.846787 508.041504 74.765650 62.029321
1028.707292 510.998616 73.886691 61.965466
1028.676778 513.059637 72.130116 62.785784
1028.166099 515.822837 70.688041 63.445791
1027.718222 518.465803 69.126090 63.916565
1026.984230 521.083035 66.931381 64.428676
1026.349764 523.725370 64.770839 63.892944
1025.138429 526.255009 62.958369 64.023941
1023.565034 527.679713 61.418019 64.803216
1021.866985 529.741892 61.287966 65.001812
1019.823373 530.727574 61.699649 65.808466
1017.669669 531.872201 60.449786 67.014675
1015.068054 532.719622 60.199611 67.577985
1011.980015 533.702925 60.555769 68.091679
1009.337369 534.987401 59.993983 68.585961
1005.810772 536.380771 59.869544 69.590873
1003.127883 538.127920 59.818459 69.259004
1000.475567 539.797856 59.768133 69.671480
998.073482 541.598090 58.991573 69.824873
995.569758 543.962259 58.891190 70.150619
993.442633 545.502915 58.547417 70.702862
991.565023 547.374386 58.103634 70.265313
989.149709 547.805363 58.073677 71.958593
986.787626 550.270815 57.531722 71.703471
984.928451 551.767871 56.973857 72.041541
983.048504 552.204307 56.824686 73.144129
981.053394 553.642234 56.847356 73.072915
979.053374 554.351403 56.818091 74.587571
976.980069 556.375117 56.595382 73.971535
975.569001 558.797120 56.465387 73.127827
974.102490 560.461743 56.080613 73.579386
972.944494 561.994656 56.568633 74.614688
971.803041 563.172634 56.182162 75.098596
971.541947 564.562497 55.698783 74.784162
970.685105 565.663882 55.768189 75.110291
969.709692 566.578783 56.137606 75.466714
970.152913 567.534503 55.147874 75.992507
969.758359 568.628705 55.269486 76.477414
968.860836 569.534888 55.563596 76.992106
967.843822 570.556464 55.735798 76.733299
966.541678 571.251069 55.596258 77.383148
965.346856 572.148652 54.892625 77.909239
964.067780 572.579768 54.865613 79.021532
962.944268 572.708151 54.634613 80.159170
960.857876 574.160490 55.170850 79.696252
959.841720 574.949060 54.169259 80.025842
957.944262 576.160468 53.792104 80.368730
955.980589 577.115104 53.669570 80.839569
953.932406 576.528345 52.814852 81.912706
952.267867 577.551579 51.562558 82.071966
950.016861 577.704266 50.685625 82.477853
947.867353 578.815502 50.357473 81.886800
946.143656 579.493869 50.017583 82.346675
943.935104 580.629961 50.119485 81.811866
941.781248 580.805721 49.900942 82.795332
939.747577 581.319107 50.052764 82.542058
938.818003 581.245957 49.036052 83.714695
937.677234 583.574661 48.446542 82.207276
936.403152 583.594795 48.640508 82.832940
935.339370 584.320621 48.238316 82.542196
934.571275 585.129264 47.931978 82.890292
933.307674 585.848895 48.575187 83.408927
931.610077 587.846703 49.197459 82.677192
930.398698 588.652513 49.147170 82.369095
930.414722 589.320630 48.432754 82.304723
930.180117 590.470302 48.871248 81.730992
930.804455 592.378280 48.970319 80.839758
934.152026 590.625020 45.599532 82.673156
929.962376 592.094029 49.579825 81.287388
931.299412 594.325718 49.445432 80.023502
931.309130 592.084990 49.194176 83.019898
930.518563 592.554819 50.041213 83.086045
930.082048 592.505300 50.495229 83.594819
931.172787 594.185424 48.113966 81.764408
929.972713 594.854828 50.176867 81.062093
931.156291 593.737194 48.570110 83.388103
930.731212 593.906150 48.239654 85.594382
930.492207 595.078815 48.438132 83.419637
930.597714 594.237635 49.077564 84.466771
928.881795 596.136937 50.607580 81.038805
928.463513 595.534754 51.913358 84.125838
928.732929 597.058673 51.466291 82.392769
928.153980 597.757625 52.278344 83.474615
929.230797 598.069838 50.887142 82.336245
929.650484 598.785146 49.866144 85.257123
930.189419 598.932953 50.461181 86.253277
930.306312 599.774791 50.210226 84.532049
931.308031 599.911657 49.363999 83.268431
930.801164 599.735105 50.011822 77.116071
931.385846 601.417505 50.173845 80.388720
931.985742 602.195053 49.732159 82.223654
931.929217 603.669652 49.222368 82.083914
931.585411 604.140393 49.955145 83.946779
931.811338 605.678615 49.982509 83.181733
931.605069 606.721868 50.086546 83.116694
932.288917 607.943797 48.834161 82.176878
932.215363 609.392795 48.594475 80.799700
932.584719 610.946114 47.691280 80.219967
932.272731 612.149737 47.442423 78.976571
930.780226 610.385764 48.323255 81.870882
931.159604 611.431942 47.877188 81.230685
930.678476 611.743930 47.600116 81.393496
929.476530 614.392643 47.750216 79.602595
927.926547 614.598229 49.824767 79.517772
927.258896 617.965195 49.622418 77.493933
926.622309 621.842881 50.617135 73.954289
925.696634 613.835699 49.491012 81.733182
925.152697 613.947053 49.908484 81.433017
923.656578 614.817421 51.657623 81.416821
923.284790 614.471555 52.129278 82.622264
922.617397 617.118500 51.866509 80.684801
921.961348 615.716972 53.484294 83.547907
921.666380 615.728630 53.284586 80.639802
921.454920 615.678623 51.512962 84.737203
920.993152 616.491251 51.683258 84.241081
921.010411 616.116575 53.442060 84.817865
921.578084 617.466101 52.715936 83.716413
920.996979 618.546385 51.355795 80.599615
921.097105 618.954140 51.260722 73.177646
921.386818 618.290883 50.929315 77.403905
921.254812 620.682598 50.701313 79.797110
921.774837 622.441889 50.142521 80.671769
921.965917 621.052860 51.214014 82.400401
921.893795 621.430484 50.883859 82.505511
922.175463 622.818561 49.331837 79.773689
922.054298 625.843895 49.357677 77.068208
923.223543 624.325150 46.823029 81.715058
923.935875 626.499189 43.621901 80.585202
923.240438 625.834277 44.568939 82.279721
923.867675 630.708978 43.760194 77.529010
923.726436 630.807299 44.541541 77.886012
922.055475 631.255049 45.530504 77.760841
920.902817 630.927299 46.157335 76.985047
920.144241 630.251055 46.542200 79.766099
920.909077 634.244878 44.439230 76.540128
922.499989 634.584409 41.747142 73.300913
914.866048 633.877268 50.067685 75.021043
911.987963 634.750515 50.712686 77.004855
911.229640 634.034999 50.034101 77.442627
907.831953 636.995222 53.271999 75.102923
905.423062 633.437801 54.278987 82.085775
903.925455 632.805496 55.445574 85.107573
903.325802 633.136222 54.621039 86.166842
902.695963 634.870821 53.783197 83.847109
901.552389 635.235354 52.940753 79.225409
900.580003 634.899928 53.650080 80.573222
900.857408 634.519580 51.678255 75.677210
900.990526 633.390552 51.246169 75.890934
900.275522 631.748415 54.222135 80.764331
901.580628 632.144846 51.941235 80.751280
902.646102 631.535203 50.968086 83.215598
904.078165 630.076729 49.744497 86.240737
905.033668 629.570893 49.484125 81.307282
906.305854 628.454301 49.196042 81.423928
906.782565 628.662686 50.263964 77.720642
907.376569 627.628760 51.218436 80.016856
908.513851 627.587431 50.731568 80.520959
910.422289 626.752669 48.676940 76.865929
911.273167 627.240547 48.240194 77.266905
911.867268 627.643823 48.351980 79.115981
913.167664 628.061576 48.994219 80.618321
913.816723 627.744977 48.910170 79.940512
914.828786 628.407687 48.381213 78.633189
916.215379 627.639563 47.631662 78.113802
916.927453 626.460012 45.757284 78.343316
917.612316 625.824770 47.046698 79.084724
915.967714 624.910494 48.837576 79.503921
916.416907 624.271966 49.253871 77.747580
916.486109 622.913937 50.115003 79.379127
915.475471 621.875690 50.832938 78.141536
913.153076 621.623283 53.312506 77.558926
912.816526 620.660233 53.426075 77.527923
913.995634 621.306228 51.989561 76.551835
912.519301 621.460393 54.419678 74.723475
912.215014 620.527643 54.662363 76.079690
911.851270 618.714507 55.425628 78.896878
911.712747 618.253093 56.784276 77.645687
911.117700 617.896007 57.484830 77.643480
911.840038 617.665451 56.087388 77.345169
911.586596 617.248143 57.271185 77.138712
912.047982 615.981801 56.287492 78.557696
912.323811 613.819889 55.443285 80.252463
912.760324 611.627263 55.141996 82.392785
913.366971 611.333247 53.905800 82.473199
913.914012 610.289919 53.964593 84.240932
914.866816 608.843891 53.482636 84.372228
915.156401 606.841630 51.859042 87.222991
915.567640 606.408206 51.930071 85.261721
915.435409 605.668724 50.971093 84.117999
916.497712 604.437385 49.986210 86.116892
917.236071 604.591822 50.094174 83.388750
917.452820 604.246845 50.153004 81.575804
917.461883 603.335749 49.551162 81.306005
917.719393 602.566430 49.084862 80.623199
917.639194 602.107132 48.669503 80.769187
917.728156 600.976343 48.552840 80.339560
917.499048 600.282672 48.266809 79.607987
916.329251 599.515302 48.763122 79.822850
916.348088 598.353384 48.445001 80.374221
915.352438 597.231383 48.923501 80.272349
914.133334 595.489978 49.637150 80.601223
913.345436 594.477915 50.657700 79.948999
912.426311 593.617916 50.957860 79.884407
911.757402 593.442216 50.934346 78.942169
910.892462 592.634822 51.655850 78.843363
909.712660 591.930847 52.459463 78.692974
908.724101 590.891620 52.388072 80.944821
908.021655 590.971446 52.321851 81.517702
907.356952 590.477979 51.900282 80.002122
906.384236 589.805718 52.118683 80.332666
905.622048 589.040412 52.108926 81.521912
905.290358 588.534696 52.053167 79.869948
905.416449 587.722254 51.803555 80.301229
905.155214 586.700808 52.035871 80.614904
904.752775 586.164336 52.473073 80.530297
904.947781 584.419926 52.307421 81.863318
905.670187 583.447552 52.085208 82.085576
906.295994 582.687319 51.253529 82.533583
906.766689 581.583348 49.694540 83.431421
907.575973 580.718891 48.940706 85.295299
907.668976 580.235591 49.103026 84.969828
907.847063 579.432112 49.634825 85.320772
907.928679 579.063995 50.062952 84.088010
908.284716 578.462650 50.134712 84.602081
908.279457 578.670584 50.427579 83.425317
908.578590 578.857291 50.592786 83.264990
909.791187 577.844332 49.816235 83.627316
909.994932 578.442544 49.639486 82.401072
910.563771 578.033433 48.894447 82.551814
910.740918 577.518666 48.577639 82.784379
910.534071 577.021951 48.313442 82.202279
910.632328 576.877014 47.281214 80.960371
910.769400 576.048638 47.241865 80.782697
909.731006 575.968247 47.478486 80.099286
909.331022 575.069545 47.319777 80.608660
907.326294 575.627820 48.400269 78.986882
905.962805 575.875157 49.284354 79.450527
903.728270 576.392495 50.922159 78.318705
902.331331 576.871382 51.317696 77.595919
900.369425 576.796541 52.434748 77.353504
898.181963 577.286393 53.817200 77.027554
897.756668 578.054661 53.322409 75.306166
896.936221 578.224129 53.231759 74.889200
895.796598 577.686901 54.301098 75.646255
895.258419 577.853087 54.985288 75.453827
894.466263 577.182349 55.478902 76.644590
894.261017 576.858620 56.158986 76.690746
894.264671 576.370559 55.362983 77.500809
894.401135 575.467178 54.744817 78.937203
895.256960 574.733514 53.166093 79.774789
895.883028 574.329088 53.083230 79.877169
895.956349 573.498600 52.370341 82.069188
896.169761 573.472405 51.566420 83.562156
896.516106 573.080560 51.161827 82.798661
896.338595 571.608645 50.649606 85.264810
897.030640 571.627281 50.054618 85.178104
897.450711 571.993463 49.951655 84.149649
897.578591 571.992751 49.580211 84.343530
897.079367 573.069110 49.804041 82.429346
896.761384 572.906148 50.256471 82.706237
896.801222 572.675096 49.701575 82.631851
896.670711 573.152154 49.605454 82.391727
895.928371 573.386666 49.647876 82.225719
895.430352 573.526855 49.170180 84.037460
894.677254 573.991366 49.129659 82.733884
893.578368 574.348407 48.849820 81.922392
891.757394 575.257529 49.637148 80.505942
889.716808 574.111461 49.945163 81.648861
887.608982 575.226266 50.487396 79.992458
885.987476 576.639992 50.380008 78.658716
883.074492 577.864336 51.848353 76.839095
881.295312 578.937000 53.370169 76.179142
879.391811 579.851734 53.666342 76.605584
877.315540 580.750770 55.034747 76.940534
875.747933 582.229422 54.641985 76.815979
873.913548 583.827548 55.436789 76.087825
872.112700 584.938420 55.799653 74.633587
870.758855 585.712916 55.772464 74.313158
869.127652 586.369526 55.944678 74.136903
867.368203 587.045403 55.885616 73.948568
865.990652 588.710903 55.851604 72.110021
864.632847 588.746177 55.794451 73.279616
862.561720 589.189495 56.633666 73.243520
862.175698 589.598556 56.601363 74.137241
861.311759 590.069593 57.720777 74.808011
859.258457 590.633216 59.123333 76.466110
858.193129 591.123815 57.282125 77.199479
856.059696 592.660809 57.058846 77.194377
855.155800 593.428608 56.593613 78.075065
855.351828 594.197433 55.843009 78.642714
854.708451 595.325325 55.403209 78.645277
854.865454 596.117891 54.177810 79.599242
855.190716 596.601132 52.479775 80.936978
854.641843 597.386179 51.753133 81.151925
853.588580 598.251238 52.246481 81.253069
853.122835 598.718742 51.962453 82.403560
852.324921 599.613720 52.178746 81.933408
851.182021 599.612127 52.496878 82.342554
849.978935 600.598526 53.764265 82.169703
848.778561 601.529456 54.710032 82.729592
847.794187 602.425066 55.448028 83.516617
847.343792 603.791992 54.004052 82.926785
846.147166 604.883040 55.163711 82.666206
845.399765 605.809295 54.729904 82.927948
844.615829 606.972720 55.748515 83.544696
844.059370 608.691035 55.794576 82.394553
843.510569 609.108842 56.351800 82.915503
843.273090 610.256773 55.796125 82.828825
843.431649 611.791994 55.007998 82.600231
842.971164 612.645116 54.997725 83.419519
843.201379 613.332347 53.972064 84.801293
842.498933 614.287943 53.804442 83.860448
842.542651 615.259161 52.861592 83.314995
842.689688 616.800123 52.299961 82.581088
842.020723 617.981779 52.031690 81.826374
840.987810 619.654672 51.784174 78.661891
840.291840 620.325715 50.783500 78.511672
839.009920 620.955062 51.267961 78.995545
837.031486 622.596666 52.437737 78.048223
835.486526 624.208529 52.826797 76.801349
833.330205 625.395396 54.261249 76.045461
831.440341 627.584571 55.267610 74.863913
829.336332 629.197785 55.981766 73.490949
828.360986 630.506508 56.487109 74.134585
827.167268 631.663894 56.240162 74.362184
825.515122 633.304903 56.463343 74.422027
824.217653 634.164991 55.923965 74.998780
822.453814 635.368148 56.034369 74.191214
820.448343 636.351412 56.599060 74.662386
818.585267 637.165005 56.656993 75.315687
816.811435 637.961468 56.931485 75.232440
814.465227 638.896365 57.662186 74.429410
813.460470 639.846949 57.534254 74.590540
812.741146 640.596626 57.253983 75.808262
812.812236 641.169020 56.531194 76.730157
811.281856 641.915717 57.554765 76.906934
811.006722 642.756048 57.909020 76.969761
809.943785 643.763090 58.502972 77.843037
809.388248 644.638311 58.385395 78.263774
808.694843 645.430337 57.990196 78.727333
808.463978 646.063082 57.839740 79.133731
808.007577 646.314922 58.024719 79.567887
807.997979 646.778845 57.168452 80.186282
807.492591 646.863853 56.947859 80.744756
807.071597 646.972730 57.125999 81.151516
807.334177 646.332338 56.622223 82.882076
807.414326 646.780977 56.495361 82.697295
807.414326 647.147833 56.747543 83.367770
808.012849 647.469849 56.386388 83.387816
808.336894 647.329807 55.331077 84.040135
808.059471 648.539776 55.639457 83.545822
808.510869 648.807847 54.805641 83.497263
808.670864 648.543620 54.493445 84.580628
809.173970 648.978620 54.604720 84.681877
809.841511 649.443804 53.951084 85.400726
810.831443 650.380351 53.083850 83.731181
811.264711 651.333621 52.538787 82.649632
811.089422 651.420339 52.831479 82.682877
811.764501 651.401493 52.245546 82.009133
811.701927 651.021878 51.935637 82.222760
811.381493 650.680453 52.109331 83.712047
811.595613 651.029970 51.358784 84.290250
811.201193 651.030654 50.854272 82.576152
809.790075 649.985820 51.958893 82.761511
808.989970 649.904092 52.513697 81.873982
808.009580 649.932122 53.716315 80.871032
807.372617 649.872697 53.803190 81.458004
806.840030 649.392315 54.468576 81.565173
806.446698 648.975831 53.952687 81.652325
806.127285 648.316197 54.294687 82.645254
805.886283 648.125447 54.818061 83.470632
805.650589 647.625213 54.613236 85.923931
805.517401 647.700630 54.576232 84.143631
805.362782 646.928684 54.893087 83.538051
805.328269 646.453544 54.471648 82.921258
805.732749 645.732070 54.460899 82.130466
806.559920 643.787156 54.278940 84.237108
807.273068 643.425795 53.678329 84.277901
808.234553 642.318874 53.590714 84.855334
809.516156 641.230239 53.138892 86.039051
811.587429 641.244205 51.505559 85.230894
812.450726 640.490454 51.806418 85.331946
813.255212 639.711972 51.553358 85.241255
814.163396 639.635300 52.384438 85.321204
815.298148 639.180069 53.447356 85.312668
817.032587 638.870800 52.262656 85.069307
818.370985 638.427702 51.797045 84.929240
819.675504 638.247434 50.699430 85.117264
820.881108 638.235278 49.886120 84.249871
821.674811 638.647411 49.911375 84.480526
822.591597 638.104601 50.156561 83.851384
823.895765 637.058667 49.307181 83.098212
824.061371 636.597897 49.604353 83.354004
824.186991 635.470681 50.166937 83.521660
825.346071 635.817886 49.261324 82.252911
825.597749 635.250152 50.290718 81.506558
825.405874 634.563108 50.912635 82.198944
825.820436 635.058321 50.927356 81.865328
825.645128 634.220614 51.998107 83.759881
825.302488 634.656141 53.403659 81.989984
825.194142 634.699481 53.833919 80.094423
824.611813 634.138318 55.439446 81.027877
825.052734 633.816214 56.430750 80.190294
825.348436 633.554383 57.027626 79.941841
826.658236 633.072081 56.463185 79.874395
827.139237 632.278198 57.460770 81.075352
827.625619 631.852117 57.344949 81.377955
829.502338 630.978637 57.020592 81.267240
830.907245 630.051102 56.478580 81.221282
832.498025 628.616525 55.580913 82.402356
833.336722 628.444282 55.525625 81.258850
835.011467 626.198859 55.173431 83.944500
836.769169 625.626546 54.646357 82.775933
837.757513 624.674320 54.502487 82.815875
840.039758 624.235336 53.024380 82.727886
841.074194 623.453125 54.022938 81.985741
842.390063 622.975819 54.079849 82.556959
843.821985 622.522226 54.204300 81.752930
845.074207 622.258007 54.053881 80.787153
846.698682 621.167391 52.998453 83.095513
848.150088 621.032432 52.254352 83.901999
849.811020 620.742938 51.795247 83.456091
850.736523 619.877054 51.206825 83.276545
851.664075 618.784413 51.084122 83.656635
852.157266 618.476192 51.025871 81.405310
852.054221 618.291297 51.807598 78.156882
851.991021 617.474643 52.346715 78.389629
853.111188 617.009216 53.023055 78.929121
851.944773 616.192652 54.705238 78.806449
852.517784 615.438435 54.536474 78.851242
852.559161 615.224129 54.967509 79.399527
853.110768 615.144814 54.974190 79.157386
852.743313 615.168605 55.596284 78.220981
852.712730 615.027192 56.197866 78.365988
852.955675 614.682993 56.164916 78.696006
851.857876 614.361064 57.094113 77.913754
851.096972 614.090952 58.024873 77.825629
850.147708 613.552822 58.855716 77.137816
850.705714 612.692086 58.034841 78.014160
850.737179 611.916140 57.231931 78.064799
850.477191 610.901992 57.864406 78.855605
850.431284 609.528570 57.746339 79.355636
850.304135 608.326030 58.425771 80.253005
851.166475 607.489905 57.122034 79.756180
851.186641 606.326031 55.550198 80.518731
851.619021 605.982033 55.850907 79.600724
852.116854 605.020981 55.223210 79.803969
852.571368 603.763655 54.623468 80.003624
853.457279 603.378935 54.525473 80.422058
853.958077 602.570890 54.015032 81.701844
854.426168 601.543157 54.178911 80.511296
855.154782 600.282271 53.848842 82.182173
856.887081 599.087586 52.119938 82.462507
856.751954 597.967582 52.927891 81.642414
858.356222 596.096305 51.586376 83.407293
858.422278 595.447094 52.888854 82.472247
859.394936 593.525704 51.884570 83.275382
860.324232 592.584473 52.164606 82.478954
861.666788 590.385443 51.444875 83.572676
862.415852 588.831147 52.314449 83.907618
863.230678 587.030430 52.883876 84.740485
863.628208 586.070028 52.799229 84.564117
864.837583 583.649561 52.464308 85.311887
865.942668 582.232812 52.605447 85.935320
867.388148 581.186268 52.143730 84.676823
868.260704 579.561829 52.443658 85.311466
869.330657 578.262762 52.432825 84.662670
870.138095 577.129420 53.086364 84.624212
871.203125 575.202861 54.088085 85.441220
873.062769 573.871051 55.218238 85.366152
874.448484 572.575375 56.719557 85.470317
875.762593 570.212763 57.030232 86.570684
876.888772 568.637485 57.412725 85.307097
878.584108 567.638701 55.566500 85.463559
880.936206 565.867734 53.315423 86.717894
882.496018 564.480055 52.974281 85.763787
884.090308 562.430193 51.570878 85.711857
885.369311 560.955875 51.401538 85.598791
887.236508 559.708951 49.404664 86.354822
888.354666 559.122506 48.191454 85.554271
889.988970 557.321541 47.405954 85.900032
891.042279 556.292534 47.504942 86.066559
892.351127 554.342188 46.718165 86.068487
893.837790 553.048622 46.224610 86.652727
895.308892 552.813753 45.495061 85.022796
896.119095 550.838826 46.073205 86.441461
897.263239 549.988303 45.338413 87.360388
897.732281 549.230658 45.817258 85.381724
898.639815 547.960700 45.968965 86.019260
899.530481 547.169160 45.730947 86.451312
900.104702 545.895247 46.454008 86.705779
900.289351 544.743298 46.597236 86.456772
900.016605 544.229075 47.607285 85.751430
899.989223 543.474053 47.461591 85.488173
898.801214 543.419337 48.268443 84.417214
897.770306 542.825025 47.709537 83.698383
896.462846 542.190423 47.580380 83.816623
894.058126 541.680415 48.198140 84.071300
892.056301 541.217530 48.208957 83.512706
890.014869 540.442206 49.367478 84.262208
887.987794 540.000867 50.038074 85.159081
885.922284 538.129123 50.604200 85.986561
883.929680 537.221460 50.667084 85.398001
881.775786 536.211841 51.179670 85.843621
879.886288 534.972896 51.519873 86.103454
877.572711 534.935369 51.945569 84.930754
875.502380 534.776869 53.591712 84.899998
873.613809 534.367645 52.966226 84.255517
871.639761 533.659930 52.934647 84.453396
870.216335 532.974743 51.832942 85.072081
869.690048 532.307032 50.352899 84.806296
868.315910 532.215534 50.090727 85.258759
866.239483 531.159894 49.883860 85.269577
865.227299 531.376453 49.402246 85.156710
863.558141 530.860577 49.594353 86.013793
862.286380 531.478598 49.370226 85.010153
861.351214 530.656533 49.438920 85.089709
860.205503 530.104626 49.641272 85.448294
859.640455 530.066931 49.384736 85.061532
859.004105 528.867674 49.367834 85.998629
859.102836 528.892494 49.360544 85.493668
859.038723 527.502522 50.032632 85.818329
859.394806 526.129301 49.631908 85.327546
859.780144 524.999451 49.607761 84.817117
859.806035 523.987397 49.836594 84.848384
859.359494 523.017197 50.255979 85.255611
860.217522 522.171280 50.660369 85.131604
859.817655 521.182591 51.642078 84.660445
860.504734 520.767511 51.941370 84.602618
860.478913 520.432220 52.607102 84.430344
860.733792 518.980830 53.153372 84.972401
860.869166 518.407295 52.706568 84.646359
861.607625 517.659946 52.343362 84.333262
861.979576 517.022923 52.434730 84.120425
862.586293 515.311438 52.585355 85.070779
863.484051 514.590657 52.972095 84.573450
864.942680 513.531211 51.098114 85.636919
866.600669 512.011274 49.920463 86.173540
868.264484 511.242572 48.971076 86.603476
869.651752 510.332231 48.774177 86.492542
871.128077 509.783837 47.802925 85.239736
872.785051 508.984168 47.788204 85.176196
873.984356 508.429100 47.999509 85.009658
875.145927 507.913674 49.101266 84.275100
876.397820 507.297360 50.013539 85.320594
877.664797 506.837618 50.979282 85.967781
879.013147 506.251587 51.023497 87.279316
880.420007 506.052385 50.941974 84.961162
881.768792 505.913345 50.608334 84.416689
882.751067 504.623762 50.594691 84.548543
883.723026 503.205800 50.557576 85.722312
883.973280 502.249498 51.176845 86.080503
885.001528 502.181372 51.035048 85.175549
885.893196 501.210020 51.013844 85.964070
886.658873 499.708960 50.203073 87.821929
887.326728 498.601165 49.943168 86.653543
887.639700 497.799890 50.785737 87.238375
887.750569 497.242135 50.246494 86.218383
888.220627 496.400833 50.327021 86.291148
887.917534 496.045823 50.130224 85.520335
887.452595 496.275875 50.259692 85.125808
887.866934 495.892480 49.653686 85.493668
885.892085 495.404977 51.685909 85.922540
884.543878 494.768890 51.978490 86.163363
884.424253 494.443824 51.043065 85.972556
883.819278 493.980816 50.167596 86.223720
883.467607 493.161630 50.301694 86.347029
883.014602 493.198866 49.890476 85.431653
881.463174 492.851985 50.729346 85.270953
881.201162 492.444843 49.917729 85.570583
880.944569 492.141601 50.110306 85.723482
880.169549 491.778463 50.117967 85.299142
879.227231 491.445727 51.387386 86.146364
879.459315 491.016683 50.537768 86.705820
878.612498 490.187162 51.126829 87.594518
878.567667 489.460708 50.489817 87.421957
878.721573 488.932253 50.006894 86.927590
877.690067 489.070045 50.606218 87.409793
877.421981 489.441939 50.682611 85.888317
876.754813 489.297341 50.682967 86.124633
876.296107 488.401059 50.856830 87.958835
875.350996 488.156301 51.526887 88.766606
875.490199 488.122492 50.552093 86.368537
875.323841 487.549964 51.007249 86.121195
875.370969 487.188720 50.863791 86.219880
875.557225 486.651976 51.209519 86.186807
875.671397 486.718450 51.283043 85.731045
876.255264 486.659938 50.514676 85.953358
877.009985 486.942429 50.607284 85.275956
878.354670 486.738294 50.484601 85.034405
879.664798 486.877034 50.278562 84.867168
880.996717 486.701743 50.478229 85.324848
882.299283 486.569325 50.373689 85.276713
883.720255 486.598313 50.420725 85.451428
885.188214 486.887061 50.385640 85.326083
886.243729 487.196389 50.166002 84.709027
887.363256 486.935285 50.714453 84.768672
888.775749 486.993463 50.233260 84.630081
889.835097 486.242829 50.510620 84.845496
890.991884 486.080559 50.594216 85.270251
891.937129 485.421983 50.902150 85.214865
893.009947 484.719307 50.964098 85.479082
894.011042 484.385910 51.676963 85.995293
895.497891 484.180082 51.399945 87.168384
896.122164 483.915674 51.587164 87.172383
897.092319 483.181653 52.041450 87.415611
897.973171 482.780411 52.263879 86.712073
898.567597 483.076327 52.626109 85.468855
899.342189 483.260253 52.925684 84.776792
899.885858 483.150830 52.751267 84.855644
900.545811 482.835225 53.094442 85.532523
901.608417 482.495553 52.252032 85.447353
901.949786 482.847298 51.357708 84.849110
902.014575 482.208568 51.981837 84.761471
902.233258 481.371207 51.560090 85.170738
902.791475 481.635304 51.060593 84.913939
902.827332 480.719294 50.390177 84.837717
902.733160 479.753863 50.338220 84.438997
902.886607 478.653452 49.813948 84.836006
902.547288 478.184292 49.701700 84.186068
902.661331 477.501422 49.560989 83.641238
902.206459 476.781598 50.199838 83.943672
901.860161 476.220519 50.618330 83.734146
901.381534 475.823688 50.727506 83.586342
900.733729 475.393631 51.060154 83.600737
899.523154 474.766002 52.009472 83.683729
898.892054 474.161204 52.235125 84.276256
897.862156 474.116543 53.196132 83.416217
897.189795 473.169590 53.509505 83.854667
897.001896 472.616513 53.395653 83.348630
896.658213 471.837365 53.252677 83.186888
896.189816 471.347567 53.717248 83.383608
894.963321 470.635297 55.385164 83.786774
894.202083 470.236506 55.437693 83.393418
894.500265 469.512865 53.878552 83.032919
894.229161 468.403150 53.931377 83.502239
893.493064 467.384333 53.518142 83.899396
892.218635 466.129413 52.553086 84.226888
891.897788 465.519387 50.817437 83.504852
892.016994 465.104692 49.252822 83.533423
891.458197 464.933852 48.395825 82.980086
892.076802 464.594036 46.393391 83.768386
892.003073 464.425811 45.763545 83.109468
891.292215 463.458091 45.718438 82.913141
890.856604 463.238125 45.676926 82.364050
890.855339 462.871495 44.986044 82.188628
889.665935 462.203707 44.928572 82.111562
889.188037 461.260979 45.308584 81.977996
888.488016 460.797257 45.127594 82.253408
887.839367 460.949327 44.755101 81.968593
887.267084 459.825885 44.159801 82.618322
886.529535 458.129266 44.276540 82.540462
885.201422 458.301874 44.910724 82.322832
884.265283 457.510351 45.195200 83.195888
883.195670 456.772787 45.698008 82.827265
882.463609 456.152206 46.069917 82.914371
881.497396 455.403526 46.360003 84.304377
880.400020 455.339246 46.842228 84.974401
879.264452 455.413044 47.205061 83.975720
878.240867 455.421548 47.269512 84.020107
876.737448 455.622703 47.894169 83.109267
875.828006 455.736154 47.749681 82.809524
874.714130 455.877015 47.821960 82.120108
873.835383 455.572073 47.835072 82.344855
873.775867 454.969625 46.840725 83.310666
872.376439 455.309226 47.233033 82.421279
870.910898 455.033173 47.532858 81.495131
869.752538 454.123506 47.210006 81.788350
868.164829 454.338323 47.797711 80.269162
866.549918 453.522014 48.203064 79.867523
864.886635 453.078971 48.588107 79.086268
863.229640 452.901106 49.487401 79.550188
861.864877 452.699916 49.145851 79.637352
860.949552 452.672737 49.282381 79.932122
859.719490 452.207554 48.507206 80.015388
858.573792 451.972669 48.223997 79.596898
857.518136 451.708697 47.945347 80.311462
856.943637 451.271978 47.637771 80.788132
855.761521 451.023636 47.713234 80.423791
854.639085 450.522025 47.570405 80.925403
853.453774 450.254823 47.439910 80.504700
852.296875 449.493985 47.166609 80.687267
851.448704 449.181475 46.649754 81.297529
850.143755 448.872899 46.593480 82.029672
849.183583 448.266738 46.867633 82.528515
847.133363 447.833896 49.115306 82.736058
846.047103 447.307228 50.048983 82.415852
845.140832 446.877672 50.785656 82.187621
843.419216 446.277712 51.816955 82.479726
842.589955 446.135007 51.349721 82.503119
840.715028 446.444420 53.033526 81.682627
839.614919 446.239062 52.542518 82.409584
838.888331 446.251901 52.125730 82.335203
838.424248 445.737565 51.532569 82.272116
837.323702 445.534685 52.250789 81.941316
836.250571 445.472433 51.408551 81.498194
835.654494 445.568113 51.557016 82.054916
835.055477 445.526564 50.758435 82.317071
833.956380 444.934610 50.913578 83.305176
833.219231 444.766100 50.833218 83.267970
832.765378 444.479904 51.028462 83.237232
832.153946 444.451172 50.421410 83.305489
831.735789 443.964016 50.206796 83.415630
830.522483 444.278915 50.352397 83.298882
830.010793 444.221856 50.114274 83.355941
829.735802 444.136089 49.669192 83.362367
829.665574 444.106170 49.316623 83.200758
829.457392 443.763683 49.202225 83.678168
829.704446 443.905077 49.222034 84.274883
830.777230 444.107463 48.971680 83.868443
831.275769 444.220615 50.102557 84.279703
833.060672 444.367467 49.687499 84.181384
834.647794 443.901208 49.763886 85.335331
836.216385 444.369530 50.191345 85.470611
837.904185 444.569336 50.545578 85.521234
839.904155 445.116557 50.822894 85.386997
841.712142 445.116557 50.995852 85.468692
843.656403 445.855567 50.815074 85.594466
845.347727 447.268840 51.408178 84.700744
846.947970 447.491228 51.964002 85.257741
848.817109 447.776877 52.143482 85.836418
851.471307 449.332344 51.292178 84.801293
853.118896 449.862329 51.547369 84.600415
855.007611 450.491240 51.383462 85.792506
856.481754 451.403930 50.752368 85.704660
857.857443 451.444848 51.399713 87.377880
859.299955 452.859250 50.869973 86.558381
860.441250 454.125650 50.749296 86.896128
860.942653 454.980694 51.754607 86.999252
862.270423 456.078935 50.869698 86.595379
862.255277 457.471353 53.277646 86.592271
863.560921 458.758185 52.760591 85.598439
863.696692 460.388370 52.862115 85.830849
864.700205 462.572998 51.499494 85.519142
865.563487 464.097232 50.501338 85.799083
866.729042 465.832050 49.499416 85.694836
867.044182 467.167398 49.533841 85.661972
867.393148 468.622729 49.070235 85.295344
866.079342 469.908401 50.628244 85.101084
865.975472 471.364308 51.962149 85.881457
867.825138 473.148149 50.812019 85.409634
867.701386 475.420633 51.556355 84.485394
866.993170 476.926832 52.558454 84.771150
867.544181 478.294260 52.406801 85.102566
867.981609 479.869133 53.169298 85.604845
869.299115 482.573004 52.169589 84.509825
869.011509 484.000000 52.761943 84.448552
869.416673 485.906772 52.924344 84.282993
869.921534 486.966773 52.089222 86.383643
870.016212 489.242040 52.542596 87.564801
870.299694 491.216147 51.700810 88.927411
870.612504 493.183188 51.964123 88.397796
869.782048 495.142332 53.020049 88.092507
870.241320 497.383336 52.717752 88.669535
868.295357 499.839362 54.543229 87.563786
868.301741 502.223572 55.676430 85.533874
868.224781 504.642014 55.311625 85.009398
867.895048 506.913252 56.283304 84.976693
867.836638 508.666475 56.668150 84.799498
868.459172 510.462170 56.427661 84.538730
868.598019 512.284136 56.677826 85.475128
869.548902 514.914344 55.966864 85.978118
870.066258 517.222549 55.094852 87.478262
870.210806 520.081462 55.341343 87.657752
870.773263 522.914632 54.860153 87.780792
870.806675 526.025950 54.733402 86.669907
870.459158 528.401744 54.427868 87.087681
870.492588 530.417242 53.617700 86.896810
870.148772 532.548941 53.384400 86.631203
869.880682 534.802868 53.447532 86.988391
869.350940 537.556658 53.601341 85.840162
869.539830 540.361793 53.544320 85.547514
869.544188 543.084081 53.579966 86.293297
869.014260 545.836345 54.376153 86.206740
869.453552 548.980460 54.268819 86.321254
869.517874 552.357923 54.254989 85.211364
869.709934 555.102454 53.899313 85.656203
869.510872 558.532363 54.098375 85.012263
869.610660 561.708059 54.304650 84.936888
869.742918 564.582954 54.141698 85.171379
869.140600 567.365815 54.866962 84.795852
869.405734 570.904275 54.831332 84.897259
869.474265 574.062444 55.008544 85.645512
870.285449 577.063484 54.424629 84.411078
870.808701 579.939686 54.353057 85.756985
871.572243 583.251970 53.941354 85.582468
871.544161 586.424867 53.610108 85.649804
872.358978 589.715013 52.674816 85.381417
872.451140 592.649528 52.452240 86.060987
872.766802 596.000204 52.076820 86.124359
873.169167 599.218230 51.465951 86.050703
872.917852 602.725666 51.128919 86.349769
872.639208 605.645124 51.367219 86.395606
872.699516 608.863650 51.370869 85.490582
872.452359 612.037600 51.165265 86.177049
872.297230 615.548111 51.419244 85.828765
872.390010 618.509256 51.227615 86.895622
872.108515 622.189495 51.461424 85.851232
871.733819 625.234990 51.389502 85.859534
871.827914 628.391744 51.149402 86.016609
871.859180 631.859651 51.293402 85.833121
871.859180 634.941240 51.264141 86.463660
871.890379 638.297381 51.232942 86.388349
871.480532 641.781910 51.206350 85.343921
871.699619 644.644578 50.830484 86.218528
871.607293 647.563544 51.391986 86.798108
871.641192 650.754647 51.433392 86.629359
871.829299 654.081260 51.657576 86.950800
871.513146 657.021189 51.626405 86.091092
871.760631 660.020263 51.191451 86.023449
871.416671 662.528600 51.589794 86.749554
871.387374 665.761463 51.863391 87.246449
871.295077 669.202106 51.758112 86.493668
871.514713 671.704597 51.589176 86.438945
871.130047 674.391397 51.623574 87.064875
871.596847 677.017471 50.825442 86.948176
871.076885 679.564422 51.434576 86.970123
871.071665 682.057317 51.318725 87.607305
871.333099 685.414625 51.212491 86.614104
871.605241 687.716235 50.941755 87.106895
871.203125 690.346530 51.396081 86.797015
871.391450 692.744259 51.062170 87.540581
871.391852 695.346547 51.371517 86.891021
871.719820 698.021161 51.111032 87.007528
871.578066 700.545700 51.672700 87.546883
871.740753 703.009193 51.996173 86.962397
871.338865 705.649324 52.210626 87.044976
871.737930 707.928732 51.996201 87.261561
871.800334 710.290054 51.755052 86.931571
871.728897 712.417076 52.173963 87.391250
871.344458 715.242175 52.388820 87.054185
871.770249 717.609505 51.870718 87.084782
871.007710 719.657922 52.688640 87.339268
871.490216 722.155718 52.492191 86.953945
870.808701 724.049397 52.835972 87.423705
871.010298 726.396599 52.314882 87.342634
871.237217 729.162510 52.385663 87.548483
870.814852 731.802834 53.197683 87.430056
870.745674 734.476654 53.769711 87.421364
870.677202 737.265246 54.922010 87.803073
870.923608 740.216818 56.120807 87.555655
870.826968 742.971987 56.555733 87.137825
870.795323 745.200348 56.237267 87.438497
870.758039 747.571188 56.257189 87.618270
870.793087 749.644249 55.752181 87.769723
870.839622 751.536760 55.484260 88.122686
870.839622 753.019975 55.672588 88.205823
871.105805 754.603291 55.005444 87.591011
871.066239 755.591663 54.446111 88.229636
870.923608 756.888656 53.516894 87.848122
870.980491 757.923104 53.593468 87.454095
871.071058 758.758510 53.304049 87.465412
871.544089 759.552208 53.170464 87.549492
871.664457 760.245188 52.822250 87.996909
872.053195 761.080369 52.595988 87.945389
872.704416 761.997796 52.027786 87.997130
872.970034 762.560480 51.730240 87.447861
873.005436 763.504262 52.054871 87.573002
873.207623 764.097460 51.397561 87.547845
873.097170 764.705904 51.417515 87.499287
873.421205 765.586471 50.817716 87.368884
873.651151 766.566928 49.936504 86.979224
872.819309 767.206673 50.420541 87.480634
873.838029 768.058321 48.655120 86.798803
872.984206 768.486469 49.240043 87.576649
872.638102 769.410161 49.292787 87.307836
872.896444 770.247444 48.975577 86.771429
872.937086 770.909470 48.906461 86.907965
872.483340 771.278253 48.888710 87.716504
871.913190 771.757545 49.129741 87.894833
872.649792 772.756950 47.767020 86.603997
872.424608 773.398475 47.890475 87.003499
872.583468 773.819799 48.257077 86.705214
871.855961 774.428602 48.341737 86.939642
871.863144 774.973402 48.356773 86.967695
872.536394 775.111882 47.577204 87.592995
872.335452 775.445190 47.833452 87.803409
872.005165 775.992915 48.057752 87.505114
871.512807 776.022691 48.410406 87.475338
871.768797 776.541022 47.527836 86.888075
871.840663 776.369826 47.588319 87.544574
871.273757 776.328774 47.851008 87.345570
869.953016 776.164320 49.215925 87.360697
870.236091 776.510276 48.375658 87.328068
869.537260 775.851149 48.937164 87.525790
869.134743 776.537266 48.836546 86.551510
868.736531 775.667042 49.043985 87.489285
868.782558 775.881260 49.002272 86.969498
868.145080 775.633608 49.788687 87.306246
867.991116 775.478656 49.884628 87.125802
867.264692 775.071484 50.571912 88.497192
867.326595 774.796138 50.564204 88.137338
867.564763 774.624278 50.266073 87.950363
867.593576 774.200358 50.545958 88.195377
867.538387 774.291938 50.700532 87.193470
866.959211 773.818536 51.371903 87.590795
867.297507 773.842763 50.964524 87.749048
867.185804 773.119363 51.236485 87.922554
867.413725 772.917151 51.259164 88.227538
866.765334 772.628925 51.791171 88.477324
867.408862 772.446059 51.451672 88.189306
867.208258 771.769904 51.970386 88.887755
866.865887 771.858763 52.892481 88.351972
867.431295 771.751709 52.200133 88.206712
868.611998 771.404124 51.152268 88.020477
868.295118 770.059497 51.030890 89.598099
869.052472 770.620927 50.426682 87.950931
868.546372 769.631915 51.323631 88.917235
869.496034 769.857033 50.669555 87.971426
869.945813 769.203765 50.755081 88.044529
870.061444 768.875393 50.733265 87.520895
870.994812 767.938222 51.136034 88.319838
872.018297 768.144596 50.369190 87.206992
871.924350 766.894999 51.350414 88.159629
872.961116 766.515863 50.840048 87.746915
873.535936 765.654407 51.496642 88.233823
873.852946 765.473774 52.033137 88.175009
874.028852 765.110077 52.386873 87.807239
873.624256 764.389465 53.300809 87.991713
874.281523 764.090299 52.929356 87.838476
874.694436 763.028331 52.759885 88.782299
875.375471 762.836535 52.331656 88.151597
875.881712 762.155768 51.978822 87.795937
875.821396 762.061051 52.381314 87.498339
876.325775 761.220520 52.069711 88.190287
876.077808 760.348143 52.686459 88.362135
876.550660 760.216840 52.239922 87.771274
876.793207 760.061081 52.391984 87.438830
876.128908 759.726084 53.202094 87.655095
875.630074 759.090320 53.889004 87.513683
876.251554 759.012862 53.692267 87.483128
876.463534 758.846041 54.043875 87.529867
876.707591 758.595043 54.270197 87.482212
876.683383 758.359268 54.925669 87.551613
877.473291 758.136024 54.364623 87.573735
878.186830 757.939973 53.882743 87.553131
878.538149 757.678825 53.732052 87.309271
878.829128 757.427201 53.578980 87.412706
878.950260 756.831293 53.557187 87.179017
878.753124 756.625057 53.798402 87.455886
879.520865 755.592066 53.053091 88.687222
879.749061 755.644855 52.411139 88.086393
879.694497 755.487974 52.503224 87.577942
880.059468 755.025867 52.271489 87.478473
880.237156 754.935644 52.549752 87.297619
880.347545 754.389466 52.513007 87.286700
880.219895 754.436005 53.078965 87.182978
880.407247 753.857023 53.208307 88.060301
879.691609 754.428147 54.259537 87.218443
879.497960 754.442774 54.671666 87.288488
879.280589 754.401006 55.158314 87.509825
878.928329 754.596935 55.533896 87.532579
878.456253 754.457373 56.433702 88.355911
878.086740 754.859975 56.453074 88.489697
877.809339 754.829850 56.598617 88.861085
877.371486 755.253136 56.426407 88.720802
876.873485 755.147272 56.811276 88.940766
877.072157 755.984232 55.794184 88.399652
876.984785 755.201146 55.771976 89.622907
877.008934 756.196160 55.051885 88.583195
876.644749 755.606795 55.379539 89.333721
877.317108 756.010241 54.597961 88.809081
877.081386 756.003882 54.440849 89.319762
877.531522 755.765174 53.419833 89.830181
876.832412 756.306765 54.040166 89.445030
876.981195 756.409816 53.871812 89.484387
877.093126 756.483891 53.897321 89.541629
876.485908 756.606834 53.946598 89.418686
876.143430 756.698798 54.345845 89.582205
876.104054 756.937993 53.781607 89.483428
875.615059 757.397234 54.313054 89.054620
875.143392 757.773769 54.745747 89.506555
874.450636 757.877081 54.864697 89.415883
874.664353 757.724402 54.449586 89.355042
873.826942 758.492000 55.026004 88.359465
873.424811 758.756920 55.163664 88.780466
873.765163 758.803894 54.417656 89.090291
873.204684 758.760008 54.291843 89.180544
872.894801 759.185922 54.105933 89.308706
872.765172 759.064681 54.252018 89.644219
872.703266 759.743500 53.729196 89.407835
872.390589 760.003878 53.836598 89.405177
872.174411 760.003878 53.666305 89.277083
871.862056 760.064641 53.642700 89.387171
871.941371 760.079315 52.963158 89.715881
871.426244 760.232630 53.614654 89.562566
870.894803 760.567948 53.755591 89.440656
870.941411 760.882138 53.156041 89.569713
871.096273 760.770982 52.880112 89.981589
870.482897 760.801930 53.136002 89.738032
870.107664 760.987040 52.888895 89.425664
869.823495 761.041381 53.217442 88.842859
869.823495 760.797559 52.582155 89.553667
869.447364 760.919645 53.032637 89.303895
869.260363 761.162748 53.020322 88.848538
869.204398 760.716951 52.797952 89.892058
869.397307 761.140696 52.611344 89.526758
869.337289 761.301837 53.128409 89.476952
869.138200 761.967647 53.724146 88.494756
868.775779 761.988681 54.260535 88.576760
868.490982 761.324325 54.971201 89.088379
868.392378 761.440299 55.536339 88.984921
868.200648 762.327858 55.037434 87.842316
867.644178 762.136032 55.416068 87.873118
867.894845 761.804268 55.231445 88.498492
867.456302 761.659771 55.265257 88.325662
866.668623 761.362041 55.580912 88.683464
866.324200 761.641723 55.220689 88.238115
865.222067 761.735382 55.960735 87.717153
864.189235 761.532329 56.138458 88.423088
863.133829 761.479928 56.696966 88.841192
861.539309 761.941752 57.937419 88.020441
860.166876 761.984210 59.065347 87.828444
859.261186 762.151288 59.529453 87.721726
858.825890 761.852986 59.490879 88.018802
858.494310 761.596074 59.078274 88.096986
858.691767 760.721279 58.311237 88.733974
858.354970 759.821529 58.393146 89.324980
857.635695 757.951469 58.070418 90.882751
857.179387 755.497699 58.145033 92.510422
856.088992 753.549260 59.057477 92.971301
855.775920 751.660506 59.160083 94.075787
855.765587 750.148843 59.030553 94.538797
855.425269 748.213392 59.569142 95.652818
855.856917 745.958326 58.620714 96.321486
856.479397 744.401818 57.702846 95.788417
857.118106 742.567691 57.183239 96.075401
857.795417 740.636056 56.473137 96.051592
858.219056 738.824944 56.325265 95.473314
858.664748 737.215599 55.855139 94.861711
858.840974 735.305208 55.132277 94.693064
859.089064 732.952500 55.280563 95.051489
858.840974 731.744441 55.640920 95.497637
859.224298 729.947317 55.355941 96.695168
860.043531 728.215581 54.756354 96.812355
860.384940 724.935961 55.026110 98.169057
860.649255 720.805064 55.312499 99.321078
862.065338 717.588932 53.643767 99.086229
862.974782 717.298471 52.688519 95.384149
864.561948 710.934475 51.182022 96.440974
865.044000 706.146333 51.255381 95.229093
865.029068 702.982987 51.565947 95.110815
865.740293 699.529973 51.041781 93.495350
866.140810 697.013603 50.582919 90.132405
867.072314 694.370669 50.280263 88.438243
866.742663 689.947864 50.284765 89.506414
866.852976 687.382726 50.567550 89.216422
866.911131 684.545888 50.296344 90.233382
866.761117 682.299390 50.840939 89.803824
865.992478 680.850057 51.334188 88.576399
865.733305 677.545881 51.355628 89.255217
865.347569 676.259039 51.298778 89.342570
864.219882 674.148572 51.960540 88.666550
863.738496 671.654303 52.267924 88.472123
863.416041 669.276918 52.293435 88.416603
863.437026 667.491826 51.946817 87.941250
863.395173 664.910657 52.227405 87.933593
863.137843 662.512750 52.594359 88.612803
863.281585 660.691421 52.286536 88.139365
863.526341 657.878720 52.237866 88.815753
863.817991 656.122852 51.908767 87.894276
864.059483 653.671875 51.794900 87.766160
863.791472 651.526907 52.094306 87.423696
863.851191 648.731749 52.192344 87.738443
864.148432 647.015150 52.118282 87.965157
864.496629 644.480858 52.013162 89.011639
863.585760 641.858397 53.204826 88.997275
863.241625 639.666854 53.961516 88.847596
863.260390 638.116197 54.474357 86.546769
862.441649 635.816766 55.570189 86.717055
862.060540 633.575773 56.194048 86.589282
862.738734 631.304167 55.552326 87.626707
861.860970 628.904292 56.431600 87.324788
860.964953 626.679735 56.655257 87.805352
861.133848 624.293332 56.426520 87.417609
862.440280 622.548110 54.801668 87.129085
862.528928 620.716939 53.822523 87.190781
862.459356 618.972971 53.469627 86.721576
862.350931 617.325657 53.182198 86.237704
861.914145 615.524129 52.407855 86.829550
861.775878 614.287374 52.336103 86.187739
861.567350 613.090520 51.486854 85.642762
860.930694 611.640125 51.039403 85.137132
859.973763 610.218852 51.371048 85.020364
859.448370 609.169016 51.755701 84.601065
859.221333 608.862878 51.110333 83.487498
859.074174 608.133673 50.654779 83.110941
858.425506 606.945074 50.900608 83.491940
857.719463 605.755195 50.952670 84.041003
856.912519 605.509360 51.048769 83.140614
855.556312 604.373095 51.496196 84.265016
855.453139 603.944027 51.251005 84.051851
854.525088 603.014434 51.567975 84.423021
853.528499 602.973273 51.688977 83.504015
852.048015 603.420355 52.760315 82.722770
849.287464 602.073212 54.822176 83.769825
846.449915 603.901004 56.601066 81.802679
843.747911 602.851616 58.277846 82.030381
841.332137 602.870838 60.126834 81.475438
838.936689 602.982029 61.905915 80.941203
835.671923 602.413016 64.688516 81.160121
834.574169 602.063070 65.349684 81.318603
831.044009 602.824954 67.810753 80.078861
830.318524 602.793508 67.760020 79.421593
828.906362 602.268771 68.774568 79.735850
828.010583 600.583360 69.616149 81.376643
828.291610 600.383840 69.005092 81.474706
831.424639 600.955891 66.347731 81.033775
835.382367 600.581672 62.041825 81.065896
840.002163 600.895451 57.316624 81.610551
841.421226 601.006576 56.247445 81.176214
842.447421 600.762401 55.513135 81.608011
842.806343 600.405596 55.272848 81.798262
843.508011 600.683283 54.467887 81.687130
843.854197 600.664973 54.196465 81.408188
844.127298 601.713157 54.082109 80.485875
844.457269 601.927268 53.884134 80.186196
845.022736 601.788360 53.808156 80.843881
845.978063 601.598515 53.606549 80.944188
847.233217 601.322290 53.168913 80.519556
848.251400 601.375098 53.171305 81.178971
849.351200 601.071925 52.999520 81.314333
850.749268 601.357660 53.342896 80.886964
852.119696 600.806845 53.149631 81.555549
853.985975 601.183410 52.746157 80.891172
855.000406 601.291896 53.412960 81.379468
857.299530 601.239028 52.856750 81.186313
858.664054 601.846402 53.464670 81.028977
860.521502 602.248178 53.425309 80.683401
862.834406 602.575714 53.625547 80.629702
864.550071 603.007889 54.058648 79.884678
867.340842 603.440031 53.720182 80.231327
869.958492 603.575700 53.492639 80.083220
871.828861 603.540987 54.283491 80.662571
875.308066 604.414926 53.516261 80.166948
878.041906 604.629990 53.753134 80.575398
881.058461 604.598518 53.842917 81.415785
884.188192 604.948896 53.549053 81.204696
887.528492 604.893607 53.450122 81.614444
890.273728 604.782789 53.816139 82.161204
893.354626 604.684317 54.160123 82.475042
897.062520 604.944101 53.360232 82.517924
900.520350 605.076798 53.641362 82.281095
904.044510 605.132532 53.263704 82.504308
907.132515 604.937102 53.642992 82.859676
910.844054 605.004129 53.618021 83.085680
914.013098 605.181303 53.712810 83.360629
918.075032 605.405591 51.992982 83.094372
920.911227 605.763670 52.531602 83.044495
924.391784 605.486566 51.853674 83.873149
927.766469 605.853041 51.478980 83.749397
930.921217 605.941106 50.875147 84.409719
933.921255 606.340728 51.164237 84.564703
937.612414 606.800637 49.582383 84.397720
940.721631 607.659908 49.268764 83.722514
943.307321 607.934603 49.755498 84.064522
946.040912 607.791196 49.175521 84.625467
948.511504 608.078839 48.639067 84.741046
950.360128 608.649516 48.192882 84.955294
951.828749 609.134830 48.214526 84.727778
953.306786 609.534896 47.677066 84.584942
953.864961 610.817869 48.193641 84.079746
953.782618 611.230441 48.275983 83.930097
953.681436 611.558160 48.577648 83.907199
953.999606 611.796226 48.325348 84.131220
953.836629 611.899895 48.152311 83.736878
953.903839 612.295606 48.179905 83.856175
953.709310 612.493065 48.403531 83.861228
953.919757 612.716961 48.049579 83.719669
953.820593 612.819233 48.467876 84.217285
953.777176 613.376959 48.489088 83.574208
953.681436 612.790477 48.548299 84.191388
953.805045 612.933866 48.549318 83.927281
953.999606 613.106177 48.771947 83.675497
954.173221 612.933866 48.530981 84.366034
954.520463 613.363215 48.723469 83.776814
954.243599 613.419623 49.140223 83.982483
954.575918 613.102040 49.063238 84.058329
954.581461 613.163444 49.159937 84.377051
954.679210 613.333481 49.037149 84.185062
954.820454 613.877774 49.635267 83.521148
954.422775 613.333481 50.002536 83.787220
954.538785 612.791200 50.068634 84.224674
954.975710 612.680449 49.605691 84.718063
954.777653 612.696638 49.895607 84.416877
955.228867 611.842860 49.383098 85.312819
955.271071 612.104703 49.750881 84.849264
955.497682 611.813661 49.524269 85.220915
955.157259 611.852502 49.713342 84.880699
955.299468 611.563357 49.692117 84.806321
955.157259 611.096285 49.864692 85.273393
955.249497 611.340730 49.907896 84.645468
955.185749 610.579308 49.836202 85.294175
955.038684 610.584481 49.803998 85.240299
955.384542 610.066923 49.728856 85.464084
955.508074 609.760279 50.076134 85.306775
955.593906 610.022536 49.568906 84.963661
954.923009 610.046652 50.242566 84.826807
955.271071 609.437388 50.432462 85.589219
955.294718 609.656235 50.020132 85.189814
955.278261 609.789501 50.397567 85.520713
954.829997 610.058586 50.786509 84.835365
954.792663 610.311903 50.638007 84.593529
954.921726 610.770515 50.370310 83.933459
954.284284 610.133682 51.023194 84.619204
954.800658 610.109568 50.498793 84.674912
954.263817 610.167478 50.880186 84.737954
954.102568 610.398307 51.196884 84.668746
953.867136 610.569321 50.916538 84.548524
953.960031 610.336621 50.412196 85.023076
953.521974 610.569321 50.670578 84.911627
953.424026 610.482209 50.783280 85.282522
953.365772 610.569321 50.689063 84.871179
952.748874 610.800650 51.034777 84.720765
952.829436 611.030635 50.655647 84.937539
953.145079 610.701760 49.970582 84.881632
952.438354 611.537902 50.644534 84.438751
952.450698 611.254206 50.565095 84.651227
952.565273 611.311904 50.638687 84.917159
952.278194 611.219747 50.655573 84.536980
952.018069 611.311904 50.811495 84.998311
951.656237 611.627263 50.860026 84.772811
951.394939 611.800634 50.812398 84.518674
951.450735 612.001947 50.596330 84.803420
951.422047 611.643157 50.469414 84.819854
951.307057 611.789502 50.491678 85.156304
951.105008 612.287731 50.570818 84.925394
950.796073 612.599167 50.467458 84.711048
950.525345 612.154963 50.958592 85.255001
950.264346 612.634380 50.762371 84.991753
950.327297 612.714063 50.470463 84.928905
950.736492 612.082201 49.878155 85.581549
949.930972 612.161209 50.744816 85.319746
950.438854 612.219768 50.453620 85.301653
949.511384 612.394928 51.422413 85.248040
950.106021 612.169597 50.472718 85.582987
949.889955 612.800656 50.213611 84.964081
950.100253 612.289770 50.197473 85.414205
949.761982 612.771817 50.007222 84.992921
949.612094 612.534314 50.019040 85.158377
949.764995 612.141616 49.972193 85.804191
949.576947 613.230768 50.249325 84.533969
949.871287 612.701760 50.550347 85.203674
949.742917 612.742949 50.898352 85.429305
950.265849 612.474291 51.319331 85.825450
950.353133 612.659930 51.194531 85.341148
950.962397 612.709046 51.445096 85.590695
951.139142 612.864353 51.832010 85.218026
951.644417 612.806056 51.600826 85.317011
951.700792 612.980693 52.010984 84.979772
952.916163 612.689191 51.022393 85.352519
953.381281 612.533103 51.171850 85.644644
953.904730 612.606390 51.211693 85.636704
954.284235 612.689191 51.331158 85.352519
954.673374 613.152773 51.799326 85.008327
954.823401 612.787140 52.486581 85.115640
955.254141 612.703230 52.912138 85.034018
955.660879 613.190975 52.767675 84.220489
955.793736 612.864353 53.108762 84.610687
956.195320 613.074268 52.669229 83.906240
956.742290 612.577423 52.830225 84.607417
956.900010 612.587575 52.634701 84.905184
956.840683 612.355242 52.628732 85.341189
957.047964 612.442535 52.454070 85.050225
957.553592 613.235355 52.450261 83.974920
957.359820 612.679775 53.280292 84.330177
957.662146 612.616529 53.136030 84.470731
957.392897 612.645445 53.339062 84.522715
958.047952 612.180092 53.084619 84.988068
957.524441 612.482189 53.705084 84.787075
957.886719 612.483867 53.575161 85.480870
957.421238 612.066474 53.968113 85.489681
958.056312 612.440119 53.769155 85.011481
958.078996 612.851619 53.780221 84.461942
957.796440 612.318886 53.799449 85.583362
957.966179 612.411089 53.724065 85.245112
957.940792 613.031314 53.768555 84.483190
957.766306 612.348388 53.930702 85.108001
957.966179 612.512869 53.690406 85.164988
957.896678 612.729805 53.863289 84.497251
957.604739 612.801747 54.205616 84.835243
957.477513 612.743445 54.407118 84.569802
957.444073 612.686448 54.471251 84.909694
957.410585 612.758160 54.504739 84.570969
957.276065 612.425786 54.424783 84.803769
957.410585 612.265308 54.198676 84.943068
957.115394 612.362644 54.141698 84.487385
957.078958 612.158364 53.879982 84.781735
957.200052 612.097768 53.792274 84.477376
956.728655 612.097768 54.238684 84.621140
956.974235 612.207665 53.735074 84.551633
956.645564 611.524920 53.683205 84.891044
956.250681 612.697971 53.945892 83.992649
956.392909 611.729934 53.339062 84.969238
956.664431 612.309867 52.535258 84.918527
955.849109 612.009730 53.393453 84.829047
956.245860 611.729934 52.819415 84.969238
955.849109 612.588017 52.947832 84.517648
955.749325 612.326100 52.674765 84.599658
955.568440 612.899196 52.603655 84.960543
955.572546 612.366067 52.098929 85.028421
955.583080 612.606390 52.160913 85.268486
955.376241 612.571989 52.016192 85.024085
955.346605 613.295288 52.109257 84.132268
955.241383 613.058598 51.837396 84.714096
955.353126 612.913330 51.445162 84.657776
955.511292 612.796720 51.287544 85.137709
955.177332 612.913330 51.401458 84.698056
954.719318 612.238169 51.518696 85.332937
954.607574 613.181321 51.108190 84.124765
954.374919 612.760280 51.239767 84.342957
954.161211 612.944549 51.230846 84.133077
954.162818 612.800656 51.167670 84.438019
954.131899 612.131897 50.953363 84.704932
954.190495 612.513206 50.864361 84.190769
953.726996 611.731029 51.320033 84.932721
954.063052 611.474275 50.860356 85.096815
953.654345 611.511247 51.023142 84.727407
953.685139 611.540281 51.050490 84.779028
953.915801 611.161187 50.725481 85.077467
953.887044 611.482194 50.817086 84.796778
954.030622 611.540281 50.736561 84.416832
953.756200 611.311904 50.676319 84.553193
953.930974 610.935302 50.261578 85.010504
954.133900 610.906190 50.208237 85.120417
954.191700 611.167479 50.453502 84.295532
953.928682 611.253787 50.997207 84.075641
954.307022 611.196406 50.399413 84.467343
954.307022 611.484518 50.430131 84.058722
954.550039 611.364847 50.526884 83.987735
954.263817 611.336032 50.880186 83.658348
954.119650 610.794853 51.020179 84.534575
954.220562 610.540296 51.078193 84.617792
954.219771 610.569321 51.079681 84.548524
954.453147 610.742943 50.938911 84.738006
954.424048 610.278229 50.479635 85.081469
954.422012 610.394921 50.407554 85.491802
954.161211 610.685152 50.622462 84.795796
954.335801 610.800650 50.066553 84.639851
954.516904 611.151903 49.325826 84.957873
954.479555 612.275970 48.956585 83.879723
954.378655 615.579785 48.677271 81.242460
954.524566 614.575910 48.453994 82.625815
953.828019 613.662582 48.704431 84.313296
953.258651 613.258365 49.469542 84.980812
952.467359 613.407515 50.585054 85.278471
951.655450 611.798115 51.543867 87.393820
951.166638 610.203121 52.329384 89.058176
950.951833 607.860074 52.348774 91.701805
950.743558 605.826727 52.979036 93.501938
950.168346 603.532488 53.117663 95.525973
950.741819 601.337202 52.787161 96.327738
950.112310 599.715271 53.113750 97.199172
950.456035 597.939924 52.851536 97.346749
950.181255 595.696468 53.441742 97.500990
950.158639 592.852473 53.482742 97.910728
950.282999 591.640625 53.202710 96.241589
949.710860 590.265110 53.580527 94.654455
950.133669 588.426467 53.040186 94.189276
949.975098 587.156337 53.050876 94.110285
950.674685 585.623017 52.067121 94.338417
951.088658 583.351224 51.537545 94.735395
951.326140 580.225209 51.806623 95.341641
951.740283 576.184185 51.823081 95.834528
952.213903 572.046260 52.133034 94.621166
952.581164 567.644804 52.037672 92.337666
952.699622 564.621305 52.299892 88.095073
951.745680 565.289726 52.922752 80.658146
951.930278 557.483983 52.879728 85.578634
954.307038 556.090509 50.401657 83.948126
954.357351 552.083350 49.893316 84.266967
955.195407 549.747030 48.744263 82.961242
954.828060 550.762475 48.898384 78.553862
954.085941 541.938250 49.065468 83.782558
954.137806 544.088475 48.834913 79.545766
952.790415 537.262185 49.193779 82.311185
953.037670 536.908311 49.192027 80.137210
952.006961 531.987537 50.124767 82.453911
952.137814 530.383247 48.890378 81.677924
951.744511 527.231825 48.169010 81.460658
950.848877 521.987242 48.773166 84.192866
950.879565 521.178464 47.927283 82.840790
950.982871 517.077058 47.249327 84.172462
950.851438 517.161424 46.404642 81.487865
950.928519 511.941982 45.601249 83.104405
949.011484 510.802058 46.740750 81.400501
946.791128 507.006904 47.363633 82.749246
944.449077 504.205246 48.222952 82.027789
942.069934 501.508184 48.916200 80.881483
940.968227 498.266888 48.860391 80.372804
939.329354 494.785335 48.950433 80.249484
936.729168 492.461182 49.951195 79.226676
934.110660 489.617108 50.866274 78.594149
931.935528 485.714646 52.029035 79.134480
929.222237 483.161441 52.979309 78.026850
926.894088 479.193043 53.646427 78.497418
924.602410 475.516772 54.559714 79.412751
923.184611 472.195523 54.158857 79.225411
921.459058 469.268108 54.896781 79.868260
920.374577 466.008108 54.478316 80.071814
918.932465 461.479374 55.125660 82.008504
918.642808 458.259933 54.577802 82.726215
917.181564 455.229626 56.213360 82.909160
916.879628 452.166147 55.214399 83.225372
915.019873 448.348426 55.526210 84.288553
914.058595 444.260783 54.674682 85.099640
913.405672 439.870465 54.678477 85.967272
912.361816 436.818398 53.643831 86.157520
911.678482 433.192743 53.113908 85.644988
910.431631 429.463256 52.305350 85.674324
910.419287 426.416100 51.743299 86.169258
909.885889 422.586545 50.219712 87.352833
909.265926 419.604449 49.783359 86.769409
908.852429 416.307063 49.415573 86.694353
908.474521 413.674645 48.591416 88.259770
907.264711 411.017627 48.781811 87.650652
906.744818 408.768877 48.376448 86.526646
906.038678 405.512387 47.887282 86.097607
905.492224 402.878861 47.263975 85.315440
904.468095 401.108988 47.118251 84.336829
903.887145 398.434758 46.160773 84.824412
903.098697 395.982611 45.471670 84.282884
902.366775 394.206815 45.141311 84.904675
901.338301 391.345438 45.221126 84.611367
900.395229 389.203387 44.553427 83.687081
899.335392 387.073922 44.373903 82.329468
898.447558 384.207101 43.981497 82.674373
897.251707 382.768707 43.829870 81.089343
895.403758 380.717393 44.277096 81.401984
893.068827 377.384067 45.543143 82.207397
890.927194 375.901206 46.351161 80.081132
888.968029 373.451640 46.803726 79.811081
886.903535 371.495443 47.282512 79.701770
885.306835 369.395043 47.647306 79.223716
883.398921 367.602909 48.281340 79.096899
881.341559 365.356750 48.612559 79.681984
879.596504 363.814392 48.984888 79.241771
877.969480 362.240519 48.559422 79.626937
875.733415 360.093896 49.370509 79.560849
874.590374 358.033854 49.658330 79.740502
873.064874 356.258874 49.241515 79.145868
871.628943 354.409418 49.735227 79.735730
870.362191 351.968501 50.023125 80.490760
868.827165 349.880154 50.495154 80.406684
868.371390 348.110234 50.971683 81.079403
867.590155 346.130583 51.092543 81.170228
868.022856 344.188563 50.793942 82.064942
868.175419 342.324849 51.355481 82.347786
868.138893 340.546930 50.181867 83.084038
868.175419 338.984150 49.554603 82.800252
868.497822 337.839458 49.513944 82.529358
869.148992 336.645711 48.013439 82.187749
868.774859 335.741551 47.627367 83.067207
868.896300 334.269778 48.328872 83.727350
869.481415 333.500439 48.014241 83.574192
869.687906 333.591426 47.545991 82.679357
869.869018 332.769951 48.235318 82.875515
870.333187 332.765764 48.824523 82.380717
871.583486 331.908986 48.326478 81.699000
873.754417 331.287453 46.993511 81.398046
876.138503 331.199019 46.099971 80.332651
878.370759 330.799141 45.877498 79.429244
880.187334 327.431859 45.384474 80.794254
882.004259 326.993774 44.985743 79.682011
883.357131 325.550410 45.022844 78.952889
885.090919 323.113214 44.781274 79.306112
886.754185 323.736769 44.567047 77.578027
888.281664 321.739864 43.607888 78.335896
889.183670 321.720118 44.303443 76.523204
888.605646 321.519236 47.032297 75.312511
888.763325 317.920617 48.000347 77.486795
888.843291 316.697236 49.460912 77.747806
889.331050 315.802702 49.935426 77.876790
890.282968 314.736250 50.244777 78.039734
890.808255 313.953292 51.458345 78.174639
891.447151 312.662387 52.407326 78.778460
892.742164 311.613221 51.601270 80.569358
893.864792 311.411962 51.614752 81.791820
893.702391 310.735254 51.122176 81.240545
894.334262 310.442802 51.322224 80.237299
894.029540 309.248283 51.133734 82.562174
893.621164 308.963004 51.349926 81.089513
893.401946 307.735121 50.716428 83.587566
893.265163 307.651859 49.562024 81.813040
892.430333 306.679986 48.979212 83.999952
891.924302 306.592234 48.037352 83.211908
891.244773 306.016183 47.684684 82.204680
890.635743 305.344534 47.137652 81.953634
890.450094 305.259626 46.077768 81.268657
889.875632 305.503092 45.362834 80.739708
889.167031 306.256786 45.275152 79.589733
888.490215 306.394712 45.090325 79.330944
887.661736 306.619439 44.515966 79.543750
886.448713 307.425738 44.509945 78.451940
885.320346 307.109916 44.666575 79.071322
884.361797 307.711552 44.055953 78.804336
882.838077 308.028395 44.347372 78.791066
881.025813 308.592002 44.714661 77.809398
879.682320 308.021301 44.522756 78.383219
877.298284 308.286308 45.639226 77.272559
875.665717 308.028395 45.769490 78.492181
873.960790 308.796063 46.185142 77.361348
872.467909 309.216726 46.141602 78.209871
870.776691 309.497551 46.674693 77.854224
869.239244 309.868971 46.697777 78.077890
867.192131 310.844259 47.693736 77.873704
865.916284 311.748345 48.111019 77.347208
864.408462 312.555694 47.963030 77.369863
862.523244 313.348119 48.130236 77.166688
861.009984 314.034145 48.823731 77.473302
859.709730 314.590710 48.302720 77.385201
857.952707 315.598804 48.705825 76.087600
856.833644 315.974192 48.754018 77.894311
855.366778 316.286620 48.260914 77.334358
853.816763 316.302032 48.751270 77.905580
852.107780 316.260199 48.677789 78.032872
850.717179 316.260199 49.576189 77.138374
850.338168 316.233761 47.984190 77.424348
849.009980 316.565240 47.695108 76.567703
847.930210 317.011687 47.796986 75.897598
846.782932 317.175321 46.675214 75.460887
846.021512 317.030744 45.330894 75.733350
844.281921 317.068095 45.491124 75.871606
843.657066 317.325303 44.803416 76.219693
843.046658 318.030918 44.412098 75.204374
842.292052 318.230543 44.663936 75.080574
841.523369 318.373848 44.340150 75.296042
840.051021 318.122838 45.180964 75.392851
839.781036 318.312321 45.020762 75.130220
839.557152 318.289182 45.041012 75.245207
838.925547 317.968053 45.545978 76.595556
838.404006 317.169808 45.871953 76.927545
837.866333 316.806459 46.502552 76.407349
837.177770 316.433204 47.154952 76.291856
837.385456 315.942853 46.818671 77.724269
836.696233 315.921144 47.811038 77.605501
836.896163 315.929270 48.323110 78.485304
837.317163 315.727624 48.113879 78.228467
837.355528 316.227266 47.503179 78.201562
837.815488 316.748343 47.780588 77.796687
838.068826 316.638427 47.438244 79.307103
838.744350 317.549789 46.868246 78.727329
838.919692 317.716075 46.894446 79.661590
839.619739 317.626360 46.906383 80.106258
840.699276 318.713676 45.698104 78.574294
841.650730 319.363980 45.322355 78.732539
842.690055 320.053264 44.536949 78.532211
844.320227 320.407048 44.128235 78.883035
844.495929 320.769388 44.428604 78.213798
846.210380 321.212739 43.587423 78.497770
847.573914 322.053447 43.427814 77.324450
848.596775 322.734679 43.244370 78.388510
849.379431 323.345245 43.849003 79.360066
850.278354 323.917529 44.307973 79.065972
851.278396 324.592014 45.115229 79.302412
852.257108 325.122309 46.308556 79.237041
853.934739 326.196190 46.209530 78.839512
855.722026 327.426105 46.287263 78.786579
857.571124 328.477858 45.914078 78.844468
859.024413 329.767541 45.859387 79.005563
860.885960 331.023777 45.652243 78.693481
862.173346 331.868975 46.152176 78.792066
864.008400 333.641434 45.146668 78.440272
865.675220 334.021155 44.542151 80.156699
866.972139 334.760511 44.595215 80.325507
868.170856 336.293244 44.657987 79.333456
869.307190 337.864251 44.437756 79.236966
870.871864 339.153080 43.912716 78.788282
871.963568 340.996229 44.085487 78.096505
873.085416 341.964617 44.257510 78.434706
874.368216 343.631393 44.427145 78.210958
875.201827 344.572682 45.234188 78.667237
876.783851 345.968241 45.097034 78.295635
878.687857 347.871132 45.028728 77.555475
880.320258 349.354840 44.825327 78.242244
881.169860 350.979491 45.141611 77.749162
882.413972 352.343156 44.776303 77.476313
883.843839 352.833733 44.210491 77.918514
885.232716 354.319081 44.225456 77.440999
886.134564 355.397989 44.468824 78.140146
887.745898 356.199456 44.454272 78.560626
888.864314 357.508465 44.583299 78.524660
889.664941 358.399234 45.102570 79.165452
890.056449 360.073391 45.803569 78.568053
890.412124 361.456999 45.590391 78.541846
890.948265 363.146715 45.357271 78.439363
891.403100 364.832656 45.389193 78.483230
891.457531 366.688796 45.178191 78.542138
890.820159 368.796728 45.633787 78.832160
890.452158 370.929779 45.436627 78.797392
889.979960 373.470594 44.746978 78.625883
890.007323 375.945740 43.873134 77.873293
889.004635 378.326027 43.602702 77.744013
888.385426 380.764340 43.288416 78.003927
887.416104 382.195245 42.817589 78.431650
886.491715 384.799736 43.331065 77.545879
885.572895 387.152357 43.317069 77.165258
884.836545 389.346811 43.418284 76.551568
883.042186 391.799033 44.018187 76.911531
881.762764 394.185699 44.078212 77.480990
880.308882 395.886804 44.852732 78.424268
878.811853 398.540127 45.210520 78.624343
877.332742 400.789232 45.632512 79.276768
875.935315 403.348476 46.078553 80.677338
874.307422 406.301959 46.928605 80.029445
872.999146 408.807753 47.393027 81.952230
872.350995 411.579242 47.952281 81.649904
871.816705 414.372407 48.243365 80.613167
870.825180 417.328182 47.550643 79.756196
870.254223 419.550354 46.831014 80.368692
870.432618 422.114100 45.573894 80.042283
870.636680 424.547833 45.364145 79.881368
870.491220 427.348484 45.655785 79.687055
870.407516 429.992701 44.505969 78.950755
869.912573 432.590443 43.908980 78.651247
869.983109 435.416732 43.564046 78.332374
869.265171 437.533334 44.491869 78.689025
869.136595 439.839155 45.198389 78.637248
868.448654 442.442037 45.516537 79.445383
868.303102 445.743402 45.620304 80.167606
867.899548 448.269667 45.602093 80.205173
867.417574 451.389535 45.591880 80.659432
866.532712 454.021391 45.858083 81.611343
866.011045 456.653534 45.995459 81.420363
865.072449 460.054130 46.129909 80.015463
864.815488 463.353956 45.348610 80.345291
864.096929 466.028287 45.019132 80.866391
863.359954 468.729709 44.436710 79.832492
862.311652 471.649744 44.331228 79.399594
860.957078 474.119296 44.964716 79.113938
859.940557 476.649737 44.852455 78.704399
858.840955 478.904459 45.030663 79.241908
858.255099 481.182772 44.840191 78.885161
857.068882 483.616726 45.439688 78.444882
855.740838 486.242533 45.919265 78.242893
853.714872 488.694618 46.915923 78.380717
852.977840 490.900063 47.352780 78.899956
851.965396 493.608437 47.786433 79.489159
850.494076 496.367257 48.360982 79.591293
849.943603 498.670977 48.502499 79.993748
849.226412 501.228237 48.566689 79.429295
849.361417 503.467486 48.112046 79.841038
849.123903 505.769615 48.267576 79.848467
849.508228 507.820888 47.233733 80.950192
849.884115 510.460405 46.167101 79.764662
850.421836 512.343280 45.210508 79.968083
850.934769 514.787755 44.816850 79.271889
851.793102 516.986135 43.863396 79.011984
852.452820 519.236656 43.462161 79.237213
853.102204 521.709995 42.787356 79.016772
853.735995 524.439267 42.892434 77.719173
854.076997 526.692752 43.626327 78.331332
854.243005 529.164162 44.752398 77.425036
854.601539 531.531338 45.704108 77.487421
854.553816 533.990274 47.353337 77.254719
855.165864 535.785837 47.787154 77.792157
855.223608 538.502937 49.144051 77.950504
855.767316 540.668597 49.338133 77.998913
856.000402 542.568460 49.787065 78.293048
856.266357 544.379706 49.552176 79.475276
856.499045 545.864321 49.065446 79.748331
856.973505 546.730603 48.535362 80.025997
857.406672 548.483256 47.495669 79.401544
857.949703 549.896644 46.475508 78.881216
858.267043 551.188212 46.010996 78.940573
858.754506 552.298489 45.329791 79.053642
858.955527 553.164150 44.800509 79.281286
859.955330 554.525016 43.432398 79.367993
859.503999 555.543116 43.681407 79.020098
858.752831 557.053487 44.130204 79.126500
857.243925 558.257750 45.516450 78.494609
855.920510 559.340926 46.715235 79.502951
855.236406 560.621941 47.998880 78.844796
854.337935 562.044417 48.464036 78.769010
854.014459 563.134494 49.486442 78.724627
853.943612 563.780845 49.668675 79.665242
854.439010 564.638758 48.832622 79.970107
854.856086 565.650111 48.018890 80.261271
855.083056 566.701617 47.830783 80.327837
855.332999 567.938844 47.465533 80.286214
855.014003 568.901847 48.084891 80.466003
855.206907 569.883858 47.966473 80.366351
854.792024 570.970880 48.327467 80.056840
855.234728 572.394154 47.531108 79.905899
855.617815 573.315507 47.072091 79.704661
855.789916 574.118535 46.465715 79.743186
856.025567 574.829746 46.130836 79.821441
855.760213 575.941751 45.926456 79.376735
856.061613 576.893235 44.980883 79.179962
855.508028 578.748381 44.739379 78.669000
855.102505 580.182482 44.299627 77.741354
854.432201 580.564592 43.626282 78.558676
853.375727 581.852149 44.223617 77.770154
852.090242 582.491569 44.017062 77.869129
851.360061 583.272342 43.801583 78.322470
850.319023 584.599183 42.921109 77.395738
849.354383 585.283011 43.243567 77.160944
847.120978 586.395834 43.471467 76.706945
844.954797 586.698978 44.495670 76.891675
842.287484 587.877049 45.123191 76.338532
839.522788 589.538733 46.738147 74.860213
837.196928 591.031681 47.489499 73.858887
835.164050 592.080569 48.209221 73.055560
833.001448 592.532614 48.959694 73.415311
830.954328 594.112944 49.399762 73.179311
828.861733 594.982591 49.643144 73.963932
827.471072 595.788321 49.478506 74.723403
825.520936 596.594317 49.758429 74.042853
823.830067 597.778360 50.539044 73.691651
822.066211 598.240984 49.978304 74.558169
820.929434 598.342228 50.035560 74.982077
819.461150 597.890395 50.180144 76.401508
818.967662 597.732845 49.375888 76.888147
818.095341 598.201161 48.656470 77.064386
816.916299 597.903550 47.585357 78.154686
815.947554 597.903550 47.397895 78.942973
815.562034 598.221575 47.030047 78.980378
814.562367 598.167856 46.991503 79.640950
813.843755 598.594166 46.940881 79.273133
813.146507 598.948827 46.553701 78.937103
812.634512 599.224118 47.386335 79.187742
812.206473 598.761030 47.094590 79.111182
811.678949 598.533274 46.569479 79.137951
811.302123 598.792386 46.277890 79.719835
810.852817 598.680860 45.951157 79.672256
809.950950 598.697234 45.700224 79.566471
808.487430 598.533460 45.832373 78.944129
807.053660 597.170965 45.883365 79.098188
805.453914 597.192695 46.611282 78.223464
803.707013 596.110870 47.229953 78.637376
802.682893 595.380086 47.690311 78.997070
801.410857 595.431361 48.181287 77.488219
800.010002 594.876842 48.903801 78.106853
798.668758 594.593251 49.347652 77.510107
797.042419 594.314578 50.435036 78.482595
796.415017 594.532696 49.816956 78.272853
795.136430 594.329382 49.874808 78.813942
793.533848 594.730591 50.698106 77.377536
793.045898 594.701610 50.229565 77.800424
791.868614 594.489385 50.088574 77.452364
790.838117 593.875157 49.126883 78.462995
789.894529 593.499425 48.639969 78.876413
788.613325 593.768197 48.564968 76.824524
786.754151 593.696103 49.193833 76.326742
785.358309 592.823308 49.342340 75.822933
783.786967 592.243869 49.021615 75.438454
782.067336 592.284074 49.925960 74.786056
780.154383 591.240320 51.164396 75.865777
778.082409 590.872094 52.530795 75.385349
776.654122 589.991361 53.042854 75.699747
774.684236 589.708277 53.781333 75.190785
773.865116 589.424253 52.999504 76.554983
771.829085 589.568713 54.354020 76.277875
770.901771 589.587813 53.699121 75.699548
769.684059 589.784813 53.324102 74.684554
769.252817 589.666830 53.214472 74.842591
768.665396 589.304738 52.343600 74.376404
767.898599 588.082166 49.702834 75.572828
766.657677 587.296028 50.640319 76.332082
765.444967 587.446866 50.167610 74.990943
764.158452 587.145642 49.782041 74.608884
762.796753 586.832381 50.249575 74.090235
761.359438 585.556685 50.904707 74.515315
760.008717 585.034139 52.284261 74.219684
759.173599 584.199177 52.690418 73.949641
757.477474 582.628337 53.333052 76.034915
757.554298 581.983452 52.849711 79.954996
757.003838 581.281635 53.308804 79.190781
756.923680 579.956416 53.441150 79.650181
756.956388 579.109395 53.282611 78.840084
756.554352 577.526857 53.573009 80.191294
756.555410 576.421231 53.134601 79.945720
757.088441 575.498581 52.122066 79.601867
757.366988 573.648027 51.054597 80.764457
758.264431 572.619718 50.473989 81.252162
759.082405 572.041798 48.655139 79.914670
759.853442 570.409434 48.692789 80.518743
758.821163 568.518757 49.051800 81.022625
760.113568 567.287466 48.509980 80.753681
760.146433 565.976351 48.620659 80.264560
761.720204 564.466339 47.896238 80.386808
762.177443 563.013814 47.490636 80.563311
762.821716 561.853258 47.018546 80.978081
763.257994 560.774921 46.915137 80.842272
762.901106 559.476301 47.145700 80.541905
763.096274 558.671055 47.545289 80.775617
763.692958 556.948238 47.470862 81.105162
764.363212 555.585233 46.946509 80.729450
765.008432 554.476597 46.790100 80.224330
765.124531 553.673566 46.356791 79.973374
766.021163 552.910490 45.174728 79.317911
766.297173 551.889973 44.721340 79.166429
766.430368 550.413916 44.381950 78.475466
765.922784 549.769104 44.789382 77.599480
765.684151 548.267519 44.591182 77.628445
765.221869 547.018458 45.023223 76.739823
764.043087 544.986621 46.330222 77.113846
762.479170 543.709917 48.405009 76.700334
761.110756 541.671438 49.669784 76.648463
759.848772 539.638730 51.090017 77.515254
758.332582 537.972692 52.678010 76.098605
757.330771 537.130198 53.940597 75.407483
756.401412 535.480111 54.355190 76.559039
755.969164 534.413020 54.074946 76.701143
755.573847 532.268700 54.016366 77.798885
755.588216 530.459274 52.893101 79.610883
755.850503 529.374571 52.112035 80.567506
755.423310 527.441577 51.731048 81.848187
754.588302 526.136098 51.640215 80.193172
754.383970 524.704513 51.005435 79.536970
753.459706 522.998008 51.316440 78.683599
752.629188 521.421765 51.266224 78.516519
752.087627 519.910873 51.203889 78.788069
750.894254 518.309230 51.063706 78.335829
750.329344 517.207553 50.303119 77.809663
749.498847 515.745767 48.789995 77.294016
748.116695 514.049188 48.752097 77.027254
747.253763 513.167845 48.578218 77.949184
745.742172 512.931802 48.664501 77.808011
744.590533 511.666358 48.699677 77.126608
743.083995 510.742915 48.105963 76.010807
741.437465 509.390719 48.452253 76.031121
739.920030 508.524201 48.910085 76.005195
737.910199 507.708098 49.240777 74.947305
736.265751 506.604051 49.507530 73.743401
734.063298 505.466113 50.401533 73.953035
731.959876 505.240859 51.194014 72.941066
729.508026 503.366972 51.783936 73.084122
726.060050 501.974175 53.630702 73.117271
723.738418 501.316806 54.830601 72.588429
721.819441 500.344996 55.741908 72.760032
720.216192 500.237255 55.277885 71.041695
718.944232 499.758136 54.977092 70.057445
717.706421 498.070450 55.506611 71.666136
716.433441 497.278931 56.449110 71.234253
715.663993 495.699297 55.897356 72.000148
714.732019 495.426006 55.602557 71.668602
713.741492 493.944689 55.759180 71.933692
713.946544 492.881060 55.399286 72.575030
714.274585 491.465807 55.286613 73.341756
714.936222 489.656137 54.839454 73.353668
715.185426 487.728022 55.666317 73.194218
716.612230 485.744528 54.413808 74.183106
716.681668 483.272291 55.492992 77.246489
718.847523 481.235703 54.068348 78.732820
720.414692 478.506186 52.906535 83.614516
722.731962 477.415394 51.644016 81.328734
723.650474 474.647149 51.930329 78.623513
727.022735 472.689997 49.523093 80.036941
729.387751 469.833267 49.233982 80.060310
731.185480 467.287992 48.597817 79.036150
732.835905 465.276943 49.021460 80.163557
735.037428 465.548192 48.997813 77.975834
737.898771 462.395048 48.328560 81.364560
740.286149 460.508686 47.561576 81.570154
742.299243 461.164839 47.575019 78.514624
743.810045 459.424348 48.138708 79.768380
746.005127 458.791277 48.289010 78.909651
748.898742 457.223721 46.514211 79.234720
750.093290 453.011486 47.402014 82.823369
751.909154 453.393649 47.765973 79.845115
754.159947 452.404358 47.290126 80.539647
756.518467 450.758894 46.276367 78.926147
758.287813 451.425408 45.948494 76.040809
760.101914 447.720325 45.304399 78.639516
762.337490 446.966666 45.627520 78.105682
763.842437 447.418833 46.726664 77.350713
765.369203 446.103526 45.981405 77.243709
766.876769 444.737162 46.456451 77.500271
767.286015 443.415202 48.058281 77.293925
767.439168 442.796553 50.637968 75.742423
768.629300 442.305457 50.969083 75.564118
769.734062 440.593272 51.857456 76.524512
771.581178 439.109175 50.993060 76.356499
773.901847 439.705028 51.194414 74.805078
775.953489 440.496754 50.958993 73.298961
775.863574 438.948063 53.212110 72.952728
777.500014 437.175060 52.518219 75.152581
779.846235 435.119795 52.069920 78.098363
781.759814 434.963200 52.201585 77.195995
784.187010 434.452935 51.983930 77.154403
785.924001 433.916659 52.035157 77.137272
786.249011 431.958915 52.570647 76.823959
788.174106 431.212582 52.569165 76.147810
789.220643 428.725713 52.878985 76.847988
789.142424 426.662395 55.503293 76.760582
790.621652 425.034026 55.520816 77.155744
793.158634 422.590280 53.847986 79.940923
795.679231 422.193288 52.806695 78.968332
797.653616 420.364240 52.478869 78.875876
799.260952 417.708588 52.444880 83.337833
801.934021 417.145112 50.604727 81.641823
803.644962 415.505907 50.431301 82.520495
805.549958 415.306242 50.771314 80.489355
807.903698 414.836087 49.405929 78.093594
809.624712 412.844727 48.480760 79.447440
811.745562 412.953287 46.775521 77.396588
812.536932 412.149233 47.410969 75.915543
811.404391 409.939218 48.930285 77.300015
811.082575 409.886389 51.240463 75.983203
809.161015 408.368071 54.100298 77.496281
808.094087 408.504443 56.437000 75.919817
806.164842 408.688631 58.937574 74.971548
802.017741 409.841533 63.935613 73.014974
801.963776 410.600018 63.420683 67.446734
801.235047 410.258276 64.903799 70.540565
800.353462 409.596965 65.836886 68.977360
801.445759 410.581137 63.833312 67.338536
799.810150 410.258276 65.268298 67.520324
798.297776 411.076217 66.686444 65.522943
798.105692 411.119805 66.412482 65.209624
798.846889 411.923165 65.753848 64.936755
799.456283 412.247734 64.461769 63.852708
799.919997 411.939169 64.440052 65.414833
801.343588 410.924859 61.386219 66.397869
802.288731 410.220381 60.570958 68.448512
802.788682 408.773383 59.924610 70.277392
804.181980 409.149339 59.369222 69.625993
805.550716 408.862824 57.308642 69.994126
805.005275 407.768476 57.938782 70.313381
805.581315 406.386376 57.551043 71.413570
806.216121 405.242812 57.078330 72.897374
807.330830 404.610829 56.411978 73.488442
808.981959 403.988183 54.761080 74.201851
809.627760 403.328193 55.407788 73.778830
811.475500 402.579243 54.376935 74.096011
812.931603 402.481419 53.561454 75.700781
814.756405 401.744527 52.698453 75.833994
815.505915 401.551577 52.742923 75.967207
816.959417 401.989138 52.013769 75.878287
818.181475 401.849627 51.650661 75.196760
819.953103 402.164875 51.217614 75.403987
820.816881 402.353237 51.010236 74.656062
822.680242 402.343288 49.867269 74.734127
822.486937 402.996511 51.353640 74.037686
823.514207 402.902896 51.339489 74.102439
824.103246 403.154234 51.679962 74.067652
824.472644 403.798917 52.193916 74.481107
824.033635 403.962617 53.387012 73.938412
824.701191 404.323914 53.947550 73.469299
824.152466 405.158569 55.375344 72.131627
823.831953 405.543910 56.776533 72.321516
823.663002 407.571693 57.631446 71.034179
823.601119 408.478540 58.798097 70.594090
823.331991 410.216068 60.519075 69.120583
823.622741 410.975210 61.256867 69.504533
824.578057 412.425751 61.213813 69.303691
825.325735 413.232229 60.357747 69.042412
826.786532 414.932001 59.445850 68.262215
827.577820 415.294521 59.217899 69.161569
829.158642 416.677561 58.056364 68.648501
829.567852 417.304013 57.677828 68.892381
830.856905 418.077101 57.761719 69.049400
831.229996 419.652892 56.951847 68.675812
831.366951 420.179549 56.977458 70.021551
831.683019 420.702556 56.911374 70.167521
831.894730 421.756103 57.398877 70.227214
832.251840 423.260411 57.692217 69.726737
832.466466 423.815020 58.671805 70.074908
832.996244 424.962427 58.249749 70.012828
833.825311 425.443820 58.350163 71.269132
834.268433 426.975200 58.785407 70.922217
834.874468 427.501451 59.151906 71.706547
835.028876 429.802728 60.070926 71.422435
835.289996 431.395376 60.386012 70.874974
835.361817 433.488642 60.777977 69.912009
834.388013 434.844557 62.295423 69.496246
835.453921 437.425932 62.159594 68.529819
835.097152 439.119225 63.358215 68.393509
835.246224 441.258614 64.000477 67.443848
836.747205 442.880266 63.808754 66.861699
836.468696 444.716532 64.497682 67.180988
837.477751 446.444745 63.013017 66.908555
838.246858 448.303309 62.302334 67.053762
839.207530 449.690626 62.364024 66.127620
840.591446 449.612058 60.632548 68.264482
840.675252 451.029127 60.698462 68.879742
841.958466 453.013512 60.466136 68.586322
843.102905 455.195903 60.866418 68.467655
843.504035 456.895292 61.631964 68.866140
844.388946 458.957625 61.911170 68.723846
845.230742 461.057284 61.310670 68.426393
846.363498 462.804602 60.609384 68.351682
847.570150 464.354066 60.482410 69.558474
849.059222 466.304816 59.861759 69.441528
850.851454 468.202111 58.757706 69.446387
851.762807 468.928002 58.444286 70.144622
853.369412 470.578043 57.687907 70.636147
854.758080 471.824645 57.575894 71.087908
855.702000 473.612034 57.157406 70.753977
856.373932 475.464704 57.372532 70.712507
857.191479 476.560064 58.054419 70.609830
858.249079 477.996820 58.525955 70.517754
859.246641 479.330504 58.309095 70.480013
860.822547 480.502915 57.890745 70.356759
862.688481 480.939147 56.830760 71.230776
863.976486 481.695674 56.999122 72.228302
865.301577 483.537304 56.749183 71.575562
866.629623 484.660781 56.231163 72.314058
868.466221 486.200060 55.894015 72.014147
869.981533 487.416079 55.462722 72.153889
871.816790 488.345940 54.461060 72.628908
872.984587 490.035633 54.465938 72.105347
873.819979 491.670814 55.198069 72.336497
874.322074 493.122349 56.776733 72.717704
874.545586 495.053473 57.965436 71.703686
874.595907 496.975218 59.390566 71.122742
875.233833 498.956196 60.600034 71.528626
875.293590 500.345557 62.319947 70.122177
874.057085 501.582848 64.136182 70.208527
873.828737 501.468445 65.194483 70.614866
874.141304 505.149441 65.660713 68.205181
872.914484 506.944728 68.195304 66.978507
872.582551 509.580080 68.806685 65.386940
871.773923 512.477592 70.379168 64.060227
871.415291 514.204251 71.211659 64.194131
870.531999 516.415200 72.551857 63.826022
871.179422 518.312201 72.661237 63.933292
870.220708 521.607037 73.957556 63.241557
869.242036 525.003416 75.233125 63.115485
868.247871 527.318807 76.637100 63.022924
868.139755 529.948541 76.861035 63.473233
867.562253 532.491923 77.386663 62.665648
866.900977 535.772669 77.635858 61.384893
866.337964 538.449483 77.543775 60.431134
866.963771 540.893389 75.630397 60.404983
866.293750 544.190576 75.510233 59.916562
865.060385 547.426187 77.279568 58.476863
864.483935 550.350549 77.341074 58.508107
864.060438 552.628992 77.487736 58.790274
863.426366 555.097540 77.987107 58.702817
862.313424 557.864911 79.212693 58.048107
861.902867 560.334046 79.424737 58.293842
861.021138 563.259136 78.739963 58.118328
860.391748 563.779137 78.609775 61.138444
859.757411 566.668897 78.813857 59.997787
859.162338 568.797955 79.076435 60.598686
858.520142 571.947585 79.259957 59.928378
857.529766 574.824172 79.507590 60.663032
855.752274 577.949994 81.089311 60.458611
855.661130 580.280585 79.939517 60.762550
854.103685 583.936964 81.164980 59.959393
852.820954 586.707623 81.461712 59.935204
852.023304 590.040869 81.692594 59.907357
850.683704 593.808047 81.544284 58.633052
850.596636 596.104181 80.191818 60.261395
848.450609 598.754347 81.659265 59.458288
847.901971 601.258762 81.434598 60.259987
846.724697 604.744427 82.198536 59.496008
846.579090 607.100067 81.778854 60.616984
846.256980 610.368467 81.688323 61.090086
846.736120 612.644219 81.016337 62.515636
846.574669 614.282811 80.965725 64.663957
846.618350 616.066885 80.714694 66.132451
846.462879 620.559846 80.927822 62.778518
846.012384 624.140255 80.929627 61.461874
846.732674 626.485575 79.507413 63.310267
847.437933 629.485562 78.384914 62.495190
847.905306 631.234393 77.631889 62.192389
846.979149 634.354336 78.439471 61.000300
846.814057 636.848955 78.493661 60.819778
846.969048 638.951702 78.232487 61.583468
847.007720 640.999221 77.459620 61.772769
846.954505 642.615042 76.311581 62.712821
847.374714 643.501929 75.088168 63.766614
846.516215 645.075773 73.866363 64.157621
845.987189 646.424268 72.534256 63.874072
844.819066 647.811822 73.824117 63.386116
845.439204 648.353332 72.396123 64.516002
844.740842 649.528512 70.572289 65.024328
843.641859 651.877695 69.979986 64.465840
842.981830 653.614792 70.063915 64.250397
841.945535 655.289061 70.418850 64.666265
840.578765 656.708121 70.821722 64.827728
839.751489 658.357001 70.775313 64.668551
839.224149 661.070755 70.348713 64.381980
837.059749 662.709596 72.301803 65.160245
834.868982 664.696675 72.979611 65.198306
832.464666 666.393607 75.099797 65.665554
829.984684 668.897478 75.954860 64.730541
827.984644 670.403492 76.340361 64.322901
823.327419 672.304347 79.486376 63.563940
819.482651 674.532969 81.433747 62.925319
815.479944 676.208071 83.355139 63.095724
810.556454 679.561622 83.221162 60.622234
805.504950 682.796112 85.426998 61.875323
800.470385 686.075905 87.217222 61.302098
796.745770 689.706619 87.429751 61.029818
792.552001 692.987893 88.695913 60.142419
790.723781 695.945337 87.437993 60.770378
787.671491 697.771418 86.494279 62.308205
783.969167 701.043023 84.209955 61.781158
779.916164 704.439604 86.690156 60.986252
775.929418 707.601758 87.845921 61.534490
772.022006 710.824085 86.725003 61.216980
768.582526 713.536203 85.431052 61.316173
764.600500 715.873698 85.664606 61.924270
759.840296 719.130332 84.384793 60.509131
754.251047 722.727438 84.905635 58.929798
748.329500 725.081488 85.228313 58.471248
744.897616 726.548104 83.749798 59.019525
739.202370 729.351759 83.290855 58.485548
734.848030 732.151980 83.029019 57.370493
727.593035 734.664422 85.345772 57.972223
724.035475 736.605659 84.031507 58.190993
717.443563 738.118123 85.594090 58.781994
712.380314 740.602979 85.746505 58.655915
705.796980 742.917302 87.179185 58.706451
698.083242 746.377584 89.360915 58.938342
692.956195 749.377989 88.944235 59.964373
684.742528 751.958088 91.169674 60.654310
678.530476 755.341002 91.421908 61.384664
674.598995 758.714567 89.995373 62.500247
668.668962 761.082836 89.443866 64.506529
662.765150 763.497744 90.431731 65.449336
657.914215 765.855860 90.168072 65.330983
653.244098 768.563537 90.214617 65.235664
649.090863 771.909292 90.501126 64.957945
645.510566 773.974490 89.807014 65.642419
642.251139 776.593692 90.064393 64.001950
639.286335 777.382382 89.984388 64.640646
635.168107 778.747007 90.456958 64.584183
631.277695 779.047957 88.752288 63.275948
628.317345 779.201669 87.753076 62.744223
626.520737 778.229250 86.139342 63.109019
623.905489 778.272571 85.742573 62.015803
621.340780 776.325407 85.244551 62.508957
618.558826 774.361144 84.342168 63.036489
616.681815 771.682613 83.956704 62.496083
614.938703 768.842382 82.699435 62.845209
612.365214 764.103030 82.475996 64.283759
609.587271 759.707174 82.013951 65.593716
607.491066 755.379861 80.194506 65.428816
604.827967 751.692408 81.444671 66.451213
601.631338 747.160341 81.719863 66.866106
599.357889 743.331351 81.400910 67.442524
596.664342 739.984611 84.055718 66.201729
594.984139 737.203973 83.126970 65.484546
593.197082 732.716518 83.124472 65.444644
592.963819 729.081878 81.463353 65.213401
590.953074 724.454405 81.997082 64.528752
589.329512 720.894557 81.102209 63.417906
586.998652 716.792090 81.524808 63.280332
584.664083 712.577529 82.170984 64.177052
581.725480 708.218243 82.450076 63.238303
581.932065 702.786012 81.564693 65.011916
579.700934 698.254814 82.197013 64.596484
577.447778 694.346800 82.922918 64.099241
574.757238 689.057311 84.216243 64.289613
573.579654 684.022801 84.250351 66.163535
573.146699 679.254952 83.568064 67.656077
571.607411 674.887462 81.725551 67.195491
569.988751 669.490356 84.034858 68.112923
568.664605 663.788245 84.700564 68.605111
568.447991 658.626302 84.131572 70.031570
569.775277 653.674643 81.662136 70.970004
570.770943 648.996037 79.433187 70.123116
571.626620 644.020064 76.576701 69.953625
572.223624 637.650764 75.095813 71.356712
572.415994 630.952190 73.164844 72.513250
574.352927 624.536897 69.939285 73.224519
575.481916 618.502012 68.432938 74.891581
576.255883 612.209289 66.818248 75.196383
577.186302 606.123791 65.560024 74.615024
578.445144 598.449238 63.699056 76.370780
579.016315 591.633907 62.636122 75.818219
578.973119 584.074963 63.943633 76.798207
579.534834 577.197998 64.534160 76.805342
580.426134 571.443802 63.602914 76.006574
581.505919 563.133778 62.648505 76.492731
582.847187 554.872238 62.114183 78.172254
584.677038 548.344964 61.539815 77.414915
586.838114 541.907841 60.411901 78.209299
588.692132 534.668785 60.191994 78.507721
590.346243 528.312365 60.372334 77.948277
592.387493 519.685367 60.048026 79.625501
594.609557 513.921262 59.671821 78.315586
595.791767 507.343573 59.945473 78.320150
596.633641 500.378363 61.648421 78.860735
597.797083 494.601963 62.871239 77.364595
596.297808 488.348133 66.764823 77.464187
597.871820 483.369973 67.209786 75.870939
598.820624 478.570881 67.874777 73.826892
600.765349 472.248740 67.479662 75.810864
602.784804 467.212263 67.379801 74.806270
604.700089 461.290314 66.750058 75.265843
606.734151 456.240031 66.762260 75.074963
608.345591 450.290333 66.806103 75.390772
610.578023 443.925497 66.338043 75.625435
613.077266 436.392751 64.914399 76.507383
616.008385 429.709368 64.196494 77.567663
618.888774 424.115740 64.077239 78.335287
621.228448 417.562655 63.886521 78.800304
624.959768 411.777356 61.710330 79.653313
627.811036 404.379323 60.846231 79.578257
631.119997 398.516396 60.517829 79.838116
633.795248 393.262968 60.484453 80.528796
637.271950 387.337670 59.367493 80.913152
640.513927 381.319323 58.702942 81.425571
643.999476 376.103121 58.066743 81.177285
646.037683 370.558398 58.496913 81.863790
648.104193 365.702423 59.043070 81.682997
649.915705 360.218119 59.395318 82.238291
652.124629 354.618220 59.490049 82.836014
654.459935 350.820219 59.625461 80.814482
656.134383 345.344942 61.108355 81.356097
657.941892 340.691547 61.520222 81.419667
660.172025 336.931988 62.427567 80.661256
662.308015 332.846889 62.065535 80.412419
664.326366 328.714317 62.968568 79.591301
666.031917 324.544882 65.133762 78.480552
667.887597 320.879622 64.533494 78.578867
669.663306 316.777383 63.925112 78.548061
670.835020 312.805451 63.796328 79.066577
671.158417 308.905895 64.343841 78.657562
671.818876 305.778146 65.029696 77.685510
671.785856 301.902177 65.802559 77.839821
669.887383 297.754452 69.921386 76.885766
669.748484 294.568976 68.752010 76.592583
668.657994 291.073911 69.673443 76.438057
667.777795 287.347719 70.856529 77.472163
666.818969 284.911385 70.627355 76.728564
665.346764 282.753262 71.822129 76.545828
663.562745 280.074742 73.549792 76.378324
662.178242 277.859312 73.897464 76.450673
659.917985 275.996273 74.219425 75.885510
658.668836 273.591166 73.791844 76.102710
656.903065 272.269256 73.526598 76.240784
655.373990 270.346371 73.376847 77.163669
654.410274 268.101527 73.330484 77.064374
654.295173 266.230411 69.806994 77.359996
652.018947 264.059210 69.526333 78.433455
651.296623 261.862083 67.883486 79.489155
650.135546 260.642391 67.476503 79.815880
647.556556 259.086474 68.420099 81.604560
647.734559 258.091777 65.881662 80.958385
647.088118 256.236542 64.767640 82.173950
646.052457 255.006600 64.763329 82.323971
646.110593 253.833226 64.434691 82.537293
646.389023 252.425632 63.992283 82.944885
647.555001 250.778859 63.279896 83.838960
648.622704 248.895254 62.474196 84.767397
649.560661 247.657203 62.525127 84.558245
650.227844 245.716843 63.026605 84.782830
651.825894 244.896913 62.163477 84.610291
654.912654 244.304299 59.738696 83.637567
655.478736 241.773745 59.440625 84.292778
658.592173 238.579186 57.254964 85.527131
659.892831 235.925449 56.856426 86.909353
661.592186 234.652790 56.593959 86.845186
663.713332 233.134764 56.511209 86.869493
666.014575 231.483864 55.829134 87.572657
667.318319 230.081803 55.099701 87.358356
669.165220 228.818952 55.321745 86.750400
670.156645 227.150729 55.579223 86.592321
671.933480 226.831309 55.514225 85.852683
672.524673 225.863158 55.678955 85.967629
673.966145 225.832126 55.273771 84.872293
674.880199 224.152836 55.359957 85.611056
675.525732 223.635954 55.823153 85.667778
676.371634 223.220850 55.759970 86.031795
677.507888 223.231409 55.809886 86.529739
677.994227 223.180131 56.195407 87.282307
679.561845 224.313910 55.907363 87.026343
681.364811 224.468793 55.354553 87.901562
682.143412 224.547487 56.031415 88.989918
683.383979 225.605831 55.755418 88.729509
684.388985 226.159979 56.571542 89.738647
685.867172 226.766835 56.666570 90.325186
687.179413 227.067563 57.223725 91.243962
689.929062 228.058380 56.314740 92.209410
691.742764 229.134464 56.233774 92.794154
693.742765 230.391759 56.067541 93.515561
696.031785 231.648250 55.315099 94.424833
697.981603 233.493354 54.896031 93.802407
699.862315 235.557597 54.762182 93.083047
701.628169 236.700109 54.652077 94.264748
704.230685 239.683668 52.930485 92.519865
706.370029 241.856749 52.072288 92.523169
708.018608 243.862782 51.993727 92.549679
710.238297 245.989937 51.814932 92.789313
712.465025 249.146182 51.553557 92.535377
713.833264 251.133433 51.923465 93.077791
715.549857 254.116845 52.262178 92.428672
716.671676 256.622134 52.699951 92.056800
718.200935 258.769527 52.714106 92.382002
719.674013 263.113296 52.426928 90.578360
720.845478 264.905896 52.049757 91.203162
722.130511 267.321319 51.129230 91.156124
723.185867 269.165438 51.049898 90.847072
723.401729 271.775976 51.222755 90.504948
724.195678 274.519601 51.381305 90.645477
724.316261 277.806549 51.529611 89.669367
724.023397 280.861460 52.206184 89.305752
722.763419 285.104918 53.397444 88.127740
721.011671 289.096670 54.887136 87.673357
719.702204 294.077296 55.657171 87.299942
718.437074 298.335826 56.085188 86.861983
716.063371 302.644410 58.268353 85.681487
714.390653 308.570031 58.781278 83.674347
712.835029 313.127933 59.847324 83.726161
711.718680 317.653477 59.912635 83.101614
710.495615 322.033468 60.594451 82.503932
709.293583 327.310668 61.059709 81.613141
706.171530 331.363916 63.166917 81.710634
705.652929 335.264860 62.935967 82.209002
704.716480 338.204859 62.785967 83.527436
703.720366 342.078617 62.783665 84.101136
702.774703 345.773348 62.829588 84.582148
702.299772 349.667337 62.803816 85.314225
702.447448 351.916573 62.500425 86.968880
702.675592 355.567148 62.416383 87.886483
704.051667 358.974573 60.870477 88.572483
704.812164 361.673619 60.134077 90.445436
705.785948 365.398116 59.424473 90.357120
706.739447 368.642147 58.904500 91.186804
707.668565 372.014849 59.109745 91.675722
709.181746 375.431343 58.842941 92.200567
711.057568 377.676172 58.295998 93.155904
713.057566 380.317606 58.295998 93.978665
715.368644 383.059719 58.154221 94.766612
717.999108 386.722271 57.289287 94.538379
720.881095 388.922718 56.303206 95.066910
723.003764 391.875448 57.024395 94.895928
725.967431 394.445502 56.312636 95.338945
728.490692 397.315163 56.615716 95.539009
731.628637 400.141015 56.119446 95.748070
734.205266 402.634684 56.137580 95.747438
737.085550 405.539618 56.559700 95.602512
740.359598 407.985466 55.957639 95.827168
744.109359 409.697487 54.914576 96.497008
747.309638 412.262310 55.352133 97.017047
750.422934 414.736762 55.134288 97.020922
753.623927 417.486591 55.482472 95.951142
757.843331 420.177610 54.196558 95.905070
761.974798 423.342999 53.645069 94.910952
765.418751 425.730514 53.862304 96.364428
768.827326 428.603623 53.935018 94.965597
773.015970 431.209631 52.795127 95.225807
776.141942 433.209633 53.940499 95.442351
780.551540 435.124104 53.814705 95.256577
785.109865 437.514313 53.295449 94.555919
789.944029 439.515262 53.278475 94.594712
794.375611 441.689330 53.234368 94.386978
798.573712 444.208928 54.333677 93.800103
803.242488 446.008118 55.219111 94.368862
807.917401 449.255039 56.448718 93.371496
812.685571 451.414120 56.823890 93.292195
817.264281 454.135985 57.137612 92.845232
822.264286 456.549552 57.822684 92.865016
826.943919 459.674944 58.736943 91.988591
832.239912 461.663095 58.037789 92.452534
837.000320 464.380054 58.846125 92.100422
841.495748 466.497275 59.468807 92.643727
847.011654 469.216466 58.592823 91.510481
852.056211 472.770440 58.100979 89.710879
857.970781 475.362539 57.710653 89.574550
862.760699 478.236524 58.559052 88.909185
868.368471 480.974264 59.085746 87.205004
873.342533 483.533778 60.056517 86.726940
878.556393 485.558981 60.984452 85.289708
883.611028 487.533769 61.832135 85.817666
889.357941 489.716349 62.147587 85.420678
894.448658 492.147752 62.875538 84.686488
900.208011 494.782394 63.315322 84.831913
905.681409 496.807019 64.642528 85.032025
910.994356 499.060319 64.834233 84.404356
915.925860 501.405883 66.607216 83.447900
921.422138 504.258377 68.008962 83.184771
926.224068 507.495743 70.070645 82.325755
933.294671 508.425485 70.143658 82.051185
937.580109 511.799019 73.276775 80.512578
942.043815 516.064386 76.745783 79.291294
950.631331 518.865309 76.008348 76.631488
956.612548 521.560738 77.762899 76.804423
963.374203 523.456551 78.980459 76.051461
968.830026 526.969056 80.206467 73.963995
974.889490 529.816749 80.569733 74.706504
979.448423 534.486281 82.809283 73.462565
982.289175 538.778104 86.454859 71.189980
986.650632 543.012305 86.575451 68.600578
990.074144 547.002612 87.382039 68.769756
993.035630 552.316036 86.919015 66.674401
994.785387 556.807666 87.533268 67.113210
996.213732 560.850939 87.820468 66.518222
997.638565 564.488492 89.674518 66.642633
996.447486 569.458348 91.693097 65.409678
994.419527 573.589504 88.548193 66.404348
992.160708 579.129853 92.939256 65.326294
989.320255 581.979052 89.795805 66.662918
985.285670 586.181256 90.650473 65.764424
980.158839 589.435569 92.652572 65.356205
975.803234 593.157649 93.548902 64.802934
971.178541 596.299356 95.226069 63.459548
966.150138 598.884674 95.149497 62.509517
961.090411 599.399117 94.718231 63.139765
955.324346 600.226472 94.725036 63.518716
950.110140 601.654165 93.114465 64.189429
942.673440 603.133156 94.348320 63.976842
937.207876 603.471533 94.628986 64.190718
931.385150 602.110678 93.392724 66.112986
924.817760 601.285323 92.217583 66.748811
919.468255 601.147228 93.100800 66.242063
913.802342 600.632821 90.721513 67.260109
908.659560 600.143277 91.565091 67.414246
902.708989 598.588633 91.222566 69.035256
897.502134 597.110172 91.690400 70.378670
893.127249 596.816752 91.572340 70.896894
886.483540 596.744274 93.809067 71.639753
881.261828 597.012883 94.078140 71.581806
877.470534 596.665899 92.954238 71.985091
873.871394 596.275318 92.864348 72.645905
869.712951 595.677366 92.825046 72.837138
867.483868 594.876465 92.500658 72.277388
864.734424 594.806799 92.518917 71.902774
862.114869 594.257895 93.554703 71.997570
859.723073 594.521613 93.617093 71.542932
856.797631 593.922523 94.507288 72.441218
854.762034 593.758403 94.145973 72.394441
852.953220 594.152342 92.590616 70.988942
850.928059 594.374059 92.291971 70.444853
848.425715 593.558438 91.189087 70.965933
846.267662 592.664329 88.404819 72.160585
843.219956 592.061615 88.312972 72.142029
840.992891 591.607768 85.286437 72.469599
838.028987 591.053148 82.547107 72.489826
835.108255 589.583231 80.529075 73.678779
831.470261 587.691631 79.326607 74.293076
828.456956 586.059219 78.897284 75.948166
825.238408 584.386519 76.286959 76.822245
822.222302 582.153368 74.227489 78.244226
818.838655 580.022335 74.414309 78.869195
814.809857 577.436892 74.934057 80.512179
810.720551 574.962546 74.079431 80.878855
806.572900 572.542550 73.621960 82.068063
802.088248 569.559552 73.318831 83.020029
798.172915 566.531669 72.098256 84.861433
794.247625 563.604722 70.653482 86.222365
790.251960 560.153225 70.131492 87.249167
786.248242 556.915696 69.283764 87.626311
782.135093 553.564690 68.155477 89.174907
777.857370 550.595842 67.418371 91.347959
773.598404 546.947171 66.451976 92.564383
769.529824 544.278597 65.653023 91.990858
764.651426 541.022213 65.012261 93.219551
760.375352 537.880226 65.858998 93.458758
756.674278 535.110190 65.276951 93.813126
753.666043 531.984859 63.760273 94.299187
748.857408 529.880244 64.915463 94.203813
745.339222 527.121495 64.152372 94.735937
741.339223 524.567166 64.250462 94.886911
738.534458 521.365124 63.022502 95.892072
735.144071 518.810077 63.283805 95.157332
731.600487 515.851296 63.860383 94.793510
729.762831 512.468961 62.571045 95.477092
727.752560 509.712395 61.957256 95.592323
726.046748 507.136361 61.497960 95.105679
724.004964 502.760494 61.687789 96.270813
720.980190 499.639072 62.597509 95.672673
720.022466 495.799698 61.577833 95.278283
717.920962 491.914160 61.344979 96.283813
717.533488 490.265440 59.717537 93.783774
715.542449 488.920642 60.031823 93.572780
713.967575 483.620988 60.300969 96.040629
712.991696 483.826669 59.912788 93.190288
710.927227 477.277635 60.911263 96.229507
710.066947 478.684819 60.516063 91.074169
708.577888 474.758485 61.562549 92.548836
706.781535 473.799219 60.759976 91.685040
704.475022 470.534473 62.291144 91.819479
702.318809 467.129501 62.936007 94.042942
700.065306 467.964013 62.037530 90.767880
698.140954 465.687614 62.391532 90.605046
696.193963 464.073721 61.878353 90.005785
694.439112 462.729083 62.332485 89.877209
692.622329 464.391970 59.765894 85.708245
691.331510 461.418281 61.096113 86.975243
690.052163 458.484960 60.631902 87.456773
688.278840 456.106057 61.536200 86.655605
686.918017 454.047065 61.594533 87.596745
687.363278 451.238331 60.549304 89.955409
687.356075 448.306010 60.330594 91.826133
686.236190 447.180893 60.658981 91.716064
684.541037 446.835720 61.209537 90.837380
684.339630 444.823812 61.481772 91.254359
684.389431 442.247978 61.686057 93.333932
683.126064 441.912286 61.371442 91.904713
683.434603 439.049535 60.207960 93.225845
683.130082 439.499410 59.275263 92.860018
682.628126 436.724729 59.010119 94.659328
681.608498 431.476985 60.622568 98.193410
680.752422 432.972491 61.079065 96.694303
680.089140 433.412412 61.580727 96.379408
678.949295 434.266716 61.662622 96.212965
678.467150 434.623512 61.927400 96.159045
677.827781 435.220950 61.547353 96.527156
678.488749 434.520304 60.525291 98.018680
677.970573 436.266700 60.727002 96.246457
679.021977 437.382664 60.188651 96.021299
679.833777 437.724765 59.906967 97.172599
680.484286 438.649964 59.760860 98.664037
680.506613 439.228204 60.312311 100.351656
679.993355 440.409525 60.920313 100.660026
680.916926 440.388411 59.444207 100.973320
681.436591 442.717009 59.029753 99.105949
681.117362 443.507819 60.640631 99.814559
681.090938 444.503679 60.182057 99.276583
681.428044 445.577215 60.169800 100.683955
681.383657 447.602366 60.487781 99.459333
682.145521 449.365863 59.951924 99.148747
682.349845 451.801031 60.064718 98.672924
682.954931 454.257311 59.804947 97.935332
682.917306 455.824464 59.526198 98.748085
683.193576 458.586210 59.317663 98.085459
684.107585 460.791632 58.896481 98.188224
684.057878 462.759197 59.297878 99.087700
683.907050 464.945800 60.152581 100.076212
685.432075 467.273524 59.556166 100.927692
686.670727 470.086415 59.426694 100.525460
687.770639 473.601333 59.250549 100.224055
688.115107 475.961066 59.604512 101.898459
688.664963 479.108692 60.293234 101.538023
688.151586 481.781625 61.429116 102.115515
688.682014 484.649153 61.390183 102.306116
689.274488 487.385283 61.702161 101.866938
689.368532 489.918139 62.439130 100.614225
690.274463 492.638849 62.133162 99.590667
692.178493 494.375393 61.196656 99.320939
693.576222 496.807402 59.667446 99.314005
694.484204 498.961062 60.258883 99.573507
695.960258 501.963324 59.242914 99.190490
698.519563 504.451676 57.950671 99.048072
700.615154 506.941350 57.664521 99.012323
701.921107 509.952993 57.481409 99.739785
703.168982 511.925563 57.322528 99.980304
705.890094 514.245856 56.424160 100.165859
706.979468 517.409631 57.018546 99.702174
708.848313 520.530175 57.304676 97.891874
710.611343 523.295215 58.207677 96.961318
712.894281 526.538456 58.133910 96.631062
714.814835 529.122167 58.681686 97.985396
717.573168 532.337603 58.542156 97.509290
720.056649 534.826164 59.995190 96.263161
721.865719 537.413783 61.818562 93.831019
724.881619 540.021770 63.030121 93.265233
727.668485 544.111836 64.018198 91.415311
730.678383 548.084948 64.839935 90.221067
733.415340 551.467000 65.874874 89.272607
735.631100 554.402283 67.868570 89.476568
738.961580 558.064603 67.964782 88.478528
742.145464 562.563672 68.656014 86.996988
744.557618 566.395676 71.515325 86.137647
747.033265 571.337346 74.663425 86.039145
749.050444 575.771310 76.698647 86.213112
750.190739 579.537048 79.197387 86.970119
754.374677 582.826709 80.041518 87.508139
757.547757 586.880727 80.556573 87.161130
759.413510 592.412512 82.378908 84.636265
763.121173 595.927998 81.053069 84.992485
766.543018 599.654301 80.896846 84.486482
770.233064 603.169531 81.047578 84.972488
773.423861 607.654023 79.571952 83.943431
777.681477 612.093120 80.319543 83.828703
781.260682 615.954098 81.560585 83.275529
785.060577 620.076255 82.092952 82.790447
788.978399 624.961843 83.755859 80.272716
793.108676 629.182637 83.389227 79.152060
795.870769 632.943441 85.330328 77.944628
800.828620 636.597685 85.095045 79.599722
804.431023 639.984747 87.007555 79.875348
810.532688 643.201244 84.994891 81.534274
812.471427 646.971833 86.764469 80.339752
818.063136 649.880323 84.879229 82.420630
820.374421 654.076175 88.775436 80.405820
822.817585 657.599577 88.517248 81.037054
828.203336 661.722523 88.038699 79.964418
832.134886 665.032966 89.040363 80.702657
835.122024 668.301563 88.255220 80.831325
839.433016 673.636817 88.550640 79.768027
842.550332 676.986175 89.081253 80.704654
846.019606 681.622246 89.427413 78.981826
850.430429 685.841800 88.796936 77.970794
854.952365 690.345762 88.224131 78.318708
858.949279 693.153087 87.072143 79.383975
864.096698 697.271556 86.370419 78.732077
869.388551 701.358821 84.618515 79.170060
873.958541 704.440078 83.790581 80.095452
877.838651 708.531065 84.540947 80.212251
882.023257 711.843166 83.313295 80.104849
884.823695 715.441402 85.261876 79.377463
889.089007 718.728720 83.732462 79.121403
893.659317 722.828798 83.009465 78.819379
897.674177 726.430908 82.810474 78.157336
901.893778 729.682938 83.073425 78.043470
905.455388 733.277683 83.205353 79.096296
908.520044 736.332269 84.921386 78.941544
912.447654 739.533073 83.919204 79.671140
915.528706 742.558840 84.393138 80.305981
918.219952 746.217117 84.246991 79.012119
921.496211 749.790266 83.626392 79.499627
924.537042 753.379477 84.252578 80.050736
928.397037 756.011341 82.160682 80.499475
932.226421 758.804841 81.776154 80.815292
936.351840 761.317074 80.598507 81.566821
940.227571 763.763262 77.185650 82.543462
944.167747 765.757732 77.742344 84.070556
947.894675 768.204851 76.524383 84.429499
951.904094 769.880301 73.975723 85.719406
955.762269 771.725041 72.636055 86.503712
959.017230 773.281339 72.800894 88.071999
962.354540 774.936714 72.965813 89.718219
966.822558 776.049600 71.683113 91.682715
971.047390 777.601119 70.975044 92.658355
975.529119 779.120157 68.950952 91.330866
978.888272 780.872842 68.138642 92.388637
982.928904 783.118854 67.486583 91.627474
985.955221 785.319398 66.518318 91.824915
989.673609 787.178200 66.084532 91.692452
993.421816 789.115543 65.679345 91.886405
996.117362 791.703771 66.841781 91.159834
999.488709 793.949456 65.945320 90.921193
1002.745736 795.695256 66.452124 91.470910
1005.191904 798.242024 67.430619 91.969686
1007.941912 800.567259 67.521233 91.159223
1010.717427 803.012655 68.088790 91.061168
1013.083837 803.838213 69.367576 91.963282
1015.832228 805.547761 69.743715 91.799316
1018.263007 806.607632 69.512296 92.621904
1023.279161 807.850396 67.849587 91.773283
1026.499030 808.815866 68.910011 91.782076
1030.411435 808.930879 67.184370 93.123933
1033.168032 809.822260 67.285466 93.045285
1035.712589 810.324115 66.855615 92.492349
1039.285819 810.860083 66.511123 93.217253
1042.006426 811.770872 66.180926 93.501013
1044.601436 812.511651 66.391472 93.355919
1047.290144 812.528482 66.936886 95.081069
1050.424910 812.947587 66.915993 95.891840
1053.728672 813.204688 66.004120 97.459329
1055.770772 813.385271 67.135051 98.823857
1059.140964 814.325029 65.573877 100.280223
1061.347441 814.739351 66.031258 102.016587
1063.135654 815.889972 65.847426 101.742958
1064.692981 816.447794 66.479517 101.641351
1066.117633 817.415166 67.234049 99.910081
1067.892534 817.915308 66.675287 99.693581
1069.686810 817.671507 67.571574 100.315572
1072.917485 817.378874 66.265747 99.626103
1075.101025 817.926184 66.008099 99.797819
1076.389871 817.810753 66.988807 100.138140
1079.134063 817.982741 64.992308 100.209863
1080.973417 817.322221 64.045106 100.353922
1082.931560 817.089467 63.448674 100.452488
1085.329074 816.286070 63.366642 101.309295
1086.671480 815.976834 63.967961 101.878344
1087.639952 815.912425 64.822889 101.957788
1089.759590 815.323087 64.244834 103.494018
1090.549749 815.578478 65.146955 104.098099
1092.344400 815.442012 65.281220 103.752091
1093.676211 815.192589 64.128937 104.399722
1094.987973 814.387665 63.600130 104.255067
1095.937090 814.572177 62.656755 104.360241
1096.584797 815.217063 62.172416 103.057750
1098.387582 814.724210 60.778401 103.323788
1099.268577 814.648502 61.421430 104.169802
1100.286146 815.006551 61.909432 105.434828
1102.035800 815.668376 61.394907 105.305925
1104.168418 816.393623 60.279102 102.979517
1106.338913 815.609903 59.329283 103.497704
1107.275604 814.663077 59.974678 103.203133
1109.393821 814.253549 59.807942 101.348201
1111.157377 813.657941 59.588104 99.973686
1111.877929 813.107187 59.727970 99.079537
1114.096146 810.199337 59.204162 100.709935
1115.293751 810.461666 59.244691 98.366657
1116.586908 807.487984 60.584944 99.266182
1117.421458 804.017271 61.232846 100.709219
1119.888099 802.108758 61.176859 99.653270
1122.174809 799.303933 60.564438 99.659145
1122.090944 797.647130 61.916128 100.240082
1123.191372 795.108757 62.581960 99.930781
1125.485749 792.591330 62.919928 99.446577
1127.924405 790.144647 62.729066 100.593309
1129.825018 787.750258 61.781249 101.898919
1129.659577 785.980075 63.860360 100.811466
1132.183991 782.984598 62.607369 101.521954
1133.666834 780.463959 62.234092 98.897398
1133.446734 777.476092 63.328474 100.575327
1133.073969 775.047277 64.228476 100.910681
1132.137912 772.913423 65.668859 100.330359
1131.326440 769.772777 65.751468 99.231996
1130.434246 766.614248 68.154009 101.414120
1130.964507 763.034702 66.369295 102.085293
1131.268682 759.176120 66.333376 101.986500
1132.268207 756.094310 65.033843 103.080921
1132.304674 752.235642 64.714693 103.604221
1132.304674 748.533633 64.795132 104.570899
1132.891845 745.739482 64.178171 100.992325
1133.687013 741.658401 63.915921 106.340497
1134.411597 738.579646 62.613573 106.631287
1133.581735 736.723427 63.360764 104.093753
1133.604267 733.083681 62.791187 104.933570
1134.199402 729.919474 61.468378 104.965952
1133.971508 726.179569 61.795109 104.556835
1133.184925 722.947260 62.912736 104.691032
1132.764694 719.843149 62.735803 104.468326
1132.411896 715.781173 63.124109 104.128320
1132.086270 712.855554 62.469170 104.432042
1132.198096 709.903526 60.512980 105.279272
1131.269920 707.643171 60.921849 104.792707
1131.136321 704.977411 61.224154 105.383276
1130.507927 700.492667 61.260752 106.028505
1131.204041 696.361314 61.228914 105.788547
1130.307444 691.925782 62.495778 105.930228
1130.243014 688.740824 62.074649 104.766292
1130.479676 683.964968 62.710443 105.416307
1129.754666 680.510898 63.535673 104.139424
1131.517669 676.651944 61.028132 105.715043
1132.245477 673.024745 59.823403 106.044508
1132.560772 670.270998 59.653448 104.958135
1133.630875 666.472855 58.702232 104.151805
1133.653864 662.947535 58.380239 104.017686
1133.781770 659.494912 59.543983 105.860334
1134.012743 655.392075 59.429605 106.046059
1134.590773 651.743932 59.922382 104.002606
1135.020502 648.143134 60.570139 104.069432
1136.054696 644.606728 59.861156 103.382411
1136.755514 639.810361 60.897378 104.288983
1137.703704 635.298734 59.381544 105.444216
1138.312613 632.454486 59.456400 103.394168
1139.394115 629.390700 58.202572 101.233718
1139.817186 625.468096 58.865459 101.660169
1140.268671 621.382999 57.181813 100.756227
1139.388060 617.741502 57.488287 100.933566
1140.292667 614.879091 54.979910 102.667557
1140.942057 614.022163 53.569142 99.367677
1140.960681 611.759503 53.402363 95.901939
1140.303366 611.399002 53.794266 89.286491
1141.604809 611.476748 52.077186 86.521355
1139.387498 603.696359 54.161387 91.063116
1138.636310 608.813411 53.967358 83.252752
1137.898509 587.096553 54.170830 102.348653
1137.447137 580.618126 54.289710 105.565440
1137.221063 574.751179 53.786427 112.359332
1137.250150 572.204864 54.821998 112.899504
1135.514192 569.983022 56.128709 112.752591
1133.825345 565.450976 56.518741 114.083625
1132.647731 562.975884 58.024855 110.678635
1131.163630 559.685190 57.703631 114.117083
1130.928370 556.708956 58.397259 110.947880
1130.202571 554.838906 57.722161 98.418545
1128.410682 551.520238 59.086378 100.607041
1126.766823 548.321128 59.428854 103.905402
1125.682405 545.901011 61.195770 103.330117
1124.062765 542.311414 62.306324 104.418523
1122.692402 538.224735 62.160995 102.395860
1122.043392 535.632766 61.952610 104.701040
1120.290389 532.542718 61.484966 107.275607
1118.379184 529.930811 62.402565 109.668104
1117.207383 525.347083 61.160360 112.840703
1115.670939 520.931613 60.638887 108.556652
1114.019648 516.280045 60.952188 107.605967
1113.306783 510.956729 60.902535 110.139575
1112.875755 504.993527 60.163839 106.315804
1111.320617 498.775138 60.578733 98.418478
1109.707498 490.865862 61.076393 98.119459
1108.667818 485.916387 60.981867 93.989554
1105.980597 476.726305 62.029545 97.337133
1105.620016 470.007026 61.469303 96.732985
1104.149362 461.152927 61.304313 101.273303
1102.642294 453.468754 61.496123 101.020342
1100.286668 446.819971 62.604936 99.196427
1097.639515 437.225309 63.564152 100.236146
1097.231646 428.553020 62.891625 99.907794
1096.786522 417.402984 61.845850 102.093058
1097.003868 407.240018 61.071713 101.915399
1096.082952 398.781193 61.684709 106.395066
1095.091795 388.484367 61.391554 107.664651
1095.924109 378.760942 59.506646 106.979864
1094.974363 368.065419 59.270848 108.812309
1094.721474 357.201901 57.846568 106.813042
1094.326763 347.013848 57.154583 105.587431
1093.224244 337.265150 57.784847 110.188619
1092.413328 324.902082 57.186926 109.309041
1091.799659 313.816316 57.305270 106.875961
1091.258907 301.678872 56.962574 105.144521
1089.811076 290.397471 57.552710 103.309763
1089.474630 280.289507 57.266934 101.500898
1088.908338 270.969471 57.144514 104.139110
1087.712530 259.963204 57.194383 106.469294
1087.705829 249.402146 56.411311 105.399882
1086.529387 237.872169 56.455849 106.142279
1086.114770 226.254861 55.769615 104.161210
