813.000000 427.000000 116.000000 148.000000
812.147422 428.363639 116.325784 146.091654
812.567251 428.096373 115.621407 145.431622
812.280042 427.966466 115.828394 145.076900
812.339723 427.770252 116.029264 145.417330
816.849628 427.966466 116.490852 144.717215
828.553970 427.474801 115.856522 143.994691
844.522054 427.048359 116.014923 143.788396
872.670322 426.657640 115.326677 144.168325
907.742606 425.105103 116.368017 144.881852
940.794105 424.474797 115.923343 145.137127
981.112600 423.580303 115.844658 145.530319
1019.691493 423.966459 114.915004 144.932898
1048.521772 423.458390 115.525377 146.389392
1072.847817 423.393406 114.936373 145.927348
1088.076397 423.376020 113.748819 145.379512
1092.582086 423.640282 114.894962 145.421716
1094.586963 423.950410 113.782025 145.391209
1094.685653 424.228909 113.797749 145.193029
1094.392338 424.131173 114.275471 145.651836
1094.613202 424.197091 114.646310 145.648849
1094.783708 424.311158 114.652709 145.959824
1094.414025 424.311158 114.467538 146.395450
1094.541422 424.770248 114.691088 146.504723
1094.468191 424.933976 114.888620 146.836157
1094.712066 425.032654 114.696428 147.468720
1094.583026 425.590672 114.693812 147.405961
1094.907287 426.492109 114.234868 146.918800
1094.712066 426.868438 114.944399 146.990776
1094.859145 427.689071 115.108291 146.941134
1095.250073 428.294535 114.705971 147.262534
1095.250073 428.933992 114.458350 147.201170
1095.689294 429.736194 114.951179 147.398954
1095.567272 430.492105 114.998236 147.798493
1095.714699 431.114915 115.348967 147.357913
1095.934897 431.853053 115.567016 147.932679
1096.200446 432.871814 115.148598 147.829244
1096.326398 433.903336 115.222612 147.450802
1096.567241 434.555904 115.496393 148.009107
1096.650952 434.717059 115.446999 148.637085
1096.887954 435.970492 115.693380 149.213602
1097.260515 436.657724 115.039217 149.413214
1097.500912 438.134319 115.752956 149.171871
1097.595789 439.154625 115.329927 149.587705
1097.892431 440.197156 115.282434 149.157287
1098.035767 441.396294 115.420539 149.329681
1098.353115 442.495642 115.462594 149.603110
1098.446742 443.757413 115.728121 149.239192
1098.744361 444.457910 116.182291 149.761889
1098.537260 445.479675 116.433961 150.324751
1095.754902 446.740554 116.893530 149.511731
1090.802783 447.679307 117.813749 149.006254
1084.427822 447.338027 119.707422 148.437206
1075.970690 446.113352 121.414765 148.987582
1066.532845 443.620881 120.952851 149.558766
1056.215115 438.103180 119.696637 150.681716
1047.909481 434.506010 120.391708 151.163793
1038.598851 428.550394 121.062076 150.687452
1029.029551 422.487526 119.358841 151.697202
1020.773603 419.321644 120.842197 150.887997
1011.762110 413.235045 120.041246 150.543486
1002.428918 407.767662 118.541624 151.530072
994.023054 403.750588 120.005184 152.283157
985.195079 397.572290 119.962519 152.226552
975.829003 392.722496 119.690800 152.171007
967.664247 389.193204 120.621677 150.823452
959.658200 383.592493 121.292274 151.133326
953.432338 378.074280 121.188038 151.871932
949.282644 374.600203 121.010626 152.089997
947.251803 368.872284 120.384745 151.340244
946.752543 363.502288 119.623399 150.668718
947.101089 358.885516 119.389707 151.619781
947.394040 352.692636 119.318567 151.720451
947.875286 347.358739 119.071530 153.286508
947.855180 342.632405 120.079204 152.169721
948.310133 336.614841 119.691064 152.701452
948.567436 330.628427 120.056004 153.173698
948.765343 326.315638 119.923243 153.349287
948.958618 320.776230 119.575184 152.565057
949.496372 316.391938 119.516089 153.519060
949.248009 315.451597 120.518215 153.169575
949.546967 315.380600 120.206375 153.539899
950.091527 315.896551 120.129496 153.940389
950.324183 317.076499 120.064170 154.327699
950.632920 318.439115 120.079372 154.608804
951.023879 320.030211 119.585571 154.244786
951.471787 321.510493 120.020382 154.172747
951.863153 322.668346 120.239397 154.349464
952.177806 323.721892 119.560787 154.630178
952.484051 324.824810 120.490500 154.681543
952.952199 326.392093 120.044625 154.679685
953.023877 327.618802 120.754390 154.964766
953.267599 328.753961 120.928649 154.496778
953.417424 329.753968 121.058658 155.115369
953.812572 330.909304 121.522743 154.905960
954.351462 332.115831 121.324052 155.086117
954.510042 333.012654 121.316206 155.810589
955.211397 333.942972 120.962344 156.323552
955.519916 335.408462 121.641176 155.876310
956.142331 336.305046 121.365089 156.292077
956.602809 337.511727 121.311572 156.555381
956.911884 338.993813 121.926673 156.213014
957.457816 340.251083 121.660206 156.052891
957.911847 340.889772 121.595574 156.395001
958.226553 341.785561 121.891486 156.655294
958.850042 343.132942 122.210908 156.750482
959.540868 344.495198 121.988945 156.482421
960.071759 345.716797 122.245168 156.618622
960.540855 346.507791 122.586664 156.983924
960.776277 347.753272 122.775038 157.416475
961.324363 348.591176 122.306926 157.985300
962.104027 349.906147 122.723661 157.434353
962.324376 351.115340 123.236164 158.013541
963.358739 352.734557 122.432071 157.654207
963.559640 353.591181 123.201197 157.513803
964.418897 354.581935 123.221164 158.190678
964.733713 355.734561 122.923897 157.969455
965.496378 356.944162 123.749855 158.551494
965.808929 358.141577 122.992555 158.136653
966.263836 359.207725 123.987665 158.023722
967.439166 360.247299 123.094759 157.873552
968.263432 361.207728 123.645591 158.102343
968.576177 361.991206 124.017565 159.227935
968.749490 363.182056 123.669228 159.171288
968.907867 364.502880 123.912809 159.207852
968.749490 365.757926 124.205520 159.515928
968.581125 366.480177 124.045859 160.158359
967.648065 367.586825 124.253996 159.971943
966.729025 368.799627 124.506441 159.759131
965.547997 369.586824 124.629103 160.131556
964.218928 371.054795 124.428109 159.747590
962.665790 371.905799 125.036814 160.774566
961.160521 373.097983 125.431515 159.987919
959.662729 374.204377 124.932303 160.281769
957.773372 375.309441 125.413941 160.374294
955.966696 376.353284 125.965693 160.374368
953.848784 377.353297 126.157421 160.614809
951.509157 378.715176 126.032768 160.333871
949.038130 379.715175 126.162866 160.574105
946.081459 380.608077 126.460432 160.841593
942.686622 381.438910 127.262021 161.053152
939.716431 382.806227 127.177435 160.405479
935.807508 383.653362 127.878954 161.080088
932.221843 384.954981 127.417620 161.058181
928.838032 386.015610 127.527975 161.117935
925.574138 386.946803 127.329673 161.345237
922.187912 388.270350 127.709210 160.780882
919.622064 389.054820 127.809198 161.962430
917.895769 389.994469 126.951434 161.498262
917.351687 390.730304 127.295232 161.722530
917.970558 391.416502 126.970590 162.242641
918.523544 392.524525 127.166025 161.891969
919.117529 393.308301 127.227948 162.189061
919.589708 394.091427 127.503792 162.405928
920.143473 395.139895 127.284815 162.316629
920.589690 396.210063 127.779804 162.009908
921.387077 396.778188 127.662661 162.441785
921.816671 397.669796 127.405269 162.631252
922.143403 398.343667 128.114320 162.795315
922.697240 398.863248 128.311168 163.363492
923.479716 400.115794 127.502279 163.020106
923.534416 401.174802 128.613367 162.437330
924.169808 401.754288 128.520061 162.740959
925.169799 402.115806 128.380547 163.182575
925.561201 403.224944 128.182688 162.992159
925.925313 404.080638 128.207673 162.576803
926.778457 404.754302 127.813002 162.579007
927.387103 405.283890 127.870681 162.894741
927.289073 406.392798 128.858635 162.380934
928.007007 406.863240 128.962492 162.632005
928.350193 406.897066 128.921765 163.320041
928.789116 407.586625 129.334685 163.434118
929.076136 408.384638 129.430436 163.522202
929.406782 408.948301 130.011836 163.224732
929.993200 409.419518 129.863227 163.638312
930.383320 410.000311 129.874052 163.534821
930.826752 410.451763 130.029650 163.920184
931.049363 410.813086 130.558920 164.444197
931.133711 411.615054 130.886225 164.446729
931.720622 412.007788 130.651739 164.351181
932.413350 412.535715 130.418045 164.429134
932.803943 413.063803 130.216019 164.670148
933.163507 413.424929 130.386134 164.376577
933.413372 413.646291 131.339213 164.727894
933.912481 414.228867 130.906425 164.785521
934.443880 414.563600 130.894153 164.958926
935.027408 414.897002 130.673848 165.199576
935.249835 415.480115 131.203852 164.681829
935.607509 416.007783 131.234955 164.678473
936.251387 416.001896 131.005675 164.518028
936.523049 416.449281 131.744041 164.400904
937.081462 417.141437 131.939848 163.448088
937.269034 417.449285 131.714743 164.073249
937.691719 417.480128 132.358541 163.946319
937.790844 417.811548 132.557949 164.268488
938.217062 418.173778 131.989666 163.646208
938.859866 418.339176 132.405118 163.367751
939.013793 418.339176 132.040806 164.347088
939.132113 418.701246 132.074618 163.725197
939.269082 418.590766 132.567050 163.347747
939.191976 418.258336 132.576916 163.032485
939.184113 418.339176 133.799558 163.367751
939.227706 418.339985 133.590493 163.755479
939.567896 418.008959 133.719789 163.923134
939.481948 418.008959 134.309615 164.168272
939.738316 418.176366 134.128842 163.948809
939.784125 418.038245 133.829163 164.041643
939.956453 418.008959 134.232279 163.923134
939.650065 418.065973 134.891578 163.977365
939.738316 418.065973 135.280761 164.141081
940.213057 418.013271 134.625052 163.976566
940.388476 418.286576 134.837212 164.002397
940.124632 418.318236 135.460914 163.953278
939.986041 417.902693 135.753270 164.661475
939.492814 417.850747 136.908392 164.741360
939.265219 417.799597 137.436307 164.736843
939.484006 418.384982 137.518431 164.129501
939.265219 418.495452 138.391223 164.101168
938.840109 418.935620 138.475202 163.907737
938.768058 418.638426 139.119061 164.183038
938.791691 418.555837 138.898135 164.725046
938.449098 418.920844 139.594371 163.759802
938.085811 419.141346 139.957658 163.785604
938.085811 419.470816 140.478431 163.950360
938.097828 419.285837 140.229502 163.864903
937.445505 419.191024 141.358116 164.302299
937.442172 417.934887 142.264134 165.448368
937.118016 418.742394 142.795263 164.527318
937.318183 417.952634 143.467517 165.387826
937.275148 419.412697 143.160552 164.091507
937.052926 418.961947 143.058763 164.343994
937.424593 418.576688 143.288380 164.693024
936.957189 417.652685 143.698505 166.237525
936.623735 418.117329 144.867204 164.558974
936.199855 417.718508 144.605115 165.356530
935.509049 416.778547 144.867183 166.313333
935.398191 417.330306 144.793613 165.493341
934.773428 417.484672 145.874425 165.574177
934.537963 417.662176 146.189892 165.161471
933.381672 418.102311 147.344352 164.637853
933.806780 418.140712 146.316444 164.481727
933.660506 418.294122 146.566100 164.480469
933.274006 417.962784 146.859407 165.395083
932.823687 419.018220 147.214729 163.770558
932.655868 419.170202 146.805192 163.521295
932.677344 419.474046 146.739268 162.758813
932.432062 419.080252 146.364674 163.632802
932.006612 420.186481 146.946107 162.075640
932.283826 419.382654 145.898847 163.122510
931.589815 419.692384 146.974924 163.050554
930.936343 420.105113 147.554604 162.004530
930.261691 419.736170 148.149785 161.907347
929.245352 419.755971 148.630266 162.010918
928.597643 420.234023 149.134514 160.850599
927.646855 419.322753 149.614788 161.541278
926.903328 418.648585 149.984473 162.021549
925.760621 418.561116 151.307013 161.409767
925.116079 417.605861 151.563181 162.240493
925.297312 418.015812 151.238080 161.140229
924.637050 417.452874 151.108915 161.846563
923.507904 416.098267 152.485974 162.473468
922.932591 415.455762 152.701598 162.709224
922.209955 415.590692 152.965377 162.202115
921.425418 414.784103 153.050108 162.711072
920.496480 415.131946 153.440731 162.074403
919.291187 414.481910 154.282109 162.228355
918.558964 414.876032 154.496873 161.758991
918.456544 414.876032 154.359082 161.676503
917.358548 414.179222 154.596600 161.663876
916.461960 413.659333 154.812414 161.728263
915.423464 413.572325 155.472205 161.524610
914.868934 412.594957 154.875696 162.584640
915.182519 412.836788 153.991654 161.804412
913.740417 412.909692 155.354438 161.694383
912.461957 412.655050 156.192580 161.772618
912.176399 412.425501 156.389974 162.340148
911.722270 412.602950 155.877146 162.251230
910.864783 412.425501 156.378215 161.925276
910.449616 412.100733 155.770242 162.167252
909.760561 411.992165 155.838221 161.780194
909.279962 411.511538 155.777992 162.212330
908.446884 411.209164 156.151881 162.224530
907.446911 410.798242 156.876834 161.930892
906.612550 410.495216 157.657506 161.860432
906.098997 410.513334 158.069374 161.302885
905.363698 408.999030 158.151727 162.568558
904.878289 408.334016 157.748278 162.778986
903.902634 408.289132 158.450621 162.613326
902.957685 408.636045 158.448370 161.809191
902.008786 408.457645 159.160973 161.652942
901.064566 407.988142 158.829218 161.959077
900.702311 408.476111 158.028691 161.509445
899.939874 408.191655 157.764350 161.127867
898.671013 408.032204 158.628795 161.074896
898.363706 407.457648 157.745451 161.487366
897.458724 407.299060 156.980004 161.103082
896.927704 406.963370 157.423537 160.561872
896.342050 407.177336 157.629797 160.265677
896.026415 406.317434 156.572373 160.961210
895.384181 406.268102 156.964486 159.976115
894.695098 405.356313 156.626177 160.344890
894.411552 404.787660 155.723256 161.061858
893.217129 404.787660 156.641446 160.322397
892.298805 404.535921 156.355741 160.478486
891.380979 404.642136 158.811056 159.960388
891.190074 404.352377 157.917855 160.094397
890.603239 404.177331 157.156280 160.265677
889.756385 403.696711 157.268318 160.531963
889.656204 403.589809 156.748393 160.227719
889.380954 403.322970 157.182686 160.279552
888.861418 403.109351 156.678959 159.918819
888.214834 403.373765 157.373549 158.702697
887.210307 402.893664 157.592147 158.802453
887.423460 402.479507 156.436546 158.760029
886.879371 402.413700 156.031936 159.228586
886.775057 401.775848 155.437829 159.539676
886.087658 401.828026 156.064646 158.699189
885.711894 401.242344 155.496601 159.147902
885.295258 401.136129 155.135516 159.009715
885.125842 400.550298 155.082682 158.888736
884.749454 400.283599 155.076597 158.529928
884.475780 399.762905 155.047645 159.082748
884.022596 399.656665 154.786244 159.270526
883.852340 399.762905 154.254894 158.757323
884.015084 399.485327 153.246122 159.514728
884.116052 398.792788 152.589014 159.093386
883.651918 398.740559 152.968174 158.843617
883.578661 397.942311 152.656829 159.177345
883.578661 397.634169 152.340665 159.112306
883.679614 397.155588 151.688486 159.126401
883.903317 396.677178 151.473173 159.139965
883.823608 396.092382 150.834027 159.178557
883.847003 395.614299 150.424453 159.191197
883.866531 395.561545 150.174680 158.778240
884.010010 395.394062 149.711239 158.689818
884.207576 395.074476 148.660433 159.252015
884.318997 394.703800 148.083893 158.671449
884.266664 394.379295 147.819671 158.032270
884.799917 394.008966 147.047117 157.854932
884.457176 393.686222 147.074157 157.933429
885.850566 393.162348 145.524355 158.327163
885.280858 392.463870 145.479634 158.927503
885.618690 392.580082 144.836436 158.360448
885.571137 391.833501 144.570713 158.059053
885.619323 391.358142 144.285189 158.304410
886.375849 390.726724 143.830711 158.725903
886.187610 390.251371 143.943407 159.859094
886.702372 389.988173 143.212721 160.224409
887.167275 389.557999 142.220543 161.141975
887.352180 389.016517 141.735449 160.226956
887.646967 388.482039 140.772729 162.622510
887.720209 388.470810 140.993345 161.175523
888.566971 388.174467 139.557109 160.451448
889.300639 388.341346 139.320490 159.047677
889.785837 387.919439 138.691240 158.814464
889.474397 387.508214 139.210151 159.158849
890.146062 387.134293 138.184287 158.599605
890.784648 386.928133 138.032801 159.025254
890.902102 386.175814 137.434650 158.504732
891.576665 386.302066 136.819514 157.748324
892.508184 385.778091 136.329514 157.217231
892.407638 384.834061 136.475424 157.763655
893.297693 384.305974 135.923360 157.687979
893.473684 383.513931 135.986040 157.925674
894.034843 383.092701 135.679917 158.138695
894.736977 382.834049 135.289916 157.684587
895.612904 382.680925 134.870179 157.283125
896.226854 382.099525 134.282148 157.597174
896.055023 382.054658 134.910272 157.401736
896.667198 381.570785 134.369548 157.680769
897.186403 381.206348 134.567961 157.569020
898.100222 380.677638 134.079620 157.259294
898.713728 380.157568 133.850427 157.036778
899.241186 380.112692 133.422244 157.182269
899.940703 379.258178 132.470032 157.459250
900.725255 378.532210 132.141922 157.543434
901.762905 378.595386 131.490030 157.266453
902.290947 378.125805 132.194744 156.915111
903.121580 377.701933 131.728233 156.895631
904.072042 377.231996 131.939557 157.122332
904.524505 376.701920 132.043921 157.052410
905.459716 375.847623 131.672246 157.124903
906.290921 374.847630 130.996953 157.515175
906.903540 374.377848 131.120930 157.976472
907.459703 374.489336 131.390083 156.717199
907.869551 373.443246 130.952327 157.197182
909.532153 373.443898 129.801004 155.894835
910.907351 373.202676 128.377552 155.818375
911.053594 372.691441 128.504970 155.655781
911.417177 372.011808 128.665607 155.622464
912.890660 371.585751 127.398754 155.761471
913.707163 371.287688 127.217211 155.615387
914.381998 370.925621 126.518816 155.263778
914.766924 370.563566 126.520923 154.912492
916.020712 370.096433 126.062824 154.666624
916.195429 369.944161 126.865018 154.566446
916.664962 369.828534 127.214373 154.165000
916.562522 369.515742 127.248391 153.864157
917.420618 368.734560 126.302896 154.009911
917.807175 367.591184 125.355554 154.492823
918.130513 367.439799 125.099360 154.160459
918.272540 366.868924 125.810514 154.170901
919.130525 366.439795 125.368394 154.007681
920.142255 365.973709 124.542902 153.913507
920.881989 365.298131 123.863857 153.876319
921.584089 365.201449 123.387208 153.689645
922.366789 364.375335 123.396828 153.738315
922.877213 364.424427 123.548923 153.981107
923.186426 363.993802 123.585803 153.668189
923.742234 363.632308 123.428586 153.544198
924.115428 363.320235 123.909842 153.627731
925.056934 362.681166 123.915955 154.823115
925.363119 362.403043 123.764407 155.688861
925.933462 362.124914 124.492510 156.246889
926.794021 363.102208 123.778893 156.174148
926.531776 363.696321 124.362859 156.004937
927.324395 364.531761 124.714820 155.635607
927.770939 365.323883 124.458970 155.765691
928.636497 366.115337 123.936409 155.430927
929.542453 367.168955 123.866150 154.738176
930.772921 368.236569 122.621500 154.778048
930.978441 369.149278 122.661268 155.104297
931.525178 369.889762 121.850091 155.153665
932.288675 370.528455 121.081660 154.106530
932.569004 371.289287 122.337571 154.473774
933.119602 372.046211 122.298363 154.511020
933.509986 372.992157 122.304571 154.232871
934.354209 373.580911 121.866071 154.104862
934.807688 374.115837 122.065268 154.699433
935.587741 375.354949 121.896243 154.048100
935.729495 376.115820 122.011795 154.390952
935.488282 377.321716 121.684777 153.800605
935.339446 378.266548 121.332570 153.753010
934.297339 379.801730 121.376716 152.886954
932.896119 380.872742 121.519947 153.146288
931.410414 381.744139 121.812742 153.069466
930.121512 383.107322 122.031688 153.040636
928.959331 384.107319 121.166138 153.732874
927.283180 385.234975 121.870011 154.812936
926.962531 385.750819 120.497305 152.953147
926.311361 385.793666 120.920976 153.279059
926.091343 385.948016 120.556118 153.689077
925.464652 385.948016 120.407743 153.765369
925.709831 385.844481 121.178247 153.640180
924.932431 385.461148 121.454644 153.087028
925.011240 385.308558 120.662824 152.224613
924.292566 384.916938 121.006619 152.304737
924.233786 384.173134 120.583087 152.310638
924.078201 383.813311 120.350110 153.239142
923.467727 383.276946 121.415648 153.795793
923.714776 382.622834 120.438449 153.925348
923.246864 382.428747 121.400862 153.372357
923.714643 381.892728 120.867855 152.715751
923.154439 381.069127 121.533143 152.715626
923.089902 380.532929 121.297176 152.212730
923.311335 380.793673 120.726526 151.539876
922.673931 380.093716 121.441159 151.402089
922.335559 379.142230 121.664208 151.543032
922.843842 378.896548 121.167924 151.137128
922.624425 377.782990 121.231978 151.414433
922.728564 377.123713 121.130351 151.049083
922.493948 376.813187 121.362454 151.131651
922.273652 376.174298 121.664001 150.959097
922.143290 375.866319 121.873213 150.744436
921.422949 375.276637 122.593554 150.632484
921.466511 375.148243 122.320233 150.398071
921.335612 374.988650 121.898918 150.294527
921.232416 374.300054 121.780020 150.674064
921.078055 373.608393 121.545410 150.962137
920.620001 373.174305 121.847141 150.959097
919.941830 372.637941 122.607463 150.983224
919.723799 372.306466 122.279192 151.027080
919.658173 372.306466 122.108895 150.577595
919.427733 372.276645 122.038389 150.632484
919.213257 372.378815 121.798517 150.008678
918.732755 371.608404 122.684211 150.440083
918.734858 370.842537 122.472204 151.003475
918.121932 370.713876 122.826798 150.469638
917.974632 370.204216 122.428142 150.679841
917.654649 369.842534 122.162189 150.479505
917.187562 369.887403 122.213588 150.096436
916.720612 369.684439 122.329454 150.224678
916.507501 369.378803 122.088600 150.306448
915.720682 369.524976 122.654930 150.269975
915.267774 369.249835 123.046699 150.446231
914.535385 368.842531 123.231674 150.928468
914.186378 369.178140 123.112005 151.018679
913.848696 368.770617 123.241831 151.426201
913.026793 369.005593 123.336836 151.618289
912.765106 369.814861 123.280647 151.416319
912.425387 370.005609 122.938263 151.542583
911.640173 370.439122 123.506345 151.395589
911.524780 371.650802 122.864040 150.865148
910.718981 372.118792 122.838314 150.741323
910.282281 372.219619 123.059622 150.791382
909.475627 372.985707 123.342468 150.588419
908.637952 373.583172 123.310775 150.915387
907.942951 373.642614 123.094502 151.645804
907.363903 374.714255 123.352825 150.909630
906.896144 375.349986 123.406387 150.635745
905.861510 376.085954 123.241064 150.186188
904.817197 375.510498 123.969516 150.598108
904.410402 377.049714 123.629645 150.162983
903.880545 377.621446 123.461307 150.087981
903.269237 377.713892 123.184994 150.095447
902.535357 377.452545 123.310178 150.693908
902.186367 378.783354 122.981449 150.093480
901.974654 379.655738 122.493461 149.641235
900.993309 380.528619 122.409273 148.892520
899.689188 380.464692 123.139772 148.576275
899.253823 379.960327 122.770702 148.784924
898.607974 379.263413 122.249069 148.999855
897.626626 379.302016 122.655579 148.621278
897.653254 379.501683 122.371301 148.347375
896.692173 379.135239 122.023165 148.486108
895.756323 378.337029 122.266787 149.097499
894.035967 377.757470 122.950133 149.431644
892.581207 376.300061 123.823612 149.932897
892.589380 376.420835 123.298656 149.538005
891.784744 376.291457 123.006716 149.170416
891.317912 376.028732 123.122912 149.168694
890.051332 376.826701 122.896531 147.998805
889.473524 375.831398 122.707734 148.642745
888.660951 375.464694 123.053485 148.280559
888.334016 375.700755 122.560126 147.630233
888.333044 375.275740 122.245202 147.636289
887.613421 375.112431 121.606029 147.604794
886.358377 374.712822 122.411525 147.563503
885.854479 374.275742 122.268640 147.489395
885.227847 373.812961 121.831161 147.463375
884.147355 373.848605 122.299006 146.938525
883.761899 373.550137 121.814552 146.944143
883.002437 373.087709 122.350007 147.283138
883.025296 373.012749 121.356419 146.970591
882.627451 372.824514 121.563884 146.909953
881.830514 372.485229 121.522987 146.885614
881.230654 371.987948 121.251324 147.163188
880.696340 371.725095 120.564317 147.009378
880.003537 371.362486 121.187901 147.321419
879.296172 370.888039 120.582623 147.629520
879.021098 370.325865 120.589442 147.481812
878.310272 370.024828 120.340221 147.856082
877.627520 369.587353 119.832213 147.344524
877.011427 369.000914 121.277014 147.899071
875.277238 368.512100 121.721439 147.690925
874.468467 368.150027 122.953459 147.783775
874.400914 367.838778 121.751299 147.708943
873.548374 367.812954 121.833332 147.243551
873.241861 367.947774 121.141650 147.059469
873.489255 367.923770 120.637435 147.987515
873.251083 367.888024 120.585427 148.735897
872.559211 367.342393 121.017273 148.371440
871.946148 367.049616 120.984086 147.810835
872.031375 367.386089 120.480735 146.838246
871.696455 367.063843 120.242643 146.378859
871.624488 367.130084 119.385695 145.913758
871.851642 367.207066 119.023689 144.983682
871.378347 366.824169 119.273358 144.747227
871.611722 366.529437 118.681344 144.754218
871.380256 365.674038 118.281084 144.401701
870.761037 365.050395 118.477900 144.540693
870.989777 364.903342 118.078709 144.252163
871.370319 364.247120 117.761301 143.630462
870.908674 363.425816 118.187223 144.464996
870.759957 363.148813 118.371662 145.088368
870.765433 362.773001 118.400963 145.378047
871.071280 362.134324 117.968620 145.437068
871.375112 361.871808 117.349247 145.423402
871.218485 361.411713 117.597750 145.534978
871.526282 361.015675 117.324142 145.786738
871.224206 360.608813 117.012932 145.626934
871.521651 360.148817 116.980241 145.738233
871.747744 359.951801 117.573672 145.645915
871.834723 359.510321 117.467217 145.797831
872.136992 359.312930 117.291060 145.705948
872.200677 358.014947 116.964558 145.426204
872.880718 358.050380 116.386572 145.330872
872.593302 357.933978 117.502618 144.885193
872.981783 357.492104 116.346911 145.107737
873.118834 356.933991 117.419806 144.956832
873.521660 356.689069 116.917501 144.623669
874.193351 356.327771 116.650550 143.991113
874.877990 355.702808 116.479256 144.271207
875.315885 355.015819 116.094176 144.172995
875.726978 354.995017 116.467886 143.907391
876.129604 353.917081 116.280431 144.271741
876.748925 353.015818 116.040590 144.529219
877.005266 352.605136 116.253869 144.225693
877.687241 352.311156 116.255007 144.448164
878.191762 352.162058 116.293926 144.378103
879.241287 351.702805 116.161986 144.056506
879.652295 351.535880 116.856452 144.158311
880.280008 351.357077 116.700782 143.896539
881.041290 350.800368 116.766230 143.887479
881.783679 350.702813 116.780596 143.985033
883.150296 350.114410 116.604120 143.790262
883.801502 349.507303 116.330698 144.610061
884.439822 348.573432 116.349699 144.751773
885.394823 348.648479 116.340473 144.178951
886.172237 348.507293 116.462385 144.897338
886.705363 347.736207 116.849772 144.653999
887.591505 347.032665 116.653352 145.073393
887.970279 346.983389 117.121113 144.976308
889.167806 346.689079 116.690090 144.767150
889.953596 346.523749 116.755023 144.009264
890.767502 345.868433 116.406150 144.099397
891.253848 345.897767 116.918349 143.647282
892.253822 345.800373 117.149444 143.673310
892.631008 345.357085 117.849465 144.183084
893.733462 345.178834 117.433563 144.133898
893.970267 344.621508 118.363287 144.269300
895.806334 344.541089 116.974364 144.480282
896.281408 344.327759 117.271976 144.563049
897.157105 344.373689 117.241779 144.226148
897.720545 344.454362 117.601260 143.870835
899.077430 344.064322 117.172299 143.832180
899.767481 344.285850 117.482214 143.544980
900.518773 344.064322 117.421008 143.618456
901.269318 343.841977 117.902679 143.411644
902.405613 344.034912 117.770952 143.075704
902.768394 343.745304 118.171357 143.508317
903.907895 343.567935 118.268643 143.458482
904.720555 343.494681 118.377619 143.827007
905.748783 343.470893 117.876820 143.484070
906.767528 343.301698 118.424252 143.876212
907.936350 343.470893 117.844375 143.698611
908.658034 343.108108 118.754305 143.782710
909.623555 343.221759 118.703994 144.087450
911.123455 343.414888 118.361504 144.038505
911.623565 343.178836 118.625524 144.133898
913.496608 343.318395 118.067225 143.487640
914.030225 343.204965 118.445867 143.972945
915.061146 342.833711 118.345076 144.475499
916.185735 343.414888 118.220456 143.391148
916.720532 343.301698 118.299447 143.732577
917.109324 343.664852 118.682060 143.576249
917.669799 343.954656 118.808410 143.358078
917.424929 343.954656 119.433565 143.501558
917.301199 344.164025 119.321186 143.494280
916.659706 343.930925 119.045857 143.946831
915.980761 344.355726 119.641621 143.880015
915.237171 344.816529 119.236533 143.623049
914.338956 344.971718 119.824373 143.758641
913.943019 344.948835 119.522238 143.914454
912.979172 345.142698 119.570075 144.224707
911.655725 346.007725 119.517167 143.359679
910.916593 346.642189 120.013140 143.304500
909.720477 347.642192 119.527382 143.160222
908.401202 348.561245 119.386576 143.325810
907.467377 349.181478 119.542849 143.055699
905.629413 349.990719 120.228205 143.318483
904.461019 350.912205 120.239621 143.527376
903.169306 351.181729 120.600681 143.822743
902.104482 352.120856 120.512304 143.593124
900.649090 352.468837 120.814965 143.825247
899.618335 353.216016 120.076914 143.933777
898.169269 353.989579 120.754371 143.725988
896.649103 354.834549 120.891251 143.879424
895.097470 355.738812 121.361472 143.108580
893.508126 356.405840 121.567406 143.308142
892.960301 357.595086 121.361146 143.046428
892.031761 358.310998 120.937160 143.113364
891.751082 359.322168 121.105481 142.682298
891.815513 359.468831 121.435204 143.680349
892.806282 360.104354 121.475050 143.811857
893.742437 360.853390 121.377676 143.409613
894.678556 361.296042 121.441555 143.909936
895.614656 362.234500 121.425043 143.972397
896.257700 362.180720 122.127731 144.371866
897.289242 362.681788 122.003866 144.434970
898.033129 364.063744 121.854252 144.272115
898.969062 364.835457 122.080237 143.990992
899.712021 365.696586 122.581078 143.492396
900.840564 366.980936 122.289799 143.062876
902.001898 367.391664 122.301935 143.524547
902.809552 368.518777 122.575925 143.106324
903.809548 368.661960 122.739547 143.963156
904.583276 369.430898 122.954786 144.249716
905.421656 370.239863 123.022999 144.367759
906.937164 371.144130 122.999704 144.317612
907.840960 371.759687 123.068819 145.140298
909.002613 372.684723 123.386768 144.757445
910.389424 373.628217 122.671679 144.815972
911.421616 374.510742 122.616473 144.514332
912.227905 375.526209 122.518807 144.008457
913.581435 375.910744 122.503162 144.334027
914.195926 376.968482 123.260380 143.711454
914.452300 377.430899 123.375823 144.469073
913.528675 378.451704 123.706232 145.164199
913.141970 378.857386 123.536628 145.366943
911.631516 379.707065 123.335720 145.594299
910.013765 380.417254 124.111791 145.516552
909.327781 381.170374 123.410213 145.546862
909.413961 381.565845 123.855613 145.366027
910.322293 382.417254 123.807962 144.493704
911.777486 382.394631 123.064266 144.974585
912.614142 383.260869 123.857628 144.254302
913.743849 383.491471 124.058820 144.950680
915.036301 384.340271 123.670000 144.445640
916.260678 384.781125 124.378604 144.588097
916.930467 385.340257 124.363684 144.664651
918.452529 386.473340 124.006084 144.020925
919.549258 386.684723 124.586434 145.049757
920.447282 387.170362 124.710769 145.179310
921.551996 388.114171 124.973665 145.018495
923.294519 388.440686 124.528979 145.104546
924.421697 388.783531 124.852475 145.566155
925.481792 389.730236 124.661878 145.181789
926.774046 390.052531 124.466703 145.639260
927.743543 390.246911 124.648420 145.738596
928.547236 391.001037 125.849861 145.546694
930.027179 392.314464 125.699565 145.504634
931.333989 393.410464 126.146285 144.966176
932.626595 394.042053 125.428159 144.993902
933.874116 393.563930 125.101826 146.348103
934.605281 394.346247 125.653496 146.472860
936.035729 394.516886 125.794272 147.457242
936.933201 395.836825 126.412729 146.592581
938.480316 396.445583 126.248127 146.983826
939.734871 397.787385 126.397098 146.128810
941.159684 398.274704 126.119591 147.038477
942.414246 399.031526 126.567215 146.917742
943.601768 400.031529 126.491924 146.546134
944.941856 400.249043 126.720340 147.254474
946.187273 401.252484 126.776059 146.969018
947.452417 401.615137 126.849788 147.152890
948.186309 402.766565 128.002945 146.487822
949.573766 402.938304 127.602497 147.173233
950.877982 403.892055 128.343951 146.779813
952.182818 404.989284 128.383136 146.831554
953.693381 405.599435 127.759605 148.119435
954.866884 406.628497 127.651259 147.387283
956.226356 407.010109 127.912330 148.034571
957.733242 407.869130 127.529924 148.486265
958.264090 408.941123 128.424665 148.749548
959.907970 409.377131 128.016559 148.983218
961.374555 410.168608 128.067106 148.643150
962.341396 411.853090 128.804765 148.185012
963.774258 412.560674 128.408214 147.499771
964.937253 414.114890 128.904018 147.200364
966.322974 415.885254 129.137534 146.055813
967.359575 416.745801 129.343924 146.486120
968.525275 416.672627 129.453910 147.559281
969.929230 417.364938 129.423901 148.296125
971.076995 418.101400 129.342201 148.528738
971.739037 418.706698 129.940309 149.149726
973.052227 419.441731 130.567038 149.156087
974.485545 419.908670 130.494261 149.701898
976.236141 421.165974 130.740519 149.307666
977.492347 421.969350 130.572716 149.732808
978.459572 422.843182 131.574484 150.113552
980.149825 423.678965 130.982031 150.854070
981.166066 423.977926 130.850043 151.325515
981.952040 425.146908 131.728387 150.945135
981.801049 426.182916 132.097246 150.949572
980.309172 427.678527 132.372601 150.915719
978.016462 428.452093 132.923956 151.546612
974.983927 429.489481 132.367967 151.857745
970.927096 430.720761 133.606953 151.143702
967.636409 431.357300 133.326031 151.852623
962.913614 431.953307 133.137674 153.107165
958.577699 433.094107 134.719947 152.616634
954.379561 434.235195 133.710713 152.900661
949.554633 435.563648 134.361441 152.626781
944.708396 436.436382 134.655243 153.480418
941.384436 438.074440 134.133368 152.941551
936.560373 438.117309 134.160836 154.096405
931.681191 439.645643 135.472284 153.395272
927.506523 441.015266 136.115204 153.191270
923.357877 442.116150 135.606195 152.856375
918.759457 443.276005 135.758297 152.739975
914.982965 444.846931 136.578616 151.948565
911.363944 446.047595 135.783555 151.593124
908.176795 446.906380 137.885792 152.786529
908.122129 448.727997 137.069120 151.132049
909.320987 448.770884 135.914957 153.245103
910.833684 449.914197 136.162691 152.980477
912.044190 450.914210 136.499620 152.980477
913.738391 451.586902 135.660125 153.175713
914.833736 452.342511 135.655713 153.698405
916.007251 453.182290 136.207200 153.190134
917.465053 452.953116 135.266276 155.514964
918.659811 455.100997 135.671771 154.193970
920.468484 455.938808 135.986796 154.928541
921.982237 456.675249 135.911123 155.698703
923.627486 458.028666 135.957691 154.668023
924.461548 458.920842 136.740220 155.371314
925.675878 459.204758 136.513058 156.677915
926.998930 461.074593 137.136260 155.681498
928.304842 461.156081 137.398687 156.727226
929.604754 462.505798 137.403365 156.679903
931.004283 463.402675 137.477101 156.862881
932.102135 464.044122 137.630904 157.696925
933.718320 465.717115 138.264319 156.814022
934.775088 466.411996 137.943914 157.325430
936.133980 467.302180 138.421100 157.548857
938.049668 467.937302 137.906965 157.510135
939.543183 469.302188 138.513600 156.909798
941.016321 469.884628 138.044962 157.486854
942.232476 470.359052 138.105311 158.092200
942.505046 471.982914 139.726615 157.743941
942.927182 472.672353 140.162265 157.355104
943.292311 473.816664 139.465804 157.332267
942.886213 474.303774 140.520610 157.729614
943.058383 475.661066 140.155295 158.323316
943.058383 475.348482 140.971391 160.554828
943.448950 476.514559 141.096518 160.710201
944.182531 478.989364 141.334435 159.480297
945.279637 480.305712 141.058709 159.284564
947.225015 481.830992 140.504937 158.719049
948.889379 482.883463 140.582750 158.523559
950.260524 483.672565 141.211636 158.976071
950.682604 485.147125 142.122539 158.526717
952.504507 486.201140 141.828142 159.470598
954.341257 487.150570 141.914544 158.132227
956.300673 487.620979 141.562726 159.457178
957.341539 488.358478 141.857243 160.150428
958.658121 489.731048 141.703056 160.291642
958.924558 490.625645 142.512055 160.560800
957.999891 491.787029 143.845536 160.751653
957.332856 492.898003 144.591731 161.628795
958.918976 493.689482 142.935358 162.080146
957.468653 495.188437 143.750132 161.023189
957.381707 495.308514 143.580401 162.522671
956.667130 497.115126 144.505099 162.317515
956.451447 497.675339 144.173915 163.114147
956.002476 499.013094 145.240515 163.325410
956.339566 500.106709 145.375197 162.260437
956.291554 500.691540 145.038850 163.146947
956.241570 502.276051 145.621809 162.201153
955.906702 503.276066 145.954601 162.118480
957.179822 504.276060 145.300344 162.366540
956.134009 504.953475 146.727325 162.937683
956.295199 506.293699 146.734659 162.881435
956.721131 507.385983 146.382497 162.575195
956.626570 507.908314 146.938366 164.672154
957.112828 508.648586 147.316382 165.265739
956.622525 509.496928 148.033554 164.173857
956.630187 509.361132 148.496378 164.844506
956.482809 509.907717 148.797874 165.362842
957.219155 510.056536 147.985557 165.175152
957.003760 510.098272 149.283354 165.875654
957.018823 510.163333 149.745367 165.710841
957.498542 510.384834 149.806015 165.237747
957.429938 510.495304 150.334262 165.378870
957.880656 510.274170 149.255858 165.180984
957.569448 510.535943 149.956161 164.741681
958.311164 510.425458 149.926758 164.352418
958.470933 509.391097 149.976149 165.089393
958.331237 508.350059 150.590680 164.974388
958.537613 505.680867 149.671543 166.525485
958.880645 505.005473 150.359464 165.374762
958.513913 502.504308 150.869561 166.247587
959.167317 500.350266 150.101283 166.991490
958.854691 498.806570 151.624709 166.702108
959.391842 496.217674 150.594102 168.178463
959.866596 494.467623 150.555470 167.720032
959.853006 492.505868 150.652292 168.848845
959.934055 489.782832 151.106832 170.546725
960.086358 488.177741 151.747364 169.823965
959.506402 486.294445 152.708928 169.791897
960.070634 484.142031 151.981425 169.863204
959.584270 482.527280 153.069795 169.474438
959.748273 481.185735 153.466536 168.396795
960.288579 478.425875 152.445020 169.276283
960.048177 476.177745 153.288371 169.739429
960.772728 474.857645 153.208540 169.776076
960.811160 474.012802 153.966558 170.931305
962.053008 476.533205 153.667126 169.810659
962.109649 476.970324 154.344186 170.212502
963.373128 478.272075 153.971782 170.263909
962.983414 478.889319 155.252387 171.536911
964.091830 480.352906 155.108930 171.612605
963.982850 480.623305 155.971647 171.832546
965.174239 482.208493 155.071891 171.319494
965.295734 482.851439 155.467113 171.255554
965.499507 483.902384 155.753304 172.063139
965.949829 485.046539 155.997610 172.112378
966.025520 486.644051 156.459172 171.095677
966.466281 488.172803 156.025835 170.197474
966.094119 488.821959 156.294183 170.653359
966.369597 489.902368 157.242802 171.623693
967.334186 490.271972 155.435938 171.817921
967.244361 492.172822 156.211374 171.514428
967.027900 493.611882 156.837496 171.459129
967.707520 493.386551 156.574899 173.846002
967.551490 495.518775 157.575734 172.348596
967.028982 496.241365 158.148606 173.436506
967.314502 497.468708 158.217987 173.575340
966.758293 498.150507 159.144400 174.793280
967.740217 499.439557 158.556498 174.231469
965.864897 500.237316 160.241801 175.779539
967.503362 501.345007 159.029166 175.763550
966.234430 502.233515 160.347418 175.785511
966.747982 503.925021 159.439015 174.379298
966.067132 505.068188 159.979256 174.060081
965.854949 506.324622 159.858399 174.168215
966.369776 506.281898 158.616699 175.478319
965.786796 507.349339 159.513624 175.042810
965.127931 508.580505 160.453897 174.811642
964.826654 510.013718 160.624809 174.463160
964.186167 510.487788 161.098003 175.984402
964.576209 511.435587 159.807904 176.838200
963.480856 511.540002 160.798513 177.020834
963.045878 512.456505 161.332872 176.457064
962.918011 511.407881 160.702797 177.149651
962.579881 510.441177 161.040926 178.023277
961.216754 511.096513 162.849559 177.440780
961.374856 510.968015 162.098351 177.920194
960.845993 509.399663 161.512058 178.858230
960.101767 508.767344 162.098281 178.400960
959.396905 508.490015 162.527736 178.759589
958.492004 508.347652 163.389329 178.620368
957.159082 507.355086 164.090151 179.787128
956.973077 507.192298 163.960961 179.653243
956.825225 507.304842 163.296249 178.367788
955.245663 505.870443 164.321921 179.095622
955.727732 506.293830 163.504700 178.564394
954.850390 505.355109 164.251228 179.243004
953.901824 505.304847 164.627743 179.547553
953.540976 504.803068 164.286334 179.945387
952.714015 504.071301 164.541258 180.960460
951.853562 504.299082 165.150033 180.800997
950.409291 504.394335 166.836662 180.519293
950.540984 504.255045 166.042396 180.827533
949.556357 502.793610 165.336794 181.463919
949.160900 503.134291 166.323851 180.856389
948.468791 501.916460 166.066730 181.890528
947.368889 502.837624 166.919944 180.229238
946.055239 502.261874 167.690315 180.991372
945.414264 501.757298 168.540716 181.479502
944.438566 501.718934 168.937923 181.497945
944.153608 501.110027 167.879919 182.014596
943.729136 500.495850 167.590527 182.276110
942.886106 500.718939 167.877880 181.590345
941.610167 500.248756 168.796781 181.801447
941.821548 500.210803 168.350443 181.728028
940.704761 499.373030 169.291397 182.751598
940.259713 499.078842 168.347124 182.934534
939.756400 499.581473 169.035471 182.450836
939.234908 498.602622 168.630119 183.966822
938.994046 498.587934 168.728357 183.404661
938.437287 498.834086 168.936623 183.738533
936.764410 499.204070 170.622053 184.092696
936.637783 499.421133 170.049337 183.460443
936.202423 498.820815 170.334588 183.988560
935.126463 498.312754 171.029955 184.662408
934.777086 498.288167 171.035226 184.294006
934.509924 497.557924 170.861035 184.859482
933.944934 497.423901 171.783333 184.810329
933.589321 497.287920 171.485704 184.548320
932.409382 497.164905 172.670845 185.169418
932.068741 496.770874 173.032105 184.951250
931.628017 496.522733 173.075794 185.011399
931.356384 497.681440 172.782084 183.929303
930.859523 496.409415 172.645292 185.713446
930.729565 497.307011 172.141218 185.049217
930.410442 495.901703 172.279688 186.945052
929.385722 495.512173 173.104636 187.318464
929.248927 494.998056 172.534678 187.817281
929.230465 495.850410 172.954276 186.775230
928.052411 493.994807 174.132330 189.036763
928.074917 493.973574 173.877374 188.607988
928.222995 494.482335 173.490413 187.374262
927.248730 492.842801 174.100447 189.411648
926.892864 492.324622 174.864335 189.503394
927.018501 492.589593 174.632825 188.976443
926.892864 492.343541 174.864335 188.771603
926.253685 491.196351 175.272618 189.440587
926.744951 491.463393 174.446298 188.718358
925.978802 490.466408 175.662851 189.498608
925.484008 490.198915 175.787388 189.515787
925.484008 490.077593 176.367454 189.265976
925.402973 489.056263 176.836466 189.999194
925.168884 489.198975 177.577720 189.305993
925.807082 488.315856 176.673424 190.107565
924.816636 488.061085 178.022468 189.591089
924.573648 486.661053 178.693260 191.198062
924.913673 486.538861 179.400023 190.591387
924.703378 485.153265 179.016669 191.267521
924.752728 482.565310 179.760491 193.192628
925.586057 482.502903 179.199196 192.296064
925.418685 480.959486 178.796073 193.053848
925.916987 480.503536 179.102935 192.429648
925.512166 479.613881 179.766993 192.983452
924.976298 479.003160 180.372357 192.558132
925.095599 478.243127 180.722830 192.848526
925.786422 476.432398 180.719499 193.701680
925.224354 476.132491 180.591658 193.039279
925.973901 474.035165 181.014021 194.293861
925.850867 475.033444 181.262064 192.986644
925.373913 473.852238 182.633165 193.593340
925.249177 472.854405 183.916698 193.710015
926.226839 472.357539 183.135385 193.794012
925.886067 470.674048 183.471507 194.752099
926.367120 470.360334 183.138085 194.243125
926.385660 469.986708 183.593566 194.030018
926.022261 468.834262 184.531945 194.810281
927.064024 466.785502 183.522639 196.370415
926.392952 466.050588 184.449052 196.204670
928.346071 465.713957 183.846109 195.299957
927.545245 465.470076 185.011265 195.355749
928.059842 463.790188 184.525594 196.124476
928.729289 463.055170 185.212221 196.755147
928.550047 462.430785 186.024148 196.764377
928.552621 461.933730 186.750860 196.290299
929.768922 461.171790 186.511330 196.978693
929.067266 460.276091 187.663729 197.601857
930.338087 459.157751 185.845831 197.627194
931.010669 459.467484 186.545347 197.213673
930.816990 459.598849 188.024181 197.283777
931.446728 459.481129 188.360737 197.612785
931.948950 459.721930 189.567470 197.797988
932.685598 458.670544 188.975166 198.902914
933.588798 458.970686 188.937652 198.535043
934.175269 458.175051 188.735971 199.737600
934.737263 457.917761 188.543162 200.456738
935.520320 458.155306 188.887457 200.337161
936.345150 459.484403 189.444721 199.621551
936.327802 459.289137 189.823227 200.816817
937.039691 459.268848 189.985533 200.801670
936.984451 459.975981 191.749340 200.440736
938.001024 460.588727 191.225930 200.571034
938.371339 461.082989 191.732550 200.962561
939.460445 460.664412 191.439857 201.443047
940.444342 460.529797 191.694824 201.989495
941.021871 460.542875 191.229744 202.336546
940.748380 461.573214 192.623392 201.574453
940.504090 461.811665 194.320427 201.757806
941.655007 462.240115 193.838146 201.945483
942.020687 461.928849 194.472462 202.421377
942.393339 462.181095 195.346939 203.052990
942.784068 462.298760 195.317964 203.506561
942.775666 462.569362 195.441373 203.861908
942.646400 462.535518 195.672091 204.210441
943.349477 461.870648 195.769430 204.608519
943.682942 462.871648 195.808767 203.968043
943.011454 462.771727 196.145484 204.602213
942.908780 462.789003 196.889413 204.945791
942.650522 463.043229 197.096134 205.050191
942.388597 462.906659 197.766754 205.607135
941.913257 463.298302 198.109751 205.256529
942.489615 463.161389 197.991166 205.603753
941.632032 463.434941 199.425353 205.330201
941.517575 462.906860 199.476118 205.586243
942.307938 462.554120 199.305880 205.670711
941.913709 462.279552 200.011138 205.734795
941.362517 461.238301 200.667530 206.507848
942.081805 461.184053 200.442722 205.808375
942.139236 459.565778 200.457115 207.433439
941.777932 459.654360 201.680977 207.436628
941.798259 459.400124 202.012489 207.307178
941.371035 458.634084 202.644543 207.487103
941.465866 457.167700 202.383452 208.155342
941.107738 457.520999 203.230743 207.267176
940.474975 455.257569 203.729456 209.221406
939.731349 454.802257 205.386610 208.592376
939.755590 454.269257 205.186167 207.778474
939.776051 452.539368 204.813937 208.684568
939.379526 451.896229 206.000352 208.377176
939.952251 449.654989 205.156096 208.698433
938.797106 449.036074 207.314225 208.343813
938.710738 447.528970 207.686213 208.071060
939.259789 445.902210 206.602637 209.173832
938.388632 443.912821 207.351511 209.842896
937.836251 442.313780 207.775766 211.280145
937.653956 442.361232 209.031662 209.011048
937.565192 440.536251 208.808346 208.966850
937.728819 438.313768 208.434170 211.387891
936.079968 437.656451 211.339348 210.251988
935.717040 436.433988 213.297381 209.572414
935.555205 434.980936 212.805841 209.141860
935.642270 432.807724 211.657079 210.249725
935.888876 431.292122 211.455946 210.679986
935.671180 429.807721 212.947813 210.679879
935.467165 427.357464 212.753431 211.567652
934.886171 427.419161 214.294771 210.927964
934.852165 426.136529 215.065987 210.092081
934.598000 423.907110 215.209047 211.130323
934.600605 422.794859 216.683592 211.568625
934.522091 420.866450 217.044659 212.117995
934.403270 419.292558 216.607104 211.924870
934.655816 417.210901 217.111172 212.868473
935.220316 415.794106 217.449654 212.133618
934.284992 414.403372 218.735536 212.089400
936.193714 412.112890 217.145033 212.839663
935.061724 411.222079 219.393289 212.577547
935.047539 408.717246 219.399198 213.477362
935.580207 408.583853 220.153723 214.085842
934.976521 406.665372 220.978596 212.491646
934.778767 404.562509 221.216148 213.604651
935.288352 403.756826 221.512703 214.273674
934.422585 402.639357 223.393133 213.244208
934.726797 401.332146 222.808804 213.163649
934.898550 400.177837 224.054466 214.521681
934.759404 399.663998 223.839742 214.075266
934.501761 399.020845 224.665457 215.598225
934.708259 399.244023 225.148702 215.063395
934.530276 399.201130 225.099449 215.623968
934.363181 399.579308 226.249124 215.868697
934.941625 400.161429 225.648430 216.155489
934.017352 400.825937 227.329470 216.347138
934.248846 401.185417 227.375916 216.856036
935.268625 401.339270 227.068668 217.469467
934.643021 402.167320 227.481413 216.543311
933.985963 401.767932 229.677327 217.456053
933.500503 402.737551 230.440424 217.373177
933.570541 403.085166 231.839673 217.548899
933.159816 404.199957 229.850636 217.008728
933.129036 405.186753 231.578528 216.490252
933.478611 405.834569 230.720352 217.231071
932.772624 405.819186 231.271932 218.101823
932.868652 407.312641 232.365406 218.056231
932.746017 407.734417 232.132865 219.026149
931.998480 408.206107 233.442014 219.156284
931.276025 409.708078 233.806568 218.519304
930.514075 409.785632 235.689040 219.902460
930.366276 410.207107 235.296339 219.831484
930.576911 411.382412 234.586653 219.515354
929.782500 412.356102 237.156382 221.007492
930.192246 412.583584 235.956563 219.774490
930.097461 414.395678 236.008541 219.036768
927.460764 415.179002 238.858288 219.449790
928.442591 415.617739 237.440441 219.461790
926.174276 416.703386 239.820262 219.532938
926.092087 417.799427 239.209274 220.362033
923.518292 418.608881 241.623762 220.293140
925.403151 418.859804 239.689858 221.586748
921.861816 419.752151 242.001965 221.011474
921.802360 420.968249 242.526070 220.690485
921.311335 421.737986 242.511108 221.067124
919.950538 423.039694 243.067115 220.092640
918.954847 423.350111 244.700437 220.054111
917.803458 424.072358 244.585787 219.608524
917.554296 425.034607 247.153144 220.190768
916.262598 425.447093 246.275892 219.170139
915.428943 426.374444 247.082765 219.797434
914.654430 426.602208 248.251253 220.552063
913.996080 427.905749 248.774540 219.378176
913.251647 428.637092 248.887017 220.484392
912.981717 429.210616 249.719925 219.731111
911.844277 429.788540 250.356567 220.749835
910.942891 430.011422 251.625933 220.349199
911.069933 430.707645 252.319408 221.337093
909.514777 429.691394 253.079569 222.476674
908.874617 430.627916 253.758351 222.890535
908.607545 431.161986 255.662592 222.856216
907.815693 431.226238 255.273884 222.510655
907.320631 431.899768 255.819651 222.237833
907.449480 433.133770 256.378496 222.296276
906.262473 433.167040 257.854926 222.733415
906.539293 433.821931 257.806527 222.959703
906.776221 434.643756 257.856325 222.723922
905.851185 434.114425 258.628450 223.084834
904.841780 434.472875 260.647520 223.248916
905.477655 434.483423 260.200990 224.585075
905.314688 434.422137 259.692843 224.555668
904.162972 434.986434 262.138510 223.230187
904.418498 434.874699 262.508482 223.864853
903.466939 434.911028 263.386665 223.652809
903.195567 434.533701 263.928067 223.936006
903.353659 434.898062 264.294734 224.240884
902.525689 434.331402 265.223325 224.690628
902.150082 434.798057 265.505007 224.507549
901.913615 434.698093 267.359553 223.680419
901.709042 433.973864 266.852125 225.120844
901.206790 433.864636 267.889607 225.753469
901.199706 434.501012 268.805128 225.666429
900.488284 434.393178 269.789534 224.829905
900.525589 434.393178 271.219970 225.268187
901.791210 434.658795 270.216644 225.017737
900.901374 433.212706 272.383032 227.503272
900.622953 433.860016 272.837596 227.831084
900.623078 433.055125 273.479414 230.015261
900.900941 433.101544 273.466116 227.253432
900.940195 432.785459 274.162280 227.797902
901.350859 432.673043 275.141504 227.307650
901.255685 432.430215 275.765741 227.403426
901.481146 432.081400 275.991401 228.272773
902.033019 432.220006 275.900015 228.064723
901.706239 431.976211 276.963201 227.427503
901.708006 431.706564 277.236568 227.430664
902.671630 431.215329 277.025005 228.126289
902.656284 431.481025 278.113601 227.881478
902.797249 431.011428 278.625271 227.255007
903.157456 430.985711 279.194277 227.454294
903.188403 430.764692 280.061465 227.992620
903.832277 430.049057 280.522565 229.137826
904.756372 430.456546 281.279266 227.213006
905.274776 430.291144 281.843100 228.359704
906.143205 429.966774 282.148058 227.313258
906.920284 429.557513 283.466003 227.230348
907.945095 430.184296 283.176902 227.322164
908.021545 428.494248 283.461408 227.671300
909.008298 428.965545 284.494502 227.561386
910.452873 428.254402 283.972079 227.759942
910.387626 428.232492 284.978097 227.758440
911.815253 428.132596 285.219556 227.933501
912.331485 427.293689 285.372316 227.920593
912.693084 427.154112 286.038215 228.228622
913.337628 426.562472 286.618365 228.308525
914.061323 426.200462 287.175447 228.625857
914.855157 425.855728 287.630609 228.455963
915.358709 426.080423 288.158811 227.767735
916.429140 425.118516 286.639224 227.458558
915.823234 423.804334 287.827680 228.651044
916.597166 423.192916 288.397623 227.968191
917.622186 423.541496 288.737830 227.743386
919.430793 423.470038 290.305055 228.282788
919.117759 422.952662 290.653875 227.791992
920.486727 422.045960 290.293646 228.307882
922.236635 422.371314 290.184786 228.087414
922.706237 422.247620 291.074148 227.741802
923.457835 422.663162 291.252868 227.058222
923.526544 421.656716 292.687495 227.843594
925.096711 420.954580 291.888935 228.595476
927.470658 420.463262 293.015078 229.582117
926.560249 421.956480 294.553038 227.394429
927.636377 419.471549 294.213771 229.163869
928.704585 420.157757 294.070463 228.164709
928.996176 419.217674 295.226303 228.540325
929.478127 418.571294 296.818192 229.865845
930.434104 417.335124 297.569260 230.908655
931.113254 416.733872 299.410074 232.053774
931.225875 417.028320 300.605251 231.430416
931.787834 418.283855 301.430250 230.769875
931.157543 417.662457 303.508804 231.888955
930.868984 417.327103 304.546016 232.281102
931.203113 417.868324 305.098357 231.972955
930.114205 418.409564 306.980959 231.914260
928.929590 415.654851 309.548811 236.008390
929.146030 421.105266 309.181241 230.384915
929.334662 417.910370 309.547366 233.827443
929.401982 418.654283 310.713216 234.021256
929.894909 419.431000 311.917333 233.698777
929.341234 417.281608 312.682865 236.100016
929.580787 418.862699 312.029002 234.890328
931.068909 417.817365 310.816444 236.192356
931.121319 420.042542 311.618149 233.967179
932.199614 417.591689 311.459131 236.927759
933.366335 420.772056 311.509734 234.525960
933.399581 420.936176 311.624492 233.837042
933.771947 424.017028 312.031243 231.137657
934.821779 423.580753 313.369875 232.459835
933.773099 424.760799 314.242181 231.944210
932.415967 425.491501 316.455530 231.467307
931.617942 426.504359 317.684934 231.090840
932.525878 428.578611 317.284316 228.190671
932.689981 428.136236 317.248809 229.962440
933.770268 428.294944 316.966432 229.385101
933.555015 427.990766 317.735618 230.486126
933.189867 428.740744 318.215155 228.815334
934.841329 430.713983 317.652461 228.141863
934.117821 431.942702 319.303793 226.608232
933.682511 432.227976 319.894645 226.572601
933.905846 432.370315 320.097471 226.305403
933.900352 432.085450 320.612216 227.340679
933.750167 431.942702 321.037052 227.734331
933.858743 431.799694 321.558898 227.501131
934.675769 431.942702 321.091390 227.734331
932.922305 431.369223 322.688232 228.810583
934.535895 430.816066 321.778223 230.075699
934.007313 432.955553 322.834596 227.809469
932.979460 432.010782 324.041259 229.019604
934.818443 433.517092 324.020792 228.264115
934.700249 435.461632 324.102986 225.818779
934.847786 435.883351 323.683443 226.149301
934.715400 436.023464 324.271109 226.260631
935.519099 436.859108 324.554744 225.929065
934.536566 438.005394 327.172345 224.903910
934.369991 438.983901 327.331759 224.050122
935.331836 439.950985 327.982751 223.958623
935.814773 441.312940 327.363833 222.722137
935.274892 441.179225 328.930421 223.761289
935.944531 441.959899 329.640532 223.476066
935.953821 443.509920 329.681597 222.309893
935.577655 443.318457 330.557335 223.020158
935.529445 445.660270 331.677691 220.284416
935.324070 445.415327 332.761929 221.431687
935.298156 446.380517 332.755969 219.947921
935.702042 447.026285 333.169027 220.818357
935.380061 446.618540 333.505591 222.396805
935.378946 447.214181 334.566360 221.911122
935.729095 448.418955 335.353752 221.082259
936.045897 448.738955 335.226606 221.017763
936.353949 448.623198 333.816938 222.204934
936.832304 449.209416 334.761263 222.870524
937.201615 451.459150 335.534434 220.867706
936.781514 451.200192 335.517124 222.262218
936.973451 452.228081 337.226523 221.608599
936.179076 453.179411 338.183922 221.492356
936.107124 453.492324 338.558269 221.806281
937.180200 454.117012 338.280749 221.684209
936.875938 454.831577 339.769268 221.471117
935.873819 455.033677 340.418439 222.129780
937.121263 455.673701 339.784229 222.873186
937.082137 456.522591 340.002941 221.893689
936.269078 456.968456 341.143857 222.198694
937.243270 457.547375 341.130864 221.010100
937.269074 459.217224 342.789116 220.075846
936.447292 458.977600 343.274678 221.071851
936.894999 459.702977 343.941105 222.239535
936.112847 460.218981 345.340105 219.516495
936.306191 461.151326 345.515024 220.791187
936.936512 461.877348 345.180060 219.839397
936.835543 462.854390 345.985657 219.606299
936.828385 463.120965 346.314202 220.338611
937.584016 463.651386 345.864963 220.184301
937.647680 465.144504 346.813549 218.935062
937.236276 465.848270 346.906295 219.102024
937.411581 466.291644 347.549890 218.401592
937.819833 468.093046 347.808023 217.226131
936.341684 466.523950 349.144690 219.226184
937.146371 469.497077 349.086358 216.392374
937.403620 468.176368 348.903569 218.683309
936.186104 470.125999 350.236533 215.752372
936.868464 470.028001 350.263662 216.708032
936.615999 471.393572 350.501131 215.966446
936.256197 472.090713 350.693678 215.636934
936.510251 472.533283 350.957244 216.683284
935.343139 473.025571 350.745634 214.195868
935.461329 473.672991 351.197992 216.276747
935.546069 473.333285 351.719997 215.110635
934.878247 474.632756 352.061155 214.178535
934.413505 474.554839 352.877588 214.012515
934.775157 475.146383 353.188963 214.279042
933.980491 475.656467 353.622065 213.645962
933.273569 475.329789 354.853201 214.708366
932.503961 475.473717 354.878045 214.342566
932.720010 479.529761 354.674477 210.517083
930.483945 476.441915 356.343264 213.718556
930.942941 477.284689 355.276686 213.755639
929.916755 477.774859 354.978694 212.651748
927.296989 479.407873 356.811078 211.119886
923.283960 477.611583 358.637549 213.183587
923.709348 480.216664 357.814834 211.445336
919.085715 479.108232 359.136975 211.684526
916.231757 481.219091 359.291569 210.063356
913.427351 481.058699 359.629213 210.100231
910.552402 480.743989 360.011154 210.535602
907.140194 484.410363 359.896832 207.727837
902.685781 481.622393 361.759792 209.188615
898.175100 483.227773 361.665780 206.713089
892.580427 480.996880 362.996531 208.120143
890.479207 484.201735 361.396444 204.042621
883.283683 482.232844 364.040234 205.893647
879.908902 483.108365 362.654667 204.185824
875.236807 483.759510 363.570892 203.975836
868.855689 480.996880 364.915280 205.982810
864.308439 484.224058 364.228570 201.497176
858.541695 483.971213 365.463399 200.685929
852.746167 484.455239 365.916153 199.476169
847.283660 483.383380 367.582648 200.686657
843.885087 484.596635 366.084423 199.397275
836.205973 483.146859 367.799142 200.221703
832.113631 484.709013 366.516546 197.866959
825.673358 481.346412 368.875197 200.975495
821.062506 483.255458 366.839590 197.846569
814.933740 483.735453 368.106913 197.997622
809.189783 482.493953 370.015888 198.151525
802.994330 484.261858 369.975193 195.487137
795.775015 482.493953 370.078779 197.460477
790.967847 483.015606 371.585793 196.501722
784.546865 483.251638 370.575020 195.889672
777.830341 483.461776 371.524985 195.509255
771.950817 483.924369 372.084817 194.669755
765.622329 485.045069 371.031534 193.696128
758.255024 484.946165 372.802367 193.149206
752.632189 484.931045 371.914013 193.272672
746.113995 485.381632 371.077570 192.368087
740.180664 484.737718 371.576850 192.473884
735.035613 485.706263 371.893195 190.897269
728.744425 484.632943 372.371797 191.821057
723.379109 485.921742 371.698331 190.910263
718.782790 484.297440 373.726833 191.027715
713.049471 485.018055 373.028457 189.685845
708.520734 482.717305 374.504170 192.226077
704.475983 483.769657 373.614010 189.791488
699.193504 482.836009 374.292794 190.444315
694.181555 483.265201 373.920495 189.249891
690.897494 482.922850 374.307647 188.688555
685.533920 482.387122 375.466901 188.998361
682.950920 481.586426 374.754741 189.710932
679.297611 481.346246 374.717578 188.887109
675.967006 481.263781 375.593037 188.002787
673.112989 481.025057 376.128321 188.080772
671.081318 480.571047 375.662977 186.806440
668.452627 479.051310 375.459041 187.660918
667.217254 479.087181 375.919083 186.400989
665.626067 478.350147 376.539459 185.575613
664.034940 477.389170 376.463752 186.093279
662.626067 476.476999 376.539459 185.783244
662.533567 476.093903 375.457933 185.792833
660.853052 474.516200 375.965140 185.588556
660.222902 474.128346 376.478800 185.636653
660.330731 473.352165 375.864309 185.133101
658.462134 473.056873 376.182651 183.958031
659.130795 472.026178 377.361612 184.544128
659.330732 471.721550 376.038568 183.616040
659.798536 471.460090 377.023776 184.272157
659.762013 471.824166 376.969378 183.513425
661.105328 471.978196 377.057187 184.197849
662.052732 472.334582 376.027836 183.003009
662.565683 471.608817 378.463381 184.961489
663.456603 471.516621 377.265562 184.955024
665.591100 471.156252 378.134098 184.900687
667.283923 471.712009 377.524476 184.175247
670.941553 471.926629 378.388361 184.971399
672.359939 472.081095 378.999715 184.562329
676.280657 471.937486 380.274661 185.200228
679.260385 472.103570 379.819178 185.311577
682.517079 471.895891 380.451194 185.072425
685.208177 471.687446 379.124293 184.835493
689.251643 471.199041 378.551131 186.384325
693.430506 471.478312 378.715867 185.490004
695.976899 471.410927 380.003662 185.726787
699.747461 471.228050 380.427443 185.571614
702.594247 470.493410 382.295473 186.306254
706.499772 470.493410 379.140198 185.637033
710.205121 470.387711 379.625475 186.859888
714.310686 470.281821 378.959514 185.848622
716.283806 470.175777 381.546800 186.623887
722.053155 469.963077 378.901155 186.390108
723.617084 470.281821 380.639973 186.071364
728.310693 470.281821 378.781547 185.848622
731.054821 470.175777 380.775784 185.954666
735.263625 469.856458 379.677584 186.273985
739.002747 469.642646 381.782612 187.380832
743.499783 469.642646 379.946809 186.487797
745.928127 469.535453 382.634391 187.712146
752.541911 469.200102 377.308446 187.776731
752.971544 469.749648 380.044923 186.603536
758.579205 469.535453 378.761264 187.712146
759.746186 469.212800 380.634955 186.695132
763.726738 469.104878 379.707219 187.471354
766.367492 469.212800 380.395589 186.695132
768.079586 468.124885 381.505397 188.005558
771.812006 469.524994 381.663452 185.297106
772.652142 467.684346 381.334862 187.558274
777.244507 468.488057 380.917856 187.009549
777.055239 467.017770 381.561552 187.562681
780.733071 468.592555 380.892265 186.454405
780.331170 466.905978 381.793815 188.336642
785.044257 469.319077 380.028640 185.953051
784.874495 468.453249 381.811887 187.232631
785.502910 468.779926 383.407887 187.128006
787.022773 468.982025 381.582168 187.119570
788.430643 469.856458 383.345095 186.273985
789.965988 470.809356 382.723457 185.543828
791.316428 469.856458 382.186629 186.719774
793.413161 470.704232 381.784605 186.319246
794.707541 471.123655 380.909270 185.676009
795.710089 471.747307 381.138834 185.500292
796.450128 471.850630 380.867574 185.396969
796.668083 471.540164 380.589924 185.707435
798.228869 472.568676 379.381915 184.903351
799.121107 473.079733 380.756034 185.399070
799.466989 473.435871 379.243060 184.427410
800.844317 473.170202 381.819924 186.090649
800.793685 474.468842 381.469400 184.951422
801.727632 474.762163 382.160759 185.660611
802.723350 474.616602 381.048032 185.193083
803.336489 474.695469 380.253119 185.893041
804.117864 474.590147 380.353790 186.221831
804.710099 475.635186 381.848699 185.400644
805.521801 475.635186 381.111205 185.624880
806.450122 475.427652 379.984207 185.832413
806.857753 476.299787 380.790660 185.125087
806.420691 475.609059 380.465074 185.758324
807.766487 475.362592 381.477056 186.510644
807.662776 475.897719 380.541509 184.749115
808.785609 476.342489 381.964835 185.919329
808.149793 476.355850 380.508252 184.679980
809.453343 475.924514 381.271375 186.337304
809.200281 475.841989 379.808929 185.867469
810.562969 476.342489 380.655001 186.368500
809.607020 476.814053 379.559824 185.059183
810.509497 476.065906 382.499293 186.808723
809.931900 477.190787 380.198781 186.323168
811.099305 477.066874 380.395370 185.869314
811.597341 477.374625 379.464322 184.887192
812.918343 477.361519 379.581712 186.125818
812.482674 476.904026 379.033815 186.195133
812.655715 477.318664 379.441561 185.780495
813.323588 477.257315 379.105172 186.005701
813.193692 477.673059 379.939670 185.365942
813.265547 477.361519 379.479750 185.453773
812.950942 477.569391 379.985095 185.469610
812.482674 477.524892 379.559778 186.024476
813.562952 478.085857 379.769509 185.851269
813.525724 477.879822 379.571572 185.832296
813.525724 478.291204 379.571572 185.645922
813.282132 478.495786 380.498677 185.216331
813.727627 478.291204 380.214473 185.871315
813.466989 478.597809 380.828037 185.564709
814.969693 479.255165 382.478625 186.639062
813.877129 478.555370 380.551882 186.117658
815.487697 479.360204 380.715933 186.983849
815.069305 479.360204 380.467499 186.983849
815.894744 479.674321 380.584361 186.895106
815.984270 480.400753 380.610425 185.943300
816.580205 480.649612 380.914490 185.855096
816.144872 480.129361 381.819140 186.375346
816.125383 480.297520 380.041909 185.372254
817.304238 481.105136 380.736373 186.234904
816.213557 481.001367 381.360016 186.564087
816.723344 481.062541 381.048032 185.892188
816.607017 481.518371 380.966556 185.596716
817.450140 481.518371 380.867574 185.821670
817.537391 481.208713 380.016113 185.681726
817.987853 481.871152 380.130644 185.854214
817.874498 481.560672 379.519245 185.939949
818.004932 481.703814 380.621077 185.958081
818.189755 481.767825 380.068225 185.957541
818.466984 481.560672 380.122646 186.615331
818.130354 481.248545 380.443240 187.153276
817.461994 481.001367 380.426977 186.789732
818.302392 480.793293 379.800468 186.772162
817.929117 481.312137 380.681640 186.027903
817.668056 481.415331 380.237455 186.150124
818.059513 481.560672 380.198467 185.939949
818.857748 481.767825 379.028028 186.182745
818.933728 481.912266 380.552531 185.749629
818.289521 481.664344 380.420507 185.836277
818.336511 482.179983 379.900961 185.320638
818.673360 482.326912 379.755382 185.334984
818.673360 482.635990 380.107453 184.801984
818.803602 482.367704 380.682658 185.456212
818.551812 482.326912 380.509834 185.334984
818.351860 482.943461 380.217557 184.494513
819.323570 482.575579 380.162689 185.696067
819.205945 482.326912 379.153079 185.111063
819.659309 482.886013 379.664324 185.385632
819.151565 482.471756 380.101311 185.352160
819.004952 482.738685 379.388811 184.923211
819.918334 482.471756 379.934844 186.024213
819.743989 482.738685 379.825410 185.371972
820.193690 482.575579 380.292585 185.696067
819.682845 482.841150 379.500776 185.044974
820.380132 482.782726 379.613087 185.713243
820.525709 482.886013 380.983641 185.161614
819.620184 482.533143 380.406146 185.352981
820.265533 482.430142 380.713552 185.680515
819.551834 482.589229 379.982714 185.136137
820.712622 482.471756 380.657746 186.024213
819.094021 481.974249 380.230758 185.751117
820.377585 482.487167 380.094075 185.463403
820.265533 482.533143 380.184132 185.577515
819.813780 482.635990 380.599739 185.250133
820.395698 482.223528 380.760040 185.662595
819.357276 482.179983 380.318048 185.545382
820.117870 482.223528 380.884218 185.662595
819.751465 482.282544 380.099285 184.993640
820.842096 482.223528 381.237480 186.112123
819.687668 481.974249 380.479181 185.526373
820.915436 482.077193 380.240301 185.648173
820.351861 482.016186 380.745440 185.645709
820.144885 482.384951 379.705865 185.115671
820.601956 482.263499 382.161571 186.232471
818.290393 481.748784 380.457885 186.451282
820.595854 481.039553 380.989130 188.268909
818.999715 481.693726 380.972956 187.083021
818.924500 481.534486 381.338581 187.559697
818.849883 481.510485 382.459068 187.424575
818.526087 481.798913 381.503887 186.977834
818.909657 481.510485 382.618349 188.100399
819.369971 481.660711 381.348367 187.410850
818.994320 481.934929 381.583424 187.450346
818.980702 482.146032 382.683516 187.464852
818.989021 481.903945 382.415865 187.324132
819.443666 481.588346 382.712042 187.639731
819.452103 481.164973 382.089343 187.837284
819.251699 481.482812 382.330242 187.745265
819.251699 481.588346 382.153187 187.639731
819.120418 481.377046 381.930357 188.303597
819.631407 481.903945 382.151126 187.776698
819.775933 482.217845 382.160661 187.236361
820.050975 482.356402 381.508994 187.254481
819.337763 482.387092 381.357668 187.156115
819.387163 481.962273 383.140852 187.806024
819.583500 482.008746 382.489269 186.993512
819.263091 481.934929 382.473855 187.450346
820.168111 481.903945 381.945925 187.776698
819.394644 482.040596 382.519202 187.344679
820.429124 481.693726 383.108247 188.213817
819.587979 481.973241 382.403376 186.871981
820.111406 482.146032 383.086370 187.690769
819.783774 482.008746 382.956904 187.445460
820.500717 481.903945 382.637332 187.324132
820.775954 482.217845 381.806008 187.010232
820.719069 482.251314 381.526718 187.359570
820.325879 482.387092 381.743163 187.381205
820.325879 481.855625 381.389676 187.687582
820.719069 481.829107 381.880747 187.781777
820.526112 482.040596 381.503887 187.119378
820.517875 482.387092 382.122110 187.381205
820.849887 482.356402 381.395900 187.254481
820.457046 482.387092 381.435176 187.381205
820.648578 481.962273 381.814124 187.580934
820.849887 482.566040 381.927059 187.044844
819.931878 482.175068 382.490884 187.818627
821.413400 481.588346 381.191544 187.865859
820.273343 482.146032 381.208873 187.239243
820.256315 481.534486 382.206388 188.459209
821.022777 481.482812 381.937442 188.424732
820.188970 481.164973 382.175545 188.063104
820.906809 481.377046 381.852441 188.077160
820.775954 481.588346 381.983296 187.639731
820.788752 481.588346 381.948225 187.639731
820.788752 481.377046 382.302256 187.625212
821.051006 481.482812 381.685971 187.293935
819.931878 480.975705 381.783677 187.734826
820.965962 481.377046 382.189740 187.851031
820.462583 481.377046 381.000507 187.399701
820.779165 480.652569 381.683537 188.507406
820.513973 481.136103 381.890934 187.935458
820.120439 481.164973 382.107335 187.837284
819.726015 481.482812 381.794623 187.293935
819.980703 481.723054 382.505844 187.436921
819.726015 481.271125 381.089267 187.280497
819.648569 481.616885 381.459867 187.318175
819.457044 481.083031 381.965717 187.852029
818.857546 481.164973 381.663070 187.837284
819.050982 481.271125 381.332172 188.183080
818.263098 481.271125 380.885629 187.956952
818.372497 481.297144 380.873284 187.862831
817.994311 481.297144 380.348853 187.637916
817.138181 481.211651 380.889975 187.434741
816.793690 481.297144 380.234451 187.862831
815.924533 481.319456 381.692294 187.999046
815.526109 480.952206 380.974814 188.050052
815.125373 480.868186 381.099120 188.066874
814.588085 480.201495 380.774590 188.800763
812.867896 480.309308 380.753225 188.017577
814.079788 480.631626 380.737640 188.145122
812.273330 480.201495 380.330953 187.676763
814.005156 480.649612 380.320467 186.982836
813.069306 480.338014 379.062761 187.068194
811.551812 480.269845 379.456516 186.845242
811.205961 480.479761 380.031511 187.085694
810.475952 479.498986 378.814969 187.005721
809.089929 479.209100 379.601809 187.456999
808.652146 479.569782 380.274207 186.999645
807.149813 478.938819 378.409897 187.405234
806.857753 478.755146 379.555764 187.525012
805.475960 478.514513 379.340250 187.604473
804.475977 478.087170 379.690874 188.031816
803.793691 477.847318 379.355531 187.436324
802.999636 477.633428 379.167211 187.202046
801.682834 476.987335 379.500776 187.848139
800.475968 477.179696 379.164977 186.598780
799.482684 477.318664 379.384431 186.005484
797.170448 476.838664 380.170916 186.424352
796.668083 476.342489 379.182665 186.593699
794.958909 476.446503 379.207510 186.264486
793.234824 475.748562 379.439547 186.901843
791.488772 475.780956 380.186536 185.867946
790.551811 475.676614 379.281399 185.972288
788.840503 475.397887 379.484266 185.969496
787.103488 474.973243 380.622354 185.505071
786.158267 474.590147 379.150003 185.552272
785.428417 473.897005 379.103782 185.812795
783.379114 473.230347 379.279009 184.968089
781.247470 473.745410 379.410631 184.676525
779.966982 473.378755 378.722945 184.765718
778.374866 473.274555 379.172219 184.425779
775.269446 471.869750 379.185503 185.882683
773.890085 471.582956 379.134383 185.608584
771.577173 471.478312 379.223936 184.157626
769.981922 471.103206 377.994627 183.445058
767.744816 469.276076 377.392954 185.002599
765.991716 469.612134 377.506972 184.319264
763.860871 467.745559 379.032113 185.475821
761.510571 467.468369 378.276121 184.740712
759.127038 467.574876 378.357122 183.318822
758.443897 465.737092 376.561693 184.787731
755.218838 465.525973 376.880945 183.677529
753.740555 464.674165 376.237883 184.091605
753.430669 463.918994 376.458169 184.410335
755.589540 462.934364 374.665757 185.177163
759.359552 462.221613 378.053753 184.879536
766.473285 461.175721 373.745919 185.813329
773.096555 461.029987 372.189229 186.290838
774.203959 458.690542 374.374812 187.972163
785.432158 456.281661 370.749987 189.045211
791.017270 455.746873 372.863158 187.944911
798.711024 454.637758 372.648783 187.728939
802.463285 453.962931 375.294479 187.526952
808.384372 453.419963 373.517524 186.268796
801.128064 454.318411 377.451435 183.755227
799.592537 452.980447 376.572546 184.309597
796.692740 452.953788 377.112668 184.239104
793.481968 451.990645 377.482523 183.239676
790.955208 450.277051 376.504435 184.875216
787.087124 449.743290 376.839937 184.310319
784.152996 446.891199 375.936632 186.289453
780.797470 445.298760 377.152352 187.572553
777.708932 445.298760 376.315015 186.032102
768.027095 442.026331 380.086927 188.148977
766.891574 442.457463 377.072240 187.447823
762.413899 440.409043 379.403075 188.572652
759.608080 438.469352 378.182904 189.777333
756.851730 436.878235 377.703040 191.581531
755.086105 435.751689 377.077917 191.356375
752.182584 436.091703 377.781258 189.899205
749.343654 435.865245 376.530153 188.575672
746.690197 435.188287 376.769651 189.912107
742.618833 434.632943 378.197845 189.571836
740.028953 432.969129 377.781030 190.230827
745.229462 432.410951 373.680213 191.478860
740.038766 430.370057 377.341400 191.399266
737.849897 430.268456 376.483876 191.490007
730.746420 429.928067 379.275380 191.039586
728.175140 429.938558 380.708320 190.910452
726.211911 429.828207 379.528182 190.568079
724.039749 429.384840 380.250876 191.011447
721.880425 429.162020 378.427604 191.008482
719.021977 429.384840 379.680143 188.768388
716.649800 428.826269 377.423833 187.117397
715.415494 428.205847 377.043318 188.813587
712.136563 427.276900 377.988307 188.890238
710.366942 426.831723 377.497144 188.668110
708.565684 426.495848 376.506008 189.003985
715.037538 425.957635 372.059763 190.269925
710.844591 423.646192 375.067069 192.261294
709.542231 423.891663 374.843342 191.910619
707.969666 423.960145 374.045459 192.267415
706.099324 423.394082 374.609533 193.513791
704.616838 422.875671 377.532397 194.292868
702.367446 422.189423 376.552889 194.294447
702.302176 422.074375 378.552686 196.472743
700.020311 422.683131 378.575731 195.675865
699.775339 420.728951 377.563000 194.648656
698.283162 421.482983 376.334212 192.596139
696.893568 420.454237 378.237088 189.579081
696.114634 419.624167 379.246209 189.328806
694.994318 418.395367 379.119457 189.664403
693.063327 419.068562 378.141642 188.768657
693.172504 418.568899 377.994343 188.483622
691.668082 418.069285 375.693766 188.420619
690.788875 416.432298 372.218626 187.295339
691.333418 416.455610 370.449668 187.677530
691.332525 416.288249 369.281984 186.620910
691.755769 415.304125 369.775106 186.969991
691.538369 416.107182 370.636991 186.202450
692.045204 415.397001 371.513754 185.510654
692.030143 414.895836 371.663262 185.882161
691.085119 413.434050 374.315757 187.998420
691.463233 414.522514 373.876325 185.903090
692.028488 413.746246 373.670430 185.992384
691.026139 413.027633 375.005178 185.711365
690.795319 412.472948 372.639217 184.962660
684.168479 411.255868 375.187590 186.106541
688.622159 411.223169 372.673868 185.645456
686.391221 411.034699 372.171674 185.673016
686.663138 409.191772 375.115505 185.654401
687.675115 409.847921 372.963292 183.807700
686.936216 409.263916 374.927359 183.683905
689.203964 409.225547 373.078010 183.839627
696.892526 407.807448 367.579333 184.711761
696.527072 408.356474 367.278414 183.375754
697.953458 406.360462 368.118383 184.666310
698.158783 406.882790 368.526304 183.854121
700.414457 406.222567 367.817701 184.298724
700.194465 406.056317 368.651889 183.472740
695.147062 405.888866 373.784942 182.649999
697.867475 405.071955 369.689815 183.979769
698.512910 403.916801 369.470603 185.190572
700.895345 403.422021 368.266287 185.810686
700.846412 403.478840 369.550311 185.192676
709.112552 401.014746 364.678929 188.529687
708.835239 400.930271 369.080488 186.185129
710.425782 401.037023 367.404329 186.440928
711.669390 399.792866 368.706967 186.890208
706.317936 400.545802 374.397378 184.836156
715.837861 399.402874 367.840128 186.473816
716.123271 399.178601 371.131025 185.208866
716.951188 398.559019 371.247400 184.442673
711.420263 398.243729 377.490366 184.503530
714.369396 397.671674 377.162732 184.271745
715.472401 397.738955 376.175188 182.795014
716.982934 397.263324 377.967139 183.971190
718.123959 397.361673 376.006540 183.313977
719.835347 397.482028 377.260849 183.320605
721.328292 397.970843 375.241016 182.740511
724.019644 397.861190 373.829410 181.956512
732.386201 396.934585 367.249451 183.813331
731.228970 396.125605 369.634806 184.440840
732.627047 395.827537 369.245070 184.046688
734.710277 395.782874 368.514766 183.961887
736.665783 395.846608 368.911327 183.554751
738.290250 395.067075 368.081490 184.548760
740.250467 394.954939 368.478235 184.232392
740.365650 395.021758 369.158704 184.036208
743.955898 393.572176 368.998779 185.820048
743.062879 393.620234 369.585677 185.239915
747.697479 392.617507 368.964538 186.677577
746.777005 393.730641 370.224961 185.129508
749.175196 393.176537 368.687882 185.466709
749.158308 393.462251 369.185999 185.058460
749.744469 393.900900 369.783112 184.619811
749.348593 393.900900 370.147872 184.837182
749.444201 394.932898 370.062673 183.493746
748.634226 393.900900 370.024041 184.402666
747.710508 393.462251 370.443093 184.624620
747.012907 393.352062 370.645366 185.386020
745.576975 394.109225 370.547097 184.873593
745.522661 394.659119 370.135597 184.323699
745.093639 394.280007 369.546280 185.015077
743.966021 394.389286 369.502959 184.688218
743.270897 394.444928 369.216220 184.293154
742.174991 393.900900 369.132905 184.837182
741.651755 393.572176 369.520847 185.820048
742.169429 393.287734 369.348981 186.225231
740.245532 393.331341 370.726503 185.651477
740.697069 393.998712 369.778736 184.335556
740.143715 394.010074 369.685956 184.510637
739.093653 394.119097 370.059950 185.054779
738.649921 395.149049 370.008344 183.711100
738.270869 394.876778 369.558784 184.953118
736.582637 394.607317 369.544698 184.905648
736.491475 395.579020 368.662124 184.370835
736.491981 395.513676 367.320504 183.887683
735.988173 395.524961 367.678044 183.619061
734.466650 395.634530 368.347220 183.509491
733.687894 395.796431 367.792168 182.833444
733.150174 395.906020 367.849075 184.409304
732.400469 396.616643 367.064584 183.860013
733.037504 396.994899 366.303108 184.222947
732.322765 396.670319 367.521292 184.547526
731.653619 398.405137 367.151850 182.630190
733.743951 399.030054 367.830277 181.969309
733.864038 398.040437 369.194796 184.243044
734.707419 399.598568 368.312881 182.554136
735.536146 397.912840 368.860967 184.633608
737.835230 398.524741 368.734926 184.061679
738.239304 398.524741 369.800627 183.627963
741.084909 399.064017 369.349794 182.440776
742.328943 398.788216 369.578847 179.598045
743.908711 399.233586 368.309499 178.955581
745.951980 398.033443 367.274146 179.459549
747.618660 398.184292 367.108888 178.960414
747.190565 398.855559 368.856094 178.151565
749.992615 399.867827 368.107171 177.276879
751.995594 400.711607 369.465842 175.454639
752.529052 401.317388 369.202259 174.848857
753.993565 401.111497 368.567540 175.586423
755.622203 400.374050 368.622418 175.910873
757.204704 400.727458 368.539881 175.299833
758.622200 399.916272 368.964768 176.111018
760.410767 399.506396 369.347612 176.101527
761.616533 399.916272 368.443215 175.901187
763.330110 398.990016 368.072415 176.617908
763.953632 398.186993 369.133406 177.701903
765.366469 399.168985 369.561472 176.997260
766.657312 398.397306 368.229586 177.282318
767.616552 398.886171 369.127437 177.141119
768.821995 399.687677 368.736958 176.060051
770.580607 398.990016 367.480296 177.037275
772.827981 399.221556 367.601953 177.299987
775.285497 397.625964 365.422174 177.772718
775.666535 398.343922 367.906897 178.117067
776.199790 396.723532 368.359185 179.024197
777.366487 395.234244 367.506715 181.117386
778.993515 395.403896 368.258644 180.226247
780.743610 395.552454 368.852517 180.158375
780.556306 396.147142 369.479621 178.425140
781.778813 396.288518 369.288325 178.360720
782.446900 395.974134 371.358193 178.463707
783.648094 395.403896 372.152500 179.168386
788.780929 392.056962 367.649826 182.088899
789.869120 390.323349 367.503869 184.391032
790.956031 389.302221 367.404344 185.016387
792.164905 389.639431 366.664360 185.109094
793.954818 389.863278 367.952967 184.455330
795.039438 389.076432 366.789798 184.386081
796.786824 388.210179 367.954446 186.071763
797.543999 388.509573 366.771870 185.044882
799.700093 388.037260 366.690948 185.596193
800.540706 388.522231 367.144381 185.448380
802.538936 389.062355 365.803557 184.470711
804.241887 389.616061 368.365996 183.678123
804.194448 389.819858 367.797193 183.300830
806.619704 389.442107 369.172928 183.978910
806.825154 388.898688 367.482741 183.884155
811.966782 389.663583 369.609030 185.267465
813.087109 390.245557 371.009878 182.902906
812.889093 389.816333 371.659630 183.520993
815.338465 389.433632 365.430826 183.592523
809.160146 390.217861 369.560599 181.236763
820.120872 386.001104 364.282954 185.159128
816.505853 386.423504 367.304327 184.113635
820.966774 385.484655 363.896998 185.174133
823.514063 384.955359 363.506830 186.114476
824.986082 385.503713 362.999014 185.129855
828.117754 386.510567 361.729161 184.000642
829.967054 386.199725 361.033508 184.270186
832.555416 385.711781 360.461310 184.630984
833.721342 385.379308 361.448325 184.963456
836.931593 384.973103 361.259950 185.496809
839.322121 386.199725 360.172150 184.701119
840.017247 387.132579 362.500801 183.210186
841.440288 387.727334 363.754545 181.884485
844.179579 387.727334 363.355667 182.098509
846.475307 387.186061 365.440037 182.211957
848.815290 387.395910 365.068732 182.688046
850.654899 386.510567 367.270714 183.573389
850.403004 386.691247 370.338284 184.184382
852.123268 384.375839 368.716445 187.204740
855.506501 385.598227 368.582181 186.734878
855.664362 384.604936 367.965232 187.948690
858.754429 386.143347 368.160718 188.409833
859.970772 384.936224 369.227783 190.390934
862.699898 383.610646 368.131527 192.158377
865.286349 383.157402 366.827913 191.176229
867.599043 384.026539 366.047664 190.411356
869.552488 384.193087 366.622878 191.364697
871.936509 383.357640 366.031800 191.413040
872.768959 382.385503 367.039271 191.055697
875.926213 382.034811 366.250540 190.525995
875.928639 383.595958 369.074257 187.421029
879.552504 383.674567 369.222364 188.766303
879.332537 383.196718 369.797692 188.925817
883.646112 382.151897 367.197752 189.315726
885.594760 384.121399 366.224861 188.098560
885.878421 385.612059 366.248900 186.495277
886.290272 383.283568 367.223540 189.356130
888.221357 384.716064 366.254463 187.396820
885.506658 381.890093 370.494417 190.000276
886.272024 381.919505 368.121375 189.632670
885.839882 381.179495 366.891888 189.837492
884.792042 380.104465 366.612245 190.796734
884.137367 379.306711 365.760211 192.488320
881.793279 377.691620 365.899722 194.657487
883.121637 379.115196 367.869881 192.890803
877.853060 379.947199 375.965140 193.060342
876.616679 378.873677 371.060007 192.824079
876.104791 379.147853 371.801313 192.155163
873.509495 379.147853 368.058253 192.379964
871.206511 377.347339 368.822247 192.769806
870.910289 377.572510 367.102068 192.426476
866.099314 376.373516 369.070130 195.421515
860.922931 378.207492 369.890375 192.994555
860.239191 378.188125 367.326627 191.790242
858.699612 378.381873 366.440524 190.082728
856.836245 377.281950 367.066998 191.291890
855.720101 376.712667 366.214077 190.869641
855.222387 377.031168 366.258753 190.327679
853.857978 377.492586 368.339320 190.307581
854.578180 376.594755 368.501675 191.647270
861.346863 374.509215 362.940062 193.611779
859.932882 375.143949 364.641742 192.989637
858.976136 375.034064 364.903887 193.208782
861.418968 374.944999 364.377123 192.746276
857.725323 374.071179 367.831757 194.062407
860.046259 373.085702 366.028188 194.024630
861.659528 373.782724 364.390866 194.133375
861.027661 375.495195 364.689887 191.644403
860.932891 376.987194 366.179501 189.928974
861.847064 376.432644 366.457030 190.815166
862.893828 376.799195 365.369801 191.222085
861.298051 376.566507 366.276562 191.012850
862.355001 375.390733 366.431413 191.747906
861.173934 374.695661 366.369034 192.219709
863.149759 375.153739 364.936773 190.868057
861.377263 375.699581 368.089404 190.664041
862.777322 375.175057 366.480715 191.174478
862.011201 376.030994 366.056806 189.440194
863.050569 375.583708 367.123405 189.680660
860.902883 375.328734 367.842248 190.483665
862.941074 375.267747 364.967169 189.644509
864.088329 375.082044 366.074964 190.396967
863.468050 376.552549 365.953903 189.483640
863.133411 376.619762 365.965240 189.083360
865.169685 377.301580 364.802352 188.621408
865.170230 378.605619 363.760269 187.205454
865.246189 378.269774 364.057576 187.968808
862.307044 377.605430 366.982846 188.534045
864.921632 379.234701 363.512345 186.143388
861.853230 379.585023 366.453354 186.099490
854.602429 380.253888 372.856815 186.438995
856.216980 379.963401 370.449554 186.206330
864.111298 379.752280 363.582096 186.727923
859.912092 378.383636 368.229828 188.949022
862.765471 380.564729 364.669426 186.905567
862.621861 381.033194 365.532753 187.189818
860.479197 380.771742 367.311037 187.683028
861.175204 381.174600 366.625562 187.078525
859.524857 382.481519 368.107537 186.089798
860.920026 382.964384 367.596063 185.724047
858.280092 384.166204 367.986232 184.958734
860.749686 384.057903 365.233491 185.285814
858.389547 384.845137 369.463805 185.353431
859.961266 385.719924 368.373751 184.409570
858.077214 387.392778 370.932550 182.956480
856.995374 385.714833 372.553374 185.311859
859.850193 386.454427 368.624233 185.231122
858.634237 387.206563 369.510610 185.455466
860.087122 388.353274 367.561452 185.081079
859.653629 390.022739 369.718118 184.826858
858.808234 390.893388 370.526774 184.206322
859.238139 392.063526 369.773431 183.473465
858.811483 392.872402 369.009157 183.545290
860.415529 393.521658 367.956201 183.545365
859.861870 395.047423 370.032318 182.987594
859.859664 397.433498 370.696698 181.838313
857.205705 397.807927 370.940559 182.022683
859.247757 398.190792 369.653399 182.628655
858.638862 399.043683 371.076770 182.641380
859.951464 399.554392 369.584581 182.292876
859.561006 399.002019 373.249144 183.677600
860.137258 400.054594 372.383441 183.034862
861.790791 400.320547 375.292190 183.943184
852.941401 402.850418 378.282080 180.919712
855.982915 403.902951 377.049243 181.110767
864.587891 404.219757 371.328895 180.793961
862.876142 405.759314 372.141361 179.372849
864.355777 406.451991 372.090838 180.402137
866.536707 407.512123 370.385620 179.326966
867.394860 408.644004 370.338024 180.141533
871.241880 408.780398 369.057073 180.186643
869.410282 410.838374 371.481642 179.273928
869.549618 411.380938 372.211071 179.572090
871.194468 412.091171 371.403702 179.849558
872.228986 413.010804 370.149586 179.067840
872.047856 414.083394 371.874550 179.651379
874.366483 414.424156 372.466807 180.062092
874.618356 416.563361 373.822712 178.917240
865.636338 417.353041 379.619351 178.395450
869.663126 417.329357 377.732560 179.658985
869.178927 419.312885 376.324333 178.742361
869.555965 419.711704 378.020445 179.082065
877.800340 422.420326 371.421272 177.190002
876.213603 422.120848 372.339740 178.021544
877.345635 423.535992 372.434855 177.740868
880.367304 428.366671 371.450997 174.974685
881.647916 427.897561 372.849257 176.047285
884.614802 427.560241 374.839346 176.050956
887.438377 429.280108 374.965446 175.256532
892.119575 429.882387 374.359603 176.770634
896.661680 431.193356 374.115145 176.103393
901.244588 431.662086 373.708879 176.267341
903.900871 432.792787 377.484428 177.242891
908.238132 435.687983 377.256980 174.381692
904.143870 435.832757 383.162724 175.996747
917.594486 436.641510 376.981303 176.409757
920.811456 439.031689 378.039958 173.451519
923.498087 441.127931 379.916537 172.890978
927.925382 440.572012 378.606070 175.370587
931.429851 440.370051 378.950942 175.875023
938.003942 443.179692 376.904124 175.388690
941.560998 440.968132 377.794274 178.002265
946.503522 446.039746 376.837094 174.674642
952.621851 447.598480 375.586620 174.764306
957.241637 445.517795 376.115804 178.054453
958.068785 452.050903 377.816741 172.281108
966.650631 451.907310 375.678126 172.759265
969.894129 453.082159 377.637491 173.597812
970.011899 455.687869 380.063531 173.387787
975.132053 455.932331 379.365204 174.497726
978.257109 457.277423 381.049360 175.073874
984.169876 458.297117 381.319782 176.282291
995.249509 457.071970 379.011550 177.625678
999.697080 460.778991 381.872768 175.194652
1004.775546 461.740031 380.865034 175.305832
1011.421462 462.718078 381.583950 176.341205
1016.744875 462.621157 382.000075 177.219823
1020.978956 462.501689 382.364193 179.206887
1026.433243 464.731464 381.034311 177.103655
1030.980800 467.988656 382.406355 176.157686
1037.459546 468.138243 381.962396 177.217139
1042.617609 471.698456 382.620156 176.504477
1049.932943 472.951232 379.199481 176.143272
1055.709303 472.862561 380.900894 178.538864
1061.127022 475.478606 382.469350 177.742958
1068.190167 477.287314 379.789060 177.298383
1075.971931 479.429406 377.883590 176.050944
1079.684300 479.146184 382.248789 177.999524
1087.198334 481.239996 380.751517 177.497869
1092.839890 482.903694 381.045047 177.408958
1098.586334 484.227903 382.373552 178.229209
1105.525150 485.845862 380.665768 177.223611
1112.011199 488.471326 381.450592 176.643070
1118.850238 489.574874 380.571721 177.147481
1124.758731 492.455103 381.882626 176.412790
1131.850219 493.345761 381.828389 177.570325
1137.634867 495.958167 384.121449 176.662198
1143.361555 496.968279 383.546395 176.290281
1151.359595 499.922198 382.714097 174.107450
1155.779976 499.701064 385.582783 175.393188
1162.617460 502.712268 386.537299 175.642191
1171.448423 502.765381 385.246119 176.392858
1171.475787 507.247798 390.345132 175.120302
1178.226492 504.589986 389.314243 178.269689
1184.962183 509.855379 389.054834 174.722598
1190.450998 511.430275 389.331006 174.681775
1198.757963 510.045641 388.668001 178.418302
1204.622901 515.497735 389.654571 174.917838
1211.030432 516.971886 390.841853 174.797437
1217.904821 514.805855 388.849513 178.729655
1223.495920 519.365107 392.971883 176.068667
1229.709081 521.511990 392.618128 174.822276
1238.241437 521.441640 390.789526 176.586623
1244.017353 523.022719 393.817946 177.429402
1251.259216 524.175080 393.922711 178.002816
1258.590956 523.644803 392.140276 179.332738
1266.637703 526.785731 392.615714 177.213896
1272.370501 529.108960 395.018495 176.561706
1276.792042 531.035506 400.049293 177.516642
1287.408959 531.184051 395.457014 178.243510
1291.250967 533.944652 400.393245 177.098898
1298.128901 536.013610 400.018928 177.373642
1303.520625 537.100130 397.600443 176.970205
1308.727128 538.163330 398.619162 177.326682
1312.793472 540.229261 399.281893 176.801944
1315.499712 541.372230 402.512372 177.252175
1319.458887 542.327116 401.919229 176.786090
1323.248163 543.373158 403.523797 177.328402
1333.880848 544.658940 399.546571 177.047560
1332.597099 545.063396 402.793721 176.727166
1336.652088 546.129083 401.212543 176.404366
1338.871484 547.129457 402.535386 176.451269
1339.454617 546.940197 402.605576 176.640529
1342.377691 547.078186 402.464572 176.592270
1343.242858 547.412036 402.520558 175.949876
1344.524599 547.693167 402.350999 175.668746
1345.857976 546.891026 403.349256 176.166638
1346.541044 547.265281 403.967132 174.874878
1346.930095 547.171792 404.492831 173.239417
1348.819775 547.078186 404.634939 173.547976
1351.048543 544.878071 402.899326 173.401552
1349.883331 544.725943 405.136669 172.801291
1351.157745 543.115898 406.300195 172.632070
1350.936574 540.781286 404.833944 172.411138
1350.851790 539.333668 406.950876 172.765058
1353.341555 537.415957 404.864067 173.682661
1352.513671 533.065614 404.146394 174.407497
1352.991048 532.227307 404.452765 173.071051
1353.786592 529.728101 404.560900 172.813621
1354.365860 528.322768 405.236332 171.135358
1354.324816 525.400638 404.880033 170.882210
1356.271551 521.183117 401.294295 174.733108
1354.740928 521.552526 405.202859 168.616667
1356.994121 516.369712 401.460803 174.799463
1354.094613 514.179903 403.627165 170.509846
1353.463678 511.792443 405.757157 169.184083
1355.652545 506.578278 400.795675 175.361846
1355.534419 504.188538 401.303058 173.550644
1354.561158 502.067033 401.703101 174.051646
1352.390982 498.587007 401.135816 172.163884
1351.890301 496.115880 403.157927 172.190185
1351.647897 492.520046 400.969504 172.828527
1349.369705 489.341315 402.917040 172.116490
1344.769493 487.286759 404.774365 166.798863
1345.010304 483.521711 405.160589 171.964758
1345.751818 481.255174 402.151089 170.545027
1342.602005 478.345279 402.790875 170.225034
1341.820112 475.645466 401.733784 172.194953
1338.484589 474.788029 403.127795 170.000356
1335.313511 474.576775 401.718334 171.142045
1335.104815 473.847588 402.919265 170.234118
1332.071059 473.952643 401.011190 169.939583
1330.140221 472.569388 401.210414 167.336654
1327.597337 473.738183 403.382235 166.987614
1325.805933 473.113227 401.448410 166.547458
1324.032960 471.854539 397.579648 164.992369
1321.888134 473.427661 401.063923 164.226071
1317.246456 473.801529 401.635889 164.226568
1315.502439 474.004777 398.002664 164.837835
1313.892082 472.273641 400.027090 161.911956
1311.510507 472.224089 398.639950 163.674540
1308.572694 471.212574 396.937508 164.324113
1306.631290 473.194007 398.998816 159.517786
1304.151799 472.443085 398.241399 161.776432
1298.552079 471.762408 398.645660 158.276948
1296.331781 471.288762 398.682371 159.871975
1293.775714 471.840793 397.978248 155.779326
1290.247030 470.892431 397.491978 156.796003
1288.036354 472.077718 397.620918 154.244341
1284.192090 470.722153 396.738673 155.194685
1282.111143 469.549537 395.149896 154.573386
1280.526818 470.141348 394.133032 153.455470
1275.290129 469.152761 395.027119 152.534229
1273.340047 469.358227 394.401427 152.117665
1270.922616 469.545872 394.789067 150.874198
1267.234212 469.545872 393.575321 149.128247
1262.900104 469.158437 394.357269 146.705872
1260.358513 468.219230 393.189283 147.700223
1256.888155 468.028972 392.697958 147.533758
1253.286987 467.218855 393.225735 147.908392
1249.809222 467.217930 393.506223 147.344799
1247.301618 467.406633 392.588917 145.753345
1245.038878 467.248620 390.251955 144.716528
1240.675250 467.599678 391.112877 142.623938
1234.655308 467.106193 394.409344 142.194666
1230.212621 465.895539 393.406320 142.678100
1227.201151 464.649668 394.331029 141.401742
1225.263038 463.773469 393.203944 142.507660
1218.283414 462.711863 395.283551 143.344206
1213.962499 462.514172 397.436740 142.706186
1209.583071 461.872713 396.229607 140.831872
1208.610267 461.206120 393.092036 141.320558
1205.329649 460.843622 392.556927 141.738109
1201.783141 460.475504 392.257437 139.650760
1198.110556 460.226079 392.407472 140.453303
1195.518029 458.993579 393.304288 138.723564
1190.452150 456.944689 393.383084 138.325092
1183.673735 456.197117 395.469606 139.076995
1180.280048 456.451753 395.518882 138.927122
1175.584752 455.089618 392.889120 139.862667
1168.847775 453.479809 393.588047 138.207844
1161.533893 451.675324 396.474580 139.520679
1154.974805 450.442280 396.923516 140.699153
1150.030032 448.627778 395.372867 141.171609
1143.852395 447.539926 395.711900 141.355325
1136.309327 446.676148 396.561317 141.118416
1130.470658 445.058503 397.673719 141.611569
1125.937078 443.176286 394.461301 144.306519
1120.068681 442.002631 394.304545 144.569652
1112.818900 440.635836 395.753063 144.891153
1103.344909 439.524698 398.220237 145.874006
1100.108399 438.528839 396.624375 147.176292
1094.013183 438.049124 394.704614 147.112756
1085.672176 436.479975 392.924672 147.566700
1078.322634 435.809143 394.030757 147.493734
1070.035643 433.592352 393.462803 149.710525
1066.317314 433.282864 392.985397 149.285511
1060.482831 431.486696 392.056256 150.337450
1051.970822 431.074564 393.185894 150.786489
1038.586648 430.328279 395.613677 149.814877
1036.130587 429.059631 391.813823 151.546312
1029.691020 427.635940 393.373842 151.908149
1017.306141 427.028173 395.748927 151.259309
1007.253582 426.817483 396.884026 150.419465
1005.356445 425.380803 391.769097 152.333508
998.594613 423.571934 394.345141 152.636503
992.297760 423.446412 393.237797 152.927539
980.717726 421.653486 393.858847 152.816282
977.174460 422.441222 393.347992 152.122082
972.441290 421.062367 392.503105 153.972692
964.565315 419.891989 394.859715 154.129692
959.505111 419.557718 392.727305 154.480787
953.700050 419.092628 391.683490 155.388546
947.144936 418.695001 392.064898 155.786174
940.598172 418.497922 392.285848 156.299625
927.751816 416.372578 395.338386 156.003301
926.637114 416.585868 392.072228 157.694187
913.923217 416.459701 396.020412 156.108533
911.170369 416.041669 395.805403 156.994126
900.259306 416.032665 395.808510 156.198181
899.092571 415.444757 391.237241 157.868022
893.206999 414.984396 391.525566 158.925572
886.181697 415.711301 396.379744 157.079629
872.408075 414.573284 396.271006 157.462662
871.778954 414.845336 393.665044 159.184188
865.036132 414.311120 397.731399 158.310315
855.419932 414.532372 396.281302 158.936876
854.967843 415.231298 392.618821 158.798522
852.502083 415.377747 390.301253 159.799269
849.680341 415.175315 389.974456 160.001701
846.136002 415.377747 390.869808 159.552811
843.680356 414.566086 391.204461 161.024421
844.204312 414.639723 390.626424 160.956022
845.141153 414.963534 390.577913 160.518215
845.023358 414.350929 390.097973 161.377514
845.149928 414.555416 390.890640 160.681127
844.671911 414.350929 391.126806 161.295108
844.929023 413.628610 390.047211 161.371614
844.882049 414.247701 390.803167 160.848296
844.747941 414.041535 390.050801 160.747477
844.961073 414.362390 391.112133 161.145195
844.397646 412.814120 390.724196 162.525449
844.842678 412.814120 390.843396 162.953131
845.299714 413.209155 390.530513 161.669082
844.262930 412.623001 391.390368 162.336456
844.708607 412.609712 390.622171 161.885873
844.257861 412.826579 391.250611 161.454762
844.257861 412.826579 391.073024 161.202946
844.123284 413.443438 390.675661 160.287837
842.946054 413.850516 393.839974 160.263812
843.089103 413.617426 393.522763 160.762957
843.815799 413.617426 392.047386 160.845608
843.175715 413.839827 393.078720 160.779338
843.897039 413.413459 392.000960 161.049575
843.714438 414.242943 391.471777 160.376222
843.935814 414.242943 391.605376 160.546069
843.666942 414.242943 391.696447 160.973342
843.848912 414.034021 392.049049 160.966203
843.983237 413.831484 391.558626 161.084297
844.257861 413.831484 391.073024 161.253333
844.123284 413.839827 390.321535 161.119630
843.882035 413.846167 390.980806 160.392292
844.023358 414.247701 390.451955 160.503473
843.485435 415.377747 391.521563 160.379346
843.801359 416.578944 390.320495 161.125112
843.076116 418.385758 391.609086 160.643674
842.854018 420.382881 392.899967 159.840405
842.854018 421.582501 393.792627 159.228800
843.175715 422.311885 390.414881 162.483817
843.117515 422.911778 389.473073 161.197497
842.164087 423.119239 392.407807 161.415969
841.683911 423.516209 392.501854 161.147270
841.632366 423.516209 391.698381 161.147270
841.714422 423.114757 392.183524 161.586438
841.497394 423.313037 392.366559 161.603517
842.031377 424.120749 390.443769 161.012900
840.941532 423.590180 393.167409 161.132281
841.628085 423.714283 389.960983 161.251489
841.157533 424.007612 391.382122 161.222235
840.314288 423.719119 390.423404 161.793062
839.397668 423.721900 390.193564 162.272948
838.445223 423.921692 391.208265 161.762027
838.175712 423.719119 390.238107 162.050631
836.854024 423.719119 391.299504 161.707481
836.040809 423.719119 391.790150 161.707481
834.956700 423.306579 391.664375 162.418990
833.413325 423.510581 393.306447 162.045087
833.054872 424.319070 393.520006 161.706313
833.595325 424.516757 392.266155 161.139398
832.956706 423.714283 390.603066 161.756697
831.449361 423.923645 391.881535 162.158648
830.819108 423.707423 390.946991 163.172772
829.819086 423.298059 390.239587 163.152743
828.632388 423.714283 391.343310 162.610701
827.954175 424.319070 392.231590 162.388963
828.219686 424.108281 389.161093 163.413496
827.392267 423.359758 389.522053 164.458341
825.277872 423.707423 389.546758 163.693086
824.171222 424.323515 390.804473 162.521291
823.714425 424.525942 390.053083 162.580872
823.794990 423.359758 389.296097 165.483922
822.407670 423.481397 389.118403 165.823046
820.865005 424.304231 389.512431 164.558355
819.358777 424.312669 389.346822 164.258229
817.497395 424.108281 390.239063 164.374315
816.676938 422.445789 388.672716 165.458527
814.680967 424.319070 390.584066 164.496400
813.325290 423.481397 390.405778 165.381189
812.052770 424.087666 390.707831 164.544738
810.462469 424.099011 388.655216 164.675715
807.006858 422.717483 393.323899 168.265505
804.786794 424.744140 392.403049 165.710555
802.168665 422.783495 394.147562 167.689048
798.314383 425.362015 396.300133 165.270617
797.376881 426.171715 396.207214 165.463008
793.760766 425.076474 402.981746 167.441965
792.434688 427.893209 400.462739 165.116096
790.694822 426.707707 399.719693 166.761642
788.196241 428.837679 399.847591 164.979758
787.161016 428.927239 400.069302 164.277259
787.535962 428.884126 399.238174 164.790341
784.342983 429.528979 400.945579 165.357374
783.169133 429.636272 400.319036 165.286988
784.548944 429.367011 396.767982 166.976318
782.380607 427.583438 396.077995 169.619973
781.599637 430.702436 397.031917 165.044202
780.417016 430.355190 398.246674 165.753174
778.563765 430.329583 398.544565 166.072385
778.398907 427.769006 396.305412 169.723279
778.145451 429.766430 396.666757 168.612838
778.633388 423.356649 393.131313 174.103721
778.291153 423.672150 393.021179 174.244889
777.071366 423.850569 393.701985 174.905634
776.268896 424.854487 394.064593 174.075576
776.213422 424.854487 393.626517 174.168735
775.672062 417.548452 395.613253 179.823109
775.470528 423.133713 394.026605 174.393649
775.809986 419.857503 394.426372 178.054121
774.277564 426.456136 391.376411 171.627454
774.549532 426.973166 393.603682 170.937869
774.447149 426.701578 392.496549 172.507322
774.178016 427.740555 391.902311 171.933815
773.122332 428.617128 393.043337 171.706350
772.040748 427.495461 393.979044 172.370040
771.014179 428.107093 394.309965 171.589926
770.553742 431.079270 396.620272 169.617923
770.605703 432.299274 395.798565 168.872446
770.225237 431.301856 395.514034 169.927656
772.525189 432.108453 394.153496 168.962440
771.386543 431.566888 395.010417 168.986763
773.738347 431.289166 393.226408 169.684140
772.250427 433.469128 395.865863 166.262304
771.654957 433.253356 397.046808 166.124303
772.661018 433.469128 395.672724 165.856635
772.059654 433.773529 397.325828 165.453968
774.147757 434.488856 397.407957 165.649539
775.336867 431.866840 395.320065 167.812896
775.931963 430.880133 394.860653 168.041254
774.704933 432.329744 397.132366 165.712163
776.877854 430.871084 394.058449 167.696066
777.769377 429.286771 392.600671 169.587023
776.741970 427.583438 393.620638 170.520166
775.713592 428.153070 397.201484 169.271543
776.014201 428.576625 395.390090 168.552707
776.391787 427.158495 393.817084 171.127053
778.332904 425.841745 391.866613 172.366254
778.872394 426.732180 392.011681 171.280643
778.607593 426.334860 392.567365 170.491086
779.549518 425.296878 392.523112 170.439501
779.472629 424.900149 393.240639 170.104091
772.938192 424.506695 395.449433 168.677237
777.808651 423.589243 395.934099 170.717182
780.042044 423.740962 390.699515 170.770118
774.984630 423.511111 394.641611 168.603178
778.286777 422.373909 393.494310 170.913730
775.124468 424.110330 398.020729 167.904279
776.009112 421.873891 396.983973 170.429586
776.260116 422.150758 396.893324 168.928351
776.689723 421.457924 396.846515 169.137725
778.504320 419.921815 395.164875 170.673834
780.178533 417.448015 393.370642 171.771353
781.122023 417.175443 393.292508 171.418626
782.734562 416.487077 390.926154 172.173421
783.219581 417.663878 393.114147 169.209182
784.629772 415.741305 390.480379 171.716278
784.629772 416.975193 391.912111 169.410285
784.904060 414.723415 392.824460 171.315504
786.407679 415.872119 390.041244 169.347056
785.392177 414.142926 396.087444 170.033913
786.096831 410.928471 393.014963 173.556904
787.845722 413.145403 395.499359 169.983337
788.096825 410.360284 392.298845 173.025394
786.907436 411.334431 396.133345 171.956779
789.426032 408.352490 392.413941 173.244009
786.462989 408.237915 396.086178 174.374793
788.601046 408.430483 393.427407 172.670612
788.908806 408.425688 394.036957 172.222544
790.043448 406.815871 394.263939 173.210812
791.637488 406.608666 391.495031 172.179680
792.545972 405.901818 391.662892 172.626439
793.868259 406.497338 391.511028 171.409408
793.417418 406.012949 392.441139 171.759155
793.527629 402.932909 391.206241 173.739427
792.718008 401.626455 392.617026 174.508445
796.301989 400.765107 388.650954 174.186907
794.012890 401.203296 393.923441 173.160271
794.020715 399.738534 392.214556 173.550886
795.656136 397.952165 392.253396 174.724112
797.841107 397.981947 389.394187 176.347327
796.985922 396.036074 390.409746 177.022731
797.768514 395.091367 390.498387 176.708621
801.225704 394.006381 387.009574 177.454539
799.868284 394.046434 390.075434 178.184545
800.230146 393.963518 389.096455 177.107706
800.918381 394.122091 390.046482 175.290719
799.178021 391.950965 392.260205 177.580316
800.749612 391.714935 389.054642 177.536458
799.100142 392.257684 391.641395 176.423965
798.753309 392.428550 391.289271 175.531404
801.177747 391.125137 388.563807 176.082250
799.526954 391.738385 391.058961 175.310705
795.605701 391.061625 395.081850 175.393844
795.283497 391.667704 396.969554 174.312644
796.297819 388.554029 396.212303 176.497124
796.095060 391.025590 396.756080 174.755321
802.652140 386.402824 388.457482 179.696564
801.560279 388.257288 388.873680 178.105263
803.169596 387.679993 388.424223 177.712635
802.310357 386.481285 388.822984 178.581817
803.763751 383.385439 388.503159 182.533349
804.336964 382.382575 389.919725 183.287310
802.972515 382.290076 393.646483 183.121334
806.299336 383.648687 390.572793 179.138397
806.348045 382.461565 390.172937 182.016019
806.524944 382.382575 390.126650 179.859152
805.734961 382.831278 391.637380 180.239893
804.709779 382.555518 395.338393 178.725448
807.582988 380.979979 390.622985 180.408500
809.868022 381.386759 388.488588 179.141536
810.562839 382.349694 387.227815 179.527354
810.639340 382.452853 387.701119 179.424194
811.763769 382.142838 385.821206 180.165742
812.378711 381.877772 385.016607 181.407826
812.962219 382.761255 383.886693 181.944334
807.150093 381.952208 389.536310 180.212383
805.367620 381.668941 392.628049 180.543217
803.111068 381.140992 395.727816 181.221220
802.126844 381.929519 397.830021 179.568796
801.578913 382.030465 397.152206 179.032583
810.964340 381.921363 384.300958 180.112412
810.730388 382.254824 385.539396 179.128072
809.001934 382.125299 387.267850 179.098820
809.177731 383.205806 387.669301 177.057374
810.059022 383.438137 386.771593 176.711686
808.143899 384.636157 387.252153 175.240547
804.063664 385.739482 389.916609 173.298544
805.950720 385.140323 388.329159 173.688833
806.764781 385.167242 386.565126 174.167461
805.647211 384.992643 388.047125 174.431319
804.893186 384.433226 388.464890 175.233313
805.340872 384.907030 389.287141 175.301314
804.390849 384.357103 389.439734 175.344960
798.506681 385.177530 389.501863 172.864377
796.782618 384.667101 393.609784 172.789516
802.682817 384.132639 386.596679 174.315313
800.844668 384.321307 386.549332 174.139367
798.978651 384.915575 387.121314 174.811079
798.240405 385.564190 389.195581 174.825186
798.808186 386.286921 385.551465 174.884717
796.653074 385.014418 388.013240 175.343774
794.740938 386.013405 387.655108 173.147902
791.409322 385.486181 390.338348 174.360184
791.950211 385.785326 389.985235 175.386312
792.061394 384.684447 386.815735 176.938579
791.480924 385.075602 386.268997 175.674512
791.897419 381.622810 383.605265 179.521732
791.073074 382.258938 383.439899 179.950970
788.480929 381.885508 385.561541 178.743953
786.414170 384.056246 387.590903 175.766427
782.711388 383.511206 388.505731 175.735994
782.087572 372.874761 389.237641 186.093854
779.417151 377.643223 389.748619 180.969810
777.743268 376.396121 392.193390 181.870316
776.345923 378.608582 392.471924 179.032685
773.534678 378.368413 393.465026 180.436380
771.255457 368.992951 392.229643 190.593944
770.413036 369.634940 392.038499 190.908567
770.504341 368.983733 391.214975 191.415489
769.264461 372.592193 388.997212 185.337625
765.491521 370.497583 390.206343 186.390434
765.605504 363.284179 389.759611 197.995428
762.635886 366.094493 388.517159 195.325444
760.654007 361.238965 392.808787 200.753324
759.491973 368.872090 390.609401 192.541316
759.048564 362.086965 390.804798 198.169901
757.580725 363.366319 388.684251 198.189792
756.342160 354.877796 388.510454 207.863669
756.954294 360.710734 386.859260 201.060854
755.916734 359.273590 385.105765 203.467876
753.039626 360.941103 388.279887 201.025395
751.373271 360.577312 390.605528 200.507649
748.726908 356.595013 397.040974 205.559704
747.791790 360.168527 404.043795 202.350100
745.137673 366.511120 403.017431 195.313252
739.811862 371.538358 412.235608 190.356778
740.464596 372.432554 415.111421 189.443664
735.558493 378.405840 406.132528 182.960730
739.127903 372.818600 401.868404 188.707956
733.280044 373.672649 404.728718 189.806720
734.684834 377.928808 395.009202 185.734785
728.975078 395.186602 391.627256 170.790757
734.269246 396.458205 389.793924 173.103782
731.661001 392.634813 388.358126 178.472275
732.639313 394.122091 386.630856 175.195708
730.495556 395.562732 386.183084 174.258734
729.986690 398.765661 382.979915 169.938796
725.848928 400.455463 389.035187 167.503419
727.048596 403.726760 384.180221 165.487626
723.573776 403.677853 387.380406 164.787530
722.196833 406.911407 385.378975 161.531955
720.048544 411.846819 386.951850 156.588428
718.394587 411.594654 385.999250 158.538028
716.775315 410.993891 387.064447 159.160412
715.335970 411.993836 387.135940 158.138353
715.084216 413.585898 385.013423 157.451659
714.624891 411.066001 384.980410 162.526615
713.702438 412.375985 384.226083 163.091228
711.236213 413.583066 384.647825 162.003002
711.306130 415.585840 384.519044 160.173953
708.828862 414.272342 386.115528 162.058473
708.081467 417.772108 386.949215 161.416453
706.878822 417.279545 386.050811 164.739135
704.693566 418.057774 387.839717 168.111060
702.860782 418.282935 388.661322 169.529940
701.419819 418.001177 388.411735 168.049705
700.179335 417.865722 388.868445 170.040370
699.281077 418.817909 390.710781 170.386753
698.769389 419.580034 390.280298 167.217446
698.771577 422.780167 390.549217 165.496754
698.721376 422.861002 388.651872 165.825939
698.960272 423.698529 387.067526 164.432507
697.523901 423.373081 387.342615 166.580924
698.565927 426.339467 387.023131 160.410186
695.623998 426.500781 390.988212 161.492253
696.731419 427.450500 390.132408 160.419232
698.437824 427.851521 388.182775 162.040044
696.708315 428.731801 388.473014 162.652578
696.551046 428.724036 388.187163 163.951399
696.940565 430.152778 388.004333 162.738332
697.038526 429.744135 390.711366 165.969208
696.641958 431.494498 394.761569 166.542667
697.094224 432.046431 389.359284 169.356947
695.205338 432.716881 392.322008 169.032379
695.307754 433.893562 391.883189 165.490178
695.503178 434.402088 390.995748 164.427215
697.541159 435.848118 389.320313 164.487510
696.897045 436.304876 389.692034 165.299085
697.284468 436.291359 388.302189 165.824982
697.902176 438.149916 388.572959 164.192372
697.921150 439.167103 388.139504 164.155189
697.597890 439.197306 387.786975 164.414658
697.940554 440.836186 387.297472 163.383348
696.023343 441.445585 390.983639 163.036692
696.031367 443.094320 392.401886 162.858632
696.134255 443.714721 391.371151 163.714442
696.214211 444.738226 391.504530 164.049760
696.671732 446.173118 390.833673 163.833584
697.292623 447.429154 388.264811 164.095219
696.864797 448.234363 393.215392 165.799652
697.878422 448.423364 387.743223 167.910270
696.129377 448.854836 391.052824 171.049044
698.499250 449.669892 387.008280 170.183483
697.039629 450.278646 389.569729 168.861650
698.158446 451.120861 390.049996 169.309515
698.943113 452.356482 387.944419 168.931280
697.234408 452.162022 391.621103 169.533306
699.712145 453.821850 386.449870 169.089192
698.073852 454.146120 389.898173 168.803111
699.424553 455.426354 385.877136 168.339747
697.426336 455.602196 390.614862 169.476410
698.461152 456.900022 388.418938 170.213090
697.682966 457.682577 392.995643 169.589969
698.897924 457.968683 388.787226 170.870496
699.535576 459.990683 390.344003 168.218089
700.883509 460.822066 387.507243 167.933931
700.866268 462.360660 386.655836 169.648546
701.914032 463.236203 386.877268 168.780705
703.323601 464.061269 385.198494 171.229265
701.658054 464.381908 388.600661 173.425983
703.030042 466.036153 388.974222 171.900084
704.252280 467.505638 388.369986 171.576038
703.064559 467.798070 390.208389 173.788497
703.140236 468.405602 390.308691 175.108030
703.254287 469.249833 390.499299 174.663350
702.851586 469.670022 389.829512 174.746473
703.535365 473.107564 389.766673 171.826306
704.240392 473.315266 389.017365 173.919506
704.085755 475.506547 391.986878 173.206517
705.329017 476.130555 389.036584 174.926946
705.674814 476.417710 391.569051 174.917292
707.246317 476.032205 390.212617 177.844840
708.562839 476.972647 389.377140 177.002377
710.044964 478.275897 387.623503 178.437338
708.715157 481.617327 390.174572 177.755473
710.828294 480.044980 387.677181 183.506161
710.932740 482.888117 391.261908 185.955924
709.816126 482.147284 391.376864 186.648597
709.956578 484.623737 393.111017 183.044197
711.902276 486.803802 391.661245 182.831100
711.033749 484.229040 392.301965 185.725992
706.682283 486.219826 396.632649 185.229255
708.239656 485.819764 396.622106 187.779161
707.610527 487.687703 397.965684 185.684530
708.317822 489.989628 398.011247 182.930011
708.392882 490.342546 397.850453 182.139353
717.428431 490.641970 390.769008 184.539069
716.634178 491.441191 393.674615 185.806033
715.589859 492.232704 394.184806 185.131812
718.889502 493.740793 394.633940 184.602246
715.162795 493.876449 396.165056 186.450485
721.527780 497.481906 392.789605 184.965905
716.356451 497.375431 398.132361 186.727493
712.062109 495.823690 400.143837 190.463375
721.711320 499.228981 394.003989 190.693799
718.517912 499.090498 396.619522 189.294439
714.085995 499.899791 401.546031 192.047594
713.611408 501.476748 401.776375 191.706007
714.208971 503.794147 401.335911 190.107610
724.180142 504.060627 392.714794 191.386233
720.739238 504.819363 397.917593 190.176471
720.017678 505.911412 398.631683 189.941456
718.919074 506.331893 400.467164 190.214108
720.583197 506.935930 399.155109 189.947166
714.920736 507.494648 401.470061 190.339172
715.106390 508.641277 402.533013 190.213257
712.078486 509.985873 405.264333 189.798930
724.726618 511.241905 403.565290 190.536789
722.330899 513.387308 400.743067 191.325998
723.031047 513.026046 403.703014 193.447509
721.791359 513.680141 403.197633 195.182582
723.382300 517.915869 398.572283 192.489444
723.095315 515.613498 399.203121 194.506957
721.785187 516.333419 399.642321 194.729997
720.115269 518.653007 402.014394 192.410408
720.667446 517.254642 400.535855 195.717523
718.712723 517.168042 402.908025 197.108313
717.024734 519.527506 403.227979 196.386776
713.497751 519.798186 406.536599 195.958948
713.161456 523.613095 408.003708 190.876590
710.138591 521.403780 407.973207 194.335395
715.271951 523.832432 405.444681 194.583333
713.906959 522.896916 406.585075 196.451558
711.415235 523.965204 404.056077 195.543283
716.725056 523.680094 403.240576 196.581462
714.047049 523.211629 404.205672 198.901326
709.224120 527.644660 407.279146 198.620695
708.476287 524.867021 409.958185 202.328436
711.142881 525.958262 407.593684 201.941285
707.977449 525.566126 408.633326 201.952568
708.442258 525.272529 408.149649 203.618825
705.392770 528.848599 412.766818 202.181216
708.814232 528.606891 404.374498 201.157974
710.990179 528.358689 404.533524 202.361223
709.384781 528.633518 405.002180 203.463305
707.799982 528.450578 405.397081 204.548971
705.213891 530.975522 405.134889 201.892402
705.488026 529.283816 402.931527 204.016450
701.189044 530.575836 404.646473 203.162110
700.589511 531.229941 405.686216 203.193340
697.981317 532.033048 406.274027 201.904699
698.023527 532.260722 404.865834 202.405862
696.604085 532.155966 403.716158 202.923064
695.924055 532.329951 403.495489 205.028243
693.409514 534.201022 404.494069 205.804978
691.731198 531.668801 403.343760 210.008598
689.388528 535.148437 405.023536 208.706417
693.464813 532.899511 397.477500 209.431479
686.518965 532.163578 403.350673 210.059765
682.868776 534.009253 406.681431 209.086256
688.123066 533.297353 398.979820 210.055526
689.614097 530.893994 399.812125 212.617312
689.078606 532.899484 401.414209 210.389200
688.994387 531.668801 402.109148 211.004996
685.439498 532.026168 404.870870 209.936339
690.631303 533.055779 401.195807 209.798841
695.530182 531.181524 398.560873 212.118062
697.992584 531.668801 398.721468 211.380155
701.717643 529.847103 397.852735 213.022692
706.266698 531.026005 396.259024 210.952471
705.930306 530.415633 399.984399 212.692486
713.507840 529.861191 397.755983 216.807415
718.301388 530.610753 398.892909 213.560169
724.086605 530.869201 398.709397 217.278550
728.615850 529.467460 398.650277 214.204257
731.509577 530.590415 400.124681 214.282432
740.960105 529.467460 397.210096 212.468673
739.866987 529.176005 405.182268 212.179813
746.455075 528.742980 401.638126 212.265583
751.219680 529.270201 401.062046 211.731082
756.831739 528.848901 401.798810 211.044237
764.667381 528.818279 398.829050 211.750935
766.252410 527.753263 401.778616 211.225053
774.192783 528.663477 398.689280 209.840177
775.126010 528.400570 401.484026 209.214521
781.760644 526.626490 399.675335 211.585517
787.809270 525.333844 398.978001 212.984641
795.530353 526.025419 396.503218 212.475039
797.502678 526.169663 400.613145 212.491090
806.289083 525.298468 396.325461 215.236539
811.934682 523.493404 397.383782 216.537475
816.250166 522.429206 397.352807 214.857699
819.200391 523.019909 400.079854 215.215825
828.122803 522.094275 396.160452 215.116279
834.511341 521.148652 396.709667 213.771039
836.922528 521.185772 398.502309 213.128166
836.131794 519.640717 402.348273 215.671699
845.113439 520.060474 394.862741 213.690708
848.904038 519.730791 398.165385 212.656402
846.937378 519.517246 399.762895 211.761498
854.092215 519.323991 393.661675 211.798649
853.768900 519.573259 396.283117 211.143152
854.856720 518.270720 395.761984 212.286750
854.975010 517.618808 396.698867 212.483872
854.090417 516.436762 397.502004 215.538062
854.464820 515.628770 400.916358 217.550609
858.394981 514.553893 395.939696 217.141752
858.009610 513.567416 396.339052 219.159316
854.143231 513.151468 399.799027 218.031632
856.161392 510.528019 396.495162 220.446093
853.319958 510.388172 396.751276 218.981477
853.244801 509.474029 394.434064 218.120225
848.561294 509.529028 396.606957 216.443436
848.193932 507.966962 395.852748 217.802083
844.369719 508.444843 398.781244 215.779531
843.933395 507.786183 395.611325 215.477627
838.891853 507.342418 398.402991 213.537255
839.110372 504.854878 396.914197 217.419218
837.385565 503.124670 395.234659 216.252090
832.170372 502.521426 396.103493 219.568955
832.380524 502.996413 395.040734 216.632533
830.706394 501.893592 393.745542 219.162272
832.362363 501.961909 392.394498 220.082032
830.871526 501.317213 391.966408 219.530433
831.681485 502.019556 390.642527 222.420659
828.602222 501.843902 391.754575 219.130552
831.459325 501.923642 389.097721 219.336124
828.683011 501.718665 390.187414 217.276492
828.494746 501.071580 388.996342 217.923578
828.288896 500.811236 389.275170 216.674744
829.936626 499.995330 389.881322 218.340350
829.566465 498.549577 389.035029 218.262601
831.673440 497.353257 390.581821 219.589903
832.527086 497.328019 390.000159 218.639692
834.168875 496.424861 390.406469 218.018910
833.503194 495.773097 390.674877 217.536555
834.367863 495.247566 392.100696 218.187742
833.183231 493.244401 393.743519 218.938630
835.370003 491.643770 391.491183 224.558000
837.247649 493.316834 390.679759 218.850232
838.236616 493.783692 389.242953 218.524171
840.092204 493.045550 388.528839 225.429660
839.850802 493.722870 386.721888 218.693718
840.991883 493.045550 388.978898 219.614285
842.036504 491.859887 388.325211 218.025982
839.535761 491.460567 390.452589 216.559758
839.621005 488.651896 390.677757 222.682936
840.769212 488.806489 390.350900 220.166052
840.066275 488.249219 391.306111 220.794551
838.197622 487.934642 394.341931 221.676407
841.677515 487.454130 388.919769 219.757935
839.707428 486.353892 391.498734 220.298389
839.477303 486.749361 392.031533 220.303309
839.961134 485.814709 391.129182 219.720855
838.453391 487.166476 390.711436 218.768356
838.317528 488.301789 390.295595 218.789903
837.985632 488.114500 390.328963 221.562660
838.555064 486.881942 386.937085 225.587015
838.167514 487.278444 384.632894 224.406454
834.046026 488.517876 387.431388 220.273181
832.432584 487.844401 386.980996 218.938630
830.943403 487.410506 386.564635 219.876194
829.816291 487.279244 385.262140 219.373037
827.526751 487.015983 384.922122 219.636299
822.308003 485.820112 387.076930 220.578991
820.164497 485.147692 387.430745 221.124987
814.452303 483.652512 392.005385 222.924196
814.350943 484.549370 390.514604 220.747329
811.859493 483.385668 387.791987 221.909677
809.249904 483.785584 388.976645 223.435225
810.355124 484.323066 384.881412 220.333784
804.779897 484.473700 387.081609 223.925503
805.460715 485.275565 383.987482 224.077858
800.426040 485.282643 385.750383 225.729734
799.745280 485.410713 383.724944 225.234156
794.236868 484.106481 385.889627 224.558426
792.333705 485.814709 383.562048 226.000618
790.058813 484.671192 383.806307 223.238459
785.816282 485.282643 385.113561 224.693986
785.644785 485.511069 381.136675 221.646623
778.421526 485.420162 385.977508 223.393803
774.371999 483.635731 387.561254 225.460562
771.091524 483.773653 388.801813 225.579769
768.379069 484.284907 387.842685 224.104193
763.654781 483.497518 389.378951 223.809218
763.176980 483.217735 387.921558 224.393167
757.901172 483.773653 390.606910 223.279017
758.223152 484.152281 389.058919 220.125769
754.135134 484.051069 388.237665 223.169740
750.317098 484.323066 388.153129 220.459078
746.614107 482.983692 390.185279 226.314274
743.058125 482.948653 390.333459 225.180687
740.088783 483.485901 391.708634 224.125001
738.732559 484.812958 389.272680 222.668522
739.409362 486.082894 385.918700 221.988524
732.507214 486.087433 388.734383 222.603058
731.814766 485.814709 386.654873 223.153226
729.993774 485.545571 384.871347 225.099297
726.932333 486.617585 385.045975 223.567967
721.683252 487.165198 389.043076 222.131697
717.979427 485.275565 388.016332 226.670356
716.905404 485.800313 388.763917 225.718892
717.853030 486.769149 383.749471 224.493709
709.705954 487.301484 387.033576 225.706923
707.803769 487.180845 389.161341 225.496752
706.640342 487.726458 386.222183 225.080312
699.959489 493.951701 389.231189 219.315599
697.609722 488.365441 390.486255 225.952014
693.765890 493.486539 392.213744 222.449253
694.165900 487.261703 388.315004 228.816496
692.981560 490.065461 386.681133 225.970392
692.300080 490.702700 384.864186 228.771781
688.039740 488.996419 385.172650 229.006717
682.838339 489.750202 388.565383 228.933346
681.984628 491.690992 386.642287 229.472159
680.024661 491.532887 386.271680 227.375789
677.854213 491.809918 389.427845 227.228513
675.277408 492.086032 386.202541 228.255111
671.342180 491.671506 391.199661 228.277874
670.143862 492.290191 386.365050 229.495427
664.240362 493.316834 393.942512 228.468429
663.035418 492.565802 391.857675 230.675477
660.918864 492.152091 391.629837 231.754673
660.953681 493.556490 386.309611 230.742220
657.426345 494.306421 387.342708 229.035368
653.887319 494.860450 387.517521 229.005923
652.158420 494.998392 389.067413 231.247385
649.754318 494.849053 388.965473 230.480665
645.227419 494.998392 392.467220 232.047518
644.699590 495.917114 389.707761 231.033104
642.960698 497.246398 386.308561 228.998100
636.059389 497.678240 392.020446 230.221747
637.856269 498.213475 388.488884 229.742451
635.717290 497.676895 389.114459 229.582831
633.865008 497.248010 389.357338 230.011716
627.306965 498.760872 394.571712 231.190251
630.888472 498.387432 391.520446 231.318242
627.558179 498.102759 389.321668 232.393592
617.625992 498.760872 400.388258 233.072192
625.340315 499.096985 391.391568 230.723854
618.161391 500.075312 394.605538 230.685387
618.114104 499.935955 394.131118 232.285757
616.167882 500.353224 393.413638 231.468839
613.873441 499.935955 394.224809 231.886108
609.495278 500.906344 396.172504 231.048823
614.034664 501.383851 390.942330 228.161167
611.180448 501.575508 392.435452 227.773098
610.350007 501.982226 391.394975 227.629216
607.840775 502.386851 391.749678 228.147609
604.702859 502.895459 391.545231 230.306328
602.578085 503.586210 392.423543 229.615576
600.966365 504.679154 392.748934 227.337875
598.314900 504.814731 394.169926 228.651400
597.054413 504.814731 394.834860 229.579801
595.260428 504.774165 393.440123 231.789851
591.230565 504.774165 395.682022 233.252976
589.418276 503.981660 397.429601 237.723710
585.606469 503.088972 398.829331 240.167779
587.983429 505.318946 397.431950 236.855338
592.923724 505.740668 391.222030 234.433989
594.061111 505.662064 387.286619 233.107734
585.151332 507.209281 395.487328 231.235739
584.869044 506.380493 394.414006 232.785746
585.085084 507.234623 393.571511 233.126124
585.085084 508.220038 392.266042 233.611377
583.456084 508.220038 392.397316 235.229171
581.416735 507.517366 394.060188 241.009905
581.890241 506.172903 390.864057 243.024147
576.995261 506.226841 394.825067 244.231274
576.650768 509.114536 393.328116 237.220433
574.283917 509.862747 396.629267 235.677307
571.943286 509.577515 399.129758 236.097534
578.349288 509.258969 391.720801 231.613523
580.551349 509.528716 390.063804 231.509973
578.840904 507.463244 388.454889 235.594089
581.136741 509.835654 387.205667 232.622000
579.352505 512.455797 386.431504 230.730195
578.838449 512.965536 387.886411 231.207617
583.189315 513.791018 380.671069 228.269133
575.288378 514.798738 388.282663 231.561330
578.744546 515.824348 384.033380 229.584174
577.116246 519.707894 384.086709 226.797622
575.543016 519.730823 385.470299 225.056900
577.026840 519.062894 384.118028 225.985697
577.825239 518.524408 385.597747 226.654701
577.487229 519.331903 387.681012 225.947810
580.797334 518.808552 382.570217 223.836079
576.621013 518.129217 387.749485 228.337601
578.994197 518.856088 386.707056 229.624249
577.825518 520.055076 386.748942 230.473920
573.686245 518.908107 390.200291 232.781130
575.635800 520.301841 387.289584 233.849758
572.840901 516.967225 391.587894 238.863936
572.990843 517.566233 392.849078 238.575803
570.675852 519.334759 398.106431 236.369565
572.748510 521.484066 393.588539 235.531965
570.175879 521.096448 400.161478 237.611353
567.973244 519.474598 402.138984 239.829418
570.376090 518.919392 398.655977 240.458126
571.573954 519.296009 399.736923 239.825776
571.297547 521.035229 399.408193 238.203861
571.077889 519.040878 400.571441 240.538100
570.670451 518.776367 400.796025 241.712042
573.694599 520.070025 398.014399 239.467342
573.304014 521.890614 400.788069 237.825975
573.954334 522.309717 401.285140 237.544569
574.447587 521.750452 402.506375 238.655834
577.842831 521.750392 399.826466 239.863417
578.365432 521.916812 399.232575 239.192004
580.170635 523.933571 395.411654 238.991126
580.603260 522.108875 397.134863 241.062236
581.690575 522.953146 394.107436 239.020499
582.509944 524.538189 394.688611 237.396889
582.208569 524.444119 396.809135 237.267540
583.931699 525.518061 395.202965 235.461291
584.564352 525.390319 397.713445 235.941136
584.540441 526.897685 397.280686 235.448573
586.763133 526.095549 398.193311 236.594866
587.520891 527.034315 395.761836 234.900763
587.619504 525.577258 400.180148 236.081348
587.459984 525.084908 398.733872 236.690907
587.047800 526.790329 400.488706 235.946855
588.279117 524.153562 402.871790 238.460515
588.574334 525.893511 402.711627 236.447921
590.132084 524.337277 401.630476 236.438782
590.898765 522.662271 401.738604 237.410946
591.201730 520.904331 400.120152 242.285653
592.857000 521.377224 398.259570 240.769483
592.268680 521.186425 398.637669 241.567589
594.420782 521.979015 396.833431 240.756283
592.624917 521.374603 400.487304 241.705304
593.040972 519.558776 400.602171 244.547405
592.009467 519.923541 402.423357 244.029458
593.781651 518.593846 400.426954 244.940800
594.545822 519.187326 400.351294 244.626077
598.317703 520.507996 397.672868 242.609170
596.063186 517.680001 399.862287 245.193328
595.900418 518.891087 399.349495 243.393908
599.072360 519.629831 399.428805 242.793627
597.810239 518.593846 400.687296 244.801553
599.582699 519.629831 399.926378 242.793627
598.741456 518.891087 400.269567 245.201595
603.231096 519.629831 397.277979 243.487335
599.160657 517.915532 401.041005 245.634001
598.591997 518.146022 401.850304 244.971143
602.293074 517.695932 397.039282 245.560307
603.015209 517.092207 398.328969 246.024959
603.940106 517.243530 397.690851 245.873635
604.300056 516.484384 396.881034 247.887839
607.346491 517.846253 396.850146 244.854392
606.560174 516.331796 397.193648 247.342185
608.555664 516.484384 396.838784 246.771855
609.247652 516.178946 396.502857 246.799233
610.843365 516.178946 395.062801 246.521698
609.104536 515.418931 398.356394 247.451805
611.652923 515.410732 395.715794 247.151188
611.766440 515.564889 395.760532 246.167389
612.074223 515.418931 396.661901 247.029237
615.808264 514.791443 393.786977 246.940835
614.007350 517.332807 396.815890 243.993107
614.302078 516.307566 396.554433 244.738717
614.842835 516.748479 395.445779 243.739930
616.667113 516.307566 393.948041 243.763565
615.262194 516.976546 396.387524 242.697831
616.055822 515.418931 396.506379 244.791148
615.623889 514.821463 397.801657 245.388616
617.440274 514.971209 396.987404 244.822112
617.104534 513.462208 397.976249 245.362206
618.247653 512.879560 397.644922 246.479148
619.593895 512.730547 396.811194 245.229148
622.337340 511.150135 392.849451 246.024768
622.399583 513.310724 393.648669 241.403506
622.755905 513.016077 393.994272 238.973341
623.509951 510.637223 395.066558 242.619747
626.823455 512.423765 391.826268 234.234495
627.749787 510.688076 392.184886 237.981063
632.914093 512.247833 387.403798 235.735199
635.704716 510.487400 386.166581 237.074737
637.704721 510.838048 384.314948 236.239714
639.581417 510.733921 382.426398 236.867560
640.888565 512.256836 381.260768 235.384928
643.572451 512.535466 377.940982 232.886242
643.068373 511.508665 378.858889 235.978124
641.566466 512.066939 381.601912 235.919287
645.808664 512.860028 377.639884 230.408795
642.749795 510.072234 380.426629 235.664155
642.298115 510.607295 382.459412 232.677928
642.957436 510.326705 381.939885 232.294127
645.424194 510.578845 379.817415 230.512083
642.723276 509.787953 384.978673 233.164833
639.523690 509.707063 388.124739 233.301092
637.244102 508.709179 389.890698 234.734093
635.982476 507.727896 392.605222 237.565002
638.899527 509.291344 388.178149 235.844664
638.097832 508.789589 390.058850 237.396069
641.871766 508.229766 386.791462 238.294786
641.193958 510.364548 388.818041 239.222214
641.457392 507.672393 388.744700 240.010803
642.596906 507.407217 388.632549 240.712518
643.156641 507.699835 387.709498 241.654240
644.344023 508.282039 386.707730 242.314572
644.602565 507.644134 386.980417 246.326005
646.615619 507.660658 386.110214 247.822331
645.067945 507.205369 387.451384 245.913328
642.989058 506.134030 390.177954 243.424753
642.790686 504.879579 390.681894 242.694113
642.657316 502.639091 391.189284 244.854606
645.572019 502.639091 388.422885 242.382768
645.583104 504.834367 390.081329 240.582390
649.349934 505.480910 389.375200 238.715852
649.846975 505.517613 391.123808 238.881969
651.502529 505.082860 392.506242 238.230945
652.250410 506.237317 389.738178 237.347380
652.970894 507.092849 387.809588 234.470222
653.655191 506.512154 384.766129 234.069923
655.025586 506.734206 386.041749 235.149853
657.537090 508.156187 382.942058 235.308913
658.025588 509.035075 385.487151 235.545569
658.096975 506.819582 385.300920 240.666527
659.568681 507.299841 385.012843 239.495594
658.379451 505.218508 387.051774 239.706500
659.344424 505.228033 386.706777 236.603382
659.872050 506.145602 385.410043 235.428363
665.071863 504.919141 383.952734 235.308239
660.816315 503.032492 391.011157 235.995246
663.953674 502.637113 387.681301 236.595820
664.430751 501.620920 390.994977 236.539748
665.182568 500.813482 389.736043 236.527780
665.360287 499.661022 391.109440 235.399190
667.685518 497.902516 388.479612 236.891221
663.235722 494.162893 393.989270 241.016169
668.473356 496.497433 389.309236 236.050653
662.870473 495.936298 395.354515 239.107379
666.200644 496.497433 390.863077 239.608077
668.427493 496.068857 389.515873 242.368963
669.467455 494.588307 389.507611 244.539773
674.433238 491.752369 384.897329 244.667195
669.546932 491.293050 388.549390 244.300537
676.936817 491.838973 384.240981 238.821353
670.307403 489.385134 388.678239 242.447930
673.867644 490.031472 387.880822 239.938451
675.673476 489.170636 389.691025 238.993928
673.620430 487.944825 391.497121 240.845620
675.235633 489.731572 391.960802 237.191514
676.673822 491.378930 391.583432 235.233843
676.368861 488.175429 390.151996 238.908315
678.898095 489.105185 391.660282 234.288311
677.320832 487.798676 392.161409 234.798878
682.246434 488.381829 389.678496 231.718062
679.507801 487.165027 391.098511 234.094088
680.395476 487.025836 392.597781 236.130211
683.442074 489.030535 389.890041 234.666252
683.186680 488.018028 391.307745 236.084111
684.448619 487.211488 389.098325 235.518496
684.318077 485.297137 389.408936 235.714379
684.849538 484.712961 389.434483 235.368182
686.253137 484.124854 389.245830 238.492694
685.382110 484.112451 391.467589 238.155173
690.637879 485.462340 388.085440 234.884584
689.621081 484.124854 387.660999 236.221567
694.256729 484.859375 386.988412 232.981994
691.560385 482.239929 389.446597 237.763802
695.796806 482.085219 386.700329 237.075851
693.296600 481.065723 389.193784 237.464187
697.632045 481.053339 387.282797 237.973771
694.788032 480.194157 389.375409 239.456745
696.734210 479.255588 387.406023 242.332299
697.295624 478.247568 388.154264 245.899374
699.833758 479.080370 385.428336 248.277620
700.179161 479.384168 385.154784 247.414979
699.689213 479.384168 386.428647 246.163310
699.689213 479.080370 388.847974 245.085834
701.390357 479.232419 386.500102 243.836011
703.251748 478.247568 387.243851 243.678485
702.856580 478.098868 388.343946 242.863604
707.134145 478.692087 386.328511 241.448374
705.127080 478.952374 386.380557 239.940947
707.918151 478.438711 388.419162 238.505920
706.694080 478.258833 389.357117 240.083358
707.942932 476.900305 389.314976 240.256429
710.059969 477.392980 390.528203 239.716732
710.572827 476.749343 388.947396 243.391118
710.895906 477.501636 392.080072 243.735608
712.771613 477.750913 389.569462 246.219659
712.192238 478.009031 392.631410 246.846479
714.517464 477.044872 394.417780 243.577477
714.634229 476.695708 395.237648 247.693926
713.275260 475.718784 396.116925 245.737788
716.351586 472.908563 395.718227 246.956597
717.362272 472.601090 396.409887 246.986954
720.978223 474.502005 390.471397 242.484353
718.896134 472.691434 394.419842 246.125201
722.762878 471.982936 389.739474 245.539360
723.159435 471.611040 390.089131 245.832390
726.540969 477.890730 389.147950 236.831051
726.006099 473.081130 392.645313 243.892075
727.863592 475.332267 392.041520 241.316492
729.721432 472.537883 391.438084 244.086379
731.565130 475.620486 390.275961 242.277436
730.897155 473.150628 392.013988 245.115575
732.078318 475.764185 391.351131 245.504785
732.812783 475.320404 391.616656 250.613816
733.218396 475.256269 390.363211 247.860896
733.772891 476.239589 392.909914 243.999802
740.270227 477.450702 388.540267 239.936960
736.707826 474.592019 391.566343 242.517694
738.598091 474.363630 392.347739 244.728864
740.740425 473.607419 390.125093 246.453675
741.731061 473.910659 390.667931 245.458039
745.629664 474.963973 389.389741 243.164815
743.494759 473.759168 392.790854 243.547448
747.051841 475.332267 390.664638 240.626079
745.790134 475.572767 394.215945 241.033654
747.494976 473.303149 391.691151 243.457412
748.494979 473.607419 393.197433 244.658784
753.143711 474.898149 391.683942 241.889004
751.645084 475.411580 391.521909 245.902041
757.270209 477.450702 388.811516 246.659471
754.427021 477.854965 389.750921 247.692512
758.436537 476.847216 388.758788 245.594387
755.738135 478.316434 390.062642 243.388747
757.779315 477.051012 389.254502 243.774245
759.958086 475.685348 388.795357 243.909070
761.300140 477.760594 389.078817 243.134688
761.284448 475.532294 390.345881 244.608167
764.269303 477.615669 387.604954 243.001093
764.938398 476.294919 391.505990 243.982331
765.441151 476.447170 391.274265 244.030546
766.240608 476.594112 391.037136 243.328365
769.264561 476.594112 389.642165 243.051304
767.897150 477.051012 391.453284 241.591609
770.563596 478.768289 389.940142 240.877127
770.928784 477.651318 389.830768 243.585926
771.455980 477.351698 389.456389 244.988818
775.415500 480.289295 387.576923 245.952467
776.873324 480.887621 386.537918 247.311767
774.468145 481.185282 389.422302 246.312698
775.337657 481.588651 389.756068 244.853328
776.869742 481.036580 389.286211 243.405055
776.976894 480.738447 390.589227 242.878097
777.588787 480.887621 390.819834 242.728924
777.790695 480.738447 390.868861 244.670414
781.192003 481.036580 388.707155 243.405055
781.978760 481.629885 389.201356 242.811750
784.828585 484.140011 386.551219 239.016624
780.861065 483.384037 391.065322 241.260911
784.393635 483.247172 388.611199 241.670634
785.031653 483.247172 389.537700 242.079462
784.207453 484.730241 390.461328 241.690870
785.681816 484.287942 388.827577 243.648429
787.067439 485.753421 388.500247 242.875771
787.203057 485.462340 389.211412 245.540924
789.264560 485.764091 385.165661 245.547003
790.415628 485.023542 385.206361 245.354014
786.982701 486.174341 387.601681 242.479256
786.479754 486.174341 388.814292 241.388126
788.169374 484.822598 387.562843 243.284627
786.895196 483.545810 391.390119 244.390561
784.906521 482.350158 393.838075 245.884374
787.304855 483.555103 392.699220 243.574355
787.653488 483.853804 391.903575 243.137951
787.828126 482.652915 391.046150 244.752207
789.126171 484.448144 390.621974 242.543610
788.643861 484.435617 391.361107 241.574276
789.578001 484.287942 391.362873 243.233965
791.077456 485.764091 387.465628 243.340296
790.583105 484.822598 388.591223 246.032455
791.077456 485.462911 388.023701 249.347671
787.210608 482.697436 392.996121 253.421110
790.671487 485.374618 387.520300 248.736028
787.714917 482.214397 392.279981 250.294192
789.364360 484.583416 389.681511 246.511564
786.636260 483.634031 393.920802 246.432604
788.428365 483.969511 392.174031 246.571931
789.395920 482.803905 392.278641 247.240179
789.804605 482.954680 392.583435 247.649708
792.867990 486.997878 389.559028 242.578906
791.552310 486.363447 391.143598 244.947647
791.787164 486.810281 390.646693 243.532213
792.148621 487.254884 391.007332 242.673992
792.790682 486.810281 391.055914 242.294105
792.643867 487.844112 391.735090 244.301170
794.912832 487.852799 387.588211 244.106358
793.608367 488.393171 388.389138 245.693039
792.246890 485.968025 390.216763 251.245731
796.904323 489.873404 383.766678 245.368569
796.635886 486.840274 385.950589 247.517181
794.390272 489.290578 386.445297 243.827184
795.330601 489.883797 388.701600 242.133170
795.914384 490.473002 388.555944 241.543964
794.804212 490.619653 389.560856 241.534529
794.129665 489.883797 388.955803 243.096067
791.343395 489.141664 392.352519 243.700301
794.985429 489.059814 391.191454 242.762330
792.041780 488.543408 393.337816 243.610774
796.979180 488.004609 390.238431 243.680523
794.464416 488.575003 395.566192 243.291758
794.440792 489.805964 394.011189 242.016180
796.939627 490.545729 392.559332 243.898207
797.351316 490.102595 388.596910 244.898021
799.503342 488.019035 384.665660 248.086475
799.992213 487.862866 384.528781 250.465487
799.918043 486.762216 387.188079 250.035261
798.446506 489.805964 389.475112 246.032517
801.561485 485.968025 385.932200 246.038727
799.220442 488.242721 387.504745 244.048761
801.111560 486.877058 388.619831 245.551896
800.246885 485.914295 390.616540 246.230987
805.086108 485.232905 384.968252 244.816098
800.294903 485.124793 390.483575 246.701446
803.794296 485.160659 388.531422 244.218129
801.360414 483.634031 390.314096 245.882171
804.725962 482.652915 388.424790 245.581618
804.923717 485.462911 389.073232 240.513891
803.160047 484.287942 390.635021 242.820441
807.078613 484.730241 388.620386 241.006075
804.892189 484.583036 390.530945 245.159761
808.930546 485.311892 383.451644 244.204310
808.388854 485.124793 384.045481 247.677474
805.753255 481.202221 388.268048 252.053610
808.168523 484.430330 385.860777 246.387707
811.749450 483.787883 384.284636 244.905547
811.080828 483.756953 383.831825 243.805515
811.087655 482.212467 384.238925 244.806772
810.713369 485.023798 384.633656 240.986095
810.735169 482.336322 385.534436 242.716726
811.573061 482.231665 387.299875 243.333386
814.518837 480.513455 384.632755 244.268246
812.788009 480.308704 386.214832 243.600498
813.059984 480.009100 386.518817 243.351352
813.427467 478.800405 385.057420 243.876318
811.404364 477.729323 388.524190 245.768146
816.166826 478.009031 384.563362 245.470356
813.572835 478.395969 385.624182 245.611452
812.856571 478.247568 385.933281 248.853301
815.500872 474.077857 386.743282 252.581729
814.346668 476.239589 385.445557 250.683832
814.889958 473.109472 387.576109 251.056732
815.715771 474.080214 386.766731 246.844585
814.721406 473.607419 386.220514 245.623091
817.850256 473.910659 383.600303 244.768218
814.738439 473.385363 387.341433 244.682284
816.655531 473.150628 385.922948 243.609933
817.080853 470.766440 386.229298 246.343272
817.741541 472.055463 386.304530 243.173939
820.087400 472.503013 385.684967 241.359274
818.634275 470.957739 387.516141 243.154700
822.967633 471.755843 384.769181 240.478987
820.795182 470.503370 387.736997 243.064655
825.150537 469.167453 384.853233 244.150755
821.949427 468.574413 386.311504 246.411738
821.821110 467.830370 387.411042 250.671095
824.417854 465.894566 386.474883 252.980564
824.933172 466.762753 385.525475 251.199025
826.163964 463.950978 385.624954 251.182100
825.392663 468.075122 382.403216 245.706120
826.408927 465.043045 385.864966 245.546565
828.032621 466.758246 384.632169 243.562573
830.774735 462.343508 381.267053 245.282086
826.438434 464.648386 386.131574 244.077087
829.536551 465.254940 383.960946 242.739196
827.103767 462.346190 388.231791 244.869793
828.563613 464.754885 385.836235 243.225626
829.390912 464.352308 385.821122 242.033248
829.646351 465.530634 386.998608 242.090119
832.827182 461.541462 383.459505 244.827609
828.859885 465.530634 388.858958 244.305931
834.831238 461.856707 383.324686 247.502581
835.089930 460.109753 383.515359 252.566438
832.598452 465.490797 384.481904 248.522066
836.013810 463.308380 381.554125 247.011017
833.728896 465.237528 383.513687 245.296697
836.386369 461.856707 380.960629 246.137430
833.376725 464.648386 384.478705 243.662042
835.042657 463.757135 383.838509 243.451036
835.225982 464.796022 383.555421 242.549591
836.265768 462.033122 383.521398 243.969041
836.225974 466.403877 384.869211 240.118526
840.045396 462.658202 381.437615 242.807068
835.530042 464.871990 386.203554 241.047438
837.246451 465.530634 387.250691 240.035959
835.916149 466.981126 387.779367 240.227044
838.675900 466.403877 385.663723 242.044843
838.466107 467.839589 386.151059 240.747423
840.062701 464.202500 383.852199 246.978872
839.123448 463.725891 385.312705 250.630354
840.649002 465.991329 384.042457 249.198607
841.058102 464.892729 383.195839 248.989242
838.416978 465.557633 385.570118 247.537205
843.196316 464.262217 381.767356 244.570164
839.758859 466.619745 384.243214 243.596773
842.425901 466.902594 382.274134 243.009148
839.543713 468.972299 386.281510 241.244220
841.961120 467.055921 382.689499 242.450289
838.395455 467.950908 388.321251 242.678528
841.683909 468.528852 386.453528 241.104696
840.979536 467.970108 385.978586 241.131590
841.431547 467.208909 386.744138 244.197285
841.648003 467.648053 387.366460 245.167659
842.479025 468.587912 385.824332 245.432504
845.967597 468.391893 383.440326 245.062164
842.604961 470.951198 386.922455 246.553003
842.911085 471.304451 386.141260 249.070054
845.114921 470.203031 386.043800 247.514285
841.855041 473.096232 386.061747 245.175813
842.783643 472.354100 385.584467 245.639331
843.579180 473.832089 385.961199 241.946857
843.250902 473.385363 385.360318 241.958156
842.508889 473.385363 387.481330 243.179167
843.123458 474.416299 387.559152 241.776000
843.133894 475.486329 387.577229 240.127828
843.508924 474.741693 387.296050 242.095173
844.344028 475.782407 387.451044 241.054459
845.124394 476.518208 387.360940 240.182405
845.244399 476.518208 387.375364 241.686626
844.810716 476.077467 389.447183 242.127368
847.783652 479.134386 385.955415 240.187565
849.307895 478.733778 384.903253 240.780808
847.538399 479.904076 386.542436 241.252037
848.956582 478.189942 384.001538 246.131842
849.349917 478.495662 384.526625 245.688510
849.347661 479.557783 384.321706 242.709841
849.216390 480.904896 384.272695 244.106563
848.650291 481.349418 384.982978 240.646040
849.307678 481.349418 385.618692 240.238470
848.201629 481.791646 387.169818 241.568806
847.537307 482.085219 387.280601 242.650082
847.502522 483.097491 386.720957 241.005392
846.182546 483.104908 388.807677 244.830642
848.310250 484.287942 387.256027 242.133170
848.949077 483.247172 387.474053 243.861211
850.042421 483.843422 387.530656 245.620332
850.431946 483.787883 385.782722 246.692628
850.216126 485.764091 386.644121 245.685791
849.549483 485.613630 387.100940 248.351349
853.585515 484.919665 386.852513 247.588923
851.081232 487.990797 387.424686 250.670494
854.523835 487.852799 385.368904 250.663039
854.703534 486.762216 384.755530 250.729545
855.272540 488.330643 384.275843 249.022072
854.958093 488.330643 384.147708 247.498921
851.608364 490.766090 386.359029 245.692569
852.828580 489.719770 386.019608 245.284017
847.919093 490.619653 391.263658 245.839006
849.566553 490.178149 389.553113 245.238055
850.618178 491.539295 389.153291 243.876909
848.704858 492.286580 391.553527 243.542985
850.292025 492.731912 391.082025 241.586517
850.432331 493.174970 392.040637 242.792524
853.085542 493.615797 389.725160 243.043064
854.425150 491.705165 388.552124 247.146521
855.044876 494.200003 392.148986 243.849143
856.985956 494.263580 390.383576 248.352200
856.454015 494.564309 391.059235 249.039291
857.440593 493.313644 389.934176 250.122134
857.161967 494.253452 392.063426 249.879929
857.551090 494.719778 393.857055 248.298721
858.015389 496.104662 391.566193 247.191907
857.383066 497.167286 392.317672 245.157600
857.479193 494.806023 394.459474 246.551880
859.909847 498.959734 389.168776 241.299404
858.102132 497.301019 391.907019 245.496437
861.773257 498.245664 389.611054 243.112239
853.552381 499.094112 394.000447 244.998974
858.933116 499.465017 391.045227 242.028691
855.676460 501.411240 392.279779 241.566476
856.923911 500.184162 392.047667 244.401533
854.845228 501.263309 394.366073 244.211879
856.186864 502.441895 391.513873 244.146478
857.771609 502.639091 389.008865 246.102670
858.059430 503.536579 389.445644 246.741723
857.985955 501.411236 391.510155 250.552730
858.418510 504.495976 386.020301 248.563391
856.095125 501.719887 390.779126 249.610442
853.611538 504.791653 392.174816 246.710662
856.262780 505.119467 389.203850 245.317773
853.198170 504.664124 391.716865 246.465514
856.471529 505.270716 389.279710 245.443138
855.081245 505.421706 389.647736 245.846670
854.574649 506.620567 389.646285 244.786719
854.281623 506.287882 389.005749 245.179433
853.802300 505.361039 390.137706 246.930164
853.013827 507.361627 390.726731 247.268134
852.577557 508.233395 392.653830 244.630820
850.972640 508.564283 394.336158 246.639069
851.655591 511.210719 393.156656 243.732861
849.374433 510.925166 396.055010 247.531116
849.576457 512.131967 394.906008 250.055546
851.158220 513.028312 391.083739 251.740029
850.111598 511.148211 391.023516 253.784402
851.759174 514.098024 388.336702 247.193881
848.970885 517.484675 391.921547 246.811617
853.583158 516.689862 387.230035 244.547278
847.832309 515.440090 392.350452 246.512566
851.100053 517.768473 390.999868 244.820464
849.879902 516.989295 392.466691 245.811931
847.086234 520.243122 395.742126 245.195080
851.122233 519.855859 393.142576 243.864526
848.782335 521.089231 397.156306 245.508040
854.196939 521.398601 392.690589 243.139644
849.911937 522.363389 397.960712 245.533725
852.726837 522.386833 396.165721 245.508289
851.560184 521.997906 399.853262 247.201770
854.427578 522.689099 397.861408 248.439748
855.114240 521.719913 397.908991 252.564930
858.794402 523.687661 394.974381 252.139128
862.157932 525.983917 393.578585 251.693949
860.767951 525.164445 395.700943 252.348367
861.783171 528.273016 397.629198 247.965492
863.720483 529.372268 396.461319 247.998005
864.837325 530.836802 396.171580 243.433117
865.940339 530.899158 394.385032 243.689607
865.149194 532.013400 398.239747 244.533530
865.879933 533.242317 398.655172 243.983790
869.766421 535.037402 397.181421 242.191187
870.650758 535.083359 397.671115 243.000636
870.414836 534.794129 402.711930 244.691819
872.806947 538.570667 401.982784 241.079338
877.646891 536.993411 398.461340 243.226306
878.918102 538.668235 399.259379 242.111499
880.302091 540.325021 401.905377 241.014547
883.015224 539.896737 399.667804 243.823133
888.775502 541.698946 394.971446 243.481805
886.132099 541.736086 397.450203 248.039875
891.108830 543.328273 394.849969 246.564384
892.596889 544.815222 395.187486 245.811873
893.247334 546.190338 394.285685 245.276808
893.477854 546.410523 395.550462 243.772239
895.667105 547.854384 395.084810 243.730063
895.305700 548.150584 397.359719 241.472222
895.629218 547.643089 398.606769 242.536785
896.302087 547.469485 399.218517 243.091421
900.578702 547.993785 397.645644 241.600830
897.412751 546.118798 401.909118 243.924272
901.116348 548.004819 399.894479 239.381622
901.338639 546.772448 401.317204 241.325399
902.794292 546.542641 402.811317 242.395851
904.381888 544.491340 401.242452 242.895102
905.074561 544.881215 402.883816 240.993875
906.282356 544.087954 400.838707 242.205190
905.084671 541.820977 401.152431 246.289093
906.263528 540.596641 401.561988 247.212929
905.657575 539.274834 401.829931 248.685445
907.021222 537.642163 400.046640 246.145027
905.454321 535.782796 401.987997 245.640367
905.623637 535.755083 401.473777 245.160997
904.591994 532.653162 402.424837 243.796745
905.891211 529.594835 401.045149 242.575550
904.671031 527.205969 402.329103 244.141569
904.729598 522.526512 403.439466 244.514236
903.378424 520.146699 404.605142 243.842583
906.091561 514.675463 403.593405 244.565884
904.239445 513.640148 406.091915 241.605711
904.866087 508.960279 406.742635 245.057244
904.616433 507.114492 406.342850 245.997037
902.843893 505.449314 408.352481 245.023028
904.657739 503.277387 407.675918 246.257298
904.614354 500.497979 405.881681 247.096644
902.529783 499.520971 407.429371 248.375459
904.006169 498.529034 407.565252 251.571181
908.017931 499.392298 400.898391 247.238968
904.124237 502.750709 404.708529 247.405879
905.173395 504.287730 403.282475 246.434801
905.071050 505.307529 401.959305 243.937340
905.041165 505.159783 403.584276 243.113059
901.135029 506.626195 410.545171 239.717231
902.611676 507.781381 409.677471 243.141591
902.606568 509.627218 409.217889 243.204776
906.122105 512.350299 407.862038 239.228813
908.983191 513.382568 404.919055 237.611932
907.667449 513.520407 408.964489 239.896132
907.463359 516.067980 410.756534 239.479243
911.049649 517.701640 408.205947 237.857754
911.603396 519.327881 408.802295 239.190198
914.287786 521.673506 407.473019 236.571094
913.790983 520.216291 410.068915 240.415261
916.008396 524.323047 408.906171 239.920158
918.071537 524.295279 409.337914 243.300732
921.243471 525.927594 405.609209 240.223002
920.691705 528.068846 409.224267 240.236591
921.367902 525.484190 407.857053 241.763570
922.342724 526.807660 408.045992 242.653463
922.372806 527.244279 409.184657 238.906317
922.642335 527.278813 411.693838 237.951164
925.355364 529.817415 410.799013 234.428786
924.786531 528.535350 412.782934 235.921016
923.930742 528.662038 414.847877 236.706261
926.369013 530.098447 412.998449 234.283203
922.843967 528.622543 418.003887 235.522084
928.847555 529.252441 411.873997 234.723390
923.322097 529.582461 419.863062 234.699398
927.227314 531.264836 417.110436 235.967937
932.728970 529.676502 413.193073 235.519517
930.741090 529.676502 414.692645 236.200816
933.026694 529.958019 414.538278 237.014789
932.238908 530.518102 417.843678 238.387213
939.120353 532.807263 410.184661 239.535836
938.174415 532.260981 413.782371 238.472304
938.344605 534.207799 414.540270 238.552693
937.258662 535.678375 417.659431 236.533412
938.905884 535.403794 416.906665 236.946699
939.386406 535.541218 418.484576 235.979160
940.264359 537.338636 419.217875 234.726704
942.709726 537.405654 418.979441 233.437666
941.605666 539.376413 422.159376 232.302848
949.343206 538.656258 414.139027 232.114955
945.519812 539.261444 421.388247 233.060853
949.101981 543.853474 418.442142 230.329271
950.807856 543.859024 418.318629 230.297916
953.835578 546.900871 416.916974 228.888825
955.770180 548.076277 415.806684 229.003255
958.062884 550.525546 414.619147 228.200465
955.237440 553.425680 418.937368 227.921388
961.524712 554.641206 414.250359 230.548622
962.090922 555.971004 414.447708 233.762585
964.391240 558.999476 415.072636 230.369502
960.720346 562.800363 421.054964 230.535826
966.952504 563.043793 415.426204 232.431533
969.273089 563.900693 415.240203 230.347821
965.846683 566.087430 420.735463 226.301323
970.424351 567.039658 417.785775 225.206737
967.263809 567.694703 422.490161 226.315775
970.415728 567.967231 422.498690 227.634236
971.519130 570.407545 421.656790 224.689407
972.562924 571.796815 422.584760 225.975418
972.925609 573.097942 423.859192 223.889982
975.238213 573.456242 422.217698 226.207624
978.859473 573.584414 420.363512 227.293687
977.856393 573.915343 422.148038 227.498992
981.539279 576.554338 420.136558 226.391479
982.097252 579.456023 419.522593 222.036760
981.246006 578.426921 422.394460 225.534657
986.884280 579.966527 419.845923 227.134998
985.717401 583.539818 421.912911 225.030236
990.034713 586.241771 418.611246 222.786884
987.851928 586.497395 422.064129 223.451637
990.672137 588.533931 421.729669 224.486472
984.672280 588.770014 428.064950 222.000176
994.193648 589.477719 420.233631 226.090072
988.008410 591.159523 426.813841 219.101813
994.770164 591.227879 421.030975 221.371489
994.507798 589.879598 424.068590 220.079514
992.940120 588.970354 426.464588 221.240311
995.646752 592.672567 425.006004 220.864183
996.858501 592.786581 424.770068 219.291584
996.337564 594.517866 425.338423 217.563150
998.507830 593.200909 424.361842 219.664453
999.317867 594.370169 423.795030 220.058487
999.329159 595.221217 423.475619 218.163294
1000.049020 597.527472 422.446340 215.346050
1004.485283 597.894194 422.240038 215.481144
1000.966476 597.153408 424.584003 214.500388
1008.049585 598.121837 421.536102 217.617599
1004.027272 598.924669 422.986452 215.520377
1003.540214 597.910297 425.057820 219.384409
1000.678168 599.278008 429.858818 215.258238
1002.403480 600.296199 428.686004 217.067853
999.133286 600.151180 431.707985 215.407690
1006.544786 601.526981 425.141242 213.767865
1002.703075 600.730491 429.269901 212.707628
1006.384232 599.917654 428.964770 214.002025
1005.749395 599.921931 429.120286 212.195274
1005.553859 600.156892 430.227166 212.224453
1005.217724 600.159754 430.308898 211.192697
1005.753114 600.396752 430.471552 210.447717
1006.421004 600.514274 429.249338 210.342457
1007.154091 600.031475 428.033261 209.581557
1009.600685 597.775133 431.010041 211.486033
1011.343013 600.734123 427.526657 206.789841
1006.940197 600.149819 431.923093 206.405255
1009.824453 598.820734 430.237790 207.378184
1013.797400 598.820734 425.746557 208.636776
1010.139952 599.673735 429.869890 208.106527
1012.219971 598.480455 429.991276 209.751612
1015.330582 597.870717 427.035934 210.574531
1010.238025 596.101095 431.546566 209.347158
1012.811455 594.436288 430.676548 210.159256
1013.420983 594.913340 430.431048 209.160022
1013.031747 593.469743 431.553972 207.639887
1015.885402 591.585954 428.143483 207.334963
1013.725833 591.113481 431.321090 205.276559
1015.442456 590.919931 429.865842 203.143653
1012.957849 590.193832 432.250068 203.236872
1013.265997 590.215750 433.410200 201.599013
1015.259852 587.568263 431.819256 202.543340
1011.408144 589.124003 434.992986 198.860648
1015.192938 588.798600 431.139396 199.675270
1015.111944 585.511191 430.480392 201.393339
1016.749761 585.517760 429.184791 200.386185
1024.561584 586.291975 423.372676 195.615736
1022.657190 582.320684 425.374419 199.854812
1021.234696 581.803938 426.623557 201.251053
1030.191571 582.698567 419.261121 196.087949
1021.700884 578.118857 424.093512 202.176478
1022.034663 577.925059 427.698271 200.081886
1023.634508 576.097497 426.602205 201.226314
1022.271088 574.716854 428.965643 201.821668
1024.073639 573.757457 427.666497 200.620716
1021.487653 571.650319 429.575692 200.840480
1025.251129 569.910875 427.080941 199.704048
1023.693622 570.379726 428.970493 198.033334
1033.153954 567.692947 419.231966 199.278125
1027.114361 566.579897 427.533361 196.702308
1026.856739 564.356600 428.772355 197.903162
1036.536910 566.075102 421.353243 192.889521
1034.512263 563.350332 422.221202 195.614365
1031.445211 559.844717 425.858386 196.611167
1032.244837 562.730116 426.808174 192.254631
1044.682477 560.827579 415.220087 191.359939
1042.327800 559.296323 419.440295 190.896834
1045.205026 557.921806 419.599602 189.810496
1046.121374 557.877664 419.784076 189.003280
1047.551208 556.352640 418.197158 188.905641
1048.236986 554.752817 419.744743 188.687919
1051.176629 553.689011 419.315797 188.880938
1050.450919 551.097655 418.609034 190.305597
1052.505955 549.970477 420.633898 190.466120
1054.581167 548.618430 419.438253 191.066439
1050.746153 546.727320 423.249292 190.644207
1055.369438 547.390565 418.046144 185.287850
1054.613653 542.082661 420.317929 190.248954
1055.822878 541.976893 418.943800 186.924851
1057.111532 538.357932 418.847059 189.103946
1059.989106 539.189845 416.895171 186.823518
1058.939457 536.843347 417.790067 185.598239
1064.146421 535.334811 414.977772 183.958233
1059.645758 533.513216 419.111378 180.872421
1058.888109 533.131511 420.315082 180.613789
1064.766803 529.713206 414.495301 181.988427
1067.313984 528.448495 412.970636 179.924644
1068.477086 527.793552 413.406118 178.399729
1070.683699 526.831130 413.036111 177.264313
1071.438134 524.648783 411.366323 175.983447
1073.048010 523.062736 410.770577 174.986442
1074.791305 521.814696 411.125377 173.895088
1072.334989 519.560558 415.038177 173.618620
1072.873383 518.104031 413.921835 175.439019
1074.364380 517.358209 414.675704 174.283415
1075.615850 515.088120 413.044338 175.434613
1077.137312 513.850076 410.905425 172.542910
1077.176456 511.638216 410.177896 173.253840
1074.940855 509.484894 412.837700 173.094894
1073.977947 508.207566 410.633975 172.513397
1070.326308 504.389333 411.279061 173.919485
1072.465913 504.665811 409.833231 172.984912
1070.903089 502.127044 410.891931 170.668781
1065.855127 497.602658 411.866452 173.870752
1066.450793 496.271349 410.626949 174.349233
1064.626778 495.200620 410.932403 174.070845
1067.558986 491.833182 404.963273 175.002741
1059.650396 490.186741 411.584516 172.358822
1062.489586 486.870030 405.055764 177.763651
1053.939181 483.611172 406.917106 181.893491
1049.962340 482.375923 405.519512 180.358413
1045.083257 479.903733 406.424327 182.042296
1039.258562 476.377795 405.061501 181.655860
1033.350167 475.596247 405.591924 180.152780
1028.328851 471.117945 404.735205 181.158425
1026.511305 472.649389 403.771123 176.731740
1014.922200 467.080750 405.538096 177.344680
1013.018672 466.577616 406.725557 173.517789
1008.971021 464.366342 403.680666 179.552692
1006.344800 463.461627 400.482400 179.609630
998.915304 458.176379 401.597129 180.824191
996.838689 458.591228 398.319969 177.131280
988.968619 455.129931 398.606762 176.516511
979.282268 453.372456 401.215540 175.409975
976.515782 454.124604 402.504734 175.253653
971.063679 449.288075 400.039474 177.991749
964.571264 449.443029 401.802579 172.718311
959.581629 447.323044 401.174350 174.134719
952.594598 443.845327 400.962843 173.769605
952.067884 444.992323 398.949250 173.403053
945.185728 440.220475 397.184730 175.558510
937.929606 439.079909 399.477602 174.579179
930.637587 437.128404 398.592934 172.692200
926.633442 437.242285 399.842142 172.892438
923.182905 438.042049 398.648554 170.168517
917.111063 437.950437 398.815338 170.472183
911.815353 438.367406 399.361962 169.395574
903.555719 439.610650 401.549113 167.132288
902.425045 441.046665 395.722790 165.330275
898.428409 441.212603 396.837311 166.459016
891.357325 443.765411 397.191162 164.120587
887.051650 445.687920 395.755923 163.990418
882.638793 446.981855 396.248730 164.566997
876.335494 449.436551 396.799571 166.229059
865.895860 451.558540 394.719096 165.912751
864.000969 454.592364 399.157958 165.555214
854.338357 456.879821 394.664234 165.359815
851.720907 459.344808 397.773608 165.102935
846.306929 461.258658 395.923936 165.233902
835.711189 463.130593 397.189416 166.163028
835.846043 465.828793 398.116426 167.225035
827.702513 467.596429 392.837661 166.688688
826.581994 470.258428 396.315243 164.283610
819.894228 469.975322 396.862072 166.571171
817.242707 467.922600 392.659196 167.976029
811.567203 468.646121 394.390879 166.930950
805.198489 466.091705 391.081248 168.804788
802.088660 467.013744 394.790920 166.330884
795.895678 464.429223 392.895947 168.373548
789.662127 462.419934 390.777874 168.006992
786.353086 463.649357 392.505903 166.712680
779.792480 457.748683 391.467208 170.056549
777.195941 459.211935 390.045728 166.461055
771.281020 459.335229 388.311926 166.641080
766.831419 455.882085 388.011300 167.060779
761.604459 456.427257 388.909596 166.794785
757.697275 455.602196 388.865522 166.181486
753.833449 454.355035 390.485450 165.431631
749.787008 453.579898 389.747920 166.200574
746.834468 451.686182 392.813836 165.953207
743.155491 450.290763 389.233750 166.052547
741.067831 448.397924 390.258224 166.394633
740.507326 448.441682 390.071909 164.913894
735.875483 444.327938 389.879367 167.021078
737.844113 445.766925 389.048657 163.442140
735.043885 445.576613 388.757676 162.839684
732.858057 445.159714 389.498682 161.130777
731.754563 443.923272 386.848909 161.404663
728.668701 442.269943 391.477387 162.986738
727.950487 442.484513 387.669233 163.514079
724.996415 443.714386 392.156625 160.477761
725.123285 440.634080 392.987450 162.885825
726.932949 441.213501 390.427349 160.960187
727.951353 439.403262 391.693119 163.779328
728.850239 437.105314 387.152548 166.134349
730.033506 438.761135 392.129232 161.933142
733.035052 439.571759 390.576797 160.952275
734.350840 438.377162 390.579791 162.833315
736.444746 437.945526 389.953317 164.928856
737.551117 436.072671 389.633264 165.318183
738.684264 435.884352 390.569838 163.299550
737.902000 436.923406 392.496088 160.977125
739.110629 436.514687 392.716375 160.826539
738.601932 434.870359 390.886260 161.819273
741.854751 437.116828 394.474616 156.559620
744.103571 437.897496 390.934970 154.588070
745.496381 437.084405 393.752956 156.150197
746.169540 436.277935 390.596917 154.711298
749.221248 437.245851 391.312715 152.845806
750.054167 438.005806 391.512090 151.527049
749.275195 436.809885 392.538281 151.937395
750.116838 433.437425 393.693831 153.756363
751.297363 434.783621 393.151125 151.338062
751.175008 432.762028 393.213898 154.829396
752.423535 431.332589 392.527776 153.910221
752.933343 430.303425 392.116718 154.045638
752.940952 431.266147 391.013732 151.302509
751.822255 430.097850 388.279626 151.912669
750.502455 428.490112 387.775033 155.507960
748.806627 428.454384 385.564571 153.740820
744.567789 426.087071 385.742329 155.527651
740.511364 425.837594 388.931206 155.002123
736.006346 425.067402 390.430787 156.172671
732.845617 424.800778 383.817633 159.110124
729.563623 426.061383 385.456398 157.768647
725.443249 428.631193 385.106547 153.007961
720.658900 430.935642 385.922475 153.600361
718.395410 432.496319 384.760969 152.437043
716.680925 432.831026 381.707131 155.933414
711.069832 438.445616 389.388874 153.230277
708.733877 441.652155 384.720233 154.408889
702.391690 443.895787 385.006363 150.709684
697.462133 449.956078 384.774435 150.080082
692.290352 453.697931 381.541812 150.297743
685.186421 457.192632 384.663914 150.069978
679.610253 461.443804 383.236014 149.347657
673.084492 462.568633 382.911555 148.337722
667.144639 462.902556 385.904554 146.756322
662.627399 460.682014 383.895156 147.639158
656.465853 460.527460 382.169357 148.745137
648.648336 459.905190 386.206100 147.505432
644.390777 459.488679 382.277088 148.016252
638.788381 458.158226 382.862601 150.920969
633.203347 456.240758 381.295466 153.734580
627.498275 455.318132 382.721534 153.284317
621.589960 455.482227 383.639080 152.912041
617.523326 454.744722 383.921492 152.037079
614.340407 455.439804 387.397622 150.052047
616.265017 452.155785 379.669780 155.133913
614.821778 451.670417 381.296289 150.052454
613.683857 450.437822 382.508632 151.693279
614.685228 450.349945 383.726155 152.492369
618.060154 449.654286 382.130314 148.522324
618.915718 449.540245 381.777932 146.797932
624.378352 448.829393 379.896895 145.527791
632.121781 448.005996 377.895443 146.853212
634.431755 446.450862 379.498596 145.921387
640.113487 445.834319 380.710845 140.862380
652.645482 442.275816 380.169545 142.662671
664.550295 441.994204 380.205690 142.271713
674.987242 441.012265 377.544294 140.385453
689.451809 438.056126 377.435647 142.794149
697.205533 437.340486 376.274866 142.418511
712.847767 434.945593 374.877007 142.712549
720.075266 434.043836 377.728508 141.453760
730.860306 432.885122 375.784256 140.273472
742.870029 431.679636 375.476899 140.563038
752.245029 430.890196 375.888922 138.703428
759.007256 429.069272 379.712217 141.898696
766.015382 427.329064 378.664496 141.381746
774.211369 425.764193 380.590474 144.706621
775.203101 421.798823 385.082777 145.426677
782.195527 417.713473 384.189143 150.434138
790.673719 417.224988 378.875155 150.707548
801.981139 414.116756 376.439387 154.306202
808.884121 412.539093 377.608832 154.413716
814.412475 409.325090 377.526377 156.610240
816.455530 407.287206 377.447785 156.144405
819.993661 406.487831 378.585352 156.954856
822.956762 404.231263 377.831705 158.052031
825.452484 403.035451 377.226242 158.613687
831.165887 403.238076 377.488957 157.940512
834.432188 402.642063 378.668816 157.739576
835.211775 398.575425 377.794450 157.078180
836.755679 396.596893 376.608475 159.803394
842.373892 396.586351 375.044326 160.034033
840.958505 395.428473 379.023652 158.034176
842.224229 393.182931 379.484851 160.634377
843.011365 391.682949 381.449779 160.095290
844.269544 390.478721 381.328758 159.946617
844.485915 388.874897 379.168178 160.803913
844.621546 387.195798 379.927224 160.610698
845.465692 386.902722 378.548289 159.003002
845.742387 384.445975 376.357969 159.289166
846.639142 382.895055 376.138747 159.858304
846.059449 382.342932 377.223698 158.870146
846.576484 380.124036 378.256496 161.086010
848.267485 378.368017 378.793272 162.754122
847.593563 376.433786 380.292157 162.836011
847.434653 373.995531 381.828372 164.636243
847.752863 371.893936 382.547502 166.987611
847.771533 371.968652 379.377526 163.597964
848.543903 371.165566 375.040368 164.321900
847.750972 370.055987 377.579906 163.082938
848.113795 368.333200 374.806171 163.488290
847.684430 367.903690 375.423155 163.326503
847.297004 367.519737 374.271549 162.888097
847.095071 366.003828 376.046738 164.148846
848.076899 365.852608 370.618436 162.973292
847.179015 365.480762 372.860281 162.758348
845.576503 365.373832 374.652552 163.598483
846.515806 365.020184 371.868526 163.773816
845.734662 366.107483 374.519650 164.008159
845.359468 366.689724 370.821797 163.379071
844.759799 367.626241 373.125486 164.467119
844.933632 368.847321 371.777786 165.818541
844.445483 370.243784 370.756546 167.135179
842.617080 371.369145 371.240262 167.233205
841.328358 374.171839 371.031147 166.879273
839.745695 375.485939 373.661051 169.532369
838.748087 377.849086 374.523450 168.861169
837.776260 379.357099 374.480201 171.774887
836.898725 381.905822 375.046487 172.096591
835.361169 386.054341 376.254817 169.896410
834.058525 387.523122 378.630977 172.329834
833.300181 390.428609 378.884272 174.198215
833.391912 392.571775 376.357789 172.283451
830.052199 396.452917 380.637234 172.356914
830.131342 400.687173 376.273263 172.054745
827.839591 402.535161 379.849838 172.670886
826.889536 405.345289 378.400571 174.056070
825.365206 408.848995 377.887499 174.308393
823.889512 412.420225 376.501505 174.144668
823.339427 415.091181 377.671279 174.736219
821.758621 417.268609 378.704733 177.083106
819.572477 420.141396 378.847021 176.653847
818.621171 423.165889 378.318874 177.354452
817.621182 424.601152 377.971757 177.514472
815.769838 426.292490 377.288380 176.817302
815.287339 425.711670 375.951798 176.991397
814.559955 425.943583 375.708152 177.530166
812.197836 425.312664 375.670132 177.456655
810.782055 426.147427 376.140280 177.113865
809.629804 425.208548 376.654601 178.194841
807.834303 424.661537 375.521140 178.884472
807.065211 424.449320 374.828512 178.885485
806.194463 424.474822 374.526708 178.505504
803.980297 423.759673 374.715906 178.866198
803.123047 423.547479 374.102012 179.289874
801.735721 423.971193 375.007168 179.290099
799.114440 423.518134 375.229863 178.830071
798.968487 423.227784 375.135961 179.398087
797.676629 422.546267 374.527423 180.434058
795.095243 421.398772 375.432352 180.502911
794.959360 421.504801 375.633570 180.396882
795.320244 421.504801 374.942019 180.183242
793.853634 420.256616 375.896680 180.866997
794.522835 420.111622 374.194596 180.725098
794.144107 419.647157 374.433004 181.552720
792.901645 418.182858 374.111822 182.090231
792.779999 418.250852 375.151551 182.744925
794.057810 417.757447 372.970790 181.985644
792.500054 416.783243 373.006805 182.222389
792.245527 415.758998 373.135487 183.889749
794.171693 415.278722 370.521729 184.067418
792.144126 413.557208 372.878912 184.962217
786.378447 413.494824 375.897406 184.211788
787.995258 413.189143 375.553038 184.335088
792.574976 411.974299 371.168490 184.900367
791.576970 410.259894 373.472261 186.632885
791.002167 409.850289 373.829267 185.902429
793.349357 409.305228 372.551434 186.100387
790.530953 407.703055 374.793923 186.283461
795.836513 407.040152 370.563044 186.491046
792.539416 405.055510 372.753131 188.643478
794.701374 404.251215 370.436396 188.725366
795.981448 405.055510 370.356276 187.544219
794.031502 402.616050 371.411460 189.203880
797.249546 402.323394 368.395230 189.416863
798.854797 401.652381 366.931616 189.825014
797.918653 400.068478 368.193748 190.723672
799.489117 400.955690 367.638698 190.214821
800.478799 400.276762 367.307593 190.225962
801.893848 399.896607 367.431082 190.267304
799.568804 398.371325 369.188464 190.788333
802.037145 398.750348 367.768232 190.086300
803.065313 397.992288 368.075314 190.385825
802.427346 397.062650 367.823223 190.874488
804.901023 395.164377 365.357023 192.113829
806.970526 394.381043 361.739357 190.914331
805.375383 393.543143 364.244740 191.332120
809.336115 394.127571 361.787961 190.935538
806.744284 394.580911 365.196787 189.852586
804.062874 394.531696 367.366031 188.613839
809.458082 394.352632 362.523200 188.708786
807.869675 393.822845 365.264199 189.267907
810.943701 394.377193 362.166359 189.788756
809.665797 391.042492 364.629084 191.950877
812.203704 388.712958 363.072225 193.673058
812.055802 391.250387 360.805365 190.852347
813.304021 387.854510 361.495420 192.803404
814.236756 386.607377 360.171464 194.532887
812.714781 387.189917 359.158544 192.114349
814.189252 386.068964 360.284435 192.608264
812.749672 384.186889 359.485068 193.553961
813.837527 382.869409 359.934005 194.536149
812.709049 381.795082 357.662593 195.276798
813.326453 380.200496 359.784259 195.419136
812.045733 378.790941 359.158671 195.653574
813.535601 376.965640 356.679795 197.038264
813.708583 375.989389 355.839098 197.799630
810.911919 375.374895 357.140196 197.514467
810.448004 374.555602 355.923034 197.617576
814.348318 370.852624 353.890359 199.363505
812.268135 369.181975 352.798612 201.801421
812.955559 368.403133 353.252672 201.770395
813.999032 366.507397 353.027164 202.733318
814.134551 366.651517 350.720921 202.608596
814.990540 365.307839 351.562342 202.494644
815.913717 363.936884 349.958495 203.309476
816.348300 363.730614 349.041252 202.403527
815.889293 364.018325 349.690856 200.433289
816.104884 363.425832 350.320514 200.483773
815.487816 362.049198 349.445398 201.860406
815.428424 362.175407 348.338978 201.620210
814.985488 361.461072 348.619392 205.021028
812.892498 362.228112 349.007091 203.693246
813.481275 362.255223 348.415698 203.568438
814.730142 362.152891 345.528948 204.612375
814.412371 362.301391 343.099786 205.885027
807.390427 362.755718 350.165626 204.342396
809.444055 362.683034 347.403508 205.851423
808.941783 362.840555 348.471893 207.352093
808.482120 362.578154 349.098914 207.630097
810.596990 364.137715 351.082329 207.237636
810.954674 364.428530 351.174046 208.271956
814.265530 366.385173 345.692518 208.331021
814.103615 367.116023 342.365021 205.690242
813.042345 367.984152 343.311883 206.278534
812.777992 368.425628 342.404315 206.135329
813.612552 368.451108 342.376968 208.112254
814.224245 369.406810 341.430944 207.796260
815.347959 370.177804 338.375839 208.083004
815.118348 370.882014 339.781307 209.060213
815.656979 371.813356 338.243879 208.641481
816.655264 373.007444 337.900003 209.468495
817.542202 374.759297 338.668608 207.907675
817.928934 374.349895 337.194513 210.413445
817.542455 375.080339 338.837023 210.824010
818.387416 376.705881 338.794880 210.673834
819.502465 378.121764 338.355009 211.848001
819.964094 379.483105 339.524645 211.963780
821.119341 380.584113 339.846128 211.620957
822.119356 380.584113 340.009400 212.819033
822.580608 381.318139 338.582751 213.712098
822.516663 384.398038 336.605582 212.940360
823.726717 384.007041 333.600570 215.648874
823.539588 384.920475 334.273656 214.713984
824.180672 385.863993 335.239131 215.812766
825.725426 386.671281 336.312236 216.711816
826.638706 386.685698 335.587445 217.824361
828.595712 388.423215 334.742665 218.609826
830.085373 389.570660 334.140761 219.356781
831.885591 390.104554 333.685216 219.371852
834.204979 390.943142 334.288616 219.745910
835.595722 391.824880 333.252218 220.268183
836.595712 391.824880 333.024183 221.125064
837.747031 392.196286 332.409871 222.320212
839.056884 392.799473 331.750925 223.128605
841.523870 393.310477 329.797550 222.951801
843.126367 393.266043 329.850843 225.123168
844.046462 395.040368 330.956240 224.448927
845.558133 397.484451 330.413139 222.801602
847.954465 398.782748 328.993476 221.987628
850.821894 399.112528 329.486873 220.951275
852.979447 399.712918 330.734755 221.111775
855.684248 401.021041 329.723057 220.729202
858.641248 401.556361 327.982417 220.761784
860.938457 401.616719 326.383585 223.415236
862.727477 403.895588 327.405443 221.452661
865.667306 404.400627 325.556243 222.955225
867.667305 404.923124 325.238278 223.514289
870.539295 405.728799 322.466721 224.286934
873.416004 406.746096 323.000609 223.783072
874.170315 406.746096 324.627202 224.763526
878.408740 408.694437 322.637401 222.352577
880.627456 408.315987 322.571220 223.070754
881.546980 408.174443 321.570205 222.721811
883.826314 407.562707 320.740974 224.782463
886.464113 407.570128 319.299516 224.798773
889.278581 406.292106 319.620614 224.890465
891.135898 405.686810 316.942769 224.791820
893.921532 404.904155 318.356865 226.033936
893.840212 405.168341 319.420085 223.950724
896.497089 404.692978 318.966827 224.956226
898.211297 403.917215 318.805100 224.000474
899.073953 402.279187 319.935509 225.672640
902.128647 401.486468 318.636694 225.670279
904.208219 400.439015 316.120422 225.535525
905.436436 399.135807 316.718466 226.322432
907.990556 398.781317 314.864641 226.302823
908.649531 397.632563 314.649967 227.980986
910.413147 397.381607 312.437242 226.249561
910.941430 396.420317 313.404601 227.182818
911.982493 395.507284 312.291024 227.861689
912.016219 395.130968 312.612336 227.787168
912.786870 394.547277 311.688487 226.472946
912.492105 393.750666 313.693878 226.652678
911.684262 392.872122 314.376468 227.418416
912.897940 392.119712 312.884352 227.647528
913.218826 391.118474 312.417459 228.343105
911.684262 391.654752 311.640107 225.641841
911.808162 389.303648 310.043084 228.078048
913.679443 389.719939 308.118649 226.318122
910.559172 389.073947 311.184753 225.952629
911.337968 388.254575 309.576910 226.901005
909.393319 388.659311 309.173442 224.159440
908.348218 386.763222 309.462844 225.878503
907.753453 386.665534 308.561594 225.478141
906.234195 386.146143 308.566561 225.284108
905.335146 385.334359 307.615663 225.504560
904.131981 384.001522 308.212187 226.020061
903.044273 382.272799 308.607040 227.020553
901.296657 381.818639 307.781292 226.354226
899.537980 379.037301 308.262786 228.112394
897.615002 378.901570 309.401088 227.291042
896.157614 381.022432 307.997934 224.645574
894.981377 377.824279 306.729815 226.448544
892.278154 376.489620 308.524172 226.242585
892.104912 375.938190 308.379623 226.450618
890.702739 374.814462 307.556393 227.149346
889.045095 374.012316 305.802966 224.966145
889.215935 372.127855 305.552808 225.861422
886.640266 372.409673 305.893699 223.654917
886.125436 370.425774 304.089518 224.120084
884.790143 369.181927 304.288273 223.963900
882.388684 367.023812 304.751486 223.513354
881.830196 366.203646 304.585535 222.890345
880.454368 365.621728 304.635053 223.142973
880.059919 365.184928 304.265858 222.978838
877.824965 365.257923 304.672999 221.245494
876.183538 363.364223 305.607495 221.852120
875.435551 361.827967 305.038828 222.628953
873.598673 359.858901 306.173303 224.014745
871.998721 358.953862 306.842348 223.654318
867.814547 359.030408 309.877062 222.393960
863.355571 357.100982 312.660764 222.854463
863.754259 354.692523 309.522644 224.671576
864.932697 353.498300 307.207697 223.930083
870.875955 351.623374 300.102522 226.099869
876.861853 352.718778 294.004266 223.217086
878.985464 351.569312 291.524070 223.952849
885.876834 353.238746 283.483528 221.003310
890.735395 354.758232 277.694419 218.356899
898.822783 358.375385 269.647231 213.310351
897.093955 361.599636 269.974720 209.076255
894.042610 363.189049 271.539910 207.615685
876.275120 360.677664 286.405867 209.068420
870.405630 356.782961 290.494648 211.486787
875.490483 355.079665 284.348547 213.152481
878.800817 353.708091 280.285909 213.847756
879.493986 350.562671 279.337007 215.518383
868.324664 347.112373 290.032855 217.696483
856.427690 344.545500 299.783405 221.488470
853.040613 343.883189 301.274493 220.294311
850.488080 343.531218 304.479999 220.068836
849.355976 341.634437 303.430083 221.622471
849.200514 341.777813 301.618152 219.333596
848.470688 341.263060 301.015054 218.613407
846.725123 342.831362 300.867993 216.244674
845.160613 341.281801 300.580351 217.110501
845.397710 337.826311 302.829421 218.118658
846.700893 338.848555 299.325609 216.174188
843.689733 337.817206 301.862955 218.745445
842.291903 337.714017 302.264909 220.497530
840.291119 337.752412 303.694717 219.578223
841.940426 339.795028 299.217622 220.347639
838.755890 338.818134 308.006234 227.082584
838.452526 337.885614 308.030092 231.167982
837.422379 337.943341 319.645527 237.165049
836.892065 337.705221 321.448089 236.073381
836.461158 337.857368 321.649479 231.998755
836.360966 337.093092 316.125201 222.281161
836.961244 336.738295 307.714500 219.455021
836.975870 335.545087 307.714756 220.215353
836.231759 334.689190 308.541452 219.047497
835.576820 333.571636 308.342126 219.027992
836.379780 334.590048 304.882021 216.519409
836.231903 334.857960 302.711525 214.727748
836.399841 335.945643 303.256145 213.690841
837.838932 335.627977 301.262555 213.191922
837.841810 334.858614 301.616255 214.088529
836.658666 336.180447 300.352174 212.761766
836.985094 335.753640 301.413965 212.851423
837.658512 336.980134 300.652623 210.931365
837.461077 336.813223 300.471122 211.339217
837.256208 336.004724 300.968331 211.799814
837.372044 337.300359 301.292530 210.846645
837.665667 336.221288 300.998117 211.694234
837.781044 337.031960 300.883530 210.652431
836.661781 337.613608 302.230060 210.075171
836.395410 339.023393 302.612614 209.007801
836.103141 338.625459 301.380340 210.081666
835.836869 337.253630 300.646613 210.541973
835.191195 337.176418 301.258182 210.614075
835.629081 338.668390 300.705253 209.136148
835.486306 337.234684 301.282643 211.697724
835.188693 337.519344 302.055073 211.085719
837.404823 338.054960 300.878638 211.363089
836.020508 336.771818 303.083426 211.938943
836.010699 337.549460 302.999071 212.203312
836.689954 338.981814 302.377996 211.228635
836.835353 338.035124 301.850067 212.166617
838.710249 338.494239 301.131402 211.142499
838.814065 337.190337 301.643617 213.009172
838.541955 338.359950 301.821213 211.392822
838.835335 338.512563 301.850067 212.723849
839.714961 340.837357 303.759517 209.838273
840.100576 341.934281 301.969347 208.956387
841.506404 342.672757 303.466194 208.448155
841.749163 343.388888 303.230329 207.961192
842.250034 344.991466 304.118317 206.582959
843.252381 345.256216 304.441893 207.454535
844.836861 346.635661 303.115600 206.543576
844.373820 347.084982 306.802481 207.576420
845.510631 349.386343 304.710952 205.297584
846.313233 348.710754 305.462888 207.083214
847.659818 349.386343 305.007389 207.587873
847.329906 347.585731 304.266432 209.497260
848.982023 348.571123 304.822652 209.326972
849.600489 348.535165 305.015026 210.288274
850.895256 347.916141 304.600405 212.179506
851.898559 349.308356 304.983531 211.943289
853.487130 350.868645 305.446539 210.961016
854.511966 352.158881 304.886512 210.910964
855.749232 352.563631 305.044479 211.548291
856.364110 353.825954 306.919712 211.096671
857.422269 354.013035 306.967501 212.651437
859.406951 354.828534 306.352299 212.292176
860.664378 356.444265 307.218819 212.546987
861.926373 357.969146 307.832867 211.712794
863.371518 359.129886 307.387720 211.903556
864.869849 359.900626 307.875150 212.881278
865.538616 360.727012 309.806536 212.396818
868.237379 363.999905 308.844522 210.753015
870.074879 363.847457 308.745633 212.491860
871.637051 366.604862 309.571600 211.250017
873.185890 367.477964 310.256215 212.481946
874.895879 370.566189 311.579378 210.792062
876.895892 372.783351 311.041860 208.648574
878.735238 374.238420 311.692261 210.457599
880.795048 374.277450 311.813983 210.413636
882.645188 375.725027 311.000051 211.429841
884.542870 377.936435 310.958768 209.741438
886.836846 381.179478 312.413477 208.955572
888.940889 382.879780 311.044864 208.362603
891.480449 383.784083 310.624247 207.972528
893.923431 385.748645 311.930579 209.833300
895.645207 387.788692 312.071284 208.653787
899.078702 389.595906 312.389972 209.894167
900.044851 390.585372 313.967722 207.948265
902.944819 391.659394 311.879269 208.582325
904.788218 391.659394 312.939592 210.794855
905.798028 390.902485 313.979602 211.365953
907.456412 392.927760 314.274709 211.413212
908.959317 393.811323 313.451289 210.110980
910.099589 395.152360 314.326901 209.918821
911.300261 395.402397 314.452928 210.149472
912.802765 395.128812 314.927338 211.718500
914.512007 395.618106 313.768597 211.596057
915.051618 393.301381 315.222338 214.189673
916.534943 395.610603 316.165961 213.341492
918.534951 395.251866 315.077678 213.155259
919.870980 394.760259 315.658307 214.693132
921.392246 395.389455 315.738266 214.775446
922.631760 395.358656 316.934560 215.988173
923.545514 396.179411 317.618834 216.079765
925.356718 397.214262 317.785953 216.226891
927.015144 396.393528 316.795109 217.554644
927.295466 398.669068 319.697757 217.299928
929.133184 397.589810 318.794028 218.552688
930.332389 400.319643 320.125120 216.304999
932.319274 398.398063 318.739107 218.976540
932.407504 401.354984 320.829359 217.177957
934.993055 400.536437 319.453578 217.540315
935.592117 402.135183 320.994255 216.665799
937.253001 403.587728 321.757458 215.917499
938.943739 404.651370 320.852902 216.645957
941.332382 404.249435 319.904482 218.032163
940.985352 408.216528 323.120501 215.842689
943.883986 407.438950 320.985532 216.140582
944.746683 406.834694 321.280861 219.396847
946.758802 407.368880 320.938028 218.702274
947.505296 408.658420 321.891499 218.621233
948.208720 409.155048 322.267365 219.070913
949.845107 409.229682 322.928979 219.821308
951.239093 410.001806 322.836356 219.511926
952.083364 412.221647 323.880701 218.622060
953.263879 412.860708 323.604940 218.685240
954.263880 413.952351 324.160967 219.177503
956.099636 413.335038 323.719913 219.788966
956.184998 415.119517 324.540281 218.694293
957.943678 413.722426 322.546359 221.677984
958.452066 414.396354 323.795092 221.357257
958.217337 417.772165 326.448351 219.421055
960.509356 416.946066 323.355521 219.738160
960.654630 419.108818 325.967056 219.429453
962.039610 419.021916 322.724037 219.584034
962.771639 418.410642 324.081071 221.090950
962.903389 421.489969 325.198829 218.454898
964.162616 419.725126 323.990663 220.842058
965.000590 420.258281 324.546688 221.026147
965.725918 420.506744 323.257346 221.132467
966.179098 421.947995 324.718143 220.306364
967.491975 421.182512 324.182844 221.416189
967.568905 422.172496 324.738774 220.305026
968.530935 422.593221 325.239370 220.856036
969.234654 421.679178 325.166795 221.385839
970.057446 421.392686 324.771105 221.672332
970.586521 421.679178 325.019635 221.023478
971.234649 422.423628 324.944454 221.136047
972.234666 422.249271 324.722261 220.936707
971.939983 422.282552 326.480538 221.642260
972.957045 422.355721 324.930112 221.063403
973.254640 421.822053 325.497156 221.727324
974.409749 421.926697 324.845628 221.250950
974.448522 422.815507 325.730609 220.007887
974.151626 422.141217 326.600191 221.540121
975.271589 422.212973 325.059720 221.690217
976.057453 421.926697 325.439932 221.613276
976.308516 421.783207 325.502845 221.273739
976.623636 421.105266 325.187725 222.080712
977.095627 421.249106 325.382342 221.453550
977.466080 422.249271 325.123785 220.453385
977.274249 421.573579 325.827952 221.016273
977.781050 421.392686 325.919651 221.430708
977.992993 421.822053 325.818375 220.639498
978.290999 420.858678 325.444183 221.731174
978.150795 421.530192 327.220485 220.414590
978.501941 420.832697 326.402673 220.868101
978.518938 421.139514 327.405041 220.332297
978.711169 419.846333 326.749036 221.489197
979.326808 419.277535 326.673215 222.179727
979.678366 418.417074 326.301945 222.432650
980.151650 418.746225 325.828661 222.116527
980.168963 418.316803 325.940063 222.667568
980.362381 418.460192 326.173377 222.038078
980.993975 418.173153 325.986335 221.719482
980.536808 418.357787 326.128764 221.425135
980.659821 417.826702 326.467605 221.968476
981.484530 418.072019 325.846776 221.832111
981.501952 417.928763 326.180318 221.370294
981.659824 417.397333 326.914031 222.033815
981.555379 419.147078 327.073968 219.992477
981.677067 417.683839 326.800884 221.263151
982.168967 417.683839 326.162323 221.021629
982.308499 417.580891 326.615471 220.893111
982.501956 417.152663 326.625476 220.838743
982.659828 417.152663 327.137655 220.597890
981.600002 416.990103 327.638533 221.084991
982.520390 416.116098 327.353133 221.087289
982.220109 415.870361 327.556768 221.105644
982.871851 416.011168 326.757509 220.721548
981.917983 414.918519 327.542236 221.464932
983.029968 414.592627 327.269333 221.412384
983.046022 414.776689 327.157086 221.242280
983.204256 414.349783 327.222061 221.547915
983.362416 413.489417 327.063901 222.408282
983.555368 413.489417 326.851302 221.320421
983.694999 413.720479 326.858855 221.235328
983.853090 413.435637 327.146927 221.277932
984.046021 412.575497 326.934324 221.654636
983.253315 412.969330 327.727030 221.212918
983.555368 413.108256 327.296933 220.951348
984.168972 412.575497 326.607888 221.172538
984.027789 412.907327 326.876811 220.972487
984.343980 412.907327 326.560620 220.731143
984.185921 412.806597 327.387908 220.481376
984.536780 412.621376 326.128764 220.896533
984.326394 413.090351 326.724722 220.318218
984.518958 413.373214 326.736422 220.035354
984.992998 413.373214 326.040229 220.156174
984.501908 413.373214 327.122419 220.156174
984.677095 412.764482 326.800884 220.873988
984.711154 413.334526 326.305966 220.424504
984.484238 412.379091 327.236822 221.271116
983.902999 413.413365 327.206019 220.545249
984.975206 412.907327 326.375149 220.972487
984.992998 412.478011 326.484982 221.401803
985.168956 412.764482 326.162323 220.873988
984.835084 412.948604 327.312334 220.580784
984.869510 413.049949 326.812737 221.071505
985.343983 413.049949 326.560620 221.071505
985.501930 412.764482 326.180318 221.598986
985.343983 413.476406 326.338264 220.887062
985.501930 413.759534 325.736576 220.482853
984.817828 413.090351 327.700849 221.408336
984.285520 414.185382 327.898885 220.343087
985.011089 413.862491 327.212589 221.578909
985.520426 413.678405 326.237456 221.506073
985.027792 413.720479 327.322566 221.235328
985.204255 413.535293 326.776089 221.891501
985.204255 413.678405 326.998851 221.991077
985.871854 414.349783 326.534843 220.821855
984.885536 414.709806 326.704340 220.246002
985.150800 413.862491 327.220485 221.457418
984.887673 414.248546 327.092671 220.693988
984.235524 414.004318 327.446723 221.315591
984.713686 413.535293 327.138629 222.134189
984.713686 413.777174 327.138629 222.241795
984.906503 414.063926 326.039645 221.955044
984.536780 413.963997 327.686898 222.070149
984.906503 414.592627 326.926477 221.533395
984.570681 414.918519 327.855636 221.343364
984.747979 414.306093 327.307495 222.305091
984.589344 414.735595 327.466130 221.997121
984.430633 415.729368 327.847709 220.760431
984.412035 415.729368 327.791072 221.003348
984.412035 416.011168 328.014282 221.208500
984.555382 416.257222 327.520346 221.189531
984.094444 416.432133 327.885900 221.153623
984.238511 416.538836 328.060780 220.786197
983.776517 416.257222 328.426589 221.433270
984.257653 415.935295 328.116918 221.374217
984.271773 417.099227 327.783701 220.835228
983.776517 416.959484 328.649799 220.974972
983.794668 417.206891 328.038311 220.588685
983.887674 417.655850 328.659177 220.645334
984.079945 417.626511 327.326739 221.145452
984.046021 417.905062 328.276051 220.866900
984.079945 417.905062 327.772369 221.111837
984.079945 418.182680 327.995783 220.956875
984.079945 418.872709 328.667669 220.389501
985.520426 418.029281 325.572085 220.778764
984.218584 418.007003 327.387592 221.072284
985.326785 418.072019 326.673215 221.347949
984.744295 418.215015 326.921270 220.722055
984.711154 417.969342 327.416252 221.461807
985.362415 417.641508 326.840691 221.536862
985.061596 418.215015 326.825557 220.722055
984.552722 417.540716 327.351880 221.890433
984.713686 419.536242 328.033928 219.828800
985.027792 418.215015 327.099614 221.084043
985.061596 418.215015 326.825557 221.204953
984.711154 418.215015 328.086303 221.325789
984.430633 419.946494 328.742552 220.155162
985.555395 417.983603 326.629011 221.898680
984.729252 418.072019 326.806541 221.589844
984.694983 417.641508 327.528696 221.899296
984.589344 420.490245 328.583841 220.474908
985.397016 418.804855 325.901364 221.188378
984.835084 419.101993 328.097358 222.279684
984.940204 418.804855 326.653767 221.911984
984.729252 419.739974 327.028630 221.609847
984.729252 419.987955 327.028630 221.225993
984.536780 420.552060 328.135002 221.514825
984.906503 419.951224 327.595008 221.371032
984.603587 421.391177 327.803110 220.675708
984.887673 421.781715 328.209917 221.247398
985.079958 422.613147 327.995783 220.293526
984.585532 423.299618 329.310845 219.852085
984.603587 423.844672 328.695717 219.062001
984.744295 421.783207 327.587005 222.119983
984.589344 424.251066 329.033172 220.007820
984.444572 422.498246 327.962125 222.133679
983.781350 424.789707 330.395025 220.583521
984.800987 425.223712 328.872455 219.868863
984.776517 424.468881 329.097041 221.139565
984.463265 425.299351 330.373744 220.554209
984.972908 425.122317 328.603489 220.844396
985.112864 426.665034 330.073399 219.925650
984.826009 425.546869 327.989385 221.513605
984.906503 427.223788 328.716013 220.325031
984.603587 427.637788 329.706352 221.138194
984.813684 428.867226 329.210311 219.908756
985.555395 427.930874 328.192233 221.687656
985.271799 429.542288 329.575931 219.726960
984.967055 427.647493 329.556312 222.336852
985.311091 429.857671 328.787352 220.266468
985.444548 429.055042 328.854732 221.418269
984.826009 431.007360 330.221671 218.509081
985.729251 430.713273 328.817599 220.373268
985.921219 431.529898 327.931085 219.433863
985.885558 432.605965 327.592428 218.849583
985.535576 430.854946 327.961825 221.300915
984.953854 431.555471 328.324514 221.369988
984.953854 431.972230 328.324514 220.708198
984.603587 433.073374 328.025776 219.852085
985.659801 432.512358 326.467605 221.363151
985.378524 432.512358 325.844835 221.241856
983.885551 432.665953 328.038447 220.711311
983.570681 434.024822 328.751391 219.884485
983.887674 433.078191 327.538643 220.554728
983.108552 433.219083 327.335702 221.508089
982.887675 433.780203 327.762003 220.581452
982.585528 434.337610 326.858743 220.633711
981.726960 434.476387 328.197032 219.885268
980.949411 434.337610 327.937753 220.633711
980.585523 434.337610 326.858743 220.633711
980.360733 434.059389 327.339982 220.424006
979.267678 434.337610 326.514826 220.511600
979.168395 433.919907 326.882715 221.173600
978.328169 433.640275 326.086096 220.113939
977.975674 433.352032 328.555551 220.516218
977.700690 433.078191 325.536849 220.070662
976.835564 431.974073 326.472103 221.525790
976.890944 432.227976 324.366399 219.956901
974.837771 432.528057 326.080660 219.749589
974.185566 432.112929 325.225895 219.678239
973.327619 432.665953 325.667832 218.519170
972.752793 432.389903 325.203223 218.070787
972.085655 431.959766 326.529066 218.867197
971.355840 431.276392 324.197809 218.103524
970.105926 431.008332 324.427042 219.086396
968.804708 430.321859 324.586474 219.408040
968.572831 431.008332 323.685700 217.994041
966.891733 429.768508 324.820016 217.309370
966.131155 429.351077 324.229455 216.772756
965.653071 428.674293 324.191189 217.089044
964.654252 427.716335 323.474219 216.973761
963.193870 427.621741 324.376043 216.940327
962.448428 427.178881 323.328020 216.676485
961.289240 426.385628 323.475964 216.510361
959.399395 425.425664 324.365783 216.990395
957.934595 426.116093 324.082871 216.992975
956.654268 425.410495 324.408656 215.787886
955.258077 425.323324 323.379662 215.751032
953.561305 424.653860 324.306442 215.703858
952.844934 423.274592 323.142769 216.013438
951.368965 423.313684 323.098507 215.255259
949.560038 422.366957 323.764852 215.961072
948.607150 421.226000 323.198200 215.691070
946.813664 421.139055 322.877767 215.174426
945.227398 420.605268 323.719335 214.877668
943.550333 420.328161 322.496123 215.347874
941.656821 418.804629 323.329602 213.871016
940.011008 419.414069 323.259814 214.115192
938.202263 419.269556 322.629500 213.431181
937.122582 417.091742 322.200552 214.249809
934.687639 417.288192 323.502843 214.215784
933.045105 416.845364 321.491309 212.789355
931.220921 414.882831 323.148045 214.361485
929.767797 413.443713 322.753110 215.170686
927.113442 412.618761 323.746161 214.694286
925.448472 411.952604 323.411122 213.244938
923.623773 411.197791 323.135647 214.098414
921.752466 411.197791 322.809987 212.576168
919.693418 410.418287 323.355880 211.708613
918.568481 408.813164 321.905145 212.711945
916.488127 408.424201 322.536529 212.509562
913.421336 406.198951 322.523281 214.307439
912.288652 406.473760 322.769747 211.579558
909.571571 404.514343 322.722665 213.393890
907.687633 404.014639 321.552148 212.763312
905.957395 403.438699 322.284791 211.210688
903.350312 402.280506 322.726680 211.294100
900.571564 401.141629 322.292412 212.222178
898.801097 399.774149 323.533032 211.844180
896.554950 400.100524 322.037239 211.534410
894.167237 398.347718 322.125927 210.589179
892.160467 397.745942 322.267305 210.465726
888.432475 398.057037 323.995310 208.999926
887.160466 396.735437 322.484004 207.662533
883.577499 396.783325 322.954930 209.325444
881.500798 394.220515 322.928026 208.895147
878.716581 393.346302 322.414728 207.448758
876.021001 392.603778 324.112609 206.895226
873.082830 391.147842 323.613348 206.723750
869.291511 389.189737 323.030987 206.947862
867.144891 387.380104 323.010946 207.466987
864.052422 387.374939 322.994303 205.715496
861.828754 385.568709 323.569583 205.616443
859.045861 385.339252 323.266272 205.085147
856.701417 384.569831 321.883285 204.932651
852.885810 383.812818 323.690281 203.737146
850.543046 382.386436 322.387406 205.715750
846.916843 380.112266 321.811998 205.287852
844.481351 379.898764 323.180739 205.061205
841.230977 379.248798 322.568603 204.460269
838.199071 378.105939 323.377036 203.320862
837.677317 376.699556 321.973011 203.909973
832.472232 376.865968 320.956814 202.701298
829.635764 375.725027 321.382893 202.464121
829.059110 375.880639 319.569224 201.377581
826.109068 375.264131 321.133022 200.262333
823.113928 375.141715 320.350884 199.807488
820.309121 373.487693 319.959706 200.329850
816.986850 372.336246 320.235677 200.462820
813.763750 369.967561 321.217297 202.406306
805.630054 368.825492 322.163569 202.373904
805.650754 368.570461 321.844830 202.177549
801.260917 367.944070 322.548739 201.555727
798.823799 366.543384 322.061794 201.378476
795.231740 365.674884 323.434805 201.769554
791.601651 363.745322 324.454479 202.951352
789.386325 363.061901 324.384685 202.647480
786.101084 363.576918 325.454407 201.903065
782.024116 363.576918 327.183409 200.995777
778.365671 363.943776 329.364993 199.398035
773.957922 365.185525 331.759575 196.930571
770.318946 364.443001 331.843954 197.562116
766.477906 363.818414 335.924596 197.522840
764.499590 364.282024 334.666121 196.144640
760.227411 363.915287 335.106450 196.383914
756.226555 362.441902 330.469620 198.080105
753.865739 362.328248 329.851770 198.512618
751.390085 361.583960 329.441061 196.308956
746.964830 362.363736 327.010695 196.559209
745.417652 360.384965 321.111439 198.413772
743.266912 359.976423 321.697212 198.308341
741.455206 359.595636 321.619976 197.810654
739.266917 359.482164 321.914427 197.573759
739.837496 359.176871 323.205275 196.752531
739.421061 358.809651 323.578461 196.344756
739.088306 358.687187 323.142019 196.451672
738.855502 358.442412 322.720147 196.143798
739.174668 358.684918 321.899651 195.222940
739.908920 358.396744 320.506987 196.138502
741.414358 358.021477 318.997122 195.208861
741.362679 357.788044 320.329569 195.888221
743.829318 356.390113 318.611681 197.030643
749.295180 355.010123 318.273771 197.820433
752.853548 356.116938 318.360393 196.160298
753.275032 356.430813 319.527060 195.472271
758.187661 357.317331 317.811360 195.609111
760.845568 356.056812 318.187629 195.955100
763.691505 356.056812 317.661227 195.411656
766.347788 355.321167 318.249103 197.629412
768.131736 355.257532 319.857303 197.462122
769.566947 355.003040 320.284305 197.291845
770.348642 354.878261 321.060682 196.866807
771.304724 354.251096 320.760683 197.165134
771.999644 355.010123 320.514625 197.267113
772.235338 355.251968 320.620063 196.273875
772.850435 354.886103 319.585834 197.060179
773.003027 354.761838 318.996823 197.625880
772.545039 355.133933 318.153362 197.032892
774.129112 354.154403 316.250247 197.646937
772.730336 353.788523 316.828600 197.996662
771.528550 353.291845 317.487320 198.937956
770.436666 354.396126 316.178501 197.422155
767.744440 353.546184 318.417960 198.781243
766.799459 354.012001 316.214990 197.164839
765.058335 352.552178 317.148983 199.552053
763.235555 353.016986 316.579240 198.360315
761.637857 353.042229 317.831627 198.410369
756.548136 351.634491 318.436032 201.166413
756.599768 351.566906 318.557806 201.978097
754.759735 352.794911 317.857608 201.324866
750.336665 352.807544 318.561942 201.420647
748.615958 353.419891 319.784216 202.402107
748.333426 353.756639 317.842632 201.506549
744.266902 355.345604 317.000282 201.443400
741.813151 355.345604 315.576637 200.433907
740.311853 355.255911 317.080287 200.224815
735.967375 357.460070 319.558360 199.652386
734.963584 359.295453 316.993813 198.636858
732.325079 359.014501 316.397639 199.295086
728.710625 359.014501 318.287212 200.641084
725.541392 360.238455 316.919035 200.139897
722.663663 360.989129 318.075618 200.277229
719.580462 361.604351 316.809317 200.697843
717.737252 362.249940 317.002038 201.446971
714.659378 364.377794 316.362526 201.598271
710.425981 365.992212 318.762323 201.364760
706.798269 366.610896 318.610401 203.391539
704.032754 368.348717 318.826141 204.542322
702.169323 370.337622 318.242864 204.520709
698.291935 372.120868 318.304329 206.549158
695.377662 376.374073 318.236747 203.231240
691.759377 379.262639 319.235826 204.142912
688.412410 382.188644 318.680050 204.332937
686.458572 386.044363 316.772429 203.040767
683.462274 388.927776 317.145359 201.479783
681.120331 392.130222 318.243761 201.493073
678.846388 395.054934 316.701450 200.990999
675.391523 397.885354 319.750293 202.353421
673.650389 401.274420 319.066089 200.613310
672.462264 403.338971 318.857508 201.010541
671.229943 405.115477 318.737153 203.050205
670.381239 407.951902 318.762429 203.883467
669.534949 411.117386 318.048099 203.129016
667.921441 415.072722 317.949122 202.241052
667.647576 417.534222 317.108819 201.129520
665.886787 419.495450 318.015002 202.718270
665.402487 422.844058 318.756142 201.676063
665.035650 425.478349 316.435337 203.021565
664.563274 425.084789 317.400844 205.982459
664.870422 427.561295 317.121139 204.145612
664.715113 427.437399 316.344667 203.923262
665.474283 427.645708 315.929047 205.158728
666.277831 428.324905 316.211092 204.639563
668.034334 428.163124 315.346101 205.202542
668.883227 427.908336 314.202141 206.264527
671.937770 428.123403 312.357534 205.528535
673.933853 428.646600 313.375147 205.758578
675.135837 429.175329 311.397193 205.829691
677.231287 428.561477 313.314027 205.612511
678.737144 428.664142 313.577443 206.456304
680.388002 428.737940 313.039487 207.645861
681.990126 428.621202 312.957379 207.551660
684.439266 427.707247 311.861107 209.044687
686.439282 427.891370 311.109789 209.042455
689.428184 427.045042 311.299615 209.222715
692.279528 426.969481 310.369252 209.480090
694.480439 426.777347 309.127188 209.703358
697.609641 425.923451 309.165891 209.312421
700.812298 425.847810 308.133324 209.663537
701.976690 424.994372 308.892491 210.082193
705.107847 424.587105 309.123203 211.109188
707.725090 423.717348 308.959342 211.714525
709.930182 423.516201 309.298081 211.868352
712.231893 422.776412 308.976744 212.576895
714.825279 421.829439 309.025519 214.111157
717.186014 421.292196 309.402398 213.865603
720.334332 421.238758 307.545720 213.036680
723.706849 420.307036 306.351277 214.253671
725.706829 419.899927 306.775688 214.542781
727.914301 418.475418 306.793231 215.688121
729.237361 418.759188 307.147900 214.857825
731.179835 418.226201 305.926823 215.024691
733.504521 417.475417 305.568106 215.924558
735.564866 417.008826 304.475913 215.875866
737.737099 415.994444 303.845477 216.199399
739.204293 415.820879 303.478998 215.727681
740.494304 415.834647 303.935292 214.992290
742.139289 415.845599 303.642491 215.087829
743.788455 414.808897 303.432557 215.575754
747.250826 412.951196 302.312638 216.683323
747.641412 414.385455 302.541246 214.310959
748.927678 413.365500 303.118817 215.194496
751.529679 412.275652 302.737274 215.859252
753.375630 413.041918 300.571176 214.696427
754.884673 412.162819 300.183268 215.778304
757.548638 411.004581 298.138580 216.895261
759.914323 410.161461 297.742063 218.089898
761.149515 410.004581 295.737047 217.606410
760.960434 409.109786 296.836649 220.380361
759.135630 409.629307 298.443734 217.847091
761.050818 407.750255 296.652525 220.828649
761.037858 407.535828 296.742442 219.860080
761.324759 407.110854 296.169029 220.327668
761.470138 407.110854 295.622837 219.629199
761.030228 406.571889 296.377469 219.212268
760.822833 405.957471 295.627239 220.014869
760.756747 405.116830 295.250361 222.270847
761.200686 404.448300 294.777713 221.480820
760.905791 404.272007 294.987277 219.620735
760.172975 403.458320 294.553687 219.997388
759.172964 403.186428 294.751916 219.802180
758.608523 402.463820 293.722500 219.420953
758.329907 402.129626 292.717643 219.457478
757.616544 401.258126 292.541684 220.701556
757.770411 401.289311 291.080221 220.297793
755.169246 401.366203 290.976831 219.573275
754.333369 399.994822 290.472615 221.880699
752.760732 398.110352 290.828447 223.288435
750.898522 398.110352 290.890379 222.177944
749.185380 397.576529 291.294890 222.608593
748.984726 396.504225 289.746562 222.905844
746.684349 397.673395 290.186793 221.349406
744.971505 397.162641 290.200509 221.669767
743.403878 396.067744 289.768136 223.322327
742.051329 394.634339 289.459031 224.697498
741.204795 394.267878 288.584111 226.356336
740.496386 394.672286 287.604841 223.617802
738.047032 394.314062 287.375893 221.521243
737.547492 393.859259 286.209625 220.645055
736.831344 392.694011 285.178137 221.647946
736.246328 392.331003 283.193006 220.903542
734.324583 391.741262 283.869328 220.448081
733.747366 391.380925 283.446553 220.114977
732.044494 390.002607 283.302512 222.090093
730.182083 389.810855 283.341784 220.860586
729.028800 389.399507 282.785379 221.296469
727.183431 389.012044 282.686542 220.937984
725.889782 388.745193 282.646284 220.873852
723.543257 387.049870 283.253698 222.292668
721.115685 386.254264 283.668669 221.375514
720.105878 385.847452 282.968465 222.379809
718.464417 385.505775 282.870549 224.034991
717.528233 385.310459 281.966610 224.242909
715.463998 384.793179 282.769858 222.836599
715.931104 383.919034 279.913531 221.134062
714.796336 384.136149 278.676311 219.891976
713.637605 383.551951 278.772469 220.677392
714.155958 383.245328 275.857474 219.569896
711.929200 382.843025 277.648786 219.921683
711.610076 381.850337 276.408497 221.953846
711.621558 381.277902 275.405251 222.141094
710.161404 381.465012 275.857171 221.161391
706.814013 381.836835 276.827798 219.167308
706.804951 380.420408 277.157944 221.457015
705.468453 380.509189 277.382141 220.156592
704.610085 380.575428 276.408497 219.849575
701.733739 380.309048 278.669016 219.508220
701.970158 378.923810 277.988101 221.273611
700.634185 380.523458 275.728149 219.323027
699.535026 378.493815 277.148981 222.122047
698.551752 378.958453 276.824653 217.958146
700.497570 377.580648 274.174412 218.153614
702.361761 376.754605 271.930008 218.339521
701.887856 375.946590 272.297677 218.139952
701.925701 373.466598 271.898163 221.479888
702.179716 372.827777 270.825135 221.334421
702.092129 372.389891 271.096150 221.994283
701.681955 371.611419 270.504669 222.226429
701.319538 371.827397 270.593694 221.119737
700.919362 371.895086 272.181115 220.119303
698.599318 371.208353 273.313913 220.289005
697.822070 371.208353 273.831657 220.428798
699.083389 369.670925 272.763864 221.321860
698.727876 369.192650 272.827731 220.991397
699.044311 368.575770 272.425008 221.143929
700.528525 368.554161 269.840740 222.412116
702.239542 367.071973 268.218694 224.009447
702.570838 366.951150 267.800742 221.619531
703.386665 365.561391 266.528389 221.828114
704.321841 365.861718 266.040262 219.984800
704.937664 365.434304 265.338456 220.552357
706.389900 364.961304 265.145282 221.451575
707.359692 363.912372 263.838725 221.555951
709.986204 363.610736 262.550527 222.583500
709.606430 361.703041 264.575437 223.918058
710.216190 361.920448 263.812457 222.972161
711.412490 361.764363 264.218603 222.484198
711.856599 360.315532 265.051537 223.182231
711.126437 359.369768 265.267184 223.177871
714.843416 357.908581 262.255958 224.313707
715.018331 357.633681 262.824588 223.898477
716.434264 356.306325 261.512429 225.083903
719.667104 355.980136 258.116168 227.175027
720.785415 355.803241 258.974683 223.667002
721.911835 356.581991 257.971737 223.737981
724.846561 355.987758 255.768112 223.609351
726.348558 356.469957 255.381708 220.849325
726.607532 355.556744 256.876337 222.436511
728.476538 355.856286 255.947897 220.298719
731.152948 354.353209 254.173922 223.604619
730.468878 354.847462 255.381029 220.593053
732.008080 353.503640 255.666029 221.982008
733.748764 350.855046 255.136396 224.295773
735.172149 348.659611 253.248857 225.388396
737.645676 348.248524 251.443891 225.587167
737.253363 349.604632 253.278652 223.536101
738.118128 348.548833 251.996337 223.873813
740.383901 347.504779 251.767850 225.560039
742.409187 346.841678 249.398859 226.120025
743.926324 346.102143 248.187652 225.781813
745.068784 345.709592 248.357187 226.227572
747.555125 341.921910 245.962013 228.030312
747.814154 343.363772 245.255563 225.539896
749.826709 341.820148 247.123955 226.002945
750.323480 340.365873 244.189242 226.727465
750.837860 339.623098 244.766401 228.149586
752.314849 339.640114 244.316551 226.404872
753.703399 338.779609 243.571950 226.747416
755.451342 337.337603 243.056355 227.283997
755.590648 334.197183 241.302842 229.959127
756.807684 333.542508 242.603248 231.056147
757.823881 332.551563 241.241503 230.078153
758.073138 332.251429 239.492883 231.573419
758.422425 329.571255 240.547458 232.520131
757.685921 330.164323 242.799229 232.031289
759.284532 330.514212 240.627152 229.184000
761.526663 328.255714 238.379708 230.196314
763.281730 328.008312 235.838407 230.816879
763.663138 325.712279 235.423538 232.638271
764.148982 327.170503 235.974696 231.194578
764.653512 325.502830 237.272861 230.867581
765.301461 326.092513 234.945788 229.546900
766.525674 324.676760 233.898928 230.427505
767.270615 323.229667 233.371846 230.523816
766.455389 322.628545 232.864248 231.746225
766.765269 321.807244 233.503299 229.827760
767.281862 320.426363 233.888653 230.664064
768.124058 319.323261 232.988666 230.248308
768.401393 317.785174 232.988873 231.821578
768.045470 319.134654 232.216699 230.271833
768.860205 317.747745 232.370861 229.499826
769.752886 316.568791 229.160436 229.836504
771.288619 312.918476 227.110237 232.869754
770.924727 312.461974 226.519439 232.652422
771.288619 311.917062 225.910284 231.032659
771.430970 310.392390 226.622505 231.542183
771.417981 309.602591 225.982826 230.930176
770.962596 308.868681 226.640362 231.111986
770.596901 308.134644 226.654613 231.225847
770.338520 307.785671 226.141166 230.259847
770.444612 307.553019 226.661591 230.327260
771.480054 306.932204 225.122921 230.948075
771.521079 306.427789 223.973669 230.958768
771.274125 305.730562 224.536537 229.614543
771.752178 303.627865 224.556694 230.846009
771.650951 302.520932 224.783007 231.836365
773.259446 301.472345 222.678229 231.792177
773.592183 300.409680 222.268142 232.178297
773.360903 299.437062 221.335645 232.893549
773.399336 297.528869 222.048454 233.626499
773.650111 298.024354 221.928938 230.136406
774.163482 296.931954 222.351671 229.205701
773.866876 296.874168 222.433404 228.393310
774.227582 296.498749 222.712597 228.474038
773.682878 297.857130 223.141523 226.927322
774.850378 294.613271 221.287393 231.285676
775.950487 293.411240 220.776797 232.579378
776.100942 293.117377 220.515741 232.427564
775.919626 292.936749 220.493391 231.417057
776.163474 293.045622 220.007189 230.674508
775.571606 295.182060 220.750449 228.384801
776.955681 293.112647 219.998855 230.148169
778.281403 295.540788 219.625780 227.417252
778.473253 292.904383 218.628701 229.483083
778.592711 295.552704 219.492014 226.486115
779.566946 294.399284 219.740616 227.921282
779.789480 294.778924 219.983132 227.378451
780.533630 293.659076 217.903259 228.118841
779.844608 295.428734 219.550003 227.439428
781.184121 295.087932 217.887281 229.151024
782.061498 296.537265 216.184807 230.119375
780.664570 295.860747 218.102876 230.184769
780.932325 298.042572 218.423379 227.541595
780.699433 298.036723 218.447962 226.855663
780.756699 298.148983 217.656259 228.210535
780.852605 297.766531 216.863867 229.937834
780.322962 300.411871 217.728462 226.975969
780.432907 300.506923 217.413392 228.145146
779.467406 302.127937 217.382705 226.830382
778.587953 304.718101 217.407329 225.458093
778.437158 305.600019 216.643960 226.032580
777.287961 307.751017 217.506125 224.871376
777.491505 308.399719 216.528542 225.629882
777.377523 309.970656 215.511034 226.001032
776.879464 310.427689 215.337806 227.605308
775.725295 311.351017 216.355837 226.816576
776.105142 312.722017 216.046253 226.829278
774.915869 313.745347 216.767815 226.585625
772.926624 315.596322 217.400417 226.832786
772.480044 315.267533 217.631127 228.122943
772.060000 318.100197 216.804070 226.215682
771.725293 317.683442 216.243875 229.086293
771.045122 321.124207 216.468196 226.146484
771.063507 321.923355 215.396332 225.633473
771.212650 322.992485 213.938047 225.071288
770.706356 323.730215 214.071943 225.741256
769.082161 326.387219 215.745285 225.990212
768.449736 327.235815 215.655936 226.055842
768.447568 330.195789 214.395970 226.408520
768.180870 331.425788 215.890082 226.577553
767.867674 332.545013 214.654733 226.278362
767.397662 334.570164 214.965884 225.433177
766.908049 336.195790 214.693773 225.637554
766.690915 337.739471 214.333585 225.328976
766.153177 339.707604 214.487919 225.802865
767.201762 341.023002 213.909537 225.721037
766.822915 342.077532 214.099923 226.342360
767.581082 343.739471 213.020744 225.940425
767.778125 345.845461 212.961132 224.335031
768.084407 347.269298 213.341285 225.088405
768.399554 348.902593 213.562402 225.257245
769.174140 351.072694 213.496851 224.870093
769.179254 351.133051 212.978128 226.902664
770.746122 354.048901 212.650066 227.169069
770.919813 354.016455 213.927011 227.726564
771.717992 356.383455 213.276222 225.550550
772.120504 357.845685 212.879400 224.776889
773.564654 360.062678 211.916633 224.909059
773.044251 359.939621 213.134696 226.025302
774.654983 363.127688 212.070280 226.145470
775.893533 364.217540 211.587759 225.637451
776.300066 365.209152 211.768021 225.039294
778.292972 367.751681 210.596524 224.952568
777.769060 368.867833 211.333628 225.477549
779.127263 370.430158 210.498412 225.344319
779.166977 372.435314 211.405298 226.090292
780.370522 373.836760 211.763567 226.053644
780.642097 374.611323 211.673547 226.445990
781.888740 376.767324 212.313522 225.850269
782.300273 378.619911 211.525606 224.720120
783.334436 380.057104 211.444145 224.047819
784.573957 381.752063 211.070960 224.130647
784.884175 383.752063 211.871438 223.669166
785.884179 384.867831 210.657652 224.323164
786.955293 386.801915 210.374008 224.842194
788.858648 388.267978 209.092158 225.089335
788.868073 389.750122 209.939976 225.108873
789.877135 390.752824 209.483521 225.383949
791.419920 392.198971 208.281422 226.327004
791.056362 394.270319 209.097654 227.022222
791.502597 395.196912 209.001229 227.593163
791.609387 397.612930 209.295383 227.276336
792.835870 399.909305 208.507863 226.629531
792.711232 401.004533 208.298867 227.057175
792.160770 403.198977 208.958270 225.978665
793.013137 404.603637 208.797908 225.533140
791.774238 406.454524 209.269494 226.039344
792.467726 407.603634 209.782852 225.994981
793.365831 409.831484 208.590867 227.244648
793.911603 411.346679 207.173586 227.676508
794.824726 413.304573 206.566099 225.947545
793.882139 415.042449 207.628740 226.482594
794.250759 416.412618 206.035739 226.501664
794.242253 418.150324 206.702337 226.678210
794.081555 419.221558 206.291735 228.169953
793.223697 420.633678 206.141780 228.775845
793.148948 422.182381 205.188732 228.526047
791.366364 423.661336 206.871235 230.287747
790.537856 425.185534 206.375410 228.402246
789.740879 427.004526 206.674054 227.405277
788.745804 429.158041 206.358001 226.219803
788.836501 431.632516 205.165547 224.733169
788.526785 432.776770 204.599754 226.294716
788.366712 434.219789 204.532001 226.424662
787.287614 435.739596 203.902155 226.422243
786.985027 436.920530 203.439162 226.723924
785.662125 438.700148 204.144417 227.353135
785.479562 439.660487 202.690048 227.018429
784.416526 440.730945 203.135011 228.152554
784.149903 441.146517 202.975938 229.925970
783.162128 442.644679 202.218950 229.229654
781.614032 443.146517 203.192378 230.392870
781.079811 444.230661 202.340863 230.028169
780.845739 445.340719 202.194053 227.448138
779.954182 446.580618 202.068247 228.186708
779.118812 447.799150 202.772935 225.146978
778.139907 448.172443 202.666634 225.848121
778.648973 448.239755 201.198467 226.298541
778.225161 448.653171 201.069909 227.344563
778.254020 448.785515 200.219983 227.097039
776.780631 448.463965 200.845520 227.978838
777.041954 448.543946 199.642560 228.086424
776.751716 448.503712 199.175959 228.551133
775.342526 448.523503 199.573011 228.897659
775.562992 447.637565 199.121537 230.050960
773.706562 448.237680 200.334027 228.277592
774.822240 447.870709 199.073085 229.859401
773.900392 448.237680 198.931165 229.200018
773.658452 448.043631 199.409873 227.062656
773.637917 447.271380 198.686695 229.168908
774.053433 446.751626 198.188677 226.588481
773.323999 445.866744 198.222459 227.866687
774.668450 444.500972 197.669898 228.332210
775.028765 444.730738 197.365539 227.216749
774.973936 444.020029 197.885414 227.484797
775.430389 442.826342 197.053781 228.373990
776.262449 442.598210 197.386889 227.830494
777.366127 441.924789 196.246735 228.442445
778.394241 441.713183 196.768427 228.134714
779.703634 440.461502 196.851382 229.135010
780.231781 439.204516 196.482966 230.140896
781.145101 437.776274 197.355091 231.298767
783.132793 436.702657 196.174513 230.870498
783.730213 436.296766 196.600708 228.660447
786.664088 435.151456 195.583506 228.986926
787.396214 434.786988 195.358817 227.919956
788.750088 433.228922 194.656422 228.489236
790.158619 432.538992 194.503594 227.951439
791.283735 431.655862 195.046843 227.794910
791.641389 430.693645 195.276946 228.138407
793.669911 430.212693 194.252440 228.253134
794.464786 429.329163 194.453569 229.700321
795.955401 428.332326 193.681965 229.767316
796.647487 427.592808 194.246519 230.132936
797.523069 426.800980 194.858257 230.215150
798.934816 425.840416 194.707688 230.675904
799.600570 424.892160 194.121237 229.650882
801.130056 425.521159 195.054558 228.516255
802.544873 424.281456 194.349139 228.728486
804.078611 423.538985 193.840364 228.407132
805.720398 422.964711 194.821186 228.397546
807.495167 422.538990 194.444452 227.951439
808.772352 421.035358 193.636388 229.098611
810.078611 420.848070 193.711872 228.212173
812.119561 419.516455 193.594063 229.325233
813.589460 418.917936 192.692451 230.632402
815.601272 419.693648 192.298120 229.626651
817.799004 420.118770 191.875085 228.930360
819.047890 419.927685 191.542516 227.709808
820.008774 419.778002 191.968259 228.256739
821.293720 418.790113 192.325234 230.039355
822.209534 419.637391 192.637050 225.636053
822.753129 419.049064 192.991510 224.658251
823.097884 417.072583 193.042896 224.666252
824.373669 417.564443 191.858172 223.479557
824.568435 417.917946 191.057862 222.326449
824.290023 417.671218 191.199324 223.798299
824.439511 417.316125 189.984954 223.263273
824.650408 416.617807 189.618639 224.177863
823.895389 415.246537 190.066922 225.549134
824.564699 415.074865 189.574955 226.277470
824.210711 414.617663 190.038238 226.848022
823.981958 414.498111 189.889217 226.786353
823.967914 414.191895 189.189680 225.962810
823.067377 413.641825 189.351659 227.414094
822.720356 413.708865 189.738964 228.007627
822.866477 413.456778 189.736176 227.192778
822.477600 413.345116 189.998881 225.809589
822.951230 413.074871 189.196957 224.698603
822.904631 412.068882 189.180636 225.249544
822.602595 411.890232 189.359734 225.063101
823.157952 412.284566 189.460638 225.046220
823.914023 412.194526 187.692062 224.983550
823.634346 412.586867 188.118513 224.274480
823.615574 412.283589 187.623620 224.802037
823.980781 411.826900 187.458143 225.708017
823.875690 411.494968 187.590752 226.353222
823.405248 411.221666 188.188099 226.900619
823.480695 410.334362 187.852611 227.268641
823.178242 410.406388 189.246228 227.558924
823.337701 410.345116 188.418517 228.762265
823.530958 409.164064 188.376440 228.189813
823.641246 409.038446 188.165193 226.228916
823.793142 408.585038 188.292904 225.368300
823.317720 408.466364 189.153501 224.665862
823.217097 408.314696 188.642264 224.593103
823.387971 409.006212 188.479181 224.728917
823.433489 408.189884 188.056331 225.082729
823.433489 408.102262 188.300938 224.956341
824.360255 408.705834 188.009404 225.029295
824.265556 408.647126 187.801191 225.975045
824.140753 408.678573 188.139826 225.426722
824.384104 408.466364 187.696019 225.792626
824.018781 408.314696 188.663556 224.480973
823.529597 406.576966 188.960225 227.271227
823.705671 407.286787 189.157013 224.784144
823.198902 406.374198 189.518220 224.720099
823.491760 406.736559 189.454362 223.133881
823.388404 407.387043 189.971153 222.138565
823.154970 406.374072 189.965194 223.404832
823.774218 407.565121 189.512986 222.230549
822.851918 405.643272 190.022207 224.947235
823.179629 406.101756 189.504725 223.739290
823.651654 406.820799 189.332778 223.311428
823.144459 406.102260 189.344088 224.619064
822.914739 406.886772 190.088635 223.768447
823.651654 406.736559 189.131307 223.918660
822.417151 405.647130 189.950593 225.524028
822.191660 406.316129 189.930470 223.823006
821.290003 406.671218 190.593668 223.461009
821.299891 405.830423 190.527134 224.488002
821.474615 405.710600 189.715588 223.645372
822.032440 405.705831 189.564642 223.007548
822.345527 405.790698 189.389327 222.065277
821.770566 405.910671 189.858206 221.343878
821.386087 405.992139 189.751007 221.183301
820.881861 406.288765 190.998844 221.443207
821.859759 405.940114 190.753717 221.582030
821.539393 406.612860 192.068976 220.831551
821.923826 406.238300 192.682103 221.952181
823.089002 406.149602 191.354618 222.691448
824.527358 407.228190 190.797489 222.090238
825.017946 407.305658 190.746060 222.407722
825.428815 406.856134 190.915497 222.522617
825.911921 407.416725 191.287115 222.266872
826.712900 406.617811 191.122136 223.730080
826.818323 407.813678 192.433393 222.101350
828.053913 408.446885 191.581426 221.052884
828.337236 407.641024 191.516296 222.214947
829.217082 407.970130 191.245941 221.819653
830.032447 408.346474 190.940171 221.255307
830.457452 408.238296 190.905145 221.617675
830.235959 408.535525 191.118321 221.097854
830.759267 408.387037 190.854201 221.246342
830.750781 408.535525 190.246300 221.878275
830.356688 408.723597 190.506471 222.166972
830.438351 408.641025 190.543724 222.661030
830.630329 408.671220 190.215029 223.798299
829.996644 409.186496 190.582278 222.795816
829.409557 408.856136 191.425444 223.080671
828.975588 409.149597 191.466453 223.366131
828.867595 409.402292 190.445823 222.655065
828.213985 409.604207 190.520448 223.004844
827.822682 408.768994 190.526870 223.802586
827.583958 410.080067 190.115419 221.120515
826.780834 409.396116 190.975438 220.782147
826.627991 411.126027 190.702241 218.574958
825.715933 410.529242 190.850755 219.776900
824.587145 410.070459 191.181748 220.248672
824.164562 409.803002 190.218031 221.118261
822.969850 409.396116 190.798141 221.668269
822.337228 409.831856 191.141559 221.135581
821.627225 410.020943 191.107658 221.646347
820.423735 410.387040 191.806323 222.138565
819.879161 409.886773 190.715550 222.648399
819.712890 410.268074 190.375247 222.079812
819.235971 410.387040 190.994084 222.810784
819.105598 410.070671 190.982539 223.949318
819.777158 410.252155 190.031146 223.701183
820.317699 410.820803 190.392281 223.423840
820.602557 410.435454 190.348770 224.332142
821.592267 410.800289 189.849798 223.480680
822.533567 411.455055 190.691763 223.941496
823.793142 412.298353 189.648942 222.654980
824.960296 411.524967 189.527631 223.253938
824.943055 411.940116 191.035777 222.250367
826.933239 411.970127 190.418736 221.263406
827.173215 411.574555 191.327451 221.869849
828.933240 412.050261 191.568137 221.886540
830.317674 411.371409 190.893535 222.976479
830.803984 411.970127 191.023402 222.601455
831.719487 412.565123 190.869817 222.118476
833.733538 413.050262 189.987098 222.222352
834.561050 413.872385 190.304128 221.683467
835.960285 414.020947 189.779008 221.981348
836.674938 414.506496 190.322040 221.749084
837.160716 414.574560 190.830681 221.869849
838.833452 415.789096 191.155005 221.819952
841.927534 417.375994 190.060924 221.120779
844.664588 415.707900 188.207013 223.102055
846.769134 416.843463 188.620676 222.670693
847.474118 417.059973 189.147284 222.978231
846.548197 419.347596 190.695355 220.990312
849.268864 419.950941 189.231789 221.639574
851.395034 419.545468 187.994272 221.852322
851.518351 419.367484 187.168369 223.098092
851.091293 420.477924 188.004771 222.512018
850.354604 421.180289 187.844936 222.139348
849.846438 422.112397 187.739767 222.017906
848.218773 422.746841 188.259472 222.082340
846.609486 422.732115 188.115143 223.369823
845.568823 423.843466 187.276902 222.782706
843.811611 424.815114 187.555546 222.538607
842.215058 425.815116 186.914716 222.538607
840.327230 426.152088 187.546806 223.461001
838.375888 427.140567 187.621560 223.384508
836.578471 426.946689 187.300827 224.578386
833.837127 428.126123 187.557952 224.109900
832.063252 428.461399 187.073541 224.701046
829.142291 429.311159 188.314892 224.400663
826.728850 429.705831 188.458927 224.803505
825.004114 430.521442 188.526469 224.737551
823.721389 431.221150 187.129312 225.377330
821.235974 433.089337 187.476453 223.783355
818.454289 433.311162 187.565020 224.964102
815.895694 434.341006 187.382262 224.757193
813.637389 434.222947 187.915010 225.915900
811.423879 434.617811 187.685563 226.547919
809.423897 434.432061 187.095834 227.213826
808.669229 434.890227 186.742711 228.235914
805.050716 436.497893 187.100209 228.430494
800.664527 438.832115 188.118451 227.113546
799.067376 440.617499 188.353331 226.347809
798.546581 440.890230 186.766316 228.121649
797.546571 441.890240 185.190736 228.121649
794.712868 443.162813 186.748307 227.800066
792.178676 444.042492 188.097024 227.740970
790.354007 444.158393 188.144012 228.444656
789.439841 446.015126 188.610143 227.321491
787.535835 447.348236 188.096387 228.383902
787.153865 448.591247 187.195014 227.763836
785.373626 449.710597 186.800591 228.283385
784.909757 451.316124 185.223368 227.448709
783.733550 452.131621 184.881916 226.871642
781.574724 452.616207 185.093284 226.409521
779.975171 452.796068 185.515217 226.705075
779.059953 453.616206 185.159843 228.571090
778.220200 454.858347 184.536744 228.332962
777.530683 455.826900 185.268711 227.176355
777.242269 456.158662 185.184369 228.799791
776.703643 457.221667 184.960858 230.217960
776.380157 458.795233 182.927825 231.158106
775.791973 459.528061 184.710776 231.335213
776.448501 460.750426 183.946357 231.674323
775.861175 461.612010 184.517431 232.982663
775.716309 462.837177 185.346604 231.698047
776.920242 464.247946 183.933212 230.647905
776.687088 464.528072 183.406244 234.118675
777.511337 465.225726 182.512865 233.827859
777.925253 466.178308 182.588198 234.281526
778.610331 467.178308 181.452148 233.234429
779.335726 468.109122 181.464686 232.279320
780.066271 469.011601 180.690678 230.866755
779.944099 469.586507 180.186673 231.465850
781.080326 470.257467 179.238166 230.632922
781.645846 471.175225 179.003204 230.593935
781.549268 472.145016 178.640182 230.798901
782.223865 472.990332 178.425184 231.527713
782.326556 474.040074 178.357086 230.515847
781.965227 474.009806 177.819375 230.720233
782.248433 475.115448 177.381574 230.201333
781.600514 475.445974 177.812787 230.228994
781.183919 476.269998 177.272456 230.275241
780.696887 476.776413 177.716401 229.688410
779.727816 477.395460 177.513229 231.009532
779.183919 478.009811 176.600104 231.177431
778.472776 478.824285 176.758744 231.078870
777.407583 479.445982 176.658330 231.372778
775.797808 479.824284 176.100194 232.339050
773.897347 480.854090 176.716590 232.711704
772.190076 481.115509 176.479719 232.599215
770.287192 481.115509 176.492216 232.599215
768.675058 481.273032 175.449111 233.360050
766.381392 480.649382 176.122316 233.766880
764.066907 481.775307 175.832214 233.721691
762.259159 481.641413 175.469567 233.761654
759.897350 481.799689 176.167228 234.294392
757.943171 481.713366 175.776931 234.272166
755.774206 482.473413 174.982791 233.917994
753.478028 482.641406 175.150249 234.452668
752.031436 482.840037 173.940229 234.436078
749.671030 482.490125 174.957257 235.075674
748.799432 483.157199 173.712104 234.234207
746.376558 483.727170 173.570399 234.589461
744.376558 484.094966 174.106511 234.413560
743.240137 485.084697 172.920698 232.918291
741.134671 485.340183 172.477894 232.549096
739.126566 485.153601 172.946425 232.335340
738.834348 485.468746 171.668995 232.248301
737.143590 485.754911 170.742641 232.245620
735.131304 485.741768 170.993258 231.758804
733.834039 487.772791 170.898683 230.068353
732.641923 488.567073 170.204972 229.360303
730.353461 489.315535 170.440946 228.888919
729.701399 491.180726 169.612341 227.718409
728.057112 489.245004 169.663516 229.598671
727.247968 491.571026 168.516279 227.651409
727.217992 489.237177 167.822404 229.900474
726.029781 490.577011 167.142602 228.388870
726.161509 489.983008 166.668201 228.511353
725.796562 491.483513 165.670025 226.924896
725.884052 490.232379 165.629917 228.289203
726.972085 490.646126 164.306645 228.282195
726.820471 488.819218 164.772192 230.147566
727.663545 487.386710 163.824057 230.936121
727.097168 487.648316 164.265717 230.010432
726.644570 488.074178 165.134205 229.163476
726.644570 488.539272 164.718315 228.922666
730.172731 486.997938 161.419910 229.478441
731.723296 487.037649 160.105940 229.461338
732.176900 486.666756 160.765405 228.893013
732.296085 486.487511 160.317217 228.718637
730.963061 485.531209 162.056136 229.271152
730.864512 485.390662 162.477872 228.863300
730.364638 485.480696 162.863671 228.664750
732.561002 484.390662 161.636106 228.419211
733.797136 484.462461 161.044270 227.944957
734.603276 483.197103 160.425659 229.140482
736.013632 482.822848 159.507013 228.403779
737.069741 481.828056 159.546392 228.792463
737.730187 480.707653 158.980781 229.781076
738.652091 480.179621 159.582529 229.309108
739.652093 479.373919 159.582529 228.212377
739.443802 479.100891 161.389566 228.094446
739.764582 478.822849 162.592545 227.849991
740.841600 478.617329 163.277687 227.567972
742.195046 477.349895 162.291402 227.483361
744.276043 476.643109 160.999447 227.564237
746.165866 475.493109 159.773841 227.228578
747.794891 475.522798 159.022068 226.033570
749.112737 474.536392 159.418762 225.536889
749.722702 474.873729 160.705045 227.079334
751.940279 474.074776 158.167491 226.772440
752.506571 473.381197 157.681155 224.820933
752.215535 473.036827 158.057398 225.787766
752.102809 472.015388 158.078985 224.147835
750.812667 472.141038 158.083792 224.268248
750.627515 472.036834 157.982696 224.254854
748.724456 469.716804 158.074881 224.193233
747.953675 469.646767 158.518506 222.775071
747.023620 469.585425 157.864694 222.009472
746.973588 468.202730 156.596753 222.348842
746.008338 467.565905 156.260496 221.879152
744.957087 466.605799 156.790831 221.763430
743.830894 466.364184 156.256218 221.005041
742.993272 465.808408 155.578343 221.237312
742.338943 464.549233 155.232701 220.563976
742.369820 465.196886 154.628330 221.201966
741.678987 464.390065 154.303199 221.287744
739.879548 464.146857 155.440389 220.852349
738.675908 463.197017 155.499716 220.805458
737.675879 462.800963 155.669500 220.201522
736.975356 461.541877 155.455039 221.242998
735.669128 461.003112 155.599709 220.859155
733.971346 460.045447 156.204266 220.529701
733.470699 459.153971 155.817562 221.245347
733.854887 458.397457 154.609469 219.970076
732.390226 457.637517 154.979933 219.040173
731.300416 457.185469 155.372834 218.696210
730.200229 455.486524 155.219362 219.191172
729.293348 455.089091 155.151974 219.225356
729.471949 454.389024 153.803806 218.500620
727.916382 452.627512 154.193145 219.847763
726.400375 451.938802 154.513606 219.588451
725.491449 450.183889 154.530302 220.236935
723.375014 448.535267 155.313676 220.211667
722.180603 448.991809 155.732582 219.040141
720.461777 447.788286 156.184372 218.571897
719.067833 447.786100 156.363074 217.960834
718.413915 446.688082 155.437491 218.095585
718.732848 446.130053 153.998466 217.893804
717.870179 444.727580 153.591004 217.727931
717.326151 443.824477 153.392270 217.723822
716.420839 443.271089 152.932102 217.699882
715.250652 442.769631 153.197057 216.712131
715.123852 442.654954 152.394904 216.483440
713.844107 442.062526 152.804069 216.153829
712.844116 441.062522 152.637166 216.363515
711.253703 440.062532 152.645385 216.468433
710.337489 438.819476 152.746046 216.309381
709.337502 437.765667 152.746046 216.660372
706.442528 435.617928 154.011502 217.093709
705.986492 434.918087 153.444300 216.668865
704.940468 434.119687 154.054189 215.566310
704.460236 433.507588 152.878901 215.789391
703.923605 432.858017 152.401288 214.878165
704.157069 432.005353 151.172989 214.027804
702.987142 431.096731 151.029376 213.646806
702.280067 429.802628 150.532582 213.837485
702.195522 429.620304 149.058747 212.788539
701.468662 428.105968 149.707131 213.385093
702.484412 427.541832 149.196167 213.343904
703.825171 426.309716 149.247610 212.799150
705.972987 425.545742 148.162667 212.021188
707.814616 423.759956 148.035420 211.364671
709.815132 422.058810 148.892882 212.305979
711.528925 421.340114 149.331177 212.917073
714.619068 419.897346 148.160691 211.495860
718.171486 419.077924 146.871801 212.107545
721.165241 418.145703 146.079440 211.880119
724.115805 417.298171 145.891362 210.315937
728.051156 415.955410 144.531362 210.230214
730.389631 415.192321 143.838892 209.764571
733.339163 413.479343 142.795127 210.386863
734.910979 414.422010 143.995962 209.115869
736.813450 411.834651 144.244771 209.232463
739.399118 411.711571 144.031609 209.115075
741.737641 409.548126 144.495291 209.063519
743.526721 409.063369 144.741294 208.297934
744.665647 406.199408 146.375602 208.767818
747.503797 406.400894 146.533930 209.322134
750.481288 405.326743 145.615945 208.607757
753.987700 402.683385 145.065020 208.217568
757.571723 401.425909 144.364101 208.390090
761.709197 400.645044 142.571515 206.128578
764.258774 399.554730 142.367279 206.247293
766.724372 399.474543 141.969780 207.382754
769.630787 397.324797 141.032663 206.342574
770.361853 396.927689 142.326335 205.432106
772.493146 395.427364 142.712276 206.281141
775.382222 394.331609 141.676604 205.421450
777.264056 392.869889 141.854659 206.737608
778.348328 392.488086 142.870712 205.271798
780.034925 391.419787 143.221431 205.785409
782.096003 391.246913 143.533648 206.052229
784.756153 391.178920 142.914108 205.070142
786.979974 390.701424 142.751034 205.404294
790.404535 391.172813 141.610575 204.878597
793.962957 391.482963 140.630283 203.979932
796.935058 392.484754 139.602735 201.897356
799.273283 392.955065 139.343950 202.411139
801.338844 393.170802 139.568798 201.174494
803.283890 394.146842 139.335053 200.490717
805.229211 394.709930 139.728223 201.299058
807.536662 395.771893 139.947967 201.397181
809.259881 396.636270 140.831050 201.041120
811.659977 398.070944 139.933441 199.665694
812.976548 398.709938 140.925470 200.414552
814.572835 400.250385 141.202046 200.411907
817.085359 401.312357 139.979802 200.561510
819.955093 402.333769 139.213984 200.930930
823.214593 403.844773 138.663773 199.400208
825.531306 405.716214 138.140463 198.755127
828.244917 406.986354 137.533948 198.829759
829.994692 407.964576 137.089239 199.007393
830.837000 408.696288 137.412664 199.665124
831.720851 409.940027 138.353182 198.649365
833.405976 411.119384 137.986302 198.794291
834.827201 412.098419 137.642279 198.776360
835.921681 413.439955 138.562100 198.764440
835.642248 415.926534 140.122773 197.246539
836.692011 415.088846 139.614387 199.049098
837.574913 416.721266 139.708233 199.219824
838.284244 418.997302 140.052464 198.123184
840.605097 420.095193 138.522958 197.948107
841.552709 421.913392 138.685230 198.097889
843.151501 423.252226 137.932470 197.204866
844.384780 424.170091 137.512977 196.025699
846.175109 425.516143 136.361203 196.595904
846.280063 425.723413 138.042163 196.988145
846.406371 427.326996 138.865627 196.112712
848.214854 429.498799 137.913196 195.015579
848.421212 431.065748 138.441058 195.168811
848.557413 431.029326 139.370403 195.660232
849.701695 432.751097 138.965680 195.500541
849.999809 433.022777 140.062079 195.427009
850.977857 434.888384 139.590976 195.204377
851.922156 435.042642 139.822414 196.397073
853.154280 436.029678 139.562450 195.434732
855.299890 435.903803 138.367452 195.528701
857.070306 434.852460 137.146564 196.156814
857.336013 434.975695 138.284443 195.375645
858.336008 434.261114 137.672423 194.463910
858.503723 431.548333 137.993529 194.323922
858.502772 430.204545 139.213853 194.059147
858.411841 429.042965 140.055348 193.663829
860.332301 427.796877 138.124092 192.991223
860.884108 426.233061 138.621310 193.836255
860.354889 425.754138 139.749837 193.059556
860.986417 423.245148 139.566539 194.558979
861.786006 422.948754 139.044729 192.387721
862.710263 421.384927 138.795167 193.610210
863.766479 420.604850 138.172277 193.096713
865.423064 418.830911 137.312072 194.238389
866.398449 417.985809 137.101634 194.479874
867.313300 416.584845 136.654974 193.380231
866.656681 415.529495 137.726519 192.878579
865.865443 413.479738 139.505110 193.571894
867.507468 412.176787 138.112991 192.969412
867.448389 411.428682 138.370993 191.614108
868.949210 410.104819 137.726946 191.938850
868.767105 408.324603 138.497427 192.487754
870.090706 407.954902 137.732845 191.460349
870.127949 406.091419 137.926692 191.751193
870.780951 406.282591 138.441948 191.321137
871.694606 405.499181 137.462473 191.730938
873.238361 404.488122 135.861077 192.844733
874.177589 403.606791 135.921100 194.583698
875.024230 403.014716 135.509856 193.223511
876.093513 401.807989 135.101540 194.441318
875.211783 400.911032 136.286889 192.946470
874.340408 399.559649 137.008598 192.097750
875.501047 399.145397 135.844028 190.604569
874.620648 397.846865 137.153181 191.242898
876.103617 397.307157 136.088427 189.603907
875.313558 396.535356 136.706349 190.407953
875.968676 395.730261 135.714388 189.631876
875.955330 395.055987 135.684017 190.483832
876.766754 394.371401 134.484455 188.696965
876.376702 393.513371 134.574683 189.996369
877.008179 393.090072 133.828010 190.250200
877.526839 392.347576 132.822624 190.716382
877.610619 391.604509 132.592426 191.554077
877.442926 390.914428 132.249226 190.228515
877.334603 390.512998 131.916403 189.796882
876.096945 388.890524 132.479542 189.295853
875.096950 387.897170 133.207680 188.933353
874.578778 386.247945 133.337593 189.500328
875.148185 386.674453 133.098020 189.003885
874.725769 384.578040 132.606941 190.200312
874.269290 383.598727 133.334130 189.428888
874.342735 383.289051 133.683180 188.836973
874.782215 382.935656 132.821205 188.820094
875.423511 382.155599 131.224406 189.359561
875.554805 381.586191 131.636195 189.231174
875.966068 381.619155 131.205514 190.503360
877.014873 380.635005 129.309888 190.842138
877.054232 379.841271 128.782318 191.242526
876.973431 379.714467 129.006296 188.093094
875.531959 378.287223 130.485162 189.540335
874.764463 377.494088 130.686255 188.666712
873.836286 375.622281 131.720069 189.986952
873.518850 375.972139 132.057654 188.033971
874.157846 375.785136 130.902434 187.648798
872.825983 374.182454 132.101201 187.770222
872.961833 373.656895 131.773509 187.594891
873.432647 372.661238 131.450977 187.944838
873.419697 372.560187 131.630205 188.140629
874.005534 373.296177 130.380208 187.502793
874.654722 372.090995 129.754137 189.673547
875.656057 370.644505 128.552006 191.900900
875.854808 369.993938 128.340082 191.646109
875.735336 369.710133 128.500870 189.723797
875.085905 369.182449 129.104385 188.767765
874.427617 368.572410 129.407111 188.006133
873.698750 367.611059 129.819475 188.773323
872.491516 367.051482 131.159678 187.275072
872.470071 366.343299 131.144483 187.606916
873.045485 366.079557 130.569069 187.517385
873.155265 365.349121 129.778743 187.410298
873.208469 364.518211 129.851052 187.220458
873.371439 364.414139 130.263949 186.777221
874.416928 363.389444 128.528761 187.711266
875.017758 363.038682 127.582709 189.419706
876.128290 362.612840 127.002232 190.587445
876.920063 361.525913 125.748874 191.055238
876.892563 361.482734 125.895868 188.708624
876.341694 360.696346 126.539838 188.177686
876.418904 360.020655 126.353724 187.402635
876.382737 358.804359 125.978681 186.342078
875.869020 359.134984 126.991511 187.107684
876.101984 357.993995 126.319768 187.052410
875.584981 357.294497 126.497107 187.267623
875.861266 356.772747 126.030407 186.896453
875.586839 356.837337 126.383985 185.806284
876.210704 356.486176 125.720122 186.681563
877.054833 355.466936 124.827670 187.429473
877.366033 355.017198 124.725214 187.158166
878.656840 354.216978 123.348617 187.041055
879.223619 353.941299 122.502926 187.438684
878.516647 353.567225 123.435777 186.366704
879.427300 352.760278 122.594135 187.068298
878.962500 352.348112 122.908979 186.115752
878.647519 350.927233 123.313267 185.696221
878.408336 349.936055 123.757794 185.879238
879.268646 350.352520 123.014963 184.581403
879.207306 348.444515 123.363473 186.135448
878.421783 348.749600 124.344922 185.518913
878.587389 348.306161 124.020593 185.425367
878.499411 348.099750 123.577880 185.728820
878.885652 346.936053 123.191639 186.503634
879.648393 346.400755 122.841956 185.176884
880.967064 346.257818 121.654221 184.615648
880.937616 345.514750 121.678966 184.677031
881.012988 344.957530 122.081674 184.234257
881.006285 344.103111 121.738898 185.060172
881.338848 343.608626 121.536925 184.523976
880.546891 342.594734 122.266163 185.213359
881.638745 342.020276 121.451012 185.381762
880.806996 341.735945 122.272927 184.131779
880.482879 341.083590 123.092284 183.930974
880.577144 340.873369 122.844116 184.591127
880.684243 339.636868 122.526268 184.349672
880.730497 339.873364 123.239388 183.790504
881.436378 338.608626 121.970387 185.143996
881.436378 338.621916 122.242988 184.308345
881.558986 338.275139 122.535680 183.328708
881.469868 337.671417 122.275313 183.782315
881.558986 337.397964 121.853449 182.998011
881.577321 336.784781 122.047445 182.578652
881.271515 336.598156 122.353250 182.468557
881.205642 335.960526 122.565757 181.594117
880.963656 335.318368 122.389633 181.690998
880.410242 334.615642 123.363616 181.132311
879.661160 333.965340 124.041759 182.538409
880.023507 333.453047 123.276768 182.164452
880.377229 333.107334 122.858310 181.583458
880.424644 332.867320 122.404235 181.902509
880.653391 331.998959 122.107370 182.066955
880.040785 331.649212 122.515995 181.505372
879.872031 330.686638 122.560381 181.941110
879.497935 329.811713 122.449475 182.254196
879.207651 329.580309 122.813454 181.708242
879.577295 329.141961 122.387911 180.887499
878.856801 328.671508 122.906546 181.622811
878.419869 327.874174 123.204872 182.104001
878.052147 327.940276 123.582350 181.335042
877.266858 327.226490 123.618438 180.480228
877.177605 326.670533 123.254835 180.480803
877.255282 326.319678 122.565765 180.428269
876.856810 325.918612 123.042624 181.200228
875.948700 325.934094 123.744050 179.488900
876.319423 326.021456 122.104610 179.834525
876.426083 325.743426 122.145381 179.557613
875.954066 325.392857 122.540748 179.693889
875.982634 325.339941 122.038293 179.435337
874.883895 324.866283 122.738990 178.656472
874.721002 324.637981 122.571104 177.808434
873.697207 324.057899 123.399333 178.127134
872.935587 323.233731 123.762434 179.588616
873.319417 322.392866 122.852855 179.369367
872.982622 322.963691 122.850341 178.424090
872.329941 321.529197 123.300266 179.605493
871.835318 321.490235 124.076827 178.356297
871.520658 321.558553 124.050016 179.261709
871.389534 321.041886 123.373826 179.593980
871.766772 320.442867 123.282282 179.766851
870.759133 320.041891 122.855356 179.767602
870.996746 319.004160 122.505775 180.205559
869.678248 318.936501 123.620059 180.095980
868.759143 319.495881 124.276590 178.526372
867.884942 318.936501 124.822146 179.834386
868.594092 318.197438 123.451645 179.148601
867.648548 319.032613 124.320509 179.087168
867.154135 318.777689 124.223188 179.379794
867.332811 318.899667 123.646430 178.389578
867.040446 318.355846 123.803802 179.466499
867.165734 318.164965 123.348562 178.605976
866.093223 318.073317 124.342175 179.659573
866.795387 317.516141 122.978462 179.679682
866.535689 317.339943 122.898683 179.782798
865.599510 317.181349 123.630854 179.589531
864.996504 317.547279 123.834863 178.615085
864.362499 316.951527 124.344593 179.781356
864.419858 317.252058 123.613580 179.204570
864.689895 317.181349 123.564970 179.676674
864.389548 317.181349 123.373826 179.241495
863.913677 317.547279 124.203971 178.528396
863.599512 316.813787 124.312642 179.609056
863.314458 316.516145 124.527840 179.940483
863.263323 316.848667 124.249232 179.429577
863.623751 316.777689 123.548503 179.903350
863.701569 316.655503 123.402419 179.763509
863.545809 316.287873 123.353627 180.131139
862.917538 317.021459 123.777843 178.267786
862.805408 317.084715 123.562018 178.129641
862.251321 317.205556 123.922384 178.965404
863.073104 317.303518 122.907455 179.119326
862.437905 317.477776 123.327168 179.257548
862.380933 317.303518 122.645840 179.903613
862.673660 317.707434 122.841460 179.502307
862.516126 317.585116 122.842305 179.450668
862.291045 317.951535 123.498261 178.997373
862.069906 318.194894 123.296399 178.580387
862.661485 318.073317 122.705971 178.701963
862.738528 318.490109 123.242472 179.205884
862.202479 318.425501 123.562594 179.694280
862.535653 318.655504 123.787864 179.676263
862.467706 319.021460 123.567999 179.310308
862.225677 319.547287 123.823365 178.788710
862.766761 319.668879 123.488065 178.840909
862.359560 319.585110 124.087124 179.798789
862.255267 320.213668 124.550122 178.977289
862.232702 320.385808 125.107469 179.207825
862.808939 320.688548 124.669017 179.149702
862.235200 320.738993 125.639361 179.765850
862.692536 321.284962 125.248065 179.375689
863.285183 321.567061 124.726801 179.446037
863.886342 321.482066 124.522326 179.708894
863.631936 321.970509 124.880610 179.482387
863.552389 321.970509 125.441672 180.095409
863.743284 322.517417 125.456047 179.878581
863.901402 322.798564 125.783397 179.774523
864.377926 322.676490 125.216319 181.304597
865.268806 322.643833 124.807883 181.840331
865.169158 323.871205 125.652696 180.436618
865.770866 324.273825 125.031073 180.473861
865.901378 324.554245 125.436360 181.073516
866.090700 324.980614 126.010348 180.975360
866.567506 325.578775 125.648428 181.645548
867.201159 325.471381 125.687518 182.132708
867.364119 325.947364 125.708830 182.127867
867.834363 326.564494 125.797390 181.864935
868.127192 326.842159 125.876131 182.027408
868.047948 327.194748 126.513760 182.057476
868.286671 328.373706 126.808140 182.424073
868.953191 328.624070 126.629309 181.951013
869.632521 329.286356 126.628408 181.348180
869.729709 329.687376 126.622252 181.830757
869.604337 329.917685 127.515516 182.426854
869.716163 330.839056 127.932105 182.810145
870.514815 331.548235 127.524763 182.324844
871.115704 331.853383 127.282378 182.902279
872.065017 332.454327 126.795337 183.038592
872.115682 333.100937 127.494858 183.369114
872.514825 334.055291 127.878259 183.175217
873.152349 334.532785 128.413468 183.794743
873.143023 334.743209 128.705421 184.072986
873.061705 334.846071 129.641427 184.797546
872.799418 336.030282 130.493714 184.376729
873.536103 336.633381 130.188672 184.602216
873.964076 337.881123 130.400781 184.264000
874.698272 338.633375 130.026473 184.240654
874.731152 339.772420 130.389290 183.634594
876.224161 341.140949 129.507792 183.266065
876.702611 341.718864 129.820040 184.104748
877.300336 342.178003 130.108448 184.671426
877.536071 343.402169 130.116574 184.637990
878.128174 343.760289 130.236694 184.663005
879.021070 344.509205 129.703685 184.364829
878.924122 345.278406 131.024140 185.306642
878.905991 345.698309 131.776747 185.845514
879.011671 346.408250 132.193563 186.524187
879.635153 347.598715 132.143505 186.546134
879.804171 348.221502 132.245333 187.657088
879.680627 349.560389 133.014136 186.879581
880.677614 350.309051 132.237006 187.406489
881.181634 351.056971 132.879794 188.119030
881.953972 351.512907 133.291455 188.960533
882.584322 352.476075 133.279179 189.016594
883.667307 353.968032 132.680426 188.823806
883.853777 354.356932 132.670329 189.025711
884.517032 355.603004 132.742011 189.353530
884.434712 356.192383 133.529745 190.134253
884.694248 357.658562 133.908350 190.268478
884.924265 358.887590 134.208389 190.220359
885.573356 359.347960 133.644515 190.009433
885.285321 359.899960 134.417216 190.817037
885.465764 361.726429 134.949805 190.773122
885.692993 362.314288 134.657511 190.896418
886.200822 363.699205 134.521026 191.355326
886.682658 364.827142 134.419734 192.076009
887.416543 365.636022 134.140590 191.495163
888.054919 367.215925 134.063087 191.189751
888.634830 368.215924 134.557544 190.814718
889.054918 369.343839 134.808674 190.874208
889.126071 369.539220 135.289539 192.703490
888.763934 370.603917 135.925176 192.291149
889.273343 371.604942 135.692998 192.788598
889.245007 371.922278 135.650506 192.420891
889.875666 372.862695 135.336588 194.022079
889.556283 374.057280 135.792731 193.824609
889.470385 375.152498 136.779812 193.997745
889.487604 376.252864 137.272897 193.908845
890.143868 377.477958 137.296265 193.951037
891.169797 378.347509 136.346029 194.271855
891.778759 379.507280 136.151833 195.247295
892.169803 380.296644 135.892409 194.467863
892.004547 380.984223 137.076711 196.250340
893.524171 382.108134 135.421740 194.862539
893.949220 383.115297 135.830992 195.639278
893.830073 384.046181 136.383131 195.890393
893.713428 385.440564 136.876653 195.879764
894.365120 386.281153 137.039107 196.338298
894.593002 387.898639 137.034800 195.792586
894.507733 388.886209 137.213205 196.156306
895.077802 390.253804 136.868097 195.413713
894.764116 390.517586 137.429255 196.706752
895.131660 392.516143 137.551038 195.823794
895.763586 392.843039 136.636397 197.715791
896.475008 394.081189 136.827697 197.777659
897.044383 394.903803 136.255113 198.702196
898.225846 396.170089 135.679705 198.338786
898.839647 397.196616 135.482136 198.205923
899.018378 398.726810 136.305761 197.385237
899.586594 399.975682 136.037511 197.583142
900.187531 400.796861 135.758351 198.411964
900.247242 401.930329 135.247586 197.409604
900.704069 403.003424 135.337956 198.513291
900.501995 403.930327 135.970893 199.054889
900.357367 404.317658 136.241928 198.968405
901.038054 406.319314 135.712215 198.815054
901.384782 407.416982 136.444816 199.024646
901.613704 408.744609 136.970792 198.675173
901.064892 409.208827 137.287098 200.479013
902.035346 409.726436 137.410634 201.424279
902.319297 411.805523 137.795695 200.494072
902.834384 412.350099 137.678671 201.254897
903.577425 413.867340 136.851810 200.449065
904.321281 414.997505 136.462026 199.494813
904.836972 415.939727 136.496233 200.846117
905.209020 417.537320 136.341870 200.711509
904.605316 417.966629 137.475869 201.240010
905.263964 419.244095 137.096583 201.207788
905.349465 420.647988 137.392838 201.889581
906.259439 421.815430 137.085137 201.150428
905.401162 422.405943 138.570896 201.259139
905.943393 423.844779 137.840166 202.848413
906.346157 425.417903 138.407551 201.693527
907.118343 426.304256 137.189981 203.090488
907.544685 427.928691 137.222708 203.018502
908.566639 428.976385 136.905703 201.993179
908.405475 430.462230 137.709513 203.124728
909.114726 431.874970 137.254404 202.039148
909.828911 433.086099 137.502270 202.458191
910.289445 434.304250 137.265504 203.787856
910.432123 435.874966 137.171896 203.525000
910.689172 437.249490 137.220211 202.903757
911.118366 437.702460 137.266338 204.443887
911.403049 439.444691 137.325726 202.768305
911.633180 440.076118 137.455977 203.723215
911.486294 440.916958 138.561434 205.081212
911.915472 441.814389 138.215244 205.543183
912.858328 442.537186 138.043666 205.820368
912.655256 444.777976 138.706215 205.181129
913.602893 445.994117 137.989864 204.814313
914.486054 447.110414 137.072991 205.744969
914.202485 448.324102 138.034190 206.183625
915.088866 449.795493 137.488505 206.669247
915.517497 451.994126 137.613223 205.617039
916.879573 452.952655 137.420832 206.207389
916.945979 453.191184 137.584252 207.218905
916.627820 454.870341 137.706620 207.550014
916.632908 456.777386 138.763302 206.992051
917.119367 458.130178 138.722913 206.584108
917.975810 459.083023 137.879197 207.181487
918.745330 460.731226 137.663424 206.479414
919.569130 460.890564 136.770455 206.480034
919.460175 463.013434 138.007320 206.804924
919.917946 464.379443 137.890216 206.380859
920.943160 466.347308 137.418306 205.513487
921.757658 465.991493 137.126085 207.351315
921.401636 468.484748 138.792295 206.890191
922.376635 469.295112 137.770262 206.815182
922.315050 470.795492 137.878788 207.782390
923.485829 471.943522 137.138047 208.230998
924.420931 473.172816 137.219439 208.247531
925.142974 472.533717 136.286704 211.368797
925.817713 474.341486 136.260545 209.870240
926.309115 476.574326 137.069050 207.240892
926.513778 476.941083 137.448517 209.653477
927.197658 478.153252 137.381026 208.661512
927.390879 477.937121 137.575862 210.114347
927.302130 478.489905 138.149892 211.390176
928.124375 481.319390 137.601364 210.283860
928.748576 481.534207 137.180024 209.103991
928.863104 483.295111 138.502457 210.987387
929.095971 484.331600 138.243746 208.825156
928.833916 485.435777 139.755767 209.595713
930.124373 486.756186 139.316621 209.415494
930.608788 487.488094 139.448839 210.399568
931.611487 488.497220 138.256911 210.035424
932.573134 489.912105 138.117732 208.551648
932.098876 489.387139 138.381347 210.967799
932.583195 490.650666 138.147991 210.314691
932.857251 491.445095 138.631031 209.637881
933.455729 492.344330 138.170232 209.522886
933.836264 494.680557 138.730909 207.841990
933.789425 493.836256 139.123180 209.927573
934.382227 495.263501 139.850353 210.276823
935.185596 496.175686 139.385703 209.585216
936.039922 496.838868 139.017702 209.478429
936.121647 497.488077 139.413396 210.195407
936.355064 498.331609 139.459039 209.840082
936.781639 498.261733 139.979373 210.604837
937.157223 499.459341 140.171931 210.936139
937.988970 499.283287 140.098748 212.347625
938.367555 499.023902 139.438407 212.545390
938.186633 501.504499 140.866743 211.571798
938.500246 500.818523 140.838652 212.895464
939.051941 501.507370 140.457575 211.868231
939.325352 501.433882 141.013557 212.860958
939.702402 503.916464 140.728524 210.395568
940.298100 503.956181 140.474804 210.760552
940.959396 504.735499 139.943226 211.656433
941.099516 505.019499 140.481727 210.736144
940.783527 504.325960 140.779519 212.448310
941.422932 506.563468 141.307886 211.023750
941.661755 506.656913 140.998071 210.952420
942.533694 506.900074 141.152442 211.816039
942.725804 507.501434 141.055978 211.407925
943.601989 507.126516 140.072689 212.442786
943.500250 508.454365 141.867141 211.694976
944.090083 508.030318 140.433430 213.275785
943.381135 507.309692 141.404804 213.270969
944.155238 507.490625 141.138437 212.173071
944.481965 508.054302 141.188491 212.324663
944.854270 508.543084 140.582029 211.748903
944.797051 510.433711 142.094488 211.056300
944.930193 510.645044 141.772868 211.776697
945.301658 510.851997 141.554511 211.502538
945.373702 511.854098 141.881557 211.629995
945.061240 511.852003 142.794934 211.093703
945.526737 511.633944 142.726349 212.398336
946.212439 510.768750 141.725297 213.038924
945.527520 512.480384 143.290603 211.544303
945.617019 512.192323 143.920290 211.393550
946.016476 511.975178 143.163776 211.772555
946.437844 513.195653 142.428644 210.185684
946.708442 513.437464 142.818047 209.397637
946.775036 513.798142 142.752596 208.591369
946.837729 512.875657 143.246569 208.857494
946.994475 513.857484 142.817902 209.708642
947.441822 513.723160 142.528844 210.229898
947.212805 513.931585 142.884428 210.977786
947.099909 514.063367 143.357228 211.248661
947.662186 513.985119 142.554794 210.543855
947.841036 513.931585 142.969263 210.466948
947.611125 514.282762 143.086811 209.442567
947.088411 514.217278 143.961554 209.773768
947.009456 514.348616 143.685882 209.634037
947.150830 513.852014 143.739748 210.380686
947.190217 515.057915 143.823527 209.741539
947.460225 514.490384 143.633241 209.375821
947.662301 514.644242 143.227496 210.060591
946.699422 515.138503 143.998515 208.789582
946.759509 514.437450 144.369162 209.397637
947.190217 515.057915 143.425640 208.924738
947.173870 514.007272 143.671511 209.221219
947.122439 513.931585 143.211938 208.742113
946.782254 514.081323 143.428947 208.815276
947.263339 512.358405 143.422457 210.274272
946.828068 514.127155 143.867270 208.410727
946.543335 512.023916 144.302046 209.696732
946.004346 512.348621 144.850098 209.430464
946.043857 513.340154 144.651406 208.642504
945.422926 511.850004 145.148348 209.304274
946.102167 511.369099 143.370284 209.503325
945.871386 511.008983 143.645708 210.202608
945.918812 511.220962 143.538302 208.579951
944.721724 511.266164 145.203462 209.010705
944.677565 511.487112 144.539430 208.527344
944.231843 510.192951 144.465179 209.314725
944.428748 509.813553 144.323020 209.128577
944.109443 508.952208 144.098977 209.625793
944.622209 507.482541 143.459039 210.884510
944.226086 507.415137 144.709048 209.808344
944.407731 506.985103 144.207679 209.224242
943.548469 505.274668 143.677910 210.856416
943.384587 505.558077 143.666441 209.767171
942.387655 504.338186 144.193709 211.235921
942.020993 503.355043 143.962534 211.813529
941.511550 503.900429 145.069385 209.044801
940.623015 502.140644 144.469839 210.589882
938.488128 501.662890 147.209588 210.361628
938.119784 501.037005 146.319229 211.079585
938.338554 501.101047 146.290307 209.172357
938.472135 500.262037 146.311366 208.531755
938.982731 499.822900 145.474424 208.706831
939.859163 500.689519 143.915991 207.616756
940.197329 499.346079 143.045487 208.643075
939.324969 498.853766 143.649593 208.417307
939.595874 498.509179 142.615322 207.986282
938.714255 497.543800 142.744817 207.870615
938.977361 496.949171 142.821903 207.745553
937.675402 497.517415 143.339859 207.272899
938.221206 497.517415 142.422785 205.369234
937.332072 496.701437 143.089716 205.802501
936.670449 497.386568 143.247573 205.012604
936.456518 496.754450 142.938311 205.097596
935.968857 495.841943 143.138123 206.161191
935.613999 494.756202 142.513079 206.990241
935.283086 493.189982 142.759398 207.955790
934.771112 492.384541 143.109528 207.601446
933.805465 492.517409 143.124723 206.669268
932.737872 491.540419 143.619803 208.457498
932.179694 491.514097 143.237971 207.966548
933.085782 490.449720 141.682138 207.881966
931.850287 488.397210 141.826704 206.960172
931.452018 489.107054 142.254687 205.691463
931.000310 489.958469 142.945172 203.750045
929.326888 487.869896 143.549934 205.348716
929.397753 488.988786 144.581018 204.456996
928.496753 487.098054 143.633665 206.375956
928.373453 487.650644 143.617442 204.343490
928.241537 486.701436 142.865461 205.503763
928.270175 486.754443 142.438971 204.104423
927.598621 484.286238 141.488008 206.185815
926.663261 485.466432 142.841570 205.288609
926.422486 484.841920 142.135731 207.567266
926.244273 482.624557 141.007165 208.635860
925.007553 482.398020 142.478582 205.603628
924.104337 481.841926 143.202745 206.461446
923.850295 481.390201 142.792490 207.506900
924.041585 482.164820 141.817101 206.675983
923.757814 481.204344 142.160234 206.647702
923.307397 481.193732 142.140454 204.764196
922.897807 480.294597 141.848230 205.121654
922.084937 479.998277 141.803815 205.111750
921.897799 479.490144 140.990945 202.897664
921.066324 478.610353 142.081173 203.027185
920.136299 478.424596 142.279800 204.685022
920.698551 477.011656 140.423338 206.098356
919.357288 477.138376 140.989479 204.277890
919.238009 476.102166 140.391075 205.661011
918.945930 475.593486 139.723746 205.123301
918.039564 475.591942 140.369195 204.820907
917.883340 475.172821 140.048801 204.645258
916.770214 473.837945 140.947514 205.135079
916.636312 473.366268 140.516425 203.714133
915.886804 472.961538 141.092623 204.011469
915.526348 472.172814 140.637584 204.348672
914.318186 471.312715 141.709425 204.604343
913.960506 471.344091 141.793626 203.426030
913.794361 468.975021 137.545537 203.291445
912.773677 468.181089 139.059280 203.946231
911.894348 468.185608 139.419222 202.943901
911.408280 468.248288 138.920990 202.331976
911.051442 468.268744 138.382427 202.408650
910.914120 467.320449 138.224856 203.944249
910.711504 467.139484 137.712129 203.048353
909.641651 466.809732 138.285699 204.005813
909.022993 465.860224 138.306289 203.916638
908.496530 465.695554 138.222414 203.081320
908.051466 465.299243 138.919380 202.204356
907.876483 465.268745 138.023202 202.114375
907.244212 464.320444 138.158602 202.182054
906.992906 464.565171 137.554833 201.620277
906.371275 463.759271 138.192715 201.741012
906.254804 463.524968 137.672524 201.136423
905.449376 463.509817 138.284079 200.732087
904.758889 462.131839 137.891699 202.207423
904.428683 462.487347 137.650906 200.855091
903.964296 461.685507 137.712475 202.043882
903.594971 460.482606 136.899681 202.373041
902.711871 460.724552 137.489765 201.262731
902.661538 459.961117 137.166773 201.280789
902.314070 459.610136 137.362701 201.275788
901.624535 458.685508 137.350009 202.141563
901.022254 459.135176 137.552594 201.438493
900.449379 458.270581 136.846753 201.874013
900.405480 457.409091 136.947829 200.959179
899.916270 456.984383 137.159806 201.642721
899.401161 457.098589 137.124253 200.948741
899.263229 456.610135 136.888464 200.789623
898.567016 455.570684 137.660380 201.764244
898.022225 456.135170 137.174612 200.559728
897.864909 455.633812 136.912881 200.664562
897.431518 454.846704 137.119358 200.711751
896.654561 455.350110 137.497137 199.499101
896.169738 454.693880 137.835531 198.991968
895.859726 453.966625 137.619851 199.877553
895.778534 452.846687 137.302660 200.711751
895.226861 452.669791 137.601448 200.762474
894.876487 453.158027 137.346906 200.047670
895.380226 454.402678 136.776939 197.833322
895.183316 453.802336 136.965273 198.321037
895.698828 453.560303 135.599087 198.018552
895.848665 452.421054 135.870872 198.886149
895.701696 452.560305 135.097862 197.826909
896.124546 451.964924 134.992686 197.959213
896.109438 451.478672 135.183321 197.797889
896.619575 451.556727 134.226222 198.159129
897.058310 450.448791 133.857252 198.180203
896.821934 451.338179 133.971462 196.004988
896.974474 450.643557 133.712043 196.506678
896.876632 450.777377 133.707764 195.708499
897.078210 450.024710 133.823079 195.341403
897.845093 448.890477 133.231156 195.664257
897.762148 447.731697 133.239963 195.987432
897.153604 448.619965 133.636805 195.357182
897.679047 447.807985 133.397201 195.476947
898.585362 446.731703 132.713700 195.799312
898.679041 446.323561 132.879186 196.354709
899.991786 445.351532 131.566441 195.450083
899.833646 445.537737 131.953821 195.570950
900.788161 444.953343 131.334696 195.388043
901.093878 444.921311 131.312170 196.296309
900.729109 443.830838 132.320025 197.008452
900.410253 444.559636 132.749089 195.562467
900.610840 443.652429 132.419962 195.607756
900.714544 443.189756 133.010033 195.447310
900.779117 442.989703 133.547150 195.119729
902.347474 441.921479 132.275069 195.809912
902.528282 442.239665 132.724046 194.561288
903.383587 441.355410 132.479313 195.174187
903.398557 440.571542 132.576915 195.323527
903.128796 440.372687 133.595761 194.805030
903.857605 440.122345 133.509377 194.514715
904.113467 438.787048 133.509064 195.661461
904.428964 438.692878 134.018915 195.429232
905.410281 437.890477 133.714690 194.911124
906.339845 437.590646 132.959217 195.235196
907.184727 437.457210 132.289524 195.179857
907.232476 436.571546 133.111845 195.229417
908.021436 436.055698 133.196185 195.110398
908.528304 435.856876 132.871960 194.215239
909.329547 434.871636 133.078914 194.166037
910.383579 434.670336 131.960714 194.776241
911.612871 432.462984 130.869484 196.999319
912.350494 433.239657 131.521840 196.169017
912.814742 431.042372 130.809717 197.011905
913.108600 432.021499 131.763728 196.212545
913.946627 430.627778 131.925694 196.738635
914.093095 430.540132 132.170337 195.179010
914.564139 429.751653 132.706286 195.777940
915.748330 430.122339 133.072416 194.987099
917.430852 429.590632 131.811989 195.046421
918.225825 428.065744 131.738042 196.098024
918.293390 428.902814 131.988947 193.710100
919.423897 427.569832 131.778419 193.894806
919.802228 427.748617 132.280850 194.315691
920.493720 427.005248 132.174745 194.125942
921.663334 425.514729 131.845911 194.317078
922.824828 425.715209 131.389058 192.955881
922.342355 424.856040 132.756413 194.532940
923.868691 424.622440 131.623511 193.594654
924.375727 424.616779 132.890938 193.413851
924.682978 424.451362 132.974221 192.659697
925.366132 423.967970 133.058563 193.617196
926.493743 423.404900 132.544111 193.632771
927.011994 422.788310 132.645210 193.695885
928.338762 422.451380 132.540810 193.875838
928.434799 422.186756 133.222409 193.577941
928.916607 421.404907 133.566137 192.979798
929.434801 421.593154 133.742049 192.257684
930.035973 420.967961 133.537235 193.336278
931.164811 420.404911 132.799050 192.886778
931.966762 420.099979 133.225572 192.737200
933.093898 419.583397 132.415371 193.181294
933.471461 420.149056 133.275727 191.688142
934.485358 419.265613 132.880569 192.091771
935.072923 418.921752 133.218895 193.022688
936.012012 418.451372 132.497262 191.638388
936.259011 417.914423 133.503246 191.518375
937.567442 418.185633 133.095139 191.284208
938.175520 417.830181 133.217541 191.903883
939.619460 416.616787 132.572911 193.226667
939.703585 417.279314 133.795258 191.651145
939.803295 417.409380 134.166280 190.498180
940.906958 417.052368 133.829928 190.748938
941.656978 416.569544 134.154307 191.141112
942.884578 415.880225 133.605571 191.845139
943.884577 415.796056 133.904240 191.767090
944.452816 415.626115 134.417942 191.652566
945.018324 415.502042 134.456543 191.329772
945.786901 415.279308 134.382388 191.651145
946.870046 414.757133 133.628794 192.547108
948.011992 414.887955 133.537521 191.949229
948.138498 415.149042 134.351646 190.758513
949.054905 415.185635 134.360692 190.632590
949.489644 415.055990 134.843689 191.227334
950.620140 414.632506 134.474436 191.385419
950.522541 414.798360 135.422741 191.038832
951.344702 413.978308 135.130180 191.760536
951.826667 415.023857 135.626696 190.360847
953.351800 414.279317 134.796898 191.185331
954.284982 414.149050 134.884311 191.501736
955.351804 413.892814 134.496910 191.684783
956.434810 413.892814 134.488815 191.125109
956.719111 413.011646 135.219317 192.178553
957.308773 413.338887 135.149943 191.784912
958.332691 413.246404 135.345941 192.259444
958.960163 413.076978 134.952776 191.860406
959.833611 413.376468 134.844996 190.729300
960.786877 412.626117 134.831680 191.745525
961.164593 412.502036 135.213827 191.515885
961.826676 412.246408 135.028298 191.697799
962.332677 413.152759 135.345941 191.071980
962.486554 413.022677 135.742037 191.088389
963.667223 412.855030 135.614534 190.879590
964.850756 413.022677 135.222836 190.437661
965.381076 412.927644 135.632243 191.657518
966.308782 412.599996 135.449154 192.271876
967.797624 412.822930 134.865057 191.573663
967.833525 412.502036 135.268853 192.169060
968.814726 412.208024 135.093189 192.476496
968.615907 410.489036 135.672022 193.914880
969.827743 412.186772 135.724542 193.314762
970.153606 412.003494 135.795334 193.621556
971.226577 411.883097 135.930497 193.860545
972.313481 411.310753 135.338680 193.386528
972.755782 412.183009 135.965430 194.430382
973.541379 412.721518 136.144651 194.127787
974.372894 412.984229 136.388968 193.675873
975.203846 413.367916 136.406416 193.362250
976.058650 414.022226 136.706196 192.896498
977.323005 413.751632 136.078169 192.674866
977.415841 414.183008 137.061681 193.480275
979.108255 413.811188 136.030706 193.269914
979.983639 414.276249 136.568646 193.372941
980.210383 413.840918 137.402205 193.700926
981.261730 414.216826 137.561822 193.169306
982.517157 414.469464 137.382681 192.893707
983.004535 415.027207 137.605734 192.727446
984.709304 414.852975 136.356458 192.958637
985.491831 414.619967 136.895765 192.900218
986.551413 414.630239 137.442241 193.382864
987.432169 414.862040 137.697040 192.972331
987.541187 413.546479 138.644061 193.440779
989.142638 415.098817 137.968427 192.390176
990.004530 414.852975 138.289740 193.429440
990.971412 415.309297 138.292939 194.007138
992.540429 415.135849 137.869793 193.503820
994.000217 415.608228 137.811555 193.725650
995.142630 415.560536 137.891895 194.773348
995.852414 415.886209 138.239535 193.870003
997.057095 416.177853 138.745457 194.043821
998.788472 416.281157 138.150070 194.043376
999.540429 416.795114 138.483466 193.032863
1000.540773 416.692181 139.107715 193.034064
1001.971420 416.795114 138.216272 193.221400
1002.713442 416.428676 138.704409 194.525379
1002.609431 416.240392 139.007780 194.066413
1002.105754 417.421699 140.447170 193.169307
1002.779171 417.777649 139.831306 192.135476
1001.667967 416.252077 140.798951 193.743055
1001.507038 418.046863 140.544212 192.576104
1000.694450 417.898639 140.849338 193.502851
998.521283 416.550205 141.089340 194.952035
997.390130 418.116038 141.332401 194.757059
995.168031 416.696289 141.161953 195.150588
993.032415 417.293975 141.679686 194.692877
990.860555 418.992399 143.158744 192.899096
987.889351 418.029676 142.020035 194.006585
985.436891 419.375564 142.142253 192.871187
981.320108 419.751088 142.602413 191.977990
978.602055 419.227276 142.776530 192.878652
973.969911 418.409808 142.421444 195.027414
970.425045 419.283455 144.558452 193.018370
966.569628 419.545312 144.885237 193.326138
961.854092 419.902622 145.520215 192.946787
957.084630 418.848850 145.310291 194.000560
953.620475 419.661407 145.941908 193.618394
949.267678 419.090388 144.819019 194.329283
946.206571 419.748478 146.285685 193.480721
942.217018 419.726099 147.025823 193.501916
938.343825 419.331881 145.711213 195.043808
934.576721 418.761011 145.682967 195.491141
931.780703 419.178498 146.226494 194.524803
929.229038 419.215156 145.997253 194.516066
927.342210 420.118484 146.984522 193.395615
925.471411 420.379100 146.366451 193.326031
924.017417 419.181936 146.165034 194.785029
924.138659 420.227187 145.820969 193.571818
923.510894 420.237182 146.313957 193.443980
924.073258 420.760011 145.830756 193.302376
924.473405 421.010324 145.453413 192.933638
924.428792 421.033456 145.969487 192.815953
925.175857 420.354245 145.758350 193.115483
925.310440 419.997302 145.681498 194.734215
925.970063 420.857073 145.865662 193.752489
925.886436 421.105973 145.938430 193.479995
926.352359 421.368198 145.551670 193.217770
927.118425 420.997301 144.808392 193.399512
927.724425 421.554809 145.387929 192.864699
928.172844 421.782817 145.146391 192.424268
927.972267 420.360665 145.618335 193.562645
928.786920 421.661407 146.022920 192.948971
928.199179 420.469637 145.774099 193.264236
928.194699 421.690285 147.567373 193.232899
928.765136 421.737941 147.230631 193.036718
929.329980 420.405066 147.050845 192.929656
929.540123 420.105977 147.137643 192.720881
930.630041 420.768562 147.110800 192.554783
930.792768 421.150060 146.826433 192.340815
930.741534 420.354245 146.634387 192.642821
931.352329 420.791026 146.586211 192.247981
930.639437 419.865674 146.517702 192.868199
930.792768 420.401550 146.906198 192.637456
930.227601 420.237182 147.630988 192.968724
929.820442 420.083983 147.536577 193.214674
929.246088 419.952577 147.396647 192.871608
928.915612 419.726099 148.400851 192.836506
927.958223 419.966224 148.370281 192.498470
926.860027 419.737943 149.536808 193.036718
926.419353 419.956174 149.287906 192.334827
925.736724 419.846837 149.636764 192.353426
925.320602 419.324893 149.259709 192.495537
924.542478 419.206269 149.911434 192.539458
923.803413 417.893529 149.253619 193.282316
923.320579 418.725756 149.581116 193.166315
922.710834 418.435111 149.236760 192.760654
922.223721 418.206269 149.436814 192.254261
920.598382 417.193890 149.851258 193.101466
920.314698 416.794337 150.100934 192.946358
919.255468 417.186015 150.585389 191.984258
918.737025 417.603036 150.245208 191.783202
918.371686 416.289432 150.114485 192.413215
917.147673 417.113307 150.995719 192.013555
916.417721 416.696029 150.620581 192.214450
916.192904 415.647524 150.421717 192.410506
914.763266 415.173378 151.460093 192.073629
914.221016 415.065981 151.221282 191.269161
913.634995 414.826220 152.090634 191.515415
912.915435 414.545813 151.812112 191.599990
912.412325 414.316152 151.882459 191.475001
912.319443 414.065984 151.935024 191.838587
911.806953 413.676150 151.569064 191.469655
911.319460 413.575864 151.528208 191.215294
910.238913 413.344866 152.568191 191.091387
909.701806 412.676153 152.365184 191.658995
908.715490 412.556297 153.312607 191.702266
908.875879 412.017350 153.065880 192.900914
907.451834 412.389580 154.217886 192.233822
906.754636 411.738101 153.997147 193.076394
906.828981 411.720792 153.969167 192.606690
906.444193 411.229359 153.179929 193.128389
905.644513 410.738106 154.294271 191.649377
905.355754 410.519255 153.889704 190.490047
904.801643 410.434758 154.000824 190.514045
904.087876 410.305642 154.654177 190.171067
903.677092 409.796252 154.593769 190.317372
903.087851 409.692447 154.325348 189.878594
901.990273 409.202024 154.566478 190.487369
901.677060 408.796259 154.841173 190.695490
900.862057 408.416204 154.937421 190.902716
899.225705 408.287091 155.690363 191.697617
898.816820 407.993345 156.593171 191.495189
897.456049 407.614511 157.149476 192.948341
897.243040 407.803657 156.638387 193.158824
896.755183 407.542264 156.459628 192.653609
896.988797 406.949313 155.504710 191.973544
896.206120 406.733818 155.128590 192.997604
895.204531 407.095514 155.566847 191.364335
894.737817 406.760571 155.697795 189.860056
894.148460 406.545126 155.239486 189.922135
892.762399 405.925398 156.418133 190.850564
892.410353 405.889647 156.331627 189.542596
891.739520 405.549692 155.505949 190.978307
889.915399 405.784390 156.825759 190.145219
889.512194 405.403953 157.703924 190.447394
889.078721 404.872791 157.025056 191.252948
888.078710 404.872791 158.111764 191.826071
886.611553 404.841157 160.263947 194.055317
886.856548 404.194249 159.007314 192.044199
886.913705 404.438894 158.278540 191.456021
886.753317 404.477629 158.867673 191.177206
886.206134 404.194215 158.259347 191.334131
885.650392 403.571805 158.632067 191.320996
885.547276 403.969949 158.650736 191.225925
884.716221 403.841162 158.556393 190.402015
884.361281 404.134693 159.201369 189.108519
884.049773 404.152411 159.512876 189.402393
883.226366 403.750557 159.865537 189.965895
881.768199 403.226942 160.852770 190.968924
881.467427 403.325981 161.292270 190.648920
880.729501 403.325981 161.176096 191.993841
880.624250 403.540796 160.439998 192.377789
880.970236 403.398853 160.675600 194.042203
879.379047 402.424252 160.964810 190.743684
879.046766 403.216287 161.285148 190.985139
879.062616 403.453918 161.483585 189.472900
878.661727 404.105090 161.568834 189.218044
878.026516 404.231874 161.776597 187.954445
878.085728 404.762444 162.070183 188.035325
877.511576 404.878153 161.808073 189.222162
877.661729 404.340244 162.169734 188.469098
877.267500 403.723542 162.140950 188.935385
877.344901 404.231874 162.400602 188.332378
876.920062 404.231874 162.224877 189.567603
875.948076 403.576534 162.794473 190.191152
876.201786 404.203545 163.092464 189.086401
874.935719 404.090648 164.386343 190.747442
875.528375 403.773826 164.228633 192.884133
875.388900 403.975980 164.219705 191.905523
874.975395 404.403282 164.577408 190.211418
874.822637 404.924304 164.754008 187.526084
874.857592 404.596464 164.949574 188.805843
874.684307 405.327419 164.581295 188.405873
874.534747 405.582514 164.750327 187.757748
874.318620 405.596463 164.532949 187.951058
874.318620 405.329596 164.187261 188.851322
874.455894 405.330056 164.619708 190.107645
873.958913 405.287152 165.008722 189.869879
873.775826 405.287152 165.766963 190.060754
874.297781 406.165873 165.742366 189.832432
873.833872 405.781223 166.062913 191.063340
873.092630 406.136532 167.005465 191.805190
873.405377 405.201279 166.313667 193.450979
873.483804 406.483851 166.960867 193.903951
873.324564 406.810143 166.764015 194.112826
874.008843 407.053881 166.579748 192.970829
873.773887 407.581919 167.320055 190.736088
872.959112 407.509341 168.072250 191.896303
874.098915 408.998036 167.706440 190.200442
874.366676 408.886964 168.322793 191.013163
873.853820 408.860161 168.623321 191.072847
874.119098 409.744585 168.686258 190.453896
874.075298 410.122091 169.112269 191.216813
873.951297 409.961124 169.650583 192.257267
874.257132 410.594985 169.637217 191.889909
874.542717 410.953211 169.644169 192.046594
875.146957 411.081957 169.927092 192.500152
874.864950 411.715175 170.108792 192.915897
875.124618 411.405738 170.188077 193.881414
875.459471 412.564770 170.996313 193.674793
875.171395 413.043369 171.902324 194.365862
876.266224 413.389601 172.008869 194.499847
876.599773 414.147493 171.491471 194.867269
875.751750 415.553726 172.541301 193.041418
876.497783 416.312810 172.357199 191.966361
876.111869 415.919546 172.796483 192.174242
875.761060 416.956486 173.202631 191.838921
876.553803 416.943546 172.137806 192.582264
875.874843 417.574261 173.179676 192.221150
875.988476 418.568537 172.884439 192.394165
876.666291 418.540800 172.843258 193.421903
876.474523 419.425178 173.070764 192.876220
876.256318 419.296454 173.689777 193.592989
876.805223 419.918588 173.707709 193.770867
876.092138 420.143586 174.415680 194.250568
876.457777 421.043329 174.292947 193.615468
876.848350 421.545104 175.205021 193.678462
876.465542 421.897759 175.260931 195.881809
876.868337 422.893225 175.317939 195.723525
877.826339 423.504767 175.111564 195.514393
877.988711 424.264823 175.052779 194.824213
877.227316 424.895198 176.380149 194.067737
878.216213 426.165735 176.031022 193.527487
878.423375 427.168353 176.769305 192.573277
877.913695 426.897754 177.814626 193.703783
878.718471 427.392444 177.956264 194.069494
879.447230 428.790711 177.567394 193.500175
879.756056 429.536593 177.367227 194.283867
881.022431 430.650331 178.024288 193.515627
881.136587 430.650331 177.884930 194.504514
882.519653 431.132768 177.677859 193.702663
882.071499 432.305103 178.732671 193.342121
883.749967 432.655976 177.912412 194.385036
883.282796 433.132768 179.669777 194.690245
884.472453 432.982755 179.587183 196.731830
885.349603 434.504394 179.910198 196.740006
885.883513 435.355332 180.186321 197.521569
886.412257 437.007033 180.424019 197.235856
887.146181 438.249091 180.595494 196.114700
887.441279 438.745839 181.059349 195.426814
888.766523 440.034285 181.160302 194.537606
888.967944 440.777265 181.860807 195.332791
889.703341 440.856358 181.798538 195.946491
890.321287 441.357542 182.375364 196.576059
890.964137 442.381569 182.305194 197.353467
891.820005 443.623852 182.934625 197.034972
892.963815 444.080362 182.547312 197.805788
893.819719 442.856276 182.120425 199.056035
894.226219 444.347374 182.955233 197.901101
894.845032 445.478278 183.485843 197.972645
894.660026 446.084985 184.329308 198.264694
895.988599 447.377015 184.692598 197.966882
897.702308 446.103296 183.687488 201.688225
897.411730 448.349719 184.630135 200.808262
898.396095 450.743316 184.556523 201.138385
899.396062 451.157752 185.529776 202.000229
900.523524 453.496936 185.399053 200.879658
899.451416 455.357456 187.913760 199.419236
901.419288 456.496945 186.666018 199.642767
901.327963 457.325983 188.037215 200.743037
901.842024 458.879049 187.453443 199.842780
902.445552 459.041731 187.836353 200.483254
902.358404 461.160624 188.052733 198.996961
902.502964 461.223915 188.535830 200.448737
903.700525 461.955237 188.764312 201.591648
904.597887 463.071852 189.040079 201.953330
904.532636 465.524977 189.728616 200.646672
905.229726 464.864451 188.798007 203.057234
906.453983 465.942920 188.931187 201.945099
906.153916 466.827207 189.611208 201.850440
907.192365 468.593201 190.205894 201.617503
908.572672 470.068390 190.448509 201.772699
909.953073 470.930514 189.045887 202.815578
911.062977 473.068395 188.817047 202.322090
911.124529 473.480446 190.016373 204.615100
913.145212 474.077313 188.842355 204.640537
912.823565 474.645730 189.667332 204.499783
914.762706 476.729775 190.394670 204.232973
914.582032 478.008999 191.152583 204.536836
916.124293 477.402387 190.743852 206.266742
916.674282 478.245372 191.039228 206.735291
918.341489 480.341296 189.866107 207.173893
918.918820 480.957458 191.104350 208.382661
919.692314 482.087665 192.423338 208.135468
920.460608 483.925068 192.709990 206.391269
921.317956 485.671310 191.787678 205.860412
923.042749 486.790751 191.914822 205.796984
925.042772 487.110310 190.400856 206.161007
926.183172 489.325261 189.656263 204.466570
927.506010 489.049244 190.612555 206.332078
928.663593 491.284655 190.686868 205.137879
929.029413 491.434242 191.932117 207.158844
930.694331 492.635371 191.739354 208.227811
931.704199 492.907188 191.946309 208.947459
934.071745 495.025074 190.720019 207.772345
936.637266 495.380608 189.957471 208.792010
938.171748 497.070521 190.236193 208.955116
939.188645 497.889330 190.113922 209.662095
940.554942 498.212507 189.568137 209.748756
941.435632 499.536526 189.766837 209.433636
944.262572 500.611932 188.843066 209.298982
945.648539 502.699491 189.315742 208.479844
947.161366 504.053848 188.901391 208.492914
948.638963 504.778365 187.984855 209.408609
951.082602 506.545718 186.939662 209.542663
952.235190 507.346940 187.546788 209.679931
954.348296 508.778369 186.895218 208.874890
956.570690 510.980736 185.798324 207.566307
958.647846 510.882647 185.808675 209.131302
959.467909 511.684181 186.578387 211.152058
961.824672 512.667745 186.418840 210.733254
963.705837 512.966501 186.836738 211.755985
964.877998 514.685275 187.205878 211.197823
967.328880 517.070512 186.334959 209.920104
969.549903 516.949078 185.438217 210.651468
971.431325 517.299586 185.161532 212.915763
973.541425 518.896694 184.451214 212.429265
975.615095 520.650749 183.327383 211.769337
977.718404 522.266090 183.047756 211.570160
979.215294 523.338038 183.226975 211.862494
980.132856 524.000005 184.025968 212.299946
981.053740 524.808116 184.566140 213.259027
982.565791 525.484768 184.611807 212.657045
983.824650 527.387920 184.833896 211.441816
985.312600 528.230387 184.591094 211.974597
986.935210 528.241961 184.487984 213.825182
988.070044 528.851751 185.120406 214.326018
988.647157 530.155261 186.086572 216.040011
990.713366 532.082689 184.815714 214.073390
992.306084 531.415913 184.983338 217.285128
993.010567 533.074997 186.406350 217.174687
994.288792 534.087805 186.282538 218.104856
995.555920 535.110833 186.432996 218.244259
996.702677 536.544356 187.102790 218.806346
997.134539 537.989501 187.124887 219.636110
998.126169 539.868705 187.146823 218.920548
998.740235 541.935270 186.916903 218.328499
998.755029 542.407802 186.877940 219.773480
999.126143 544.591381 187.846539 217.976468
999.506027 545.646339 187.834086 218.506771
1000.012812 547.158437 187.743994 218.077802
1000.506033 547.989503 188.633692 218.527525
1001.391037 549.525980 188.600207 218.345719
1000.302839 551.677421 190.186286 217.526281
1001.797314 552.839945 189.630028 218.413515
1001.566991 553.239149 190.255771 220.125229
1002.231122 556.121413 190.472776 219.541464
1002.475185 556.438837 190.915284 220.803161
1002.876532 559.286561 190.756603 218.301013
1001.932371 561.321910 191.982098 217.444936
1002.343968 560.632099 192.748617 220.305523
1002.279317 562.135353 194.039352 220.613941
1001.286086 564.282881 195.887456 219.820761
1001.562425 566.007644 195.951033 219.693926
1001.304226 566.919953 195.590460 220.526847
1001.561303 569.129513 197.089087 220.591284
1002.349886 571.952856 196.741126 218.922551
1001.553073 574.260908 197.911439 218.277212
1002.046348 575.379050 197.189069 219.228568
1001.255875 577.702887 199.117474 218.380857
999.690985 578.890016 200.920709 218.833957
999.538312 580.981913 200.549974 218.607282
998.628304 582.261030 201.786060 219.607402
998.944318 583.514813 201.422795 221.270931
997.397853 585.584219 202.918976 220.993689
997.494457 588.090665 203.122683 220.523643
995.965289 589.064056 203.970546 222.049758
993.857795 590.986442 205.919587 222.317628
993.161988 592.610702 207.037664 221.432972
992.612531 593.934883 208.234826 222.154968
992.233207 595.303608 207.318967 221.854270
991.092489 595.228797 209.757714 222.810763
990.081056 594.797834 210.516407 223.486369
988.791655 594.186738 211.231039 223.906345
987.120667 594.028215 213.791422 223.167309
985.885729 593.442483 213.055680 223.085781
983.726897 591.633129 215.318825 224.014298
982.269507 589.733949 215.952384 225.302206
982.164825 588.841537 215.723410 224.876472
980.396678 587.569571 216.912372 224.091028
978.917756 586.517764 218.584123 223.685022
976.130953 584.415891 220.902212 224.672142
975.119463 580.952089 220.858239 226.953156
974.180360 579.010534 222.279057 227.021490
974.227462 576.750362 221.447839 227.483142
972.366876 574.866570 222.457796 226.608120
972.079946 572.748472 223.087313 227.829862
969.484473 570.489461 224.337101 227.365555
967.686806 568.000743 226.109747 226.986526
966.435285 565.738151 228.244068 227.555008
963.051326 563.938640 232.029516 225.114298
962.880478 561.833577 231.787739 225.051739
962.197942 559.310971 232.081254 223.633956
960.457175 556.959490 232.694666 223.258434
958.828315 554.239071 233.565097 222.726289
957.708340 550.667937 234.304263 223.939413
955.959020 550.330237 233.877204 221.631683
953.893288 546.051979 236.426767 222.791941
952.335412 542.888884 236.446591 223.140432
951.191407 540.686910 236.842122 223.188221
949.339910 536.933061 237.224794 223.741615
947.078913 534.815709 238.839663 223.332951
945.450264 530.796869 239.408799 225.101876
943.665706 526.882512 239.858314 225.668198
941.662984 524.667378 241.910339 224.541150
940.276235 521.554966 242.713669 225.591695
938.257406 518.505946 243.939608 226.149086
935.474818 514.233167 246.724091 226.266708
934.822340 511.777538 246.809060 227.595397
932.921090 510.174335 246.961579 226.156048
930.423744 507.578594 250.699968 226.025139
929.375345 505.626311 251.164905 225.393065
925.933519 502.994332 254.611345 226.072805
925.184647 497.379296 254.582727 229.002448
924.531925 494.522340 254.635914 229.686323
921.687154 492.555873 256.434731 228.607190
919.183854 489.039216 258.441165 230.448113
918.425980 486.404636 259.775352 230.853074
916.604384 483.974628 259.591141 230.394549
914.576980 481.644503 262.588826 229.305560
913.939111 480.646498 261.034415 228.657209
911.381393 479.209105 264.664855 227.510201
909.838594 476.615483 263.633734 227.896963
909.939115 474.437947 266.157292 227.720777
908.259501 471.473242 264.411845 228.907333
906.567208 470.116924 267.176416 227.589050
905.794483 468.126737 267.495145 227.370647
903.674090 466.004568 267.823699 227.348426
901.674075 463.997931 271.972919 227.112071
901.259333 461.801294 270.380791 227.628201
899.305859 460.520777 272.332222 227.849134
898.029607 457.462682 273.516537 229.045874
898.762042 455.859936 272.595930 230.920265
897.394517 454.382426 273.867254 230.437029
897.307579 453.013584 273.222878 231.011877
896.534221 452.136856 275.105395 231.037549
895.797263 451.662828 275.456347 230.667485
894.797240 450.046438 278.060050 231.882217
894.478041 449.114343 277.405888 232.060104
893.895434 450.334082 279.046775 232.723518
893.434003 450.401855 279.186509 233.889090
895.717013 451.536221 278.619182 233.136864
894.230783 453.253069 281.260219 233.422363
893.687921 453.499131 281.299633 235.785070
893.913123 455.657597 282.970657 236.253479
892.526346 457.589661 283.237163 237.033217
893.239589 458.038848 284.469630 238.247351
894.701446 460.389550 282.905091 237.482245
891.898332 462.432840 286.293568 237.563795
892.362276 463.926769 285.648437 238.153041
892.504841 466.742486 286.278948 237.195949
891.855587 466.914907 286.904214 239.163328
891.176395 468.839792 286.860153 238.908072
889.599879 470.419288 289.369876 239.264124
890.288987 471.965334 288.671229 239.715124
888.904504 472.402684 290.418700 241.283728
888.314174 475.765518 292.059114 239.746540
887.294355 476.951468 292.487938 240.575480
886.819579 479.351369 292.873756 240.770418
888.220721 480.326873 291.901177 240.999896
885.992233 481.763743 294.064076 240.588410
885.613847 481.680344 295.181911 242.249846
885.671096 482.331285 295.153493 242.216941
885.130116 483.302416 296.456073 243.214642
887.471853 483.537818 295.715780 245.109819
888.245914 487.236215 297.452622 243.221130
894.973532 488.830172 291.681689 245.986225
897.026804 491.953025 292.999560 246.243085
902.583222 495.301599 291.982822 243.585902
902.072255 497.903417 296.204388 245.326101
908.860574 498.233034 293.110852 246.014169
907.317645 501.126218 298.230925 246.291849
914.421444 501.001008 294.133028 247.558401
912.345116 504.239572 299.630798 246.049679
919.095894 504.996983 295.171442 248.472187
918.028040 507.818500 299.660349 248.787037
922.409113 509.266542 298.075488 248.812112
922.465337 512.277044 301.926882 248.279784
926.033478 512.555070 300.367762 250.310885
928.547922 513.653450 301.947026 250.872949
928.982640 517.147137 302.806081 249.408127
932.795144 517.839639 302.201989 251.018645
933.734160 522.066968 303.085696 250.144938
936.333638 522.280127 303.734095 251.031673
936.772681 524.348635 305.378413 252.712949
940.641350 525.823787 302.730475 252.139223
940.772671 528.497294 305.170403 251.502802
945.436590 528.556646 303.108564 252.362421
944.893739 530.739403 304.876695 252.973264
947.589432 531.463427 304.824460 253.361717
947.682781 534.018921 306.119254 252.957452
951.524979 534.576024 303.747839 254.064554
951.166860 537.790274 307.456361 252.306092
953.627153 538.849913 305.866313 252.813140
954.987028 541.011643 305.400629 252.951552
955.926606 540.236315 308.595422 252.740740
957.501556 543.481971 307.696826 253.027874
958.900437 542.459178 308.973608 253.878942
960.722605 545.363678 308.446343 253.112030
962.324021 546.897422 308.350380 253.073422
963.042328 547.996602 308.783714 253.402066
963.769040 548.518647 309.965204 253.573580
965.166720 548.103883 308.801830 254.709118
966.569621 548.652806 308.599309 255.975127
966.585781 550.521543 310.919608 256.005587
969.807898 550.650236 309.251496 254.920947
968.986946 551.750874 311.248024 254.837882
971.370142 552.815863 309.416549 254.334540
971.242679 551.901043 310.774938 255.926817
972.502913 553.216714 310.921744 255.471462
971.331260 552.000349 313.940349 255.876041
974.848858 553.490160 310.828539 254.931149
974.693906 555.236336 311.665682 254.357004
974.125025 553.639109 314.145916 255.461988
977.694962 555.375593 309.922173 254.170958
975.433600 554.050394 314.493001 254.952818
978.867670 554.306407 310.746713 255.180701
976.828541 554.318979 313.531045 255.280930
980.175614 554.714756 310.015366 255.559679
978.140399 554.864301 314.278447 255.349781
981.848839 554.984059 309.768297 256.313356
979.813656 554.728707 313.819253 255.318431
982.713485 557.257835 310.266286 254.382813
980.326114 555.548529 315.027079 255.559744
980.852854 555.274654 315.528240 254.869512
983.049237 556.450837 312.205315 255.602859
982.366904 554.590257 313.122287 256.520954
983.995687 556.191170 311.832830 254.934976
982.550859 554.728707 314.933251 255.819957
984.879009 556.584081 312.861821 254.951255
983.898757 554.996423 313.801756 255.945667
985.219279 555.521505 312.609238 256.636040
984.921763 555.129425 315.614093 256.233008
984.949675 555.005510 315.429119 255.855703
985.997283 553.774167 316.097072 256.920433
986.145280 553.921924 315.721464 256.886443
986.145280 553.648408 316.361988 257.159959
986.027210 553.926644 316.542427 257.110102
986.498764 552.825480 316.499651 257.480225
986.704311 553.931001 317.147589 256.998369
986.916734 553.106343 316.649913 257.256817
987.341656 551.869353 316.656758 257.657932
987.389599 552.159470 317.893340 257.313044
988.114400 552.713105 316.513972 257.155087
988.655751 550.911631 316.557481 257.672961
990.271987 552.396217 311.968893 257.371479
988.670437 550.772111 316.436024 258.097702
989.381627 551.857713 313.915132 257.562820
988.744870 550.638435 315.847489 257.166084
989.919170 551.994942 313.101109 256.326965
989.140467 550.225952 317.257838 257.356037
990.695817 551.585739 313.180561 256.521299
990.284258 550.500004 315.891189 256.415475
989.839019 549.413651 315.541359 257.887754
989.978980 549.279224 315.952501 257.404037
990.341654 549.417426 316.014178 257.154662
990.192753 548.594945 316.311719 257.582877
990.547026 548.600768 315.593745 257.691161
989.877525 547.224747 317.053945 258.840603
990.785497 547.516377 314.841741 258.446345
990.350191 545.987916 316.581278 259.628165
989.997172 547.655775 316.054036 257.515579
990.341654 545.294584 316.227980 258.983226
989.798671 545.875733 316.829672 258.786287
989.634609 545.600415 317.058636 257.381878
990.224343 545.728586 314.916873 257.753720
989.673352 544.642349 315.980562 257.365658
989.350204 543.958296 316.581278 257.818986
988.442949 543.001426 315.639180 257.869602
987.554755 542.177845 317.014881 257.350620
987.278695 541.357950 317.567150 257.599295
987.482607 540.672669 315.450086 257.665051
987.821958 539.187249 313.777157 258.651466
986.468811 538.776330 315.760179 258.722338
987.018680 536.988726 313.642175 260.160637
985.397064 536.713191 316.106533 259.076209
985.429633 536.851391 314.713857 257.519474
984.625977 535.928502 313.281827 258.274493
982.949671 535.519853 315.216997 257.999912
982.192775 535.913727 314.827501 256.515134
980.958762 534.700146 316.633571 257.803350
980.600979 534.813450 315.903653 257.716442
979.719782 534.547543 316.359028 256.913108
978.719795 534.405444 316.359028 257.782578
978.547033 533.860097 315.806560 257.140189
977.877519 534.405444 316.201277 256.089988
977.830805 533.591219 313.712733 256.527705
977.177504 533.497154 313.233960 255.842396
976.296940 532.560748 313.051122 255.224549
975.416773 532.288806 312.030022 255.496492
974.693087 532.152661 312.317150 254.638415
974.019400 530.583223 311.310531 255.659797
971.755476 530.297191 312.836093 255.479420
971.416804 529.860509 312.448108 255.152157
969.959757 529.471045 312.642353 254.831871
968.742509 528.372549 311.443715 254.964797
969.211624 527.419704 310.733964 254.433039
968.245719 526.277268 309.968765 255.202305
966.934673 525.853593 310.072928 254.821314
965.106242 524.634358 310.472344 255.041066
963.763021 525.276875 309.880284 253.130852
962.953142 524.337212 310.169271 253.311187
962.624658 524.288091 309.095623 252.250383
962.042113 523.665414 308.496769 251.026892
960.957437 522.682723 306.444545 251.671026
958.640037 523.510839 309.110358 249.668984
957.309496 522.948754 308.459123 248.943996
954.992130 522.445701 310.727425 247.201169
955.257132 520.611355 308.286841 249.180057
953.301522 520.179643 308.557172 247.831569
951.118300 520.047442 309.702586 246.040681
949.758793 518.811775 309.838292 246.619927
948.581725 518.074631 308.826103 245.752099
946.112783 518.770124 311.038292 242.676280
945.240903 517.017427 311.048774 243.290663
944.526179 516.533652 308.743656 243.131189
941.571266 516.887605 311.577604 241.370806
940.108770 515.884663 310.711105 241.103191
939.319508 514.144895 310.052423 241.716040
937.652760 513.447466 309.458242 240.674052
935.653386 512.149488 309.954520 240.425323
933.961843 510.121753 309.853083 241.946060
932.189826 507.368379 309.714575 242.454840
930.189812 504.207884 310.750811 244.782735
927.850975 504.232286 312.147599 243.426069
925.897899 502.351364 312.739743 243.717851
924.567186 501.470776 311.047013 243.001369
921.689817 500.713163 311.975889 242.192879
919.202674 499.958298 312.101766 241.499588
915.910581 498.913583 313.170796 241.000925
914.202639 497.872133 313.563555 239.792152
912.689847 496.522046 311.561523 239.722187
910.904223 495.266661 310.981831 239.768752
908.547122 493.397061 309.874373 239.752724
906.938334 492.682685 307.953950 239.068444
904.228765 491.524512 307.881996 237.541563
902.312119 489.612372 307.291731 238.243366
899.361688 488.706618 307.676647 237.388717
897.261653 485.839437 307.111961 239.504311
894.690140 484.987587 306.202549 237.764666
892.088581 484.822916 306.193434 236.055996
888.947466 484.062273 306.622698 235.592692
886.407077 482.073830 305.960578 236.319546
884.323634 481.521871 304.841953 234.917197
881.321471 479.950612 304.855535 233.845536
877.235493 481.441531 305.063748 230.055741
876.325869 477.199625 305.163154 231.352177
876.601170 473.733864 304.401320 232.264603
878.545117 471.903236 302.663321 232.771883
882.044162 469.500541 303.846955 233.393065
885.620573 465.968921 304.561359 234.283149
889.807392 466.000063 303.473558 232.946677
891.185217 463.270377 306.563497 232.852873
893.344729 461.988510 306.159152 232.053632
895.176434 461.927090 304.786584 229.246915
895.960067 461.431929 305.524466 230.009763
895.325895 461.578550 306.196431 232.680085
893.673232 464.184624 304.438944 232.815549
890.845716 467.162386 304.956958 233.197274
887.797109 468.952502 305.271122 234.068159
884.507992 471.265025 305.232304 233.609750
880.541626 476.994177 304.158871 231.915511
878.133449 476.974265 302.977442 233.252430
875.587095 477.099435 302.925656 234.195945
870.969719 478.585388 303.182687 230.878984
867.953665 474.703331 304.010068 234.217922
863.373439 476.524772 306.865826 230.984095
860.679163 473.312641 308.606402 231.809573
857.346261 472.510654 307.713609 232.557855
853.684264 472.299413 307.130855 231.365860
850.114819 473.771424 307.764095 229.743351
847.067383 475.070232 305.958963 229.024300
843.179930 477.078558 305.617099 229.624713
838.261559 481.901344 305.733902 227.209484
834.461524 485.200543 303.583168 226.704535
831.452942 489.541853 302.791955 227.404047
827.906052 494.956352 300.554505 225.708341
824.321661 497.014930 299.429783 224.009717
821.184324 497.395990 298.324221 224.573268
816.846617 499.825369 298.416524 224.219244
814.186026 499.806122 298.656504 224.958127
809.452087 504.069514 298.276953 223.576509
805.520844 504.452791 299.008754 223.243089
801.937692 506.538143 299.314520 222.260505
797.592367 509.864503 300.328976 222.989871
793.302254 510.811771 300.981952 223.642161
789.961140 512.915459 300.449746 224.942946
786.164215 515.078691 301.282831 224.665955
782.366939 517.177418 299.942486 224.903366
778.560393 519.340329 299.850504 223.748053
774.601902 522.379389 300.088191 222.394761
771.791063 522.555171 298.225824 225.036063
767.498808 524.382435 298.206987 223.305018
763.584321 525.392521 296.439733 222.981501
758.926360 526.977192 296.281333 222.795227
754.721595 528.810500 296.430507 221.647719
750.866925 530.093617 296.591844 222.155956
747.461849 531.404512 296.080290 222.387646
743.670517 532.134280 296.096830 221.364503
738.327215 535.032346 298.274630 219.537400
734.624392 536.038932 298.173880 220.677530
730.532305 537.753291 299.187135 220.059771
726.681293 538.186421 299.630828 220.941071
723.036690 539.086990 299.209112 221.771573
719.836849 539.099990 298.262284 221.971893
717.169886 538.124686 297.830328 223.404349
715.061983 538.112058 296.233410 222.259057
712.550445 538.664779 295.939197 220.258158
711.902855 537.849285 293.882049 219.965840
710.089941 538.549267 293.812606 220.177010
709.541945 537.727563 293.939005 220.513578
709.332710 536.114573 295.390026 221.020822
708.244145 535.224899 296.291594 220.743712
709.779882 534.078009 295.403152 222.369003
712.077636 532.788281 296.342474 223.905561
713.800373 532.195550 297.058442 223.628661
716.172404 531.379725 296.330831 224.826685
719.685652 530.684833 295.257766 225.328357
722.100645 530.405104 295.147244 225.946270
724.685671 530.197368 295.666652 225.381187
728.546708 530.517515 293.582508 225.073707
730.879871 529.498505 293.032026 226.769981
735.592576 529.043828 292.030157 226.737395
739.021631 528.922668 291.486948 226.710200
741.801594 528.405014 291.466871 227.418804
745.095229 528.193664 292.271221 226.995552
748.953136 528.346825 291.198501 226.208078
751.366396 529.134737 290.812017 225.368181
754.634952 528.367442 290.462151 225.944727
758.704183 528.247187 290.441102 226.363290
761.997649 528.150533 289.738224 225.522884
764.768500 527.523764 289.639196 226.342693
768.903836 527.428387 288.991892 227.441689
772.763249 526.945249 288.530000 228.529011
774.288883 527.307725 289.847505 227.562351
777.643472 527.212181 288.736703 228.226529
779.572615 527.186958 289.563755 228.438927
780.089404 526.971837 290.581751 229.106871
781.174911 527.373144 289.430877 228.665866
782.014679 526.849196 288.248940 228.932027
780.068908 526.703155 289.392388 228.922731
777.785939 525.617952 290.338926 229.129727
774.406900 525.553166 290.283560 229.283426
773.046931 525.991664 288.857859 227.487719
770.505894 525.921706 288.012411 227.627293
767.192814 527.219079 288.615540 226.178651
764.989166 527.079664 288.101236 225.802263
762.408751 525.303610 288.777529 228.756405
759.379096 525.053170 288.907517 228.401911
757.610775 525.053170 287.604306 228.031263
756.122860 524.024063 286.463604 230.266795
754.038349 524.616917 286.398588 229.706104
752.286224 523.580331 286.796214 229.722038
751.038353 524.324910 286.398588 228.883002
748.780660 522.085454 286.183641 231.710457
747.150186 521.239185 285.713362 232.279391
745.931091 521.700229 285.214384 231.229246
745.042238 523.834250 284.053955 228.987328
743.935618 524.146038 283.547141 228.551137
742.381745 525.161827 283.044451 227.262011
741.107628 524.580816 282.269741 228.407043
739.819447 524.438124 282.965749 228.488502
738.473164 524.585203 281.875899 227.552266
735.900634 523.378065 283.782032 228.711239
734.411611 522.565065 283.596938 229.032924
732.979551 521.244810 284.166128 230.756692
732.416198 520.107271 281.819542 231.469087
731.048695 518.466043 282.785274 233.150512
731.903844 519.922746 279.488263 232.037802
731.090472 519.964201 279.148089 231.468175
729.382944 520.061848 280.704515 230.648235
728.447494 520.086214 279.714751 229.976335
727.501018 521.036863 281.198389 228.320369
726.800500 521.158367 280.764891 228.049813
726.357342 520.281551 280.687797 228.679655
726.278484 520.671900 280.782971 227.499368
726.414252 521.191138 277.564133 226.301195
725.877337 521.321199 276.860376 226.896898
724.045195 520.716291 278.811411 227.246105
724.104168 520.680417 277.630424 226.913909
724.569948 520.494723 276.627165 225.567108
724.617805 519.635507 276.325522 226.092917
724.705234 519.646894 275.020461 225.288509
724.607657 520.354621 274.678729 223.764058
726.709988 520.425512 274.638333 223.273570
726.053641 517.918706 274.321418 225.706627
730.770974 515.772051 271.180835 228.192844
730.175919 514.648079 273.519801 229.125648
733.363512 512.867108 271.518322 229.490923
735.364568 511.947036 272.017817 231.828462
738.003327 510.321045 271.376271 232.924100
740.003311 510.038076 270.963669 233.245148
742.894997 509.129260 269.934672 234.153964
745.955800 509.281341 268.325366 234.001883
748.495489 508.515818 267.606075 233.190125
751.036102 508.061154 267.295538 231.922794
753.560379 507.027825 266.908226 232.421178
755.929310 506.877845 266.089567 232.214948
761.027440 506.411727 263.976844 232.702918
761.664158 505.558671 263.669306 231.759451
765.163275 504.347316 261.872223 231.019712
768.919720 503.608786 262.540365 230.319957
770.443647 503.490892 263.023624 228.960212
773.880799 502.480340 261.674883 229.051416
775.315166 501.274589 261.719724 229.504015
778.900505 500.545627 260.839915 229.050861
781.381954 500.034333 260.729946 230.190422
782.990517 499.307012 259.265983 230.551494
784.771401 497.375979 259.274825 232.328859
786.789374 497.364332 258.628452 231.704596
787.360701 496.157120 257.178529 230.684566
789.566581 495.791668 258.369449 232.644952
790.120751 494.571132 255.509975 232.052585
791.566575 493.854161 256.433281 232.881316
792.272001 492.262777 254.470743 233.122106
793.836146 491.432802 255.273975 229.710153
794.687947 490.726217 253.232910 230.431470
795.985233 489.776374 254.643520 230.388070
796.559296 489.497278 251.517595 231.219575
797.868527 489.445778 254.824471 231.710588
798.825655 487.675699 250.969541 232.976076
800.499544 487.373119 254.287392 234.293184
800.791322 486.677027 251.684111 235.687432
803.760344 485.598998 250.704820 233.448502
804.617852 484.807960 249.831590 234.693547
806.883367 483.702462 248.398633 234.955531
807.254075 483.580559 249.104085 233.531114
808.257150 483.875980 248.841991 233.031566
810.894292 483.049569 248.088908 231.458032
810.765737 482.686073 248.722620 230.076108
812.907507 481.549049 247.995008 229.148199
814.287862 480.550753 247.346626 230.164533
815.663148 479.324513 247.138202 228.928533
817.048060 478.034195 247.697348 228.993312
818.044034 476.912320 246.006991 229.953367
820.415429 476.754069 246.370980 228.273437
820.930676 476.734648 245.233389 227.584317
823.425724 475.880606 245.704565 227.136124
823.698469 475.595491 244.137312 228.513590
826.052522 476.096911 245.276850 227.190994
826.701992 475.620852 243.505653 228.115306
829.414627 473.949474 243.779652 229.098930
829.943126 473.402394 242.569608 227.614331
831.696688 473.012659 243.637394 226.585337
832.959597 472.843914 242.076866 225.901512
835.077067 472.090940 242.264180 226.063156
835.966575 471.706270 241.831645 226.813614
838.675326 469.806509 241.104506 228.563731
840.423032 469.515372 239.660400 228.096562
840.961647 468.310013 240.074436 227.992551
843.281729 468.736185 238.867277 226.864007
843.958229 468.371662 240.177743 226.869334
845.582368 467.742641 239.036002 226.914144
847.443172 467.039250 238.560031 225.751898
849.202063 466.733309 238.074249 224.638531
851.069090 466.454711 238.302344 223.584118
852.251031 466.426677 236.924164 221.976122
853.856529 466.269565 238.395796 221.720432
855.254954 465.562423 236.668577 221.365155
856.991104 465.048563 237.670808 221.411058
857.897951 464.037681 236.614615 222.097921
859.722025 463.078522 237.409550 221.279554
860.416739 462.078520 236.936921 222.145959
862.095347 463.883876 237.668174 218.234257
862.736025 458.610911 238.461270 223.398208
863.758080 459.357696 236.947116 222.061218
865.856532 457.639845 237.420521 223.059612
866.531253 457.057370 236.286809 224.116619
867.735752 455.654027 237.466122 224.050736
869.201852 455.112794 237.422017 224.124721
871.441346 454.697783 234.317944 223.833234
873.061771 454.118703 235.630055 223.652826
874.349205 453.718166 234.056732 224.805445
875.453060 453.145765 235.059521 224.247094
876.229619 452.251053 235.277607 225.570489
878.170699 451.183736 235.070974 226.286890
879.560929 451.464049 233.885026 225.548763
879.975954 451.367938 234.429464 224.415042
880.497616 450.990356 234.907805 224.614330
881.826774 450.134114 235.474610 224.207354
883.081086 450.067645 234.896769 223.863044
884.572092 449.262643 235.258971 224.277298
886.303043 448.484780 234.046172 225.187732
886.377876 448.017042 234.870369 225.209635
888.288446 446.353312 235.249765 225.503143
888.855803 446.590847 234.648602 225.625603
890.051509 446.159655 234.238791 225.837506
890.122973 446.276975 235.696838 224.979938
891.812973 445.771414 235.588058 224.079250
895.336074 446.183960 232.325980 224.191059
895.364248 445.054569 233.528013 224.146133
897.279064 444.973972 233.662473 223.617310
898.687626 444.857632 232.363730 221.693375
898.770782 444.560653 232.819487 221.531713
899.971570 444.053880 232.404184 223.133507
900.694784 443.267875 234.049800 224.732623
901.691022 444.153657 232.931056 224.194428
901.768316 444.014575 233.499497 224.991032
903.435861 443.066590 231.937187 224.119507
903.973890 442.678140 232.661772 222.880058
904.600432 441.767205 233.033278 222.606051
905.387525 440.566048 233.275100 223.392990
906.347324 440.450439 231.057045 223.044326
908.006906 440.938608 232.795988 222.509186
908.159718 439.650938 231.213027 223.894184
909.170222 439.738226 232.780368 224.370317
911.022210 439.508267 230.625082 224.083014
911.627274 438.292951 232.286674 224.159665
913.207586 437.319489 230.682419 223.998512
913.108667 438.053881 231.493865 224.179010
914.914311 438.159494 231.150019 223.724955
915.627279 437.216621 231.570227 225.118296
915.958109 437.753886 231.534625 223.888247
916.541274 436.968743 231.926675 225.962824
918.244657 436.923292 230.287648 227.326002
917.870706 436.849055 230.830506 227.671648
918.771647 437.526216 230.744855 226.913504
918.806094 437.807419 231.004837 227.930884
919.538669 437.298818 231.844005 227.647111
920.977273 437.279011 230.196070 227.878846
921.061765 438.534995 230.760544 227.523979
921.941031 437.483776 231.545800 228.332379
923.100057 437.571798 230.843007 228.226324
924.450071 436.538643 230.573907 227.587764
924.483759 435.941022 230.810704 228.815176
925.218718 435.522801 230.478273 229.462047
924.828461 435.898368 231.971133 229.001579
923.648711 436.860451 233.283768 227.815143
924.114108 437.907373 233.177385 225.826552
925.640070 437.990358 232.294645 226.559559
927.112655 438.639845 231.042357 226.457581
929.020510 437.565956 230.599877 227.392767
928.870660 436.636414 231.542614 227.828562
929.659485 437.054084 229.969675 229.790819
929.135372 437.066254 230.949442 230.155679
929.953692 437.344387 230.859332 229.567421
929.356611 437.880694 233.268058 228.880035
930.265177 439.138273 231.418119 227.852336
930.913543 438.218701 231.976588 227.881415
932.488222 438.807199 230.673772 226.786483
934.171646 438.623345 230.329477 227.743753
934.180304 438.831879 230.335902 228.531675
935.348500 438.028558 229.571900 228.746338
935.265058 438.125986 230.029719 229.085152
935.403339 438.819199 230.670501 228.185331
936.147237 438.468202 230.042792 228.794645
936.758357 439.794668 229.702989 228.960735
936.232939 439.316089 231.076036 229.064697
936.746262 439.956515 231.292180 228.890658
937.593918 440.353318 230.490889 230.088486
937.816364 440.426012 231.012936 231.119298
938.705481 439.390958 229.809950 231.867650
938.705481 438.706681 230.404266 234.559533
938.723691 439.198127 230.299090 234.237952
938.890545 438.575385 230.269980 234.619770
939.952153 439.654039 229.804380 233.528910
940.593517 439.765026 229.081938 233.672027
941.633355 440.997842 228.590425 232.703796
942.537956 440.181107 227.761318 233.035540
942.105392 440.423126 228.452155 232.988133
941.633126 440.488001 229.970631 233.070613
941.829577 441.492448 228.953599 232.368421
941.582457 441.664219 230.774659 232.066992
941.503412 441.401390 229.807719 233.456286
942.065368 440.671925 229.936796 234.511599
941.958518 441.525683 229.089366 234.682962
942.648054 442.056902 228.990155 235.054742
942.209060 442.513169 229.734175 233.935698
942.443061 443.031110 230.336312 232.835553
942.151753 442.298336 230.612341 233.419787
941.270603 442.045480 230.004109 233.137573
941.235870 441.562927 229.094543 233.516970
940.145926 441.787722 227.626488 234.541495
937.907230 441.468046 228.160355 235.546150
935.776156 441.575868 227.649043 234.596212
932.815185 441.708692 228.483765 234.366514
928.864955 441.588401 229.173841 233.094910
926.239523 440.924773 229.100513 232.809952
921.888135 442.721758 228.370346 232.822204
917.516391 442.441359 229.574723 233.536513
914.237429 442.082026 229.129147 236.032962
910.333421 442.432201 229.804959 236.822581
906.756151 442.440899 231.054499 235.534402
904.070309 441.598648 229.802161 234.775722
899.625234 441.925239 229.581890 233.566714
896.515610 441.298342 229.716255 233.061366
892.510331 442.026632 229.419907 232.737537
889.251027 442.651871 228.876321 232.796905
885.768822 442.487999 229.601411 231.877915
882.153121 443.582475 229.209436 230.774659
878.337925 443.288459 229.170753 230.321370
873.820959 443.724286 229.353346 230.129170
870.437145 442.683376 230.339212 230.710372
867.023727 443.464174 229.155342 231.825516
864.337199 442.804061 229.226830 233.367643
862.428783 443.520827 227.464028 233.649673
858.627231 444.306429 229.136385 231.962337
857.268735 443.181103 229.465187 232.559958
856.503450 443.413220 228.306066 232.260716
855.051524 442.828268 228.567762 232.440497
854.140137 443.425763 228.699094 230.924721
853.863743 443.659462 227.879633 231.193996
853.936691 443.333900 228.677382 230.974934
853.724279 442.468700 227.846226 231.312599
854.054069 443.370044 227.495833 230.483412
853.008043 442.705578 227.992378 231.116723
852.724285 442.453037 228.147481 231.161050
854.134110 442.303055 226.286118 231.550401
852.771954 442.450537 227.479566 232.600841
853.042249 442.439016 227.001268 233.437982
852.336069 443.051526 228.462063 232.517962
851.953681 442.959203 228.721917 231.663150
851.729356 443.202857 229.149819 231.031935
852.201903 442.982077 227.873422 230.036006
851.417230 442.094279 227.685266 231.408954
851.348509 441.928808 228.050361 230.532527
851.677522 442.146845 228.006376 230.301209
852.534991 440.722013 226.615978 231.879562
852.207902 441.079300 226.071049 230.909507
852.096936 440.507235 226.238462 231.890713
851.698294 440.716788 226.532993 230.747645
851.103630 441.160936 226.376062 229.577368
851.327727 440.683356 226.477592 231.174080
850.949269 441.279055 226.451537 231.305281
850.807429 441.331859 226.870188 232.097293
851.171376 440.617330 226.926062 232.456502
851.313144 440.229610 225.913545 232.162906
850.999554 440.408301 226.699464 230.701576
850.103647 440.213117 226.376062 230.069123
850.054570 440.765014 226.978151 229.332874
850.444615 440.447146 226.060742 229.415381
850.883369 439.718732 225.447963 229.822499
851.622299 439.226955 223.891486 230.298649
851.172424 439.125764 224.540161 230.300119
851.040515 438.242638 224.685318 230.469584
850.225335 439.052590 224.697481 228.711077
850.303588 439.320626 225.807350 227.941324
851.490714 438.715779 224.643226 229.100436
851.447479 437.415134 223.461749 231.932504
850.185083 438.191193 225.696463 228.743138
850.897307 438.560624 224.438712 228.274860
851.390071 437.968326 224.046497 228.596363
850.722703 437.594611 223.564389 228.647668
850.484856 437.300903 224.659904 228.635448
850.762307 436.674296 222.824915 229.239848
851.371080 436.622060 223.077918 228.688523
851.290290 436.729973 222.862802 228.260114
851.719669 436.004685 223.291305 227.755569
851.798404 435.824178 222.584963 227.539815
851.306710 435.375311 222.600462 227.284387
850.930534 435.001973 223.089508 227.786028
850.798404 435.099705 223.617442 228.245065
851.359151 434.868653 222.711820 229.509246
850.781199 435.231946 223.783574 228.312777
851.811002 434.774917 223.333758 227.835158
851.451630 433.181376 222.055929 229.182616
850.732401 433.554102 224.627715 227.663957
851.043132 433.338136 223.651112 227.672961
851.290290 432.847162 223.157401 227.087752
852.112730 432.609182 222.088389 227.050515
852.981553 432.352250 220.619085 226.982622
852.621979 431.692261 221.721100 227.590027
852.637724 431.861987 221.840415 226.546519
852.540600 431.488410 221.690632 225.995216
852.425848 430.998441 222.099108 225.859923
852.540600 430.695476 222.722789 225.312223
852.081164 430.463405 222.886179 227.354906
853.879271 429.865762 220.404933 228.631332
853.981533 428.278113 220.038718 229.581488
853.358602 428.768083 221.156374 227.868609
853.096010 428.861994 221.088670 227.602472
854.690258 428.745363 220.525634 226.963591
854.507660 428.042572 219.791351 226.938751
854.928597 427.786288 219.909558 226.719088
854.930956 427.518391 219.859048 226.487622
854.785164 426.912112 220.574672 226.399653
855.889285 427.042589 220.551754 224.972443
856.322412 425.099511 218.995073 226.845824
856.134217 424.994301 219.488199 225.807211
855.773178 425.246830 219.037911 225.529735
857.391748 424.689777 218.205779 226.585415
857.305064 424.805695 217.597339 227.837169
856.901024 423.945992 219.896761 227.691610
857.266815 424.112976 218.632294 226.218689
857.667228 424.248512 218.481233 225.301481
857.524861 423.828706 219.321253 224.729259
858.046527 423.050169 217.951935 225.133425
858.819895 422.154381 217.346309 225.236825
859.155826 421.024573 217.387393 227.354533
860.004748 422.149155 216.277677 224.516033
860.124072 420.302177 216.979783 224.785787
860.542837 419.711049 216.980079 223.741558
860.120438 419.563804 217.308099 223.895573
861.070918 419.712674 216.882611 223.402827
861.746397 419.071098 215.834975 224.134734
861.461093 418.770971 216.793929 225.814208
861.634849 417.872361 216.160866 226.007554
861.542858 417.328338 216.867284 225.781347
861.979923 417.199007 215.814163 224.818943
862.020094 417.425786 214.722432 223.712868
861.755159 415.600424 215.853924 224.383077
862.535303 415.708263 214.009039 224.399245
862.659941 413.992705 213.873983 226.247921
862.455665 414.620552 213.564460 224.470839
862.093747 413.531697 213.111600 223.939217
861.710180 414.441186 212.685187 221.686025
861.027427 412.483471 213.815140 222.376069
860.554915 412.467807 212.801995 221.995759
860.046666 411.926494 213.221018 223.023003
859.511050 410.524469 212.642301 224.829934
858.309027 410.441851 212.734174 225.096849
856.523955 409.252394 213.791660 225.389603
855.104030 409.388669 212.422807 224.613749
853.150089 408.955599 212.722649 223.614175
851.732523 409.156466 212.450931 222.786389
849.462712 408.355833 212.279161 224.040550
846.164437 407.754223 212.923883 224.005374
844.770213 407.687809 212.644984 224.012543
841.522607 406.815051 213.507949 224.572068
837.914490 406.380765 213.666145 223.182091
835.622211 405.867922 212.700297 220.694007
831.377621 405.671953 214.046986 220.385547
828.151141 405.417738 213.620369 221.119671
825.027718 405.801917 212.529644 221.519614
822.553307 404.841287 212.467553 223.149251
820.351492 403.595478 212.440997 223.369271
818.285947 404.126487 211.530806 220.870944
814.533377 402.901118 212.089624 221.399325
813.849773 402.924284 210.824166 220.526389
812.453814 401.870465 210.286888 220.803041
810.415033 401.159157 210.705628 221.619621
808.953955 401.042451 210.556934 221.664162
808.001422 400.150322 210.323131 221.541106
806.151608 400.298696 210.631595 219.132668
804.648031 399.516789 210.520628 218.745905
803.617524 398.835565 210.051742 218.174811
802.926393 398.091778 209.017455 218.097955
802.063650 397.976044 208.367157 219.364809
800.549579 397.158381 208.773555 218.693107
799.112316 396.415872 208.938894 218.615173
797.564088 396.123871 209.080879 218.245258
796.440359 394.787127 208.882770 218.726319
795.440366 395.018467 208.204620 217.639530
793.655869 393.742125 208.940954 219.276230
792.193742 393.495517 209.918585 218.500224
791.502933 393.360189 209.344435 218.429376
790.888017 392.107948 209.257764 218.721070
790.265207 391.548996 209.502230 218.057890
790.304097 390.883809 209.710252 216.991993
790.410568 389.512440 209.467119 217.510259
791.340058 389.097799 209.378155 217.035439
792.918310 388.871335 208.612803 217.633226
793.236260 388.062192 208.424202 216.709031
793.827360 387.899540 208.507074 216.060768
794.312306 387.092448 208.615893 216.572304
794.964177 386.609633 208.696172 216.350675
795.690335 385.464331 208.427250 216.165374
796.476670 384.154134 206.801052 217.369175
797.130177 383.070049 206.608500 218.258371
797.780406 382.734346 206.688215 217.557084
798.401089 382.575365 206.229881 216.573028
799.128356 381.147853 206.389670 216.681055
799.722494 380.686891 206.150082 215.987991
800.235284 378.924259 207.007915 216.387863
800.290318 379.698628 207.153392 216.242953
802.314332 378.621296 206.042476 216.790136
802.314689 378.170197 206.129023 216.207747
803.969990 377.628922 204.471718 215.331783
804.179198 376.776304 204.370244 214.910884
805.480277 376.177613 204.591125 214.733752
805.532185 374.702336 205.519284 215.943124
807.118797 374.995478 203.429926 215.568208
806.558828 373.847644 205.083578 216.236515
807.660668 372.553933 204.238794 217.009815
807.856287 372.716843 205.257080 214.640876
808.853517 371.508360 204.927633 214.671725
810.140920 370.797728 204.660090 214.600371
809.883351 369.363336 205.225688 215.471695
811.527264 369.691142 203.399903 215.479616
811.961439 369.282175 204.360716 215.472846
812.874942 368.942036 204.390324 215.002402
813.874927 368.137550 203.963002 214.851971
814.180276 367.282176 203.881481 214.925726
815.777493 367.715869 203.028585 213.710696
815.910819 365.785852 203.391416 215.022068
816.982712 365.915877 202.973042 214.759621
817.470246 365.540119 203.394154 214.413370
818.488970 364.827963 202.647059 214.343668
819.504887 364.283305 202.752143 212.706302
820.308595 362.821188 203.610245 213.239866
820.799921 362.799254 203.197579 211.924362
821.530798 362.593066 204.189954 211.273009
822.373907 361.824213 203.590352 212.101709
823.706008 361.398721 203.319273 212.310586
824.042604 360.056051 203.345174 213.063607
826.124601 359.199414 201.872900 212.812034
826.683034 358.457041 202.036129 213.058264
827.326544 357.397973 202.438182 213.853492
828.217662 356.912462 202.263311 213.749382
828.820421 356.770592 202.554774 212.457330
829.530836 355.685034 203.128056 213.024272
830.464904 355.628109 203.169003 212.059217
831.441279 354.884709 202.311611 212.197549
832.285311 354.654988 202.539357 211.584310
833.567625 353.429087 202.162448 211.538379
834.961700 352.627804 200.924290 210.713699
835.259825 351.432629 201.451414 211.474809
836.560374 350.687414 201.299767 211.671501
837.149348 349.258423 201.072736 212.315634
838.843189 346.813830 200.630925 213.975542
839.734303 347.085862 200.879421 213.127097
840.699196 347.141301 200.871461 212.335300
841.581810 345.249579 200.892269 213.539791
842.472725 345.228455 200.509710 213.201616
842.792698 345.485754 201.156094 211.823119
843.940014 343.971311 201.016627 212.280171
845.332500 344.052634 200.519021 211.364083
846.572278 342.660650 200.243929 211.874074
847.832252 340.511360 199.878975 212.915913
848.982438 340.458955 199.135041 212.026298
849.290878 339.919648 200.699269 211.575043
850.572274 339.229915 200.454056 211.627615
851.702373 338.601113 200.534420 212.099979
852.298024 338.031159 201.035932 212.023316
853.723105 337.911261 199.918350 211.074481
854.551944 337.204026 200.123452 211.183363
855.682134 336.147457 199.574573 211.867414
856.682119 335.290168 199.993247 211.939682
857.832299 334.803283 200.088990 211.409255
858.013386 334.911086 200.656600 209.620118
859.532043 333.178678 200.631172 210.526193
860.941882 333.051858 200.258394 209.479345
862.022223 332.373979 199.055076 208.641242
863.014185 331.467244 199.549161 208.362013
863.754296 330.680898 198.560501 208.941866
864.375123 329.748784 199.668900 209.033821
865.523449 329.192498 199.663562 209.057677
865.857432 328.631602 199.701669 208.767589
865.819471 327.631602 199.496202 208.873739
865.706099 327.471581 199.091410 208.778594
865.176972 326.540958 198.796529 209.081807
862.704333 326.727147 199.858847 208.694248
860.673114 327.165569 200.305115 207.977955
858.673147 327.027240 200.612700 209.078433
856.830523 327.423443 200.182041 209.675388
854.830525 328.423442 200.387263 208.816138
852.559029 329.188444 200.556094 208.959326
850.013381 329.911696 200.896689 209.128827
848.341548 331.113376 199.880531 208.555270
845.236023 332.763419 199.826103 208.452900
844.288028 332.888631 199.100437 209.431626
842.349772 334.579330 199.526068 208.419133
840.298260 336.298238 199.753661 208.145628
838.283207 338.388424 199.287728 207.210841
836.980821 338.810814 198.722263 207.780913
835.381634 340.494863 199.345597 206.990177
834.114672 341.221887 199.612586 207.050063
833.114643 342.085067 199.407201 207.186884
832.114669 342.810812 199.612586 206.611541
830.980813 343.766953 199.438447 205.761309
830.385099 345.048775 199.196578 204.386817
828.909228 345.909204 198.877623 204.066468
827.949584 346.743570 198.733074 204.114222
827.216691 346.876346 198.978746 204.366712
826.592403 346.434938 198.713381 204.595519
826.255471 347.250420 198.562267 204.830652
825.216681 348.115050 199.081215 203.392633
824.973658 347.688828 198.599515 204.612178
824.482193 348.115050 198.815698 204.966025
823.990880 349.834729 198.417125 204.296747
823.503373 351.987839 198.468952 203.419984
824.560739 353.332456 198.551023 203.497364
824.781154 355.597757 198.297816 202.916045
825.273334 357.221860 198.181942 203.295891
826.311437 359.880611 197.658769 202.531656
827.038336 362.649048 197.066994 201.927295
827.127319 364.604850 197.823694 202.294264
826.864962 367.271648 198.856545 202.520472
828.311406 370.286462 198.382530 201.391887
829.141703 372.373722 197.442438 201.944296
829.504173 374.504190 197.763497 201.919064
829.750444 376.225826 197.731272 202.510760
830.401472 378.357299 197.901374 201.959038
831.141684 380.619589 197.442438 202.327562
831.764463 383.504192 197.503198 201.603534
833.033579 385.604851 197.020071 201.454774
834.268854 388.397984 196.444156 200.556827
835.007428 390.619774 196.139797 200.552488
835.113421 392.070051 196.817241 201.473073
835.632890 395.397985 197.069194 199.824388
836.462683 398.272150 195.401013 200.182094
836.359987 400.230629 196.831058 199.950111
837.136264 400.675380 196.827999 201.972188
837.579967 405.196035 196.162619 200.609677
838.373030 407.158050 196.444717 200.338467
839.976778 411.077192 195.184420 198.555519
840.615198 412.842580 195.091081 199.140304
840.606550 414.971876 195.825725 199.218102
841.056911 416.955985 195.348049 199.434452
842.009474 418.854067 195.760440 199.801635
842.618109 420.319261 194.746348 200.965598
842.837203 423.231602 194.673676 200.060548
843.483902 426.082546 194.297286 199.498025
843.805502 429.528164 194.741004 197.840488
843.972246 432.050601 194.442867 197.689401
844.594757 434.483616 195.422168 197.407354
845.860789 435.960950 194.495551 198.661486
845.466340 438.604733 195.211327 199.364556
847.183648 440.579306 193.727230 198.102374
847.474098 442.079786 194.210578 198.182810
848.106413 444.738529 193.900595 196.023989
848.456566 446.850890 193.329428 197.130810
849.063959 449.163380 194.019634 198.471208
849.611156 451.483617 193.919360 198.959430
850.450190 453.267971 192.688997 200.615778
851.525620 456.248279 192.108430 198.898041
851.441305 458.642487 193.230713 197.852260
851.918259 460.742603 192.991805 198.022300
852.441332 462.341799 192.589168 198.558477
853.334845 463.839320 192.208497 198.520634
853.224702 465.306295 192.732859 198.584246
854.237318 466.290959 192.521269 197.896583
854.850895 467.046531 191.661280 197.411810
855.095831 467.532651 192.066106 196.740165
855.339501 467.767355 191.899544 196.072028
855.455174 467.784143 192.160123 194.928121
856.208370 467.515892 191.655930 194.846351
856.326041 467.142320 192.510921 193.800010
857.202336 467.048628 191.810476 193.688630
857.446722 467.299134 192.438672 192.593098
857.817193 466.538707 192.741539 192.630512
858.066029 466.811193 193.418524 191.389824
857.939040 467.422320 192.497846 190.254681
858.163939 466.538820 192.940394 189.895755
858.043971 466.032017 192.658276 189.900850
858.937736 465.432086 192.087231 190.126765
859.305133 464.803095 191.926153 190.132279
859.196536 464.379116 191.241602 190.563996
859.301190 463.803102 192.173129 190.719627
860.060838 464.060854 191.400307 189.730208
860.179929 463.046616 191.174490 190.265323
860.807949 461.791239 189.699247 191.401482
861.310547 460.388808 188.866009 193.558153
861.690263 460.153766 188.770852 192.978668
861.060151 458.744197 189.154301 193.762704
861.565442 458.656244 188.714800 193.002667
862.060867 457.890966 188.056056 193.583374
861.936484 458.663237 188.864133 192.119550
861.921178 458.645597 187.776790 192.193101
862.176939 458.029513 188.631605 192.073637
862.559616 458.551746 188.323907 190.783855
862.306453 458.040104 189.153820 190.556621
862.431895 457.413821 187.901887 190.124983
862.054962 457.552056 189.057588 189.365775
862.680702 457.178756 188.084273 189.168988
861.802891 457.929602 189.059666 188.169226
861.424596 457.929602 189.243761 187.781495
861.044500 454.506022 189.332966 190.871452
862.791568 454.170564 187.331923 190.381912
862.470975 456.148789 186.494138 187.671067
862.547473 454.670475 187.144953 188.874268
861.928156 453.916474 187.237732 188.345376
861.553966 453.428175 187.671423 188.850200
861.053933 452.924214 187.892830 189.022567
860.050522 451.278913 188.896241 190.680903
860.432971 450.527927 187.717424 190.971254
860.234976 451.262432 186.720138 189.056812
859.553960 450.797224 187.864904 189.481150
859.678589 450.550891 187.698897 188.923478
860.912762 450.176658 185.981177 188.963963
860.888652 450.153117 184.952001 188.292427
861.286609 450.365837 184.305667 187.579324
861.532595 450.057819 183.553910 187.459104
861.169798 450.060019 184.049846 186.398460
860.180284 449.809679 184.605532 186.406542
860.169790 449.561685 183.765503 187.280186
860.169790 449.561685 182.633850 186.514515
858.932719 449.067392 183.793096 186.367428
858.296060 448.689813 184.340615 186.327677
857.678498 448.188102 184.162130 186.549660
858.038147 447.436616 182.802045 188.368160
857.779471 447.935734 182.024142 186.427031
857.412609 445.936594 180.817658 187.681858
855.680654 444.809578 182.015269 188.190437
855.147429 444.183266 182.919950 188.224763
855.263784 443.428874 181.352130 189.086407
854.402944 443.309587 182.154845 188.290522
854.509380 442.684774 181.051180 187.714522
853.775989 442.568613 181.480825 187.632381
853.994579 442.066619 180.603379 187.846579
853.137607 440.936590 180.838471 188.063424
853.114176 441.320532 180.109892 186.679479
853.106976 440.327000 179.288437 186.130546
853.114524 440.082149 178.113895 185.161757
852.368804 439.352019 178.111707 186.085264
851.864382 438.092881 178.053504 189.228310
852.161437 438.201280 177.734308 187.015797
850.645241 437.338283 177.518625 189.050051
850.168864 437.072254 177.208321 189.143969
850.051639 436.447905 176.589799 188.183018
849.092647 436.212483 177.883377 184.619179
848.615046 436.351417 177.164289 183.013311
848.495271 436.107100 176.088697 183.063709
847.270528 435.377026 176.071894 183.475137
846.821555 434.871835 175.686658 183.794838
846.470998 434.625746 175.401578 182.919684
845.950152 433.759360 175.042967 183.746307
845.210832 433.130883 175.312759 184.848455
845.042747 432.004012 174.165909 184.727472
843.976856 430.888634 174.283707 184.310113
843.875714 430.636183 173.034850 184.244429
842.702000 430.400194 174.067277 184.224484
842.298664 430.018244 172.805854 184.609846
841.888780 429.647227 172.335326 183.416939
841.375424 428.669813 172.084743 182.772063
840.077600 427.436697 172.139999 182.771993
839.653666 427.523435 170.944382 181.312295
840.341867 427.421926 168.868122 180.646464
839.384217 426.618216 169.372634 180.593447
839.213721 425.597531 169.250506 180.882830
838.550710 424.846109 168.738105 180.987034
837.384219 424.354157 168.848208 180.484937
836.947746 423.492579 168.371920 180.639508
836.232128 422.977950 168.207242 180.796187
834.893439 422.370779 168.025088 180.213443
834.190750 421.143729 168.065027 180.549558
833.302611 420.370782 167.953195 180.487090
832.637065 419.267308 167.967864 181.419474
832.016219 418.495855 167.597310 181.815390
831.506795 418.004191 167.116407 180.945057
831.146737 417.143724 165.932753 180.731879
830.671236 417.375572 166.020787 179.699252
829.187031 416.299090 166.281934 180.162031
828.231019 415.643555 165.770064 180.441931
827.231010 415.036946 165.511943 179.319551
827.042333 415.252727 165.001030 177.944031
827.011731 416.124036 163.321719 176.020400
826.325177 415.347816 163.164335 175.847900
825.216742 415.919661 162.849559 174.381477
824.159803 414.751305 162.431886 174.754684
823.050978 414.339421 162.372847 174.343398
821.564219 412.908762 162.324966 174.969267
820.319618 411.908761 162.219566 174.792885
819.377026 410.790016 162.888521 175.529979
818.293849 409.765145 163.153800 175.900896
816.781198 408.978200 163.623537 175.589311
816.325187 407.978194 162.656660 175.322938
815.242334 407.238927 162.334161 175.160788
815.470513 406.039485 161.161156 175.466507
814.859211 405.776568 160.862443 175.003227
813.620332 404.934278 160.070431 175.393539
813.418875 404.684268 158.986079 174.749835
811.835851 403.619627 159.020250 174.037329
811.307580 402.958722 158.672608 173.594987
810.019480 401.647562 158.232565 175.067245
809.632325 401.209957 157.717747 174.324413
808.337146 400.161762 157.342520 174.396320
806.852177 399.752152 158.192929 173.718413
806.273328 399.221208 156.464976 174.391949
805.102659 397.834204 156.020061 173.681617
804.582835 397.678081 155.097524 172.993988
803.405789 397.341517 155.587479 172.527823
802.092489 397.501772 155.739354 172.325308
801.614802 397.731654 155.075810 173.148144
800.305038 398.846345 155.304674 172.330724
799.233909 399.932921 155.385054 173.196181
799.025529 402.064624 153.537405 172.435013
797.505641 403.253853 154.585092 172.181519
796.163154 405.465101 154.339458 171.588489
795.300197 406.481618 153.586936 171.429216
793.817669 407.628570 153.838590 173.121720
792.982855 409.335206 152.496415 173.247956
792.342123 411.564546 152.009362 172.556067
791.577253 413.031872 151.304779 172.642443
790.592020 415.002402 150.257519 169.946249
789.240215 415.739886 149.870449 172.340087
788.466073 417.441643 148.311063 171.955588
787.724964 419.032309 148.229618 173.025599
786.579582 420.768752 147.740038 172.948394
785.491692 422.739886 148.223751 171.552022
785.017646 424.708343 147.314865 170.512414
784.882097 426.854505 145.545487 168.658929
783.546301 428.724597 145.651257 167.277237
782.726278 430.531100 144.756118 166.726991
781.810679 432.505958 144.477683 166.073939
780.506213 434.106215 144.924714 165.975954
779.581162 434.926082 144.999307 167.495081
778.205823 437.059536 144.619801 165.533439
777.868294 438.431301 143.643421 166.607778
776.773173 439.777380 143.738559 166.666832
775.295216 440.926089 145.201667 167.324921
774.687574 441.954020 144.819881 167.229261
774.016578 442.363848 144.271302 167.861864
773.270562 443.710828 143.528054 166.710685
772.441434 444.262905 143.458232 168.926734
772.296759 445.842495 142.151888 169.042308
771.392258 446.734500 142.143874 169.068390
770.767564 448.071588 141.022733 167.882998
770.135098 448.682996 141.174713 167.261626
769.564274 449.241152 141.058435 166.200527
768.235216 450.363864 141.162138 164.923236
767.826853 451.178619 140.844549 163.591009
767.580938 452.401554 139.729267 163.207932
766.968373 452.957073 139.868773 162.864395
766.951393 453.214208 138.757795 162.668388
766.455199 453.858260 138.392663 162.712880
765.615922 454.749858 138.984112 162.657263
765.182566 455.441202 139.105569 162.437703
764.908587 455.789138 138.064250 163.747304
764.816691 456.045244 137.811768 164.458458
764.111862 456.495448 137.546296 165.672018
762.259768 456.891317 139.017125 165.886776
761.423704 457.872083 138.983895 164.077262
761.513522 458.432297 138.692674 161.391398
761.029331 459.448898 138.049471 160.224944
761.235725 460.513348 137.145918 160.566532
761.017330 460.540822 136.846440 160.849768
761.029385 460.864784 136.087200 159.882430
760.211323 461.726219 136.268728 158.920302
760.096053 461.715821 136.272776 158.148679
759.889766 462.414053 136.080071 158.727250
759.978547 462.564788 135.416686 159.176259
760.595954 463.096810 134.584620 159.204975
761.172901 463.412384 133.495383 159.654701
761.132190 464.042269 132.145599 160.555216
761.088045 464.249273 131.929596 160.468748
760.486699 464.992527 131.618534 159.847302
760.567737 465.628434 131.717564 157.827959
760.593555 465.424998 131.518655 157.728989
760.781207 465.913893 130.947809 157.469541
760.224005 466.185340 130.545256 156.768581
760.488919 466.456792 130.344446 154.517156
760.689248 466.103976 130.104931 155.034145
760.689248 465.999714 129.689635 154.364409
760.832279 465.223328 128.907140 154.411174
760.975797 465.126879 129.017197 154.467371
761.226794 465.732134 128.903585 154.195306
760.891867 466.366413 128.826897 155.406528
761.083754 469.887123 128.313530 155.154451
761.770638 473.480745 127.836082 155.430552
761.725118 477.282352 128.130645 156.269597
761.554233 481.219658 127.501922 155.738531
762.381974 485.834661 126.586716 155.040706
762.480258 490.058248 126.248006 154.240533
762.376253 493.927318 126.263799 152.819581
762.624941 498.493983 126.255294 152.979490
762.868779 502.865154 125.741667 151.676233
763.161268 506.680944 124.572548 151.115997
763.541005 510.895666 125.194846 150.595418
763.751104 515.462488 124.702162 151.596816
764.089430 518.920795 124.523259 151.203739
764.472292 523.171681 124.515224 151.276065
764.589365 527.131484 124.068079 151.281693
764.765122 530.648983 123.875785 151.530825
765.153057 534.376677 123.372367 152.172383
765.153057 537.794664 123.306450 152.441914
765.233056 539.680969 123.358360 151.265750
765.853455 540.650810 123.042332 150.865148
766.622083 539.999281 121.545697 150.362633
766.595239 538.836944 121.650007 149.245710
767.209620 537.271028 121.725381 148.228807
767.731988 535.756983 121.038435 148.058271
768.576393 533.730197 119.871389 148.399124
769.259238 532.370760 120.126610 147.110176
769.867189 530.957010 119.199580 147.485705
770.097898 529.320913 119.417096 148.286356
771.475386 528.722410 119.426685 147.865831
772.173461 527.292479 119.275744 147.660090
771.635306 525.525565 118.036944 146.638711
772.681977 524.495345 118.218275 147.146166
773.235122 523.416243 118.634993 146.702273
773.313015 520.988913 118.181652 144.997779
774.212291 520.608820 117.405273 144.833745
774.294469 518.353626 117.081983 143.550918
774.438547 516.321433 116.867963 143.173608
774.050707 514.260520 116.768826 141.766034
773.736507 512.477101 116.932465 142.182543
773.591476 510.343945 115.891947 141.973599
773.273588 508.130846 115.850781 141.852370
773.036637 506.069646 115.230013 142.251406
772.279565 503.871911 115.252457 142.518790
772.111655 501.673507 114.542362 142.299983
771.197091 499.660202 115.091211 141.494376
770.583119 497.842198 114.305732 141.557505
770.466932 495.402006 115.135742 141.670482
769.431088 493.744571 114.095949 141.030727
769.246758 491.687003 113.600445 139.076538
768.267614 489.386121 113.348365 141.104395
767.784762 487.230923 113.391682 139.848824
767.251522 484.962599 112.734618 138.015209
766.850318 482.952229 111.876376 137.544028
766.100349 480.754395 111.501690 136.479101
765.380672 477.843655 110.922775 136.328726
764.555585 475.611040 110.434429 136.689085
763.967588 472.871197 110.468444 136.330261
763.074458 470.418269 109.465667 137.214196
762.363932 468.034393 109.408342 135.875186
761.517308 465.129631 108.518000 135.451698
760.355627 462.821803 108.487611 135.042627
759.465954 460.180957 108.024149 134.526107
758.735698 457.749261 107.442888 134.607080
757.806703 455.637961 107.543026 133.138524
756.677615 453.690436 106.944023 132.673500
755.729890 451.045563 106.574968 132.280164
755.165903 448.332861 105.360246 133.530245
754.444119 446.239650 104.803092 132.013595
753.268965 443.907486 104.715264 132.541670
752.211302 441.425097 104.491453 132.567956
750.585599 439.263824 104.508667 131.410310
750.047889 437.102767 103.776337 131.754032
748.841658 434.918250 103.323695 130.163402
747.699697 432.495212 103.414155 130.566967
746.542337 430.399322 103.239998 129.981141
745.078496 427.956335 103.272084 129.216604
744.244357 425.881328 102.067665 128.027487
742.901926 423.454393 102.130209 128.414207
742.303739 420.997808 101.822418 126.304502
741.358276 419.027458 100.818743 126.805696
739.836858 416.493283 100.627982 126.828733
739.238438 413.957695 100.076342 126.445297
738.067228 412.133396 99.712777 125.980985
737.225893 409.269777 99.656283 126.270530
736.291615 407.158837 98.852862 126.443413
735.099909 404.468076 98.700120 125.351462
733.931967 402.823601 98.288854 125.543341
732.479156 400.471500 98.291229 123.905875
731.121739 397.875559 98.191267 123.868308
729.793459 395.312773 98.002279 123.073647
729.439615 392.774409 96.503593 122.643782
728.567640 390.050025 96.511561 121.492810
727.091591 387.977605 96.259963 122.477124
726.618386 385.132365 95.749736 120.896286
725.572202 382.715641 95.312011 119.677510
724.643306 379.455260 94.465028 121.385926
723.910089 377.007280 94.204401 120.621837
722.822135 374.224519 93.234754 119.449722
721.720162 371.797706 93.311010 119.662696
720.855927 368.245615 93.204318 119.597735
719.347312 366.302591 93.140719 118.697947
719.044663 362.174609 92.137786 118.955907
717.174742 360.153840 92.309705 118.344664
717.276455 356.792503 90.623642 117.712688
715.778678 354.363049 91.428636 117.383377
714.736471 351.716445 90.908687 117.438997
713.528657 348.862096 90.897464 115.987442
713.328363 346.205516 89.816617 117.671252
711.989205 345.643255 89.887838 116.544238
711.387210 344.121890 89.470063 116.112865
710.665972 344.161457 89.170123 116.300668
711.319767 344.161457 87.707684 115.269774
712.073744 344.130989 87.585034 114.837572
714.924249 344.180603 87.749161 114.618519
719.676918 344.721019 87.043393 113.852346
724.256222 344.771648 86.093447 113.351755
731.075652 344.876617 85.098280 112.518637
737.301096 345.332386 86.652626 112.025623
744.866567 345.202380 85.570090 111.718495
752.920362 345.030208 85.122170 111.940354
760.920369 345.312872 84.719718 111.210333
767.734418 345.445314 84.329657 110.523673
775.778247 345.460820 84.124476 110.412175
783.858066 345.878226 83.647312 110.135595
790.910944 346.160913 82.046118 109.624857
798.696443 347.019286 82.701484 108.684714
806.540158 347.367592 82.464075 108.693936
813.459437 347.877857 80.822784 108.614258
820.966089 348.725889 81.205791 107.889040
828.552974 349.366084 80.864393 108.141081
835.676201 349.714876 80.172265 107.511616
843.083711 350.503309 80.139455 106.862166
851.205141 351.282531 79.267428 106.312018
857.628977 351.917928 77.919745 106.443531
863.741786 354.983254 77.533776 105.147054
867.903098 358.855573 77.824070 105.063057
870.750199 361.821997 77.262848 105.105976
872.757097 366.208353 76.387594 103.843681
874.191236 370.673465 76.426064 104.530245
874.307544 375.488845 77.279714 104.480090
874.653564 379.189766 76.154317 103.944243
874.710523 384.246797 76.450936 103.903035
874.864274 389.307666 75.694583 104.095134
874.193562 393.286759 75.952885 103.526937
874.153847 398.627609 74.822262 103.837313
873.507846 403.697949 75.026888 103.587982
872.557065 407.692695 75.342344 103.245551
871.801952 413.313780 75.341881 102.994029
871.164461 418.514110 74.969999 102.079438
870.933978 422.088093 73.123708 101.338141
870.528590 428.095863 72.592555 101.568236
869.970608 433.243271 72.557239 101.123847
868.963589 437.209630 72.393792 100.985860
868.734676 442.861769 71.253018 100.237639
867.885968 447.851264 71.229003 101.051081
867.885114 452.299679 70.551170 99.570843
866.462074 457.140903 70.435714 100.151921
865.849127 462.946220 70.363630 99.526842
865.136311 466.773924 70.255446 98.629181
864.573182 470.000447 70.341640 98.989721
864.592803 472.357760 69.197843 98.242753
863.195054 472.318350 69.566446 97.329012
862.498912 470.266770 69.737540 98.173977
861.588523 468.450560 69.510666 98.119168
861.094056 466.788101 69.614168 97.502273
860.785948 464.510647 68.637665 97.317625
859.530862 462.501728 68.902966 97.330558
859.389575 460.607142 68.809067 96.990339
858.621304 458.742240 68.221736 96.813145
858.630873 456.878269 66.943734 96.169631
858.007598 454.904147 66.985672 96.036383
858.124342 453.108901 66.123380 95.469539
856.605690 451.143454 66.877722 95.560348
857.059370 449.414357 65.479346 95.344924
856.378435 447.586332 66.192579 94.432864
856.194576 445.349593 65.523896 94.625022
855.777978 443.741438 65.917316 95.029693
855.903431 442.034268 65.051852 94.178900
855.693644 440.412853 64.931007 93.071292
855.858173 438.540189 64.141429 92.947153
855.420865 436.912565 64.130081 92.863351
855.550744 435.061448 63.530383 92.697538
855.147645 432.939713 63.419769 93.149724
855.509599 431.368984 62.552804 92.896170
854.669267 429.296219 62.646414 92.758299
854.592404 427.545743 62.757600 92.389701
854.319606 425.872007 62.829417 92.633564
853.832439 424.088222 62.654129 91.922831
852.549172 422.297745 63.151791 92.169173
852.788381 420.643861 61.732404 90.993767
852.291083 418.590553 61.441675 90.659419
851.854401 416.854612 61.319712 90.955687
851.054091 415.051369 61.348927 90.006628
851.036522 413.507545 60.706468 89.970449
849.941962 411.337967 61.100597 90.194363
849.220811 409.938525 61.555928 90.280771
849.088759 408.634257 60.516124 89.460350
848.778032 406.897081 60.199728 89.188187
848.225403 405.238338 59.989980 89.192840
848.020577 403.803409 59.368871 88.712059
847.033147 401.819690 59.650906 88.907231
846.545939 400.175574 59.507294 89.117737
846.151538 398.640343 58.771270 88.312887
845.915047 397.012829 58.800376 88.512363
844.892187 395.134031 58.918426 87.937909
845.025831 393.821530 58.364329 87.640736
844.291336 392.042605 58.295606 87.403342
843.825586 390.542721 58.157395 87.014199
843.316178 389.043307 58.035314 86.952856
842.573170 387.198389 58.043293 87.330590
842.425540 385.697770 57.540973 87.022971
842.241642 384.100166 57.158879 86.702392
840.928559 382.601880 57.523334 87.048230
841.133829 381.192089 56.949272 87.310570
841.404901 379.693820 56.652443 86.750963
841.941809 378.287796 56.460359 86.430187
843.104822 376.821092 55.696631 85.927556
843.963612 375.484864 55.891245 85.613466
844.493227 374.179041 56.361662 85.647273
846.247691 372.878663 55.240894 84.938805
847.678794 371.844735 54.688585 84.160514
849.330280 370.036157 54.799518 84.747469
851.051299 368.408188 54.365729 84.427100
853.992810 366.975964 54.071921 83.939994
857.024523 365.052748 54.278774 84.358677
859.964520 364.280227 54.296024 83.901797
863.747265 362.242283 54.002245 83.641068
868.065669 360.886426 54.327760 83.840803
872.160074 359.524930 54.546251 83.021227
877.294583 358.004147 53.886296 83.367892
882.520169 356.099742 54.200775 83.704493
886.375820 354.856961 54.765690 83.633258
891.183853 353.524925 54.126036 82.903729
895.727717 352.169588 53.654074 82.831819
898.502653 350.356403 52.415641 82.882493
899.955771 348.877048 51.986934 82.651254
899.881482 348.225256 51.622140 82.200096
899.978605 346.646587 51.278609 82.054066
899.479215 345.217918 51.442147 81.681257
899.088393 343.818583 50.781525 81.738933
898.896827 342.275364 50.691462 81.442781
898.481196 340.905885 50.457449 81.354201
898.014825 339.592016 50.724212 80.520051
898.215120 338.332802 49.958298 80.926350
897.717904 336.735673 50.682324 80.439282
897.592643 335.281945 50.127227 80.529884
897.965893 334.026408 49.140742 80.325172
897.290107 332.373063 49.369903 79.732769
897.378352 330.890942 48.881156 80.275084
897.143812 329.749770 48.599029 79.358345
896.608333 328.437796 48.837823 79.802127
896.767538 326.946976 48.216950 79.532503
896.112976 325.448138 48.604065 78.453439
895.954003 323.924330 48.660136 79.460615
896.153753 322.522033 47.830416 78.497534
896.230398 321.434959 47.463214 77.871905
896.185858 320.341482 47.053885 77.848214
896.053610 318.643790 46.712210 78.368976
896.153805 316.982362 46.414219 77.989333
895.824658 315.781771 45.986519 78.048533
895.848447 314.497608 45.943896 77.562087
895.735209 313.408944 45.486416 77.864729
895.830525 312.188554 45.136277 76.335943
896.062074 310.705220 46.128971 77.063804
899.735783 308.603948 45.335105 78.020945
903.827149 307.873072 47.188354 77.545733
910.368133 306.338505 46.764534 76.733502
916.333885 305.116502 45.925026 76.976231
922.986869 303.818782 46.506423 75.811281
927.856044 302.542203 45.456815 76.605641
931.072131 301.014057 45.184253 76.377395
933.607654 299.934710 44.499612 76.308600
933.708562 298.612700 44.506837 76.396330
933.545625 297.178329 44.138365 76.406138
933.725299 296.275455 44.102093 75.587678
933.839088 295.045132 44.016110 75.622820
933.622525 293.507438 43.832474 75.322085
933.458145 291.765339 43.956629 75.657129
933.404606 290.840105 43.411498 75.315424
933.340448 289.794083 43.034565 74.224717
933.444957 288.513156 42.776728 74.236566
933.393133 287.251997 42.671300 73.433031
933.371998 285.954492 42.126661 73.559287
933.703889 284.561162 41.735042 73.952619
933.852874 283.174308 41.059149 73.924318
933.426714 282.204822 41.532847 73.614041
933.170152 281.152961 41.694396 72.617407
932.788223 280.023626 42.180501 72.733040
932.916282 279.236413 41.478417 71.916648
932.488513 277.291409 41.587803 73.291299
932.830369 276.282473 40.897897 72.087399
932.823884 275.146608 40.638179 71.835784
932.629537 273.529580 40.691200 71.734936
932.847993 272.753874 40.496252 72.054187
932.943996 271.478146 40.329771 71.687519
933.168839 270.297568 39.555588 71.578624
932.772144 269.015623 39.890262 71.590341
932.496191 267.759148 40.054834 70.423485
932.508301 266.818294 40.279315 71.317900
932.686637 265.349029 39.980536 71.516753
932.057948 264.316742 40.469896 70.546570
932.082656 263.155307 40.375752 69.927073
932.167589 261.530350 40.434270 70.411629
932.345930 260.544432 39.963410 70.113631
932.411787 259.382377 40.097608 70.371065
932.460127 258.034034 39.888096 70.686703
932.314611 256.250235 40.449716 71.437829
932.437157 255.291588 39.921523 70.376335
932.770293 254.407136 39.554971 69.987726
933.111476 253.165245 38.966195 69.955066
933.088360 251.632141 39.057457 70.415097
932.784163 250.723949 40.051456 70.082284
933.096628 249.407138 39.435846 69.793148
932.641448 248.512418 39.916424 69.286768
932.375949 247.289641 40.204956 68.936452
932.278153 246.437298 40.627283 69.266106
932.484229 244.823299 39.863994 69.660105
932.569535 243.782755 39.690182 69.595918
933.180584 242.561724 39.539001 68.854685
933.160589 240.930259 39.897621 68.646409
933.584596 239.421469 39.153194 68.853293
933.693565 238.964634 39.226217 68.163389
933.575070 237.432320 39.189613 68.347606
934.013069 236.483152 38.543606 68.244965
933.688006 234.431489 39.297153 68.982454
933.987681 233.614477 38.799048 68.583292
933.767427 232.747877 39.243641 68.253276
933.671571 231.964631 39.792636 67.720753
933.862609 230.844393 39.578779 67.495896
934.442924 229.602933 38.254902 66.901250
934.274412 228.420298 38.795960 66.973068
934.495580 227.281910 38.988160 67.170332
934.891432 226.187107 38.369579 67.074833
935.231208 224.803255 37.896928 67.619338
935.518634 223.372271 38.009874 67.241351
935.251232 222.764355 38.707464 66.345568
935.572632 221.086703 38.053395 66.660150
935.514759 219.961155 38.214868 67.149907
935.274445 218.564503 38.617415 67.576585
935.115620 217.305858 39.208176 67.208741
935.370320 216.289033 38.750344 66.566291
935.251232 215.040294 39.247408 66.945090
935.732266 214.280974 38.750439 66.637061
936.118962 212.707964 38.611761 67.401958
936.138966 211.689814 38.869416 66.855704
936.400763 210.777933 38.529192 67.017853
936.366882 209.988230 39.451120 66.184652
936.914370 208.871566 38.569383 65.716608
936.554594 207.739105 39.109411 65.753920
937.408298 206.625470 37.825311 65.864841
937.430853 205.157253 38.149497 65.476106
937.684347 204.331498 37.949254 65.784046
937.582530 203.169636 38.293283 65.426565
