974.000000 244.000000 94.000000 161.000000
977.182066 244.245059 91.895345 160.255871
976.405562 245.646639 92.967458 160.718959
977.046194 247.936521 92.001271 159.767311
976.631005 251.182907 93.436797 160.501120
976.990861 262.034189 93.558866 160.398246
977.206379 272.490956 93.910969 160.291296
976.634362 281.812671 94.752903 162.392257
977.278969 295.539409 94.942145 161.326951
976.910714 307.436035 95.144392 160.726039
976.854642 321.160749 95.694289 159.836809
976.621699 334.072715 96.201179 159.909079
977.435390 343.564750 95.652815 161.105312
978.245807 351.352327 94.726539 161.372294
978.780692 356.319894 93.629360 160.850900
978.671043 358.229430 93.877255 159.750115
978.798488 358.758901 93.564921 159.453307
979.163856 359.614661 93.767991 160.030156
979.600993 361.163393 94.002983 159.342859
979.399857 361.742026 93.856290 160.028109
979.935483 361.882726 93.235796 160.747802
979.854998 363.294116 93.615828 160.025359
979.854998 363.540429 93.669567 160.660138
980.511046 365.024786 93.523713 160.602082
980.768679 365.265376 93.618611 161.284574
980.500436 366.170080 93.886461 161.623731
981.447148 367.348217 93.351775 161.081337
981.432467 368.210811 93.255054 161.647076
981.698395 369.279156 93.496349 161.901016
981.939488 370.895378 92.986836 161.481580
981.897146 372.531366 93.167883 161.064910
982.415037 373.509387 93.141618 160.545330
981.576579 376.907764 94.057348 162.272549
981.982059 383.138759 94.153470 162.835467
982.278963 391.203600 94.122759 162.745674
982.131048 399.895417 94.515941 162.545664
982.335229 408.646709 94.393168 162.551985
982.587644 413.401206 93.951224 163.622960
982.744470 416.845517 93.491388 163.767340
983.621036 418.157944 93.722277 162.656851
983.700811 418.870376 93.085680 164.073912
984.222315 420.157948 92.746065 163.666779
984.592302 421.307094 92.784696 164.287528
984.391430 421.703501 92.771414 165.162512
985.153805 423.945353 92.457201 164.618556
984.615131 424.212193 93.407364 165.081288
985.123424 425.795360 92.701432 165.273936
985.302865 426.721125 92.771549 165.234399
984.983927 427.787849 93.358510 166.013718
984.888200 428.801025 93.819323 165.275821
984.227302 429.751364 94.564332 166.697615
984.753455 430.618423 94.482445 166.099939
984.274759 432.890223 94.806177 165.913213
984.987883 433.276251 94.229783 165.860599
985.129993 434.493418 94.168507 166.566590
985.426845 435.668955 93.756431 167.054617
985.932191 436.314115 93.630476 167.296732
985.722882 437.222938 93.402921 168.004378
986.142570 438.562051 93.709954 168.225569
985.826070 439.734449 93.476465 168.316312
986.252888 440.791993 93.381389 168.042252
985.779740 441.540247 94.047311 169.006965
985.702817 442.645698 93.993174 169.234708
985.532190 443.987154 94.435542 169.215593
985.620584 444.643625 94.594134 169.417111
985.121891 446.101431 94.860610 169.765206
985.046996 446.926965 95.404013 170.037805
984.638495 447.723935 95.938366 170.647484
984.342631 448.925297 96.137441 171.016162
984.611087 450.755522 96.128786 170.594582
983.934950 451.724611 96.489680 170.647381
984.327282 452.320029 96.637176 171.703264
984.329372 453.351068 96.510767 172.655031
983.562918 454.802385 97.032088 172.216562
984.142016 456.672037 97.076011 172.414811
983.741942 458.441053 98.010922 172.069712
983.618603 460.015292 98.104057 172.075900
983.499053 462.450524 98.618600 171.303187
983.618603 464.164631 98.442512 171.095685
983.683233 464.609898 98.809394 172.481304
983.911557 465.520545 98.161276 172.651653
983.674470 467.161140 98.738773 172.752318
983.435740 468.620741 98.920645 172.624343
983.615569 470.103120 98.502783 172.810339
983.315748 471.271831 98.813685 173.221067
983.372790 471.793277 98.767474 174.113405
983.611777 473.593438 98.804025 173.387679
983.252781 474.614875 98.830749 174.204399
983.250391 475.476330 98.672927 174.339195
983.139841 477.007411 98.761517 173.890867
983.553138 478.191565 98.234358 174.457884
983.376626 478.660660 98.127011 174.742040
983.080404 480.183681 98.593414 175.296736
982.899018 481.218791 98.443844 175.001472
982.904419 482.290969 98.132322 175.518116
982.310386 483.461220 98.443165 175.264049
982.255457 484.758532 98.257481 175.549285
982.018232 485.580240 98.324607 175.977959
981.724634 486.798018 98.491784 176.002016
981.368137 487.560444 98.450684 176.743312
981.306680 488.663336 97.954742 177.135570
981.132932 489.543706 97.864018 177.592240
980.722270 491.004551 98.161085 177.036732
980.006673 492.063467 98.763197 176.478758
979.306681 492.663332 99.146528 177.979637
978.824705 493.423929 99.014916 177.678271
978.294524 494.506498 99.184372 177.775442
977.582380 495.144348 99.143547 177.464720
976.990836 495.986878 99.431149 177.801830
976.460516 495.570651 99.151831 177.777957
976.005355 496.385955 98.834226 177.811718
975.595648 496.780606 98.599053 177.242353
975.005813 497.101483 98.770909 178.023873
974.173317 496.864404 98.851274 178.325746
973.703737 497.059312 98.795280 178.463302
973.777553 497.423939 98.005192 178.267214
972.703743 496.972975 98.959558 178.223199
972.482621 497.241833 98.470863 178.702468
971.703760 497.017535 98.795280 178.164170
970.945278 497.059312 99.065202 179.392682
970.355232 496.320603 98.792686 179.263186
968.970669 496.554648 99.589887 180.308996
968.054130 496.756597 98.926767 179.565098
966.931347 496.339660 99.216524 179.492018
965.625514 496.893774 99.522417 179.022212
964.748167 498.112301 99.286072 179.414767
963.254936 498.748618 99.892964 179.693208
962.442792 499.429923 99.538123 179.826148
960.972562 499.417136 99.648802 180.858788
959.665647 500.403320 99.901980 180.429761
958.974786 500.725872 99.479140 181.277959
957.383718 501.373816 99.770702 181.378134
956.465770 502.144867 99.275378 181.785388
955.038840 503.083342 99.588152 181.588842
954.100174 503.154874 99.072017 181.660489
952.445277 504.034454 99.709080 181.912210
951.386665 505.083353 99.598711 180.561282
950.585103 505.034458 99.210490 181.826265
950.007143 505.651322 98.619873 181.420549
948.688596 506.015927 99.406065 181.837987
948.422410 506.527472 98.090646 181.287898
947.892519 506.243560 98.088423 182.460447
947.481141 506.816524 98.086546 181.764259
947.187013 507.572039 97.793902 181.710461
946.422148 507.456203 98.427042 181.459407
946.653052 507.767612 97.898105 181.744351
947.565860 507.953931 97.848545 182.414425
949.146684 507.354691 98.164695 182.563722
951.201586 507.318097 98.414716 182.862657
954.171496 508.589425 97.785012 181.996903
957.916130 508.268805 98.280531 181.902074
962.420907 507.039997 97.955779 182.282025
966.420846 505.913860 97.694319 182.238233
971.215436 504.597580 97.762811 181.707875
976.434244 502.755140 97.477344 182.397289
982.068481 500.449688 96.516947 183.193814
986.107980 498.591733 97.282541 182.984767
991.596856 496.706059 96.648825 183.106744
995.794630 493.174158 96.936679 183.130193
1000.429609 490.538301 96.896174 183.445143
1005.384507 486.765473 96.665610 183.530728
1010.384506 482.780649 96.795882 183.941539
1014.700013 480.589544 97.075315 183.883649
1018.733215 478.396036 97.394087 183.822830
1021.313097 479.092650 97.488726 183.528001
1021.410255 479.843154 96.875403 183.431911
1020.716137 479.976971 97.397631 182.685563
1020.537109 480.081029 97.330273 183.115666
1020.640129 479.976971 96.700247 182.941453
1020.869550 480.143669 96.411333 183.396573
1020.304124 480.143669 97.223709 183.827131
1020.581539 480.153401 96.590614 183.518794
1020.239033 480.354702 96.987971 183.936326
1020.675440 480.691044 96.137708 182.889732
1020.399208 480.932023 96.408277 183.459521
1020.472147 480.704228 96.358272 183.064126
1020.240396 480.744573 96.701545 183.646971
1020.411533 481.103032 96.251048 183.328588
1020.565840 481.493993 96.075061 183.381580
1020.298097 480.737978 96.418707 184.309365
1020.639594 480.913861 95.909679 183.689229
1020.132597 480.801228 96.527418 183.817050
1020.562004 481.040013 96.026457 183.820722
1019.941023 481.206298 96.699877 183.937160
1019.478276 481.040013 96.432194 183.992688
1019.007649 480.470784 96.206454 184.561917
1017.833574 480.753946 96.518216 184.288290
1017.010593 479.741953 97.012127 184.438800
1017.109282 477.534044 96.648555 183.667467
1017.148708 474.481804 96.305216 184.415757
1017.450717 470.833097 95.796963 183.283863
1017.644005 465.556266 95.618729 183.241298
1017.285751 460.804200 95.845588 183.357080
1017.731384 454.576982 95.060888 183.926333
1017.512344 450.135666 95.506874 183.108290
1017.793366 446.775658 95.337973 183.551384
1017.737363 445.387015 95.393976 184.738267
1017.340009 445.325832 95.962328 184.386490
1017.759556 445.325832 95.580805 184.214412
1017.957248 445.704221 95.683648 183.750040
1018.095337 445.293959 95.509110 184.581616
1017.980045 445.389004 95.907763 184.323317
1018.316444 445.515236 95.797308 184.455565
1018.260635 445.407308 95.740050 184.453427
1017.810520 445.389004 96.303233 184.065257
1017.468800 445.291856 96.985110 184.603841
1017.180382 445.553022 97.218842 184.732413
1016.477789 445.256097 97.507548 185.347341
1016.361776 445.542030 97.681589 184.812388
1016.064482 445.383150 97.621193 184.874244
1015.540575 445.952796 98.488762 184.391042
1015.842405 445.732389 97.737800 183.660821
1015.715972 445.741864 98.139515 184.024563
1015.245955 445.383150 98.783381 183.841183
1015.535525 445.289590 98.080744 183.682432
1015.361708 444.920532 98.195321 184.242667
1015.303676 444.510068 98.312593 184.833769
1015.303676 444.879269 98.312593 184.792019
1015.823085 444.752922 97.793184 184.918366
1015.937412 444.400334 97.563894 185.174864
1016.411868 444.309941 97.812043 184.611166
1015.716113 444.510068 98.313223 184.833769
1016.064352 444.816115 98.138802 184.855173
1016.294202 444.846078 97.908952 184.988373
1016.361776 445.036438 98.024783 184.884533
1016.361776 445.352767 98.369516 185.088479
1016.477897 445.372782 98.081688 184.347260
1016.593221 445.856550 98.023032 184.497868
1016.708337 445.700092 97.907915 184.298317
1016.540556 444.809855 98.488762 185.102378
1017.294260 446.472255 97.678852 183.342203
1016.715930 446.342050 98.139515 183.588202
1017.448653 445.793466 96.993717 183.341564
1016.891312 446.354058 97.904280 183.628194
1016.363360 446.216347 98.492084 183.800042
1016.774415 446.456052 97.911240 183.111790
1016.824753 447.092650 97.672484 182.751541
1016.539997 447.255627 98.141573 182.068815
1016.598782 447.540181 98.196810 182.664716
1017.450717 447.754411 96.817803 181.484697
1017.068191 447.423538 97.492378 182.543463
1017.065605 448.015931 97.502020 181.752424
1016.950416 447.682002 97.557281 181.402171
1017.114781 447.408124 97.146906 182.546000
1017.565835 447.268824 96.528846 182.585094
1016.950416 447.844103 97.443743 182.452528
1017.283309 447.291844 96.584118 181.860234
1016.827821 447.444817 97.093027 182.529729
1017.112602 447.143678 96.754825 182.539152
1017.171866 447.243548 96.748982 182.889740
1017.169606 446.955626 96.584460 182.641793
1017.171866 447.429915 96.635648 182.617431
1016.942901 446.611354 96.751506 182.727377
1017.283162 447.236003 96.941545 182.332750
1017.240361 447.491949 96.927329 182.727396
1016.826115 447.179785 96.927951 182.413921
1016.812817 447.367825 96.808507 182.765464
1016.699127 446.801237 96.808583 183.133199
1016.810536 447.268824 96.757105 183.271427
1016.923660 447.291844 96.416701 182.455899
1016.885418 446.969962 96.808989 183.584148
1016.980061 446.976960 96.473864 182.600381
1016.585037 446.969962 96.809134 183.412457
1016.810536 446.534188 96.529826 183.128335
1016.926127 446.493996 96.354735 183.553350
1017.112602 446.767135 96.641464 183.601228
1017.226495 446.704229 96.527571 183.836022
1016.939456 446.407292 96.646962 183.511121
1016.697029 445.787480 96.870612 184.589803
1016.977844 445.838051 96.421422 184.264513
1017.053757 445.976975 96.759353 184.227922
1016.594144 445.901219 97.105544 184.201346
1016.295522 445.584980 97.217521 184.259211
1015.832678 445.521583 97.566587 184.236585
1016.109310 445.300555 97.104207 184.293252
1015.715972 445.718148 98.025163 184.162297
1015.423050 445.446619 98.148442 183.949334
1015.766353 445.110716 97.790676 184.828522
1015.708353 445.352767 97.792953 184.654801
1015.994431 445.001376 97.621837 184.652487
1016.064482 445.831582 97.621193 184.118667
1016.109310 445.237333 97.447720 184.615499
1015.832639 445.678949 97.967410 184.433292
1015.599203 445.700092 98.200846 184.298317
1015.890749 445.889711 97.794926 184.194988
1016.392381 445.573461 97.164648 184.597566
1015.949002 445.930323 97.906485 184.355113
1016.179798 445.826530 97.620251 184.344497
1016.064482 445.763330 97.850096 183.976592
1016.166127 445.489953 97.505803 184.276474
1016.392381 445.615995 97.164648 183.891599
1015.598864 446.005134 98.256623 183.433533
1016.166127 445.489953 97.505803 183.759306
1016.122712 446.154883 97.847203 183.033937
1015.304274 445.879655 98.665641 183.731209
1015.832639 445.889711 97.853035 183.420413
1015.832678 445.964328 97.680365 183.793840
1015.890888 446.153390 97.736125 183.518794
1015.890888 446.216347 97.850247 183.713905
1015.540156 446.090414 98.315330 184.270983
1016.164854 446.141858 97.336452 184.461580
1015.938282 446.110708 97.618747 184.396878
1015.881062 446.363731 97.675968 184.575499
1015.540575 446.636796 98.030917 184.103127
1015.938282 446.700092 97.504115 184.039831
1015.938282 447.027396 97.389560 183.902852
1015.481334 446.901214 97.917932 184.373850
1016.032017 446.763331 96.882579 184.321369
1016.053745 446.901214 97.100614 184.546546
1016.279436 447.027396 96.934080 184.333997
1016.007001 447.279204 97.506042 184.255000
1016.784542 447.237336 96.428974 183.754013
1016.354126 447.291844 97.213515 184.258039
1016.410238 447.426868 97.102805 183.650388
1016.583122 447.312644 96.870802 183.782246
1016.468815 446.996051 96.871546 183.328384
1016.640114 447.228959 96.813811 183.803727
1016.583122 446.976960 96.870802 184.055726
1016.865100 446.901214 96.420541 183.942972
1016.697029 446.913846 96.756896 184.204900
1016.751992 446.964324 96.647273 183.965923
1016.923660 446.913846 96.416701 184.291036
1017.316460 446.724217 96.137465 184.308469
1017.316460 446.407292 96.023901 184.625394
1017.167676 446.186140 96.532011 184.597125
1017.053757 446.122817 96.532661 184.660448
1016.977844 445.932583 96.421422 184.850682
1017.756046 445.774827 95.643220 185.105614
1017.224483 445.869088 96.475205 185.259565
1017.672951 445.729879 95.971404 185.295833
1017.808552 445.648320 96.477047 185.232121
1018.257901 445.475073 95.800946 185.983779
1017.995409 445.411256 96.196757 185.874171
1018.532720 445.729879 95.583636 185.642260
1018.619372 445.614652 95.628320 185.687000
1018.787137 445.167612 95.573290 185.961041
1018.561053 444.949077 95.743904 185.844691
1018.504945 444.885239 95.912995 185.995201
1018.109332 444.983984 96.308608 185.648492
1017.938304 444.857022 96.253862 185.775454
1017.693774 444.920532 96.422583 185.798887
1017.580263 444.937562 96.422756 186.012689
1017.409220 444.809855 96.480615 185.966893
1017.523345 445.001376 96.366490 185.862123
1016.716095 444.873728 97.286924 185.989772
1016.121955 445.372782 97.507299 185.732951
1015.890910 445.372782 97.738343 185.907069
1015.993748 444.749884 97.565867 185.805011
1015.774780 444.991003 97.968906 186.288847
1015.717393 445.363484 97.969027 185.722360
1015.477927 445.390498 97.966705 185.510621
1015.477927 445.689671 98.081688 185.590179
1015.650768 445.772700 97.793864 184.782195
1015.303676 445.889711 98.312593 185.321254
1015.535631 445.581821 98.023984 184.973074
1015.419812 445.816114 97.966763 185.115694
1015.070210 445.272559 98.431096 185.388971
1015.304178 445.469117 98.140454 185.213990
1015.179499 444.991003 98.138918 185.420226
1015.465563 445.279744 97.968367 185.229246
1015.419812 445.182085 97.852185 185.402452
1015.179499 444.799478 97.908509 185.525155
1015.294222 444.836247 97.793787 185.585725
1015.294222 444.415232 97.793787 185.649999
1015.179499 444.816115 97.678794 185.638085
1014.716581 444.671589 98.141713 185.048453
1015.064372 444.436245 97.679334 185.669488
1015.064372 444.372782 97.564901 185.907069
1014.832922 444.436245 97.910784 185.756547
1014.708212 444.198818 97.851432 185.269685
1014.419828 444.054717 98.081494 185.703360
1014.765530 444.279735 97.909252 185.403362
1014.482702 443.927213 98.146571 185.570651
1014.246098 443.836237 98.313547 185.411879
1014.187872 444.026576 98.256789 184.874544
1014.187170 443.909579 98.314152 185.271333
1014.187872 443.899754 98.486910 184.741621
1014.303692 443.752922 98.312593 184.918366
1014.477732 443.752922 98.138552 184.918366
1014.361808 443.436245 98.254477 184.974985
1014.361808 443.054717 98.139514 185.010514
1014.419828 442.909595 98.081494 185.358046
1014.477956 443.026586 98.196826 184.614799
1014.187170 442.591669 98.314152 185.156313
1014.351458 442.879270 97.851736 184.445365
1014.122148 442.636794 98.021984 184.620598
1014.064442 442.573459 98.079690 184.597566
1014.006640 442.446617 98.022657 184.293303
1014.006640 442.383148 97.907898 183.926974
1014.335925 442.237339 97.566168 184.356474
1014.186815 441.857028 98.141054 184.564396
1014.187170 442.099798 98.199420 183.614482
1014.245205 442.430879 97.854167 183.594836
1014.064913 441.774824 97.905011 183.897358
1014.064913 442.368443 97.790582 182.966833
1014.065651 441.879662 97.729987 183.387006
1014.180432 442.005141 97.560711 182.918202
1014.583153 441.816817 97.098464 182.678479
1014.187060 441.452146 97.793902 183.145272
1014.122720 441.090416 97.618423 182.724954
1013.891358 440.730813 97.790259 183.215863
1014.224522 440.059458 97.272754 183.264985
1013.422112 440.255616 98.373526 182.925138
1013.540165 439.458154 98.200978 183.015925
1013.598872 439.780690 98.142271 182.462465
1013.709688 438.913854 97.673095 182.748677
1013.303672 438.980630 98.193604 182.450978
1013.303672 439.005142 98.079111 181.044364
1013.470590 438.157999 97.264655 182.198597
1013.008665 437.932021 97.726580 181.576659
1012.422159 437.368436 98.199206 181.461677
1012.595098 436.619378 97.499552 181.464793
1011.773941 436.345670 98.373932 181.755655
1012.181305 434.976972 97.728575 182.175119
1011.422066 434.855817 98.487814 182.148015
1011.767272 434.354699 97.729978 181.712510
1011.069564 433.994414 98.253038 181.940023
1011.239018 433.793328 97.670878 181.104238
1010.595140 432.781473 98.439117 182.149898
1010.481095 431.787465 98.314513 182.279737
1010.996665 431.291860 97.271856 182.285497
1009.892508 430.578291 98.202164 182.592595
1010.898491 430.380569 96.828102 182.029243
1009.714473 429.086982 98.319769 183.269622
1009.949027 429.180954 97.678011 181.698209
1009.303607 428.179779 98.090571 182.839908
1009.824742 427.565091 97.329618 181.823302
1009.596452 426.718566 97.211029 182.893801
1009.810566 426.103032 96.871050 182.134015
1009.363466 425.744564 96.992574 182.445907
1008.892159 425.179782 97.275564 181.565750
1008.712313 424.619371 97.208487 181.889297
1008.304980 424.095346 97.502485 181.920990
1008.298109 423.556724 97.209635 180.850977
1008.184217 423.009310 97.262840 181.429342
1008.868675 423.154161 96.943609 180.014981
1008.131041 423.325271 97.217200 180.126729
1007.836215 422.646794 97.211065 179.455422
1007.307704 422.433416 97.377957 179.343555
1007.013703 421.252608 97.197490 179.603328
1007.005194 420.627246 96.793335 179.145241
1006.718906 420.451091 96.792526 178.418298
1006.711043 419.185375 96.437809 179.023639
1006.711043 418.247626 96.325486 178.878253
1006.768290 417.372013 96.155991 178.753867
1006.126799 415.788318 96.434535 179.009723
1006.008183 415.052900 96.278893 179.493760
1005.776918 414.327567 96.398270 178.708661
1005.538626 413.558259 96.050038 178.567625
1005.126786 412.515605 96.210374 178.372647
1005.298852 411.222699 95.703336 178.325944
1005.227423 410.056769 95.522555 178.419588
1005.114203 409.056766 95.301415 178.253886
1004.758167 407.969416 95.293316 177.928869
1004.401810 406.163124 95.508595 178.404367
1004.758167 404.184053 95.070940 179.375212
1004.452705 403.701560 94.962929 178.601831
1004.175823 402.722111 94.956052 178.258997
1004.005292 401.969412 94.905655 177.680715
1004.045160 400.681911 94.169856 178.059500
1003.910998 399.619930 93.828102 178.121478
1003.442084 398.594910 93.930802 178.727352
1003.490900 397.557927 93.944339 178.266075
1003.386527 397.237643 93.876428 177.586356
1003.359507 396.075656 93.317356 177.755218
1002.973316 395.812632 93.484534 177.431533
1002.169878 394.803121 93.920860 177.448153
1002.194526 394.392745 94.032642 176.604945
1001.661219 393.720960 94.429520 176.777803
1001.526149 393.178756 94.150678 176.240080
1001.057572 392.627759 94.142732 176.125958
1000.306481 391.468916 94.416992 176.218049
999.489895 391.206500 94.929943 175.962326
998.555149 390.781828 95.451380 175.647586
997.555185 389.538215 95.672019 175.973161
997.023782 388.819344 95.459203 175.438832
996.547077 388.448222 95.313856 175.720609
996.186715 387.781833 95.261791 175.565662
995.202378 387.869561 95.935653 174.641820
994.854046 386.842642 95.786031 174.525716
994.327312 386.949967 95.725658 174.474643
994.135757 385.930096 95.358824 174.348785
993.951377 385.291401 94.955249 174.653432
993.207850 384.713594 95.478036 174.721376
992.733933 385.069098 95.539473 173.536122
992.731026 384.075651 95.054783 173.640295
992.271615 384.111231 95.349071 173.736881
992.256124 383.556399 94.952295 172.997538
992.248051 382.762002 94.197112 173.607741
991.623566 382.484422 94.602861 173.712108
991.262958 382.594759 94.223202 173.508903
990.623616 381.946017 94.275885 172.711411
990.384227 381.512130 94.037138 173.117028
990.115810 380.908643 93.632347 172.734301
989.619252 380.827348 93.736614 172.626288
989.256231 380.294263 93.578253 172.108424
988.638485 380.253256 93.914064 172.052704
988.208297 379.481392 93.452299 171.140242
987.636677 377.937450 93.370599 172.866153
987.346737 377.768289 93.226287 172.199277
986.171199 375.096075 93.902448 174.065806
986.438979 374.881468 93.047221 173.895529
985.836353 373.887701 93.367913 173.593808
985.592344 372.913803 93.025431 174.365052
984.441102 372.609671 93.763191 173.924810
984.304247 370.858718 93.378106 174.687641
984.107334 370.881457 93.270036 174.467747
983.805529 370.343692 92.985294 173.555581
983.030197 370.709172 93.695836 173.232287
982.327264 370.033782 93.660611 172.707150
982.013007 369.928417 93.342816 172.296273
981.823846 368.906782 93.053255 172.737599
981.377345 368.182590 93.067398 172.720412
981.318801 367.660147 92.938681 173.130977
980.957039 367.353673 93.182220 172.937768
980.768380 366.338021 92.676366 173.064679
980.768380 366.016532 92.676366 173.424201
980.622258 365.036928 92.193385 173.285233
980.133883 364.600617 92.509507 174.003036
979.924977 364.333085 92.153991 173.458230
979.466981 363.427696 92.069262 173.943723
978.934430 362.762471 91.973463 173.947675
978.949726 362.660160 91.758365 173.780581
978.796613 361.581779 91.739638 174.371442
977.823784 361.578128 91.977225 173.632246
977.859721 361.421702 91.048178 173.775047
977.438276 361.987228 91.192121 173.288346
976.916454 363.689119 91.447940 173.878550
976.632233 367.812289 92.011190 173.920093
976.099706 373.013476 92.129796 173.229816
975.687137 376.982748 91.956295 174.000549
975.373273 383.356565 91.963733 172.559517
975.219728 387.260056 91.944681 173.302454
974.741950 392.277297 91.794335 173.377279
974.467023 398.878566 91.855422 172.450342
973.916506 403.418679 91.661585 173.646047
973.796583 409.987740 91.632628 172.679563
972.862957 416.669047 92.076070 172.664468
973.138331 421.807745 91.026070 173.509875
972.655387 428.201883 91.401918 173.383443
972.054805 436.307079 91.575626 172.214730
971.774760 444.283989 91.430855 172.308329
971.340005 451.211316 91.651724 172.360652
971.079688 459.284002 91.605458 171.712298
970.653335 465.048238 91.858762 173.185854
970.383778 470.209489 91.780595 172.772159
969.999606 472.727633 91.950717 171.935024
969.310734 472.726823 91.947056 171.736242
969.065191 472.609182 91.819839 171.210752
968.708379 472.095729 91.910520 171.623842
968.720812 471.859854 91.270979 171.218164
968.076015 471.759034 91.849528 171.137162
967.708410 471.759034 91.910520 170.657225
967.948288 471.187377 91.083864 170.886296
967.472406 471.027082 91.599224 170.623648
966.939110 471.181309 91.612936 169.732680
967.060415 470.632019 91.317793 169.878413
966.509846 470.690513 91.868362 168.948952
966.154294 470.061600 91.849395 169.707677
965.565361 470.215061 92.239112 169.613503
965.252890 469.598125 91.925474 170.875588
965.131253 469.389564 91.794292 170.528491
964.993787 468.656250 91.558287 171.497353
964.708360 468.346584 92.017547 171.389433
964.321010 468.448232 92.297870 170.869995
964.460612 468.330886 91.464935 170.347688
963.528974 468.494426 92.329782 170.076477
963.939116 468.402911 91.506316 170.493289
963.527033 468.552658 91.544591 170.498100
962.920776 468.246190 92.150848 170.827489
962.927582 468.461204 91.691289 170.675607
962.387451 468.304943 92.164650 170.210685
962.241424 468.110872 92.111597 170.625146
962.131256 467.935134 91.900901 170.800884
961.965281 468.110872 91.960267 170.145746
962.102804 467.948532 91.449276 170.045294
961.786300 468.098801 91.698179 169.729761
961.690377 467.514896 92.023803 169.995525
961.581574 467.901173 91.596783 169.271175
961.264741 467.819482 91.526522 169.904098
961.494045 467.280139 90.990460 171.027075
961.588676 466.774570 90.856762 172.422273
961.522760 467.448228 90.989361 172.239417
961.253652 466.790085 91.258469 173.170841
960.697538 466.809147 91.987591 172.818446
960.763335 466.032966 91.615733 173.191249
960.924593 466.105775 91.347055 171.877007
959.929001 466.623902 92.796959 170.854695
960.449281 466.857555 91.649354 170.300463
959.865122 467.065000 91.993628 170.569077
960.481410 467.110873 90.857672 169.509276
960.290750 466.725590 90.913597 170.573654
959.841289 467.156947 91.324674 169.512464
959.919570 467.331183 90.871673 169.258683
959.795636 466.608573 91.794175 169.578060
959.509814 467.478624 91.762149 168.773312
959.648389 467.482013 91.036845 168.625522
959.497119 467.663133 91.014685 168.494984
959.682060 467.344220 90.453889 168.439823
959.949387 467.412042 90.081093 168.578073
959.749914 467.871705 89.896967 167.723231
960.026158 467.737329 89.138710 167.296671
959.566293 468.062616 89.425154 167.352345
959.619498 468.233953 89.267778 166.867059
959.312953 468.439418 89.300188 166.374163
959.487540 468.387906 88.951359 166.543434
959.169799 467.413738 89.269100 167.205225
959.206979 467.839303 89.406163 166.990566
959.206979 467.037510 89.510655 167.870867
959.455344 467.113009 89.122853 167.886830
959.297293 465.896484 89.280904 169.182066
959.334726 465.717571 89.416927 169.510236
959.319762 465.891759 89.605315 169.415395
959.267115 466.065576 89.763361 169.082956
959.108399 466.986206 90.125001 168.400294
959.017113 467.818835 89.734540 167.586861
959.032031 467.882693 89.755406 167.645815
958.818186 467.767289 90.179122 167.526174
958.710300 467.564938 90.085439 167.626087
958.815966 467.392196 90.085474 167.798828
958.696196 467.564938 90.160449 167.940698
958.534472 467.622436 90.322173 167.804512
958.480359 467.276795 90.586657 168.071430
958.642414 467.354391 90.329212 167.453744
958.497863 467.161254 90.668477 167.559221
958.317528 467.189602 90.434125 167.979149
958.695311 466.844292 90.064585 167.773277
958.868658 467.023804 89.927081 167.324420
958.764493 467.285311 89.918289 167.635854
958.763185 467.170484 89.401716 167.201319
958.725683 466.833570 89.684065 167.738683
958.551117 467.514456 90.033711 166.544431
958.406073 467.119755 90.003675 168.004425
958.551117 466.786593 89.718573 167.673962
957.960308 466.679899 90.309382 167.589707
957.696187 466.449799 90.476199 167.349012
957.371896 466.852027 90.906080 167.732401
957.589454 466.871713 90.276262 167.644343
957.283935 467.138100 90.511768 167.604020
957.068516 467.875777 90.727186 167.214133
956.413315 468.138101 91.066303 167.604020
956.853507 468.613005 90.383711 166.824190
955.781818 468.913875 91.425952 167.322256
956.215958 469.271720 90.808755 166.301311
955.892530 469.518718 91.209919 167.210991
955.892148 470.046395 90.867798 166.335672
955.385955 470.367932 91.403928 166.396062
955.696168 471.046645 90.687519 165.752186
955.671631 471.123710 90.517962 166.392578
955.548733 471.461855 90.238680 166.013483
955.400460 472.028703 90.526507 166.229201
954.974719 472.518742 90.803154 165.333866
954.779454 472.858364 90.991228 165.189035
954.563442 473.307059 91.526228 165.130999
954.482269 473.479215 91.137581 166.093054
953.837257 474.440824 91.634544 165.514719
953.391413 474.593988 92.027518 166.091445
953.263018 474.989569 91.972223 164.600928
952.869890 475.254299 92.649842 166.003594
952.900376 476.009278 92.071279 165.642068
952.742693 476.888870 91.956463 165.145152
952.447485 477.141558 92.289314 166.588160
952.289751 478.178521 92.107289 165.003604
952.276952 479.100134 92.206980 164.958741
951.947702 479.254666 92.536229 165.180674
951.518416 479.777067 92.754218 166.043977
951.700308 480.739896 93.145360 165.303783
951.675781 480.896281 92.561441 165.442066
951.266285 481.496942 93.344696 165.615526
951.589316 482.528805 92.717712 165.097715
951.713109 483.230384 93.113446 164.603810
951.913014 483.721115 92.253358 165.627103
951.768505 484.553058 92.306268 164.464797
951.947702 485.316953 92.108329 164.392648
951.740008 485.927133 92.030675 165.487835
951.523503 486.159426 92.389791 165.874568
951.657590 486.781471 91.938023 167.655877
951.932780 487.519888 91.214771 166.689275
951.468477 487.932677 91.804121 167.552098
951.551911 488.895749 91.862211 167.045905
951.837836 489.726430 91.239910 165.846596
951.371783 490.593989 91.511567 165.308754
951.331500 491.197941 91.991664 165.668084
950.912978 491.820472 92.094298 166.213526
951.480365 492.329923 91.862099 166.759981
950.506268 493.347334 92.359432 166.721953
950.810908 493.895768 92.014710 166.102782
950.768566 494.612457 92.092945 166.951459
950.589312 495.293127 92.343011 166.964465
950.254096 496.179792 92.411783 167.156879
950.442217 497.367446 92.025299 165.841732
950.136359 498.215811 92.669830 166.289829
950.400121 498.726417 92.424761 166.789624
950.589312 499.293106 92.129813 167.678053
950.932755 499.949742 91.748901 166.944637
950.619739 500.783086 92.205142 167.286213
950.824413 501.235322 92.125828 167.764145
950.963379 502.144113 91.825471 167.836263
951.148309 502.777909 91.533347 167.667893
950.755650 503.895770 92.123285 167.757764
950.743248 504.576706 92.473750 167.819721
950.908492 505.257161 92.254841 168.147576
950.908492 506.143106 92.469712 168.182002
950.652430 506.857206 92.564294 168.229382
951.060402 507.254017 92.550141 168.973291
950.753401 508.051937 93.122294 169.400036
950.405801 508.675456 93.269453 169.863399
950.818169 509.380832 92.769333 169.537229
950.664448 509.990747 93.070492 169.803891
949.836565 509.974138 93.892548 170.745429
949.554782 508.868572 94.510158 172.355664
949.592344 510.145995 94.832286 171.714158
949.277918 510.415604 94.895883 172.444438
949.441119 512.029774 95.075305 171.667433
949.213079 512.047854 95.083017 171.987022
949.441119 512.738466 95.075305 172.284823
949.441119 513.504669 95.185742 172.437001
949.780215 513.255969 94.957193 172.615071
949.795056 513.315008 94.814600 173.126162
949.884267 512.522525 94.976338 172.955562
950.805502 511.761978 93.859075 173.933465
950.472185 510.765770 94.302344 174.349349
950.519792 510.522501 94.541965 174.091417
950.575412 510.992800 94.486345 172.956588
950.441091 511.255960 94.800013 171.885609
950.814481 510.750287 94.943442 171.829737
950.400464 510.224479 95.307028 172.242737
951.004317 508.946012 94.788427 172.068612
950.515832 508.740104 96.019658 173.446486
951.678338 507.593162 94.449645 173.538757
950.337930 507.663093 96.135305 172.316887
951.464129 506.522528 94.874717 172.471703
951.098512 506.325402 95.528366 172.722061
951.263001 505.161995 95.764342 172.671297
951.376846 504.457817 95.873294 173.247511
951.256086 503.436492 96.286075 173.117451
951.323308 503.034368 95.693911 173.494471
951.142018 502.316372 96.962915 172.914199
951.553080 501.492024 96.635541 173.616008
951.849213 500.171182 96.312740 174.434033
952.413408 499.448228 96.039141 174.572132
952.888272 498.568812 95.862887 175.106643
953.300302 497.239610 95.259133 175.850473
953.413446 497.026909 95.870856 176.382908
953.911020 495.912086 95.214777 176.005872
953.888307 495.664457 95.806908 176.166404
954.350962 495.364595 95.607026 176.045672
954.197231 494.758513 95.949880 175.663669
954.541450 494.001478 95.939967 175.256698
955.001203 493.361207 96.255276 175.893135
955.463748 492.823213 95.886325 175.341291
955.662237 491.543299 97.263269 176.287579
955.841435 492.043120 96.433050 175.765196
956.407425 491.156034 96.393210 175.597837
956.598516 490.520599 96.274865 175.808469
957.181120 489.880078 95.832852 175.542105
957.300303 489.117841 97.169785 176.465666
957.474435 488.288437 96.925105 176.774068
958.723848 487.776167 97.040318 176.866085
958.841426 487.471666 96.321415 176.673518
958.661529 486.707051 97.261813 176.283493
959.015251 486.316912 96.763447 176.996005
960.503118 485.227262 96.657606 177.249095
960.837110 484.747757 96.789418 177.223438
961.227470 484.532653 96.534708 176.695204
961.706770 483.461880 96.401172 177.602107
962.584361 482.859355 96.455420 177.120524
963.059754 482.349563 96.743885 177.458765
964.027839 481.808915 96.544358 178.077762
964.640269 481.573714 95.696866 178.561923
965.281801 480.142524 96.227143 179.077746
965.967273 479.682152 96.785828 179.696618
966.518859 480.293217 96.166787 178.315857
967.663346 478.788318 96.380121 179.342898
968.492696 478.697637 96.080245 179.427716
968.748771 479.188580 96.100345 178.936773
969.279154 478.654883 96.207788 179.061387
970.298860 477.682154 96.754713 180.032611
970.631967 479.446242 96.505988 179.446771
971.218501 479.954546 96.671814 179.763415
972.433202 479.663920 96.141830 180.461534
972.405420 481.015506 96.732517 180.127121
973.210751 480.564932 96.895158 180.296082
973.818480 482.241839 96.567421 180.060366
974.126170 482.802312 97.747890 179.949630
974.589944 483.398760 97.192800 180.141776
975.736772 483.045705 97.924922 180.560935
975.827790 484.505263 98.005395 180.192476
976.779272 484.133954 98.335654 180.289926
977.552897 484.955130 98.803555 180.828015
978.036568 485.818028 99.258546 180.352873
979.132563 486.048268 98.995575 180.715678
980.019058 486.510415 99.109107 181.086996
980.833039 487.525933 98.076857 181.248853
982.170691 487.429920 98.733656 181.163786
982.537155 488.770592 98.703815 181.262109
983.546090 489.077920 98.808363 181.092974
984.065652 489.940768 99.054106 181.427592
984.731451 490.250281 99.823191 180.988818
985.824747 491.111248 99.585531 181.327423
987.073272 490.878633 99.481395 182.474009
987.774415 491.948485 98.715436 182.308900
988.714362 492.092653 99.741016 181.637308
989.477839 492.836725 98.713083 182.524675
990.144528 493.217107 100.062883 182.369207
990.716116 494.473896 99.995880 182.187632
991.625523 494.581409 100.516982 181.958284
992.186716 496.087872 100.642575 182.006337
992.632591 496.294993 101.534984 181.563595
993.835174 497.184128 100.997313 181.967506
994.419819 497.443358 101.058527 182.535509
995.450418 497.409895 101.433868 182.799673
996.391394 497.998842 101.613343 182.613503
997.012128 498.866760 101.236909 182.177386
998.094374 499.008256 101.887968 183.056974
998.295461 499.276200 101.896744 183.429989
999.332988 499.553262 103.008162 184.162626
999.694978 500.602435 102.618264 183.195492
1000.102271 500.263279 104.230727 184.680117
1001.477839 501.873301 103.023055 184.041478
1002.397244 501.405621 103.347980 184.739401
1003.457117 501.906468 103.600190 184.821386
1004.457108 502.435874 103.535959 185.215676
1005.477831 503.561825 102.783098 185.002112
1006.631375 502.978572 103.481313 186.262794
1008.084610 504.179965 102.898596 185.970533
1008.720003 504.676318 103.263071 185.975245
1009.731199 505.079110 103.389632 186.321736
1010.845418 505.609355 103.198389 186.453077
1011.812399 505.926818 103.892279 185.783996
1012.785356 507.434715 103.561821 185.953850
1013.725162 507.736500 103.318626 185.711168
1014.780264 508.624742 103.687781 184.939205
1015.234041 508.294069 104.051903 185.832529
1016.544008 509.116766 103.863960 185.681882
1017.056290 509.523430 103.624848 185.526399
1018.252705 510.154267 104.295942 186.216216
1018.507080 510.224673 104.293878 185.842218
1019.651481 511.151280 104.408909 186.368399
1019.921382 511.670656 105.619011 185.659014
1021.227999 511.542180 103.981475 185.931172
1021.561861 511.482058 104.300437 185.790445
1022.344242 510.842774 105.205378 185.818231
1023.228041 510.115109 105.137739 185.649870
1023.693393 509.179394 105.941686 186.196523
1024.925843 508.627395 105.623300 186.241563
1025.390556 507.646820 105.812906 186.125233
1026.700930 507.095653 105.625715 186.465600
1027.639068 506.114535 105.749245 185.529508
1028.639059 505.692008 105.564378 184.811940
1029.382419 503.665341 105.636781 186.306014
1030.275427 503.178794 106.375893 186.602365
1031.142747 502.500546 105.724698 186.260475
1032.155039 500.482246 106.429718 187.903256
1033.283690 500.198967 105.747992 186.466343
1034.335562 499.426372 105.983843 187.716654
1035.146174 497.929275 105.774679 188.337349
1036.128749 497.471477 105.478187 187.856766
1036.613994 495.480321 106.495531 188.913310
1037.828286 494.563446 105.405691 189.259637
1038.042694 493.042688 106.589040 189.502388
1039.513578 492.632672 106.018891 189.152646
1039.537937 492.603493 106.413344 188.575111
1040.011577 491.563442 106.592177 189.348458
1041.052732 491.878752 106.700561 187.187548
1040.885373 491.840317 107.377107 187.094078
1042.478732 491.456848 107.027157 186.383992
1041.758935 493.305551 108.282724 183.396874
1043.924057 494.484094 108.322515 181.182307
1044.514377 495.240528 107.442957 179.914744
1045.406181 496.553191 107.840248 177.327873
1046.175816 496.808887 108.395823 176.200095
1047.511322 498.306715 107.656324 173.210359
1047.955702 498.697387 108.206181 171.181436
1047.683162 498.892135 108.281465 169.952225
1047.881555 501.927865 108.875103 165.398943
1048.395464 500.020838 108.596553 166.359909
1048.116908 501.147832 108.867155 164.120503
1047.573752 501.632405 109.098578 162.722054
1047.579721 503.026189 108.235386 160.091830
1046.759427 503.582507 108.938989 158.927690
1046.430060 504.309383 108.847741 157.477023
1045.823768 505.143319 108.710050 155.337598
1045.699860 506.529973 108.422436 153.102711
1045.217250 507.006191 108.199088 152.045954
1044.544221 508.554086 107.597722 148.874938
1044.662557 509.261351 107.414917 147.467674
1044.254657 509.337172 106.914624 146.102307
1043.472877 509.071397 107.094147 145.441984
1043.694241 510.289121 106.152132 143.228810
1042.155158 509.683440 107.206552 142.568907
1042.160819 507.294452 106.781718 144.654729
1043.244960 514.273273 105.773364 136.671958
1043.383900 508.427320 105.545102 142.690125
1043.875140 517.984491 105.389679 134.569309
1043.972832 512.885128 105.590133 140.800770
1044.439245 519.825753 104.934683 134.877983
1044.184942 515.272928 106.317460 139.704159
1045.615085 523.169457 104.960167 132.839246
1045.172602 510.468440 106.297437 145.325958
1046.565609 509.707891 104.260150 147.302781
1047.337845 492.629427 103.625209 164.878280
1048.255613 490.227672 103.255392 166.766849
1050.542228 491.188920 101.373471 165.234816
1049.067193 483.342443 103.865453 176.197014
1050.063156 468.364976 103.986929 191.559617
1048.704454 469.643290 106.157094 190.581223
1049.465422 471.885279 105.871552 188.733914
1049.723742 472.924513 105.738364 188.785099
1049.967827 473.480991 105.749257 189.555289
1049.148821 470.492094 107.935546 192.944448
1048.808648 470.617622 108.063532 193.844611
1048.781487 471.484780 108.661704 193.822984
1049.067433 471.637300 108.048441 194.718588
1048.968546 473.350629 108.615985 193.527295
1048.942252 470.678517 109.291758 195.825982
1048.936160 471.992836 110.341317 194.732378
1049.737256 472.860678 110.324485 194.587430
1050.215405 474.059037 109.759572 193.865120
1051.139415 474.043614 109.884807 193.871977
1050.722480 475.177187 109.727012 193.702242
1052.521392 475.308758 109.407139 194.432607
1051.654849 476.375561 109.669372 194.119245
1052.632868 476.317094 109.845476 194.993416
1052.936127 478.238834 110.469547 193.949352
1052.867615 477.790167 112.107175 195.458477
1052.442339 479.036857 111.574024 194.910931
1053.379901 479.425393 111.846330 195.109656
1052.965961 480.429913 112.035199 195.136364
1054.185289 480.032300 111.373722 196.162697
1053.715610 480.966429 111.747913 195.135841
1054.839987 480.892495 110.803817 196.291848
1054.988170 481.767051 110.796154 196.451167
1055.511657 482.366995 110.594598 196.944623
1054.851505 483.099317 111.356218 197.025577
1055.351554 483.658157 111.399263 197.544822
1056.156699 483.986200 112.360206 198.404478
1055.916680 484.821449 112.098133 198.933521
1056.137664 485.483183 112.113339 199.555090
1056.143264 485.823696 111.535483 199.593050
1056.867452 486.550956 112.559923 200.055356
1056.620668 487.592791 112.162382 199.523405
1056.748565 487.823695 113.073666 199.781689
1056.962392 488.930532 112.022421 200.136268
1056.958086 489.436718 111.373586 200.113117
1057.278813 490.841794 112.412029 199.995027
1057.233444 491.504835 112.658552 199.666734
1057.502623 492.789938 113.900350 199.234017
1057.689440 492.503724 114.119185 199.291202
1057.754109 493.609859 116.242211 197.373950
1057.744883 493.479705 117.384910 196.665641
1057.320698 494.435926 117.600451 193.052173
1058.172956 495.353077 116.985399 194.652381
1058.127816 495.646534 115.957787 194.524661
1057.979757 495.486216 116.185779 197.419063
1057.967620 496.221878 114.974260 195.551589
1058.504987 498.087734 116.121121 200.485558
1058.683937 496.806815 116.460197 201.688987
1059.259202 499.047448 114.136549 203.035402
1059.716242 498.211505 113.843011 206.951315
1059.953284 498.696405 113.783049 205.923142
1059.928054 499.499748 113.762137 206.645801
1059.521045 499.580348 114.493563 206.448869
1060.056441 500.470260 114.638331 208.525381
1059.641411 500.512581 114.588189 210.934126
1059.998864 501.359196 113.771559 203.238581
1059.785904 501.910375 112.976188 201.243392
1060.202673 502.389558 112.722127 201.524742
1059.778860 503.209129 113.101835 201.557986
1060.278938 503.179141 112.646747 201.729658
1060.259205 503.661219 113.142026 196.932623
1060.027881 504.619498 114.214859 198.608356
1060.207247 505.070001 113.100435 199.422641
1060.435512 505.368541 113.110248 200.655417
1060.457778 506.208369 112.810970 201.087809
1060.323430 506.526502 112.879798 199.869243
1060.165843 506.845411 113.052432 201.126067
1060.054058 507.252375 113.086520 202.235111
1060.010007 507.754235 113.178918 201.858046
1060.211604 508.276255 112.975663 202.632560
1060.302116 508.128135 112.345540 204.299187
1060.392491 509.015534 112.106853 203.772940
1059.897254 509.474614 112.815607 201.558432
1059.924416 509.454921 113.713041 202.025583
1060.032652 510.232434 112.680209 202.424828
1059.531961 510.449423 113.263211 202.788353
1059.698050 511.091224 113.679666 201.982446
1059.829362 511.341679 113.210260 202.845549
1059.419579 511.536980 113.097837 203.206101
1059.763381 512.022129 113.614335 202.433713
1059.282032 512.504780 113.496121 202.526058
1059.501843 512.049402 113.875873 202.928827
1059.031569 512.293063 113.990473 202.823315
1059.585383 511.876440 114.112762 202.857164
1059.169767 512.154412 113.917859 202.961967
1059.169767 511.458007 114.114830 203.754226
1059.674690 511.205670 113.657497 203.847781
1059.333119 511.146155 113.736072 203.630729
1059.191553 510.796787 114.576253 203.596718
1059.057730 510.903765 114.142829 203.918591
1059.210137 510.544571 114.670063 203.689292
1059.084183 510.383016 113.834525 203.618674
1058.923162 510.215890 113.819538 203.657008
1058.597526 509.726766 114.823309 203.858328
1059.017063 509.723234 113.575546 204.324751
1059.454344 509.415630 114.184744 203.829700
1058.710796 509.555347 114.096221 204.363392
1059.144263 508.628002 114.044009 204.797479
1058.807428 508.923793 113.588014 204.591851
1059.258351 508.404146 113.961197 204.693826
1058.807428 508.374236 113.914757 204.191537
1059.221293 507.643564 113.174452 204.601775
1059.061948 506.995244 113.742387 203.675082
1059.059938 507.146164 113.289235 203.630729
1059.043491 506.726767 113.580383 203.475339
1058.991593 506.248090 112.835568 204.348071
1059.258464 506.177999 112.501851 203.651192
1059.369224 505.559311 112.539589 204.663699
1059.196217 505.164685 112.565904 203.560052
1058.829395 504.839639 113.079418 204.383368
1059.215160 504.656667 113.051201 204.120219
1058.854602 504.446148 112.907519 203.183281
1059.032685 503.489111 112.810750 204.830050
1059.148005 503.305536 112.397668 204.663414
1059.325516 503.037720 112.434800 204.943339
1059.467437 503.135603 111.905562 203.248037
1059.278970 502.673359 112.125810 204.034583
1058.965029 502.559326 112.357361 204.279636
1059.180915 501.615611 112.121069 204.884480
1058.649765 501.375839 112.394720 204.497055
1058.825780 500.403904 112.935528 205.384582
1058.827629 500.824861 112.306346 204.851742
1058.781657 499.741029 112.683418 205.227922
1058.742675 499.784392 112.217658 205.037968
1058.912257 498.741015 112.755671 205.324015
1058.606614 498.995252 112.483401 205.116413
1058.602363 498.007265 112.681409 206.684592
1058.178746 498.363070 112.804518 206.219005
1058.146869 497.538883 113.085403 206.219601
1058.381836 497.799129 112.080469 205.716517
1058.061957 496.009251 113.467928 207.392216
1057.990623 496.239110 113.123385 206.744693
1057.793072 496.208128 112.516658 207.036294
1058.407847 495.518224 112.617617 207.384393
1058.196754 495.711556 112.243473 206.949368
1057.563960 495.728376 112.831537 206.562168
1057.449287 495.160741 112.926750 207.421334
1057.315517 494.835235 113.210190 206.904867
1057.447244 494.355341 113.078463 206.917788
1057.381435 494.208128 113.009951 206.355771
1057.755139 493.940419 112.728289 206.059071
1057.015244 494.193074 113.119813 206.939355
1057.429022 492.782703 112.575574 206.813951
1057.516629 493.363071 111.945656 206.999030
1057.506183 492.752422 111.628857 207.361640
1057.239300 492.610117 112.286704 207.698559
1056.860628 492.069424 112.318669 207.883009
1057.404716 492.120348 111.623014 207.396636
1056.290530 491.894515 112.584809 208.194813
1057.405058 491.405997 110.948470 207.916372
1056.638904 491.038843 111.626210 207.880849
1056.662377 491.160741 111.516897 207.615993
1056.306151 490.804324 111.569171 207.680531
1056.381576 490.823488 111.340775 207.096210
1056.424551 490.202083 110.863849 207.249317
1056.424551 489.774323 110.993345 207.968562
1056.099908 489.681297 111.426064 207.919663
1056.117511 489.374871 111.085359 208.207205
1055.784823 488.608252 111.288666 208.895206
1055.529898 488.477683 111.519248 208.234038
1055.129676 487.926172 111.919470 208.610761
1055.008759 487.549272 112.019023 208.455117
1054.675638 487.334276 112.221442 208.670113
1054.883511 486.886053 111.731727 208.683054
1053.727304 486.763815 113.039160 208.925436
1054.179607 486.487729 112.479480 209.308111
1053.776880 485.692830 112.750980 210.005027
1054.386182 485.233254 111.860248 209.690564
1053.633595 485.079150 112.569227 209.740689
1053.525077 484.968460 112.589922 209.784209
1052.712820 484.752273 113.140017 209.803906
1052.668060 484.377446 112.902716 209.644518
1052.725477 484.040432 112.652435 210.007393
1052.188630 484.040432 113.189282 209.810553
1052.071284 483.714476 113.158320 210.264960
1051.466234 483.714476 113.691503 209.772982
1051.314746 482.772059 113.808799 210.224828
1051.424021 482.677598 113.584435 210.034775
1051.416773 482.195929 113.136201 210.841270
1051.039271 481.689503 113.424268 210.656581
1051.495265 481.316098 112.513166 211.285194
1051.296671 481.280611 112.711760 210.896018
1050.963344 480.844871 112.781308 211.134570
1050.491847 481.484166 113.384540 210.454174
1050.896330 481.123733 112.848322 211.012451
1051.230230 480.834480 112.251392 211.004959
1050.802929 481.016585 112.636589 210.793056
1051.081804 480.786608 112.075894 210.884114
1050.870196 480.145201 112.438344 212.158689
1050.643211 480.171156 112.293473 211.727469
1050.296646 480.460857 112.447981 211.338583
1050.230205 480.062963 112.120185 211.607759
1050.163654 480.208115 112.055750 211.660675
1048.917076 479.187721 113.199414 211.890295
1048.949321 479.062566 112.794799 211.368726
1050.019887 478.689495 111.068771 212.638913
1049.230268 478.699196 111.858389 212.367884
1048.709792 478.734968 112.226930 212.461565
1048.842503 479.243633 111.832018 212.749875
1048.174267 479.880572 112.500254 212.713988
1047.788531 479.989919 112.340833 213.233727
1047.602713 480.333890 112.375106 213.589698
1047.347783 480.596504 112.216079 213.791504
1047.545543 480.889276 111.755259 214.601968
1047.015876 481.809378 112.416367 214.448528
1046.506562 482.152298 112.965708 214.702731
1046.188592 482.454586 112.737575 214.992983
1045.534437 483.191268 113.109244 214.692215
1045.322558 483.381175 112.735459 215.066380
1044.869557 483.971387 112.774138 215.416490
1044.128491 485.039861 113.383178 215.114947
1043.676920 486.157913 113.420296 214.349701
1043.196437 485.939657 113.447272 215.004606
1042.812461 486.450364 113.549440 215.878000
1042.502136 486.905589 113.898724 215.536380
1042.110206 487.611613 113.423514 215.627953
1041.427967 488.127710 113.519793 215.245435
1041.014814 488.787929 113.612448 215.495658
1041.162327 489.348257 113.184514 215.631264
1040.225233 490.157910 114.121607 216.170450
1040.138458 490.800672 113.834126 215.767871
1039.705894 491.832186 113.827837 215.407380
1039.495308 492.421687 113.585291 215.456654
1038.679477 492.906693 114.401122 215.870455
1038.190567 493.947483 114.514984 215.519630
1037.503493 494.463090 114.483085 215.745175
1037.734976 495.242821 113.970509 215.661206
1036.257259 495.978980 115.011000 215.970219
1037.018379 495.843573 113.406687 215.578405
1035.953320 496.054080 113.994460 215.117392
1034.537188 497.152872 114.598541 216.658896
1034.696845 497.991026 113.514282 215.329810
1034.963460 497.980429 112.719245 214.687927
1034.322575 498.337562 112.735459 214.949337
1033.919328 497.419071 113.138705 216.062001
1032.885036 497.166500 113.930102 215.904245
1032.228819 496.947015 114.039378 215.686626
1032.310755 496.872946 113.355966 215.559217
1031.744743 496.092144 113.484689 216.079325
1032.386726 495.872951 112.334364 216.063428
1031.467079 494.712822 112.912745 216.392788
1030.396445 493.979529 113.435594 215.348797
1030.814081 493.685154 112.283138 215.284886
1030.255585 493.013166 112.802373 215.066415
1030.091652 491.454238 112.442936 215.088578
1029.677747 490.864976 112.271268 214.115468
1029.585812 489.973622 111.801835 213.782051
1028.748288 489.526347 112.815591 213.997983
1028.562470 488.752189 112.587562 213.964442
1028.562470 488.121670 112.192678 213.336246
1028.229609 486.265757 111.539231 213.473690
1028.022278 485.378829 111.584593 213.151503
1027.576631 484.857019 111.967091 213.837212
1027.676826 483.787122 111.361734 213.703544
1027.454318 482.896876 110.763389 213.764543
1027.237889 481.971489 110.784452 213.234107
1026.692839 480.564200 110.744633 214.067772
1026.303414 479.601271 110.979204 213.266676
1025.776188 478.193595 110.986664 213.308640
1025.952202 477.709958 110.070177 212.792273
1025.712208 475.378670 109.327251 214.261174
1025.406144 475.522382 108.962434 212.415968
1025.270262 474.530278 109.242650 213.077303
1024.799184 474.005943 108.900296 211.353974
1024.770127 473.263819 108.860075 211.350266
1024.512438 471.717995 108.989876 212.069357
1024.100017 471.223278 108.247291 210.248170
1023.996512 470.262573 108.668641 209.383136
1023.685421 468.753596 108.071360 210.476353
1023.356464 467.826439 107.984186 210.111110
1022.298549 466.711353 108.893656 209.562778
1022.356458 465.274996 108.357639 209.707750
1021.556688 464.129124 108.698160 209.562734
1021.868889 463.985263 107.970582 208.563228
1021.700184 462.494187 107.863203 208.789655
1020.642463 462.071636 108.987919 209.085398
1020.942410 460.783861 107.506589 208.617614
1020.540648 460.143571 108.004038 207.175586
1020.815659 458.710928 107.219632 208.354936
1020.230295 458.116268 107.390089 207.647905
1019.752790 456.710927 107.408931 208.548562
1019.896369 455.900205 106.552272 207.960350
1019.338168 455.520952 106.734443 206.533345
1019.305197 453.920631 106.103169 206.713164
1018.780357 452.732417 106.289327 207.674851
1018.134927 451.685189 106.566730 205.467991
1017.445309 450.282401 106.829455 207.275396
1016.629792 449.305704 107.071916 205.128244
1016.429230 448.257617 106.931495 206.677054
1016.131048 447.044128 107.023250 206.539076
1015.492173 445.567512 106.912336 206.735786
1015.383519 444.710711 107.022226 205.541828
1015.303166 443.733819 106.431426 205.428352
1015.077834 442.567993 105.947838 205.649683
1014.538205 441.305982 105.779136 205.438886
1014.807463 439.735290 105.049603 205.249109
1014.545196 438.310057 104.773349 206.014070
1014.637175 437.545640 104.511923 204.965867
1013.944325 435.906975 104.422939 205.278312
1013.561992 435.306107 104.295761 204.637813
1012.405515 434.780539 104.991191 203.930303
1011.986037 433.568946 104.745044 202.634041
1011.617999 432.146907 104.786133 202.632318
1011.246673 431.095837 105.096101 202.864782
1010.763838 430.464073 104.833265 203.391254
1009.362952 429.517354 105.695590 202.305156
1009.013274 428.603936 105.337915 202.213459
1008.749005 426.722566 105.167560 202.309112
1008.101568 425.990140 105.527823 202.070351
1008.039290 425.756817 105.342745 201.679430
1007.375684 424.306369 105.544380 202.091145
1007.370606 422.196192 104.910961 202.403404
1007.101522 422.629417 104.910856 201.049383
1006.423921 421.289807 105.571684 201.688392
1005.624143 419.639660 105.780009 201.205673
1005.563187 419.629405 105.728133 200.487288
1005.135852 418.461796 105.695902 199.968790
1004.696534 417.544014 105.590004 200.620936
1004.423862 416.322411 105.202172 201.131772
1004.459443 415.252667 104.751929 201.388328
1004.170849 414.322414 105.062576 200.665687
1004.250926 413.889559 105.013087 200.088644
1003.682616 412.654699 105.039037 200.567570
1003.219825 411.515587 104.965047 200.799809
1003.986049 410.863039 104.030331 200.545609
1003.021917 409.986989 104.991887 199.631811
1003.299214 409.125460 104.056635 199.957243
1003.102483 408.098157 104.022664 200.043506
1002.639247 407.167690 104.070924 200.252047
1002.884910 406.677380 103.825261 199.219570
1002.764057 405.916452 103.614660 198.807926
1001.717250 405.814570 104.690207 199.193473
1002.102425 404.167684 103.483767 198.958746
1001.123785 403.857812 104.547766 198.204201
1001.275075 403.063625 104.164495 197.814297
1000.340610 401.375827 104.927249 198.502106
1000.688812 399.765220 104.032556 199.160253
1000.885804 398.916451 103.371301 199.362355
1001.491914 397.640063 102.343012 199.638746
1000.569856 396.628061 102.857218 199.878794
1001.196693 395.778336 102.053356 199.871225
1000.203026 395.455009 102.694290 199.515517
1000.660511 394.168489 101.885398 199.909856
1000.419394 393.018560 101.830151 200.287009
999.935025 392.350825 102.255535 200.248664
1000.317009 391.857808 101.694516 200.150241
999.447718 391.157064 102.449558 199.963209
999.834716 390.582707 101.880982 199.681135
999.155962 390.120935 102.216120 199.741951
999.419437 389.640199 101.830151 198.556697
999.173555 389.316087 101.559243 198.659562
998.489648 389.118663 102.456992 198.931809
998.034045 388.157063 102.513695 198.305174
998.468398 387.649954 102.146406 197.700121
997.833076 387.390935 102.648853 198.196751
997.230827 386.581464 103.060020 198.689351
997.056452 385.571324 103.029574 198.257810
996.620372 384.983823 103.234301 198.029067
997.124590 384.531095 102.436292 197.481795
996.404765 384.458888 102.956941 197.391226
995.940906 383.521003 103.005715 197.993291
995.477024 382.649967 103.295896 198.436301
995.919611 381.983821 102.317656 198.213070
995.368456 381.452750 102.819177 198.153713
995.444845 381.332399 102.691541 197.846092
994.632376 380.929489 103.194073 197.492714
995.533128 379.991802 101.916769 197.174821
994.578704 379.518392 102.852949 197.370425
994.185811 378.861541 103.122547 197.468580
993.596502 377.855211 103.373643 197.128170
993.429091 377.739576 103.000239 197.070179
992.694278 377.050478 103.614112 196.973968
992.964318 376.468332 103.050727 197.157401
993.135823 375.589226 102.587056 197.465065
993.075495 374.982243 102.526810 197.042213
992.479997 374.594609 102.657375 197.163563
992.435938 374.050472 102.407663 196.882528
992.186973 373.178345 102.364900 197.068571
992.140324 372.580225 102.117609 197.330446
991.961495 372.192016 102.175902 196.627005
991.104375 370.494622 102.741972 197.660810
991.614806 369.861550 101.987549 197.744914
991.075545 369.050486 102.647384 197.432112
991.015095 368.118663 102.466889 197.455737
990.772252 367.662417 102.709732 197.095767
990.157749 367.186810 103.324235 196.837644
989.940932 365.982236 102.885512 197.408629
989.772236 365.521000 102.830103 196.891593
990.140291 365.124230 101.876699 197.245452
989.721571 364.110176 102.295420 197.319916
989.236716 363.170147 102.300613 196.553538
989.307315 363.059961 101.645494 196.278505
988.935624 362.170952 101.967253 196.111405
989.310415 361.849996 101.296597 196.160711
988.703969 361.448228 101.733185 195.534603
988.828931 360.583331 101.261522 195.672420
988.709968 360.114140 101.261320 195.296190
988.532662 359.103959 101.210908 195.642921
987.804536 358.374981 102.166752 195.281291
988.004728 357.987435 101.670994 194.995393
987.330560 357.719539 102.293682 194.600024
987.888214 357.114141 101.321589 194.752434
987.100524 356.647517 101.581891 194.798371
987.295617 355.914694 101.090553 194.470057
987.169210 355.178988 101.165266 194.693401
987.235672 354.781638 100.684163 194.392342
986.874564 354.246065 100.874621 194.083670
986.395341 353.172603 101.235482 194.674231
986.761959 352.580384 100.691258 194.684177
986.348117 352.178984 101.105100 194.331404
985.989336 351.914108 101.226556 193.867726
985.695626 351.111864 101.172109 194.217866
985.879334 350.446971 100.692866 193.882757
985.932334 349.978666 100.468452 194.320030
985.455593 349.309774 101.412141 194.595805
985.282281 349.049315 101.518766 194.305866
985.526140 348.445959 101.046060 194.185775
985.407598 348.112331 101.045679 194.458071
985.049440 347.714204 101.166512 193.977084
984.814998 347.245797 100.934163 193.691311
985.339710 346.577429 100.061000 193.335797
984.868306 345.908800 100.361000 193.757413
984.638159 345.376418 100.644031 194.135708
984.756119 344.911764 100.289550 194.296458
984.460478 344.443695 100.703351 194.190636
984.111712 344.045510 100.756079 193.801327
984.052592 343.710951 100.578277 193.562404
983.987108 342.909020 100.591428 193.880716
984.397512 342.309771 99.884681 193.873466
983.748730 342.309796 100.711847 194.202325
983.395386 341.844794 100.999281 194.453899
983.585237 341.178988 100.512270 194.512302
984.075722 340.576514 99.518543 193.460447
983.687739 340.906261 99.837942 194.180037
983.657181 339.839531 99.708653 193.714490
983.336322 340.241141 99.836647 193.877028
983.164831 340.041870 100.177971 193.895310
983.164831 339.844317 100.060371 193.970818
983.164831 340.040150 100.177971 193.653115
983.341610 339.576030 99.766113 193.755159
984.176545 339.309802 98.662546 193.209868
983.331341 339.173877 99.555016 194.545233
984.242502 339.042794 98.475610 193.386986
983.213172 338.839580 99.673184 194.729132
983.893268 338.577429 99.057479 194.147257
983.040655 338.707330 99.898036 194.742360
983.542473 338.376757 99.233638 193.986759
983.476761 338.507981 99.014564 194.034844
983.359522 338.241524 99.189524 194.391720
983.242103 337.975912 99.538788 194.536210
983.307694 338.109606 99.410418 194.764991
983.307694 338.042789 99.236982 194.922536
983.425174 338.042789 99.061945 194.922536
983.476844 338.243120 98.541296 194.813014
982.868330 338.508397 99.654889 195.335595
983.659633 338.576520 98.643091 194.450909
983.102609 338.840011 99.537890 195.796610
983.726306 338.573213 99.102867 195.027605
983.105712 338.910901 99.884772 195.998868
983.843301 338.910251 98.869963 195.324935
983.400310 339.376419 99.590174 195.956720
983.960095 338.977490 98.985390 196.077222
983.288480 339.380039 100.106176 196.682291
983.857972 339.181604 99.376331 196.688320
983.469895 340.249563 99.975872 196.572712
983.417465 340.920464 100.078880 196.500363
983.650039 341.518178 100.202225 196.143982
983.236079 341.647515 100.794191 196.439677
983.975723 341.312940 99.432238 195.942815
983.288591 342.113579 100.808916 196.870362
983.307062 342.993280 100.715043 195.840981
982.996921 342.914695 101.151829 196.839296
983.771326 343.524188 100.250779 195.760547
983.528190 343.378689 100.035857 196.891923
983.533944 343.652443 100.318320 197.228926
984.156166 343.380611 99.835995 196.788391
984.323955 343.645205 99.732406 197.292509
983.709965 344.719535 100.904835 197.346515
983.722696 345.322423 100.645628 195.962311
983.851245 344.645209 100.205117 196.741887
983.475755 345.518183 100.495513 197.341607
984.279547 345.511096 99.943512 196.226067
983.881278 345.915560 100.682794 197.737858
984.129967 346.454915 100.238356 196.769106
984.028742 346.114139 100.612194 196.939173
984.627622 346.650804 99.773985 197.344697
984.241986 347.652439 100.372813 197.136744
984.181881 348.188865 100.374538 197.267757
985.279531 348.177464 99.706891 196.534222
984.709439 348.244001 100.676739 197.762618
985.814248 348.657416 99.521597 196.842103
985.117924 349.116281 100.446093 197.558686
985.131268 349.658467 100.652523 196.635169
984.769504 349.109632 100.963993 197.334399
985.302961 349.522465 100.184603 197.253009
985.745049 349.448226 99.715476 197.179385
985.242003 350.384418 100.729298 197.753061
985.251116 350.319652 101.117209 198.009150
985.878240 350.586264 99.983458 197.578520
985.124346 351.255913 101.312875 198.219892
985.140332 351.597696 101.397039 198.249949
985.140332 352.395084 101.516720 197.804261
985.199745 352.327422 101.337626 198.149413
985.259056 352.530203 101.278315 198.410284
984.961503 353.395079 101.456431 197.989201
985.080838 353.395079 101.337096 198.081752
984.961503 353.799868 101.337157 198.233532
985.199745 354.192019 101.098916 197.914940
985.641678 353.837073 100.220020 197.501394
985.004798 354.591352 101.432424 198.460489
986.066715 354.458881 100.022548 197.667426
984.884805 354.987434 101.552417 198.674373
985.948650 355.050482 100.081774 197.799630
984.704036 355.312939 101.614183 198.513512
985.378949 355.322949 100.742915 198.264730
985.079655 355.382526 100.992660 197.874294
984.725360 355.450481 101.346954 197.530288
984.367365 355.314510 101.704949 197.666260
985.058128 354.648379 100.742134 197.445768
984.298698 355.120253 101.842782 197.911292
984.376139 355.530201 101.626090 197.576754
984.021185 354.973737 101.755613 198.098981
984.080781 355.124231 101.696017 197.890376
984.140275 355.124231 101.756530 197.705844
984.140275 354.852606 101.756530 198.069653
984.199688 354.511996 101.337626 197.949667
984.199688 354.518395 101.577110 197.830617
984.258999 354.530205 101.517799 197.669142
984.140275 354.382525 101.756530 197.966487
984.021185 354.458881 101.875620 197.851818
984.436280 353.913969 101.460525 198.766207
984.385234 353.982233 101.561389 198.420723
983.833104 353.982233 102.408642 198.513102
984.620145 353.718431 101.206275 198.552386
984.318188 353.920598 101.458610 197.817256
984.788072 354.056390 100.868923 197.405277
984.722656 354.184195 100.884311 197.131617
984.598365 353.917643 101.185427 197.652338
984.725360 353.857234 100.989163 197.399583
984.956000 353.782310 100.531564 197.051950
985.007913 353.987441 100.310303 197.192334
985.354924 353.905918 99.963291 196.714485
985.359108 353.510198 100.374389 197.703560
985.713620 353.849997 100.189252 196.984263
985.592065 353.843839 100.379236 197.117738
985.421446 353.852942 101.015776 197.234698
985.605426 353.985229 101.001582 196.573987
985.657264 353.650809 100.779957 197.621181
985.839562 353.782310 100.528763 196.960188
985.891444 353.650809 100.307895 197.621181
985.833056 353.511095 100.366283 197.048120
985.949731 353.515804 100.368488 197.571836
985.717491 353.375194 101.066286 197.459066
986.360451 353.657420 100.127155 197.026018
985.947500 353.232805 100.786013 197.728772
986.303003 353.116394 100.184603 197.475005
986.365402 353.109636 100.418375 197.609872
986.655828 353.255080 100.127949 197.684014
986.597949 353.245248 100.185827 197.198787
986.124268 353.041799 101.074993 197.769640
986.834656 353.454911 100.357273 196.769106
986.539480 352.911494 100.778662 197.969869
987.014079 353.048552 100.592890 197.450971
986.598334 353.322423 101.423710 197.524301
986.546853 352.905434 101.406003 197.983384
987.176742 352.988519 100.269317 196.555901
986.410749 353.249013 101.204020 197.724652
986.487689 353.110174 100.999877 197.228292
986.956002 353.389745 100.650967 197.826785
986.781141 353.454911 100.706426 197.412645
986.897823 353.443145 100.589743 197.299353
986.717475 353.583336 101.185366 197.504304
986.725383 353.518393 101.346954 197.462374
986.843908 353.450479 101.108948 197.438339
987.225155 353.048552 100.228186 197.359054
986.919307 352.973882 100.364725 197.378423
986.949654 353.322423 100.726060 198.264845
986.962006 353.721832 100.990850 197.258935
986.657976 353.714582 101.125786 197.119678
987.343339 353.184195 100.168911 197.039822
986.650311 353.450948 101.201939 197.799908
986.427311 353.586267 101.525545 197.394500
986.546853 353.789564 101.286767 197.099254
987.461321 353.116394 99.874526 197.291212
986.530742 353.450948 101.321508 197.984957
987.193871 353.518393 100.343476 197.738424
986.238417 353.849997 101.664424 197.627777
986.846376 353.924844 100.571533 197.147872
986.362171 353.578985 100.837091 197.806701
986.428698 353.721832 100.820550 197.075159
985.954537 353.985229 100.948320 196.849031
986.453699 353.511095 100.006274 196.499612
985.943600 353.780045 100.561485 197.894931
986.579179 353.504015 99.874201 196.441003
985.940570 353.914696 100.623473 197.575623
986.572191 353.511095 100.120755 196.865082
986.242020 353.920458 100.491494 197.700698
986.013551 354.120258 100.770226 196.989492
986.248530 354.187702 100.654327 197.566737
986.013551 354.184195 100.770226 197.039822
986.013551 354.389750 100.889306 197.180232
985.598349 354.319655 101.304508 197.087952
986.343379 353.912728 100.287015 196.761859
985.530807 354.450954 101.202707 197.522718
985.897863 354.454911 100.589743 196.952696
986.510043 354.177465 99.832778 196.625588
985.532670 354.378689 100.853451 197.812438
986.579179 354.116395 99.874201 196.558192
985.702662 354.451325 101.217148 197.593529
985.843897 354.450480 101.108948 197.071235
985.895422 354.589965 100.888354 197.461912
986.461360 353.980651 100.169033 196.876877
985.828961 354.450954 100.785871 197.984957
986.760072 354.654081 100.101637 196.227203
986.176447 354.847384 100.972294 197.550742
986.012799 354.844725 101.117574 197.379293
986.072541 354.708596 101.176707 197.699012
986.878252 354.586268 99.749702 196.843822
985.996912 355.049119 101.151829 197.533502
986.255410 355.184196 100.697435 197.131617
986.131253 355.658466 100.652523 196.819302
986.297349 355.515801 100.139872 196.744772
986.006598 355.719536 100.608235 197.069648
986.131253 355.718217 100.652523 196.909396
986.072442 355.785608 100.592497 197.117882
985.836227 355.985229 100.947550 196.665628
985.949731 356.255910 100.249608 196.463594
985.826693 356.114144 100.559428 197.030950
986.066022 356.380607 100.252198 196.422443
985.943600 355.911503 100.323718 196.958421
986.274305 355.504848 99.776008 196.542353
985.650566 356.049123 100.616753 197.256780
985.891444 355.917643 100.307895 196.824854
985.774567 356.046644 100.662655 197.098450
985.891444 355.985229 100.307895 196.665628
985.230046 355.911503 101.384787 196.958421
986.225194 355.578985 99.993604 196.523039
985.709382 355.712656 100.557936 197.409074
985.539557 356.120258 100.778662 196.622239
985.715976 355.852939 100.483363 196.774674
985.657264 355.852939 100.660955 196.958498
985.539557 355.718217 101.016868 197.093219
985.369625 355.782309 101.237383 196.868547
985.487729 355.646793 101.119280 196.729383
985.362248 355.650806 101.074973 197.160631
985.722697 355.657421 100.884311 197.671384
985.664112 355.789566 100.942896 197.283152
985.191719 356.187702 101.415289 196.738280
985.132181 356.052754 101.355425 196.965112
985.072581 356.120258 101.534427 197.173382
985.132181 355.992415 101.236145 197.172374
984.833065 355.912730 101.654540 197.403084
985.523133 355.518396 100.632998 196.637029
984.944852 356.054647 101.373368 197.586767
985.641678 355.654082 100.337468 196.684386
985.124494 356.054647 100.846807 196.940856
985.013566 356.052754 101.008509 196.689744
984.954552 356.187702 101.067522 196.922048
984.717506 355.985229 101.423973 197.124521
984.725360 355.857236 101.466557 197.031584
984.956000 355.657421 100.650967 197.579061
985.013566 356.120258 100.770226 196.897608
984.895438 356.052754 100.888354 197.056997
984.776945 356.052754 101.006847 196.965112
984.717506 355.985229 101.185366 197.216446
984.664071 355.844726 100.942896 196.738474
984.774563 355.852939 100.781859 197.050551
984.478818 356.052754 101.424054 196.965112
984.722656 355.917643 100.764909 196.916617
984.302906 355.985229 101.015310 196.665628
984.362245 356.187702 100.837091 196.371513
984.421442 355.911503 100.659256 196.775230
985.156170 355.448227 99.835995 196.720777
984.709439 355.780043 100.320855 197.065772
984.715973 355.718217 100.483363 197.001287
984.302906 355.718217 100.896430 196.725815
984.800702 355.312939 100.191463 196.307468
984.650622 355.451319 100.498152 197.408469
984.481919 355.782309 100.420969 196.137162
984.295626 355.442588 100.616430 196.852927
984.539554 355.515801 100.659782 196.836502
985.037876 355.109633 99.838200 196.602059
984.709439 355.183387 100.320855 197.491582
984.681862 355.245245 100.368448 196.557812
984.503665 355.046638 100.254375 196.914936
984.592049 355.450951 100.260233 197.153912
984.715973 355.448227 100.721245 196.812345
984.598468 355.245245 100.838750 197.015328
984.598468 355.052749 100.838750 197.240886
985.579138 354.917638 99.815413 196.550053
984.463036 354.981935 101.100981 197.508379
984.956000 355.116395 100.650967 196.832684
984.833052 355.041796 100.723369 197.127208
984.717506 355.255080 101.066286 197.130601
984.717506 354.980652 101.066286 197.335161
985.343337 354.776661 100.227902 196.806538
984.947484 355.181597 100.904814 197.239226
985.072458 355.456986 101.069022 197.112990
984.836242 355.522469 101.066630 196.793343
984.717506 355.380614 101.304568 197.246999
984.722656 355.522469 101.003917 197.068931
984.954552 355.657421 101.067522 197.302255
985.248545 355.792211 100.892934 197.167466
985.013566 355.849996 101.008509 196.892501
985.307032 355.782309 100.595841 197.051950
985.926672 355.718217 99.707843 196.450788
985.411450 355.981939 100.270968 197.231817
984.824656 355.973873 101.493563 197.012030
985.251116 355.857236 101.117209 197.215482
985.251116 356.255085 101.117209 197.130601
984.953016 356.048555 101.534590 197.542847
984.961983 356.059963 101.110331 197.104826
985.013566 356.120258 100.889306 197.265428
984.954552 356.322428 101.067522 197.247554
985.072458 356.251957 100.830415 197.063856
985.013566 356.322428 100.889306 197.247554
984.954552 356.387295 100.948320 197.112231
984.895438 356.657422 101.007435 197.026018
985.072458 356.985223 100.830415 196.665628
984.954552 356.920202 101.067522 196.983281
984.895438 357.187697 101.126637 196.738280
984.836242 357.255080 101.066630 196.487412
985.274302 356.578980 100.186223 196.614356
984.769504 356.914687 101.082794 197.945098
984.665965 357.059965 101.286868 197.381242
984.843885 357.184198 101.108948 197.407205
984.781139 357.048556 100.825828 197.175464
984.598365 357.322422 101.304508 197.339722
985.343337 356.640452 100.051214 197.034138
984.530790 357.114141 101.202707 197.951914
985.531332 357.056388 100.209619 196.579528
984.530790 357.249019 101.202707 197.724652
984.606469 357.110179 101.465846 197.870593
985.766865 357.259740 99.974086 196.650937
984.695587 357.383676 101.453131 197.867185
985.523133 356.852608 100.573908 197.333318
985.013566 357.456986 101.247480 197.574559
985.020870 357.042000 101.051445 197.846823
985.138338 357.387296 101.053580 197.756825
985.020870 357.246475 101.051445 198.010346
984.961983 357.246475 101.110331 197.550520
985.196919 357.454914 101.114805 197.689207
984.902975 357.042000 101.288942 197.754996
985.313797 357.194858 100.997926 197.985804
985.079655 357.110179 101.112263 197.870593
984.784674 357.178358 101.407244 197.894363
985.255399 357.192017 101.056325 197.730245
985.255399 357.184198 101.056325 197.867682
984.961983 357.178358 101.110331 197.710465
985.760061 356.640452 100.277971 197.583568
984.884805 357.187697 101.314534 197.566737
985.255399 357.387296 100.816916 197.204107
985.307032 357.387296 100.715043 197.204107
985.481903 357.177466 100.420969 197.174833
985.183968 357.245242 101.015371 197.290558
985.072581 357.454914 101.295744 197.136489
985.369625 357.387296 100.998700 197.388184
985.487729 357.454914 100.880596 197.044612
985.828870 357.380611 100.193204 197.063418
985.539557 357.245242 100.897664 197.474260
985.664112 357.319657 100.942896 197.179869
985.839562 356.980653 100.648044 197.335161
985.478803 357.389745 101.424054 197.364689
985.784685 356.980653 101.168160 197.518873
985.487142 356.708598 101.465703 197.699012
985.784685 356.992416 101.168160 197.264405
985.722697 356.708598 100.884311 197.240484
985.598349 356.782304 101.185427 197.143672
985.897863 356.724858 100.709146 196.774668
985.833056 356.448221 100.485164 197.363209
986.641346 356.515794 99.795876 196.928231
986.242020 356.442582 100.372813 196.944509
986.300633 356.312933 100.314200 196.947633
986.359125 356.380607 100.374389 196.696783
986.475805 356.249023 100.139028 196.896071
986.533994 356.046644 100.199519 196.914936
986.475805 355.911503 100.020590 196.866805
986.417515 355.979084 100.315998 196.433206
986.183326 355.780043 100.313069 196.698677
986.006598 355.504848 100.726915 196.633565
986.584252 355.515801 99.852969 196.470109
985.999811 355.442588 100.564232 196.395863
986.359125 355.383673 100.137270 196.669638
986.183326 355.316375 100.194793 196.370352
986.559209 354.843835 99.614027 195.839118
985.879334 354.910254 100.218215 197.060162
985.891444 354.911497 100.426775 196.318121
985.885207 354.780039 100.382112 196.332510
986.060084 354.645206 100.088633 196.467342
985.826693 354.712653 100.322025 196.308475
985.591668 354.239559 100.438569 197.055952
985.949731 354.245241 99.894181 196.832152
985.826693 354.114141 99.967229 196.755780
985.473531 354.114141 100.438468 196.847436
985.242003 354.114141 100.372813 196.755780
984.888245 353.504845 100.608134 197.090310
985.239666 353.650809 100.078550 196.426591
985.001950 353.374983 100.028345 196.372171
985.234131 352.974013 99.914643 196.929967
984.769504 352.911494 100.726875 196.866805
984.891441 352.785608 100.070782 196.566694
984.826750 352.442587 100.203544 196.852927
984.598468 352.316376 100.482230 196.920611
984.598468 352.109632 100.245440 197.150940
984.362245 351.905921 100.481663 196.988501
984.124342 351.718213 100.719566 197.185273
984.072473 351.375194 100.236957 196.635513
983.888228 351.518172 100.489858 196.810677
984.123998 351.312935 100.194214 196.581483
983.590618 351.114142 100.905743 196.755780
983.657257 350.714577 100.423437 196.661595
983.183276 350.515803 100.668989 196.470109
983.183276 350.450948 100.787992 196.235776
983.241970 349.911494 100.372813 196.500787
983.065545 349.640586 100.430800 196.589030
982.470811 349.652442 100.907258 196.034286
982.592015 349.383674 100.141431 195.754733
982.117928 348.906397 100.446093 195.902707
982.206093 348.374974 100.025804 195.190717
982.228846 347.977493 99.750498 196.351362
982.118241 347.567595 99.912062 196.241504
982.060150 347.580387 99.970153 196.232003
981.826759 347.041585 99.967229 196.496563
981.532736 346.577739 100.143337 196.717772
981.183323 346.239559 100.076678 196.325231
981.001934 345.442580 99.792030 196.304563
980.532712 345.041584 100.143337 196.313989
980.295611 344.442587 100.262684 196.487123
980.300614 343.979076 100.195762 195.976986
980.058918 343.577738 100.268814 196.260708
979.826711 342.832176 99.849314 196.368582
979.235628 342.577744 99.974201 195.804934
979.235628 342.311361 99.856485 195.861844
979.170867 341.438077 99.690413 195.797114
979.402264 341.044712 99.341177 195.463210
979.799336 340.777788 98.775436 194.883329
979.681151 340.106288 98.959317 195.192987
979.570346 339.371940 98.770029 195.502656
979.685041 338.637320 98.421617 195.540066
979.382996 338.169755 98.490373 195.614158
979.382996 337.704766 98.140134 195.563257
979.553418 336.628457 97.621073 195.974154
979.362225 336.025563 97.693734 195.640649
979.362225 335.499891 97.345209 195.437286
979.472243 335.037949 97.068990 194.748771
979.131565 333.829286 96.898808 195.111635
979.222797 333.167328 96.620013 194.863623
979.277263 332.701158 96.285077 194.305218
979.137018 332.038963 96.186595 193.995267
979.498740 331.240439 95.556333 194.421830
978.996219 330.438998 95.831869 193.750969
978.579971 328.771820 95.892949 194.736422
978.609650 327.971701 95.723848 194.421080
978.609321 327.304287 95.445759 193.707209
978.774679 326.576312 94.776983 193.550283
978.302467 325.243503 94.780366 193.640466
978.247418 324.647746 94.722727 192.813116
978.632124 323.719088 93.950901 192.233059
978.864106 322.992816 93.646060 192.112770
978.757122 321.865029 93.305309 192.219064
978.338966 320.865029 93.476875 191.777626
978.445763 319.934001 93.370078 191.483261
978.395932 318.535432 92.921897 191.617254
978.395932 317.933948 92.368912 190.992781
978.142079 316.952314 92.320733 190.973055
978.248324 316.415162 91.446738 190.159698
977.941083 315.426096 91.231347 190.515161
977.831729 314.170433 90.921052 190.753575
977.568511 313.206954 90.712916 189.829785
977.833085 312.748647 90.178603 189.510419
977.582016 312.243047 89.837909 188.961093
977.778648 310.940705 89.168940 189.759743
977.421323 309.742583 88.566316 189.957864
977.409561 308.808674 88.105885 189.891773
977.440354 307.745045 87.391172 189.373506
976.930454 306.827682 87.799637 188.953508
977.129086 305.762650 86.863366 189.041337
976.659134 304.450818 87.175215 188.993023
976.559988 302.845803 86.437355 188.684138
976.643963 302.062003 86.453904 188.216091
976.788736 300.604916 85.892132 188.261540
976.942706 299.865714 85.681622 187.760354
976.752387 298.104409 85.669108 188.524150
977.037387 297.344355 84.961806 187.681323
977.064958 295.884883 84.726493 186.618254
977.221244 294.999473 84.209271 186.945574
977.173962 293.478783 84.256553 187.210876
977.549823 292.129525 83.676196 187.486402
977.596423 291.517289 83.731752 186.512960
977.424600 289.765018 83.647203 187.178188
977.634616 289.187022 83.937855 185.206085
977.486896 288.037177 83.735308 184.974197
977.391243 287.308534 83.865815 185.366518
977.580669 286.409987 83.033425 185.014895
977.454099 285.914228 83.849968 184.334673
977.643435 285.303924 83.423450 183.775713
977.799885 284.076597 83.212737 183.747881
978.216099 283.007725 82.796523 183.564621
978.507733 281.937174 82.753618 183.048407
978.348480 280.235170 83.031123 183.750406
978.793552 279.152907 82.742255 182.209077
978.920939 278.345252 82.002032 181.624690
978.709143 277.032079 82.158422 181.604773
978.893476 276.283983 81.974090 181.229857
979.592455 274.958345 81.700442 181.500788
979.009181 274.125733 81.784860 181.395198
980.155915 274.457916 81.136982 180.434664
979.977227 274.147875 80.988461 180.851709
980.700775 274.470308 80.334626 180.325612
980.767750 274.992217 80.142595 179.847413
980.877906 276.158474 80.663450 179.698105
981.389632 277.225294 80.237563 179.420044
981.808897 277.912962 79.761520 180.695639
982.091852 279.650732 79.928939 180.382896
982.515941 280.977685 79.688589 179.867469
982.632748 282.566738 79.547325 178.606005
982.918650 284.145189 79.986063 178.495451
983.209850 285.497812 79.880775 177.284031
983.543435 287.081724 79.911475 178.080358
983.962433 288.330503 79.648262 177.886433
984.495525 290.136708 79.245115 177.952031
985.332672 292.198474 79.122234 178.231357
985.842616 294.081723 78.898009 176.292344
986.336522 295.521641 78.229561 177.527642
987.205114 297.149394 77.997040 177.413113
987.680824 299.387557 77.789527 177.257282
988.561758 300.414189 77.196171 177.220599
989.012725 303.199639 77.264041 175.762061
989.322751 304.480022 77.605055 174.255625
990.132452 306.134988 76.775331 175.009506
991.251741 305.889288 75.476415 175.641950
991.200689 306.106717 76.268773 175.632000
991.763562 306.432270 76.153012 174.938931
992.629705 306.661239 75.718771 174.601039
993.040670 306.481096 75.684048 174.781181
993.813280 306.900849 75.561998 173.883433
994.375645 307.427824 75.738781 173.009326
994.910064 307.240886 75.438908 173.007024
995.160509 306.796742 75.798533 172.698473
995.585067 306.359966 75.670216 172.651244
995.996593 305.139157 76.433482 173.198630
996.719948 304.109693 75.877820 173.380280
997.415931 302.120875 75.887237 174.721809
997.933902 301.433198 75.818911 174.995337
998.283355 302.020438 75.904095 173.208334
999.254332 301.804471 75.954457 173.038212
999.927496 301.326770 75.998757 172.884644
999.794460 301.834704 76.460806 171.940156
1000.172270 301.419458 76.836453 172.040910
1000.803777 300.923450 77.069130 172.051952
1002.009674 299.982921 76.293536 172.859760
1002.596016 299.386625 76.424252 172.746040
1002.596016 298.863990 77.276867 172.504989
1002.935965 298.308833 77.516125 172.496113
1002.849580 298.878460 78.086070 171.283174
1003.469837 298.634044 77.982251 171.184271
1003.398119 298.160982 79.242616 171.735878
1004.486360 298.852341 78.993829 170.507937
1004.420748 299.309289 79.127002 169.866410
1005.107702 299.921329 79.145225 170.211334
1005.485662 300.773074 79.639655 169.874297
1005.465356 301.715233 80.436892 169.853434
1006.019627 302.103947 80.562822 169.821447
1005.855155 302.955541 81.211360 169.956781
1005.487414 304.081284 82.062963 169.541446
1005.930386 303.804689 82.080369 170.976089
1006.327338 304.498520 82.232017 171.056515
1006.615004 303.712205 81.942188 172.433672
1007.529169 306.120306 81.522170 170.525808
1007.323738 307.644547 82.588061 170.203769
1007.615023 307.264853 82.703159 171.052198
1007.767415 310.320530 83.290597 168.814651
1008.134222 310.759501 83.573635 169.454721
1008.341230 311.771847 83.319154 169.386754
1008.307335 313.458034 83.766975 168.779759
1009.195923 313.920179 83.669059 168.938260
1008.925642 315.229964 84.567037 169.166351
1010.255508 315.317825 83.569277 169.344806
1010.624937 316.195480 83.405289 168.715327
1010.790842 317.834929 83.846360 168.382441
1011.008478 317.631240 84.017171 170.411921
1010.876234 320.489004 84.532060 168.917587
1011.141934 322.362041 84.842938 168.228444
1011.124311 324.434030 85.225500 167.125840
1010.493666 325.248010 85.973253 167.062859
1010.043433 326.644720 85.731787 167.234993
1008.940999 328.476266 85.618359 166.735705
1007.433029 329.292730 86.558532 166.703452
1006.888864 329.335883 85.769900 167.993610
1006.348327 330.812134 85.722619 167.498788
1005.045006 330.829253 87.021555 168.618765
1003.847369 334.567311 85.924032 165.587036
1002.609833 336.746996 86.614077 164.115543
1001.513116 336.958516 86.930355 164.727397
1000.184069 338.136305 87.139978 164.028786
999.486367 335.966043 86.035412 166.766267
997.668286 337.025366 86.843453 165.779150
996.257050 337.575734 87.061981 165.253686
994.892239 337.292716 86.843112 165.536704
995.204817 337.292716 85.560167 164.918620
993.405601 337.157682 86.094155 165.245017
991.742010 336.769240 86.171338 165.731495
989.690016 337.182888 86.655336 165.136872
987.472966 337.745111 86.502914 165.350697
985.585958 337.103446 85.715333 166.603737
982.472950 337.406064 86.690780 166.981354
980.176293 337.736515 86.875072 167.357873
978.323247 337.864622 86.096316 167.326564
976.027325 337.613018 86.158171 166.355315
973.892216 337.723707 86.460719 165.796324
971.839970 336.283193 85.995860 167.005267
970.079524 336.571797 85.685659 167.247703
968.806412 338.081854 85.005130 166.034160
966.296161 337.597793 85.247012 166.134512
964.071209 336.619359 85.325776 167.422386
959.414049 336.137681 87.384021 167.744617
958.143984 336.708780 85.990158 167.892656
955.303976 337.755430 86.947668 167.083606
954.424011 338.414441 85.642215 167.817699
952.202808 338.850624 87.660808 167.557360
952.593016 337.743940 85.687929 168.680304
953.475546 338.921590 84.428159 168.214557
952.822143 338.341276 85.031722 168.576827
953.258561 337.803557 84.225231 168.565297
952.094523 338.494947 85.781186 167.892482
951.610553 338.555471 85.547595 167.813382
951.512990 337.875578 85.757078 168.689444
951.068613 338.521974 85.635935 168.930702
950.439100 339.464711 86.695757 168.829639
951.375379 340.250729 86.031587 168.666408
951.057480 341.542833 86.356726 166.764836
951.165410 341.335890 85.495875 167.445699
950.661428 342.191933 86.506785 167.687789
950.285317 342.005202 86.849541 168.342992
951.127329 342.365482 86.177290 168.393674
949.609572 341.411110 87.933967 169.918368
950.804558 342.564949 86.527990 168.889164
949.957947 342.616642 86.634551 170.172447
949.198881 342.736616 87.246032 171.377455
947.696165 341.299331 89.950675 171.295604
946.676031 341.807375 89.815218 170.579786
946.526131 343.231408 89.859986 169.067839
946.589446 344.214698 90.064884 167.696289
945.939741 343.987612 90.086474 169.307968
946.912128 344.111784 90.721657 169.383193
948.158367 343.959103 87.302022 170.819803
948.803890 344.755548 85.533640 168.750101
949.876219 345.350063 83.948832 168.076708
949.192010 344.660663 83.960563 170.870224
948.889906 345.194705 84.613998 169.074969
947.011748 345.613015 85.333995 168.776713
947.358875 346.464717 85.110440 168.276897
947.439622 345.567779 85.146244 165.947077
947.675920 347.181703 84.969111 167.402445
946.476109 346.534210 86.928188 167.799218
947.976470 347.542835 83.466493 164.821837
947.884112 348.270028 83.714926 166.251351
946.828527 347.968237 84.328420 166.308458
945.940193 347.873098 84.703749 167.859055
946.008486 348.265518 84.607068 167.730656
945.507321 348.093015 84.664661 168.844069
943.256126 348.093574 87.203446 167.962771
942.975719 348.365495 86.996744 167.763819
941.916619 349.713218 87.396063 165.735953
941.683587 349.628622 86.797821 166.331552
940.888829 349.221045 86.974781 166.781680
939.667688 350.320531 87.577892 166.048336
937.636658 350.925388 88.811679 163.734002
936.572140 351.370365 88.832187 163.890827
937.096827 351.081849 87.787497 164.484113
934.799102 350.462663 89.401536 164.980109
933.676489 350.827511 89.761464 165.191779
932.400267 351.222129 90.659266 164.838671
931.771271 351.462652 90.725044 164.611459
931.360815 351.390880 90.599854 165.565427
930.008963 350.953195 91.604178 166.719796
929.040579 351.159933 91.501604 166.065370
928.136342 350.966586 91.870952 165.895652
927.546329 351.386526 91.415381 165.369564
927.093885 351.819320 91.211072 164.771647
927.400460 351.237183 90.108433 165.654279
925.939492 351.689453 90.774717 165.435965
925.016863 351.463658 90.805333 165.661761
924.260900 351.461842 90.834920 165.468441
924.345947 352.026943 90.162946 165.332851
924.043840 352.350214 89.153813 165.268760
921.953486 352.827510 90.381449 164.571074
922.749757 353.067098 88.585241 163.881131
921.298158 353.306800 89.720741 164.755130
919.824361 353.334765 90.440251 167.073650
919.764457 353.628798 89.397114 165.263411
918.233486 353.883203 90.307718 166.502744
917.371773 353.315815 89.996930 169.204029
917.319744 352.586375 89.500128 169.197677
916.588442 353.007657 89.225660 169.696750
916.000488 353.123400 88.676685 167.293080
914.606707 352.816326 89.693981 167.115035
912.813589 352.833569 90.762041 166.174424
912.277001 353.141253 90.825488 166.230553
911.222641 352.799977 91.042887 166.024744
909.939344 352.970808 90.191517 164.921399
910.116507 353.109304 89.739476 166.041837
908.906407 353.159770 89.876761 165.836688
908.421406 353.501735 89.708879 166.117249
905.680084 354.181261 91.723735 165.126077
905.205339 354.535355 91.467116 163.003885
904.544926 354.332505 91.187281 164.376041
903.430040 354.574952 91.700257 165.278228
902.726377 353.913895 91.165959 165.521443
901.700845 354.479198 91.708903 164.606549
900.188480 354.237183 92.011809 165.654279
899.233619 354.080990 91.722258 166.014719
897.946423 353.966588 92.218505 166.051274
897.322552 354.386536 91.955439 165.760464
896.461647 354.480043 91.808068 166.710983
895.506299 354.271713 91.727095 165.988471
894.575065 354.650434 91.799508 166.776516
893.562873 354.419014 91.670500 166.884640
892.900391 353.986202 91.753967 167.766690
891.832241 354.152507 91.785174 166.846045
890.844374 354.328695 92.021340 166.479443
889.813291 354.952791 92.359046 165.698558
889.434640 355.556037 91.632378 164.421840
888.460763 355.520159 91.623640 165.293422
887.982069 354.913898 91.322897 165.677078
887.371748 355.311318 90.933221 163.731992
886.177669 355.503432 91.090371 163.784113
885.233440 355.391040 90.930269 163.973617
884.344809 355.839654 90.714777 162.526112
883.503406 355.430875 90.483917 162.568439
883.006163 355.765358 89.672839 161.471719
882.093550 356.133125 89.545994 162.492073
881.243104 356.136311 89.467780 163.258185
879.559656 356.536875 90.221957 163.106136
878.801741 355.870142 90.082765 163.819094
877.712867 356.388408 90.241793 163.238462
877.391862 356.709709 89.595457 164.137773
876.248206 356.993268 89.709597 164.129964
875.376094 357.332513 89.372677 163.217440
874.843671 357.808912 88.867206 164.097975
873.927279 358.263084 88.554151 162.889203
872.479557 358.080528 88.955959 162.853868
871.681050 358.192006 88.927528 162.972234
871.112954 358.080528 88.495593 162.930414
869.888871 358.414501 88.726073 163.287686
867.966333 358.530353 89.336082 163.450005
867.254084 358.476266 89.249107 162.710446
866.243127 358.530353 89.263229 163.142628
865.187925 358.864492 89.318401 163.578288
865.149422 358.980472 88.632183 163.893991
863.151424 359.808904 89.634942 163.788401
862.061542 359.320519 89.822811 164.261445
861.756719 358.981956 89.197940 164.909007
860.594155 358.812122 89.567017 164.924255
860.004747 359.671735 89.330133 163.924538
859.116828 359.644720 88.645539 164.121417
858.145564 360.425908 88.742785 163.525821
857.308242 359.913995 88.682189 163.989451
856.684631 359.756786 88.612975 164.117680
856.042306 360.203510 88.329773 164.290267
855.145506 360.476270 88.133382 164.321038
854.166560 361.092089 88.135877 162.705785
853.450756 361.125960 88.093878 162.637216
852.666155 361.348696 88.081182 162.338136
851.826813 361.014379 88.225851 164.053132
851.005536 360.745059 88.195117 166.564028
850.167619 361.086683 88.348249 165.664232
849.453442 361.319205 88.402143 165.079383
848.774296 361.362045 88.388381 163.866833
848.379873 361.864497 88.126453 163.810168
847.541052 361.745114 88.175431 164.652017
846.738049 362.151029 88.252373 164.618902
845.718744 361.912194 88.347800 165.039525
844.772911 362.545411 88.497170 164.655284
844.149410 362.813841 88.222662 164.337449
843.577582 363.362758 88.005344 163.233523
842.148973 364.075697 88.577101 162.963052
841.487209 363.913007 88.534810 162.258151
840.396675 364.241787 88.655948 161.954338
839.342549 364.181706 89.016697 161.972216
838.314691 364.352326 89.120801 161.614925
837.233870 364.181706 89.330520 162.581468
836.021867 364.580918 90.099975 162.430020
835.077352 364.370361 90.302638 163.195595
834.470759 364.876558 90.206717 163.197627
833.526113 364.657620 90.151320 163.539129
832.691760 365.049058 89.882470 163.301620
831.839411 365.207059 90.044926 163.636049
831.291766 365.657628 89.489149 162.238030
830.353162 365.636323 89.665775 162.374615
829.243097 365.641889 89.672950 162.494984
828.626644 366.252488 89.392301 162.497285
828.053142 366.746995 89.275756 161.652669
827.342491 367.068074 89.221874 161.924300
826.588956 366.964749 89.255277 161.318445
825.850691 367.068074 89.406233 161.466304
825.612478 366.798061 88.542182 161.788692
825.309200 366.621262 88.360358 161.795884
825.322560 366.285926 87.861583 162.055470
825.217118 366.284023 87.967025 162.078704
825.923077 365.677022 87.361640 162.347755
827.826132 365.506327 86.489492 161.932437
828.766021 366.106842 86.266697 161.310773
830.645624 365.824560 86.858434 161.418727
833.164488 365.387482 85.115766 161.726890
832.743078 366.260565 87.461262 161.261076
835.190063 366.106842 87.034868 161.159066
835.862761 366.823523 87.529042 160.855567
839.936003 366.603517 86.017089 160.697594
842.490549 366.150514 85.864711 161.144073
844.911477 365.543754 85.563136 161.433551
847.586494 365.432335 86.788712 161.526142
852.085928 364.772785 85.728972 162.818120
854.650369 364.884064 86.037906 161.795023
859.228371 364.824549 85.685440 162.406598
863.651057 365.327607 85.567333 161.882583
868.228362 365.044843 84.821049 162.673543
872.040925 365.713893 85.698186 161.605127
877.363367 365.713893 84.780328 161.756694
880.443961 365.819403 85.135255 161.550846
885.331196 365.431301 84.621668 162.393695
889.102757 365.097067 85.100262 162.121925
894.178088 364.822544 83.658586 162.287565
898.238699 365.151196 83.635159 162.084617
901.743364 364.645068 83.832860 162.472465
903.538853 365.372595 84.904215 161.333616
907.493520 364.371255 84.157521 162.259447
910.538542 364.431301 84.318434 162.090340
913.834075 364.264361 83.833382 162.484705
917.211768 364.819403 83.348255 162.919990
919.739239 364.984711 83.447677 162.554780
921.843897 364.701208 83.753215 161.739531
924.614815 364.981291 83.182177 160.609533
926.405495 364.534392 83.623339 161.375850
928.424666 364.258702 82.140448 161.873664
927.592353 365.028102 84.541221 161.225941
927.789369 364.926054 84.393938 162.327507
927.210635 364.480618 84.862271 165.333765
927.375560 364.780227 84.580521 165.007893
926.101813 364.823366 85.270381 164.148729
925.120465 364.996710 85.272593 161.346305
924.875897 365.095421 84.386523 162.185967
924.811040 364.873542 84.162783 161.908178
924.058515 365.317295 84.520671 160.861459
924.228091 365.535000 83.673777 161.219644
923.982575 366.033900 83.525693 161.281993
922.820376 366.474015 84.201138 159.641102
922.857818 366.965052 83.873007 159.196916
922.481613 367.237352 83.785159 159.193268
922.069123 366.145197 83.710088 160.576798
921.407653 366.410884 83.250810 160.014157
921.129211 366.899868 83.528536 158.896712
920.099419 367.616711 84.386894 157.477323
920.393927 367.293192 83.799672 158.659228
919.968418 366.308108 83.713475 159.824277
919.177771 366.087776 84.284184 159.925074
919.447218 366.574353 83.579178 160.528533
918.708556 365.756741 83.728054 162.119845
919.031998 366.256782 83.356537 160.860751
917.899171 366.643381 84.537439 160.631551
917.434878 366.590147 84.073386 159.218663
917.095359 367.062303 83.951914 159.033125
916.553233 365.922175 83.492500 160.359245
915.894120 368.315675 84.447670 159.347295
915.994920 369.922907 83.564455 158.202066
915.592457 369.247362 83.405690 158.998053
915.497054 369.792272 83.086991 158.230762
914.781575 370.765636 83.630641 158.265520
915.082809 370.302036 82.915322 158.869207
915.034164 369.254450 82.963968 159.920945
913.613096 369.198042 84.068765 160.606435
913.370759 369.419144 83.847147 161.123169
914.296957 369.258700 82.822683 162.176575
914.440425 369.480219 82.581082 161.384057
915.079195 370.363006 81.674900 160.547240
914.448331 371.302029 82.165202 159.986392
913.641843 371.629205 82.870181 159.883806
913.518079 371.692113 82.775955 160.337159
913.227591 372.082383 83.039211 159.714201
912.468544 371.472906 83.505748 160.556366
911.775878 370.309632 82.681202 161.068189
911.493706 371.345661 83.358012 159.789972
912.121879 371.355853 82.163985 160.264342
911.545745 372.074198 83.332320 159.730284
911.145861 372.845645 82.899851 158.727241
909.942122 372.857555 84.447475 159.169156
910.444206 373.019517 84.094679 160.945796
909.515703 374.075034 85.096790 161.757850
910.424073 374.542692 83.919433 160.434618
909.278861 375.846014 84.371360 158.234178
909.830046 373.979216 83.503815 161.159691
910.076452 376.262916 83.110220 158.076492
910.326936 376.979748 83.085307 157.828011
910.080339 375.092257 82.943547 160.938901
909.952729 373.809047 82.344107 162.251384
909.856331 375.574358 82.119307 159.176466
909.765382 376.497127 82.646813 158.907319
910.265833 377.119587 81.776032 158.539434
910.338818 376.689244 81.580581 159.530541
908.902530 376.914914 83.091365 159.822714
908.911342 378.053548 82.867883 158.858626
909.516933 377.693538 82.092071 160.452621
908.069137 378.465807 83.710088 160.422468
908.301004 378.499802 83.233507 160.362520
910.747743 379.345662 80.059925 159.940417
910.280085 379.447325 81.181110 159.035550
910.508174 380.335888 81.249111 159.568568
910.399154 380.336962 81.654360 160.131103
912.677410 380.638789 79.004109 160.282717
911.535689 382.073836 80.764877 161.360876
911.578814 381.756531 79.502736 163.872222
911.368930 383.034203 80.249805 163.325467
911.977486 383.252704 79.618578 166.024394
912.614808 384.423766 78.771796 163.239183
911.866278 384.812263 79.126484 162.076006
912.838171 385.590322 77.634112 158.077990
912.351169 384.565759 77.927559 159.236469
912.651018 384.216423 77.702944 160.929141
912.602858 385.576741 77.855709 159.235695
912.836495 386.680615 77.831778 158.052768
911.601246 386.275774 78.811594 157.720661
911.954503 386.204525 78.040938 158.339734
912.233152 386.689496 77.807270 158.667930
910.921943 386.553073 79.299112 159.286286
910.852474 386.808882 78.965460 160.304379
910.363829 386.983604 79.725541 161.320223
910.424744 387.586744 79.631777 162.029865
911.113589 388.089146 78.744843 161.132010
910.306025 387.819478 79.722189 161.105715
909.946449 388.422117 79.392867 161.138889
908.754112 388.427973 81.133699 161.689485
908.025676 388.534309 81.868897 162.549433
907.367376 388.923759 83.088355 163.012552
907.420776 389.427316 82.842784 163.207139
907.519075 389.762181 82.792411 163.999051
905.441824 387.082051 85.036706 166.428116
905.675939 389.075683 85.269626 165.681158
904.721193 390.015305 86.018525 165.414292
906.769169 391.686704 84.226767 164.355036
905.476971 392.828458 85.609179 164.142397
905.324078 393.617240 85.123860 163.813775
906.508356 394.720325 83.895890 164.925619
907.091702 395.605255 83.188112 165.342177
907.675006 395.538116 81.788982 166.905288
908.359317 395.685074 80.639914 168.618355
908.744372 396.635634 80.487446 166.206262
909.358688 397.536880 79.779008 165.973286
910.034378 398.420152 79.112399 167.771429
910.064367 398.082049 79.063389 168.041106
910.349302 398.659609 80.164188 167.695605
910.712867 399.751468 79.127899 166.014418
911.100399 400.248095 79.475796 167.360524
910.105104 400.844952 80.568174 166.454432
910.008368 401.870616 80.988482 165.304115
910.652875 402.701216 80.365648 164.009559
910.166848 402.987705 80.914138 162.755572
911.261536 403.032950 79.288445 162.630019
911.864276 403.313055 78.817293 162.133309
911.205809 404.187758 79.989380 164.389868
912.246374 404.812462 78.656300 163.352056
911.641646 404.951070 79.623501 158.404026
912.486747 406.064425 78.712608 160.626472
913.300895 407.290017 78.054127 158.521298
914.021391 408.023583 77.965026 160.724925
913.446548 409.251288 79.495658 161.359895
913.484848 409.411516 79.521161 159.401153
914.452069 410.900814 78.506999 160.333553
914.763499 411.705780 78.289702 161.603869
914.822147 411.326611 78.871805 162.353818
914.542776 411.813950 79.425045 162.485716
915.231492 412.812864 78.184740 162.236061
915.241434 413.869006 78.560584 162.758609
916.098783 414.535133 78.381248 163.895160
915.829291 415.089880 78.923092 164.096426
916.691709 415.584306 78.357816 163.802300
916.720945 415.421529 78.449727 163.154070
916.587984 415.920893 79.379866 163.443681
917.234193 415.309826 78.832407 164.840123
917.663667 416.867370 78.835119 164.947005
917.667486 417.696827 79.249222 164.867455
918.265498 417.859956 78.662198 165.374904
918.919296 418.246508 77.994135 165.394412
919.405193 418.859051 78.107293 165.111161
919.823167 419.359096 78.511360 164.864059
920.311722 419.915401 78.065728 164.596609
920.910431 419.972187 78.139072 164.961646
921.634510 419.736505 77.712221 168.495976
921.122468 420.844949 78.463867 166.531483
921.548265 421.282766 78.827474 165.245275
921.907402 421.577616 78.982241 164.358701
922.684768 422.252710 78.886892 164.870579
922.487539 422.977022 79.908067 164.894061
922.285543 422.795261 80.281593 165.419672
923.696544 423.138065 79.603314 165.261571
924.760912 423.922555 78.861334 164.139417
925.068875 424.811697 79.456445 164.618277
925.086536 425.700998 79.988620 163.997589
925.587750 426.423212 79.720158 164.678429
926.620405 426.690673 78.557969 164.169619
927.749750 426.752769 78.007782 165.005528
927.610538 427.584303 78.546794 164.105887
928.097072 428.200346 78.523877 164.175514
928.422661 428.696659 78.643942 164.069512
929.448937 428.808856 78.586208 165.256204
929.167001 428.793611 79.847331 165.388175
929.924466 429.642231 79.513485 165.725545
930.679851 429.908715 79.271919 165.459344
931.854329 430.078582 78.808787 165.826842
932.433297 430.577620 78.839565 165.887750
932.491355 430.908712 79.003068 165.919829
933.527154 431.417247 78.284235 164.874229
933.984543 432.028005 78.218214 165.478788
934.870503 432.122804 77.959822 165.618115
935.218068 432.293301 78.114477 165.906602
935.638234 433.977020 78.185567 164.970859
935.984598 433.906769 78.816731 166.081543
937.414331 434.577607 78.115912 165.887750
938.012681 435.133507 78.308179 165.968127
938.606188 436.197474 78.570651 164.730700
939.311723 436.528053 78.245925 165.153670
939.603663 437.084237 78.921643 165.269011
939.640258 436.623114 79.536574 166.478529
940.211615 435.885012 79.712199 167.903310
940.426753 436.219905 80.050080 168.038332
941.772868 439.102431 79.480265 165.515272
942.679886 438.339848 78.983217 167.802087
943.334859 438.774639 78.593454 168.201347
944.609513 439.559082 78.285373 168.836650
944.064361 440.104822 79.108424 167.533196
944.538535 441.696525 79.134770 167.230535
946.515736 442.865724 77.667892 165.279653
947.170770 442.906767 77.670477 166.235136
947.777704 443.463456 77.915906 166.120153
948.754749 444.076951 77.520506 165.794128
949.077773 444.971704 78.079570 165.228175
949.405167 445.976889 77.882602 164.475367
949.842457 446.923599 78.282966 164.776042
950.591724 447.976878 77.785700 165.241882
951.263633 446.396323 77.622489 165.794822
952.699194 447.084223 76.858431 167.123120
953.610761 445.840046 77.222270 170.745964
953.816118 446.331186 77.425147 171.321685
954.820727 447.359401 76.693657 170.651795
954.992168 447.500399 77.402363 170.568929
957.071252 448.377250 75.548589 169.097718
957.535287 448.920223 76.031068 168.626140
958.206168 450.916294 76.126910 167.876258
958.846917 450.937500 75.711780 168.633727
958.938893 453.302940 76.397409 167.112837
959.148018 454.350023 77.229434 167.004302
959.384887 453.282685 77.127640 170.119187
959.805720 453.849879 77.367197 170.848222
960.371501 455.382313 78.011558 169.052905
961.776602 456.632177 77.445345 169.855929
963.582458 456.090836 75.488198 168.569450
963.754748 457.109435 75.931792 167.918457
963.938848 456.687812 76.662139 170.377915
964.476101 456.966058 76.594555 169.868254
964.960326 457.231055 77.319069 169.774044
965.569108 458.774652 77.245678 168.668822
966.384578 459.726991 75.985097 168.010270
967.358665 459.014333 76.097033 169.556900
966.834823 459.807200 77.360832 169.866354
967.271865 461.175951 77.759094 169.758673
968.032635 461.294587 77.578459 170.684266
968.116767 462.607916 78.458641 167.699400
969.537634 462.482213 77.744897 168.383688
968.489698 463.627797 79.285971 168.328903
968.769846 463.700689 80.184617 168.946642
968.879343 463.808205 80.535915 168.749557
969.151511 464.074071 81.241559 168.095041
968.998313 463.528733 81.514033 170.391886
968.482679 464.356410 82.478381 171.608703
969.296234 465.136465 82.344884 174.474152
970.274685 465.242945 81.260785 174.678533
970.597223 465.896235 81.536936 171.292128
970.220796 466.264864 82.619222 171.131456
970.944478 467.063639 81.964308 170.289489
970.604884 467.399353 82.700597 172.400206
970.908346 467.471709 82.555316 171.252892
971.057309 467.830184 82.521591 169.813445
971.391779 468.283203 82.682538 169.575244
971.604914 468.225045 82.986379 170.027159
971.724609 467.854369 83.401247 171.859540
971.993395 468.038991 83.802220 171.591148
972.312108 467.802683 83.294031 171.035396
971.876191 467.493546 84.482991 172.793371
971.277082 468.545533 85.781587 170.481276
971.947841 468.468297 84.401106 171.258615
972.011911 468.685417 84.563328 170.706607
972.610915 468.392203 84.112668 171.158483
972.710361 468.568253 84.424555 169.954378
973.376048 468.961652 83.983142 170.332696
973.376048 470.005193 84.328463 170.561053
974.291166 470.060074 83.602365 172.497025
974.348755 469.777295 84.146990 172.441160
973.350889 468.689035 85.777122 173.916364
973.658137 468.977173 85.937658 173.260465
974.442014 469.192251 85.418261 172.390421
974.079913 469.467149 86.115553 172.342140
974.517925 470.565328 85.758475 171.670923
975.085690 471.362069 85.527827 171.019731
975.138759 472.285732 86.254342 170.441180
975.961621 472.387103 85.864415 173.177875
976.455024 472.429472 85.688063 171.750210
978.477340 473.478073 83.332623 172.029799
978.112099 472.843352 83.877593 172.625886
978.548270 473.819632 83.606097 171.785767
978.411827 474.210902 84.015880 171.691132
978.907544 475.319713 84.066061 170.346847
980.167958 475.369086 82.370007 169.215049
980.455470 475.503461 82.793748 169.018213
980.874739 474.629034 82.616140 171.389092
980.258542 476.151475 83.888326 171.223426
981.192038 477.166522 82.927700 167.984627
980.659099 477.229626 84.005985 167.533769
981.384264 477.196318 83.301817 167.778179
982.844388 477.940287 82.160215 167.581381
982.211708 477.738668 83.217708 168.324028
983.162257 479.281370 82.216348 166.693156
983.288310 478.587323 82.178136 167.682502
983.417541 479.993302 82.025178 167.382459
982.901865 479.773079 82.768068 167.764659
982.835194 481.214457 83.442140 167.048500
983.351280 481.587480 82.635613 167.130210
982.029253 482.311398 83.460477 166.196863
982.711228 481.853564 82.445689 167.041590
984.164381 482.771480 81.217168 166.934176
983.746830 482.434990 81.790536 167.562651
982.814054 483.827843 83.093514 167.034336
982.826137 480.634741 83.090631 170.726169
982.459147 481.933236 83.927940 169.974326
982.258558 482.035654 83.936194 169.986151
983.551679 482.803559 83.077752 169.586165
984.489525 483.943949 82.390628 168.977407
983.273890 483.038266 83.586019 169.797079
982.136369 483.586518 85.104933 169.766619
983.192039 484.050752 83.997255 170.070131
984.354362 484.136529 83.226380 170.078697
983.942020 483.962656 83.862430 169.857185
982.627908 484.470618 84.841508 169.803518
983.376061 485.685404 84.032212 168.486344
982.619885 484.816769 85.283137 170.435404
982.007888 485.558752 86.101454 170.071386
983.048305 485.893183 85.344796 169.769595
982.310793 486.268684 85.698236 170.599970
982.942418 486.076783 85.532052 174.605295
983.013921 486.620268 85.727360 174.587975
983.088346 488.079998 85.620867 173.229167
982.340387 487.359140 86.645215 171.156899
982.055695 486.898229 87.380368 172.643918
981.972019 486.798912 87.388984 173.842358
982.473446 487.393888 87.745576 174.007369
982.585562 486.890604 87.904697 174.125025
982.534509 487.300236 87.851578 174.110399
982.432118 489.085681 87.953969 171.366301
981.529409 489.878692 88.662580 169.695544
981.457796 489.682429 88.172434 170.675220
981.704547 489.820311 87.714763 172.637951
981.357707 490.256585 89.109581 174.027866
981.442164 490.564071 88.724167 174.343425
982.791168 490.515578 87.203673 175.706645
981.901050 491.753864 88.548408 175.304242
982.043389 491.643493 88.468898 177.081679
981.959396 490.851721 87.988623 179.797128
981.317798 491.676138 88.541290 175.520386
982.319255 490.917148 86.371228 174.949492
981.365671 491.285479 87.830029 175.505427
981.383598 492.029000 88.300234 174.064105
981.821074 493.422353 86.927154 173.558435
980.846193 495.250051 87.463458 170.528863
982.772903 496.161258 85.456283 171.532211
982.624669 496.486914 85.312471 171.734793
982.324978 497.328718 85.814845 171.225233
983.163963 497.954819 84.475757 170.787679
982.711438 495.852196 85.196693 172.520938
983.244540 496.018153 84.352125 172.795597
983.566865 497.094689 84.072855 173.876048
984.701146 498.996657 83.005886 171.652506
984.376069 499.022785 83.448983 172.304077
985.302859 499.919219 82.735136 171.427709
985.551626 498.705054 82.980565 171.840751
985.970915 498.402062 81.816210 171.420675
985.639060 497.455993 81.895501 174.325838
985.029736 500.816319 82.358987 171.405328
985.230660 500.502168 81.720487 169.254475
985.645751 500.416013 81.079328 172.680822
983.758682 501.243652 83.701393 171.981790
985.115976 501.743938 81.739820 171.204307
983.708226 501.382731 83.314475 172.172292
983.710176 501.274657 82.991333 171.912641
983.594244 501.057397 83.099713 171.984126
982.889917 501.156919 84.039781 171.235122
981.899545 502.152370 84.993734 171.274431
982.529972 502.761161 83.849218 170.727121
982.494057 503.832205 83.961524 169.462144
983.622083 503.654673 82.619219 169.910353
982.607893 504.108606 83.368017 169.828496
982.824155 505.679405 83.206076 168.436841
981.991117 505.271195 84.113398 168.859389
982.042046 505.137672 83.955701 169.862718
983.426664 505.121929 82.668285 171.023962
982.439641 505.044667 84.268676 171.373747
984.018009 504.684294 82.602442 172.184367
983.494092 502.802050 83.578042 175.478857
983.844365 503.776760 82.791293 174.498384
984.280333 505.369481 82.556304 173.785988
984.821543 505.167184 82.081454 174.080688
983.429561 505.299716 83.805898 173.636540
982.884416 505.839135 83.856739 172.622823
982.138759 506.174386 84.487531 171.472935
982.228299 506.369295 84.392153 172.771672
982.365706 506.977444 83.746762 171.337163
981.178100 506.116724 85.325780 175.623079
981.319640 507.000480 84.977247 175.199110
980.675422 506.116729 85.456791 175.040330
981.001731 506.653694 85.408334 177.933163
981.107109 506.949991 85.317544 181.691457
980.348071 505.666986 85.946238 186.737950
979.484764 505.400360 87.793694 189.761453
978.147945 506.301769 89.383019 185.085743
977.559385 507.391519 91.082375 180.913276
977.502056 507.656555 91.380581 175.947670
977.657495 507.887709 89.972990 175.298890
978.315247 508.152857 89.083765 176.497395
977.034172 508.882704 90.159483 173.020310
976.807400 508.634775 90.244114 173.792745
978.426085 509.136927 89.224109 172.729730
977.127243 509.025041 89.820082 172.346601
977.296168 509.304928 89.113988 172.214512
976.621791 508.571901 89.982432 174.154350
976.678818 508.899778 90.099683 175.002641
976.085061 509.332345 91.079349 176.317885
976.530334 509.645354 91.241762 176.934376
975.984104 510.282343 91.099629 175.888451
975.741635 510.250638 90.166069 175.844774
976.781285 509.672472 88.381850 176.094237
976.510817 508.515107 89.216430 178.879357
976.665967 510.402504 89.524679 176.263576
976.391356 509.611487 89.349690 178.957248
975.678716 511.642327 89.239483 174.706865
975.887693 513.592373 89.044126 173.813492
976.056981 512.615871 88.706193 174.487813
975.586772 515.380825 89.071689 173.839804
975.481290 518.675446 89.281885 171.483417
975.666620 517.822309 87.727090 169.685141
976.182651 518.013144 88.054180 169.459741
975.768960 519.571663 88.392612 168.138332
975.992833 519.948180 88.204084 167.939182
975.523786 522.195138 88.673131 169.052734
976.182651 521.862821 87.271965 168.687393
975.630371 518.336425 88.187634 173.961622
975.405423 522.567226 87.907191 169.052713
975.355040 524.197958 88.324358 167.591177
976.417161 522.749878 86.849641 168.240043
975.039345 519.250341 87.634675 171.095811
975.425401 519.192784 87.985183 171.069876
976.014420 518.841064 87.404899 172.544939
977.481540 518.142027 85.395244 176.289071
977.228898 519.453260 86.197077 174.680348
975.947224 518.925685 87.398857 174.322996
977.055894 519.334459 85.852857 175.044146
976.675407 519.762830 85.990320 173.971004
977.177919 520.886069 85.349142 172.672668
977.705140 522.625179 84.638548 170.085429
977.068548 522.118706 84.949515 171.240497
977.529991 523.633580 84.480934 170.412109
977.192679 523.876829 84.700854 170.880523
978.228610 521.731039 83.782315 173.217217
979.166669 522.033335 83.088601 173.160926
976.886823 521.359579 85.784187 174.217904
977.783817 522.332545 84.299869 172.342072
978.798270 521.914573 84.062953 174.326651
978.922535 523.330615 83.601056 173.112958
979.365386 524.526943 83.274353 172.560006
978.306162 525.544313 83.921714 172.274389
977.823954 526.835157 84.316112 171.501505
978.710183 526.783204 83.424727 171.753819
979.192038 526.530760 82.737624 173.347567
978.529987 524.728892 83.610079 175.527562
977.935570 524.759015 84.405801 175.435038
979.458635 524.116723 82.994228 176.497943
979.664493 525.525298 82.784347 174.907950
979.586059 528.362075 83.732949 172.874570
980.365382 529.056501 82.747098 173.594413
980.846470 528.808803 82.215227 175.327323
981.280378 529.839119 82.460822 173.507333
982.115987 529.717717 82.407703 173.699126
982.821551 529.598478 82.223441 173.738165
981.127443 530.133668 83.822798 173.202975
981.685729 530.211176 82.818275 172.582546
981.212194 530.883991 83.015721 172.352647
981.312109 530.446998 84.361935 173.379875
981.201459 530.898224 85.996890 173.609660
981.353261 531.049331 84.953921 174.408918
982.863941 530.149592 83.058378 176.691901
982.582443 530.540416 82.658892 177.629592
982.102653 529.277180 82.534957 180.635465
981.605882 529.910665 83.338253 182.646181
981.941168 529.127713 82.642137 186.749566
982.587349 528.633740 81.553591 187.072585
982.939784 528.885898 81.861260 187.431186
983.980379 529.468098 81.579727 187.266716
984.363978 529.372860 82.014268 183.539252
986.374877 530.059274 79.917731 181.756676
985.936179 528.683961 80.766790 178.505243
985.839701 529.362081 80.483433 178.546425
986.007135 529.178695 79.915679 180.461062
986.479826 529.277180 79.441626 179.235833
985.713424 529.606226 81.066094 180.191565
985.624543 528.991695 81.185108 179.289830
986.285057 529.507865 80.626409 179.404790
986.470825 530.324350 79.136319 178.516749
986.550133 530.092371 80.485625 179.285501
986.852117 529.641263 81.039474 180.267250
987.020874 528.991695 79.396183 179.535777
987.202207 528.432033 78.509568 178.659793
987.703399 528.747909 77.116091 180.427847
988.084793 527.973811 76.651563 180.567835
988.934384 527.962408 76.776143 181.137063
988.984305 527.858826 76.451688 178.886874
989.384354 527.914832 76.136377 179.232872
989.666643 528.160645 76.609852 179.150576
989.998157 527.868122 75.444269 176.958770
989.646963 528.092384 78.515080 176.917848
990.714881 528.197710 79.325898 173.606002
991.550606 528.816875 78.326793 174.626963
992.025349 528.204079 78.161482 173.997859
992.609853 527.274361 78.111586 177.464019
992.953069 529.268566 77.059708 173.238149
993.855145 528.841019 75.081206 171.500013
994.972144 529.203321 74.477262 172.089802
995.792051 529.470850 73.813367 177.165943
997.562224 529.756700 73.195677 175.425797
997.679289 529.718056 73.491492 177.125804
999.043668 529.947911 73.680987 176.518674
999.441703 529.276219 73.317033 178.802421
1000.689606 529.544122 72.726879 180.565850
1001.458990 529.821555 72.384469 179.353082
1003.146069 530.103034 71.334102 179.497498
1003.022469 530.965142 71.200096 179.036884
1004.107782 531.214900 71.706478 181.977074
1005.480584 531.580928 69.979408 180.756755
1006.283198 532.890167 70.616722 179.314403
1008.113361 532.218553 67.863923 181.124888
1009.194346 533.085686 68.376193 176.795529
1010.396382 532.732794 67.623394 178.550597
1009.708084 533.963136 69.432163 176.478287
1010.055305 534.445640 69.649908 177.279424
1011.607536 534.725172 68.638877 174.849464
1011.298854 535.121679 69.353953 176.028360
1012.537501 536.064275 69.483120 175.856146
1013.624601 536.623100 67.720910 172.467045
1015.156680 537.001049 67.135344 177.754755
1016.387266 537.839272 66.354216 177.599832
1017.003906 538.716757 66.733461 178.399214
1018.554751 539.414328 66.111696 179.234359
1019.241231 539.188895 65.656076 182.909153
1019.580486 539.275375 65.482208 183.255701
1019.845424 539.149974 64.876143 184.287880
1018.766919 539.779258 65.775008 183.685067
1018.371652 540.346143 65.543723 184.052723
1017.508780 540.843852 65.309132 185.052542
1016.460235 541.474313 65.579053 185.359875
1015.979477 542.095007 65.315227 185.262659
1014.806203 542.538207 65.519109 186.486444
1013.758229 543.422937 65.359311 185.974141
1013.357301 544.232897 65.414648 185.476774
1012.151670 544.790592 65.252796 185.502523
1010.979437 545.475003 65.499938 186.885217
1010.364844 545.975608 65.620960 186.107134
1009.233960 546.155112 65.554898 186.471167
1008.190848 547.042698 65.733483 186.940660
1007.190888 548.309041 65.672203 186.211332
1006.711254 548.851972 65.121288 186.378010
1005.669631 549.790604 65.211873 186.587975
1004.931880 550.405492 65.035420 186.241106
1004.065887 551.285217 65.015845 187.159037
1002.491393 551.847751 65.953836 186.735076
1002.169912 552.226256 65.912158 187.545681
1001.703144 553.371593 66.029205 187.340239
1001.318005 554.689197 65.641370 187.359946
1000.537031 555.226255 67.057989 186.875783
1000.571027 556.323189 66.549602 188.007791
1000.537782 556.613560 66.410469 187.392908
1000.498063 558.259828 66.750767 187.647172
1000.437703 558.619993 66.510549 187.456240
1000.103920 559.687788 67.144910 187.796366
1000.269206 560.894514 67.464741 187.289091
1000.703369 561.575887 66.850598 188.199684
1000.932246 563.780844 66.754352 187.674071
1000.867456 564.767193 67.651974 186.658676
1001.769187 565.259197 67.309322 188.167136
1001.839405 565.695296 67.588889 188.438693
1002.302028 567.165969 68.369081 188.077885
1002.639823 567.718455 68.899818 188.950544
1003.574471 569.119872 68.851559 188.502512
1004.931553 569.993774 68.718279 188.964931
1006.172175 571.312134 68.594702 188.991992
1007.073974 572.695428 69.054723 188.267487
1008.606341 573.993774 69.225202 188.197981
1009.899292 574.865897 69.388951 187.562744
1011.138764 576.753165 69.122788 188.116104
1012.671858 577.481236 69.250750 187.778355
1014.059989 578.420034 68.680647 188.936589
1015.527657 579.545480 69.056453 189.327846
1017.059332 580.244845 68.912202 190.088715
1018.527096 581.239238 68.558550 190.181410
1019.622537 582.562428 69.010559 190.286777
1020.770357 583.296337 69.432893 190.810556
1022.043438 584.190147 69.363086 191.461523
1023.462795 584.962809 69.266488 191.202867
1024.609106 585.897818 69.642325 190.493417
1026.431069 585.798586 69.342342 192.025569
1027.610123 585.970421 69.781251 192.363808
1029.143007 586.063439 69.357289 192.382080
1030.303540 586.153449 69.565350 192.866008
1031.803759 586.115210 69.357708 193.448152
1033.047273 586.511609 69.775914 194.183360
1034.677520 586.079822 69.114342 194.506855
1036.119304 586.547062 69.088244 194.736130
1037.774144 585.945908 68.541454 195.949258
1039.488017 586.595145 67.846251 195.461749
1040.619660 586.363880 68.013095 196.193958
1042.110454 586.610345 68.113355 196.197273
1043.669663 586.180295 66.939890 196.439825
1044.912078 586.378740 67.469776 197.104363
1046.879019 585.567784 66.282142 197.052337
1047.702348 586.765374 66.507180 197.554496
1048.850022 585.641799 66.373674 197.815986
1049.967912 585.732637 66.193228 198.305364
1051.026930 585.157376 66.044995 198.600841
1051.699691 584.741857 66.372203 198.704112
1052.554373 584.536192 66.620930 198.558039
1052.649470 584.560370 67.435676 198.856808
1051.827242 583.536148 68.403383 198.738444
1051.606276 583.258733 69.306994 199.359642
1051.319329 583.432212 70.029741 198.849807
1050.838644 583.224191 70.936119 198.921542
1049.865764 582.647564 71.761980 199.158233
1048.823522 581.930925 72.250285 199.799398
1048.213985 581.838852 72.381054 199.408043
1046.830894 581.110829 72.781580 199.987708
1045.208773 581.222949 73.124117 199.796381
1042.819787 580.254116 73.648583 200.319053
1040.579363 580.267525 74.154781 200.028724
1038.514815 580.749431 74.991675 198.960749
1035.871468 580.336356 76.147550 198.976930
1033.110535 580.043144 76.759236 199.045596
1030.713272 580.114560 77.476073 198.654974
1028.490386 580.386526 77.360835 198.153552
1025.630201 579.704084 78.369671 198.707518
1023.086196 579.482515 80.153549 199.239418
1020.736014 579.516003 80.977451 199.295082
1017.971156 578.883418 82.577384 199.022711
1016.047306 578.808561 84.226350 198.948555
1014.266355 578.166696 84.930845 199.300823
1013.066333 578.108587 87.165016 199.760070
1012.990879 578.290128 88.511433 199.082117
1013.483079 576.905258 89.136360 199.903610
1013.465759 575.831389 90.728667 201.052587
1014.440553 575.793342 91.768925 200.392622
1014.537530 574.825276 93.742456 201.176654
1015.513983 574.920255 94.647758 201.505418
1016.470097 573.393804 95.424306 203.281378
1017.467455 573.085063 96.576545 203.102512
1019.424913 572.953472 96.438895 203.479880
1020.505005 573.745614 97.174270 202.921751
1020.888070 573.633078 98.674905 203.376059
1021.563447 575.248939 99.863591 202.816332
1022.518993 575.891400 101.104127 204.509267
1023.851178 576.376267 101.702662 203.949108
1025.969444 577.829312 101.646337 203.735172
1025.448536 577.816950 104.105358 204.129032
1027.828924 579.121046 103.347888 203.350065
1026.956313 579.670499 106.427839 203.609694
1028.927122 580.407341 106.243868 203.584379
1028.778029 580.781670 108.065293 204.019005
1029.849894 581.240970 109.006869 203.932812
1031.430549 581.915910 109.134001 204.107258
1032.468233 582.113825 110.091809 205.054356
1033.838323 582.754951 110.629692 205.117507
1034.260132 583.850043 112.183256 204.770393
1035.085019 584.318103 113.022112 205.435442
1035.212344 585.383033 114.821979 205.359868
1036.204285 586.302326 114.674554 207.173160
1036.483606 585.703837 116.750856 207.115197
1037.859469 585.486475 117.409652 207.779404
1038.683539 585.995650 118.476530 208.633823
1039.263773 587.559862 117.881231 208.221564
1039.983701 587.415139 120.468422 208.590799
1040.972786 587.656517 120.304156 209.178258
1041.762539 589.355208 120.757247 208.773196
1042.699087 589.283528 122.795671 208.813943
1043.280457 591.339299 122.362188 208.994906
1045.573307 591.880456 122.432416 207.019138
1047.333709 592.909740 121.890252 208.580062
1048.445614 593.123986 121.986997 207.939397
1049.090530 593.972788 123.438443 208.778263
1050.058495 595.054303 123.519116 208.237054
1051.541093 594.794313 124.412420 206.682930
1051.745998 596.618222 125.498210 206.654453
1052.192569 599.415946 126.054181 204.782097
1053.388116 599.644446 126.529108 204.765056
1055.146863 603.479745 125.966512 201.812946
1056.457112 602.602127 125.394925 203.224518
1056.448855 606.590623 127.159106 200.129198
1057.449260 607.751663 126.603986 199.495139
1057.861504 610.715223 127.313971 197.802028
1059.165776 611.954738 128.032029 196.720943
1059.913231 608.494869 127.867643 201.542529
1061.252259 615.215671 128.089984 195.549337
1062.211002 616.563238 127.651710 193.363790
1063.043949 616.934293 128.184345 195.571224
1064.393001 619.607434 128.226457 191.945105
1065.442957 618.598401 127.664546 194.553826
1066.484862 627.405677 126.181859 186.609392
1064.835724 625.000458 129.624224 189.183769
1067.046169 633.986659 127.274539 180.983889
1065.564961 628.448133 128.548552 186.479934
1064.130867 628.230171 130.009157 188.294401
1063.843763 622.790846 130.672448 193.889214
1063.591523 614.231685 130.542152 204.234320
1062.349346 609.975646 130.985252 209.227512
1061.031442 611.761818 132.586216 208.389239
1060.732879 609.100972 132.403770 210.697560
1058.529015 609.157646 134.913418 212.185982
1058.869944 611.153257 134.764568 209.370211
1057.939740 610.851974 134.861446 210.363749
1057.676430 612.116730 135.500577 210.318650
1056.299119 609.566533 136.127534 212.855260
1055.642847 609.614427 137.060315 214.364194
1057.110533 610.442846 135.562664 213.876596
1056.104771 610.012542 136.166802 216.034657
1056.732741 611.065318 134.600139 216.258318
1054.298103 609.939527 136.615877 218.073538
1054.588098 612.903715 136.802453 215.931267
1054.873420 611.766795 135.498128 217.409019
1054.301710 613.923397 136.623174 217.313773
1054.361063 613.037326 134.315426 218.103592
1055.121293 611.501623 135.189264 217.028518
1054.814205 612.626700 134.307079 216.905678
1055.170721 615.525902 133.819127 213.346703
1055.524860 615.281405 133.680883 213.361876
1055.606622 615.354232 133.826419 214.005596
1055.434883 615.773462 132.415432 213.933179
1056.648348 617.164322 131.809512 214.394996
1056.930858 615.977522 129.918901 216.511201
1056.122708 618.312800 130.502196 214.899644
1056.518916 617.773061 129.512580 215.274291
1056.389171 618.019342 128.797028 215.601778
1055.261543 619.041435 129.259402 214.103678
1054.129101 618.547488 130.301583 215.820785
1055.766268 618.125117 128.388471 216.466796
1053.707073 622.057648 129.851206 214.216134
1055.697094 618.773243 126.066707 217.269753
1054.725050 620.933687 127.393853 216.190864
1054.998633 619.843522 126.401457 218.245724
1055.467990 620.048404 125.209504 218.773434
1055.059432 620.929855 124.953211 218.128799
1054.761849 618.958735 124.184898 219.821204
1054.780203 622.114504 124.681574 216.811143
1054.966241 621.820869 124.476066 217.702851
1055.782331 623.273035 122.648306 216.601120
1055.967237 623.820695 123.485708 216.712011
1055.289497 621.021077 123.272342 220.346223
1055.887436 620.414213 123.693932 222.904733
1054.475020 619.833944 125.082087 225.361314
1053.255629 620.842289 126.311448 225.191920
1052.187184 619.307703 127.298691 227.088827
1052.045360 620.647302 128.232185 224.702205
1051.484028 620.676633 129.098340 223.662331
1050.058402 620.220505 128.634161 223.693513
1049.447595 620.372747 130.918134 223.541270
1046.515750 623.098966 131.690808 220.673417
1045.071461 620.877321 131.049928 221.058246
1046.997003 622.064366 125.666881 220.095854
1046.502731 621.792594 124.612409 219.762010
1041.470929 619.869281 127.934188 220.711871
1041.442515 622.438027 127.642291 218.481528
1041.109720 620.752160 123.368735 217.380204
1039.481131 622.245508 124.994312 217.403010
1039.712641 621.788603 122.699186 219.533314
1036.903315 623.783276 125.453719 219.439771
1039.323354 624.911306 121.686936 218.882235
1037.791317 623.889782 121.628977 219.417448
1036.342955 622.813941 121.876686 220.627493
1036.770056 624.087215 121.440175 218.819823
1036.729807 623.667080 120.455929 221.109842
1035.678037 624.509806 120.916999 222.413158
1035.804873 620.770062 119.019572 224.836038
1034.511148 621.301830 119.692145 224.470324
1035.335778 622.296853 118.912768 223.896579
1034.392613 623.316310 118.230417 222.292034
1034.576561 624.306301 116.572355 220.405908
1033.307692 623.375906 116.497698 220.183443
1033.541476 623.362015 114.996727 219.916262
1030.867356 623.112119 117.279307 220.334094
1028.244274 623.676679 119.753104 220.402188
1027.772733 623.173120 118.674302 221.435284
1025.999228 622.792659 119.723433 219.547204
1025.389617 622.388704 120.066950 221.060473
1024.126272 622.379030 119.906735 220.103334
1023.140323 622.516485 119.444301 220.740464
1021.076893 623.231137 120.507700 219.033176
1020.254020 621.662743 120.100388 217.530087
1017.792763 622.577902 121.799016 217.923451
1016.181821 622.042621 121.482889 218.355418
1015.225027 622.491462 122.186076 219.557955
1015.452372 621.640931 121.119445 222.477526
1013.719811 620.117103 121.775593 224.572014
1013.567250 620.725997 120.218357 225.654524
1012.178397 620.648566 121.250623 224.512308
1013.297808 619.068920 118.869608 224.593292
1012.267068 620.262597 119.119598 221.903425
1011.604068 618.125685 117.612151 223.730066
1010.324323 620.359776 118.162237 220.782312
1009.886456 620.614814 119.052882 220.730552
1008.659431 621.027883 120.033174 222.547081
1008.136301 620.673893 120.846430 227.132577
1008.082652 621.402508 121.292427 221.571575
1007.618002 620.705085 121.598707 225.003278
1006.404958 620.757062 122.866995 225.544260
1007.069803 620.740745 121.748615 226.955021
1006.355624 621.277694 124.227725 227.276208
1005.289842 622.392310 123.280618 223.293301
1005.638652 622.294045 121.050073 222.479746
1005.664323 623.055966 122.316844 222.716189
1005.546567 622.590400 122.981739 221.787216
1006.064181 622.886040 122.356843 221.011649
1005.532194 623.319186 119.948495 218.151913
1004.947748 623.089484 119.535638 220.135538
1003.870535 623.178491 120.671122 219.691134
1004.470490 622.324930 119.020206 221.179729
1004.192007 622.097145 118.392599 220.993077
1003.089403 622.726062 118.391701 218.295189
1003.720805 623.596806 117.241112 218.429872
1003.621047 623.428069 116.824357 218.656037
1003.345948 622.825505 116.786677 219.976475
1003.132070 623.401890 116.554637 219.316056
1001.654313 623.202516 117.586999 218.779311
1000.723693 623.926373 117.179647 217.664239
1000.178099 623.615234 118.198521 218.215269
1000.445199 623.476986 116.860905 218.215844
999.109116 623.764346 118.127839 217.350677
998.934076 623.474326 117.130005 214.768480
998.230550 622.739573 118.036154 218.563991
998.445229 623.373784 117.206517 218.446992
997.727443 623.439308 117.405169 219.645124
998.132087 622.983821 116.554637 220.397423
997.169605 623.362015 117.448582 220.741600
996.405090 623.939438 117.766473 219.252708
997.132081 624.264074 117.106971 220.564847
995.886769 623.807266 117.976555 221.003815
996.333879 624.237671 117.394378 220.279482
994.747195 624.412602 118.594699 220.191888
995.371869 625.140549 117.350629 218.963996
994.065118 625.139929 117.830265 219.738049
995.227694 624.773922 116.668321 220.476956
993.197043 624.773922 118.216385 219.858559
993.546113 625.164410 117.244763 218.616335
992.027494 624.312199 118.554711 220.256609
992.094600 624.464105 118.214776 220.053048
992.234377 624.412602 117.696686 220.398479
992.371879 625.014467 117.212160 220.210533
992.270968 624.471266 117.277811 220.676401
991.131803 624.638713 117.522073 219.862643
991.270945 625.413625 117.485749 219.173650
991.582070 625.326718 116.518132 219.699960
990.342744 625.851567 117.416653 218.558137
990.895460 625.009615 116.481865 219.225614
991.570566 624.914862 114.747248 219.653946
990.384299 625.304861 115.628631 218.964523
992.476795 624.701502 113.550741 219.159075
990.189881 624.587317 116.218721 220.074340
990.441783 624.839695 115.394306 219.626132
990.070159 624.414476 115.062916 220.856030
990.255156 625.663243 114.580928 220.249387
990.021192 625.701496 114.443570 219.875215
990.145336 625.442119 114.001343 220.085819
988.424157 625.592965 115.146550 218.808620
988.644311 625.408142 114.869344 219.762795
988.607122 625.605278 114.405827 219.176571
987.355053 625.257749 115.354278 218.888696
988.011112 626.386183 114.472036 217.936435
986.735310 624.834371 115.069187 219.698693
988.096003 626.136278 113.502280 220.481975
985.972056 626.139807 114.991683 220.080208
988.421478 626.263423 112.109964 220.491408
986.816568 626.834368 113.393250 218.984308
985.594155 626.060843 114.162115 219.984352
988.499398 626.530258 110.795076 219.971501
986.086290 627.132574 113.395934 219.017548
985.277546 627.662284 113.736127 218.462202
986.414347 627.737233 112.190886 218.489296
984.363114 627.347691 114.420471 218.728956
985.830595 627.297491 112.760016 218.900502
984.988800 627.316781 113.314059 219.090416
984.937684 627.512252 113.281273 219.635505
984.900664 626.941188 112.959492 220.154370
983.690600 625.894506 113.582247 221.790978
985.421473 626.219442 111.910267 221.923619
984.193042 626.274959 112.924242 222.859386
984.328328 626.303877 112.317295 222.425478
983.962348 626.428668 112.451070 222.462625
983.946614 626.047070 112.142919 222.740546
984.608855 625.356768 110.963117 224.053499
984.476803 626.352448 111.095169 223.369941
983.946614 626.637260 111.625358 222.898197
984.079463 626.713639 110.982092 222.925522
983.663192 627.654022 111.389808 221.754389
983.433276 627.713454 111.453147 222.545098
984.586152 628.198956 110.146935 222.209449
984.392405 627.058290 110.263620 222.731231
984.226176 627.561338 110.277828 221.870090
984.915463 627.743124 109.359925 222.489584
984.654329 627.495786 109.369545 222.346400
985.275335 627.572290 108.861227 223.405753
985.694169 627.827376 108.518171 224.131338
985.593918 628.771245 108.886981 223.130016
985.887457 628.904001 108.242747 223.432233
985.367532 628.496448 108.515460 224.481611
986.048644 630.228149 107.826874 222.984326
986.437622 629.450713 107.590904 224.395737
987.173549 629.904006 106.709443 223.535837
987.658419 630.501127 106.480377 223.089311
987.728041 630.329649 106.524629 223.590682
988.365779 631.321553 105.645073 223.116211
989.532981 631.516132 104.437068 223.167075
989.937974 631.856009 104.039591 222.486699
990.597715 632.043692 103.279370 221.549212
991.653641 632.497060 101.847057 221.231928
992.752720 631.813438 100.607237 222.964721
993.419095 631.680986 99.840562 223.565736
993.995834 632.446239 99.131784 222.902989
994.967316 632.701075 97.887542 222.016677
995.392386 632.018668 97.860085 223.022844
995.837071 633.252398 97.734638 221.564906
996.562821 633.057633 97.221699 222.346518
997.325677 633.077504 96.277940 223.409891
997.562837 633.764099 95.988189 224.158840
998.695782 634.018667 94.754433 224.042249
999.890917 634.981416 93.927759 223.034223
1001.065969 635.136969 93.142424 222.903656
1001.172814 634.494132 93.682392 223.496824
1002.752515 635.224030 92.455881 222.087084
1002.122952 634.619975 93.637271 223.218656
1003.866324 635.136969 92.188595 222.498021
1004.771471 635.080186 91.680456 223.264997
1005.157173 635.614671 91.474141 222.122863
1006.996818 635.664230 90.062295 221.819247
1007.915502 635.994673 89.700633 221.984958
1009.040226 635.453241 88.710648 221.842543
1009.294766 635.971584 89.698993 221.146952
1009.398220 635.438774 89.399593 221.679762
1012.351252 636.578316 86.586357 221.327117
1012.817622 635.686929 86.783363 222.655013
1014.406052 636.325060 85.910768 222.663447
1014.460169 636.700674 86.499664 222.706736
1015.868521 636.638661 85.390149 222.946878
1017.321440 637.304832 85.467214 221.717931
1017.495632 636.599173 85.214978 223.163884
1019.284287 637.380850 84.655657 222.244074
1019.603316 637.204760 84.317363 223.277409
1020.569709 636.677069 83.701952 224.186499
1022.061083 638.817099 82.692608 221.829930
1022.081284 638.395655 83.430792 222.371232
1022.378773 638.492815 83.799383 222.622797
1022.705106 638.044154 83.910103 222.554214
1022.850022 640.153403 83.726460 221.248766
1024.975165 638.557792 82.918072 223.291174
1024.633473 639.340225 83.587126 222.675192
1026.115830 638.957777 83.240458 223.659586
1027.088221 638.975196 82.398174 224.414122
1027.667274 638.117537 82.098648 226.193297
1027.745130 637.123673 82.965221 227.128974
1027.945778 637.181587 82.849163 227.418377
1028.266318 637.964755 83.502390 227.217891
1028.699432 638.359615 83.465147 226.996645
1028.945750 638.575870 83.650629 227.402469
1029.132660 638.423180 83.947125 227.933089
1029.351256 638.916004 84.828065 227.705684
1029.892683 639.934336 84.805815 226.043182
1030.271733 640.274920 84.720893 225.786856
1030.947965 640.042393 84.782075 226.426176
1031.487907 640.514932 85.077111 225.620346
1032.163521 639.501471 85.100335 226.938287
1032.676386 639.538503 84.716912 226.980856
1032.594923 639.521023 85.629141 226.906628
1032.458083 639.856629 86.727418 226.732633
1033.539634 639.881991 85.783578 226.663096
1033.349026 640.011980 86.651490 226.577282
1033.998809 640.485698 86.526343 226.173454
1033.900309 640.096877 87.168268 227.072726
1034.533589 640.356308 86.584265 226.768434
1034.772475 639.710434 87.002349 227.222313
1034.426364 640.200740 87.601184 226.924002
1035.294176 640.908592 87.128840 226.897929
1034.202847 641.278562 88.649204 226.846175
1034.368579 641.547256 88.908292 227.314621
1033.782080 640.951122 90.207794 228.582567
1035.180147 641.646256 88.906966 227.846589
1033.293563 640.561697 91.602429 229.344126
1033.981372 640.613816 91.247714 229.078804
1033.280969 640.765466 93.109417 228.869624
1032.399209 640.649403 94.381923 229.193087
1033.205490 640.723952 94.578864 229.727744
1032.647572 640.887949 95.712504 229.824572
1032.140759 641.352914 96.732318 229.078444
1032.020796 640.645051 97.758313 229.995506
1031.601123 640.079811 98.755124 230.651865
1031.266352 640.702573 99.163820 230.103189
1030.651556 641.296937 100.766589 230.250945
1030.592575 641.590851 101.928394 229.635453
1030.393841 642.406156 102.590131 229.763367
1029.736415 641.702260 103.173864 230.573214
1029.832813 640.865584 103.811071 232.800149
1029.239262 642.419218 105.052221 230.209045
1029.013058 642.712075 105.836977 230.532242
1030.071278 642.137848 105.418976 231.442814
1030.277679 641.392028 105.533246 233.587258
1029.705590 642.809788 106.839081 232.002570
1029.834826 643.236025 106.951832 232.316811
1028.952893 643.550800 107.930370 232.217197
1028.503739 643.910924 109.242782 232.018883
1028.100572 644.305487 109.583902 232.593150
1028.445989 643.964983 109.938195 232.682843
1028.204014 644.283624 110.258420 232.901970
1028.175332 643.624442 110.762502 234.770682
1027.852258 645.579323 111.345833 233.143000
1028.013761 645.486268 111.468047 233.928760
1027.584145 645.704603 112.253802 235.040606
1026.853514 646.825078 113.376477 234.349279
1026.853514 646.983508 113.376477 235.726262
1026.798979 647.500059 113.955179 236.282863
1026.908694 648.172562 113.943935 236.405577
1026.363067 648.742729 114.753781 236.900354
1025.928101 648.413086 115.210660 237.933843
1026.285669 649.102542 115.125666 238.171531
1026.010490 649.509373 115.003876 239.056177
1026.398468 651.421653 114.779049 238.935635
1026.290883 651.424710 115.239237 239.950346
1025.710623 653.105893 116.447122 239.792425
1025.126201 654.715941 116.663736 239.839534
1025.660066 656.564652 116.989138 238.943580
1025.963906 657.289138 116.627003 239.604415
1025.261947 657.768067 117.911448 239.961516
1025.076175 658.348886 118.945530 241.068201
1025.021828 661.653341 118.811779 239.297820
1025.493627 660.676653 119.252052 242.324231
1024.415394 663.438672 120.303270 240.419183
1024.869318 663.555762 120.446274 241.442529
1024.845518 664.751441 120.919353 241.773901
1024.965288 665.708783 120.967860 242.671605
1024.663659 666.490672 121.430160 243.360625
1024.489687 667.773407 121.496095 244.139270
1024.755780 671.480347 121.326695 241.835136
1024.229796 669.405034 122.859214 245.525557
1024.262381 672.972478 122.454192 243.376538
1024.014615 671.041984 123.151083 246.784741
1023.341674 675.681745 123.636899 243.715395
1024.283637 673.387599 123.194914 247.710755
1024.199038 676.876297 123.863995 245.384476
1023.920502 676.294766 124.104862 247.163189
1024.055650 677.389674 123.880805 247.279396
1023.609939 678.958899 125.179884 247.463981
1022.975180 680.390638 125.641181 247.276811
1023.272677 680.172041 125.416512 247.962514
1023.697968 681.006391 125.379826 248.293803
1023.993572 681.023070 125.010741 248.723265
1023.837019 681.864741 125.950967 248.930856
1023.935493 682.366833 126.017579 249.483553
1023.766878 682.136809 126.134894 250.409145
1024.047563 683.573429 126.242144 250.263837
1024.346006 683.788578 125.577282 250.520235
1024.215011 684.315548 125.686761 251.036656
1024.494868 684.058929 126.016186 252.350137
1023.694453 684.470722 127.495803 252.780128
1024.262779 684.733229 126.746221 253.162829
1023.637344 684.398275 127.567870 254.666474
1024.532408 686.056480 126.663508 253.444347
1024.092323 683.798475 127.776499 256.675311
1024.770874 689.087226 126.606345 251.992130
1024.260994 683.852802 127.587884 257.986372
1024.454681 689.521901 127.307646 253.077691
1025.112256 686.680228 126.896727 256.182802
1024.914322 687.313328 127.300885 255.267257
1025.080591 686.613944 127.263147 256.323608
1025.216543 687.836136 127.443228 255.606418
1024.891035 685.380409 127.962256 258.153438
1025.302910 686.886484 128.501691 256.525925
1025.581812 683.269227 128.040637 260.683133
1024.776026 685.507540 128.678822 258.246907
1025.744723 685.060869 128.455454 258.834516
1025.219734 685.676193 128.487533 258.737734
1025.249353 683.114645 128.483439 261.569892
1025.823797 686.366432 128.332851 257.971641
1025.693599 682.363313 128.661172 262.168814
1024.393107 685.329529 129.458788 259.044822
1026.626706 680.894096 127.987750 262.410878
1026.058398 683.524290 127.920270 260.340097
1025.359582 680.122580 129.630441 262.781635
1025.418221 683.624006 128.450890 260.045878
1025.542048 678.031061 129.107551 263.905639
1025.144752 681.205378 128.741312 259.409142
1025.236326 675.879097 129.111458 264.068029
1024.368687 679.212191 129.153685 259.879720
1024.346423 675.905473 129.963184 262.132881
1024.107929 674.196868 129.563140 262.277813
1023.691436 672.159432 129.841075 263.396012
1024.640163 668.543349 129.240781 265.241279
1023.617572 670.547867 129.939694 262.312134
1024.189802 666.433531 129.675735 264.792913
1023.773846 664.754300 129.129699 264.962832
1022.979329 661.851695 130.183041 265.195877
1022.919456 662.489261 129.362510 262.652285
1022.846475 655.717267 129.909526 268.523169
1022.515880 657.468161 129.618655 264.227665
1021.824187 652.615666 130.188047 267.549654
1021.474058 653.988845 129.785248 263.557161
1021.562072 650.824942 129.346793 265.744815
1020.813874 648.308574 129.692904 266.073458
1020.541906 646.431655 130.143257 265.882205
1020.804146 647.058825 128.768821 263.334505
1020.310233 642.243433 129.896235 266.373051
1019.753216 641.707535 129.763281 265.419917
1020.006323 635.861000 130.131809 268.816336
1018.522237 639.861273 130.898948 263.370202
1019.905322 634.064275 130.477255 266.632350
1019.639136 632.521522 129.531499 267.813621
1018.587015 629.762088 130.978261 266.993202
1019.562868 627.601975 129.884579 267.835339
1018.743778 625.769701 130.598023 267.538167
1019.097666 623.402190 130.199419 267.884032
1018.786315 620.475720 130.361004 268.547329
1018.622062 614.886240 130.167803 272.596962
1019.267079 618.343187 129.517926 267.135037
1018.326677 610.873251 130.656533 272.399810
1017.964960 614.676890 130.587850 265.607250
1018.377297 608.473895 130.173085 271.415935
1017.553943 604.527181 130.919872 272.663954
1018.527075 603.200711 129.703395 271.960002
1016.922012 602.383950 131.256340 271.349229
1017.800818 599.512275 130.208432 271.756342
1017.129244 595.445026 130.777528 274.069596
1017.007826 597.907215 130.580932 270.449282
1016.919949 589.221333 130.795042 277.332653
1016.572338 597.767149 131.230645 268.811699
1016.143947 587.056223 131.406733 278.376603
1015.989316 596.475135 131.782421 268.227189
1015.671401 593.999172 131.281217 270.235513
1016.806446 593.254429 130.039622 270.114933
1015.829152 593.069857 130.827588 270.424852
1016.697634 594.531154 130.092893 268.299014
1015.891496 593.124279 130.762978 269.930669
1015.561416 590.746246 130.824164 272.083922
1016.220266 591.677825 129.774324 270.285988
1015.926754 590.250558 130.323866 271.809766
1015.913602 589.357477 129.919288 272.480539
1015.600561 593.831467 130.084932 267.956151
1015.474030 590.438369 130.005490 271.367332
1016.117223 592.342116 129.356620 268.383559
1015.786274 589.033154 129.546346 271.982944
1015.182109 591.241287 130.143702 268.942175
1015.245312 589.506901 130.216224 270.177908
1015.188941 590.053111 129.901427 269.252628
1014.934152 590.655616 130.753657 268.353793
1014.778206 590.564830 130.909603 268.069405
1014.778206 589.195189 130.608176 269.189343
1014.926758 589.537764 130.025867 268.383305
1014.630300 590.187381 130.666784 268.152870
1014.778206 590.278098 130.458249 268.187305
1014.622017 588.458759 130.465054 269.427232
1014.457772 589.704454 130.420707 268.047871
1013.420725 590.187381 131.609097 267.403633
1013.622032 591.181737 130.914836 266.284611
1013.013340 589.755296 131.646475 267.309602
1013.622032 592.234887 130.839520 264.811607
1013.023326 589.123451 131.244502 268.287757
1014.438757 593.032768 129.680452 264.388112
1013.824209 590.964550 131.096816 266.795428
1013.003878 591.289366 131.443554 266.596625
1013.160839 591.830037 131.211359 265.931453
1013.326686 591.046920 130.731147 267.429007
1013.003878 591.214834 131.068678 267.090507
1012.420752 590.304569 131.458546 267.876437
1012.569398 593.589468 131.399152 264.625739
1012.492500 590.794101 131.381029 267.160121
1012.105731 591.018141 131.623611 267.616095
1012.934184 592.189190 130.981178 266.445045
1012.115288 590.864458 131.674564 267.859916
1012.300980 591.979461 130.800381 266.621294
1012.368421 591.501959 131.716915 267.222416
1011.364178 592.536033 131.648421 266.606909
1011.891494 590.252229 131.593067 268.364045
1011.986673 593.047813 130.522876 265.508502
1011.492519 590.886068 131.533809 268.055970
1011.254489 592.793937 130.600880 265.558209
1011.687934 590.692635 131.306721 268.450607
1011.726444 592.793937 130.055741 266.180246
1010.909627 592.530747 131.091703 266.906969
1010.891521 593.286606 130.465071 266.318956
1010.326702 593.885439 131.637304 265.800492
1010.586987 592.657747 130.237933 267.117585
1010.524029 594.933826 131.023232 265.580182
1010.170137 595.862903 130.515776 264.376298
1010.433684 595.742983 130.655033 264.701732
1010.075421 595.742983 130.760238 264.949113
1010.231151 595.607501 130.154705 265.418637
1010.075421 595.256883 130.310435 265.816007
1010.269827 596.510146 130.073257 264.146032
1010.241258 595.674809 130.203832 265.434925
1010.231151 596.346381 129.562366 264.480431
1010.443352 595.674809 130.096651 265.558637
1010.386666 595.893556 129.113772 265.056268
1010.597580 595.584827 130.018346 265.524907
1010.386666 595.256883 129.333380 265.692941
1010.124229 595.384337 130.430712 265.555461
1010.269827 596.240000 129.623690 264.539408
1010.134254 595.854506 130.178785 265.502758
1009.804144 595.256883 130.388529 266.309130
1009.950558 594.971776 129.958087 266.796328
1009.950558 594.698351 130.107261 266.822109
1009.639100 594.231273 130.418719 267.492877
1009.942097 593.764375 129.981449 268.165965
1009.317555 593.032579 130.309486 268.399744
1010.599489 593.206577 129.657159 268.183181
1009.430012 591.645511 130.248359 269.993750
1009.968005 596.641737 130.315865 264.751431
1009.658329 593.145917 130.519308 268.220463
1010.864837 592.474290 129.073362 268.790878
1009.115298 592.840960 131.078142 268.673496
1009.974545 595.784108 131.059668 265.523222
1009.753252 594.241370 130.573460 266.908268
1010.679387 592.111938 129.885865 269.320385
1011.438727 593.649603 129.379678 268.198911
1010.272760 592.573081 130.186831 268.610719
1011.291022 594.011599 129.965599 267.336487
1009.799663 592.757047 131.319822 268.302545
1010.819372 593.635649 130.526745 267.421296
1010.630299 593.206577 130.892489 267.436508
1010.630299 593.297833 130.817146 267.221094
1010.786313 593.662182 131.039308 267.105169
1010.630299 593.115241 131.195322 267.403687
1010.263376 593.830763 131.316443 267.142732
1010.826643 594.025451 130.810635 266.866274
1009.799663 595.125457 131.915164 265.686043
1011.144003 594.582749 130.864092 265.733376
1010.282757 595.502137 131.945796 264.613776
1010.125446 595.321350 132.179134 265.041193
1011.679383 596.581392 130.791545 263.781150
1010.563049 594.500377 132.372522 266.609357
1010.837671 594.297221 131.473769 266.221707
1012.143999 594.854400 131.018748 265.338057
1011.439778 595.049712 131.260355 265.930671
1012.416025 595.772832 130.700800 264.836610
1011.763271 594.891659 131.450825 265.812195
1011.743747 595.305812 131.271908 264.886645
1011.909580 595.335447 131.167300 265.074430
1012.687887 595.607501 130.540618 264.802376
1012.658352 594.844470 130.669821 265.723909
1012.648427 595.321350 130.619366 265.411649
1012.492500 594.332906 131.152910 266.323271
1012.743744 594.763913 130.523801 265.552213
1012.179946 594.265047 132.076528 265.839090
1012.630273 593.389035 131.119438 267.254050
1013.047949 592.932459 130.681394 267.959265
1012.734824 593.195715 131.069415 267.528377
1012.577910 592.831421 131.001911 268.142074
1013.555528 592.922582 130.283868 268.050913
1013.204159 591.922356 130.301144 268.844995
1013.555528 593.454924 130.283868 267.102009
1012.900263 593.490460 130.889589 267.197102
1013.717421 592.657747 130.643203 267.613028
1012.846702 591.363841 131.300602 269.484899
1013.812631 596.701013 130.019752 264.150297
1013.513237 591.847499 130.875366 268.447366
1013.309002 592.456417 130.554956 268.350360
1013.309002 592.099698 130.480833 268.126560
1013.515903 592.922582 130.063918 267.926157
1013.317556 590.439023 129.941749 270.328327
1013.812631 596.350920 129.351327 264.626131
1013.396616 592.126089 130.575162 268.784052
1013.352442 595.161285 129.649669 265.770522
1013.231165 593.028204 130.604508 267.787716
1013.047949 592.106568 130.086609 269.034011
1013.400558 592.648882 129.537648 268.324613
1012.942084 592.014502 130.055872 268.752848
1012.778238 592.831421 130.159968 268.142074
1012.786287 591.553095 129.988723 269.338629
1012.974520 594.982752 129.619700 265.949055
1012.541922 592.741222 130.672175 268.153226
1012.465641 593.377470 129.955546 267.596025
1012.368421 592.296605 130.122171 268.514895
1012.515875 593.740223 129.692522 267.857914
1012.056570 593.855590 130.285199 267.079903
1012.056570 593.764375 130.285199 267.667949
1012.871798 594.492100 129.500372 266.443392
1012.648427 593.741865 129.800256 266.656247
1012.377254 592.909323 129.949419 267.691813
1012.212603 592.932459 129.833035 267.959265
1012.717407 593.206577 129.280536 267.560773
1012.687887 593.435475 129.416304 266.996925
1012.687887 593.090922 129.564481 267.385897
1012.687887 592.893438 129.490339 267.041030
1012.532678 592.893438 129.571513 266.916708
1012.377254 593.074394 129.726937 266.487376
1012.579114 593.164752 129.688698 266.769716
1012.377254 593.255055 129.505588 266.679412
1012.269843 593.525592 129.773026 266.657735
1012.065705 592.712240 129.743641 267.097906
1011.639108 593.864448 130.269545 266.025400
1012.152106 594.085109 129.924821 265.399426
1011.813913 593.724510 130.213744 266.131583
1011.648447 593.615654 130.319673 266.194492
1012.306344 594.691279 129.998236 265.243189
1012.386675 593.651214 129.480430 266.375463
1011.959602 594.085109 130.083266 265.770984
1012.269843 594.175105 129.773026 265.680988
1012.541922 594.013418 129.178134 266.136982
1012.279115 594.194132 129.898572 265.461698
1012.075430 594.374605 129.865415 265.652072
1012.579114 594.644767 129.613573 265.134572
1012.085714 594.013418 130.210158 265.518904
1012.424613 594.803280 129.843200 264.557581
1011.929923 592.661836 130.291484 266.919264
1012.879354 594.043336 129.478385 265.597321
1012.190331 593.105994 129.365977 266.302926
1013.348258 593.995033 128.994841 265.365828
1012.706600 592.466993 129.514807 266.941928
1012.065705 593.416168 130.186664 265.602855
1013.348258 594.064947 129.070235 265.000930
1012.668826 592.466993 129.234036 266.818633
1013.348258 593.435475 128.994841 265.259205
1012.513233 592.192122 129.462660 266.723941
1013.654274 594.043336 128.764219 264.851575
1012.513233 591.741465 129.609151 267.102141
1012.687887 594.221928 129.937295 264.424974
1012.551747 593.741865 129.968215 265.174199
1012.541922 593.904930 130.293747 264.715174
1012.033859 593.272253 130.546952 266.212282
1012.532678 594.423238 130.242513 264.518800
1012.706600 593.105994 130.038686 265.933150
1012.023292 593.705609 130.647215 265.732107
1012.377254 594.333766 130.322879 264.484540
1012.396626 593.651214 130.423981 265.264850
1012.541922 594.265047 130.596231 265.095814
1012.336330 594.085109 130.482758 264.905052
1012.541922 593.995033 130.520395 265.365828
1012.336330 593.814746 130.408386 265.546115
1012.336330 593.995033 130.334176 264.995128
1012.851769 594.085109 129.908600 264.781593
1011.877146 593.105994 130.703666 266.179632
1012.879354 594.311171 130.008397 264.335731
1013.015662 593.105994 129.804945 266.179632
1012.648427 593.255055 130.245086 265.686982
1012.648427 593.164752 129.948030 266.148911
1013.460294 594.064947 129.390117 265.248716
1012.813885 592.466993 129.766927 266.941928
1013.152059 594.132659 129.773734 264.762252
1013.124252 592.741222 129.530742 266.421110
1012.959583 594.064947 129.415428 264.877091
1013.630945 592.923728 129.492452 266.485192
1013.114811 593.705609 129.186636 265.360267
1013.630945 593.014888 129.265199 266.394032
1013.231165 592.088939 128.978251 266.531165
1013.468616 593.255055 129.517972 265.810821
1013.386680 592.454200 128.967958 266.535961
1013.468616 593.525592 129.291753 265.664124
1012.969203 591.997470 129.760029 267.116151
1013.416056 593.595673 128.827793 265.175233
1013.597592 590.809207 128.671818 268.476419
1012.950596 592.677403 129.366572 266.046972
1012.386675 593.164752 130.073844 265.529929
1012.386675 592.893438 129.924697 265.801243
1011.919458 592.983929 130.317583 265.710752
1013.194887 592.983929 129.148213 265.710752
1011.877146 591.630923 130.042189 267.235779
1011.639108 592.497281 130.945008 265.978646
1011.950565 593.056350 130.482488 265.342865
1012.114830 592.893438 130.228269 265.554102
1011.959602 592.258118 130.534393 265.942655
1010.967874 592.966275 131.507784 265.309150
1011.950565 592.243095 130.407173 265.785074
1011.648447 591.789011 130.921158 265.992169
1011.794944 592.767383 130.864864 265.212403
1011.804159 593.146426 130.614334 265.252790
1011.804159 593.074394 130.538940 264.879827
1010.346813 593.074394 132.039052 265.373145
1011.212607 593.842033 131.182101 264.385662
1011.851765 593.525592 130.210547 264.551879
1011.346617 592.909323 130.831071 265.218390
1011.336350 593.864448 130.856338 264.906458
1011.336350 593.345279 130.631770 265.225778
1011.336350 592.893438 130.631770 265.554102
1011.997597 594.311171 129.928243 263.964255
1012.134262 592.283817 129.728336 266.509220
1011.492519 593.505947 130.401014 265.140955
1012.006339 593.615654 129.754026 264.461816
1011.824201 592.283817 129.963814 266.140514
1011.492519 593.056350 130.252217 265.342865
1012.006339 593.074394 129.904731 265.126379
1011.658380 592.180328 129.996643 266.316585
1012.306344 593.326307 129.468894 265.444599
1011.658380 591.814344 129.922459 266.805761
1012.614149 592.767383 129.462778 265.460312
1011.813913 591.905920 129.989745 266.467855
1012.152106 593.326307 129.548074 264.825436
1011.824201 591.814344 130.263060 266.559431
1011.950565 594.109284 130.032647 263.994457
1012.288918 592.375432 129.648424 266.417605
1011.959602 594.043336 129.785134 263.737845
1011.716809 592.703691 130.773450 265.476820
1011.492519 593.953933 130.252217 264.321493
1012.323716 592.271690 129.723780 265.856023
1011.919458 592.349066 129.580989 265.728405
1012.160645 592.530747 129.901667 265.793383
1011.804159 592.530747 130.163961 265.546724
1011.648447 592.167090 130.394421 265.910381
1012.767714 592.605195 129.384918 265.422974
1011.929923 592.076008 129.921253 266.124765
1012.269843 593.236420 129.698277 264.791749
1012.396626 592.180328 129.602246 266.316585
1012.114830 592.876093 129.853290 265.152076
1012.124280 592.167090 130.203921 266.033683
1012.221614 592.966275 129.882577 264.938373
1012.742224 591.814344 129.888615 265.944866
1011.866422 591.970827 130.142112 265.686940
1012.887471 592.333707 129.986077 264.954357
1012.658352 592.567555 129.848437 264.647888
1012.551747 592.209149 130.344397 265.253669
1012.231160 592.605195 130.080212 265.299453
1012.231160 591.893656 130.080212 266.183814
1012.065705 592.695539 130.409953 264.592525
1012.433735 592.298844 130.731793 265.040233
1012.648427 591.879919 129.506267 265.039032
1012.706600 591.218285 130.340939 266.120792
1012.377254 591.955329 129.800972 265.529553
1012.696953 592.542368 130.214121 265.243858
1012.386675 591.069868 129.924697 266.884353
1012.221614 592.677403 130.105058 265.550292
1012.075430 592.167090 130.235943 265.663990
1013.194887 592.966275 129.450542 264.814905
1012.668826 592.231643 130.044716 266.519449
1012.532678 593.236420 130.017661 265.534486
1012.075430 593.435475 130.835644 265.135581
1012.842854 593.615654 129.632804 264.585119
1013.169845 594.103829 129.953553 264.566235
1013.241280 593.560509 129.315994 264.863822
1012.824205 593.469724 130.038398 264.709196
1012.502578 593.724510 130.152417 264.895595
1013.314767 593.543795 129.747549 264.706896
1013.085704 593.272253 129.325376 265.224659
1013.477486 593.272253 129.798110 264.855460
1013.241280 593.272253 129.462672 264.978437
1013.323759 593.272253 129.875657 264.978437
1012.813885 593.634166 130.064304 264.739609
1012.969203 593.814746 130.058426 264.435944
1013.279087 593.634166 129.450144 264.862747
1013.134266 593.651214 129.952998 264.773117
1012.969203 593.634166 130.208457 264.739609
1013.124252 593.543795 129.978311 265.076310
1013.124252 593.453370 130.053407 264.797320
1012.969203 593.272253 130.434389 264.609719
1012.969203 593.345279 130.358971 264.978850
1012.450150 593.435475 130.490700 264.888654
1013.775642 593.345279 129.820214 264.608942
1012.929913 593.362839 130.440520 264.764874
1013.433707 593.164752 130.273059 264.912719
1012.763276 592.983929 130.697248 264.970292
1013.733408 592.167090 129.987934 265.910381
1013.023326 592.424293 130.131403 265.727451
1014.041254 592.876093 129.528331 265.152076
1013.346614 592.180328 129.865453 266.070362
1014.348239 592.785856 129.373103 265.489570
1013.346614 592.545348 129.865453 265.582365
1013.696958 592.258118 129.540088 265.819352
1013.541926 592.802892 129.769451 265.274578
1013.231165 592.530747 130.229359 265.300333
1013.386680 592.349066 130.073844 265.605156
1012.919463 592.876093 130.541061 264.905088
1012.919463 592.258118 130.317583 265.572962
1013.579095 592.876093 129.839379 265.152076
1012.450150 592.258118 130.712619 265.572962
1014.074071 592.333707 129.306599 265.694462
1012.247955 592.439960 130.453203 265.268032
1014.234448 592.243095 129.131912 265.908649
1012.247955 591.802386 130.453203 266.151835
1013.614102 592.497281 129.538483 265.978646
1011.978714 591.528148 130.594780 266.302932
1012.879354 592.497281 129.629177 265.358658
1012.190331 592.621533 130.316458 265.702596
1012.887471 592.243095 129.682133 265.661553
1012.075430 592.167090 130.310435 266.157040
1012.065705 592.876093 130.335433 265.646912
1012.579114 592.349066 130.066315 265.975064
1011.551984 593.236420 130.823027 265.162795
1012.579114 592.439960 129.990490 265.760813
1011.919458 592.802892 130.615822 265.644647
1012.065705 593.056350 130.260968 265.219075
1011.606816 592.712240 131.078363 265.735300
1012.261132 592.785856 130.474477 265.118792
1011.606816 592.983929 131.078363 264.847150
1012.733427 593.236420 129.836177 265.039005
1011.563021 592.180328 131.017791 266.316585
1012.261132 593.574218 130.626618 264.653477
1012.386675 592.818417 130.373694 266.048285
1011.909580 593.056350 130.640759 265.838561
1012.065705 592.966275 130.409953 265.804631
1012.065705 592.258118 130.112521 266.436563
1012.221614 593.326307 130.030754 265.196698
1012.075430 593.090922 130.235943 265.529182
1012.579114 592.802892 129.763985 265.151329
1012.433735 592.439960 129.894466 265.760813
1011.606816 592.349066 130.481832 265.851707
1012.460341 592.514771 129.540988 265.513398
1012.124280 592.530747 130.128611 266.040310
1012.269843 592.876093 129.847882 265.523123
1011.606816 592.167090 130.260290 266.403967
1012.614149 592.695539 129.311691 265.332630
1012.241291 592.411594 130.129153 266.215336
1012.221614 593.056350 129.441063 265.219075
1012.124280 592.818417 129.753936 265.309296
1011.813913 592.167090 130.138970 265.910381
1011.804159 593.326307 130.014949 264.825436
1011.969231 593.814746 129.983652 264.312967
1012.134262 594.374605 129.803080 264.049725
1012.134262 594.103829 129.579275 264.689208
1012.597588 593.922954 129.115949 264.501377
1012.443360 593.894551 129.719020 264.336387
1012.443360 593.378885 129.270177 264.922687
1012.288918 592.923728 129.499096 265.377843
1011.813913 592.909323 129.766927 265.587589
1012.160645 592.439960 129.599720 265.760813
1011.658380 592.258118 129.848437 265.819352
1011.851765 592.876093 129.459603 265.523123
1011.658380 592.271690 129.333931 266.102084
1011.386671 591.984872 129.628017 266.462667
1012.348277 592.695539 128.545275 265.579887
1011.396583 592.411594 130.198336 265.967224
1011.687934 592.514771 129.268612 266.132131
1011.386671 591.802386 129.701972 266.398386
1012.348277 591.697996 128.844430 266.701219
1011.231155 592.076008 129.931604 266.001463
1012.194906 591.606927 128.922838 266.792289
1011.231155 592.061655 129.931604 266.213771
1012.348277 591.424573 128.919555 266.850852
1011.492519 591.059115 129.225114 267.340101
1011.687934 591.955329 129.342377 266.024457
1011.231155 590.978008 129.857488 267.346121
1011.416048 591.577120 129.941713 266.479551
1010.753259 591.501959 130.573460 266.725737
1011.570752 591.592746 129.561873 266.387040
1011.579134 591.241978 129.613573 266.539202
1010.909627 591.774186 130.194611 266.205600
1011.733447 591.955329 129.534385 265.776870
1010.919453 592.621533 130.466407 265.209546
1012.348277 591.789011 129.145737 265.868756
1010.563049 591.218285 131.240609 266.368328
1011.679383 592.747476 129.811211 265.184967
1011.502606 593.525592 130.078234 263.936493
1012.477443 593.218357 129.570053 264.788986
1011.461076 592.681093 130.463867 264.708424
1013.081750 593.615654 129.132342 264.092338
1011.940865 592.883721 130.339188 265.049916
1012.231160 593.074394 130.304120 264.387690
1012.085714 593.307693 130.659571 264.452285
1012.696953 593.074394 129.913196 264.510617
1012.551747 592.860430 130.268861 265.023177
1013.160650 592.349066 129.750425 264.744667
1012.658352 592.298844 130.145278 265.040233
1013.775642 593.014107 129.286674 264.324970
1013.407118 591.527481 129.354092 265.913312
1013.279087 591.647723 130.049086 265.022918
1013.433707 591.827139 130.045517 264.967141
1013.541926 591.017683 129.843943 265.900343
1013.386680 591.176244 130.524399 265.444353
1013.336365 591.176244 130.112353 265.072834
1014.160654 591.086470 129.901667 265.782163
1013.648462 591.355711 129.948030 265.388850
1014.622228 591.198035 129.440093 265.719991
1013.606825 590.746688 129.820698 265.800314
1014.622228 591.445297 129.591873 265.175299
1013.929902 590.475132 130.143038 266.442894
1015.033363 591.577120 128.800898 265.487778
1014.241270 592.478020 130.054581 264.366893
1014.396605 591.759712 130.048496 265.332149
1014.696962 591.288090 129.988226 265.382551
1014.386685 591.017683 130.223473 265.900343
1014.842868 591.266018 129.782329 265.726740
1015.006353 590.927441 129.754026 266.238291
1014.179961 591.355711 130.342571 265.388850
1014.541931 590.636476 130.293747 266.108085
1015.152073 591.599469 129.623132 264.972018
1014.346586 590.475132 130.457041 266.814560
1015.143990 590.669440 129.197773 265.901349
1014.502575 589.839236 130.375611 267.450455
1014.474070 591.469833 129.712123 265.422474
1015.160659 590.565722 129.825938 266.723970
1014.439799 590.669440 129.641399 266.519200
1015.654289 590.365709 129.067087 266.751281
1014.804155 590.726598 130.014949 266.266159
1015.152073 590.456018 129.849224 266.660972
1014.753234 590.942434 129.617690 266.370004
1014.804155 591.086470 130.014949 265.782163
1014.959598 591.355711 129.636875 265.388850
1014.658349 590.927441 130.070880 265.496029
1015.006353 591.355711 129.678835 265.017171
1014.346586 590.656205 130.308406 265.767265
1014.997565 592.310439 129.552789 264.261048
1015.288930 592.501516 129.127996 264.888001
1015.134274 592.141535 129.208818 265.001364
1015.015641 592.298844 129.504300 264.669544
1014.513241 592.029572 129.682611 264.568714
1014.396605 592.209149 129.973817 265.129928
1014.851779 592.209149 129.385272 265.377464
1014.706579 592.119374 129.514807 265.467239
1014.433733 591.759712 130.045517 265.950801
1014.579130 592.966275 129.314419 264.198698
1014.716801 591.780540 128.897372 265.979438
1013.346614 591.579521 130.531600 266.130992
1014.460301 592.587396 128.792074 265.021118
1013.668830 592.411594 129.896136 265.224808
1013.541926 593.615654 129.546726 263.969357
1013.251937 593.601122 130.402662 264.332514
1013.396616 592.727456 129.160659 265.277333
1012.824205 592.681093 130.413406 265.078885
1013.114811 593.164752 129.333873 264.297332
1013.025475 593.601122 129.931129 264.209210
1012.824205 592.501516 130.188047 265.011417
1012.969203 592.893438 129.242839 264.937642
1013.015662 592.231643 129.956126 265.651964
1012.648427 592.424293 129.360107 265.851133
1013.314767 593.795564 129.071098 264.281906
1013.025475 592.995768 129.779905 265.358415
1012.813885 593.435475 129.324779 265.259205
1013.015662 593.724510 129.429460 264.895595
1013.323759 592.923728 129.196203 265.377843
1013.433707 592.727456 128.485627 265.892648
1012.861238 593.307693 129.808832 265.071125
1012.658352 592.545348 129.260982 265.091153
1012.551747 592.411594 130.043216 265.472014
1012.541922 593.435475 129.472771 264.395604
1013.058826 593.153232 129.557109 264.903815
1012.706600 592.727456 129.292272 265.277333
1012.241291 593.039527 130.203832 264.720451
1012.742224 593.705609 129.061433 263.388123
1013.035914 592.181401 129.302932 265.557353
1011.877146 592.029572 130.042189 265.309505
1012.622219 592.898418 129.667924 264.763581
1012.241291 592.231643 130.129153 265.157874
1011.763271 591.557908 130.473770 265.483917
1012.887471 591.955329 129.155397 265.159087
1012.085714 591.399010 130.434248 265.816433
1012.221614 591.955329 129.514290 264.912523
1012.288918 592.029572 129.723330 265.309505
1012.588114 592.119374 129.514478 265.343444
1012.588114 592.298844 129.589574 265.040233
1012.085714 591.579521 130.061389 265.635921
1012.579114 592.274635 129.839379 264.643391
1012.396626 592.388485 129.973817 264.826957
1012.241291 592.119374 130.503995 264.972488
1012.231160 592.185275 130.154705 264.609005
1013.203213 592.567555 129.200406 264.647888
1012.824205 592.591331 129.298179 264.798186
1012.706600 592.950005 129.813362 264.316203
1013.015662 592.860430 129.804945 264.775972
1012.813885 592.321645 129.398157 265.314757
1012.861238 592.029572 130.110550 265.557041
1012.804140 592.333707 129.277421 265.324060
1012.861238 592.119374 129.884047 265.219703
1012.502578 591.399010 130.078234 265.569377
1012.386675 592.958976 130.298503 264.282246
1012.861238 591.939690 130.110550 265.523128
1012.492500 591.789011 129.882511 265.129940
1013.662162 591.827139 129.273409 265.586619
1012.346589 590.492768 130.234222 266.599094
1012.842854 592.118635 129.483819 264.946263
1012.241291 590.674534 130.579317 267.035980
1012.524022 591.938408 129.595460 264.632381
1012.085714 591.308647 130.734893 265.783214
1012.221614 591.501959 130.105058 264.873518
1012.124280 592.453195 130.811290 264.464831
1012.075430 591.916793 130.459850 265.001233
1011.763271 591.737484 130.622594 264.933156
1012.424613 591.468014 129.993880 264.955456
1011.969231 590.927441 130.585761 265.619561
1011.596630 591.510327 130.581596 264.193166
1011.813913 590.384488 130.438978 265.176290
1011.804159 591.242470 130.614334 264.337269
1011.658380 590.456018 130.669821 264.559359
1011.033887 590.794745 131.445365 263.921019
1011.231155 590.525333 130.679914 263.944210
1011.396583 589.367942 130.499518 265.155968
1010.919453 589.694298 130.991616 264.721883
1010.450140 589.604124 131.688008 264.196276
1010.648466 589.874431 131.072914 264.048975
1010.813887 588.532130 130.892881 265.077944
1009.709350 588.681621 131.936099 264.572234
1010.377294 588.029994 131.003416 264.553913
1009.236589 585.187299 132.866336 267.211827
1009.196757 586.673673 132.504794 265.769986
1009.420723 584.978483 131.911770 267.319949
1009.254506 584.406468 132.243626 267.415305
1009.096735 586.114528 132.477568 265.531394
1009.630286 583.408890 131.500264 267.778271
1008.780434 587.441303 133.023250 264.093467
1008.483035 583.034238 132.911676 267.840938
1008.505163 587.316161 132.894434 262.982345
1008.236555 582.859416 132.789758 267.579829
1008.561434 582.670112 132.562580 267.512168
1007.560511 581.124021 133.749706 269.183456
1008.437519 580.862229 132.217175 268.658055
1007.295014 582.089525 133.521594 266.989127
1007.188166 580.286799 133.211435 268.843874
1007.497473 579.254391 133.145111 269.397189
1007.331668 577.670515 133.477144 270.628298
1006.527033 579.287916 134.293430 267.778121
1006.914580 577.116000 133.620566 269.554615
1005.950640 576.916012 134.596077 269.522505
1006.958884 576.529173 133.248846 269.177170
1006.118503 576.046372 134.728323 268.033453
1005.316409 575.103380 135.687023 268.614077
1005.299891 575.252643 135.960982 267.852677
1005.045466 574.708112 135.710155 267.895380
1005.045466 574.161229 135.318138 267.941637
1004.950646 573.978415 135.536574 267.624919
1004.790332 572.957785 135.538740 267.838591
1004.950646 572.395450 135.695271 268.466877
1005.527060 572.383889 134.914673 267.545488
1004.246769 571.265000 136.105715 267.807660
1003.884403 571.306274 136.585551 267.083863
1003.561647 570.943050 136.589422 267.072128
1002.913226 571.033945 137.237843 266.357796
1003.146559 570.379762 137.544432 266.824910
1002.490191 570.271046 137.966928 266.372330
1000.852478 570.271046 139.523942 265.625201
1001.806906 569.799023 138.968984 265.659783
1000.099569 569.526686 140.105017 264.691970
1000.578671 569.417949 140.615436 264.362229
998.768109 568.855722 141.193638 264.238195
1000.319162 567.405335 140.632855 265.017139
997.462131 567.918094 142.804203 264.937897
998.403388 567.152573 142.919840 263.687982
996.396518 566.344536 143.642810 262.275300
996.419299 566.140291 144.137406 261.543802
996.443303 567.184026 143.552942 261.264338
994.843519 566.284765 145.463278 260.089287
995.253263 566.006680 144.404636 260.508977
994.052966 566.218132 145.266564 259.633394
993.843002 564.352611 146.459228 260.885420
992.831255 564.140618 146.768496 261.287198
992.329642 564.045572 147.196998 260.556593
991.618106 562.602675 149.180848 260.403319
991.852658 560.734618 148.411490 261.793280
991.069855 560.054667 148.929473 261.702389
990.994909 559.492215 148.862398 260.951029
990.747212 558.867150 148.839678 260.345003
990.424368 558.369628 148.750418 260.899819
990.105862 558.633910 148.189578 259.769115
989.880516 558.580438 148.069649 258.185264
989.655205 557.626528 148.543912 259.614634
988.561437 557.662036 149.063894 258.285434
988.110464 557.460696 150.561453 258.137584
986.950935 556.592383 150.179478 257.362936
986.563316 556.767114 151.454964 257.065774
985.451229 555.852163 151.715132 257.159360
985.044323 555.899140 152.233017 255.559682
984.670396 554.811793 152.767732 257.777875
983.793532 553.855977 152.481738 257.334743
983.665153 552.002215 154.325587 256.631405
981.442688 551.154243 156.357933 256.726350
982.454408 550.032334 155.487876 256.827653
981.072761 552.079576 154.136333 255.320948
981.608172 549.078234 155.034447 256.222810
980.070116 549.588927 155.083787 255.842756
980.301989 547.077820 155.741151 255.897851
978.788459 548.388801 155.958092 255.415214
977.777681 547.490870 156.250793 254.815772
977.361195 546.750690 156.725177 255.093242
976.765475 545.661795 156.473334 256.085532
976.072764 545.051372 156.849066 255.769927
975.950761 543.299586 157.864799 256.058786
974.637199 542.654729 159.575613 255.432034
973.808930 543.263366 158.641241 254.259564
972.898928 541.819123 158.389564 255.072370
972.392133 541.117721 159.056888 254.718540
971.804244 539.593066 158.852131 254.680259
971.202674 538.675267 159.215536 254.402502
969.803935 539.108412 160.961806 252.379750
969.107419 536.138774 161.491017 253.062867
968.586592 535.975529 161.604451 252.938643
968.495674 535.889156 161.197859 252.176988
967.834946 534.809739 161.167145 251.940970
967.921456 533.025463 161.380537 252.484930
966.139321 532.849351 162.459610 250.831470
965.506145 531.588831 162.790042 252.005396
965.350466 530.369638 162.437924 251.731714
964.631697 529.282762 162.366209 250.568501
964.088281 529.952635 161.720051 249.627999
962.037066 526.771998 164.376406 251.181746
962.807422 526.961232 160.813020 250.802848
961.993839 524.203696 163.733950 251.518734
960.969041 525.802888 161.520150 249.914764
959.629070 522.903132 164.614859 250.700167
959.176378 524.153237 163.925641 248.286452
959.212383 520.335358 164.840035 249.256111
957.807635 521.270825 162.492467 247.460751
957.790988 518.128551 164.169927 247.168421
957.954549 518.014279 163.968348 246.113392
956.501979 517.122995 164.410480 244.408418
955.244003 515.929503 165.178494 245.425920
954.638021 513.878533 165.404861 244.246021
952.618969 512.376092 167.222800 244.860421
953.846527 511.026795 164.997931 245.801136
952.807641 509.226728 164.502240 245.481134
952.055063 507.360373 165.387214 245.640815
951.390841 505.736197 164.618106 245.796018
950.729983 504.218011 164.695521 245.430761
950.039062 503.796615 163.988612 245.265811
949.165587 500.301476 164.460518 245.066231
947.485290 499.614451 164.762686 246.102752
947.771593 497.971145 164.253695 244.331991
946.491411 496.570245 164.230148 243.903416
946.049799 495.747377 164.178446 245.550376
945.039094 494.436196 164.079269 244.800029
944.257414 491.470853 163.759900 244.484026
943.959813 491.081468 163.577540 244.152243
943.867580 489.727273 162.436572 244.504540
943.160947 488.272378 161.110138 244.193946
941.655301 487.899084 162.162382 242.506771
939.848327 484.613690 163.581849 243.795814
939.148373 484.381154 162.435794 242.850326
938.655332 483.717135 161.893449 242.390128
937.030947 480.581446 162.595016 243.648993
936.143941 480.014932 161.975469 243.622739
935.860295 479.066156 161.241586 243.624985
934.304221 475.332843 161.528221 244.150353
932.773193 473.469107 162.250279 245.574111
931.551193 472.727269 161.776206 245.211032
931.565185 470.680087 160.855320 244.085848
930.066643 469.712306 160.580123 245.739860
929.804175 469.261047 159.731588 245.789723
928.100667 467.448839 160.436142 245.073480
927.552471 465.613686 159.496756 245.545141
927.674367 464.880385 157.487873 242.065357
925.866304 464.465845 157.485692 242.522976
925.468468 463.065391 156.479726 242.250823
924.127000 461.187143 157.431729 243.451811
922.772303 459.336608 157.617997 242.930844
921.968327 457.831113 156.228578 241.903035
921.357818 456.680070 154.946639 241.730488
921.313025 455.140797 153.979698 242.588230
919.467282 454.057207 154.877843 242.903349
918.255844 451.314162 155.177440 242.068851
917.064976 449.915932 155.392393 242.305969
917.022445 448.930328 154.463974 241.711049
915.361970 448.294746 154.045277 239.599736
913.770655 446.651156 155.629663 239.795216
914.028956 445.031379 152.783086 240.473298
912.650123 444.874512 152.526683 238.949442
911.451650 442.938724 154.475991 239.476104
911.051163 442.815112 150.369547 239.311167
910.581751 442.301000 151.185471 240.133250
909.072340 442.669556 151.281444 240.265155
908.662677 444.695373 149.713862 239.048310
907.210875 445.587778 149.349834 238.309645
906.715134 446.459041 147.823482 239.080445
905.908126 448.030903 147.607812 237.476040
904.865806 448.351842 147.125409 238.563509
904.284524 449.021761 145.399590 239.122448
903.255332 450.086800 145.876993 237.375300
902.083647 450.887567 145.044704 239.003666
901.393050 452.314102 144.735953 238.318480
901.891574 453.299797 143.616914 238.819103
902.154063 455.677587 141.178331 241.361111
900.535697 459.264334 141.796684 238.427850
898.967003 461.546818 142.465241 238.796523
898.919101 465.334283 140.847845 237.875302
897.669853 467.455976 140.805286 238.680941
897.410504 470.837076 140.093351 238.765825
896.659149 474.014182 139.696502 238.927016
896.928275 475.411700 138.297863 237.219494
895.470609 479.141508 138.905607 238.347207
896.381043 481.975803 137.756053 239.130350
894.515114 486.024538 138.690783 237.958009
894.331200 487.048308 139.699555 237.649589
894.208629 492.403789 138.769891 236.702383
893.477178 493.923622 138.963964 236.794974
893.154858 494.382502 138.049185 235.744037
891.734918 495.011626 138.086873 234.488403
892.657829 493.141102 137.221099 235.049402
890.949261 494.063470 138.036126 232.581993
892.224492 491.211482 136.521217 234.138324
890.389297 491.075044 137.355867 233.706193
891.197315 488.386787 136.483302 233.741614
890.170408 487.412044 137.236729 234.375837
890.449743 485.624424 137.242921 233.267284
890.050020 484.008966 137.031401 234.557484
889.743770 483.354513 136.292689 232.646720
889.940722 482.228367 136.369690 231.174529
889.061043 481.843358 136.879098 229.595891
889.824290 481.134669 135.523266 229.518494
889.342044 479.523743 134.984217 229.945627
889.885266 476.740688 133.684139 232.811147
889.725882 475.079612 133.730555 233.994595
889.645445 473.676418 134.149427 234.164521
890.208587 472.759587 133.530605 232.206371
891.058075 471.384087 132.779018 234.575070
890.620161 469.617861 132.777642 233.582074
890.877406 468.804136 132.981031 232.721155
891.009266 467.498476 132.537695 233.588075
891.467732 465.849973 132.477941 231.949930
891.553107 465.842846 132.064942 228.884326
892.069781 464.272071 131.283925 230.017199
892.403504 462.451292 131.382553 230.387751
892.585330 461.109175 132.110825 230.712374
892.706845 459.145876 132.656475 231.124557
893.267831 458.502418 132.042573 230.516235
893.858395 457.846591 131.780799 229.551035
894.629989 456.690539 131.235498 228.321330
894.616523 454.938079 131.360952 229.055553
894.735824 453.986202 131.425392 228.764123
895.251298 452.276415 131.719707 229.052434
896.069791 450.907108 130.730555 229.490154
896.100748 449.853728 131.388640 229.024691
896.585206 449.040617 130.939493 227.837800
896.906417 448.051383 131.002925 227.948774
896.981780 446.255672 131.483577 227.668103
897.239437 445.595145 131.578478 227.613201
897.314954 443.758418 132.468149 227.722630
897.268848 442.883087 132.944793 227.138647
898.358836 441.778853 132.123882 226.161092
898.723519 439.102690 131.873553 229.004723
899.069787 439.166180 132.005265 226.511155
899.347261 435.642848 131.685994 228.305825
899.670067 436.801465 131.003428 228.447360
900.142067 434.938075 131.641058 227.559596
900.163856 434.829789 132.214698 225.455176
900.788239 433.729018 131.732790 225.652450
901.380158 432.104239 131.548547 225.109944
901.670863 432.665486 131.986068 224.681806
901.821549 432.324883 132.483199 222.294054
903.196034 431.222853 131.327639 222.062278
904.189817 429.121489 131.364439 224.300473
905.274368 425.143194 129.401870 225.717030
905.790618 423.231247 129.136805 229.391995
905.432819 422.419841 129.849234 227.298548
906.538864 421.136713 128.381742 228.190430
906.758246 420.301461 128.572010 227.280748
906.679362 418.805562 127.917107 227.438630
906.716467 417.758503 129.842885 226.764015
908.055779 416.771778 128.019998 225.852438
909.003675 416.924951 127.298168 223.943252
908.999891 415.679789 128.041089 224.848263
909.446657 413.677334 127.341506 226.086807
909.226009 414.121494 128.179854 224.194813
910.429348 412.590225 126.949424 224.516087
910.367470 411.027266 127.365369 225.828214
910.813348 410.771712 127.748320 224.420175
910.891382 409.665940 126.807977 224.972054
911.508948 408.159893 127.200736 225.604696
911.963306 407.201135 126.026177 224.905179
912.244092 405.903230 126.642499 226.678081
912.840447 405.771710 126.434023 223.737935
912.986776 404.227332 126.107505 226.495757
912.626725 402.046001 125.997853 226.507163
912.699954 400.732384 126.678783 228.243386
912.897720 400.128207 126.296741 226.692419
914.049896 399.226782 125.432645 227.128022
913.992325 397.788773 125.112006 226.739743
914.090738 397.238191 125.546299 227.328332
913.913190 397.084585 125.903475 226.910472
914.348530 396.617548 126.233834 226.843814
914.183326 395.721377 126.255397 226.123993
914.283875 394.732381 126.094844 225.690486
914.287223 395.178094 125.404742 225.601632
913.806753 393.273449 126.772808 225.517217
914.065314 392.201133 126.010178 225.750503
914.244114 391.912410 126.412007 224.510104
914.177655 390.485189 126.964346 225.911784
913.340380 390.317359 126.964836 226.784648
913.150539 388.588063 127.924496 227.128061
912.540884 389.948437 128.224861 226.243923
912.722461 388.476152 127.349986 225.309996
912.262930 387.434779 127.261170 226.579330
912.954188 385.509316 126.732571 226.782316
911.486954 385.811967 128.531866 225.989671
912.192958 386.419922 127.930032 223.155525
912.660533 385.376127 126.995578 225.955606
911.707313 384.773468 128.337659 225.731211
910.482625 385.001980 130.575954 224.289647
910.264892 384.683750 130.385572 224.711671
910.936097 383.404217 128.700231 224.589190
910.412762 383.507209 129.383535 223.071158
911.480068 383.132544 129.320714 220.151018
911.185952 383.667869 129.974552 219.282648
910.814796 384.189798 130.108065 218.447857
909.732996 383.800622 130.377911 217.832699
910.149717 382.479415 129.665960 218.395684
910.297711 382.308071 129.360371 217.155501
908.964455 382.087581 130.872707 218.021314
909.704797 382.635031 127.694637 215.622919
910.795320 381.557780 127.865654 215.727750
909.607396 380.706767 128.174522 215.782620
910.506388 380.226512 127.127226 214.753669
910.224226 381.463769 125.491133 214.340417
909.597173 379.267279 127.124654 217.413286
909.932091 379.122919 125.575361 219.114527
909.569052 378.037442 124.239581 216.743669
909.557199 377.170372 126.376532 214.980692
909.744040 377.808171 126.077319 213.706546
909.666238 376.531240 125.759414 215.638689
908.569925 376.856912 126.691337 216.152545
908.736238 377.620940 126.683977 217.919455
907.301018 377.539233 126.560397 220.193746
907.247688 377.531100 125.790777 219.028210
905.943933 380.019353 126.650742 216.736277
905.154474 380.817269 126.958843 216.208975
903.291160 382.206513 127.461798 217.437995
902.192171 382.624930 127.064544 216.139255
901.646543 383.105739 127.907743 216.571200
901.258002 384.312759 126.696127 216.029421
900.674661 383.054046 127.153063 217.656265
899.786092 384.532271 126.236264 218.096084
898.616228 384.899212 126.675407 215.837848
897.440727 386.445080 127.710932 216.669263
896.694711 387.160521 127.029060 216.833241
896.707366 386.034632 127.151350 217.991611
895.977169 387.730519 126.135868 217.306562
894.803419 389.037892 126.378806 216.607064
893.789167 388.278560 127.708066 217.021779
893.336203 391.055320 126.762140 216.887171
892.195508 389.358085 127.204560 215.709522
890.608355 390.204134 127.918528 215.506177
889.901907 389.513666 127.498195 214.102358
888.797813 391.185647 126.826913 213.516005
888.205523 389.501560 127.274597 212.990397
887.025950 390.861357 126.257612 214.402943
885.028595 389.767588 127.058132 216.515023
885.434017 386.958724 125.662982 221.061980
884.120566 387.681511 126.546418 218.774237
882.112953 387.656914 127.000080 221.683437
880.827663 388.047627 126.692822 216.533877
880.425589 388.253193 125.828350 215.704521
879.584169 387.479973 125.683428 214.933328
878.615580 387.167823 125.542311 215.354522
878.697318 385.734516 125.531919 215.983176
878.006274 385.266185 125.278073 217.360585
877.554962 385.161747 125.323425 219.056357
876.624414 385.074714 126.291150 218.919048
875.928808 384.113030 126.413747 217.994964
876.059441 382.395193 126.008406 216.731658
876.689780 383.350746 124.850110 215.667767
876.791323 380.703450 124.845807 217.106834
876.126683 381.783261 124.643230 213.880510
875.987762 381.583344 123.243877 213.761771
875.931724 380.380715 123.937892 214.131742
875.352342 381.263170 123.430112 214.289296
875.398703 381.167288 122.583470 213.256913
874.240087 380.730306 124.282274 212.066171
874.357150 380.582165 123.428514 210.971460
875.029488 379.270212 121.762873 211.854768
873.803231 379.801678 122.298659 210.965225
874.142060 379.460139 121.395276 210.449633
873.076593 378.060147 121.760748 211.771884
873.281912 377.224875 120.892171 210.890062
872.576568 377.219624 121.090141 212.719229
871.460516 376.271217 121.804822 212.895700
871.578588 374.876006 121.512153 213.206541
870.733227 374.610435 121.706380 213.476874
870.015855 373.657091 121.711917 213.384557
869.282543 372.432811 121.388754 212.950061
869.519149 371.610452 120.690802 214.523389
869.127914 370.845385 120.401055 215.204320
868.255666 370.109733 120.507984 215.701051
867.114651 369.893383 121.074355 214.969522
867.515353 369.332247 119.887975 214.569086
866.718766 369.170402 120.506037 213.715443
867.214309 367.946411 119.349961 214.582225
866.457379 367.608172 119.517699 213.558744
865.700229 367.299468 120.042140 212.950273
865.775725 367.031080 119.234202 212.519135
865.194448 366.621878 118.862642 212.210149
864.098964 365.505420 119.623888 213.205929
864.669782 364.784189 118.056187 212.766674
863.652971 364.798202 118.576378 213.917289
863.572323 364.519815 117.794900 213.170896
862.997535 363.916957 117.744211 213.354806
862.751309 363.064650 117.647930 214.147985
862.026740 363.548651 117.785995 213.183079
861.259110 363.211798 118.237595 213.399456
861.381582 363.283076 117.295341 212.388507
860.836025 361.727008 117.279476 212.866372
860.451460 361.167281 117.740115 213.083395
859.992452 362.105292 117.373706 212.408883
859.314600 360.948389 116.907256 212.843769
859.064828 360.682893 116.638988 212.009832
858.352566 361.886397 116.999886 211.882465
858.242179 360.054089 116.492704 211.331469
857.673865 359.983801 116.814596 211.658677
857.424252 359.295385 116.514587 211.517093
856.955085 360.043894 116.490511 211.360579
856.884968 359.839171 116.358641 210.511740
856.712690 359.292197 116.287564 211.728149
856.154687 358.966905 116.139780 210.200684
855.848889 356.343384 115.736668 212.323075
855.351971 355.674462 115.792568 212.072802
855.373165 357.204871 115.467747 210.937065
855.001160 357.100054 115.210541 211.953906
854.529531 354.939103 114.762073 212.652974
854.880228 354.556628 113.730443 214.831256
854.839408 354.423064 113.544815 216.905297
853.499254 355.580066 115.875509 218.235419
853.923127 354.060680 114.238721 216.645196
853.053239 354.769766 115.053188 211.951296
853.200562 352.678277 113.823567 212.747612
853.320712 352.005671 113.585433 212.253989
852.572713 351.889277 114.013461 212.601394
852.334184 351.444856 114.091839 212.013065
852.109077 351.326816 114.344547 211.568379
851.382160 352.412447 114.975633 211.078225
852.093843 351.517895 113.851273 211.741762
851.630441 349.565288 113.501509 212.342104
852.040097 349.035333 112.744527 211.859865
851.418549 347.415208 112.407921 212.988106
852.022255 348.497235 111.519461 211.728262
851.578968 348.145197 111.620946 212.555089
851.518392 348.471689 111.526936 211.170256
850.902548 348.824418 111.711910 211.112146
851.861586 348.871873 111.134026 209.953835
851.515625 349.100934 110.501170 209.743625
850.972239 349.046887 111.231190 210.035033
851.167486 348.357401 110.883323 210.855853
850.710003 349.795728 111.686881 210.207121
850.312838 349.918652 112.084046 209.761319
849.549783 348.037820 112.543123 210.856013
850.235928 347.363731 112.079876 211.051605
850.034526 346.699184 112.034716 211.378821
849.750770 347.719578 112.275524 210.347492
849.884987 344.973354 112.389506 212.092641
850.847564 344.807802 111.177643 213.485603
851.132048 344.778732 111.019628 212.783310
850.123623 343.894289 112.315166 213.868639
850.830365 344.663730 112.220425 212.489760
849.940059 344.150514 112.822046 213.444044
848.033072 347.182558 115.285788 209.672471
848.451310 348.003870 114.530225 210.122131
847.683543 346.516211 115.755738 210.999289
848.733803 346.389924 114.784736 210.671785
850.415903 344.074155 113.198517 211.708624
851.586934 344.303788 113.750297 212.354831
851.509277 344.011391 114.283239 211.001950
854.197930 343.653001 112.485202 212.107898
854.739553 343.516211 112.673864 212.184091
854.271862 343.437921 113.960389 211.114243
855.870589 344.217548 113.155196 211.007951
856.518384 344.340140 113.398512 210.697062
856.594477 344.699823 114.185728 210.733643
856.551550 343.641131 115.305640 211.193908
857.320724 342.447650 114.956048 212.090123
858.922049 343.089605 114.719637 211.427783
859.509270 342.147923 114.969846 211.956948
861.468136 342.655438 113.847788 212.260688
861.907671 342.472257 114.849447 212.715939
864.121391 342.264422 113.897573 211.624131
865.153659 342.062562 113.874948 211.765322
866.677389 341.480066 113.351231 212.447177
868.483563 340.889276 112.582154 212.899975
869.807803 339.894204 112.396713 213.929485
870.507122 339.269553 113.078425 214.382617
871.730033 340.283441 112.350701 213.097161
873.586332 339.673634 111.822608 213.253608
874.392694 340.289644 111.953269 212.670377
875.392671 340.143929 112.427903 212.915696
876.132055 340.870403 113.168923 212.089617
877.415892 340.626004 113.612691 212.699029
879.418897 340.371797 113.348929 213.580345
880.175328 341.000637 113.490507 213.615546
882.511030 339.973612 112.944533 214.642571
885.027761 338.493502 111.665763 216.490707
886.574098 338.939664 112.052749 216.519086
888.474231 339.053661 111.578253 215.655305
889.575262 339.603872 112.256908 215.380338
889.942006 339.971389 113.614524 215.012821
891.692081 340.787928 113.384904 214.081503
894.669296 340.530260 112.208095 214.950807
895.964848 340.603879 112.831572 214.776727
897.640506 340.898000 112.466910 214.281863
899.935622 340.638281 112.063277 215.116247
900.468153 341.120983 113.088385 213.695325
901.768609 341.736594 113.368982 213.616254
902.790826 341.927622 114.145284 213.889089
904.537484 343.560294 113.647810 213.898451
906.640496 344.258493 113.236916 214.997556
908.537518 344.570461 113.297868 216.859649
908.590795 346.240477 114.465690 215.937928
910.617936 346.285189 114.233002 218.735992
911.300391 346.823130 114.240382 217.654923
912.734162 347.813388 114.813686 219.109044
913.327669 347.677409 115.044615 218.307441
915.379120 348.826122 115.148967 220.724340
916.243793 348.915539 114.751834 217.573649
917.070899 350.446185 114.708387 215.965609
918.241135 350.474005 114.431435 215.140764
918.990852 352.939923 114.065645 213.097443
920.468126 352.341570 114.057442 213.874187
921.201786 354.128236 113.907377 214.635077
922.034853 353.463217 114.669685 215.004320
923.807479 354.491024 113.965651 215.153639
924.976482 354.832181 114.177013 215.711144
925.043100 357.352242 114.695089 215.180515
927.070614 356.947016 114.261459 216.799125
927.975263 357.991024 114.559312 217.465804
928.245381 360.351293 114.890170 216.335612
928.080537 361.651915 115.624157 216.396073
930.261176 361.295568 114.926458 217.879090
929.664752 363.078945 116.051570 217.529240
929.595776 364.196069 117.049168 217.872189
931.021210 364.316345 117.275050 218.411775
928.654885 365.480299 119.723974 217.164172
930.132058 363.983804 119.320985 220.603494
931.572681 366.161121 119.055382 220.032883
932.198438 366.162073 119.547575 221.390993
934.084271 367.095478 118.211804 221.741884
932.023211 366.911927 120.739484 222.804837
933.199112 369.141903 121.231399 222.125930
933.804873 371.216366 119.997959 221.418320
933.876141 373.331311 121.374838 220.751348
934.707843 374.746437 121.206541 220.372006
936.128287 376.182435 120.714235 220.586121
937.022091 377.245198 120.492704 220.546405
938.160999 379.583122 119.485867 220.044610
939.747967 379.650439 118.925347 221.983346
939.394331 381.767589 119.192663 220.441611
940.473604 382.403924 119.127106 222.590933
940.434718 383.699014 119.514701 221.943085
942.090604 384.379047 118.649382 223.123262
941.287993 386.284643 119.612688 222.007723
940.946146 386.908267 120.648985 222.804261
941.921905 388.394271 120.101443 222.556734
941.840194 390.054046 120.643584 221.706193
943.783551 390.962908 119.500009 222.028552
943.888174 393.182441 119.125052 222.267699
944.552188 395.182439 118.843721 221.740545
943.798243 396.155919 120.009699 221.807151
945.816408 397.359766 117.965795 222.037502
945.307386 398.591799 119.052005 221.811087
946.851110 399.644990 117.754590 221.877990
948.605066 399.380081 116.610874 223.336680
949.133585 399.280405 116.943983 224.819618
949.478933 400.564922 117.534292 224.234638
948.121655 401.944315 119.165549 223.538776
948.369352 401.600436 117.526102 225.759341
947.921902 403.240087 117.490402 225.846669
947.091329 405.110764 117.059529 225.323783
946.403492 406.978619 116.445545 225.759970
944.986715 407.725457 116.795767 226.026714
943.812489 408.754413 116.280508 227.197249
940.958331 409.965151 117.652041 227.536614
939.744421 410.666225 118.218015 228.948162
938.819058 411.699509 118.277307 229.080490
938.373254 413.046314 118.239308 230.888396
937.896757 414.199494 119.161029 229.492062
938.735338 415.176016 118.252749 229.926641
939.042563 415.743335 118.193725 231.124246
938.451720 416.413100 119.121697 230.708863
938.591985 417.535522 119.121174 231.660279
938.842556 418.936878 119.041732 230.632076
938.732037 419.692359 119.332689 230.960594
937.592570 421.770201 120.218361 228.809219
938.316973 422.042644 119.801312 230.294866
937.307162 423.966164 121.202385 230.136969
937.685935 424.665935 121.584200 230.135596
936.380314 426.213043 122.685824 230.564111
937.212618 426.125128 121.965241 231.345829
936.338624 428.268041 122.486022 230.956033
937.778921 428.461468 120.531090 232.653479
936.626457 429.834611 121.418610 233.366188
937.155750 431.025851 121.283872 234.737820
936.412690 432.063402 122.055499 234.600834
936.685953 433.433874 121.439650 234.227374
935.998592 434.087694 122.604616 236.676598
935.607008 435.000311 121.541350 238.893324
936.452854 437.637629 120.912861 237.248386
935.069002 439.648880 121.536755 234.907227
934.682807 440.639156 121.660718 234.471068
933.882718 442.490876 123.280831 232.404784
934.100207 443.837444 122.918963 232.831345
933.256624 443.806853 122.784392 233.642642
933.412652 443.983558 121.841377 233.583716
932.721259 444.966015 122.504115 234.472052
932.513884 448.189693 123.091841 234.024615
932.517910 448.735879 122.480940 233.722514
931.980777 449.143201 122.846750 234.961684
931.052526 449.006292 123.902795 236.322707
930.409362 451.196818 123.826336 236.354097
931.015440 452.236522 122.922207 234.765178
930.389669 452.831352 124.120825 237.496173
930.258887 453.274653 123.871105 236.055304
930.482461 453.510832 123.792203 237.928543
929.133177 455.549782 124.899237 237.556858
930.254105 456.968202 123.170290 237.244561
930.139388 458.637627 123.239720 236.133794
929.776092 461.154103 123.912639 235.397060
929.582109 462.938070 123.810855 235.500651
929.289425 464.599717 124.540429 235.061689
929.035670 465.300173 124.363368 234.698896
928.846553 467.075090 124.401254 234.253822
929.627637 466.664180 123.131197 235.667469
927.761899 468.599734 125.335326 235.506051
928.407752 467.939087 124.063323 236.942256
928.115572 469.232264 124.065238 237.205508
927.821606 470.232255 124.381470 236.759551
927.529021 470.506680 124.600971 237.151310
927.088470 470.843031 124.533321 237.480239
926.795663 470.691690 124.847293 239.751681
926.009846 471.123699 125.710120 239.966738
924.193816 471.369907 127.624633 241.291235
922.661159 472.374568 128.302897 241.035600
923.890686 472.555253 127.066457 242.071140
922.603099 473.794072 127.872607 242.191226
923.602409 472.728918 126.044201 244.474420
922.558098 473.814250 127.311067 244.169654
922.995970 474.319985 126.407007 245.111122
921.496914 474.734603 128.054866 244.551010
920.303233 476.239883 129.284504 245.911242
922.363919 477.511097 126.722655 244.278711
920.174843 478.814046 128.940455 244.180344
919.127722 480.649668 129.330959 242.745122
919.061092 481.819551 129.983670 242.902328
918.257412 483.403187 129.765725 242.190079
918.909962 484.396935 129.208939 242.096622
918.174808 483.566722 129.694071 243.030335
918.171508 483.576031 129.229622 244.153778
917.692639 483.411764 129.201738 244.524614
918.955065 483.243958 128.932737 246.160745
917.546438 483.165768 129.581337 247.119745
917.995969 483.764623 128.639594 247.053390
917.561921 484.848227 129.129619 247.844909
916.780556 484.931385 129.855006 247.435432
917.107964 486.111456 128.885951 247.183732
917.101831 488.601643 129.530846 247.109897
917.212314 490.192069 130.007122 246.205166
918.177373 492.020597 129.302836 244.440789
918.120164 492.832278 129.578904 244.112582
917.033768 493.832285 130.665300 243.539364
916.914814 494.335995 130.522971 243.699641
917.302306 494.836809 130.440028 243.855146
918.143084 495.418988 129.599250 243.387459
917.755645 495.579038 130.224667 244.242905
918.176218 495.755758 130.459269 244.027696
919.084362 496.090446 129.551125 243.921636
918.889613 496.915290 130.113171 243.113134
918.692671 495.740268 129.502627 244.054753
918.754744 495.664043 129.742662 244.478720
918.915371 495.644424 130.362072 245.187855
919.410296 496.099073 129.357377 244.468800
919.300953 497.169825 130.041290 244.669897
919.279386 497.260019 130.549787 244.873929
920.450025 497.512929 129.732820 244.481674
921.319652 498.003454 129.223970 245.181981
920.975295 498.335481 130.078442 245.619468
921.258389 498.260780 129.585620 246.574334
920.719840 499.937320 131.065658 246.723656
919.296252 499.012586 132.590379 245.256497
920.020365 498.618120 132.801532 248.475542
919.723734 498.723557 132.726603 247.874328
921.923744 499.642909 132.087636 251.674257
921.721912 500.579456 132.194380 252.273039
920.007443 501.487208 134.755899 253.626116
921.070442 500.358315 133.593240 255.627468
921.524073 500.992954 134.033421 256.399825
922.666228 501.351187 133.744012 257.401178
921.128620 502.088385 136.860428 256.459815
921.577947 502.472425 136.517534 252.152635
921.589322 503.330401 136.785268 250.373497
922.399573 503.204662 138.039535 251.031075
921.296850 506.042215 138.941626 249.795301
922.270064 504.266702 140.644953 250.368236
921.850589 504.971616 140.710640 250.495384
923.541061 504.024913 141.372221 250.801641
924.746137 503.622763 139.823489 251.454833
925.166260 503.772163 141.536645 250.277072
926.011356 504.141334 142.108752 250.394182
926.669659 503.650463 141.938249 250.850430
927.161476 504.505543 143.620737 251.183468
928.147092 505.127012 143.526377 251.133316
929.147064 504.091707 142.566073 252.590439
928.733668 504.523694 145.064106 254.435040
929.164909 504.935094 144.458298 253.365253
929.686501 505.431477 145.578913 256.355907
929.712371 504.936803 144.819413 253.022595
930.934992 504.826077 146.509243 255.988140
930.616378 504.100323 145.591587 255.427399
931.060974 504.653722 145.865413 253.261225
931.748966 505.114341 146.294858 253.126334
932.331455 504.324747 146.532654 254.454996
932.558232 505.862610 146.724602 252.052337
932.675961 506.746175 147.633149 250.895883
933.336110 506.633530 148.113168 250.278558
934.095525 506.719230 148.496599 250.549484
933.183090 509.707119 148.817245 250.155518
935.006002 506.809995 150.359254 252.758999
935.071792 508.209456 149.714290 253.083781
935.601730 507.629329 149.878125 253.315243
936.261904 508.181921 149.479081 253.505556
935.384802 508.145355 151.318267 253.938120
936.557319 509.418660 150.988120 253.416729
937.399787 510.643111 151.520471 252.997644
937.714042 512.326308 150.991724 252.556741
938.413823 512.611927 152.362438 252.405980
938.049109 512.558417 151.744020 254.712356
939.544652 511.323797 152.137466 255.011859
939.054197 510.447335 152.249501 255.683162
939.475121 510.928665 153.231747 256.073866
938.381659 509.638732 154.919744 257.238167
941.050110 510.422577 153.297125 256.883411
940.544503 511.607402 154.005072 258.037730
940.728829 511.588306 154.165412 258.060715
941.835320 513.335346 153.369590 256.479551
942.014779 513.652582 154.933530 257.594337
942.717850 516.155638 153.704749 256.176857
944.661203 514.269619 153.094275 258.263593
946.490079 518.651424 151.246190 255.436221
945.359442 517.400528 151.695957 260.227692
947.927160 517.614876 150.589947 258.421224
948.758104 518.440637 150.364666 259.337247
948.389940 519.080461 150.594810 258.139997
949.443312 521.315422 151.169141 256.569502
948.452118 524.687102 150.758881 256.140043
949.890808 521.978728 152.644923 258.101053
947.860130 527.122985 152.459989 255.885407
949.863253 524.890937 153.464160 257.309318
950.351698 527.596500 152.049156 256.213890
950.747425 525.176424 153.896644 258.023843
950.289911 527.598500 153.019412 258.148592
951.714236 526.397582 153.731385 260.043016
950.826255 527.844192 154.595201 261.540481
952.322439 526.992946 154.494861 261.911480
950.334660 527.053239 157.051833 265.265792
950.628838 527.472370 157.546568 263.783906
950.993213 528.100139 158.065506 265.303916
950.088596 528.902531 160.548280 266.671500
951.333261 531.532671 159.172902 264.206593
951.179343 531.987905 160.358450 265.810675
949.368785 533.687613 162.649737 263.778576
950.704607 532.889013 163.122562 265.853157
951.365478 533.991826 161.923495 265.591813
950.354392 534.867792 164.752098 265.203200
951.360658 536.077024 164.750486 263.454440
950.169447 537.546616 165.923973 264.558516
951.118422 536.018619 167.377943 265.975435
949.713625 538.986094 167.829605 265.668076
951.138832 540.081368 168.985119 265.056726
948.491600 540.616189 169.534862 266.967583
949.908851 543.406188 170.814545 263.759747
950.300836 544.967077 171.267663 264.584856
950.410796 545.144014 171.418922 265.683653
951.172601 548.993336 172.150753 262.931816
951.223691 549.801181 171.836519 263.600711
950.935401 549.903576 171.910747 265.098910
951.694409 550.081382 172.628921 265.435878
952.403158 550.331328 172.250591 265.726660
951.164498 549.881758 173.460475 266.948614
951.819093 548.250267 174.103767 267.691362
953.202029 548.059176 173.790019 268.105419
952.354796 547.873900 174.547949 268.911468
952.633491 547.787316 174.827291 268.554933
953.036632 548.873934 174.934647 267.598088
953.049382 546.866020 175.652296 268.884930
953.437689 546.247860 177.571102 270.379382
953.857849 547.004224 177.328674 268.942852
955.437789 547.788324 176.731538 269.000792
956.632802 548.331541 176.112000 268.295701
957.144403 548.061735 176.066652 269.269589
957.546145 547.610841 176.598519 270.852269
957.857500 548.082079 176.687134 269.921965
959.045968 547.430891 176.120432 270.622682
959.153063 547.716867 177.280289 270.810637
959.857849 547.816384 177.106384 270.401294
960.357549 548.264260 177.118259 270.263243
960.165264 547.258863 178.380063 272.451026
960.269075 548.042821 179.251876 270.877600
960.269305 549.137671 179.989831 270.176784
960.569038 549.036469 181.290595 272.299458
959.245179 549.652084 181.975099 272.546881
960.978835 549.575943 183.121956 271.260527
959.220689 551.209070 184.213215 270.155953
961.978792 551.109652 183.954232 271.752799
961.133934 551.832268 182.856537 269.977840
963.372725 552.717855 182.788425 271.281951
963.357216 551.126304 182.590300 273.174041
965.383239 553.181201 183.279742 271.575619
964.337579 552.235329 182.679441 273.787710
966.987036 554.524063 183.121662 272.534930
965.633080 551.302468 182.423976 274.551134
966.784720 555.157502 184.807881 272.948841
966.754929 554.869706 183.650401 273.865920
968.286966 556.507744 185.389843 272.896912
967.313199 556.485708 184.636844 273.813549
968.684528 557.589145 186.563711 272.444079
968.108615 558.682710 186.650594 271.882892
968.537452 559.299644 188.468382 272.361267
968.595328 560.253992 186.064690 272.000912
969.035840 560.453113 186.810868 275.217372
970.899627 560.795712 186.005734 274.662351
968.128489 562.517453 185.725976 273.096879
966.797125 562.237032 184.560309 275.222683
964.174658 560.267139 185.379667 275.685781
962.907718 564.520435 185.182827 273.508783
960.043683 562.123322 185.379455 275.362939
957.466947 562.641235 185.348439 275.022044
955.487746 561.021145 185.632008 275.728954
952.419118 561.097344 187.954953 275.607933
952.315177 561.105551 189.639057 274.867081
952.483577 561.043817 189.005044 274.505652
953.857538 559.435474 189.916525 275.599064
953.803986 558.335031 189.242614 276.098395
953.699185 557.346088 190.909433 275.858041
953.260942 555.686935 191.914088 277.048710
953.803113 552.516592 192.396224 278.001237
955.127533 554.183431 191.421227 274.762796
954.301465 552.431610 192.910430 275.280495
954.949994 550.016251 192.919438 276.140627
955.460781 547.784305 192.485273 277.216650
955.566834 547.683854 193.359345 277.128369
956.256244 549.310818 193.139599 275.070948
957.055953 550.464276 193.800250 274.835838
957.212837 547.973879 193.496165 276.893020
958.176789 550.784309 193.600474 275.899979
959.070810 549.292954 192.844379 277.188047
960.315699 550.354259 192.941753 277.596665
961.421177 549.667318 192.097100 278.712097
961.362493 550.724013 192.424045 276.954527
963.776588 551.027715 191.893284 278.871728
962.616908 550.384685 190.315362 277.730573
965.509851 550.525727 191.346417 280.623097
964.022179 550.337801 190.591164 280.467470
966.021050 551.894419 192.090037 281.255229
964.172141 551.962004 192.108950 280.066066
966.406058 553.940866 193.041792 279.484227
964.452674 554.697092 193.057093 278.995777
966.987342 555.121267 193.587129 280.499925
964.991294 554.634189 193.136041 278.001894
968.109636 556.797402 192.859360 279.649167
965.588053 556.087885 192.274865 277.680456
967.443080 555.830382 193.457522 281.056199
967.008533 556.195700 191.953544 279.297287
969.395615 558.072549 191.963047 279.362999
967.875043 558.825941 193.631421 278.213452
969.618088 558.449133 193.575329 279.678060
968.460949 559.340571 193.011695 280.009818
970.156467 557.692179 194.502100 282.764803
969.608369 560.298920 192.007896 277.412503
970.833705 559.190439 193.336190 280.341248
970.321235 561.063037 193.835510 279.256125
972.261952 559.022010 192.518731 281.060999
971.535590 560.507550 193.742972 279.949432
971.321258 561.081948 194.201536 278.991254
971.963286 560.324393 194.668679 281.112821
972.876718 561.743711 193.200960 279.408680
972.205116 561.542844 194.602625 280.317284
972.438043 561.459018 195.028795 280.800765
973.703005 562.349872 194.325536 280.733994
973.620905 563.376272 194.342034 278.477378
974.458493 562.718654 194.322181 279.694018
974.180945 563.796617 193.609619 277.927102
975.300261 562.382622 194.267186 279.629186
975.213972 564.487621 194.064550 277.776703
976.087964 563.138869 194.354608 279.962545
975.900909 564.538896 193.010950 278.278282
976.901627 563.181590 193.812087 279.790113
976.321241 565.276676 194.569367 278.501795
977.778307 562.882677 192.412468 279.186067
976.486397 564.077861 194.964283 280.393097
977.585229 563.956826 193.867651 278.905347
977.953852 565.195366 194.843541 279.688155
977.685544 563.994643 193.226317 278.875043
977.769087 565.009799 196.441495 279.461159
977.984392 565.835808 194.573457 278.662375
979.389688 564.639031 194.491053 279.736944
978.793245 566.066902 194.567582 278.844812
979.106654 565.776029 195.030254 279.416097
979.223364 567.044201 195.367343 278.965353
979.073198 567.089641 195.543453 279.332506
979.620892 567.089641 195.573211 279.881370
981.410772 565.534691 192.666932 280.678578
979.784130 567.321034 195.847780 280.199397
981.168034 567.219523 193.999049 280.354275
980.361900 567.321034 195.611251 280.887465
981.028911 567.219523 194.740220 280.491206
981.769695 567.065138 194.779561 280.645809
981.263296 567.065138 194.209936 279.963771
980.361900 567.507888 197.102041 280.700611
980.681017 566.425969 195.160749 281.148335
981.351619 565.696438 195.528130 282.014292
981.500311 565.821763 194.983638 282.442732
981.534384 566.045852 195.328823 282.077926
982.040033 566.236056 195.425779 281.750239
982.964598 566.993924 194.406606 281.405076
982.523590 567.065138 195.877231 280.919220
982.921205 566.840468 194.970484 281.830983
983.351611 566.840468 195.403877 281.968626
983.857214 567.559350 195.006005 281.667523
983.381441 567.823519 195.021088 281.395456
984.635397 567.444911 195.498105 280.950145
985.351604 568.349887 192.962441 280.734690
984.825880 567.162839 194.299306 281.097751
984.943005 568.389329 195.251066 280.417331
984.587344 568.238581 195.222442 280.566583
984.738732 568.238581 196.161468 280.156046
985.136531 568.577339 195.494956 280.229320
985.092423 568.238581 194.952342 280.840705
985.662656 568.427501 195.259173 280.240667
985.263309 568.427501 194.572001 279.967127
985.545176 566.939896 194.551065 280.638446
985.513358 568.200995 196.054130 280.194060
985.597579 567.444911 195.416860 281.087303
985.921195 567.408630 195.339413 281.538174
985.597579 567.030158 195.910042 282.192257
985.943836 568.122214 195.479891 281.381308
985.127562 567.065138 195.390332 282.016291
986.966979 567.597444 195.249027 280.936557
985.513867 567.444911 194.920270 281.774065
985.749642 567.634377 195.857875 280.486816
985.381434 567.823519 196.002583 280.434573
985.813366 568.012403 196.066364 280.519811
985.921195 567.823519 196.082983 280.297673
985.659989 568.012403 195.998046 279.971955
985.876360 568.012403 196.152162 280.245689
985.768223 567.823519 196.384162 280.160838
986.642031 568.162205 196.215233 280.097027
985.839788 567.823519 196.915686 280.571537
985.958704 567.597444 196.260425 280.936557
987.071914 567.786000 195.660382 281.023094
986.127568 567.065138 195.754774 280.919220
986.964557 567.597444 195.892707 280.799107
986.344849 567.030158 196.395050 280.680572
987.470369 567.559350 196.115939 280.289464
986.839784 565.887844 195.562731 281.959882
988.327458 567.144601 195.636099 280.431092
987.226404 565.887844 195.452886 281.959882
987.534355 566.768062 196.322915 280.532799
986.910001 566.615557 195.486837 281.645831
986.561838 566.425969 196.921112 281.148335
987.437979 566.956478 196.002455 281.170049
986.632731 566.045852 195.973145 281.391295
988.113657 567.894303 195.598205 279.956677
986.721643 566.684265 196.210946 280.890106
987.102880 567.747252 195.760298 279.278941
986.433909 566.302227 196.388699 280.726681
988.113657 567.182702 194.599688 279.980390
986.929333 566.758703 196.166911 281.725641
986.897692 567.559350 195.432342 279.056668
987.115964 567.694485 196.097482 280.514014
986.839784 567.408630 195.684777 279.209240
987.298127 567.089641 197.021760 280.845199
987.029206 565.855387 195.206921 280.214854
987.769714 567.230111 196.028618 280.431072
987.165023 566.078926 194.872848 280.266507
987.876734 566.297758 195.921599 281.225306
987.886709 564.514098 194.027867 282.101920
987.953533 567.134331 195.821460 279.979503
987.334898 565.312784 194.498620 281.577783
987.092392 566.997578 196.308418 280.528198
987.210854 564.128306 195.037750 281.397651
987.566281 566.161683 195.687373 280.955973
987.056675 564.706572 194.618369 281.636428
987.244093 567.134331 196.511117 280.256651
987.489548 564.128306 194.669719 282.897887
988.113657 566.541958 194.972579 279.936077
987.108484 564.257736 194.884172 284.506517
988.566868 567.623675 193.814690 279.130317
986.696351 565.474092 195.988544 283.145676
987.125709 565.976079 194.553947 281.051357
986.803041 566.110463 196.743873 281.827217
986.425723 565.786857 194.929814 281.378124
986.200318 565.282309 196.076190 281.880782
987.191101 566.730042 195.249315 280.572549
986.226355 564.735198 195.089208 282.975531
986.437961 566.917802 195.014549 280.109634
986.082514 565.964553 197.111421 282.246458
986.523580 565.217565 194.757027 282.360636
986.426602 565.059530 195.190143 281.692575
987.393595 564.676758 193.855004 281.664689
986.046844 566.066902 195.762948 282.151961
987.833630 566.201127 193.129942 280.962415
986.503793 565.626453 195.731761 282.719840
987.267137 566.201127 193.328671 280.825162
986.933168 566.902824 194.683476 281.722957
986.056678 565.696438 193.898169 281.877360
985.846172 566.840468 195.182365 280.596528
985.479453 565.887844 194.719736 281.822886
987.802517 566.993924 193.451144 280.992371
984.951472 566.382422 195.440134 283.208580
988.673099 567.707284 193.246531 280.281470
986.704199 565.474092 193.058819 283.008045
986.382254 567.219523 195.267804 281.039709
986.415878 566.460248 193.899699 281.936304
985.910770 566.302227 194.776549 282.229986
986.714523 567.559350 195.142735 281.115327
985.731212 566.110756 194.223635 282.833191
986.179232 567.371156 195.803254 281.579457
985.670196 566.650487 194.605755 282.709830
985.318784 567.597444 195.915648 281.349359
985.067169 567.408630 195.661048 281.813785
986.434218 568.537309 194.901605 280.271786
986.082514 567.479931 194.151485 281.325233
985.479453 567.098958 194.963380 281.569210
985.318784 567.974232 195.791654 281.248182
985.210842 567.255154 195.899596 281.414219
985.642025 568.537309 195.840914 280.409494
985.165030 567.444911 195.604084 281.774065
985.210842 569.284116 196.023589 279.800461
984.768238 568.804532 196.757114 280.137629
984.778457 569.885680 196.704481 279.333296
985.200333 568.804532 196.200507 279.726834
984.768238 569.180432 196.508285 279.350933
985.308146 568.616161 195.844255 280.052006
985.415894 568.049339 195.860629 279.799112
985.587380 568.765091 195.468094 279.356101
985.835729 567.894899 195.607056 279.955369
986.018405 568.952551 194.791417 279.031806
986.321208 568.690127 194.446542 278.891675
986.213961 569.460942 195.791463 279.983361
986.200318 568.842770 194.357539 278.735572
985.568740 569.460942 195.939125 279.157396
986.448232 568.842770 194.361590 278.057272
985.883063 569.830753 196.038948 279.062521
986.405791 568.842770 194.924327 278.599770
985.568740 569.090040 197.063263 279.528297
986.210848 568.577339 194.671489 279.270248
986.825905 568.085015 194.667526 279.221722
986.611250 567.926308 195.624304 280.831348
986.165027 568.577339 194.510021 279.407018
986.788224 565.784450 194.571790 281.115592
986.846157 568.523649 194.565967 280.106625
986.298108 565.977761 194.664826 281.600581
986.673529 566.840468 194.834091 280.459791
985.974604 567.255154 194.988329 280.182706
986.769744 566.493408 194.162839 280.671753
987.371448 565.776029 193.469436 282.988223
986.597575 566.460248 193.357273 279.613201
985.709464 566.382422 196.443647 282.239908
984.494581 566.579386 195.701682 281.271594
985.286453 565.855387 195.696027 281.170806
985.426596 567.934895 195.683842 279.502252
985.513358 566.684265 196.054130 280.753595
985.489555 567.371156 195.157123 280.752622
986.275154 564.956039 194.629649 281.936746
986.136528 566.949695 195.494956 281.831933
985.994834 565.312784 194.160438 282.397945
985.921195 565.282309 194.116683 282.703986
986.500654 565.473616 193.993197 281.826438
985.803070 565.922845 195.622501 282.846256
986.051693 564.676758 193.664500 282.898935
986.315474 563.741315 194.688708 283.148045
985.283897 565.561883 195.444320 282.296365
986.191082 564.868290 194.261410 282.432571
984.948269 565.250511 195.089609 281.775778
986.635390 565.059530 193.996098 281.555581
985.371430 566.811998 196.301867 281.684719
984.702288 565.282309 195.053069 281.743884
986.247890 564.868290 194.110659 282.020874
986.489256 566.997578 195.913514 281.082487
984.909989 565.696438 195.486837 280.648995
987.802517 567.367868 194.584287 280.296449
986.325514 566.716757 192.648317 277.883262
984.974920 567.989324 196.909448 278.687861
985.910770 566.684265 194.410208 281.300093
986.809744 566.110756 193.725286 281.327104
985.650389 567.276169 194.221926 281.765284
985.953564 566.874831 194.335944 280.972757
985.728369 566.684265 194.601730 281.026682
985.523609 567.065138 194.034263 280.782450
986.825480 566.908003 192.779649 280.395628
984.848885 567.364641 195.808225 282.083162
984.572564 567.974232 194.905241 280.834862
985.809759 566.333458 193.971586 281.242421
986.585210 568.942333 194.982278 280.376642
986.620899 567.513763 192.533483 279.115579
986.129077 567.407062 195.188804 283.282025
986.482341 568.145982 191.566084 279.656557
985.866683 566.918490 195.370467 282.659185
986.437961 569.240355 193.437286 278.883422
986.235920 568.576557 194.214745 281.830535
985.631195 568.616161 194.780944 279.778466
985.728369 568.464441 194.601730 279.930649
985.728369 568.274874 194.112495 280.256664
985.330747 567.894899 193.786567 280.636638
986.186685 567.513763 192.930628 281.154287
986.681575 567.513763 192.712575 280.472566
985.709464 567.595207 193.239827 281.711242
985.371409 567.894899 194.204453 281.320037
985.340853 568.427501 193.858300 280.377664
985.759346 567.894899 193.357967 281.046368
985.545176 568.653751 193.693736 280.424351
985.759346 568.119550 192.994207 280.821955
985.361291 567.928756 194.009160 281.558990
984.944486 570.301379 193.644683 279.739984
985.921057 567.607918 193.586827 281.336870
985.298088 569.180432 193.454034 280.448133
984.611224 568.152818 195.128737 281.744377
985.360765 569.326631 194.212557 282.939457
985.040008 569.381402 193.475129 281.143768
983.900918 569.069105 196.062800 281.927846
985.298353 569.511075 194.769982 281.431228
984.739331 570.344595 194.372752 281.902715
985.489271 568.445358 194.663144 282.623855
984.778457 569.700908 194.256325 279.871764
984.396214 570.011600 196.463455 282.366392
985.159464 570.079729 194.283646 280.725247
984.190288 570.011600 196.252477 282.782342
985.739486 569.890448 193.426932 281.051855
984.903666 570.615139 193.696354 281.617492
987.317344 568.469321 192.231955 281.918624
985.285107 570.199268 192.304569 280.660107
986.367279 568.215730 192.909566 281.546090
984.793252 570.011600 194.081318 281.398786
983.944515 570.011600 194.822026 283.338188
985.553606 569.189714 193.378216 281.881978
983.974566 570.386613 195.355514 282.407330
985.113617 569.381402 193.859632 281.827163
983.768253 570.760497 195.154544 282.033445
985.434204 569.409760 193.539044 282.206042
983.768253 571.133254 195.398834 282.216535
986.179563 569.793525 192.793686 282.233125
984.974585 570.802584 193.298915 281.430047
984.223369 569.521152 195.865114 283.257436
984.773300 570.457379 194.149311 281.448816
986.473011 568.857227 193.076288 282.482880
985.200333 570.199268 193.513194 282.455939
985.275170 569.217456 194.629649 282.672158
984.608374 570.113054 194.997527 281.511417
984.921198 570.335430 195.093244 281.558670
984.921198 569.954649 194.847919 282.076779
985.393583 569.381402 194.346298 282.238238
985.136531 570.335430 194.877911 281.833520
985.459011 570.176124 194.432671 282.124792
984.921198 569.793525 195.339413 283.057089
984.619818 570.869769 195.803952 281.719276
984.824354 569.954649 195.641434 282.214302
984.681025 571.058241 194.917908 281.668943
985.459011 569.409760 194.678451 282.891156
985.040008 570.302663 195.549447 282.010298
985.040008 569.572765 195.549447 282.733708
985.222062 570.113054 194.985505 282.337916
985.470342 568.997734 195.119114 282.896367
985.437942 570.079729 194.892054 282.655957
985.685119 568.997734 194.533984 283.171217
985.761144 569.732992 194.202409 282.028970
985.846172 569.217456 194.565967 283.220819
985.330035 569.923185 194.390222 281.563861
986.410756 568.445358 194.138514 283.444256
985.500300 569.923185 194.255812 280.467383
985.437994 569.258191 195.900604 283.535752
985.739986 569.511075 194.177318 280.334821
985.652293 569.446986 195.686304 283.763744
985.848069 569.700908 194.190090 280.008311
985.503813 569.823675 195.731761 283.526114
986.602462 569.700908 194.043235 279.871764
986.611250 569.862621 194.025756 282.094026
986.415878 569.601772 193.417606 280.650086
985.718629 569.105563 196.266494 283.680196
985.378479 569.099130 195.260336 281.298128
986.928100 571.043034 195.305428 281.352342
986.165027 569.217456 193.670502 281.306465
985.513358 569.635460 197.439390 283.436277
986.475511 569.055179 194.486166 282.825502
986.362886 570.302663 195.350446 281.734668
985.886698 570.335430 195.361901 280.736261
986.459008 569.601772 195.172476 282.287842
986.283910 570.681037 194.351604 280.257089
985.900920 570.239443 196.563026 282.823395
986.523580 569.890448 194.273087 281.189312
986.340888 570.573700 196.331667 282.359107
986.295049 569.923185 194.180482 281.014940
985.587380 570.573700 197.210982 282.637030
986.029746 569.890448 194.730311 281.602074
985.921195 570.145169 194.970484 281.474470
986.136528 570.145169 194.755151 280.926522
985.695274 570.199268 195.114548 282.594675
985.716442 570.335430 194.524063 280.053255
984.433870 569.862621 196.884470 283.616512
987.114127 569.270575 192.979084 281.920187
985.253883 570.011600 194.985030 282.366392
985.792360 569.572765 194.303724 281.772738
985.092423 569.970817 194.586848 282.276493
985.351604 569.763837 194.050921 280.897817
984.405752 569.823675 195.664263 282.970267
985.267159 570.113054 192.848934 279.458744
983.883122 569.174762 195.665649 282.087180
985.006603 569.700908 194.212486 280.692541
983.758487 570.011600 195.326587 281.674840
986.625752 568.612963 192.484739 282.732540
984.650370 570.573700 192.793243 280.285675
983.816699 568.792023 195.211597 283.155225
984.374799 569.511075 194.190195 281.019441
983.479447 569.258191 195.822515 283.119802
986.124120 568.748883 193.149452 282.468400
984.263273 569.783509 194.089636 281.909363
986.823557 568.251629 192.577249 282.272292
984.758506 570.386613 193.753917 280.885876
984.759345 568.725328 194.831368 283.645553
983.861033 569.511075 194.855203 280.882374
984.448225 568.653751 196.098712 284.149418
984.644375 569.633060 194.595069 280.769011
983.758487 569.069105 196.187666 283.447430
984.924644 569.099130 194.333710 281.710660
984.738732 568.842770 195.166087 283.960399
985.632429 568.366096 193.411955 282.027353
984.695238 569.595942 194.503915 282.651368
986.991396 568.612963 192.257191 281.503142
984.965367 569.862621 193.945551 281.130527
984.082475 569.635460 195.493386 282.327292
986.047162 568.777835 192.309693 281.476087
983.749407 569.295230 195.743998 282.523553
985.018979 568.557620 193.790285 282.384684
984.200348 569.595942 195.089175 283.068133
985.940426 568.393714 193.267122 282.270470
984.587344 569.219904 195.222442 283.444170
985.051737 568.748883 194.757548 282.330878
985.362873 568.969425 194.365330 282.105800
985.244100 569.219904 195.635634 283.444170
985.341931 568.939854 194.946673 281.865122
984.670190 569.555201 195.823660 282.840175
985.804556 568.174280 194.619214 283.043003
986.083728 568.557620 193.758047 281.561890
984.542136 569.031466 196.156960 282.384766
986.660344 567.210746 192.539671 283.182703
984.768238 568.049339 195.032626 282.267698
985.255370 568.012403 194.840714 282.724953
985.255370 567.255154 194.472833 282.928782
985.040008 566.840468 194.933254 282.934206
984.824354 566.993924 194.659571 282.786572
985.147738 566.650487 194.458163 283.124187
985.577779 566.269716 194.150424 283.090602
986.006616 565.887844 194.089468 282.783607
984.886692 566.804887 194.995639 281.869790
986.528827 566.078926 192.630451 282.317626
984.650370 565.964553 195.068768 283.076900
987.110414 565.059530 192.219564 282.378714
986.115963 566.152754 193.275641 281.368474
985.759346 564.829261 194.336894 283.243536
987.497887 563.907643 192.230316 282.707468
985.974604 564.940838 192.942085 280.793082
985.749559 563.683701 194.634489 282.738447
985.749642 564.106312 194.621515 282.456786
985.964551 563.350440 194.652188 281.969914
985.489555 563.917772 194.064943 280.440804
986.719170 561.887958 193.500414 282.340929
985.371430 563.122990 194.706293 280.137024
985.835729 562.016661 194.371738 280.975247
985.513358 561.459018 195.062523 283.147982
986.619782 560.768137 193.221992 281.525990
984.650370 560.703718 196.419665 283.625827
986.216514 560.473267 193.786598 281.674323
985.695274 560.662518 194.869738 281.456086
985.523609 559.486126 195.381194 283.458705
986.739508 557.982555 192.336330 283.614844
985.523609 557.923491 194.643462 283.775975
986.339998 559.319136 194.207308 282.238705
985.705505 557.731868 194.332373 281.907240
985.846172 557.469128 194.443336 283.397088
986.726713 556.668996 193.115061 283.365998
985.489555 557.278224 193.824487 280.705799
985.330747 556.427515 195.259967 284.157807
985.665548 556.215195 194.623056 281.745114
984.660004 555.963676 195.262779 282.952225
986.019000 555.258671 193.424110 282.839000
985.136531 555.164314 194.510151 283.609718
987.004395 554.681257 192.816996 282.456573
985.263309 555.395575 194.451118 280.084987
985.437994 554.824987 194.905063 282.160589
985.857161 553.983773 194.147019 282.435991
985.857161 553.602226 194.147019 281.719397
985.631195 553.793145 194.291587 281.254784
986.623855 553.027657 193.308692 281.746967
985.082495 553.286026 194.758369 282.585694
986.327431 551.995784 193.523139 282.072313
985.479453 552.251001 193.275103 282.222496
985.018369 552.485797 194.791417 282.272206
987.836540 550.838008 191.903341 281.866291
986.073192 552.107872 193.238170 280.314493
985.963278 551.581104 193.681881 282.360451
985.846172 551.305882 194.076610 281.926563
986.060858 550.693267 193.618413 282.115666
985.953564 550.693267 193.969218 281.978143
986.382254 550.503171 193.784818 281.893387
986.233480 550.693267 194.331531 280.061546
986.008490 550.312817 194.596640 280.305765
985.620880 549.356619 195.573211 281.807467
985.716442 548.664632 194.160475 281.498460
985.983714 548.587168 195.814612 283.395384
985.692467 547.821033 193.665484 281.491353
985.983714 548.912719 196.193455 282.783441
985.583975 547.821033 193.773977 281.902995
985.769708 549.099705 196.028618 282.596456
985.619774 548.051783 194.458943 281.823148
985.200333 548.912719 194.844432 282.644372
986.220612 548.090678 193.752650 283.170710
986.607621 548.664632 193.031532 281.909673
985.405772 548.824026 194.679322 283.306156
986.833611 547.898755 192.765322 282.538392
985.513358 548.963255 195.062523 283.019297
986.191082 548.813999 193.165791 281.747446
985.620880 548.635185 194.955002 283.217756
986.298371 548.623867 193.421885 282.075218
985.513358 549.338213 195.432815 282.644339
986.726713 547.898755 193.725778 283.362634
985.778463 549.615558 193.896172 280.410636
986.399918 547.921337 194.938679 284.218469
986.017553 548.581819 193.938167 281.417092
985.835729 549.150895 196.107033 283.388068
987.246093 548.903885 193.521765 281.670784
985.974604 549.200805 194.866279 282.098815
986.286459 548.664632 195.072096 282.872174
986.437961 548.813999 194.403832 282.160496
986.780741 549.236056 194.850743 282.162944
987.286465 549.045852 193.110360 281.940444
986.513378 548.635185 194.571735 283.911436
987.339954 548.813999 193.714468 282.850515
986.921191 549.658241 193.874604 280.792992
986.728389 549.012576 195.465721 283.672988
987.171849 548.623867 193.987446 282.488398
987.136524 548.473616 194.388040 282.787772
987.821398 548.282309 194.289046 283.668303
987.114061 548.813999 193.881356 282.436231
987.489241 548.895579 194.911584 283.065495
987.545822 548.813999 193.089859 282.712356
987.489241 548.704169 193.922883 283.394682
988.006643 549.045852 192.749481 282.766761
987.233451 549.890316 194.087498 281.944869
988.448662 548.934466 192.963462 283.313053
986.984385 550.227289 193.370298 280.771746
986.718610 549.438094 195.641385 283.533372
987.387329 549.129768 192.808855 282.826523
987.942876 549.126206 193.235748 283.396613
986.705501 549.848226 193.130027 281.700037
988.389781 549.739945 192.556391 282.245014
986.469865 549.931204 194.283691 281.232882
986.662692 550.270656 194.147130 282.114480
986.780741 550.080631 193.621781 282.029335
986.448232 550.270656 193.994601 281.976863
987.873087 549.699741 192.539052 282.960824
986.479424 549.164520 193.275103 281.181796
985.900920 549.576457 195.072237 283.109107
986.051693 549.425969 193.544093 282.110837
986.730227 549.317686 193.202321 282.792280
985.523609 549.699741 194.888530 281.313103
985.631195 549.658241 194.169669 281.615246
985.662656 549.508875 194.515932 281.777715
985.523609 549.848226 193.912994 280.603007
984.685552 549.626426 194.919576 282.928889
985.619764 549.615558 193.100474 282.059119
985.157401 549.164520 194.295440 281.863077
984.523625 549.658241 194.888530 281.340795
984.415909 549.848226 194.873615 281.425261
984.465033 550.037920 194.152776 280.824052
984.728350 549.126206 194.479098 281.613215
984.846188 549.086666 194.076610 281.912370
984.631210 549.658241 194.169669 281.615246
986.684556 549.126206 192.370912 282.160385
984.685552 550.189655 193.826486 281.811820
986.261207 549.508875 192.917411 282.738644
984.587344 550.080631 193.765565 280.932212
986.249747 549.356619 192.969836 282.765475
985.018369 550.270656 193.696022 280.879029
986.355636 549.739945 192.863947 282.656613
985.876727 550.122172 193.688248 281.178532
985.620880 550.122172 193.492344 281.041914
985.545176 550.312817 194.551065 281.261317
985.523609 550.270656 193.189918 281.290070
985.223371 550.312817 194.749785 281.398129
985.028897 550.270656 193.646157 281.839310
985.942869 550.312817 193.359092 282.771421
984.876375 550.693267 192.530298 281.017679
983.568759 551.229033 196.311988 282.175792
986.828959 549.774213 191.007858 281.797753
985.526468 551.041714 191.627111 280.845182
984.526498 550.715626 194.650841 281.871583
985.101832 550.270656 192.936052 281.015935
984.933143 550.428093 192.977730 281.171000
984.973128 550.735448 193.754503 280.171754
984.825880 550.802876 193.084993 280.933873
984.361310 550.353663 194.378671 281.918333
984.351608 550.460422 193.202898 281.374762
984.264515 550.544701 194.434607 281.727296
984.351608 550.649897 193.082540 280.910829
984.361310 550.544701 194.009160 282.001249
985.023033 550.503171 193.144004 282.030780
984.555504 551.072619 193.038228 280.775334
983.611244 550.393298 194.636464 281.483086
984.275120 550.649897 193.769611 282.424556
985.023033 550.693267 193.758262 282.528752
984.308161 550.883072 193.886632 280.827874
984.223369 550.544701 194.626894 281.180358
984.555504 550.649897 194.623114 282.286486
984.426590 550.649897 194.091293 281.460070
984.662685 550.503171 194.147130 282.718848
984.318778 550.270656 194.563547 282.803797
984.685105 549.658241 195.152324 284.517428
985.171807 550.282115 193.263953 281.674175
985.050235 550.693267 194.402606 282.804573
985.286453 550.080631 193.839894 283.685338
984.716429 550.416400 194.160475 282.787643
985.071902 550.080631 194.299249 284.240078
986.126043 550.545318 192.109675 281.982490
985.468134 550.735448 194.519224 283.185624
985.685119 550.386489 193.312786 282.427093
984.587344 551.450807 195.468094 281.771212
984.824354 550.839048 194.537789 281.959394
984.597582 550.839048 195.049100 282.097335
985.071902 550.270656 194.544831 283.080132
984.932214 549.658241 194.551711 282.854393
984.716429 549.086666 194.767496 283.425968
984.976258 549.236056 195.092077 284.377372
985.602441 548.936676 193.194184 283.019614
984.846188 548.320506 195.182365 284.606688
985.063920 548.518172 193.732705 283.427229
984.964545 547.898755 195.269881 285.020326
984.968809 548.292714 194.149528 283.367221
984.392134 548.623867 195.458436 283.871488
985.203485 550.276907 194.452894 282.907691
985.040008 549.467996 193.957896 282.355366
984.846188 549.467996 195.058631 282.906602
984.761126 549.615558 195.307209 283.164939
984.511667 549.425969 195.665749 283.077554
984.943879 549.948687 194.743173 282.685412
985.147738 548.895579 194.336186 283.479019
985.147738 549.045852 194.458163 283.734645
985.589851 549.045852 193.975165 283.873229
985.470342 549.236056 194.135559 283.544440
985.685119 549.236056 194.165451 283.405856
985.685119 548.664632 194.165451 284.115865
985.222062 549.382609 194.134812 282.974002
986.034768 548.512467 193.951930 284.000167
985.761144 549.236056 193.354516 282.852622
985.566288 549.086666 194.080394 283.564069
985.255370 548.855388 194.472833 283.786525
985.482385 549.615558 193.960725 283.303523
985.470342 549.467996 194.380228 282.906602
985.362873 549.467996 194.487697 282.906602
985.577779 549.658241 194.150424 282.992494
985.210842 549.658241 194.428311 282.165122
985.351604 548.704169 194.909007 283.946565
985.341931 549.571604 193.974843 283.062494
986.034768 548.512467 194.199657 284.553151
985.773323 549.760275 193.785169 283.012697
985.028897 548.895579 194.617785 283.893385
985.589851 550.699476 194.341991 282.490638
985.534343 550.080631 193.500439 282.029335
985.983714 549.739945 194.071724 283.068988
984.778457 550.227289 194.256325 282.147309
984.953579 549.699741 194.581466 283.651047
985.298353 551.868766 194.769982 282.162360
984.994828 550.998759 193.560162 280.062137
983.999197 550.052185 197.773929 282.236350
985.029729 551.760084 194.006063 278.814584
984.923830 549.533024 196.355331 283.318602
985.570315 550.473184 192.986656 279.571182
984.128994 550.100884 196.543987 282.888945
985.279596 549.515036 193.637687 281.346648
984.943005 550.696653 195.999738 282.685231
985.341931 549.355376 193.374072 281.520873
984.620860 550.696653 197.204835 282.685231
984.921369 549.129768 193.994423 281.595490
984.415909 549.277460 195.612643 284.065136
984.306849 548.743324 194.973716 282.801860
982.920280 550.324665 196.165163 283.422761
984.966819 548.549679 194.760720 282.448562
983.523953 548.664632 194.991185 283.700501
983.881020 548.813999 196.390813 284.515248
985.122524 548.677693 193.354478 282.982242
985.528830 546.579839 193.485615 285.932795
986.031833 550.227898 192.403927 282.393496
985.905264 546.866217 192.692193 285.268932
986.959819 549.003806 190.673202 284.604163
985.798648 548.005914 192.798809 284.116179
986.885404 547.514098 191.390536 285.404982
986.445440 548.895579 190.752017 283.203272
984.503768 548.537184 194.866682 284.304550
988.810424 548.242759 189.506327 284.252596
987.069967 548.537184 190.458063 282.649194
986.839536 548.727547 192.817577 284.114187
987.354343 549.467996 189.897676 280.709821
986.574901 548.239179 192.333151 283.798228
987.023068 549.848226 190.737621 280.739812
987.219082 548.239179 192.015706 283.798228
987.661060 549.086666 191.413097 281.638306
986.930043 549.675121 191.760001 282.751585
985.437994 546.866217 194.167135 283.633218
986.434218 548.581819 193.171683 282.934959
985.200333 549.086666 193.753398 281.227827
984.620860 548.446088 195.449155 283.684094
985.846445 549.338023 192.954590 282.594557
985.233445 548.934466 193.601830 281.259143
984.405752 548.256700 195.416798 284.151044
984.956000 548.960506 193.359885 281.175944
985.079922 548.256700 195.258674 284.707134
985.246218 549.671848 192.127826 281.313159
985.602478 549.296965 193.657884 283.406341
985.714517 548.895579 193.167808 281.282238
984.900919 549.576457 193.010950 281.861332
985.612827 548.199726 193.483412 282.691446
985.459011 549.993924 192.615357 280.032269
985.486396 549.296965 194.435674 283.544769
985.437942 550.371156 192.011694 280.203149
984.740377 548.580869 194.808394 284.408960
985.310835 548.242759 193.247634 282.869506
984.308161 549.277460 195.473184 281.996027
984.392134 549.236056 194.123004 281.612758
984.769737 548.512467 194.532225 283.448607
984.114005 548.813999 194.606232 282.574261
985.006603 548.282309 193.599285 283.116691
984.597420 549.236056 193.514666 282.576556
985.554867 548.128254 193.845939 283.557462
984.500286 549.425969 192.940416 280.874085
985.107598 547.730465 195.255148 284.686262
984.595834 547.970277 194.319959 283.260545
984.759495 548.813999 193.662745 282.712356
985.208687 548.320506 194.051927 283.090304
984.318778 548.090678 194.685396 283.170710
984.868708 548.242759 194.338840 283.283595
984.976258 548.623867 193.743980 283.455646
985.179226 548.282309 193.947121 283.806369
985.726695 549.571604 193.358749 282.646457
985.489271 549.317686 194.292073 282.792280
984.994828 549.848226 193.560162 281.700037
984.620860 549.890316 194.709219 282.632503
985.500648 549.086666 193.870503 283.702299
984.608374 549.236056 194.632118 283.129077
985.083709 548.855388 194.368764 284.202407
985.051737 549.571604 194.148278 282.646457
985.071902 548.320506 194.299249 284.054092
984.943879 549.382609 194.377585 283.251490
984.824354 549.236056 194.416138 283.267466
985.405544 549.045852 193.679900 283.873229
984.824354 549.615558 193.690783 282.887965
985.635393 549.317686 193.133727 283.205133
984.705508 550.080631 193.488634 280.932212
984.008488 548.871424 196.204955 283.268382
985.279596 549.902185 192.797129 282.446910
985.197426 549.548427 193.367579 282.299525
984.415909 549.317686 194.263377 282.517498
985.101832 548.895579 193.300696 283.755155
984.318778 549.277460 193.957162 283.235173
984.714576 549.277460 194.025365 284.481316
985.126021 550.559350 193.438973 282.776132
984.200348 550.693267 193.873824 281.840685
985.661026 549.739945 193.120269 284.172339
983.994822 551.027940 193.560162 282.046513
984.836559 549.356619 194.085263 284.279326
984.437924 549.804887 193.317396 283.669568
984.071961 550.270656 193.688769 283.772489
984.006590 549.508875 194.335763 284.950681
984.953381 549.161953 192.363413 282.806273
984.050280 550.460422 194.772315 283.582723
984.482364 550.737346 192.753333 281.516937
983.383350 551.684795 194.576343 282.098333
984.422239 550.312817 194.333249 283.876193
984.374799 550.929080 192.980717 280.506643
984.283135 550.854138 196.107752 283.105233
984.089801 551.464027 192.451942 279.684695
984.194143 550.904137 195.634115 281.683071
984.749636 551.357679 192.566654 281.707940
984.726947 552.296980 193.339880 282.047024
984.557156 552.296980 192.499989 281.358809
985.107598 551.771699 193.509040 282.857273
984.200348 552.439166 193.753398 281.343961
985.224703 551.728851 194.093663 283.443926
984.932214 552.913400 192.627082 278.824860
984.196902 552.882643 196.141795 281.656564
985.619764 552.150960 191.657949 279.587300
984.089691 552.882643 195.748601 281.104651
984.857155 551.995784 192.697829 279.218223
984.342719 552.081880 195.726553 282.448389
985.083709 552.112938 191.956372 278.930893
984.227623 552.695720 196.389144 281.843487
984.619818 552.112938 193.257613 280.290960
983.986328 553.097749 194.907041 281.531223
985.528830 551.611016 193.240290 280.957384
984.136419 553.425533 193.755919 281.056385
985.967162 551.962004 193.475648 282.804722
985.028897 552.439166 192.568519 281.481906
984.847868 551.581104 193.755855 282.772618
984.597420 551.450807 193.087051 282.599840
985.286453 551.116006 193.297633 283.357490
984.873597 551.827864 192.346969 281.394155
984.361310 550.815987 194.009160 282.988329
984.714576 550.080631 193.167808 283.823861
984.482088 550.649897 192.483082 283.116073
985.684520 548.815227 193.112922 284.279790
984.608374 550.227289 192.007896 281.183521
984.283135 548.962565 196.234900 284.442259
984.319188 549.480265 192.068495 281.504741
983.856406 547.964394 195.649801 284.877340
984.400394 548.485334 192.636811 281.119438
983.428387 547.877121 195.827008 282.732618
983.403364 547.630130 193.593214 281.682257
984.224684 547.027243 195.347684 280.944494
983.334894 547.311922 194.139222 280.078420
983.008487 545.882322 196.330109 281.952605
982.246818 546.837929 195.594985 280.659229
982.092404 545.797772 195.442607 281.044839
983.848299 544.226357 193.412323 281.641431
983.298114 544.689033 191.910226 281.197919
982.884751 543.074278 194.641422 281.754310
982.273291 543.646697 192.379965 280.005969
981.419438 542.939561 194.634458 281.502927
982.489252 542.702415 191.865457 279.857055
982.689586 541.806482 192.423385 279.628383
982.769050 540.997121 191.140135 278.650078
982.035837 540.027163 192.304382 281.055498
981.321224 538.372789 192.389600 280.241232
980.847161 539.368410 192.984062 280.637474
981.069961 537.944446 192.843745 280.641381
979.999172 537.624559 193.190353 280.708766
979.213997 536.815968 193.699750 279.169422
978.279787 535.867992 193.549016 278.222282
978.449433 535.912167 195.619871 279.155430
977.650363 535.334257 193.862053 276.497341
977.403268 534.035843 194.606925 278.310670
976.632930 533.863950 194.316381 276.754507
976.156457 533.082464 194.475795 278.050430
976.312340 531.788240 192.915183 277.482817
974.867675 531.526867 194.528177 277.127533
974.808072 531.029279 194.029322 275.793067
974.364152 530.260618 195.413136 276.683526
973.625151 528.089131 192.810069 277.305592
973.539542 528.640616 195.992373 276.194303
974.526471 527.883817 192.821424 275.205429
973.458835 526.145741 192.238004 275.687803
972.779632 525.331326 192.754364 276.456053
972.850980 524.638350 192.370953 276.384806
971.464816 523.700481 191.959398 276.784390
970.282656 522.505792 194.682570 275.388237
970.113050 523.889668 192.782495 273.956390
970.016526 520.833870 192.434283 276.269140
970.020379 521.687743 190.965748 273.736364
967.622034 519.682998 192.103005 275.133755
967.100340 520.689439 191.502511 272.172022
967.563337 518.280895 189.827487 273.814751
966.683235 516.899956 190.210284 274.339455
966.201297 515.560635 188.437869 274.836472
965.166163 515.611423 189.518605 272.329599
964.613969 514.124157 189.578130 274.082058
963.925106 514.448471 188.513528 272.774185
962.095036 512.444224 191.881712 273.534230
962.329258 511.620368 190.125602 272.095848
960.043462 510.931747 192.464625 272.199956
959.252211 511.958403 191.949607 270.045363
959.342062 509.067868 193.495703 270.268439
956.983867 510.613638 191.435360 268.897187
956.311154 507.207154 193.957838 270.561586
955.514964 508.630280 193.524470 269.148856
955.556820 505.878303 194.111742 270.463873
953.655928 506.093455 193.187583 269.954696
954.528227 504.217803 192.607598 270.426837
951.944458 503.491970 193.138721 270.079744
952.318871 501.748842 192.784308 273.073725
950.189350 502.222338 193.818332 269.728831
950.470953 500.996619 194.408613 268.306910
948.436523 500.358243 193.542551 268.339923
948.152773 497.874466 193.879400 272.025458
945.937055 497.804763 195.019357 270.182539
945.625681 495.407634 195.703523 269.427943
943.270699 496.381857 195.977146 268.119783
943.132803 495.032402 195.072628 267.317674
942.306349 493.912462 195.224553 271.953310
940.977305 490.316341 196.890480 270.187200
939.609454 492.375549 196.687184 267.124131
938.983906 489.333373 196.148732 270.369951
937.597709 489.146805 196.948791 271.017965
937.143691 488.141351 197.471770 268.630893
933.975033 486.558215 200.756750 267.433549
932.845968 484.895366 200.159081 267.421785
932.232391 483.892043 200.573564 266.758965
931.322862 481.973234 200.659548 267.017229
929.140767 480.837719 201.366897 265.541896
928.280495 479.007977 201.312263 267.179018
926.186001 476.990437 202.615620 267.173148
924.622244 475.241348 203.326200 265.245240
923.581945 474.704981 202.873537 266.002612
922.844870 473.434150 201.956786 264.414025
921.102341 471.287853 204.946502 263.368125
920.530823 470.783481 203.754420 262.581610
918.504761 469.273392 203.373056 262.535761
917.580285 468.453067 205.632905 261.074595
916.962952 467.168990 204.484000 260.868597
915.324269 465.914434 205.187600 260.977752
915.832407 464.453070 204.993311 259.795857
913.395700 463.970737 205.616819 260.053671
911.981865 462.984291 207.231360 260.804207
910.244835 461.781415 207.138169 261.428305
908.084661 461.314761 208.017339 259.226046
907.196910 459.240197 209.517360 261.724461
905.683297 458.117124 209.851188 259.961161
905.068888 456.394738 209.977208 262.118618
903.545384 455.908137 208.987766 260.854820
901.858806 454.750081 211.137544 260.858300
901.208533 453.730180 210.383155 260.646155
899.743398 453.708725 211.300229 260.046219
898.465793 452.717709 211.915007 260.287355
898.070671 451.617176 211.532568 260.662570
897.070668 451.321929 211.871170 259.441027
893.596098 450.959685 213.833784 258.010026
893.099336 449.432098 213.976264 260.081126
891.374114 449.649430 214.334687 259.401743
890.223263 448.232329 213.938119 257.613902
887.738854 446.959687 216.635741 259.295417
887.239571 445.750040 215.896413 259.810328
887.060845 444.503203 215.156833 259.648534
884.572186 444.200223 216.608609 259.347515
882.380339 442.857646 217.755626 260.325793
881.883383 443.069837 217.430396 260.046262
880.109842 441.838438 218.093529 259.335777
877.915570 442.749613 218.785567 256.919216
876.812914 441.961437 219.512149 257.447692
875.386646 441.576303 219.162012 256.963843
875.755265 440.102120 218.616726 258.684228
874.398410 440.749611 218.829883 257.822754
873.863187 439.465287 218.138681 256.649179
873.208739 439.578640 217.619974 256.303863
871.392977 439.386295 218.208756 255.989786
870.475713 438.694782 218.866142 256.424915
868.216548 439.685013 219.837566 254.568423
867.468383 438.405730 220.671771 256.476778
867.597575 437.576307 219.718290 258.643933
867.133782 437.845175 219.982863 256.695542
866.396025 437.729858 220.304830 256.819962
866.014091 436.705751 220.158772 258.349823
865.401405 437.192051 220.329778 257.767382
864.430921 436.258638 222.124532 256.880201
865.020246 435.557597 220.611992 258.555401
864.316351 435.557597 220.743822 258.036445
863.551342 436.248884 221.656632 257.734244
863.785963 435.923136 222.147072 256.883827
863.903127 435.730843 222.321527 257.733656
863.494456 435.635595 222.655426 257.968159
863.350628 436.001518 223.285064 255.913794
864.287792 435.787491 222.993130 257.960651
864.559450 436.059418 223.572363 256.130936
865.405063 435.959544 224.357135 256.880329
866.324166 435.540824 224.102896 257.036434
867.088561 435.080203 224.043234 258.817110
868.419900 435.352615 224.007345 257.368138
868.852621 435.253269 224.870636 258.644044
870.543623 434.496986 224.118453 257.565509
872.268812 435.969026 223.987350 257.319732
873.441807 435.713940 224.578589 258.939663
874.246933 435.545264 225.415158 258.586619
877.480520 435.085491 224.229693 259.331682
878.128510 435.022362 225.831831 258.072091
880.543620 435.411423 224.715933 260.206265
883.371232 435.119536 223.974332 259.651867
883.010097 435.196937 225.801005 260.501345
886.388170 435.725651 224.428920 259.965670
887.576486 435.051321 224.554173 259.826940
889.315429 436.318526 223.838677 259.912575
892.412184 434.792718 222.398941 261.512828
894.683720 435.737336 222.298222 260.595964
894.595851 435.941660 224.831403 261.404082
898.555122 436.026465 222.363226 262.242401
898.489653 435.521625 225.258254 263.236099
901.055640 436.558795 223.882549 261.433289
901.141191 436.416324 225.841265 263.505787
903.830795 436.940455 224.489850 261.266459
903.070715 437.725653 225.578237 261.807403
905.103737 437.582452 225.347816 262.560981
906.016652 437.771865 225.454009 262.610609
906.304027 438.137393 224.688119 262.484010
907.008146 438.053279 224.488492 263.090155
907.156486 438.948179 224.220534 262.302453
906.792186 439.392375 224.208477 261.852417
907.236833 439.499200 223.587295 262.901758
907.267142 440.392371 223.151513 261.720848
907.489667 441.119535 222.905816 261.878476
907.371358 442.451932 223.314794 260.779162
907.631464 442.737332 222.427168 261.121387
907.246917 443.196939 223.208945 261.289128
907.253016 443.227351 223.287703 262.530374
907.259765 444.201675 223.510958 262.331382
906.903907 444.850983 222.997052 261.364882
906.868215 445.562840 222.622915 261.164325
906.128513 446.892542 223.327373 260.593529
905.394424 446.862173 223.676598 261.602353
905.519206 447.469503 222.193093 261.660333
904.512921 447.333840 223.558081 262.261970
904.288550 448.026467 222.794383 262.638757
903.428294 447.886079 222.754384 262.980305
902.190026 449.376589 222.706943 261.628545
901.038200 449.403112 224.178423 262.618453
900.077288 449.688084 223.619303 262.556706
898.095843 450.040759 224.998603 263.657793
897.133364 450.326042 224.585567 263.854895
896.109729 451.207937 225.735927 263.769453
895.501766 450.879184 225.311931 265.103763
894.510517 451.066334 225.677269 265.020032
895.659412 452.039247 224.408435 264.984299
894.261551 452.868491 225.261830 265.144657
892.908887 453.066341 225.696936 266.085895
892.640162 453.518206 225.483985 266.274963
891.904661 453.982504 225.687713 266.276035
892.819271 453.803400 224.064919 266.588729
891.990407 453.895102 224.905888 267.294958
891.625131 454.526356 224.386251 266.768878
891.093325 455.330659 225.295078 266.361966
890.640164 455.161338 224.613537 266.631829
890.956444 455.796343 224.459805 266.628373
889.774718 456.609554 224.434288 266.312728
889.229848 457.422115 225.690782 265.997486
888.640166 459.075581 225.338396 263.045451
888.109711 458.783632 226.323389 265.890751
887.784319 460.228846 226.539486 264.129183
888.588340 460.624581 225.479499 264.190503
888.100996 460.841654 226.178907 265.100336
887.533849 462.166673 227.001728 265.671421
889.919125 462.868259 224.609285 264.969834
888.861561 463.004535 225.682334 266.718641
889.342598 463.955657 224.981207 265.812256
888.750657 463.814116 225.291261 265.999968
889.212676 464.761293 226.062424 264.693224
888.270162 465.218048 227.092969 265.267561
888.048252 465.502949 227.332326 266.899345
890.912070 465.225422 224.610385 266.280810
888.426057 466.763466 227.200634 266.217242
890.217710 465.956767 226.136131 265.994870
888.697252 467.534723 227.186946 265.763872
888.674011 466.788095 227.766308 268.350339
890.271792 468.091432 225.672674 265.039879
889.149810 470.285619 227.361278 263.677138
889.495187 468.757110 226.631464 266.724943
889.179372 468.843054 227.727793 264.907533
888.806891 469.196494 228.613885 265.758736
887.248789 470.667914 230.636149 266.093592
889.083365 467.518989 228.731137 269.125653
887.788555 468.686849 230.207661 268.388120
887.905418 468.331458 230.154616 270.379935
889.754634 470.616065 228.465785 267.368281
888.625259 470.305339 230.191556 270.214197
888.444122 472.392287 229.879670 268.604571
889.724720 471.601374 229.088569 269.079474
890.128711 473.028013 228.718347 267.788351
890.466636 473.389161 228.516985 267.315029
890.345624 474.014531 228.936978 267.308833
890.949842 473.836359 228.632890 267.756727
891.214703 474.370098 228.683502 268.712907
891.236941 474.547460 228.827722 270.309972
891.263728 474.337636 228.514775 269.801855
890.885796 474.781911 229.259700 269.297474
891.371288 474.337636 229.223467 270.073501
892.013420 474.697443 228.379447 271.213825
891.162743 473.614728 229.528352 273.256842
890.473748 474.148618 229.859721 273.118003
888.256955 474.148618 233.189422 272.157203
888.414480 476.219535 232.652924 272.101056
889.383136 474.932854 231.605992 273.508847
890.014293 475.409918 230.836402 273.102946
887.900001 476.213315 233.625334 272.635643
887.799290 475.955548 233.948128 273.245649
888.926629 477.316534 232.898963 271.545077
889.260083 475.921379 232.265252 274.234575
887.682878 477.577336 233.848139 272.314534
888.293263 476.756880 233.607346 274.027385
886.958703 476.024083 235.023930 276.862670
888.283994 477.679966 233.164000 274.805558
886.709099 477.012925 235.273535 275.101740
889.844276 478.790452 231.908121 272.590522
890.383121 477.892837 231.304232 273.768459
890.014383 477.090218 232.125954 273.818451
889.414480 477.376862 233.259639 273.330950
889.431460 479.086144 232.865325 271.421256
890.628499 477.346878 232.271674 274.452424
890.678544 477.012925 232.014411 276.209656
887.215484 475.717179 235.470840 277.227871
889.659585 477.611698 233.474436 274.400057
889.710518 476.459346 233.430337 276.485703
891.721677 478.790452 231.269964 273.424576
891.873587 478.977115 232.179343 273.098678
891.167239 480.149897 231.997712 272.288339
891.751121 478.407309 232.149071 273.655629
892.031088 478.985020 231.584021 273.115531
892.995968 478.074252 232.209891 273.863261
893.046442 478.252372 231.882217 273.573492
893.890803 476.725608 232.088020 275.012157
892.320918 478.476681 234.199098 271.986812
893.785832 477.918007 232.808611 271.824930
893.768120 479.254322 232.523657 269.868917
894.718666 477.785829 232.481546 271.882498
895.383115 479.075532 232.517052 269.774292
896.210977 477.420292 232.372711 270.888497
896.613372 475.992990 232.135781 272.311237
897.137397 476.030659 231.249225 271.317535
897.105713 472.829621 232.027991 273.343706
898.013271 473.548582 231.813064 271.728364
898.734574 471.806616 230.723704 273.265095
897.752191 473.187729 232.612391 272.501680
897.906223 471.182824 232.546520 272.997973
897.784711 468.638865 233.194114 277.194647
897.126764 471.211369 234.016567 274.037042
896.841195 468.132628 234.756553 275.496790
898.367121 470.296136 233.691212 270.374704
898.766739 468.171288 232.909895 272.441423
899.031092 465.262307 232.187703 272.612169
898.398138 461.704835 233.349507 273.829038
901.636102 467.524858 230.499186 266.945877
901.404574 464.818585 230.424878 270.549557
901.318260 463.031197 230.667545 271.605355
901.333237 460.042542 230.882812 273.265003
901.242730 463.657892 231.282615 270.857343
902.308624 461.224212 230.209609 272.708229
902.348926 461.704206 229.747048 271.035318
901.810969 462.236148 229.960042 270.390756
901.444128 462.105548 229.582826 269.488575
902.263738 461.028238 228.663672 270.974668
901.552615 460.217839 227.634082 270.749549
900.032926 456.804790 229.220411 274.109880
898.981561 458.244166 229.224995 272.382196
897.722215 452.692081 229.059167 275.223322
897.487555 453.736415 229.092724 273.409174
896.351148 454.429015 228.801507 270.407941
894.923638 453.512311 229.854845 271.642353
895.313857 454.158392 228.644061 270.593607
894.655856 452.610038 227.793804 270.228433
893.032936 451.066041 227.898577 270.869803
893.483214 450.645999 226.353361 271.929247
890.666158 447.655470 228.411235 272.973251
892.614558 449.532050 225.313128 270.147252
890.354832 446.315974 225.934387 272.256210
889.976241 446.268275 226.247319 270.480355
889.576845 444.987719 225.661803 271.395609
888.721120 444.538692 225.404646 271.250156
888.298836 443.071960 223.926441 272.216146
886.224489 440.849831 224.388037 272.723928
887.479274 442.087092 222.791155 270.701756
884.696274 438.940205 224.857625 272.358647
884.083376 439.904566 225.477135 271.290620
881.148296 438.803496 226.075144 271.579833
882.867657 437.611178 223.742785 272.407688
880.949842 437.535691 224.090206 272.754604
880.298829 435.397668 223.782555 272.945731
880.971909 434.516420 222.686180 272.906966
878.684658 435.172627 222.750811 273.219741
878.243192 433.597217 221.758477 272.649791
877.587564 433.089598 220.909307 273.655979
876.587588 432.513843 221.476194 270.619464
875.461908 433.034335 220.981977 270.337173
873.119981 431.060450 221.572971 269.631499
873.465226 428.060446 220.171582 270.429412
872.746200 429.878985 219.535645 269.128373
871.994809 427.628696 220.581847 268.950100
871.712971 428.350514 218.958014 268.466991
869.749121 426.913927 219.758212 268.022983
868.135140 426.188173 218.591612 267.650052
867.179832 425.645873 218.493947 267.716893
864.763349 424.739151 219.631385 268.119712
863.962244 423.641035 218.876059 268.995603
863.197818 422.458098 219.201802 268.778963
862.080096 422.732813 218.200548 267.637353
861.496343 421.557080 216.044402 268.035868
861.032372 421.293152 214.679526 266.224192
860.473048 420.582672 214.126312 265.642422
859.119929 419.499859 213.986629 265.734459
858.424755 419.039659 212.126377 264.800065
857.141217 418.155681 211.231871 265.545795
855.982654 417.615128 211.450638 265.054480
854.638936 416.253929 211.392345 266.861873
852.571051 415.151738 210.825560 266.169352
851.325686 413.887222 210.571993 266.814254
850.170593 413.251065 211.006783 265.140735
847.677593 411.894133 211.611168 266.055664
847.512315 410.973543 209.860788 265.186009
846.729419 409.994043 208.811091 264.500578
844.812800 408.108165 207.088195 264.835494
843.959517 407.836363 208.388783 264.131954
843.123785 406.113197 208.433758 264.452277
842.061287 404.471670 205.075829 265.774878
840.852021 404.936292 205.299261 264.288377
840.069216 403.601539 203.110575 263.394175
839.502538 402.555695 201.547105 264.294543
837.671410 402.557599 202.281084 262.488466
836.229443 402.020691 202.253978 263.166148
834.618910 400.660760 200.710290 262.874561
832.008822 398.868749 201.754922 262.876036
830.670784 398.733582 201.305832 261.935804
830.049054 397.589509 200.108239 261.643814
828.659043 396.159547 200.308914 262.825359
828.030943 395.768120 198.749634 261.851030
826.379164 394.009803 197.776364 262.151654
826.579352 392.118056 196.708622 262.658173
823.662062 391.659887 198.011282 261.859586
823.613117 391.087623 196.306406 261.073258
822.224124 390.233718 195.914230 261.231231
820.578222 389.589275 196.683281 261.260058
821.007264 389.654801 194.368240 259.684778
818.198990 387.491848 195.334809 260.993750
818.146478 387.763046 193.780642 258.785275
816.167869 385.784370 194.034360 260.537000
816.767279 385.627974 192.633917 259.499533
814.492508 384.251124 191.828888 259.793447
814.274243 383.429041 191.260380 258.594478
812.034284 381.765145 191.582277 258.566200
812.052247 381.006777 190.365644 258.710916
810.619182 380.121281 189.789365 258.196906
810.400022 380.110321 188.987853 257.161285
808.227992 377.931478 189.320373 258.536279
808.488678 378.110321 187.781586 257.035309
806.795466 376.693127 188.461841 257.219562
805.459492 375.108263 187.885554 258.344710
804.582395 373.397899 187.773636 258.317380
804.424874 372.991454 186.320540 257.476303
801.785501 371.985936 187.439409 258.267445
801.754885 371.284597 186.698710 256.288744
800.585765 370.160750 185.634559 257.573663
800.175723 369.806567 185.151671 257.283276
799.766630 367.507617 183.747810 258.062951
798.397603 367.568923 184.216175 258.218287
797.858161 366.748931 183.358183 257.320983
797.159744 367.731772 182.945941 256.260458
796.134913 366.924634 182.864734 257.005150
795.294388 367.549946 182.909424 255.921712
794.387344 367.792548 182.710854 255.741143
793.695600 368.139015 182.397048 256.396291
792.387331 368.146921 182.909779 257.161222
792.579708 368.506987 181.624108 257.215480
790.622666 369.493782 182.873684 256.940198
789.689478 369.506986 181.677909 256.964669
787.594712 369.799014 183.553961 257.383412
786.437354 373.020758 184.073428 255.650290
785.484419 372.157236 183.185137 255.816268
784.622657 374.553127 182.973446 254.503698
784.008412 373.389278 182.422469 255.977022
783.462136 375.685226 182.132755 254.599226
782.881879 377.785548 181.104363 254.058752
782.091805 379.169188 180.788082 254.334947
780.632442 379.493841 181.329251 254.909534
780.806907 382.579153 179.883328 254.223842
780.022310 383.813807 180.049738 254.167324
778.448889 382.348871 179.478622 255.247333
779.090466 386.032653 178.581301 253.347223
777.095650 385.982792 180.744897 254.635115
776.323680 388.545994 181.248262 253.730871
775.928344 389.695465 180.447407 254.706470
774.538513 391.169187 180.483084 254.459816
774.389287 393.358615 180.282505 253.020707
773.950884 394.103075 179.263719 253.457923
773.060699 396.256679 179.396922 252.284180
773.060793 397.172150 178.570045 252.798066
772.732165 399.861488 178.620214 251.977426
771.880275 402.001233 177.894507 250.703773
770.800060 402.535274 177.662571 251.794764
771.047798 405.100289 177.478874 250.032755
769.542546 406.529714 177.889133 249.661050
768.998534 407.838670 177.918778 249.704653
768.620976 408.838667 177.899757 249.215127
768.901474 410.508167 177.698564 249.403075
768.489681 410.979165 177.436061 249.427835
768.168327 412.315527 177.827544 248.969423
768.393054 413.985226 177.700550 249.278211
767.808636 414.303388 177.462734 249.981566
768.570745 417.173585 176.931543 248.492283
768.600547 419.083575 176.894897 247.992055
768.809262 419.392262 176.718480 247.457740
769.126830 421.015118 177.510405 248.827673
770.353090 421.624386 175.762332 249.135762
770.002963 423.228623 176.862163 248.321372
770.496323 424.917342 177.086413 248.524711
771.046699 426.937423 176.740749 247.785809
771.300184 428.536825 176.480624 246.514577
772.613043 429.140918 175.638568 246.849553
773.596719 428.613372 176.148513 248.576869
773.712259 429.560032 176.034603 247.652956
775.229515 429.993445 175.821633 247.885625
777.222826 429.673539 175.796823 247.523561
776.748411 431.161959 177.078779 246.475128
781.053437 429.472857 174.589775 247.838688
780.248561 431.284996 175.813709 247.026462
784.309604 429.950435 174.188184 246.163132
784.817263 430.180756 174.830506 246.530873
788.452221 431.076591 173.081782 245.733649
788.721571 431.473191 173.556374 245.225211
791.864230 430.805049 172.374517 245.177346
792.872771 431.411855 172.750934 244.228229
795.849512 430.244197 171.683938 244.801549
796.208132 429.539393 171.610635 245.641311
798.012619 427.724803 171.069178 244.549031
796.615512 427.353937 172.130081 245.656750
796.737660 425.753976 170.948274 243.928024
796.167974 424.309328 171.406068 245.454693
797.170271 424.226233 169.525603 244.173898
796.374812 422.414123 169.500741 244.584661
796.913432 422.943625 169.429391 242.818669
795.337334 419.612475 170.155587 243.925155
797.108840 419.628137 168.324460 242.308628
794.811518 417.983828 170.274214 243.312054
796.616894 417.756719 168.000477 240.486043
793.950852 415.931490 170.358651 241.955286
796.418961 414.720297 167.604533 241.050734
795.687869 412.579975 168.012868 243.478555
796.859618 412.352407 167.467792 242.180585
795.338663 409.774062 168.021070 243.175538
796.652299 410.510210 167.675110 241.139954
794.798096 407.087684 168.359319 242.867201
796.666425 407.345549 167.338309 242.244552
795.200945 406.448591 168.234718 241.501002
797.276413 406.778654 165.777131 240.284222
794.915830 404.164187 167.442355 241.843245
797.383671 404.581609 165.067355 239.955123
795.681989 402.814799 166.164409 240.546043
797.481199 402.516603 164.915349 239.783949
796.236213 401.610002 166.022411 238.766087
796.246200 401.108665 166.265851 238.374520
795.747533 400.266713 166.532316 237.764513
795.626791 398.774560 166.573864 238.831777
796.009734 397.969448 165.999865 238.928829
794.316748 397.921373 168.631587 238.720424
794.774467 395.214654 167.014376 238.960994
794.069871 395.789575 167.900735 238.682101
793.544379 394.680460 166.500064 237.770028
794.758469 393.593594 165.255915 238.243326
792.754314 394.184606 166.596694 237.861738
794.153617 393.266716 165.058305 237.305678
792.552696 392.995370 166.099463 236.371273
793.129464 391.371476 164.704483 236.964355
792.078983 392.444469 165.188011 234.931923
792.228043 390.454876 164.559241 236.337524
791.471510 390.937004 164.922913 234.919155
791.518998 389.749832 164.484459 235.270581
790.468213 389.236802 164.993285 234.455070
790.519003 388.718515 164.393942 235.111875
790.226036 386.941564 164.536999 236.204835
789.497152 387.417684 164.927629 235.238670
788.995821 385.617602 164.826719 236.174800
788.918525 385.776302 164.167692 235.193926
788.386310 384.752890 163.755571 235.166112
788.562218 384.685486 163.505028 235.872114
787.144266 385.198107 164.293572 234.518098
786.930402 384.211268 164.240566 235.667523
785.679814 385.821211 165.142740 234.918321
785.815372 383.291938 163.734817 236.728476
784.811459 384.859537 164.885151 235.643750
784.118826 383.293453 163.511016 235.121192
783.658670 383.205815 163.381306 235.091839
782.899030 383.650717 163.641162 235.143530
782.477168 382.239930 162.954639 235.829578
781.930421 382.365935 163.211488 235.503367
781.623591 381.401517 162.510356 235.896141
780.984311 380.403166 162.555906 235.792094
780.080578 380.532834 162.348893 235.574413
780.264691 380.979517 161.879210 234.822940
778.930379 379.353320 162.920134 235.822830
778.120281 380.638433 162.908691 234.116386
778.009022 379.027752 161.922536 234.775656
776.981139 378.965026 162.349301 233.984298
776.132752 378.772924 162.495876 234.323841
776.669544 379.114670 161.449618 233.595019
774.276245 378.430511 163.501790 234.030588
775.970620 378.308153 160.904358 233.707713
773.697356 377.750202 162.523287 233.937463
774.770335 377.284520 161.438530 234.005177
772.381948 376.781692 162.775129 234.100199
773.971335 375.351462 160.343567 234.791288
772.447040 375.750200 161.551956 233.484560
772.367718 374.460658 160.808832 233.856111
771.124549 373.919347 161.202215 234.573988
771.709571 373.293250 160.217698 234.122497
770.766621 374.508568 160.985927 233.439295
770.176942 372.468544 160.748072 235.232031
769.446850 374.199029 160.868748 233.353133
769.368956 372.200436 161.226239 234.740036
768.547492 371.650343 160.781240 233.861403
767.550003 372.823606 161.360296 232.216323
767.650891 371.087552 160.471327 232.840766
767.777732 372.430072 160.393163 230.413311
766.347686 371.462526 161.192878 231.148064
767.179711 370.640689 160.320202 230.927518
765.639516 371.661141 160.974959 231.422642
766.565911 368.910433 159.154872 231.855687
765.780872 369.724508 159.583739 232.133044
766.083232 367.964494 159.059071 232.268911
765.279540 368.724505 159.510627 232.926121
764.973138 367.394455 159.054020 232.596327
764.582150 368.077113 159.295890 232.203650
764.380561 367.335746 159.321679 231.809698
764.284637 367.567598 158.728763 231.951049
764.286090 366.475677 158.740729 232.046732
762.863407 366.743626 159.450725 232.464523
763.780758 366.005243 159.139817 230.449296
762.264027 366.353915 160.033610 231.217771
763.083203 365.937531 159.412166 229.338392
761.971083 366.427948 159.812722 230.632332
763.273108 364.952946 159.080607 229.788865
761.558898 365.314163 159.876027 230.608506
762.978745 364.428061 159.286124 229.868268
761.980871 364.822853 159.666930 230.524210
762.388329 363.602153 159.565008 230.270421
762.187511 363.549067 159.413286 230.214339
762.187511 362.882803 159.325297 230.456711
761.783831 362.706074 159.377766 229.945750
761.890236 363.289747 159.020702 228.603755
761.798074 362.319779 159.406119 228.764913
761.693175 363.200574 159.364780 228.289988
762.099150 361.057796 158.929453 228.814036
761.394289 362.338540 159.985756 228.749049
762.393954 360.583918 159.104052 228.452427
761.993453 361.492221 159.199202 228.595369
762.894630 359.724877 159.014555 228.791961
762.796646 361.000025 159.098423 228.289096
762.998949 358.660342 158.854224 229.982312
763.682251 359.314162 158.330447 229.489421
763.195217 359.141148 158.822436 230.595598
764.277877 357.775361 158.161232 229.235230
763.394287 358.876185 159.021550 229.211407
763.796614 358.022524 159.362885 229.355262
764.094586 357.531209 159.139224 229.493157
764.493379 357.805661 159.004599 229.796584
764.291770 356.425187 159.192762 230.155435
764.588122 357.908965 159.204202 229.325866
764.491395 357.961563 159.215600 229.976092
765.583997 357.531209 158.516944 230.160867
764.989529 358.582949 159.407188 229.578649
765.692376 358.470051 158.792158 228.554314
765.798070 358.721581 158.967517 228.918962
766.589171 358.141147 158.570370 229.924583
766.790733 357.549842 158.707271 230.606158
766.789902 358.444884 158.945562 231.707457
767.484798 356.836008 158.541996 231.793840
768.077009 357.684677 158.478872 231.410577
767.787972 357.549071 159.165366 231.896858
767.983359 359.014954 159.688962 230.701395
767.986726 359.996517 159.834550 228.522086
768.294311 359.961562 159.999768 229.529002
768.487748 360.134346 159.686962 230.437342
769.186445 360.840717 159.281069 228.900481
768.790930 360.805659 159.576945 230.020103
769.786014 361.175616 159.183400 228.696959
769.796633 361.764485 159.451163 228.521552
769.793788 362.074778 159.616087 229.661971
770.389578 361.688271 159.579850 229.447182
770.291778 362.289747 159.809171 229.161417
770.792123 362.314166 159.308826 229.824415
771.290067 362.781149 159.237235 229.917186
771.392182 362.978705 159.532341 230.031871
771.986829 362.391817 159.231570 231.042713
772.682894 363.019321 158.873015 231.539350
771.876121 363.528425 159.448734 231.792616
772.678965 364.234009 159.170600 230.807404
772.887465 364.391820 159.065874 231.154825
773.880271 365.487508 158.322620 230.845775
773.592487 365.058638 159.067848 231.079941
773.887486 365.684678 159.154181 231.185003
774.484826 366.058285 158.806247 230.576059
775.277861 366.353915 158.603000 230.768734
775.190357 366.822852 158.808468 229.963735
775.592654 366.845115 159.258525 230.070083
776.290026 368.063171 159.149040 229.958721
775.989543 367.216379 159.319425 229.807986
777.570966 367.314165 158.842111 231.396148
777.688322 366.760568 159.441632 233.023761
778.534916 366.992278 158.086571 231.782268
778.787995 368.331666 159.077111 232.698851
779.570785 368.005242 158.349812 232.683686
779.784230 369.661143 159.197295 232.558081
780.209894 367.964494 158.408325 234.626081
781.071129 368.660999 158.355263 233.907927
781.007308 368.833571 158.416104 233.292637
781.747417 369.289131 158.778367 233.898320
782.022168 369.036457 158.799153 232.513817
782.381856 371.325695 159.290476 231.407852
783.336695 370.621080 158.278422 230.432148
782.491410 372.554771 160.094749 231.286603
784.695056 370.293239 158.228043 232.183195
783.986730 373.080471 159.569182 231.829219
785.463972 372.144635 159.007733 232.361357
785.283243 372.762665 158.733850 231.054304
786.382415 373.798443 158.747552 231.551279
786.675156 372.635016 158.840482 232.111266
787.249261 373.881195 159.071099 231.637451
787.986538 374.215231 158.229201 232.898407
788.511376 372.855819 158.203925 233.635286
788.911077 374.272375 158.910659 233.906972
788.934361 374.977169 159.188752 233.024163
788.919169 374.992278 159.300588 233.133927
789.534921 375.309004 159.390478 232.930298
789.211645 376.566389 160.208922 231.333836
789.945881 376.447196 159.472037 231.931361
791.366422 377.859230 158.927193 231.421533
791.061160 377.111569 159.152588 232.083255
792.521289 377.253042 158.809104 233.284065
791.547881 377.798957 160.070332 231.777604
792.872344 377.482181 159.349408 232.319219
793.876198 379.480695 159.328426 231.706756
793.416188 378.462527 159.400885 231.819207
794.511388 379.234008 159.012024 232.612936
794.167754 379.762664 159.650990 232.857543
794.670476 378.876307 159.251235 234.816082
796.534600 380.155585 158.954093 233.826540
795.609362 380.343871 159.811954 233.544163
796.772765 380.376961 159.255932 232.578785
797.078261 382.056665 160.354130 231.082528
796.362399 383.325699 161.575781 228.819750
796.735196 381.743629 161.185307 231.451196
798.007349 382.566392 160.837508 231.333836
797.871445 382.467024 161.450185 232.207492
798.476575 383.273556 161.050986 231.810043
798.876896 383.449622 161.047730 231.985877
798.256720 383.329538 162.003263 231.851215
800.170630 383.313026 159.959889 231.966159
799.677039 383.743626 161.130597 231.170301
799.973129 384.253460 160.726576 230.858025
799.771742 384.859229 160.458730 230.406891
800.484952 385.661143 160.294301 229.957091
800.484432 385.684682 160.336825 229.614178
801.388316 385.840722 159.476753 228.789131
800.882173 386.272702 160.439608 228.883295
801.030625 385.822848 159.979006 229.740066
801.086838 386.798444 160.752218 229.300234
801.178790 386.058289 160.135431 230.240571
801.079570 386.371938 160.211509 230.374346
801.018473 385.585967 159.897896 231.721166
801.256007 386.234007 159.462334 231.482338
800.780865 386.881195 160.998417 231.299296
800.410786 387.253458 160.509071 231.195659
800.945863 387.586771 160.384538 232.343091
800.786873 387.819218 160.134866 232.277627
800.742645 387.939568 160.081441 233.434611
801.245725 388.959827 159.580380 231.558986
799.953642 389.410452 160.761688 231.544922
799.856369 388.992281 160.967717 231.670080
800.378034 390.232383 160.765612 231.090146
798.939692 389.957012 161.879052 231.282773
799.520551 390.586345 161.108902 231.610425
798.807533 391.410063 161.923704 231.264453
800.685124 391.449620 160.160924 231.534464
799.298846 390.164467 160.920365 232.862035
798.690479 392.053768 161.133054 231.256223
797.784390 392.566395 161.736751 231.108123
797.270074 393.076306 161.954009 231.133354
797.164543 394.673721 161.873053 230.183753
795.759700 395.524389 162.867752 229.715394
796.253633 395.722504 162.504849 228.933473
794.099283 396.014958 163.419290 230.926960
794.980698 395.350720 163.532698 230.662865
796.575138 394.508568 160.890097 232.984762
796.368949 394.523578 160.250691 232.529727
795.769655 396.699213 160.664440 231.756101
795.769655 396.309006 160.487709 232.817201
796.379028 395.217394 159.922839 234.659903
795.664809 392.735879 161.354492 238.238925
795.866309 397.340479 159.497987 234.599957
794.766626 398.666212 161.430839 232.600260
794.153112 403.474827 161.599441 228.143651
793.556497 404.217165 161.573472 228.010698
793.572289 402.706076 161.663215 229.277599
792.966039 404.509218 162.258641 227.772508
792.762766 404.307375 161.987354 228.768196
793.578186 402.303700 159.698481 231.195287
793.284618 401.937526 160.139446 231.232123
793.076880 400.972279 158.663039 232.744067
793.678956 401.762662 158.551510 232.970885
793.681254 401.972279 158.008042 233.761269
793.381838 401.686092 158.672346 233.904489
793.477604 402.782273 157.026077 234.390483
791.982897 401.298425 159.293766 235.559126
791.266044 402.545223 158.797219 235.194327
792.071952 402.887708 159.167625 233.617624
790.769633 403.977163 160.487709 234.503689
791.374508 405.177007 160.246847 232.397319
789.638313 403.876308 162.505305 234.702717
790.770338 405.733244 160.901447 233.535446
790.050249 404.919345 161.258877 235.484236
791.170462 405.761894 160.525755 234.781427
789.012651 405.460658 161.350689 235.556969
790.371393 406.114669 160.747786 233.028080
789.344293 405.536324 161.452171 234.113830
789.972456 406.530403 160.853049 232.464754
788.637510 406.802595 161.469306 232.734120
789.172195 405.728146 161.382333 234.684506
788.755085 406.250410 158.720781 235.330643
790.726856 404.142652 157.512698 237.839471
788.049823 406.068941 159.874790 235.670612
789.067001 405.299764 160.475394 236.746104
787.118880 406.308154 162.440962 236.222025
787.459772 405.888752 161.658606 236.790837
786.948049 406.532837 163.609103 237.296805
785.893564 407.417684 162.266900 236.965366
786.668960 405.282045 164.039898 241.123671
785.828414 407.567187 163.258802 235.649914
786.568178 407.365928 163.227333 235.160142
785.702308 408.442018 162.259231 233.208642
785.152582 406.489034 163.777965 234.926714
784.516951 408.425964 162.310643 234.016718
784.967776 405.783556 160.657048 236.052437
783.946901 406.636703 159.126721 237.050040
784.664379 405.760079 158.074758 237.134404
783.973335 406.621303 158.565982 237.804493
782.866470 406.109505 160.049255 236.748956
782.264813 407.443879 160.428213 237.516671
782.269998 406.890486 160.112131 236.911970
782.271628 408.432160 159.776357 236.601172
782.572122 406.374738 160.052712 237.142267
782.370536 408.273523 159.391571 236.413220
782.571982 406.432296 159.807538 236.336435
781.561483 408.237172 159.737134 234.993586
782.174392 406.817689 158.957861 236.665184
781.573458 406.977278 158.965845 236.725197
781.770517 406.491742 158.368753 237.554127
781.172959 406.489034 158.702114 238.126693
780.672279 406.677594 158.890443 237.782903
780.371364 406.677594 159.233027 237.668005
779.061350 407.000897 160.277689 238.035117
778.967171 407.214524 160.526931 236.702343
778.561323 407.828856 160.643312 237.971478
778.869957 407.403167 160.581279 238.195896
778.467235 407.565281 160.984001 238.264358
779.170239 407.752892 159.924237 236.878784
779.071627 408.156519 159.798749 236.838939
779.470978 407.515589 159.399398 236.342869
779.372812 407.460659 159.562278 236.814481
778.764982 407.644613 160.062436 235.784395
779.571998 407.299765 159.451840 236.517049
779.869482 406.678765 159.420981 237.329922
779.270733 406.109505 159.821917 239.041785
777.960008 405.938571 161.401971 237.587508
778.366127 406.884820 160.639308 237.825738
778.168953 406.888743 161.307613 237.940890
778.568154 406.916063 161.689668 236.953242
778.866027 407.853419 161.073645 238.133434
779.169024 406.364342 160.972539 238.390478
779.269579 408.834177 160.693135 235.948263
780.170444 406.723255 160.078263 236.986434
780.669599 408.590554 159.556250 236.442779
781.655521 407.189706 159.707243 235.660524
783.254433 406.465729 158.168328 236.587314
783.174397 406.627119 159.223315 236.540119
784.361959 406.165654 158.750643 237.300761
783.569369 405.515979 159.922938 238.524202
783.770297 406.050133 160.258705 237.894932
784.070834 404.502483 160.535776 239.332114
783.467616 405.910599 161.813763 238.448115
783.563012 404.965290 162.319971 237.626347
784.669137 405.749837 161.612238 237.566375
784.765102 405.266818 161.734960 237.709321
786.659670 405.266818 160.290017 238.515611
786.769552 404.752326 160.324947 237.469261
788.063288 405.508094 159.543275 237.713808
789.163361 404.399729 159.151518 235.936438
790.755910 406.491452 158.243065 234.477518
792.152128 405.072011 157.706870 236.416020
792.170640 405.087550 158.184320 236.580206
792.853356 403.899105 157.879844 237.847007
793.361964 403.841295 158.041946 238.889718
792.966377 404.189741 159.259475 237.461020
793.269553 403.540373 159.622263 238.455084
792.366035 404.052620 161.329902 238.127329
793.305112 404.266821 161.132719 236.792108
793.467253 404.376197 161.856301 238.496345
794.370108 404.293461 160.973254 237.404032
795.954815 404.214530 159.611471 238.426858
796.569146 404.376197 159.591452 238.612057
797.068656 404.078231 159.781783 237.601352
797.966391 404.186385 159.437638 236.998880
798.860800 403.839391 159.209370 236.589627
800.449071 404.132885 158.417913 237.252421
801.156900 403.491747 158.621131 238.472933
801.760707 404.027751 158.621432 237.852717
802.269524 404.323264 159.177634 238.290113
801.771077 403.889913 160.234197 237.951088
802.469823 404.698771 160.853714 238.173771
803.070316 404.591205 161.187523 238.657302
803.769680 405.427522 160.883222 238.351303
805.453977 404.615321 160.073861 239.861060
805.269567 404.941559 160.693135 240.231331
806.962035 404.829060 159.265696 239.669646
807.568233 404.938562 159.704489 239.194590
808.068619 405.078237 159.514452 238.982306
809.731209 405.888752 158.566065 236.905500
810.568062 406.299758 158.854685 237.204914
811.165486 404.122621 158.592298 239.573139
811.167785 405.859703 159.059763 238.708087
811.760712 405.728090 158.977122 238.567133
812.662448 406.376192 159.164445 238.496345
813.069721 405.726772 158.957762 239.264268
812.570509 405.752318 160.458470 239.655030
812.883210 405.968365 160.548291 239.924497
814.560594 406.455647 159.872566 240.135905
814.461478 405.400370 159.669398 241.147013
816.609759 406.319159 158.874859 241.157437
817.257142 405.896962 159.127425 242.276681
818.300184 406.172186 157.731494 240.095256
818.455689 407.052613 158.972277 239.863664
819.356240 406.528725 158.738250 239.489191
820.455712 407.859698 158.438070 238.824178
820.564080 406.989587 159.262817 240.694909
822.035159 407.291942 158.260072 240.532002
821.766211 407.261643 159.774395 240.841349
822.658679 407.968360 159.147523 240.389981
823.067921 407.877749 159.626954 240.367046
823.070141 407.801586 159.868458 241.255378
824.158360 408.179221 159.516784 241.014296
825.049500 408.478872 159.024972 241.346212
825.952067 408.473490 157.875286 241.466903
826.649020 408.465839 157.646467 241.474592
827.536097 408.938573 157.447348 241.865378
827.953257 408.869754 157.058708 241.188059
829.592194 409.179687 156.457906 239.996386
829.833068 409.374741 156.729662 239.661273
830.251714 409.456607 156.520393 239.003891
831.220965 409.977272 155.703657 240.888167
831.543088 409.221949 156.491980 240.238546
831.736557 409.946639 156.562069 240.245811
832.138503 410.132586 156.583550 239.900747
832.929374 409.717437 156.898039 240.780273
833.637169 410.890490 156.069293 239.445224
834.028922 410.840970 157.039650 241.557362
834.923682 411.425461 157.037818 239.635078
835.929364 410.635014 155.580358 241.094015
836.313033 411.374748 155.722022 241.631502
838.226504 411.476917 153.881609 241.135525
838.295191 411.180765 153.638644 241.055100
838.702366 412.549675 153.806837 241.123035
839.832114 412.015710 153.894175 239.723838
839.897038 413.254800 154.109173 241.041785
840.955617 412.519172 153.933225 239.876832
840.630817 413.039462 154.108209 241.673152
841.826893 414.107995 154.360741 238.817316
840.957724 414.283618 155.450048 241.079393
842.914891 414.620200 154.912550 238.955247
842.260869 414.060847 155.312291 242.891774
844.407888 415.915407 154.688861 239.839403
843.646412 413.674802 155.035936 243.881218
845.310859 415.752316 154.102857 240.234535
845.702399 415.074614 153.720413 244.464547
846.188740 415.925846 154.155251 241.178116
847.171212 416.840973 153.533239 241.207772
847.200196 416.338498 154.166779 241.360594
847.982468 417.247527 154.243412 242.080051
848.100986 416.224330 154.027608 241.926958
848.857024 418.650349 153.184871 241.338757
848.892245 417.591554 155.359355 241.646175
848.348997 418.214232 154.253817 242.967775
849.162725 418.153871 155.864749 241.532875
847.966375 419.132588 155.577289 243.874299
849.808859 418.372721 155.085981 243.149158
848.357831 419.912512 155.292149 243.815722
848.518419 419.957272 154.671484 243.029811
849.162725 418.915929 154.894615 245.803466
848.534330 420.740543 154.229770 242.669465
848.694123 419.653702 153.253172 244.239143
848.118371 420.825112 153.074490 243.424217
848.448527 420.641059 153.277454 244.416606
847.540428 422.563355 153.995993 241.515846
847.698103 422.362565 153.487305 243.269185
847.217357 422.153872 153.902533 243.388977
846.523957 422.153872 154.452254 244.323924
845.731237 423.521539 155.035826 242.512979
845.926390 424.071763 154.560018 243.412438
845.135943 423.930329 155.208049 242.405377
845.500379 423.333711 154.943571 245.033029
845.802739 425.062001 153.279931 242.345100
845.793029 425.114255 153.392363 244.924108
845.402042 426.108195 153.153356 242.809654
844.910394 426.114249 154.652465 245.395258
845.182633 426.567866 153.852517 243.372535
844.427871 426.982593 154.202210 244.552496
844.687107 427.443693 153.213212 243.590824
843.736572 428.221955 154.038363 244.893025
843.614220 428.526981 153.364303 243.390869
843.217370 428.973357 154.943421 245.259434
843.420270 429.233127 153.834996 244.641766
841.562641 430.438986 155.856982 244.944660
841.243952 430.679873 154.779664 243.562908
840.247163 431.190988 154.999071 244.838411
840.873079 432.052359 153.739525 246.235425
839.841648 432.316914 153.982516 246.086419
839.802711 433.068110 154.232406 246.994889
839.130046 433.842200 153.883714 246.396884
838.131683 434.316906 155.600929 244.557979
837.647462 435.731668 153.319385 243.729645
837.476237 436.569006 153.760211 241.927521
836.836287 436.610350 153.403140 244.192868
835.926385 437.495398 154.473316 242.817274
835.715706 436.737203 154.347163 243.805636
835.039258 436.846959 154.351485 243.885209
834.903591 437.429181 154.353437 244.474588
834.614200 438.273725 154.749816 244.166828
834.133662 440.915418 154.535531 240.652741
834.412243 441.165844 154.292176 242.278626
834.025551 439.133557 153.749362 243.942968
834.256676 439.916076 154.187268 243.630277
833.443537 440.742780 155.129621 245.393810
833.420259 438.376911 154.007857 247.619875
833.867596 438.088941 153.520849 246.273458
834.529793 435.574924 152.735473 248.116006
833.990575 436.998453 151.907050 247.959398
833.934726 438.316916 152.406964 246.086419
834.593055 438.942743 151.023427 245.380212
833.857051 440.387361 152.235716 245.081334
833.192252 438.970372 152.405414 244.990438
833.724223 438.832189 152.415856 246.712648
832.805308 438.869300 151.464033 245.990145
833.095401 437.460575 151.958273 247.603838
832.844773 438.383250 151.361457 246.365806
832.724250 437.568589 151.040588 247.386338
832.777581 437.841887 151.958913 247.122551
832.280196 438.775254 151.328895 247.200165
832.407860 438.171874 151.466106 246.447253
832.777581 438.244227 150.154907 247.182498
831.570536 437.970372 151.088640 246.859142
831.593048 437.906895 152.837953 247.519830
831.934735 438.560702 150.350734 246.135656
831.044465 437.202465 151.790757 248.148254
831.028036 438.046452 151.109804 246.820494
831.002849 437.229253 151.361700 248.079414
830.808853 437.363598 153.851727 247.675505
830.013267 437.597817 153.164205 246.234129
830.622983 437.551270 154.741346 247.261738
829.839191 438.542032 156.987197 246.122727
830.223781 436.953408 155.827894 248.663181
831.268297 437.521387 155.329999 247.106246
830.548219 437.871697 156.309770 248.100049
832.142594 436.643116 155.141530 248.450517
832.391116 436.150552 156.052060 248.951617
832.434257 435.415957 155.616374 248.923072
833.484464 434.643104 155.181346 249.398977
834.923380 435.436733 152.833025 248.497081
834.931446 436.252110 154.787081 246.751008
836.055652 435.766925 154.117900 247.362345
836.838100 435.343656 154.176569 246.605843
837.274527 435.075079 154.652440 249.480473
837.700537 435.070550 153.708254 248.378194
838.429962 434.007749 154.533839 247.476541
838.320944 434.955718 154.142183 248.135265
839.392510 435.535069 154.168992 245.244465
839.494320 436.040530 154.379430 245.643875
839.420233 435.053728 155.224963 245.587157
838.937031 435.512831 154.163102 244.549423
839.751030 435.276966 154.750550 244.108112
840.844742 434.439577 152.392275 243.199384
841.977689 434.684939 152.736956 245.285591
842.500532 435.263154 153.017594 243.118900
841.814836 435.045191 153.363933 242.610969
843.750124 434.366005 152.999451 243.566294
844.542128 433.133563 151.803036 243.364156
845.435942 430.918396 152.802044 246.643061
845.563196 432.123729 153.279366 244.735719
846.961502 429.718431 153.255661 247.883346
846.514177 429.488965 153.499625 247.514161
847.303308 430.345553 153.974786 246.721588
848.619367 431.582150 153.273458 245.357223
848.211156 431.355477 153.086171 244.679039
849.738799 429.991319 152.967642 246.963603
849.653894 429.793235 153.120694 245.312388
851.144822 429.271329 151.764957 246.286822
852.144806 429.832184 151.764957 245.299851
852.597787 429.973529 152.205184 245.084143
853.966592 429.412537 151.836392 245.250840
854.966606 428.815140 151.663476 245.662658
855.966566 428.139865 151.577099 247.042145
856.550736 428.271323 152.129341 247.467170
857.178704 428.532432 151.999912 245.388495
858.058379 428.653704 152.525947 246.944518
858.994080 428.869297 151.665835 244.467483
860.155627 428.125445 152.320230 247.158961
861.454396 428.299158 151.984427 246.096498
862.372095 428.093993 151.941024 246.870440
863.642241 427.426496 152.647795 247.484977
864.399579 427.560695 153.158323 246.488788
865.588587 427.467287 153.299072 246.753874
866.676599 427.476363 154.109900 245.984948
868.306946 427.635196 153.775950 245.760463
869.808862 428.137399 153.064923 244.905569
871.002816 428.166780 153.441147 245.552620
872.956736 427.448070 152.581581 246.176326
874.090767 427.355483 152.068887 247.383018
874.956729 426.770833 153.018468 244.634883
876.647400 426.832183 153.059083 245.534559
878.550771 427.360356 151.782148 245.787071
879.830094 427.412535 152.003600 245.133811
881.424025 427.151317 151.899322 245.913107
882.555800 427.177906 152.451977 244.437472
884.058357 426.470286 150.796516 246.056590
884.744324 426.470286 151.981650 246.644694
885.642276 426.102888 151.777343 249.658774
886.719838 426.148141 150.457620 246.562500
887.150076 426.049209 151.826170 248.247378
888.860753 425.969040 151.959337 244.971356
891.147913 426.474553 149.621207 245.640429
892.876365 426.435717 148.511039 245.125735
893.400606 426.220064 148.691415 246.122786
894.023599 425.913949 148.768385 245.875503
895.202203 426.174458 148.589786 247.556797
896.372679 425.348790 148.610175 247.054350
897.549879 425.780581 147.666340 248.505981
898.549886 426.198217 147.158120 247.025729
899.502505 425.978328 146.930329 246.857227
899.742442 426.563834 147.264984 247.141625
900.852566 426.317145 146.580239 246.635482
901.069651 426.123782 147.258710 247.806253
901.291262 426.510842 147.566751 247.577603
901.876353 426.341892 147.660609 248.573790
902.602139 425.235224 147.784296 248.167920
903.638289 425.261328 147.577919 250.740681
903.499651 424.945550 148.518072 249.311108
903.554863 425.991317 149.209930 249.811781
903.504211 426.345552 150.130433 248.338853
903.824817 425.490034 150.215002 249.248468
903.403592 425.260307 151.402879 249.134077
903.492052 426.729173 151.590592 248.572076
903.306903 427.476363 152.467673 247.636494
903.342957 428.149303 152.489596 247.200665
903.994074 427.793226 152.531614 248.732343
903.838082 429.261792 153.389651 247.756153
903.870200 428.148148 153.153444 249.393854
903.582226 429.112832 153.649654 248.978147
903.582226 431.307228 153.475988 247.319966
903.301590 437.257692 153.635516 242.046708
903.698072 443.784131 153.142456 234.872606
903.998091 447.229574 151.827445 232.671891
902.378573 452.428010 152.600886 227.102044
901.999060 457.412744 152.850589 222.928055
902.424475 463.001253 151.620407 216.750150
901.154585 469.010834 152.060108 211.242682
902.639962 475.560126 148.479347 204.454959
903.189663 481.788573 146.980124 198.078818
903.333429 485.821007 145.730651 194.542842
902.619124 490.695486 145.473140 190.105258
903.390102 497.209565 143.343494 185.372606
902.410755 502.942701 143.211265 178.780000
902.124784 508.185466 142.964544 173.957895
903.328681 515.161845 140.859040 167.428969
903.692628 520.657351 139.386332 162.623679
905.850134 527.438489 137.037983 156.768748
908.850556 534.556110 131.471293 150.437659
913.463466 541.570886 125.416753 144.061864
913.922101 545.999051 124.172757 140.619126
912.251938 551.356730 124.455261 135.586421
913.776882 559.351914 121.340918 128.435910
915.116488 565.599564 118.753135 121.835602
915.552054 570.502411 117.171520 117.389823
916.698126 579.318976 114.786719 108.867018
917.254318 583.096786 113.537766 106.207108
918.723563 595.747327 111.352337 93.997244
921.420351 599.163877 107.094162 91.646827
921.262493 602.283346 106.536737 88.782286
921.760528 614.492183 104.819315 77.483128
921.654768 615.212107 104.074874 77.382376
925.978008 628.005298 99.468985 65.081922
929.999225 632.387381 93.664909 62.965363
931.024664 640.339837 91.886286 55.246197
932.297005 645.202686 89.912327 49.941449
934.343820 649.855966 87.454547 45.936412
936.441540 656.088945 84.660031 40.059084
939.611217 665.587430 80.570992 33.779322
942.809127 677.651048 77.154327 23.768381
949.973039 686.087732 59.936278 23.773337
963.647690 691.395981 50.306275 27.453179
960.289847 671.838717 47.065302 53.663170
957.274195 667.246270 57.263247 78.278907
849.996749 755.348776 19.696825 84.656610
802.223813 755.362852 67.501303 81.907453
798.195093 755.281823 73.030737 85.288718
801.091536 757.418379 70.907442 85.350504
755.090224 925.291409 76.607235 31.738096
774.414207 940.187251 56.628085 85.696017
764.671853 962.567536 76.302720 110.768051
773.614783 981.876501 78.860141 95.895937
961.159465 878.102565 26.680279 114.736481
960.660251 887.482483 50.132825 97.553820
960.873160 890.007305 47.602875 93.384801
961.403804 891.516402 52.089552 91.760286
961.982140 891.851636 48.222564 93.194773
962.765055 892.910542 51.730640 92.534945
963.978034 893.244594 51.851354 92.358643
964.441920 893.924615 54.689921 92.384764
965.049443 894.574027 53.324387 92.326595
966.902125 895.742030 55.896145 91.240300
967.161124 894.493735 51.337110 92.120682
967.831889 889.436455 59.224296 98.732953
969.535353 888.425810 53.016905 100.558667
971.298809 894.808759 65.705910 95.359397
974.162460 901.879830 64.293972 89.174845
976.575132 912.707758 58.247769 77.756295
978.325961 922.167568 55.034309 70.861212
982.273136 931.495335 52.420938 62.145844
988.324638 941.225270 74.633750 52.699399
989.701851 948.689423 73.280461 46.703063
991.690726 958.789568 80.178692 38.249720
995.500697 968.170257 70.565327 32.665653
996.762992 976.489245 64.849775 34.928105
999.113699 982.479609 42.706169 38.179431
1007.586960 991.775283 35.703118 39.694382
1013.967426 998.596088 30.547686 34.957283
1017.227085 1009.516585 30.864490 39.535436
1021.546932 1029.080202 31.325895 41.413549
1020.393328 1041.827601 36.691719 36.171941
1020.278378 1051.994533 37.696678 28.005467
1024.113274 1061.950847 37.505050 17.972632
1026.823902 1071.387630 34.132275 8.612370
1024.990493 1062.448704 33.043257 17.551296
1017.753236 1047.902743 40.767835 32.097257
1013.212467 1020.890589 52.462515 53.460815
963.096222 985.548268 75.735827 85.118705
858.255184 986.351885 159.550358 91.532367
837.615074 994.798857 204.049332 85.201143
855.673665 1001.067874 213.655264 78.932126
886.205931 1008.219906 201.206957 71.780094
912.890333 1014.828330 204.760111 65.171670
942.047858 1024.968973 211.074670 54.462629
974.474384 1032.303017 206.946439 47.633813
1002.171728 1041.263284 198.596470 38.736716
1042.439911 1049.123736 175.966711 30.876264
1080.144030 1057.227233 147.414766 22.772767
1116.885362 1063.772708 120.043038 16.227292
1162.486832 1059.017133 73.079565 20.982867
1194.629013 1057.080339 51.923230 22.919661
1198.416664 1045.495604 37.756164 34.504396
1198.921692 1031.527349 35.909839 33.908403
1190.407702 1016.830252 46.852068 42.756685
1218.681725 962.380441 65.689534 69.771744
1221.018499 937.771950 116.165280 102.944381
1189.646284 934.380761 182.699476 116.567805
981.445205 693.098650 81.598048 27.526153
961.680137 604.211080 87.398233 104.283635
906.817673 475.351805 141.319415 234.337707
904.762029 459.685174 145.791588 256.699353
905.878615 458.923632 143.000532 257.051275
905.827113 459.050522 142.934758 256.835028
905.222259 459.489561 144.285922 257.731531
904.947750 459.760645 143.425821 258.620843
905.068911 460.053372 141.728424 258.110437
905.267278 459.652421 141.329015 259.028038
905.594495 459.594520 140.767805 259.045137
905.182885 459.829524 141.003538 258.607622
905.013691 459.741027 140.682953 258.331694
905.024004 460.108524 140.574439 257.181216
904.537815 459.326999 140.134057 258.461335
903.681706 459.267370 141.328808 258.239825
903.770491 459.359369 140.415885 257.470695
903.537802 459.565049 139.647383 257.102292
902.365350 458.919302 140.394582 257.062505
901.789726 459.314617 140.701193 257.780461
900.767046 458.799682 141.080357 257.465843
900.191602 459.241547 140.900580 257.265651
899.100392 459.255164 141.730464 257.680432
898.330960 459.183000 141.855432 256.800252
897.937300 458.756277 141.073200 256.807909
896.842910 458.388941 141.661173 256.795349
896.596252 458.153274 140.763260 255.908065
896.209814 458.763047 140.286629 256.184161
895.547407 458.800745 139.949006 256.904700
894.108922 457.990318 140.489142 258.256664
894.023986 457.533828 139.760340 258.700234
893.444556 458.241549 139.429288 256.180319
892.303968 457.333462 139.532712 257.529569
891.194525 457.256310 140.242087 257.146145
890.789708 456.593322 140.294431 258.558259
889.596254 457.593866 141.495924 257.276468
889.177563 457.505862 140.931730 256.880476
887.670530 457.740885 141.426437 256.564073
887.185923 456.859105 140.911017 257.084119
886.356538 457.167269 140.578071 256.799275
884.505534 456.698377 141.092559 257.306932
884.106968 456.461981 139.283346 256.540116
883.303980 456.111244 139.211117 258.263446
882.537838 455.060052 138.841162 257.883173
881.966150 456.063974 138.722409 256.641474
881.146375 455.466773 138.461742 257.371500
880.052259 455.245259 138.568371 257.135163
878.892807 454.181804 138.301652 257.116893
877.892827 454.949144 138.622279 256.190396
877.153597 454.395037 138.187995 257.021336
876.230356 455.135817 138.537739 256.668282
874.469061 454.289768 139.459301 256.108487
874.226096 454.212088 138.610574 256.047841
873.731420 453.306899 138.357474 256.989022
872.976363 452.891777 138.860327 257.007165
872.136340 453.199172 139.126406 257.206108
872.133996 453.007733 137.646763 256.974080
870.651472 452.617292 138.210782 258.463492
869.966161 451.226954 138.240629 258.273888
870.119516 451.712916 137.087244 258.447636
868.725342 451.359625 138.149492 258.624263
867.715337 451.120537 138.331320 258.222743
866.378923 450.830794 139.148835 258.116406
865.789271 450.326997 138.911475 258.219512
864.108966 448.920474 140.005295 259.568457
863.267276 449.030505 139.941654 258.194382
862.100399 449.019097 140.186882 257.947444
861.441603 447.285453 139.845651 259.221753
860.939999 446.693357 139.197339 260.177445
860.607845 446.494923 138.207446 258.247083
859.463250 447.199170 138.423522 258.540241
859.205433 446.634721 137.266999 258.249912
858.557123 445.914474 136.998965 258.225067
858.697632 444.825255 135.699399 258.917068
858.054356 443.976588 136.062667 258.801360
856.568073 442.953976 137.294172 258.763906
855.471233 442.249811 137.829803 258.190705
855.216261 442.051011 137.084768 257.269178
854.566616 440.641582 137.028480 258.232057
853.721730 440.908215 137.153090 256.569093
853.154217 440.633544 136.376941 255.976977
852.835604 439.124336 135.937815 257.096889
852.549905 438.768443 135.236834 256.778981
851.916970 437.612177 135.698329 256.826397
851.247856 437.960151 135.953119 256.404308
850.590649 436.547863 136.024675 257.936813
850.457025 435.106177 135.342495 259.249470
849.950728 435.065745 135.593109 259.195412
848.650560 433.812090 136.893276 259.724679
849.006360 434.209548 135.720753 257.291284
847.920517 432.835668 136.597246 258.889652
847.617070 433.068634 136.098218 257.432326
846.661902 432.573144 136.869233 258.118818
846.467412 432.201157 136.235557 257.516722
845.826593 430.950366 136.704537 258.260195
844.568089 431.041971 137.134855 256.773155
843.908692 430.882048 136.940470 257.112008
842.991039 429.908462 137.604011 257.604497
841.980007 428.934924 137.948357 257.782955
841.557075 428.891770 137.957993 257.850545
840.803797 427.914472 137.977010 258.827843
840.215683 427.564924 137.830981 258.988034
839.710785 426.316585 137.816927 259.388861
839.532556 425.881788 137.260328 258.423177
839.938443 425.626011 136.737373 257.754406
839.142346 424.641589 137.199269 258.111810
839.604498 423.668184 136.323846 258.290535
839.629073 422.619439 136.233195 258.556185
839.709698 422.332744 136.152570 257.242383
839.641367 421.395541 136.048701 257.694926
839.479537 420.395537 136.210532 257.815020
839.135158 419.641588 135.981850 258.232057
839.054341 418.997288 136.062667 258.237740
838.548342 418.641585 135.836701 257.511323
838.228290 417.971609 135.400170 258.056605
837.802628 417.573138 135.253174 258.359971
837.228328 417.484365 135.242155 256.647430
837.229682 416.612187 134.957772 256.706860
837.468889 415.700905 134.718565 256.618140
836.975781 414.878104 135.258773 256.919299
837.199967 413.946741 134.890237 257.154840
837.278987 413.390229 134.811217 257.070647
838.139056 412.966607 133.792628 257.430340
838.450684 412.189030 134.150854 256.944990
838.686259 411.100317 134.389675 256.675339
839.427973 410.896476 134.219795 256.357141
840.013384 410.031588 134.206237 255.842752
840.364842 409.538587 134.267828 255.367030
840.321604 408.714668 135.358576 255.906142
841.179084 409.299290 134.642150 255.433511
841.884594 406.372093 134.365246 256.216440
842.141808 405.275483 134.694966 256.447790
843.340904 403.339243 134.243637 257.274360
842.924071 403.242469 135.179822 256.470716
845.738824 403.027243 133.250234 255.325353
844.699076 403.945361 135.190325 253.874863
844.844143 403.167694 134.728113 254.431584
846.493593 400.520745 133.710316 256.840617
847.861643 397.710565 133.199458 258.879425
848.754314 396.363683 133.177379 257.716664
849.047355 399.088643 133.917972 255.060816
852.112249 395.676597 132.506820 257.372632
853.025518 398.043859 133.119594 253.977871
853.370684 396.915877 133.484722 254.839192
855.959538 395.918147 133.817319 254.642938
857.264486 396.613633 134.110088 252.728577
860.859221 394.475818 132.239344 253.861732
862.540747 394.194395 133.200848 254.370561
864.205886 392.319568 133.073619 255.882793
866.306186 392.379548 131.739534 256.293914
867.460600 391.653303 132.773801 257.048621
869.487566 390.388078 134.218011 256.874796
872.050004 390.424415 132.821377 255.351235
873.802351 390.182446 133.020228 255.684247
875.962596 389.868831 132.847270 254.236511
877.669291 388.915878 133.056388 254.602229
879.684132 387.584058 132.550275 255.143147
881.235895 385.344793 131.734389 256.263781
883.347725 385.446176 131.886710 254.944753
885.289638 382.699925 131.975691 255.402334
884.981323 383.126482 133.089140 254.530306
885.370638 383.679909 133.642480 252.454985
885.604085 382.803997 134.077021 252.813809
886.602641 381.791251 135.240867 253.135645
885.625472 381.146714 137.024569 253.296117
887.271809 381.136143 135.571692 253.262494
886.787722 379.428743 135.829069 254.913473
888.036557 379.875051 135.566697 254.714945
888.935487 380.625029 135.479960 254.062909
890.208271 382.066893 135.219098 253.076842
891.121784 384.079374 134.382913 253.942167
891.177612 387.438146 134.379191 252.769121
891.824686 389.060021 134.662910 253.387345
892.965806 391.759020 134.380300 253.744512
892.617691 394.589447 135.728414 253.311770
893.637147 396.758266 134.566786 252.317735
895.799783 398.976090 132.625998 253.404030
895.505180 402.481913 134.693293 252.831272
895.684984 406.513298 134.915499 250.881842
895.395450 407.702902 135.170502 252.385999
896.812156 409.865869 134.711587 252.022749
896.380437 409.400306 134.416762 256.099970
898.132397 411.144690 134.170020 255.070086
897.764095 414.948110 134.650863 256.568986
897.656399 418.459082 134.472829 257.148007
898.413376 420.765798 133.774096 256.561594
899.013359 424.290011 133.102057 255.795198
899.570665 426.132191 132.687200 253.876343
899.096335 429.315335 133.857669 254.390219
899.691812 431.908848 133.766995 253.391857
899.509657 434.230366 134.503492 254.660894
899.637117 437.014258 134.566786 254.462230
899.908092 439.929014 134.708737 254.547472
899.924097 442.501717 134.963541 255.216334
901.478103 445.265804 133.741518 254.458775
901.336324 448.164522 134.535537 255.427648
901.148727 451.097730 135.070907 254.804387
901.543824 453.608391 134.993405 254.116187
901.924070 456.439676 135.121640 254.278381
902.242358 457.900951 135.120131 254.012016
902.558449 458.900950 135.520274 254.251784
902.655793 460.066897 135.294036 253.076842
902.858470 461.310072 135.964080 252.914135
903.190960 461.642576 135.584218 253.314175
903.110585 461.690278 135.981863 254.266472
903.482667 461.885575 135.960734 254.518845
903.670039 462.483369 135.867176 254.106622
903.509384 462.363891 136.346328 253.372744
904.576326 462.287884 135.214726 253.023792
905.415483 461.756355 134.614171 253.991291
905.670264 461.831579 134.946531 256.015277
905.323177 461.208343 135.324595 255.071602
906.036518 460.577094 134.769964 254.396954
905.764090 460.167685 135.757078 255.745280
906.450698 460.549087 135.820633 255.487920
906.896153 460.599902 135.179822 254.460830
907.286595 459.538583 135.780841 254.654538
907.163130 459.526037 135.643342 253.635250
907.016178 459.254939 136.092543 255.179337
907.864827 459.037483 135.274752 257.502301
908.736008 458.902459 134.209200 258.667377
908.614000 458.636605 135.062498 259.902653
908.902477 458.579131 134.800496 257.898187
908.929601 458.725312 134.746896 256.082966
908.799980 458.296612 135.165328 255.696795
909.134655 458.000633 135.099914 255.948222
909.055279 457.912857 135.497222 254.485781
909.386192 457.752396 135.709069 254.578252
909.589750 457.263648 135.629842 253.897649
909.764087 457.114087 135.598397 254.387326
909.830136 457.189494 135.389457 254.022235
909.442491 456.503826 135.603213 253.807857
908.774037 455.992942 136.653305 254.844562
908.260300 455.950125 137.198581 254.229617
908.504541 455.723654 136.635043 254.954053
908.666640 455.286791 136.632539 254.674281
909.309550 454.336553 136.149331 256.036762
909.882562 454.360247 135.844207 255.382643
909.896127 454.111559 135.975236 255.327020
909.504569 453.248664 136.475820 255.526986
909.482690 453.723650 136.244080 254.714926
909.092148 453.263642 136.779216 254.729769
909.173147 452.936114 136.698217 255.024955
909.079297 452.535780 136.807272 255.446115
908.672438 452.535780 137.054332 255.565805
908.572957 452.747405 136.900911 255.376835
908.491887 452.448040 136.821977 255.414326
907.756036 452.272372 137.557828 255.112462
907.741795 451.432422 137.319428 255.853348
906.919554 451.735391 138.301984 255.332486
905.997604 452.033185 138.811496 255.297636
905.742272 450.970202 138.654341 255.703590
905.568092 450.834976 138.416047 255.620280
905.729700 450.409869 138.717896 255.862973
906.060724 450.710093 137.923415 255.345287
905.990697 449.856680 137.979239 255.613357
906.235732 450.160286 137.573364 255.091071
906.166280 449.784480 137.467706 255.740501
906.228297 448.768446 136.993210 256.179699
905.904486 448.997756 137.317022 255.910137
905.496587 448.633536 137.724920 255.976977
905.641362 448.016036 136.846799 256.594477
904.744346 447.591794 137.743814 256.955632
904.070308 448.098164 138.431668 255.357096
903.496710 447.016045 138.151858 256.115758
903.156200 448.058362 138.079667 255.358008
902.744338 446.750530 137.583777 255.903624
902.660172 446.192810 137.882829 256.178161
902.892331 445.793850 137.182931 256.839240
902.648218 445.793850 137.106670 255.760336
902.572927 445.296842 136.740907 255.890806
902.084478 444.960151 137.229356 255.924137
902.147544 444.560159 136.593600 255.507719
902.241038 443.920244 136.485699 255.703229
901.754065 444.060922 136.813246 255.399951
901.179459 443.798634 137.547278 255.183267
900.590933 443.296852 137.403780 254.934479
899.514231 442.696574 138.372332 254.635269
899.578472 442.834562 137.482737 254.929936
899.014004 443.269418 137.553306 254.016350
899.178619 442.897952 136.801750 253.943956
898.602985 442.176054 136.949487 253.866593
898.109325 442.049172 137.015190 253.825175
897.929695 441.962140 136.782195 253.555364
897.861128 441.885579 136.358480 253.683175
897.693044 441.538056 136.415666 253.792595
897.760611 441.798818 136.045880 253.531833
896.957710 441.241300 136.516625 253.833269
897.720894 440.351179 134.926919 253.928758
896.135205 440.516327 136.008108 253.726147
896.096667 440.014860 135.377719 253.603232
895.280828 439.603369 135.291409 253.876915
893.955832 438.555112 136.089868 254.687363
893.517467 438.438633 135.971945 254.912521
893.736440 438.787878 134.865109 254.443939
892.792534 438.940062 135.465334 253.490272
891.464177 438.690279 135.950798 254.147223
891.589781 438.014860 135.155174 253.484738
890.053040 436.956657 135.932940 254.741463
889.027227 436.438643 136.303975 254.793184
888.929666 436.907959 135.671882 253.867688
889.417025 436.852920 134.584088 254.171734
888.544102 436.569742 134.814802 253.891092
888.030110 436.429261 134.641868 252.746803
887.064807 435.374239 134.693345 253.760656
886.050941 436.648545 135.191803 251.930854
885.146269 435.649352 135.237497 252.350540
883.983900 432.877414 135.986362 255.021010
883.272998 434.254380 135.900321 253.640597
883.016201 435.066893 135.142412 251.889284
881.983170 435.952481 135.557516 250.856467
881.624363 435.618224 134.496906 250.681804
880.864190 436.807203 134.358143 249.001869
880.826352 438.600645 133.763107 247.918551
879.482035 439.501513 135.381947 245.946479
878.167435 437.551044 135.260744 247.121974
878.602670 438.093070 134.280451 249.053590
876.624015 439.263503 136.434182 245.695917
877.510038 438.586949 133.941681 246.174707
875.175480 438.136268 135.925247 246.938132
875.922202 433.176412 134.273763 249.745527
875.265258 429.508681 134.480212 253.556716
874.858495 427.033074 135.013390 256.476692
873.684910 427.723649 135.444340 255.433266
871.859730 427.687544 136.741815 255.207432
871.344380 428.322623 136.429028 253.348132
871.428838 427.241296 135.632283 254.426518
870.369021 427.276766 136.060731 253.816103
869.451391 426.765740 135.821063 253.664606
870.208246 426.080360 134.266106 253.924630
869.698090 425.533947 134.387981 254.382326
868.949420 425.044461 133.786104 254.772440
868.908083 425.669466 133.138665 254.316336
867.873033 425.898171 133.108360 253.947723
867.903073 425.736315 132.233183 253.564297
866.073395 425.194394 133.308165 253.778133
865.192451 425.313455 133.098934 251.906446
863.983221 424.698675 133.742763 251.534607
863.315176 424.132653 133.841314 252.040244
862.715281 423.728301 133.441209 252.462054
861.807626 423.987729 133.004322 251.848627
861.777620 423.537115 132.018990 251.737331
861.301968 422.866439 131.893642 252.138865
860.397966 421.736881 132.228840 253.033041
859.777600 421.437551 131.711024 253.206913
859.480924 419.966231 131.315709 254.132089
859.127296 419.685044 130.179056 253.978260
858.883958 419.419885 129.976728 253.840418
858.546311 418.824150 129.730485 253.888970
858.360876 418.474703 128.573526 253.530600
857.834130 418.299781 128.539165 252.712046
857.090910 418.240897 128.361655 252.262615
856.588359 417.357492 127.131712 251.646626
856.002084 417.914087 121.171800 249.911677
855.910131 416.894949 121.596057 249.432781
854.720239 416.346326 126.759686 251.541022
853.223701 415.069234 130.144000 251.394597
853.040387 414.661672 130.121263 252.507429
852.100964 414.330068 131.849114 250.708621
852.869904 413.763693 130.925501 251.326167
852.063188 413.515356 132.146118 251.731195
852.546282 412.941689 130.803245 251.669630
852.100964 412.763693 131.077936 251.326167
851.996010 412.255891 130.904975 251.170278
851.919009 411.428952 131.136031 251.582883
851.281061 411.109468 132.255307 251.332048
850.459437 410.693366 132.044311 250.320041
850.063180 409.850214 132.300588 251.239645
850.083718 409.271687 132.194354 251.130416
849.652161 408.693361 132.420240 250.670062
849.359086 408.368175 132.022421 250.487592
848.350752 407.601715 132.858543 250.590676
848.459393 406.779935 132.663318 250.233475
848.397402 405.936683 133.018217 250.919084
848.537897 405.288350 133.207525 250.386948
849.622867 405.391739 131.810729 249.776429
850.013952 405.040205 131.331460 250.658886
850.072848 404.342464 131.600586 249.685267
850.811702 403.240891 131.275003 251.324951
850.996006 402.677103 131.522493 251.178676
851.100950 401.936695 132.004048 251.153175
851.046247 400.924964 132.335246 251.009491
850.967689 400.011750 132.723815 251.273306
850.951159 399.720257 132.913442 250.891060
851.575206 399.298070 132.289395 250.884572
851.592271 398.358239 132.410234 251.043859
851.694528 398.211873 133.050908 250.970773
852.108002 397.374870 133.224603 251.236444
852.364383 396.102788 133.555329 251.702488
853.325572 395.987728 132.868238 250.556155
853.694521 396.156792 132.894943 250.143152
853.731239 395.271689 133.583160 250.779549
856.022925 395.236540 131.779797 250.257583
856.658599 394.428951 131.428103 249.598780
859.096146 393.026027 130.456728 250.162772
860.377859 391.692236 131.147554 251.453351
861.249355 392.889821 131.321811 249.069048
862.888023 391.917724 131.112194 249.156673
864.173130 391.519108 131.316927 249.252142
866.829910 390.044718 130.695490 249.650973
866.982816 390.879756 131.550150 248.438732
869.262777 389.259054 130.754323 248.520747
870.978473 388.742291 130.620199 248.897612
873.145987 387.376157 130.282148 249.502321
873.637343 387.077464 131.549882 249.311635
875.675713 388.304336 130.912601 248.014159
877.961522 388.019276 130.387029 247.382974
879.245774 387.501411 130.302964 247.374185
882.809076 385.558611 129.562322 248.547554
883.694453 385.071897 130.886705 248.665140
885.243573 384.427186 130.783779 248.621228
885.891025 384.869708 131.734062 247.806335
888.353450 384.269313 131.016677 248.142239
890.084880 383.591735 130.774563 247.925970
891.978429 381.456378 131.589959 248.829648
892.291431 382.049752 132.241550 248.501763
892.859697 381.624247 132.105338 249.043907
893.013943 381.618568 132.496231 248.085324
894.923722 379.927300 131.925075 248.419913
894.667663 380.642916 132.400228 248.375416
895.549063 378.692241 132.019402 249.158865
895.654545 378.200148 133.058036 248.565586
896.991712 377.924405 132.550101 248.250048
897.676872 379.148951 131.700881 248.103179
899.052467 376.437241 131.403762 249.763954
899.244318 377.980584 131.720719 248.351569
899.333291 377.347611 132.302227 248.958780
899.936914 376.789712 132.573289 248.610271
900.549573 376.189753 132.570879 248.514136
901.397218 376.556644 132.661001 247.379017
902.441842 374.593185 133.142939 248.932903
902.571728 374.889817 133.136288 248.719359
903.684695 373.047528 133.833271 249.619648
904.124689 374.179067 133.189744 248.418068
904.291957 373.237575 134.735417 248.105652
905.618439 372.831792 134.422363 248.497014
905.889028 372.993647 134.761270 249.213363
906.714899 372.579443 134.244975 248.979185
907.618478 370.523077 134.917474 250.552579
909.618437 370.516994 134.123113 250.720409
910.739735 370.372885 132.640394 250.368199
911.204587 370.011687 133.353324 250.510784
912.496297 369.918924 132.917015 250.501632
913.341841 369.817334 133.071441 250.197132
913.537932 371.348597 133.363855 248.834044
914.171380 370.456860 133.959119 248.548256
914.789620 371.248295 133.641722 247.790393
916.116801 369.886866 134.223429 248.879665
916.572925 371.347878 134.368037 247.820294
917.015933 370.690775 135.091971 247.976398
917.414030 371.094590 135.394503 247.723132
919.153069 370.051777 135.217246 248.853976
918.757478 371.194944 136.150345 247.947815
920.290897 371.558013 135.592078 246.489503
921.391938 370.739918 136.462455 247.604126
922.078840 371.025922 135.670372 249.408191
923.739707 371.117905 135.157182 248.347803
924.877240 370.402842 135.083121 248.502912
925.566376 370.051777 135.146363 248.599653
927.032336 369.857219 135.260193 248.370839
927.234636 370.336052 136.560456 247.061529
928.318421 370.517898 136.866531 247.378989
929.294552 370.362854 137.262560 247.102983
930.766694 370.129786 137.210742 247.167070
931.766712 370.479282 137.634657 246.902064
932.190392 371.795654 136.751905 246.424735
933.841629 370.753306 137.039793 247.222450
934.488198 370.791069 137.729768 246.424376
935.250754 371.523952 137.799414 246.111127
936.329957 371.604488 137.636584 246.285057
937.488210 371.488524 137.311420 246.994085
938.294553 371.129791 137.012125 248.184666
939.962340 371.703951 136.945466 248.178157
941.021780 371.701855 136.542764 247.509423
941.515021 372.868517 136.551608 247.742795
943.704613 372.194719 135.685368 248.779576
943.595970 372.600402 136.153245 248.503165
944.650981 372.429800 135.766589 249.141314
945.540735 372.855782 135.943963 249.653721
945.968052 373.276446 137.499579 249.384559
946.792855 374.060990 137.856260 248.688934
948.058696 374.060990 136.954911 249.512099
948.968059 374.123702 136.616032 249.391672
949.241846 374.636737 137.823261 249.156039
950.551420 374.718617 136.572127 249.692890
951.380464 375.381986 136.553163 249.293196
952.682997 375.873086 136.382133 249.963263
953.620306 376.038088 135.596423 249.829259
953.903024 376.190946 136.741483 250.999401
954.365714 376.628539 136.506384 251.506364
955.652159 377.138442 136.049341 251.304381
956.430538 377.885901 136.172438 250.304956
957.682973 378.635859 136.301777 249.114058
957.667672 378.276441 137.646870 249.853848
959.271985 378.399043 136.331040 250.381275
959.308739 378.633137 136.814847 250.602609
960.044256 379.057204 136.907829 250.015920
960.308738 379.380050 137.294284 251.019675
962.223187 379.991499 136.470085 250.640892
960.490060 380.889465 138.713296 249.757210
963.484710 379.657802 136.881607 251.522108
961.633710 381.079363 138.936491 249.655349
963.699113 381.545118 137.413704 250.495366
962.393310 383.350452 139.147849 248.737970
964.715099 382.618376 137.301128 249.900201
963.151923 384.920185 139.852281 249.261792
967.250711 384.649451 135.454882 250.020143
965.177762 386.973168 138.100056 248.274620
967.515615 386.015237 135.735309 250.117996
965.164397 388.309569 139.259794 248.880783
968.538379 387.853444 135.984036 249.836507
966.502822 390.644972 138.602293 248.073519
967.653344 390.993829 137.280301 248.652846
967.172717 391.381978 137.773262 248.589163
968.888985 390.780095 137.030428 250.610669
967.139690 393.177607 139.481657 248.957289
970.484697 391.776261 136.292156 251.403647
969.151950 395.190202 138.640305 250.272733
969.119878 393.994966 139.163133 251.075996
969.533595 396.306343 138.444525 250.739517
970.037322 396.929014 138.003805 251.075969
970.774061 398.099471 137.293403 250.431427
970.477243 399.079373 138.144102 250.955474
971.199800 399.929012 137.599904 251.551271
971.204132 401.694179 138.507194 251.381819
970.954998 402.522794 138.942541 251.570067
972.193484 401.601303 138.450426 253.262520
971.931098 404.838464 138.677236 252.039358
972.354637 405.519098 138.697868 252.832061
972.850393 407.482750 138.895268 253.154502
974.079271 408.881065 137.609470 252.384614
974.348118 409.577675 137.468895 253.229494
975.323193 410.605016 136.841338 254.063318
974.728689 410.701280 138.162559 254.348628
975.247858 413.335023 137.386102 254.234806
975.014760 414.627404 137.604148 253.769552
975.666646 416.116119 137.192721 254.217221
975.585650 417.111162 137.514709 254.766651
975.835573 418.708912 137.371104 255.316398
975.823215 419.961970 137.398329 255.366207
975.332459 420.868316 138.371687 256.245739
975.402756 422.405639 138.581403 256.946750
975.474596 424.258020 138.362113 256.331228
975.402756 425.484274 138.742653 256.683197
975.885792 427.431500 138.273480 256.886459
975.059767 428.484274 138.776942 258.021051
975.450974 430.015110 138.633163 258.175582
974.882670 431.414011 139.289917 259.825700
974.607825 433.196414 139.664190 259.041074
974.607825 434.769628 139.664190 259.415492
974.441748 436.372049 139.830268 259.969129
974.846204 438.138448 139.274668 260.164116
974.358492 439.535448 139.263656 260.964267
974.751496 441.036958 138.793672 261.300495
973.762932 442.874448 139.870432 262.034002
973.827622 443.647277 138.989046 263.144899
972.914378 445.964666 139.739722 262.865265
972.074010 447.923639 140.003646 262.572343
971.073998 449.480890 139.679255 263.139467
969.051164 451.658171 140.378726 263.086616
966.525586 453.513904 140.751257 262.443415
962.974025 453.480248 141.879432 265.555029
960.453853 455.853943 142.337788 264.548404
957.243302 456.653439 142.801436 266.296453
954.504989 457.796514 141.902881 266.349531
950.970680 460.086759 142.755711 266.907031
948.003509 457.443429 143.126135 271.493370
946.109334 462.146916 142.293461 268.462108
942.733273 465.074044 142.586259 267.586387
939.059084 468.001971 143.191421 266.864924
936.055409 472.511124 143.986762 264.469332
933.198527 468.870741 145.075072 270.987653
930.867189 474.067946 144.861088 268.025898
927.506390 476.164898 145.550042 267.381282
926.494814 479.957064 145.555718 265.842604
925.440336 482.649927 145.184666 266.200091
924.616156 484.214478 144.674222 267.002685
924.658347 486.844530 143.632028 266.752110
923.992284 488.984396 144.373275 267.295032
924.086198 488.108364 143.538798 270.741649
924.779925 487.968305 143.675018 271.803236
922.136001 490.658223 145.924985 273.347914
923.756035 490.970410 143.516618 273.225162
923.429035 492.413146 144.087718 273.815206
923.898862 494.648062 143.342234 276.864225
923.724444 496.702685 143.521819 276.347670
923.131831 498.047218 144.114431 276.873044
923.054561 499.714751 144.285929 277.860033
922.184051 502.045466 145.574176 277.471483
921.510248 503.255598 146.174724 278.797501
922.123740 504.602672 145.320175 280.314086
921.510137 505.034547 146.519728 279.919289
921.697841 506.330655 146.262261 282.386524
921.855883 509.008241 146.862516 281.250491
921.140370 510.246952 147.646407 281.879158
920.818464 512.592386 147.552570 281.401132
920.839568 513.628118 147.118679 282.961561
920.144423 515.200894 147.639227 283.344893
919.645547 516.910103 148.591477 283.569572
919.647954 518.881490 148.761705 283.642986
919.475464 520.656653 149.106860 283.906990
919.123362 521.409494 149.634175 285.629870
917.881606 521.481387 151.046010 286.288093
918.110382 521.987877 150.925813 286.838553
917.627461 522.084936 152.172796 288.231445
917.502848 523.170630 152.052566 288.140744
917.143406 524.114800 152.233754 289.282620
916.697784 525.284312 153.030659 289.031573
917.368624 526.713013 152.484479 289.417608
916.837023 527.665759 153.299064 287.941286
916.606864 528.511244 153.121579 288.219956
916.788555 530.521194 152.226870 287.335101
916.459285 529.543473 151.976233 289.511649
916.240062 530.069671 152.309719 290.039877
916.693898 530.461518 151.849707 290.186642
916.156943 530.757853 152.923798 289.890307
916.480362 530.263621 152.292174 289.976617
915.886360 530.362600 152.300438 290.694083
915.840007 529.767648 152.289765 292.656182
915.405332 530.152087 153.428795 292.493731
914.961041 529.903064 153.505544 293.263412
915.060295 529.803331 153.578095 294.190249
914.887831 529.852679 154.465483 294.115955
915.168121 530.013821 154.176483 294.504377
914.350128 529.812886 155.540436 295.119987
913.911385 529.367523 156.143767 296.376068
914.573032 529.904141 155.096381 296.950444
913.922256 529.739388 155.940250 297.411594
913.622386 529.601017 155.815875 298.792641
913.542001 528.956513 156.252154 300.552116
913.520038 529.620484 156.836694 299.624657
913.427689 529.652371 157.298066 300.448876
912.696670 529.620484 157.647349 301.747124
913.235222 529.825407 156.865939 302.584912
913.326828 530.364053 157.330528 302.334839
913.189131 530.261400 158.054519 303.860495
913.400617 530.555405 157.629154 303.776969
913.431606 531.091782 158.012424 304.239144
912.321200 531.298248 159.854096 305.177198
912.981591 531.821073 158.375408 305.895107
912.967094 532.768785 158.779698 305.804085
912.068714 533.095904 159.889592 305.901823
912.811285 532.768785 159.091965 308.117587
912.495358 534.171029 159.789182 307.529956
912.118442 534.598792 159.978292 308.974572
912.393517 534.958613 159.836255 309.174583
912.671989 535.488249 159.180707 309.064472
912.135351 536.541327 160.320238 309.883768
912.169551 536.383719 160.817380 310.333296
912.092769 536.700850 161.065581 310.763753
912.092769 536.490111 162.018243 313.762767
911.918708 536.562164 162.511058 312.851812
911.643741 536.880949 163.391937 313.267263
911.374560 536.568576 161.925959 316.126097
912.516036 535.775205 161.578134 315.009039
911.180798 536.780476 162.309143 316.212204
911.561699 536.867800 161.645924 318.094877
911.486790 537.479246 162.081388 317.358673
911.486790 537.565771 162.465165 319.316451
911.808291 537.912073 161.906385 321.715143
911.566457 538.664769 162.486257 320.285366
911.546363 539.291325 161.952932 320.214272
911.640367 539.591652 162.243340 322.576044
912.053769 540.355342 162.555254 321.010653
911.714164 538.937139 163.338549 323.230557
911.588458 539.872348 163.971316 325.379638
911.749946 540.109951 164.121771 325.869647
911.593944 539.222547 164.862104 329.206243
911.973122 539.780821 164.764349 329.531017
911.878183 539.669150 164.663164 330.259876
911.817380 539.221629 165.111712 332.567532
912.081474 538.854933 165.545873 333.476669
911.853029 538.687228 165.933041 334.496901
912.070746 537.156968 166.079150 336.259302
911.738370 536.636481 166.348302 336.185006
912.026205 536.706918 166.456965 338.704598
911.433019 536.087427 167.350512 340.040639
911.679245 534.701324 167.436737 339.205542
912.463423 533.070863 165.703732 341.724803
912.079838 532.450054 166.049586 340.527898
911.556289 533.493893 167.593393 342.024099
912.766943 532.575440 167.046195 342.448935
913.149865 530.741320 166.308163 343.833860
912.770788 528.558316 166.791773 345.712145
912.460707 527.718218 167.780202 347.397247
912.752847 528.331018 167.339052 346.765873
911.327157 527.409842 169.158161 347.273533
912.410265 526.975745 168.392479 346.050958
912.327936 526.091767 168.469687 352.420447
912.382129 529.606910 168.880144 352.502175
912.395913 531.700929 168.676672 355.012187
912.274070 534.351059 168.738819 355.557454
911.896370 535.948402 169.369771 356.227992
911.745123 539.303664 169.398364 355.411743
911.121943 539.730229 170.016514 358.010299
911.248689 541.802902 170.471776 358.088061
911.453443 543.978496 169.783707 355.985355
911.368328 543.990371 169.739042 359.446550
911.086748 547.286585 170.214952 356.997215
911.001062 547.891298 170.557546 358.686275
911.291890 549.751679 170.106182 358.263935
911.248689 550.713819 170.763861 359.693025
911.130389 553.367578 171.996443 357.374053
911.300190 553.668045 171.163037 359.252041
911.549613 555.005218 171.565518 359.755807
911.143409 556.328613 172.948593 358.285870
911.143409 556.387896 172.356406 360.235329
911.020045 557.985357 172.916787 360.128229
910.817208 558.936397 173.901404 360.051078
911.484256 559.871832 172.799813 360.795974
911.650969 560.589971 173.250262 362.615936
911.327931 561.530372 173.392495 361.702815
911.491011 561.754048 173.166074 362.161613
911.534304 563.110141 173.394796 362.825153
911.536742 564.438009 173.577349 362.349704
911.536742 566.367316 174.073252 361.272824
911.282337 566.434588 173.571140 362.611988
911.580441 567.420649 173.911019 363.312381
911.791390 569.011117 174.081461 361.891133
911.745189 569.439107 174.064404 363.839949
911.420571 571.294933 174.216140 362.722329
911.164843 572.103246 174.111300 363.265511
911.626997 573.181536 173.827434 363.201498
911.791390 573.402709 173.881853 364.334893
911.629469 574.508018 173.610789 363.822065
911.374045 574.692287 174.100248 363.798311
911.629469 575.711737 173.808723 362.951826
911.582882 575.528273 174.792127 363.463961
912.048502 577.034198 174.669457 362.469449
911.955395 576.733267 174.320757 363.773333
912.420584 577.986231 173.524175 364.396624
910.331876 580.035231 175.041133 362.943903
912.495759 580.126318 172.640561 361.498510
912.897443 579.056049 172.585472 364.797566
912.626990 579.473855 173.727464 363.993949
912.629481 579.879314 174.206564 364.273866
912.210150 580.865218 175.407427 364.645502
911.675591 580.375309 174.987230 365.106792
912.095971 581.995335 175.165947 364.894521
911.885965 582.207160 174.876339 364.783238
911.467276 582.541546 175.112917 364.604599
912.095795 582.790052 174.785500 365.033059
912.305648 583.904032 174.257984 364.258220
912.001764 583.583830 175.034262 364.887530
912.095971 584.485631 175.266383 364.849696
912.095971 584.485631 175.065657 365.871622
910.878366 584.129097 176.647153 366.558137
911.186307 586.332152 176.062130 364.561420
910.883229 584.916736 176.464673 366.750983
911.660169 587.648845 175.470521 363.395907
910.147594 584.824373 176.552059 367.483456
910.657978 586.702321 176.154824 365.726260
910.771344 588.066355 176.119532 364.299619
910.883229 586.250187 175.859806 367.435809
910.397852 587.365007 176.252134 367.416794
910.235177 587.613194 176.175334 366.987044
910.186307 587.689472 176.262499 367.397866
910.027900 589.362253 176.405541 366.430265
910.190197 588.519694 175.878413 367.564749
910.027900 589.814558 175.701461 366.123935
909.719757 588.421661 176.186083 368.634960
909.653801 590.558489 175.639718 365.380004
909.090086 589.127902 176.234334 367.564119
909.027899 591.010679 176.608310 365.755652
909.560526 591.296853 175.028706 365.589549
909.094036 590.335186 175.648980 367.181700
908.979217 591.915673 176.190150 366.677385
909.190199 592.368485 175.677418 366.710076
908.979217 591.831183 176.190150 366.707308
908.556259 592.244970 176.111174 365.979034
908.560532 592.079239 176.229141 366.800494
908.397852 593.599014 176.151507 365.822000
906.569895 594.195930 177.658735 366.907479
906.865538 591.861318 177.650696 368.079781
907.915058 593.392783 176.743197 366.292700
907.549826 591.102138 176.898980 368.669059
907.703240 592.694362 176.249597 366.337111
907.979219 591.831183 176.291052 367.732355
906.958905 591.337677 177.052051 367.298950
907.023244 592.644772 176.890595 366.529197
907.397852 591.662536 176.555195 367.796418
907.235180 591.967159 176.577624 366.669468
907.609029 591.749919 175.839777 366.986481
907.609029 592.615258 175.639408 366.292186
907.771324 592.203194 175.515043 366.505844
907.771324 592.697989 175.115635 365.499552
907.304622 592.408912 175.639324 365.932795
907.141930 593.068170 175.763906 365.299773
907.090086 591.787857 175.239350 366.553850
906.930971 592.944874 175.176714 364.741975
906.675560 591.868434 175.586327 365.260844
906.723279 592.203194 175.701635 365.143730
906.512514 592.036535 175.611486 365.625323
906.512514 591.707008 175.411857 365.639917
906.301493 592.203194 175.722620 364.804172
906.304613 591.414163 176.144763 365.400061
906.562757 590.880216 175.949043 365.981601
906.137976 591.501826 175.550316 365.529935
906.143723 591.458365 175.989355 365.040507
906.301493 590.585404 175.722620 366.761520
906.611247 591.172788 175.356836 366.054196
906.562757 590.755638 174.644073 365.936383
906.094044 590.585404 175.448729 365.574862
906.143723 590.506187 175.482639 365.846534
906.352496 590.880216 175.352691 366.151544
906.141905 591.129153 175.463303 365.902607
906.141905 591.004722 175.363469 366.027039
906.562757 591.253475 175.042450 365.608342
905.883218 591.333934 175.659555 365.334315
905.933657 591.333934 175.894833 365.673433
906.352496 591.625927 175.553314 365.066094
906.304613 591.333934 175.639324 365.503837
906.090104 591.084778 175.536001 365.752993
906.352496 591.004722 175.754600 365.348000
906.301493 590.880216 175.523211 365.472505
906.304613 590.880216 175.840971 365.981601
905.930945 589.881021 176.479403 367.150740
905.816526 590.267108 177.125164 365.647157
906.397852 589.848693 176.352982 366.551800
906.397852 590.098035 176.151507 366.472656
906.609029 589.973419 175.839777 366.597272
906.981785 590.843928 175.606059 365.556565
906.933675 590.006223 175.491238 366.685798
907.191983 590.675758 175.597701 365.870504
907.562783 590.131315 175.142431 367.070463
907.349382 590.177332 174.943618 366.538927
907.562783 589.881021 175.242705 367.320757
907.611245 590.426710 175.256376 366.629910
907.349382 589.802567 175.338903 367.254053
907.190203 589.973419 175.979168 366.767617
907.190203 590.098035 175.777878 366.813420
907.611245 589.927586 175.457370 366.958816
907.560537 590.177332 175.227011 366.199006
907.562783 589.927586 175.544339 367.129034
907.190203 589.848693 175.878413 367.062762
907.400853 589.599020 175.667763 366.971671
907.611245 589.723893 175.659028 366.676600
907.771324 590.098035 175.215192 366.132334
907.933657 589.802567 175.090437 366.743695
907.560537 589.927586 175.625757 366.958816
907.611245 589.973419 175.659028 366.938036
907.821306 590.222577 175.651363 366.518459
908.191977 590.302058 175.496671 366.584345
908.191977 590.426710 175.395861 366.970639
908.190201 590.302058 175.277640 366.924927
908.191977 589.927586 175.597701 367.129034
908.190201 590.595652 175.477234 366.145384
907.719743 590.506187 175.885479 366.695590
907.979219 590.800153 175.788234 366.256467
908.611378 590.800153 175.279478 366.256467
908.562772 590.880216 175.242705 366.151544
908.562772 591.129153 175.142431 365.902607
908.090104 590.585404 175.338062 366.421962
908.772775 591.377724 174.832447 365.484094
908.304595 591.707008 175.138364 365.130763
908.514797 591.039701 175.128047 365.774523
908.724668 590.960054 174.818087 365.708195
908.514797 590.585404 175.128047 366.252366
908.562772 590.880216 174.842857 366.151544
908.724668 590.710348 174.818087 366.466760
908.562772 591.129153 174.743392 366.412950
908.353532 591.333934 174.870632 365.503837
908.514797 591.209392 174.629658 365.628378
908.724125 591.458365 174.437471 365.379406
907.835866 591.039701 175.245987 365.774523
908.353532 591.831183 175.071364 365.176184
907.883200 591.039701 175.162120 365.605347
908.143723 591.831183 174.980259 365.006588
907.885932 591.538813 175.175594 365.444733
907.934309 591.955284 175.312327 365.052082
908.095939 591.538813 174.965587 365.614128
908.304595 591.955284 174.444350 364.543588
908.048680 591.619027 174.551601 365.510250
908.095939 592.284884 174.865591 365.207214
908.305616 592.160746 174.556212 365.331351
907.885932 592.117548 175.175594 365.180924
908.305616 592.408912 174.655914 364.913571
908.046667 591.743785 174.837138 365.385492
908.305616 592.284884 174.655914 364.868058
907.835866 591.993045 175.146890 364.798135
908.095939 592.780483 174.965587 364.541999
907.835866 592.738743 175.047939 364.221413
908.676615 592.862734 174.723688 364.435738
907.835866 592.820575 175.644354 363.947986
907.835866 592.862734 175.744331 364.097422
908.305616 592.738743 175.359116 364.559728
908.046667 592.490543 175.333650 364.977269
908.305616 593.027807 175.460286 364.125134
908.046667 592.490543 175.234039 364.807929
908.515036 592.656675 175.048746 364.326871
907.835866 592.241977 175.744331 364.887300
907.883200 591.414163 175.659555 366.247695
907.981779 591.749919 175.807899 365.962495
908.141919 592.203194 174.768000 365.653763
908.095939 591.414163 175.266383 366.247695
908.562772 591.831183 174.445951 365.855666
907.675559 591.538813 175.486037 366.123045
907.562783 591.831183 175.847591 365.855666
907.560537 592.203194 175.826198 365.483654
907.723260 591.582723 175.601159 366.104126
907.771324 591.831183 175.715852 365.855666
908.141919 592.079239 174.866804 364.589009
908.258297 590.868579 174.740567 366.429893
907.933657 591.955284 174.990696 365.052082
907.675559 591.164608 175.285971 365.988334
908.143723 591.129153 174.680963 365.732664
907.464928 590.835256 175.197860 366.511669
907.352522 591.004722 175.452966 366.367219
907.141930 591.625927 175.965191 365.405833
907.141930 590.710348 176.066128 366.636576
907.400853 590.800153 175.667763 366.086250
907.562783 590.506187 175.544339 366.695590
907.981779 590.551289 175.004737 366.505331
907.512496 590.630949 175.113590 366.400812
907.352522 591.004722 175.653884 366.027039
907.562783 591.253475 175.343054 366.118465
907.772786 590.506187 175.334336 366.185834
907.723260 590.506187 174.902826 366.355630
907.723260 590.256370 174.902826 366.605448
907.772786 590.630949 174.533388 366.061072
907.514824 590.084639 174.928163 366.414233
907.982458 590.506187 174.224398 366.355630
907.724695 589.833688 174.718291 367.004083
907.562783 590.551289 174.544902 366.335114
907.094053 589.881021 175.050429 366.980797
907.191983 591.048650 174.794539 365.497611
906.885933 590.209986 175.175594 366.119510
906.723279 590.256370 175.300834 366.096351
906.723279 590.256370 175.201093 365.588062
906.723279 590.630949 175.002052 365.382766
906.724686 590.209986 175.420898 366.288886
906.771330 591.420771 175.016224 365.125490
906.253932 590.835256 175.508340 366.002515
906.352496 591.253475 175.452966 364.929670
906.514814 591.458365 175.529872 364.701902
906.253932 591.458365 175.707599 365.040507
906.094044 592.203194 175.749363 363.281180
906.048662 591.663390 175.452385 364.474571
905.885934 591.663390 175.577046 364.474571
905.885934 592.203194 176.184507 363.449970
906.677118 592.408912 174.803128 363.560166
906.839405 592.862734 175.382918 363.759472
907.048671 591.868434 175.251007 364.753772
907.305617 593.274692 175.056706 363.370356
906.788998 592.571939 175.628408 364.365397
907.724126 593.644435 175.448218 363.000614
907.160312 592.696294 175.476397 362.893911
907.839399 593.481298 175.382918 362.466176
907.371146 593.316752 175.166230 363.283180
908.048491 593.564330 174.769980 363.373006
906.949184 593.275023 175.489006 363.471438
907.885307 593.687991 175.020703 363.587040
907.629977 592.696294 174.687638 365.086084
907.677105 594.097670 174.404761 363.878675
907.420189 593.399157 174.006843 364.190394
907.838133 594.388911 173.106635 363.538591
907.580422 595.543770 173.511448 362.000205
907.949317 596.821393 172.979784 360.343846
908.024854 594.763886 173.394201 362.694855
908.161178 595.628787 174.049731 362.397454
908.372386 594.887512 173.918928 363.475474
907.955396 594.060542 175.318797 364.832675
908.305616 594.428059 175.764823 365.222228
908.090104 594.973009 176.234334 363.201231
908.467280 593.647133 176.020916 366.486489
907.926183 593.946015 174.876682 365.628321
908.769499 593.687991 174.781444 366.986113
908.562772 593.519829 174.743392 366.705400
908.562772 593.519829 174.743392 366.366548
908.772157 594.220674 174.152196 366.654194
907.449065 595.471691 174.573408 365.913496
907.514824 595.875820 175.731813 365.791122
907.352522 595.424307 175.653884 366.101737
907.562783 594.973009 175.746360 366.922424
907.190203 594.646752 175.277640 367.790867
906.397852 594.021566 176.050953 367.904099
905.811013 593.445081 176.900943 368.340516
906.284378 594.043313 176.388596 367.633323
906.446710 593.745342 176.164506 368.756146
906.284378 593.745342 176.995329 368.071160
906.496001 594.664491 176.378525 366.841009
906.609029 593.570444 176.040957 368.044422
906.235144 593.370136 176.577624 368.446366
906.284378 594.043313 176.590149 367.633323
906.446710 593.244883 177.076996 368.058967
906.703255 593.918834 176.651592 367.757802
907.498973 593.495279 176.199065 368.150291
907.868956 593.620347 175.843035 367.342226
908.240715 593.820911 175.409271 367.112209
908.611243 593.695732 175.156210 366.897103
908.560532 593.394211 175.127748 367.000665
908.560532 593.194100 175.127748 366.719344
908.982447 593.068480 174.224398 366.336450
908.724668 594.343568 174.618643 364.822839
908.677092 593.275023 174.504151 365.499068
908.467280 593.687991 174.416525 365.281722
908.467280 593.068846 174.022409 365.730924
908.305616 593.564330 173.862841 365.065644
908.048680 593.647133 173.958889 364.787987
908.257328 593.894744 173.861144 364.201914
908.001751 593.977758 173.844831 363.757356
908.418861 594.349135 173.240539 363.217388
908.580445 594.803756 173.213627 362.572045
908.534277 594.887512 173.295562 362.970538
907.909440 594.763640 173.810991 363.094411
908.622433 595.420695 173.150542 362.459990
908.534277 595.713565 172.998808 362.122328
907.863954 595.095049 173.891275 362.573072
908.372386 595.666845 173.620087 361.877130
908.741947 595.590021 172.594127 362.581780
907.270507 596.575830 173.160099 362.943666
907.161179 595.426676 173.949094 363.058589
908.622433 595.382059 172.752712 363.655507
908.372386 594.639731 172.830710 364.397835
908.415165 595.297474 172.860979 363.595742
908.580445 594.763640 172.622652 364.273926
907.408297 596.857307 173.389105 363.534213
908.409413 595.590021 173.484370 363.591898
906.710072 596.244119 174.253820 363.977903
907.876470 595.628787 173.662648 362.734199
907.408297 597.101929 173.389105 363.289592
907.995556 595.921709 173.596180 363.910438
908.626980 595.628787 172.933837 363.746759
908.580445 596.121191 173.015882 363.254355
908.580445 595.836999 172.917338 363.851430
908.995578 595.836999 172.600749 363.851430
908.995578 595.960361 172.996895 362.379575
908.282357 595.095049 173.768331 362.908762
909.409436 595.543770 173.484370 362.505452
908.068587 594.763640 174.358451 363.262601
909.249402 595.335709 173.506018 363.074867
907.907325 594.267422 174.688989 364.264118
908.885317 594.018441 174.615749 364.755650
908.467280 593.399157 174.713963 365.884011
908.514797 593.481298 174.629658 366.026055
908.934282 593.728110 174.409029 366.120483
908.724668 592.944747 174.320652 366.705540
909.143566 593.357746 174.299393 366.832597
907.355718 594.834378 174.623889 367.414290
907.401849 594.347683 175.997552 366.189102
908.820582 593.142608 174.365713 366.913122
908.352511 592.862734 174.262029 367.498485
908.611378 593.519829 174.176170 366.197195
907.234049 594.721407 175.250903 365.261830
908.352547 593.845844 174.290324 366.183045
907.885932 592.571939 174.578625 367.419182
907.007779 596.225204 174.962690 364.243564
907.885307 594.950907 174.414370 365.000230
906.409952 595.581424 175.703431 366.572192
906.771330 594.848127 175.515043 365.180762
906.933675 594.723135 175.591861 365.644204
906.933675 594.973009 175.390762 365.733222
906.723279 595.097817 175.601159 365.438968
906.933675 595.347140 175.390762 365.698422
906.723279 594.924457 175.601159 365.923437
906.512514 596.093052 176.013022 365.122249
907.143741 596.543790 175.281172 364.643033
907.095940 597.198045 175.065657 364.271350
906.838688 597.028488 174.563281 365.258630
906.467307 597.198045 175.414019 365.287912
906.724686 597.817193 174.519068 364.838485
905.413337 597.649528 175.174669 365.485396
905.514805 598.434145 174.530523 366.266507
905.094034 598.761876 174.164387 366.076185
904.253934 598.843241 174.717908 366.815438
903.296249 599.068869 174.248529 365.998583
902.042609 598.719758 175.323057 367.966634
901.609028 598.870447 174.451433 366.399462
901.304602 599.642761 173.661555 365.054341
900.210155 599.746568 173.728175 366.868441
899.514821 600.341504 173.743616 364.662311
897.949180 600.198548 174.701509 367.065011
897.562784 599.089512 174.347148 367.778196
896.981769 598.765668 174.607464 368.818918
896.609028 599.618966 174.255859 368.897017
896.030459 600.764094 173.542432 367.332971
896.977493 600.915245 171.988680 367.278767
897.137079 601.190480 171.476009 368.464157
897.137079 602.559277 171.766630 367.437012
897.509479 602.962081 172.008922 367.298356
897.301729 603.210289 172.119351 366.539010
897.089423 603.412016 173.128479 367.321384
897.971927 604.186221 173.793988 365.684581
898.513261 603.581910 172.976428 368.217477
899.806313 605.806745 174.152821 365.080857
901.130778 605.901895 173.775231 364.872146
901.881871 605.901895 173.836087 365.717618
903.964372 606.773178 173.320886 365.694293
906.773844 607.467977 171.425363 365.978609
908.064647 607.442816 171.310516 366.220461
910.913989 606.943350 170.540432 367.908121
913.336503 607.493227 170.399843 367.742169
915.539470 608.809250 170.496544 366.212420
919.077989 608.837039 169.815809 366.948800
922.479415 609.457025 169.212843 366.158808
925.231126 609.361330 168.996845 367.187235
929.845107 610.477035 168.381325 365.562104
932.936530 610.879592 167.076190 365.412785
936.851953 610.162966 167.204302 366.889625
942.123041 610.507826 165.659411 365.953874
946.211432 610.363683 164.869570 366.308585
948.015637 608.732363 166.779512 368.277382
951.994169 610.182815 166.452871 368.364859
954.381753 610.010873 167.782622 368.831170
956.654533 607.286024 166.138947 368.477343
956.754793 610.353426 167.196871 367.387204
956.741263 610.259548 166.432766 367.900436
954.571839 609.587894 166.491645 371.087530
952.763527 610.771747 165.732805 368.074204
950.958096 609.412530 165.310704 371.384314
950.241108 609.705973 164.428955 367.234342
948.901212 609.110145 163.687649 371.295387
947.162612 608.311076 163.464251 368.880592
946.643264 611.081079 161.880860 367.373469
945.131083 609.783786 161.864103 369.246641
943.195459 608.805571 162.438723 369.851830
942.467278 609.537807 162.242812 368.361709
939.965950 609.812844 162.231980 368.675127
937.993768 609.057956 161.864068 369.091514
935.589531 609.183968 162.182836 368.796287
933.589538 609.183968 162.182836 368.796287
931.184076 610.564534 162.673781 367.077723
929.123971 609.509816 162.525020 368.595580
925.993655 610.189121 163.782547 367.453137
923.980771 610.314342 162.791580 367.835128
920.440948 610.765559 163.041179 369.713762
919.889949 609.687227 161.266018 369.818835
916.573434 609.635782 162.352310 367.626374
914.949092 608.552935 161.165574 366.064735
913.243305 606.404450 160.507868 368.280823
910.685036 604.480956 160.539799 369.271498
909.353863 602.477779 159.257409 368.360653
906.665069 600.779944 160.153724 369.183913
904.931159 599.151670 158.280209 368.556098
902.817764 597.548198 158.936974 368.276864
899.821558 595.102151 159.348710 369.772242
898.104841 593.001497 158.442833 368.124334
895.199900 590.315608 158.820271 370.148292
893.284681 590.623567 158.357129 366.240922
891.901685 587.613402 157.071891 368.075637
889.324591 585.046479 158.050379 367.899121
888.142069 583.297601 157.307751 367.693791
887.307915 579.557209 157.234425 368.354774
885.535493 578.179387 156.257118 367.926388
883.478820 575.679751 156.109781 367.024775
881.239173 573.008027 156.365540 366.999580
879.449073 571.957651 156.214821 364.880103
878.137348 569.364460 155.257466 364.299907
876.257673 565.686194 155.310203 364.663966
874.681085 562.493877 154.648751 365.988332
872.681078 560.504537 154.408172 365.143990
872.761990 557.849980 152.502824 366.346770
874.224058 556.752713 150.934010 364.915095
873.353543 553.312836 151.302776 367.150230
875.114929 552.128348 149.977734 365.240616
874.868791 550.105466 151.190888 365.733451
874.394599 550.268945 151.327497 365.637676
874.951756 549.520339 151.819129 366.553144
875.806008 549.404919 151.286639 366.478409
876.190919 549.779025 151.328021 366.271498
877.326429 550.268945 150.782748 366.138612
878.458255 551.504247 150.077036 365.260118
880.157807 551.117185 148.579244 366.026371
881.668932 549.853792 147.841047 366.814311
883.219203 550.992352 147.694769 365.818083
883.239919 549.967917 147.853656 366.724735
886.783622 550.492218 146.292271 366.484708
887.524214 551.224016 147.200053 363.617889
888.688812 549.228431 146.838535 365.502666
891.519637 549.491726 145.932041 364.825373
894.763594 548.733029 143.922259 365.970269
896.006603 548.482096 145.011167 366.386717
898.406107 548.363314 145.486374 366.478591
900.548448 548.119105 145.362872 366.197994
903.195029 547.993830 145.190022 366.821459
905.626454 547.993830 144.524526 366.655349
907.837172 548.112399 144.660532 366.066534
909.975017 548.363314 143.508095 365.981188
911.396587 548.638226 144.333600 363.089214
912.596522 548.144230 144.297514 362.792379
913.527492 548.268409 144.339122 362.339776
915.601638 547.521957 142.875184 363.250337
915.737908 547.692591 143.857554 362.972911
916.707237 546.897522 142.244631 364.039086
916.376866 546.452367 143.911662 364.014822
917.386827 546.401280 142.407617 363.810670
916.767141 545.460885 141.791844 364.346272
915.947928 545.084395 141.538689 364.854037
915.918015 544.337358 140.278312 365.270775
914.879285 544.462092 140.250489 364.651481
913.300321 543.963467 140.269982 364.200134
912.770618 542.917001 140.438009 362.956244
909.809187 541.048353 140.864202 363.678675
909.020688 540.161955 140.541533 364.278924
908.270137 540.158038 140.149613 364.242929
907.591389 540.161955 139.550720 364.443175
906.591400 540.661159 138.993606 363.123741
905.695404 540.016904 138.687033 361.625947
904.408030 539.520800 138.964526 362.122052
902.837180 538.392028 139.104056 362.716208
901.874178 538.134920 139.345023 362.438373
900.157409 538.002315 139.501882 361.872528
898.908217 536.857441 139.883261 360.976564
897.332729 536.472807 140.039801 361.639444
896.087384 534.477692 140.130482 362.769265
894.405916 534.455161 140.170945 361.877088
893.157430 534.083098 140.344801 362.249151
891.225583 532.703931 140.916820 362.925251
890.052084 531.938178 140.869269 362.610581
888.834358 530.536283 141.379350 361.440593
887.653824 530.397822 141.272159 361.526046
886.472983 529.655507 140.954507 361.777882
885.405922 529.270234 141.022337 361.782630
885.124520 529.022193 139.663454 360.726098
883.692305 527.304625 139.680245 361.528240
882.658476 526.016054 139.282741 362.156041
882.863670 525.131350 137.436234 362.004430
880.764399 524.530305 138.832429 360.356682
879.942675 523.892579 138.376382 360.607781
878.764406 523.521540 138.693322 360.329071
878.120650 521.514756 137.991427 360.976104
877.752533 520.400919 137.275751 360.875835
876.616803 519.636805 137.085381 360.600226
875.716351 519.038960 137.244321 358.127969
874.863933 518.425062 137.115261 359.065321
873.898893 516.795538 136.532067 359.493080
873.074974 516.182983 136.765605 357.635703
872.180936 514.586850 135.709217 360.202229
872.042714 513.050029 135.229647 359.975087
871.264270 512.357599 135.645987 357.645862
870.276227 510.880659 135.113549 359.929019
870.303094 508.716699 134.196071 359.360198
868.671760 508.995978 135.487568 357.611366
867.671753 507.243251 135.083342 359.444977
868.043287 504.955493 134.024234 358.992503
866.241918 504.622732 135.012635 357.869375
865.937405 503.236532 134.384283 358.687666
865.194304 501.969240 134.627827 356.819726
864.645741 500.449788 134.107072 358.749648
863.590188 499.267749 134.330544 356.384946
863.387730 497.962032 133.596402 357.547468
863.677764 495.711974 132.873947 357.139115
863.553510 494.786517 134.139582 356.815867
864.530405 493.598124 133.871175 356.529733
865.325914 492.206975 134.147396 355.427034
866.908222 490.182792 133.490992 357.011229
868.677794 488.007132 133.007355 355.791075
870.209709 486.238942 133.334514 356.652659
871.739818 485.606942 132.953271 354.257719
873.407002 483.573122 132.928990 355.134890
875.110834 481.760421 132.294564 355.457035
878.167746 479.588695 132.029472 357.125368
880.478953 476.543407 131.995720 358.991439
884.367445 475.489610 130.386668 358.324810
887.259426 473.962258 130.785916 360.021704
892.070271 474.287048 130.554991 361.250997
896.753058 473.299799 130.162175 361.266039
902.909233 473.130869 130.164881 362.302294
909.387865 473.501089 130.175509 361.769519
916.421339 473.624352 129.876322 360.187581
922.871187 473.734849 129.071673 360.519076
930.556817 473.734849 128.454327 361.006274
937.245765 474.398876 128.688496 360.773238
945.944400 474.874158 128.156728 358.940263
953.657963 475.239115 127.409213 360.631982
959.299037 476.390987 127.264302 359.748388
965.418023 477.055014 125.844099 359.029230
971.275340 478.318942 126.298749 358.410203
975.493482 477.887099 126.004326 357.826969
979.773474 478.862220 125.862856 357.974911
983.738705 479.527194 125.503300 356.297248
986.279240 480.371864 125.714798 353.927199
987.849082 481.366997 125.129158 353.397102
988.413645 481.793157 124.914341 353.879403
987.870752 482.818369 125.588680 352.967451
987.600472 483.961258 125.416853 352.732108
987.437093 485.101684 124.665061 351.863229
987.351679 485.956911 124.096101 352.503435
987.351679 487.026980 124.341140 352.515881
987.027487 487.865976 123.576673 351.676885
986.159416 487.877894 123.315688 351.103308
985.291368 487.025633 123.955653 349.955270
984.857375 485.517893 122.806076 351.189344
983.857370 484.125315 123.102247 351.368487
983.935908 482.543783 122.827526 352.714136
983.482947 481.325735 123.230555 351.815172
983.370622 480.234118 121.375173 351.936317
982.471584 479.166606 121.249671 351.983558
982.270266 477.168370 121.619298 352.290789
981.501225 475.753747 121.927190 353.337248
980.644322 474.892426 122.949792 353.009708
980.240087 473.911032 122.562691 355.647202
979.413648 473.117946 123.210484 355.051132
978.654815 471.409054 123.051479 355.250785
978.624238 470.248588 121.848486 357.242889
977.686115 469.697839 122.855712 353.717427
976.865054 468.439443 121.889820 356.047769
976.624264 466.298848 121.674406 356.796544
976.701496 464.640058 121.102810 356.338909
975.544195 463.515786 121.167537 355.548466
975.318090 461.981331 121.290175 355.534058
974.753424 461.460462 120.340066 354.054671
974.459485 460.662965 120.677538 353.898086
973.895250 458.896129 120.980334 351.447065
972.876693 458.202539 121.052661 352.498580
972.705724 456.317678 120.983579 350.954087
971.442356 455.268182 121.324055 351.432113
971.746475 453.424452 120.378798 350.644044
970.733416 452.699796 120.392921 350.641868
970.370144 450.696313 120.673369 349.382556
969.385096 450.167393 120.334338 349.055751
969.222526 448.496334 119.440350 348.703972
968.601002 447.789539 119.202487 348.558129
968.230714 446.507308 119.197545 347.207883
967.766930 445.571422 119.546735 347.151414
966.664196 443.361757 119.281897 346.730508
966.331363 443.151634 119.243740 345.397371
965.990679 441.451871 118.940402 344.657222
964.584684 439.637993 119.711726 344.179784
964.589136 438.783707 118.959902 343.871523
964.094096 437.207504 118.980240 343.468982
963.346138 436.439044 118.822584 342.313178
962.886125 434.511886 118.874413 342.111281
962.042541 432.749261 118.661169 342.784348
961.477051 432.341313 118.733866 341.585008
961.075202 430.889174 118.235090 340.912049
959.992634 429.384649 118.853210 341.104773
959.451739 428.286680 118.349153 340.434259
959.148603 427.115090 117.682649 339.702663
958.926813 425.256345 116.884660 341.456246
957.558447 425.038148 117.931756 338.193330
957.131594 423.438655 116.444636 339.457835
956.620154 422.204250 116.274503 340.295511
956.208905 421.633122 116.193760 339.648265
955.005685 420.892760 116.335077 338.715914
954.289588 420.281948 116.034391 338.693024
953.749007 419.386681 115.795584 338.150375
952.496106 418.541119 116.373805 337.309845
952.289920 417.424699 115.563669 337.576112
951.702023 416.916842 115.976232 336.412394
951.114323 415.907502 116.111588 336.288463
950.501774 414.557859 115.895995 336.787167
950.114281 413.218858 115.392606 337.110382
950.478503 413.529923 114.803390 336.910411
949.526639 412.712385 115.471471 336.842068
949.266818 411.907505 115.130929 336.735818
949.287275 411.986189 114.656209 335.568266
948.677545 411.356198 115.124783 335.287415
948.374051 410.668335 115.042844 334.768555
948.242230 410.504733 115.667725 335.048199
947.198639 410.245239 116.558563 335.383667
948.327863 410.101529 114.343420 336.951259
947.548374 408.586370 115.326539 337.879216
947.461957 409.271812 114.772916 337.694979
946.874589 409.140214 115.407303 337.400144
947.025911 409.032903 114.645392 337.044476
946.700047 409.558019 115.341631 335.757985
946.851552 408.632976 115.134461 336.234896
946.548358 408.442655 115.549107 336.022929
946.851552 407.864710 115.190126 336.600874
947.002783 407.524103 114.596202 336.179796
946.415833 406.893762 115.117432 336.197287
946.264496 407.014709 114.991119 335.763611
945.961151 406.552704 115.349792 336.076202
946.605398 406.442653 114.380660 336.472038
945.961151 405.973450 115.184143 335.314819
945.980059 406.392087 114.491580 335.147069
945.544408 406.159374 114.804879 335.095396
945.695133 405.813285 114.709755 335.590565
945.393409 405.471607 114.789654 335.470195
945.130971 405.009476 114.505572 335.485192
945.445204 404.928721 114.351760 336.072062
944.828910 405.277289 114.918044 335.860445
945.168793 404.783875 114.644653 336.293457
944.851581 404.321228 114.257079 336.756104
945.168793 404.321228 114.476257 336.457092
945.018677 404.668335 114.181732 335.811279
944.995861 405.044094 114.187181 335.956689
945.145886 404.697762 113.926868 335.706090
945.295666 404.616706 113.998120 335.845412
945.145886 404.501401 113.926868 335.960717
945.145886 404.731950 114.314673 335.431732
945.295666 404.731950 114.220736 335.282636
945.859098 404.154970 113.485300 335.859616
945.559628 404.074257 113.839518 334.806308
944.935990 403.877658 114.281057 333.278316
943.592393 402.793972 114.897929 334.915787
943.845572 402.619708 113.844290 335.530519
943.559633 402.616711 113.730144 335.397880
943.409533 402.386010 113.662652 335.181657
942.973454 402.419819 114.136858 335.354205
942.845611 402.154975 114.227161 335.115169
942.672922 402.421680 114.053249 334.891159
942.371418 401.843485 114.191636 335.185831
942.259222 401.731950 113.597016 335.431732
941.973422 401.962164 113.752717 335.948338
941.845590 401.582173 113.305669 336.269284
941.859108 401.847102 112.943389 335.764416
941.687162 401.416683 113.584557 335.818322
941.559638 401.501401 113.028826 335.513184
941.123383 401.992705 113.766813 335.093235
941.273072 401.647322 113.398592 336.035305
941.157607 402.192074 113.296390 336.017715
941.603618 401.692083 112.577157 336.322508
941.123383 401.033488 113.439667 335.995828
941.157607 401.962164 112.860446 336.097981
940.823306 401.265297 113.631434 335.764019
941.157607 401.847102 112.591239 335.764416
940.836679 401.762521 113.108802 335.472485
940.836679 402.337389 113.599457 335.494547
940.709497 402.074261 113.254538 335.103802
940.086707 402.107691 113.697024 334.978249
937.388210 402.222585 114.694629 334.863354
934.202304 402.192074 114.880576 335.270044
934.732220 402.619708 113.304155 335.530519
934.387397 402.416679 113.612233 335.371489
934.571738 403.108776 113.927652 334.814480
934.687137 402.647318 113.312493 335.438617
934.537373 402.877654 113.516427 335.059337
934.836658 403.107687 113.380410 334.531719
934.198841 403.139624 114.618562 334.556045
935.008434 403.077170 113.281304 335.235674
934.537373 403.107687 114.064135 334.829304
934.220256 403.074263 114.451396 334.360674
934.537373 403.337821 114.453460 334.884084
934.859064 403.306928 113.704838 335.155195
934.522247 402.612467 114.422807 334.674149
934.522247 403.108776 114.809744 334.367145
934.672908 403.077170 114.437390 334.639411
934.672908 403.421685 114.327106 334.294896
934.522247 402.877654 114.643346 334.612989
935.157561 402.731955 113.077612 335.431732
934.836658 402.416679 113.654477 335.520312
934.859064 402.534842 113.649817 335.537647
931.666998 402.501406 114.365430 335.215174
929.100055 402.734594 112.639618 335.266187
923.188079 403.139624 114.175353 333.366797
919.384534 402.827097 114.224375 334.478010
916.646711 403.452237 115.816114 333.131141
917.559637 403.452237 115.069395 334.321786
917.504007 403.192079 115.225699 334.673415
917.544363 403.277289 114.916171 336.160341
917.717712 403.442658 114.262817 335.574492
917.544363 403.619706 114.804879 336.129216
917.717712 403.437012 114.593231 336.042603
918.018677 403.817350 114.181732 336.170645
917.980095 403.932456 114.491580 334.860219
917.957835 403.962167 114.277378 335.201518
918.409534 403.847105 113.771235 335.764416
918.409534 403.731952 113.716944 335.431732
918.123372 403.616708 114.097575 335.845412
918.145862 403.350754 114.764046 335.755053
918.281637 403.702183 114.354922 334.643664
918.559634 403.419820 114.170072 335.056103
918.859104 403.304705 113.649817 335.022289
918.836662 402.958935 113.820143 335.665978
918.409534 403.306928 114.766518 335.753223
918.432074 402.662086 114.873112 335.386243
918.881919 402.817353 113.865052 335.572375
918.409534 402.501406 114.766518 335.960717
918.566895 402.702187 114.633514 334.941427
918.995859 402.849419 114.076893 335.151362
919.123344 402.270553 114.042220 335.297113
919.409532 402.650982 113.934870 334.960537
918.973412 402.189528 114.694204 335.286394
918.995859 401.582173 114.464697 335.077309
919.709488 402.078827 113.580287 335.071402
919.687144 401.070147 113.639273 336.164858
919.709488 401.274565 113.416987 335.576893
919.123344 401.189526 114.208619 335.435384
919.145883 400.697761 114.538537 335.855171
919.281619 401.047473 114.520722 335.192825
919.259219 400.386008 114.249700 335.777677
918.995859 400.849414 114.632443 335.300808
918.845591 400.125133 114.782711 335.220717
918.995859 399.928714 114.576447 335.475131
919.295664 399.582169 114.388756 335.672596
919.432055 399.356194 114.149433 335.585605
919.409532 399.044089 113.989618 335.956689
918.995859 399.274561 114.520542 335.875663
919.281619 399.125129 114.520722 335.518480
919.281619 398.582170 114.244907 335.225963
919.409532 398.616706 114.264816 335.994812
919.582247 398.471608 113.725407 335.470195
919.259219 398.189529 114.415129 335.733728
919.281619 398.044090 114.520722 335.061719
919.108662 398.192076 114.731997 334.673415
918.806820 397.962166 114.867528 334.605498
918.504004 397.962166 115.059936 334.903325
918.393386 398.162421 114.679366 335.227302
918.242204 397.582172 114.775556 335.523637
918.281637 398.047468 114.465334 335.491685
918.130988 397.813283 114.231251 335.292526
918.409534 397.616708 113.825679 335.696133
918.559634 397.616708 113.784770 335.248783
918.108665 397.879426 114.676458 334.298636
917.806823 397.879426 114.812263 334.298636
917.371404 397.649774 115.072087 334.975137
917.393364 397.504731 114.844981 335.496050
917.432092 397.586923 114.094471 335.802800
917.859107 397.616708 113.649817 335.845412
917.409537 397.962166 114.209551 335.798755
917.131007 398.159372 114.340686 335.542820
916.995877 398.274562 114.576447 335.576893
917.131007 398.044090 114.122272 335.658102
916.995877 398.734593 114.242508 335.565201
916.995877 398.039391 114.409005 336.422727
917.018677 398.245239 114.403259 336.131348
916.828945 397.893762 114.261521 335.303267
916.845609 398.650984 114.614965 335.708573
916.525939 398.009478 114.510449 335.038853
916.859109 398.765528 114.092969 334.696592
915.917353 398.304704 115.192974 335.469320
916.732191 398.705383 113.849292 336.421021
916.130964 398.466462 114.176685 336.235728
916.732191 398.932458 113.521046 336.055539
916.709496 398.813282 113.744500 336.336942
916.732191 398.928716 113.630024 335.922738
916.559639 398.962164 114.170072 335.499954
916.559639 398.962164 114.059451 335.649354
916.108670 398.466462 114.345326 336.235728
916.281614 398.586927 113.700776 335.802800
915.504012 398.731950 114.840397 335.580889
915.582261 399.162425 114.331115 335.975306
915.881914 399.009474 113.535007 336.380249
915.544382 398.350754 114.363666 337.248356
915.455100 399.101528 114.198908 336.051306
915.582261 398.928716 114.109438 336.371076
915.432069 398.893759 114.039601 336.495965
915.432069 398.893759 113.875599 336.346535
915.732209 399.274561 113.794330 336.025231
915.242201 399.274561 114.830548 335.875663
915.281633 399.360382 114.354922 336.465790
915.432069 399.240692 113.875599 336.897037
915.281633 399.437012 114.410067 336.490723
915.732209 399.668335 113.959490 336.558594
915.582261 399.783875 114.054294 336.143860
915.582261 399.928714 114.331115 336.520644
916.168793 400.014709 113.811737 336.212219
916.295661 400.044087 113.557699 335.956689
916.559639 399.928714 113.404395 336.221508
916.559639 399.928714 113.675579 336.072062
916.709496 400.274559 113.799430 335.726217
916.559639 400.039394 113.894357 335.826098
916.559639 400.389688 114.392439 335.461764
916.845609 400.504726 114.448194 335.346726
917.145902 400.044087 114.594747 335.956689
916.980113 400.360382 114.491580 335.567352
916.845609 400.159369 115.291461 335.393557
917.281656 400.360382 114.244907 335.567352
917.108667 400.389688 114.899251 335.461764
916.980113 400.702186 114.988949 335.239617
917.131007 400.702186 114.893810 334.792485
917.559637 400.964148 115.240938 335.335642
918.018677 400.932458 114.347717 335.158592
918.409534 400.731952 113.771235 335.282636
917.973440 401.108773 115.434141 334.963713
918.281637 400.932458 114.190037 335.457270
918.409534 401.077167 114.598382 335.534354
918.130988 401.274565 114.949717 335.129286
918.732214 401.274565 114.460517 334.980206
918.845591 401.650984 114.726715 335.109937
918.995859 401.734595 114.576447 335.714768
919.281619 401.356195 114.190037 335.884100
919.130969 401.734595 114.395557 335.415633
918.995859 401.501401 115.369990 336.558744
919.891483 401.870788 114.381366 335.385027
919.995880 401.962164 114.242508 336.097981
920.281661 401.813284 114.135288 336.038172
920.131011 402.159373 114.176685 335.841408
920.145904 402.504731 114.651078 336.094382
920.582289 402.125134 114.275574 336.414025
920.732238 402.817353 114.516698 336.020910
920.717712 402.702187 114.927338 336.585465
920.091739 402.639750 115.397571 335.765390
920.566895 402.903620 115.415894 336.610987
920.891513 403.101533 114.938393 336.650908
920.700053 403.442658 115.119460 336.022929
921.153775 403.096141 114.610469 337.268397
921.304547 403.292602 114.625867 337.309846
921.135617 403.408399 115.082084 336.744439
920.831596 403.524105 115.662846 336.778481
921.025941 403.183553 114.921398 337.707872
921.177049 403.843081 114.937168 336.534151
921.455075 403.980466 114.754307 336.784459
921.605359 404.211711 114.492112 336.702978
921.717712 404.788496 114.871368 335.976429
921.717712 404.552704 114.648682 336.823883
922.041933 405.101532 114.175769 335.901558
921.845593 404.928721 115.007794 336.072062
922.002805 405.360382 114.377299 335.567352
921.544387 405.389695 116.225864 335.910102
922.025921 405.529930 115.032548 336.160227
922.153791 406.018673 115.450456 335.896017
922.304564 406.018673 115.527569 336.495929
922.438721 406.447058 115.167143 336.305381
922.589876 406.096136 115.071838 337.118327
922.438721 406.299083 115.335028 337.592344
922.461991 406.611987 115.328118 337.516269
922.613268 406.496330 115.009227 338.234273
922.764299 406.461255 115.138095 337.903564
922.613268 407.040611 115.345407 337.625072
922.613268 407.380578 115.289127 337.447083
922.310500 407.380578 115.704547 338.048695
922.334107 407.809105 115.640596 338.007074
922.334107 407.889808 116.496140 338.012026
922.921985 407.979712 116.013804 337.844697
923.030204 408.237795 115.776233 338.568001
922.877854 408.434655 115.816847 337.853395
922.725320 408.228976 115.969382 339.190215
922.794471 408.631168 116.042902 338.193240
923.224809 408.782567 115.370604 338.409463
923.334106 409.237795 115.193837 337.664038
923.310489 409.496327 115.535675 338.234273
923.334106 409.461256 115.584405 338.053996
923.182278 410.040612 116.018291 337.775565
923.334106 410.353646 116.036939 338.754145
923.206286 410.631167 116.754448 338.795925
923.337438 410.605773 116.273743 339.196158
923.490018 410.943807 116.347351 338.868863
923.490018 411.176498 116.121164 338.485380
923.313447 410.969688 116.057108 338.619404
923.618209 411.318522 116.033672 338.873510
923.289604 411.747429 116.589013 338.227540
923.442970 412.095727 116.157059 338.029868
923.618209 412.585103 116.203691 338.673838
923.442970 412.514848 116.323879 339.063182
923.794467 412.477499 115.873092 339.939200
923.925886 413.060198 115.745995 339.810355
923.642350 412.672715 116.251827 340.734530
924.255523 413.348358 115.599337 339.676983
923.901711 413.477495 116.201581 339.184379
923.901711 413.943802 116.427950 338.868863
924.031536 414.292731 116.187775 338.369143
923.749023 414.550701 117.096032 339.094430
923.902299 415.070396 116.388844 338.731526
923.901711 414.943814 116.371204 340.684835
923.644605 415.464822 116.829244 340.015131
923.491242 415.685749 117.210782 340.561316
923.822703 416.091408 116.836982 340.156703
924.103150 416.464824 116.257201 340.470490
923.950528 416.918797 116.466541 341.697409
924.128369 416.920710 116.588437 341.175768
924.080346 417.661522 116.618370 341.418722
923.669528 417.507032 117.219267 342.414460
924.130921 418.265206 116.993974 341.044166
924.362408 417.685622 116.619928 341.259298
924.054324 417.974676 116.650147 341.641831
924.105376 418.754762 116.273377 342.620519
923.848083 418.662411 117.112527 343.484103
923.694749 419.070252 117.615536 342.156144
923.360005 419.695771 117.594854 343.288069
923.284927 419.853639 118.108078 344.047918
923.437673 419.890063 118.359831 342.938284
923.411317 420.636778 117.856442 343.186127
923.593078 420.736081 117.916299 344.165475
923.437673 421.008198 118.244580 343.430737
923.720803 421.401951 117.376737 344.803707
923.901772 421.890065 117.953513 343.701759
923.691649 422.401948 117.631867 343.420967
923.411317 422.618428 118.142129 344.436623
923.437673 422.675169 117.844429 344.216652
923.156704 422.653556 118.717110 345.471653
923.491557 423.282422 118.506078 344.283179
923.562443 423.557136 117.944367 344.181251
923.282451 423.910993 118.284927 344.595143
923.437673 424.106272 118.072456 344.934207
923.338022 424.278098 118.784364 345.916309
923.491557 424.452640 118.103493 345.112964
923.464408 424.988212 117.718786 345.360112
923.338022 425.040729 117.736334 345.999754
922.900316 425.614253 118.302446 345.340310
922.744870 425.352736 118.286179 346.068045
922.744870 426.164127 118.286179 345.323908
922.589142 426.891484 118.271105 345.917192
923.055510 426.664720 117.804738 346.135909
922.900316 427.258773 118.073674 345.388106
922.619451 427.419441 118.019114 345.925912
922.744870 428.440975 117.889118 345.438602
922.928813 428.633492 117.882250 346.331561
923.055510 428.902601 117.975539 346.359907
922.900316 429.614259 118.187887 346.419824
923.082932 429.808735 117.904967 346.604816
923.801591 430.095836 116.836858 346.392206
923.183383 430.988209 117.890972 346.904427
923.237991 430.857543 117.749908 347.401592
922.927621 431.315669 118.231449 346.238710
923.491557 431.690126 117.425142 347.032708
923.491557 431.857544 117.649603 346.938710
923.024683 432.690127 118.229337 347.187379
923.363686 432.958561 118.074346 346.904323
922.772090 433.595844 118.045580 348.212750
922.799777 433.912727 118.659820 347.946793
922.923501 434.892077 118.471786 348.207838
923.391641 434.416913 118.173827 348.663195
923.391641 435.373261 118.173827 348.016790
923.079790 435.702709 118.428846 348.775149
923.294326 435.776162 117.891869 349.545992
922.951600 436.924694 118.741310 349.086357
923.420022 437.447286 118.045703 349.719568
923.107973 437.848722 118.301271 349.384515
922.323547 438.805468 119.142177 350.298039
922.572844 438.664395 118.413481 350.321655
922.915279 438.832885 118.134345 352.121333
922.602048 439.624865 118.737988 351.548963
922.445311 440.103180 118.667588 351.698794
922.602048 440.551010 119.024262 350.932696
922.445311 440.670429 119.238547 351.126886
922.288319 441.028177 119.511016 350.769138
922.131105 441.147279 119.495205 350.179782
922.789455 441.118517 119.087712 351.458907
922.409383 441.385228 119.097396 349.941832
922.572844 441.595457 119.214057 351.138952
922.602048 441.595457 119.197287 350.981968
922.445311 441.714525 119.354024 351.176931
922.881562 441.582470 118.344846 350.117149
922.700379 441.566763 118.727891 351.790381
922.758530 441.341293 118.810328 350.981507
923.070732 441.833499 118.613126 350.743925
923.321956 442.043854 118.284211 351.156284
923.321956 442.043854 118.625822 350.842590
923.321956 442.638462 118.855607 350.404797
923.416179 442.373262 118.626640 350.978918
923.944737 442.994208 118.232826 350.205930
923.544059 442.821997 118.485161 351.152249
923.633823 443.195707 118.717215 352.089517
923.631685 443.195707 119.064738 351.775962
923.317795 443.348990 119.436203 352.258362
923.504854 443.348990 119.492567 351.629431
923.631685 442.869759 119.353730 351.951651
923.596548 442.989678 119.263048 351.047889
923.445316 442.869759 119.238547 351.794768
923.788248 442.989678 118.736055 351.517966
923.914764 442.955397 118.596743 350.609146
924.041277 442.373262 118.745615 351.606390
924.351506 442.869759 118.042819 350.386126
924.136609 443.298377 118.569718 350.989457
924.321971 442.835099 118.058589 349.484493
924.264124 443.060345 118.258239 351.070632
924.165656 442.835099 118.383961 349.174112
924.420022 442.941218 118.215934 351.346615
924.009087 442.594281 119.574739 350.191516
923.973648 442.875679 119.480603 350.638533
924.602059 442.389257 118.795058 350.398649
924.259325 442.875679 119.181996 350.481465
924.165656 442.232467 119.476609 350.397886
924.445322 441.686146 118.386021 351.043482
924.633838 441.686146 118.543740 351.357113
924.445322 441.805466 118.667588 350.924162
924.321971 441.805466 118.740508 351.394671
924.288330 441.714525 118.599129 350.392389
924.292842 441.566763 118.584685 351.476496
923.973648 441.714525 118.970023 350.392389
924.165656 441.686146 118.896823 351.357113
924.351506 441.595457 118.609199 351.296000
924.165656 441.714525 118.954309 351.019883
924.288330 441.714525 118.543013 350.705915
924.633838 442.162921 118.313955 351.194222
924.633838 442.162921 118.371250 351.351291
924.633838 441.924692 118.428641 351.746715
924.602059 441.786770 118.624260 349.912108
924.760021 441.805466 118.347243 351.708745
924.602059 441.686146 118.795058 351.357113
925.226526 441.952409 118.056578 351.096222
925.041300 441.805466 118.457350 351.237793
924.852247 442.638462 118.810642 350.561676
925.165640 442.968368 118.896823 350.227165
924.787159 442.968368 118.918206 350.227165
925.041300 442.373262 118.919857 351.449364
925.195104 442.869759 118.255391 350.698557
924.572858 442.968368 119.504957 350.854258
924.567007 442.749745 118.883487 350.662261
924.572858 442.730585 119.446580 350.464949
924.288330 443.109533 119.223182 350.615158
924.602059 443.435699 118.909453 350.440938
924.416202 443.795100 118.796786 349.925394
924.136609 443.417282 119.202041 350.713694
924.131116 443.555584 118.700227 351.102783
924.009087 443.315751 119.053392 351.969473
923.881556 443.348990 118.965013 352.101034
924.100671 443.707571 118.884744 351.742453
924.195110 443.914731 118.822789 352.313444
924.160478 444.153771 118.740710 351.288420
924.165656 444.480664 118.839432 351.738946
924.038460 444.480664 118.808108 351.581956
923.881556 444.480664 118.908168 351.738946
923.881556 444.958197 118.908168 351.261413
923.445316 445.166223 119.527971 351.359505
923.317795 444.838948 119.609598 351.380661
923.474867 445.434525 119.164076 350.785085
923.758536 444.807597 118.752971 352.032152
923.788248 445.077414 118.507986 351.299376
923.914764 444.927223 118.311550 351.912525
923.758536 445.046755 118.241436 351.950067
923.914764 445.046755 117.972690 351.950067
924.070737 445.046755 117.704580 352.107267
923.914764 445.643241 117.860553 351.982952
924.070737 445.254346 117.760600 352.205151
923.914764 445.134627 117.748830 352.167840
923.602053 445.404907 117.673786 352.221286
923.789439 445.134627 118.273025 351.854095
924.070737 445.046755 117.040444 351.792994
923.604552 445.014813 118.330247 351.817069
923.758536 444.448273 117.080177 352.077456
923.352375 444.294220 118.203686 352.067900
923.819233 444.480664 117.800408 352.053305
923.789439 444.088189 118.158339 352.437540
923.819233 443.401465 118.027342 352.818144
924.100671 443.195707 117.134948 352.875120
923.789439 443.160748 117.873451 352.744946
923.663602 442.955397 118.126128 352.643827
923.351512 443.195707 118.552067 352.089517
923.507653 443.195707 118.510253 352.089517
923.038467 442.473761 119.151694 352.341193
923.068243 441.702932 119.597666 352.340503
923.661751 441.137081 118.761211 351.971315
923.788248 441.220576 118.281638 351.258193
924.041277 439.920482 118.001542 350.467841
924.012256 440.040659 118.244395 349.569900
924.323121 439.439013 117.706099 349.086214
924.139099 438.696267 117.594063 349.383846
924.294324 438.264893 116.607151 348.972830
923.984089 437.282476 117.284130 348.580406
924.138559 437.122445 117.129659 348.203823
924.138559 438.477413 117.814427 349.735046
923.983622 439.566763 118.202570 350.693178
924.041277 441.978643 118.630005 348.098232
924.391666 443.798222 118.689895 347.212917
923.860793 447.497459 119.254810 346.469077
924.207997 448.965843 117.835284 346.707037
923.868615 452.525809 118.555466 346.570046
924.392797 455.530254 117.368350 344.212084
923.380356 456.620647 117.831381 344.034350
924.233348 458.698119 117.231182 344.426852
923.875156 461.013173 117.620947 341.705473
923.205113 464.055542 118.377835 342.758478
923.100863 465.490059 118.625239 339.761243
922.558389 468.526092 119.068174 339.692560
922.924718 470.158706 118.616233 340.884771
922.270474 472.823833 119.485962 338.759603
922.435268 475.085769 119.209759 340.298617
922.950080 476.948512 118.082279 336.858401
921.898202 479.150134 119.178580 338.775776
922.489506 482.047123 118.021584 338.578682
922.286203 483.773693 118.138457 336.613232
922.442970 484.279791 118.578019 338.088461
921.475713 482.718587 119.804107 334.221014
921.464674 481.780831 119.104874 335.914410
921.673650 480.526540 118.871818 334.474865
921.341327 479.237780 119.487105 334.592352
921.031128 478.107144 119.618902 333.776284
921.031128 477.058913 119.441483 333.813194
921.216389 475.577710 118.690303 333.795255
921.039750 474.988244 119.030294 333.245893
920.885304 473.621979 118.830776 333.261322
920.885304 472.366184 117.848464 332.130375
920.716923 470.761310 118.521875 335.139919
920.341328 469.747433 119.072359 331.879890
920.275604 468.133983 118.742889 332.582600
920.479592 467.562438 117.871399 331.948383
919.687720 465.849413 118.590058 332.327418
919.584259 464.820221 118.434235 330.806732
919.742793 463.650981 118.464453 330.662232
919.589834 462.906656 118.497849 331.028860
919.254588 461.650986 118.632193 329.196028
919.262495 460.281523 118.218768 330.893238
918.975595 459.337089 118.228916 328.656154
918.348210 457.626320 118.317651 329.686000
918.568908 456.709244 117.736793 327.482531
917.896285 455.259237 118.480609 329.047601
917.982147 454.736128 118.345936 326.047457
917.922817 452.945914 118.360995 327.507486
917.942134 451.793177 118.001220 326.253624
917.616881 450.059213 118.252212 327.394186
917.789167 448.686059 117.919441 325.663947
918.360839 447.423271 117.082760 327.513331
917.922817 446.172430 117.132524 324.815603
918.211584 445.278712 116.649528 327.523284
917.337017 443.838264 117.267597 324.892794
916.885612 442.266758 117.251728 326.202903
916.318470 440.893075 117.675436 324.339949
916.452813 439.717265 117.003342 324.883092
916.323817 438.178749 116.912727 324.882837
916.323817 436.942110 116.912727 324.947639
915.605043 435.829713 117.548433 324.337072
915.300358 434.740314 117.677349 324.176762
914.867677 433.964397 117.485188 323.231271
914.282697 432.985271 117.503750 323.248553
914.306007 432.431144 116.972071 322.658402
914.288683 431.484099 116.798367 322.556089
913.985255 430.707148 116.870644 322.189255
913.248751 431.164510 116.983508 322.934929
913.024323 430.244455 117.038155 320.329234
912.520192 430.460070 117.199112 322.472703
912.591147 429.707157 117.081076 319.900968
911.146491 430.008760 117.707161 321.490169
911.137117 430.274625 116.949947 318.365288
910.769661 430.087301 116.958548 321.530448
910.271825 430.076342 117.089905 318.171132
909.769695 429.840875 116.900795 319.305920
909.691724 429.938027 116.754127 317.466251
909.510168 430.001141 116.258111 319.092436
909.374746 429.428978 116.180626 316.338202
908.611631 429.585559 116.804438 318.278887
908.826124 429.742908 116.134052 315.165390
908.166350 429.635789 115.857321 317.312574
908.094768 429.715413 115.655588 314.469624
907.753141 429.462455 115.194444 316.544214
907.498101 429.410359 115.609198 313.553190
906.559083 429.154081 115.294538 315.906591
906.363535 429.311176 115.409036 313.532422
906.187106 429.082715 115.027313 313.892854
906.051440 429.514588 114.595988 312.060452
905.432375 428.713232 114.719266 314.775094
905.632183 429.046314 114.182334 311.372994
904.691791 428.337437 114.254909 313.671330
904.038277 429.097658 115.346285 310.001598
904.581258 429.687012 113.983476 310.341545
903.978093 427.738757 114.509570 311.808047
904.182110 428.469853 113.917066 310.391366
903.569664 428.136579 114.375065 309.855587
903.569664 427.884156 113.355946 311.473668
903.443378 427.880044 113.611218 310.072078
903.284855 427.292161 113.074486 309.749907
903.005462 427.190604 113.122371 309.445231
902.713491 426.981775 112.960588 310.495847
902.584133 426.505929 112.600430 310.090376
901.988450 426.190603 112.396225 309.722107
901.572629 426.725299 112.143425 309.613336
901.430173 427.091137 112.110320 308.454391
901.563802 426.397555 111.177856 308.367462
901.120130 426.404536 111.253178 307.269092
901.110033 426.141408 110.476361 306.208031
900.379506 425.668869 110.617703 306.313866
899.379515 426.036256 111.326952 306.180030
899.244393 426.037521 111.474082 304.536554
899.378781 425.880889 110.706056 304.870445
898.658838 425.671097 111.638936 304.534970
897.937104 425.091354 111.857290 303.981576
896.937103 424.460996 113.160147 304.336869
897.244103 426.476919 112.153967 300.826479
897.491216 426.341998 111.457761 300.366556
897.484222 427.419459 110.447437 299.049530
897.469076 426.986194 110.693094 300.409689
897.481615 426.662608 109.345753 299.451546
897.179039 426.670474 109.299947 299.369288
896.604126 426.361419 109.473124 299.812477
895.611023 426.192103 109.923540 299.531621
895.469114 426.705731 109.687423 298.481632
894.888884 427.174828 109.841522 298.851537
894.179038 427.389129 109.898175 299.321965
893.326205 428.217640 110.318173 298.506085
893.320989 429.206311 109.701378 298.236022
893.171661 430.672679 109.892106 297.937272
893.456728 430.755947 108.094637 298.451547
892.733456 432.111263 108.587335 297.979131
892.582101 433.415698 108.279754 297.674701
892.289411 434.387886 107.951965 297.348178
892.135568 435.679886 107.646818 297.574623
891.296107 437.059142 107.376331 296.707024
891.269209 438.728221 107.487354 295.800239
890.846885 439.906643 107.508210 295.936232
890.974680 440.906640 106.734185 295.670393
890.259684 442.676038 107.499013 294.265555
890.536550 443.158070 106.473541 295.158611
889.826854 444.358933 107.256652 295.090604
889.831181 444.970783 106.798038 294.838441
889.410429 446.860015 107.139089 294.191161
889.255598 447.941577 107.207027 294.423695
889.241268 448.956850 106.573967 293.639647
889.370647 449.605393 105.651135 293.201642
889.229887 450.556921 105.195232 292.721385
889.318612 451.341060 104.857262 291.205489
888.380213 451.178060 105.065275 290.373772
888.607831 450.562738 104.998008 289.529483
888.062262 449.131641 105.252070 289.081001
888.334444 447.918456 104.771072 288.484026
888.197347 446.591034 104.568469 288.088920
888.171280 445.476312 103.976959 287.521221
888.676232 443.950862 103.394187 287.043494
888.034912 443.020751 103.695912 286.246921
888.274406 441.409110 103.299453 285.794439
888.006231 439.583544 103.537580 285.636796
888.274098 438.177380 103.685077 284.915998
888.305024 436.863188 103.467020 284.041321
889.071905 435.132434 102.514881 284.105534
889.769962 433.621799 101.940875 283.682045
890.687046 431.798796 101.250404 283.770269
890.507593 429.976532 101.784443 283.227262
891.295675 428.566617 101.818889 282.511589
891.730661 427.253464 102.183432 281.766489
892.074252 425.351461 101.651393 281.418319
892.992605 423.724891 101.367697 281.305972
893.947383 422.020777 100.690536 281.078002
894.559651 420.395250 100.434757 280.588262
894.995577 419.277219 100.889459 279.526812
895.171377 418.232385 101.146572 278.579737
896.209553 416.435042 100.802220 278.447266
896.951975 414.443132 100.385146 278.017296
897.520219 412.324858 100.996876 278.316914
898.903208 410.725341 99.713347 277.662774
899.908183 408.699825 99.745584 277.331632
900.523354 407.157631 99.522271 277.423468
902.350066 405.290737 98.815087 277.796985
904.811146 404.074810 98.311615 277.207119
906.283512 402.064574 97.700144 276.117390
908.270067 401.656935 98.929950 275.436813
910.928621 399.344396 98.576801 275.352433
912.957170 396.936370 98.059377 275.566252
915.439961 396.342895 98.619759 274.331826
917.948699 393.809437 98.453214 274.525374
920.921412 392.934060 97.611695 273.204317
922.944336 390.658889 98.133481 273.552623
926.045621 389.708624 97.479530 272.383351
928.284390 386.870525 96.284353 272.452512
929.341754 386.140916 96.524941 272.716927
929.264499 385.171852 97.084436 269.990248
928.071427 383.980221 97.775669 269.811908
928.836202 382.106691 96.910667 269.768087
927.639803 380.699711 97.688903 268.536453
926.767465 379.632056 98.621601 268.434389
928.294230 376.666329 95.988295 269.569836
927.284585 375.479912 97.149582 268.545771
926.462910 373.479915 97.824322 268.426570
926.561727 372.317975 97.029578 267.594575
926.104696 370.260238 97.387996 267.251294
925.923382 368.725519 97.099823 266.548936
925.806763 366.819970 97.082565 267.040113
925.740537 365.468234 96.764395 265.681016
925.186964 362.952565 97.279370 265.800179
924.110946 362.116019 98.260012 264.670971
924.374145 361.488305 97.240978 262.357187
923.525544 359.640597 97.783030 262.144857
923.885981 358.046138 96.959682 261.487545
922.854811 357.009377 97.032003 259.833500
923.575968 353.978013 96.986230 261.403352
923.358475 354.357276 95.920519 258.253687
923.789030 351.596061 96.177144 258.921583
923.465121 349.993046 94.854610 258.434800
923.824444 345.417512 95.251752 262.233184
923.861416 344.565221 94.102715 260.380961
923.141326 343.318759 94.543308 259.349936
922.501121 340.920902 95.402855 259.375565
921.836567 339.812959 95.415031 258.040273
921.633661 338.496907 95.090656 257.348313
921.031166 336.704207 95.316221 256.750611
921.251230 336.526056 95.316817 254.135376
920.275667 334.090614 95.962427 254.399140
920.258058 332.606458 95.791429 253.338212
920.231107 331.064584 94.690992 253.086386
919.656233 329.149221 95.069404 253.076077
919.858840 327.960844 94.540083 252.056550
919.044948 326.049923 95.390016 252.040625
918.967518 324.382184 95.279493 251.730737
918.631081 322.364494 94.396683 252.181277
918.094510 320.735362 94.616143 251.115842
917.819100 319.728463 94.841978 250.899566
918.064492 317.157660 93.780527 250.903011
917.598497 315.529308 93.453169 250.841891
917.039698 313.215123 93.002041 250.253561
917.137024 311.412348 93.677691 250.141603
917.217606 308.777294 92.469757 250.691390
916.469567 306.399299 92.792959 251.476334
916.699929 306.173116 92.530919 249.741190
915.323801 305.132091 93.877039 248.286874
915.203420 303.218839 93.243684 247.208737
915.121410 300.929312 92.071837 246.575010
915.014626 299.016894 92.202020 246.415582
914.427679 297.872384 92.370887 244.902762
913.897955 295.816556 93.044436 245.029907
913.759066 294.215558 92.194251 244.335168
913.230016 292.017363 92.020654 244.361798
912.918437 291.116513 91.948110 242.615987
912.862939 288.669902 91.392016 242.779799
912.666738 286.676625 91.158392 242.662324
912.235646 285.040274 91.912423 242.482434
911.980471 282.421250 91.091206 242.487309
911.799801 281.040274 91.162552 241.942959
912.732513 278.735226 90.280535 241.567607
912.743324 277.431622 90.058337 240.085504
912.213373 275.250234 90.222330 240.512412
911.995909 274.134856 90.081581 239.773453
912.017625 272.020099 89.467374 238.891992
911.837884 270.411026 88.898825 238.313140
911.746182 268.781889 88.324328 237.900749
911.338515 266.738820 89.173911 238.855356
911.062700 265.991802 88.927771 236.463730
910.856827 263.673039 89.008414 236.864176
910.655123 262.250143 88.899856 235.655846
910.589911 260.373518 88.485093 235.698988
910.385041 258.483118 88.076937 236.014578
910.271925 257.631567 88.011558 233.820115
910.433637 255.472864 87.097153 233.681050
910.251915 253.367121 87.188690 233.995310
910.516989 252.413334 86.911935 233.109252
910.500596 250.087495 85.853237 232.157404
910.205786 246.594396 86.482258 235.192134
910.670160 246.457387 86.129413 232.953604
910.512650 245.152534 85.701290 232.167425
911.197044 243.402060 85.535069 232.185069
911.545152 242.923171 84.967015 230.519403
911.585946 241.786578 85.146546 229.767639
911.376463 241.739816 86.100251 227.520741
911.683260 240.000532 85.454373 227.494227
911.732814 238.370121 85.815477 227.171056
912.123842 236.211847 85.975852 227.532101
912.598933 234.447472 85.408499 226.761584
913.000753 233.133155 85.081621 225.745630
913.438731 231.401244 85.381065 225.539847
914.094287 230.030704 84.634010 224.187755
914.582784 227.751373 85.066423 224.371943
914.928909 226.319977 85.290449 224.062030
915.795288 225.020547 84.853918 223.161679
916.028226 221.966458 84.613256 224.079835
916.667994 221.155076 85.090742 222.271805
917.287282 219.522641 85.198198 221.349967
917.909844 218.427983 84.671790 219.695226
919.030356 215.780730 84.355619 220.612849
918.828921 214.788218 85.151041 219.401057
919.616818 213.476692 85.340749 218.810454
920.013265 212.311782 85.045911 218.200088
920.849991 210.904195 84.821189 217.935947
921.764120 209.359731 85.124763 217.899501
922.198335 207.295450 85.039550 218.670993
923.010979 206.297672 85.131290 217.536777
923.417515 204.739876 84.604718 216.965309
924.620311 203.332412 84.124713 216.211713
924.961629 202.072742 84.529092 215.116245
925.836245 200.605371 83.550048 215.484964
926.738475 199.521966 83.359986 214.730344
927.329038 197.755786 83.306404 214.435658
927.813368 195.749068 84.105772 214.756957
928.486989 194.521966 83.826257 213.963657
929.029422 193.109328 84.139933 212.045621
929.867439 191.086071 84.228924 213.158973
930.556336 189.496908 84.148176 213.817766
931.371519 187.439701 84.012527 213.883751
932.158311 186.058433 83.477133 213.626450
933.109809 184.796587 83.273871 211.814117
934.344271 183.635286 82.753047 213.041021
935.231885 181.847686 81.698039 213.024689
935.272984 181.064413 82.575639 212.253413
935.913377 179.472827 82.506629 212.604381
936.718031 178.043316 82.167714 212.793185
937.734368 177.258272 82.003222 211.849422
938.341451 175.606803 82.252294 211.308929
938.375523 173.926723 83.218217 211.352900
938.976344 173.055720 83.189300 210.127013
939.926404 172.076616 82.879134 209.099930
940.485786 170.074596 82.820143 209.468586
941.800513 169.129407 82.711510 208.605504
942.606481 168.240912 82.232421 207.323721
943.106390 166.540449 82.330130 207.931228
943.578405 165.671786 82.430806 207.200501
944.356937 164.646741 82.184603 206.801360
944.696137 163.559626 82.490556 204.358638
946.039583 162.223377 80.809260 205.664324
946.692073 161.066559 80.894282 205.238505
947.710258 160.485192 80.407275 204.304973
948.093496 159.820865 80.822890 204.071555
948.723837 158.395133 80.985921 203.675356
949.515837 157.870169 80.475874 202.384828
949.963275 156.231065 80.763702 202.883192
950.781496 155.653057 80.680244 201.592554
951.409859 154.864767 80.436515 200.968062
952.429667 153.227652 79.742019 201.908594
951.708395 152.924421 80.955845 201.516759
952.631396 152.291410 80.481149 200.263669
953.135114 151.297038 80.261058 199.725652
953.485455 149.814420 80.171704 199.888631
953.898289 149.852820 80.252591 198.701718
954.502972 148.592809 79.705341 198.732826
954.949437 148.028891 79.686554 198.510651
955.727534 146.982994 79.739197 198.719256
956.156651 146.802902 79.883129 197.614070
956.673317 146.406304 80.119536 195.569308
957.986571 144.854293 78.315164 197.334338
958.785217 143.887537 78.317464 197.200895
959.030328 143.402945 78.500174 196.063287
959.519547 143.054215 78.736597 195.709005
959.885077 142.519229 78.699159 194.665000
960.291075 142.099582 78.720640 194.121834
961.248303 141.485079 78.014147 193.644188
960.866845 141.132848 79.051680 192.511527
961.947108 140.520112 78.267823 192.209891
961.928491 139.497167 78.942613 192.697822
963.149151 139.427113 78.065815 191.247943
962.474775 139.402858 79.054540 190.479775
964.021235 137.999211 77.473474 191.712240
963.984566 139.009053 78.167389 187.832930
964.462451 137.225469 77.542018 190.484015
965.460704 137.905034 76.936135 189.019690
965.544649 137.082057 77.169070 189.204336
966.619878 136.226682 76.280528 189.161601
967.078353 136.720504 76.644144 187.697961
966.474520 135.463892 78.294073 187.427165
967.280259 135.011467 77.344886 186.813453
967.794118 134.399493 77.497144 186.874795
968.343692 132.679660 77.133547 187.607487
969.959743 133.319873 75.897563 186.760332
968.516137 132.000581 77.950837 186.412531
969.905228 132.111133 77.058374 186.246887
970.809830 132.453273 77.003966 185.315299
969.918614 131.144703 78.455361 186.724364
971.804947 130.162486 77.126003 186.348622
971.914828 129.363940 77.607785 186.873140
973.219839 129.329958 77.037391 186.340042
972.664577 129.487503 78.344051 185.681020
973.589444 128.806495 77.799270 186.382591
973.975208 128.419166 77.599014 186.348806
974.671520 128.548442 77.717164 185.380948
974.622590 128.275333 77.900020 184.442742
975.390139 128.009753 78.250437 185.062148
976.326025 128.339492 77.196584 183.713575
976.283903 127.508837 77.751916 184.741268
977.103153 127.496147 77.174462 183.993632
977.778098 127.478592 77.905378 182.966306
977.385551 127.276642 78.746837 183.182596
978.302940 126.902986 78.662709 183.047120
978.623820 126.522641 79.243876 182.619939
979.758791 125.696924 78.699138 183.777788
979.986118 125.569247 78.740189 183.988630
981.261935 126.015396 77.171498 182.878608
981.640965 125.534287 77.340889 185.287663
981.937515 125.253365 77.629644 184.202552
983.084678 125.815722 77.101285 182.268225
983.543675 126.716785 77.442162 181.643556
984.132165 130.313850 77.563417 181.952491
985.375206 135.539051 77.089901 181.421443
986.157734 142.191203 76.100863 180.770581
987.590402 149.136795 75.226109 179.357109
988.414219 154.916828 74.344836 178.225724
989.991986 161.509545 72.895433 179.117522
990.954791 168.111009 72.103400 177.813382
991.473992 174.602133 73.374177 177.067991
991.427901 180.568970 74.070259 176.678231
992.370983 186.157678 73.403462 175.886081
992.972743 191.303039 74.113821 175.352587
993.477806 198.775463 76.165763 174.978520
994.359768 204.566359 75.216425 175.080254
995.488017 210.108369 74.793251 171.983963
996.129009 213.865731 75.096952 170.936657
996.258855 218.731590 76.138718 168.501471
996.823388 219.208392 76.306663 170.368821
998.128974 221.238752 75.096952 166.776912
999.184931 219.374020 75.513001 169.962053
1000.318867 219.313475 75.218026 168.004882
1000.647504 218.314612 75.389363 167.984862
1001.551883 218.550429 75.184466 167.857467
1002.954792 216.609512 74.135394 170.457525
1003.705804 216.051859 74.580637 170.960435
1005.141524 215.788856 74.115114 170.275474
1005.862551 215.757382 74.237958 170.566496
1005.986396 215.522857 75.393180 169.713763
1007.052493 215.082703 75.468861 169.594191
1007.933488 214.199971 75.587847 170.486529
1009.218857 213.438295 74.990559 172.381675
1010.305624 213.679232 74.404610 170.920459
1010.206163 213.493972 76.315181 170.182921
1011.995152 212.142209 75.076122 172.049365
1012.229911 212.147060 76.042904 171.140410
1013.024921 212.208047 76.247861 169.457199
1014.318854 211.873402 75.971548 169.030854
1015.123872 211.725593 75.647789 169.261186
1015.700363 211.841947 75.679247 169.610913
1016.041360 211.550746 75.916887 169.126146
1016.117471 211.317040 76.262135 167.744927
1016.526208 210.315146 75.811270 168.709597
1016.398753 210.065454 74.750225 167.924643
1015.878149 209.165242 74.007843 167.921402
1016.239998 208.747605 73.753788 167.759253
1015.790456 208.997882 74.476046 166.912174
1014.864630 208.537822 75.493052 167.066762
1014.963532 208.437432 75.274909 167.185465
1014.669389 208.265098 74.629128 166.516110
1014.247751 207.653075 75.109949 167.486538
1012.873917 207.265101 73.952338 166.439884
1010.886068 206.656900 73.392644 166.906337
1008.997609 206.327390 72.795938 166.832967
1007.095855 206.389402 72.994236 165.440936
1003.800649 206.138569 71.690064 164.800484
999.767428 206.226898 72.194939 162.608388
996.930957 205.237939 71.160126 163.218976
993.196426 205.082312 70.593614 163.073410
989.694402 204.474298 70.176482 163.186521
985.681426 203.926568 71.443630 162.586390
982.739250 203.306946 70.375083 162.508979
979.129957 203.051490 71.260008 162.676694
975.469272 203.962322 71.053264 163.753347
972.863907 203.423067 71.557828 162.165788
968.946609 203.220422 70.954873 161.190568
965.893124 203.284901 72.342172 159.496052
963.297511 201.910065 72.113021 160.472918
959.766622 201.338378 71.541030 161.937604
956.546166 202.150486 71.413586 159.152655
953.554282 200.760412 72.977399 160.278942
950.459362 200.101897 71.822699 158.489052
948.137857 199.871816 73.074856 159.442269
946.443732 199.835406 73.044867 160.037963
945.199981 199.383007 73.478182 160.015468
944.199990 199.664052 73.917611 158.748065
944.164563 198.979697 73.951386 159.145873
944.751024 198.748450 72.701120 159.374987
945.518106 197.901588 73.376553 161.403285
947.003815 198.579589 72.885645 160.063543
947.682332 197.864526 73.013584 159.714153
949.189459 197.725223 72.195906 160.515773
949.922279 197.890435 71.925472 159.982934
950.842747 198.178153 72.560936 157.745824
951.956431 197.526482 72.374905 159.022784
952.804051 197.454519 72.960290 159.147664
953.276397 196.890438 73.259494 158.959294
954.377798 196.782342 73.278178 158.470108
955.765323 196.509118 72.999047 158.509301
956.996809 196.454516 72.767529 158.055328
957.792917 195.799006 73.209479 158.985015
958.477965 195.946395 73.237007 157.725763
959.990461 196.155384 72.563815 158.139973
961.033448 196.016107 72.747808 158.752347
962.111658 196.107230 73.106584 157.620333
963.029751 195.798877 73.243190 158.458723
964.227861 195.618214 73.390682 157.964140
965.570506 195.507286 73.374971 157.622355
966.189675 195.235634 73.364548 156.380408
967.643204 195.119521 73.153873 155.949038
968.504767 194.790290 73.440406 156.183655
969.993346 194.575205 73.165634 155.252683
970.676857 194.664521 74.135010 155.112304
971.926016 194.165222 73.601107 155.091183
973.181245 194.683369 73.757659 154.405092
973.881097 194.505108 73.750937 154.058321
975.568747 194.281150 73.474648 154.539162
976.662307 193.855907 73.476895 154.607876
977.500876 193.982353 73.818097 154.293372
978.702499 194.087996 72.989709 153.404393
979.637040 194.026521 72.843178 153.288420
980.833819 193.575985 72.468124 152.110484
982.145020 194.338158 72.358551 151.956814
983.299820 194.229599 72.292862 152.253220
984.174515 193.879786 72.823599 152.498838
985.275922 194.047882 73.038420 152.564060
986.436491 194.326845 73.234527 152.107980
987.832849 194.463716 72.838158 151.724744
988.871475 194.247089 72.989273 151.501194
989.674011 194.696167 73.907593 150.663666
990.895493 194.696167 73.281115 150.663666
991.933948 192.917938 73.521287 152.931915
993.278405 192.553078 73.380664 152.832527
994.637032 192.342905 73.833478 153.325784
995.739619 194.036651 73.953224 151.757974
997.096662 196.255416 73.788762 149.933043
997.781011 195.950608 73.999995 150.254079
998.742844 196.518295 74.387222 149.562393
999.535370 197.489752 75.136932 148.437632
1001.190815 197.995533 74.399282 148.209154
1002.155065 198.788320 73.952179 147.898660
1002.815957 199.902551 73.681061 147.116196
1002.939444 200.832822 74.094837 146.643358
1002.727552 200.372782 73.953541 147.897649
1003.442326 200.189738 72.879184 148.759936
1002.713774 199.934335 72.984762 149.222654
1002.190727 200.291645 73.276361 148.451074
1002.647479 200.240722 72.063787 149.054659
1001.341442 200.090292 73.033934 149.329191
1000.149501 200.675149 73.280883 148.873459
998.657540 201.233912 74.809561 148.591620
997.800424 200.775576 74.394770 148.667997
997.637823 201.565405 73.557339 147.787518
996.408046 202.081314 73.548671 147.728909
994.919961 202.473626 74.123073 147.567175
993.422497 203.081315 75.141264 147.322153
993.237936 203.003353 74.316369 147.459788
991.605436 204.002014 75.279521 146.671840
990.327018 204.653275 74.694691 146.882882
989.646211 204.817590 74.587699 146.777239
987.681746 205.217962 74.759770 146.719746
986.054678 205.101701 74.301407 147.228258
984.285151 206.051688 75.365816 146.415697
983.017648 206.603304 74.670191 146.315374
981.457417 207.367528 74.403942 146.022019
980.461386 207.533210 73.570762 146.463429
977.952971 207.445750 74.669624 147.157421
977.243880 207.284497 74.035445 147.574553
976.017638 207.717133 73.747617 147.151899
974.422482 208.081382 73.763151 146.642126
973.490497 207.829130 73.217720 147.099196
972.092334 208.248597 73.787680 146.422972
970.642499 208.943602 74.065766 146.070524
969.045947 209.048742 74.662311 146.486064
968.231634 209.317712 74.769615 146.345584
966.160431 209.832821 75.624029 146.232220
965.017639 209.486458 75.624092 146.482327
965.105154 209.637547 75.240296 145.990617
964.740166 209.616539 75.437053 146.499892
964.778917 209.687830 74.367573 146.759463
965.101457 209.313885 73.724446 147.212448
965.186770 209.060699 73.377005 146.647304
965.522321 209.664597 73.486680 146.203080
965.466857 210.409937 73.958035 144.642573
965.246262 210.393110 73.836453 144.869213
965.115103 210.541296 74.054536 144.248038
965.728452 211.107446 72.944102 143.078599
965.514914 210.795438 73.080119 146.375640
965.392963 211.280650 73.447802 146.739023
965.310909 211.697625 73.698091 146.496030
965.225817 211.798123 73.259322 147.422004
965.191227 212.483165 73.051327 144.346488
964.958680 212.575314 73.372926 144.354003
965.101553 212.772337 73.422050 145.036458
964.961639 212.647445 73.624072 145.614878
964.965020 213.024840 73.875745 145.448107
964.791730 212.830299 74.049035 145.354465
964.617232 213.162384 74.136291 144.552142
964.506520 213.934893 73.924627 144.395123
963.850785 213.909974 74.058554 145.024078
963.660991 214.491939 74.005414 145.109383
963.573436 214.777660 73.919172 145.422880
963.293831 215.261516 73.869173 144.858663
962.895001 215.541292 74.100930 144.113278
962.569174 216.255179 73.929864 144.273080
962.080978 216.549700 73.472853 144.181292
962.185806 217.408764 72.902645 143.655413
961.587271 218.346484 73.074629 143.115720
960.999503 219.253719 73.422805 142.810017
960.205898 220.059441 72.937336 142.669735
959.148360 221.255327 73.005490 141.941189
957.834633 222.444556 72.147553 141.152246
956.375127 223.997105 72.363261 140.728494
954.238713 225.421181 73.167844 140.237958
953.150237 226.854299 73.006016 140.074246
951.417544 227.997099 72.330658 140.197970
950.318308 229.602758 72.507099 140.050992
948.558228 231.035282 72.848328 140.088244
947.464467 232.515059 72.524215 139.746203
945.782884 234.255343 72.297374 139.067348
944.190521 235.504344 72.552520 138.956687
942.871911 236.127797 71.874342 139.858464
940.961576 238.217301 72.032117 139.173605
939.816918 239.738605 72.175653 138.722432
937.963174 241.065103 71.874678 138.855356
936.885517 243.050199 71.441078 138.464959
935.227718 244.723876 71.686033 138.453919
933.860845 246.433362 71.635061 138.281987
932.272169 248.278617 72.220498 138.753297
930.870348 250.142498 72.042635 137.651569
929.799737 251.479620 71.692926 138.039315
928.004239 253.416575 71.827302 137.957757
926.949114 254.909328 71.382133 138.072296
925.799732 257.168245 70.949747 137.864487
924.494041 258.478205 70.281802 138.030917
922.994583 260.001137 70.523293 138.034885
921.405627 260.686851 70.854848 138.355010
920.256808 262.524431 70.747531 138.377147
919.343903 264.984982 70.987738 137.003006
918.562545 266.920347 70.523222 136.129837
918.168311 268.693308 70.399988 136.509479
917.666032 270.807783 69.673936 135.897369
917.869206 272.471719 69.446881 135.356616
917.714670 274.386726 69.760536 135.168153
918.903203 276.132378 68.902518 134.771394
919.126302 278.159099 69.589308 134.185430
919.781487 280.114340 69.437945 133.975735
920.835902 281.640835 68.797201 134.034536
921.651066 283.569194 68.645520 133.437046
921.720143 285.318135 69.153984 133.525887
922.572506 287.122957 68.970112 133.440536
923.077555 288.829039 68.960516 133.634537
924.384087 290.524694 68.076371 133.671824
924.934986 292.490366 68.352813 133.366905
924.657170 294.534869 69.467592 133.069995
925.572473 295.918245 68.805988 133.292446
926.077599 297.155792 68.796550 133.362512
926.699311 298.425965 68.421008 132.904299
926.770065 299.121516 69.094602 133.625936
927.295233 300.281699 69.247348 133.004965
927.639914 301.020291 69.398158 132.810125
927.720122 301.628391 69.482411 133.055112
928.014615 302.628389 69.610233 132.430979
928.438237 303.291034 69.846780 132.789016
928.893265 303.628387 69.813960 132.929998
929.611792 304.281694 69.426135 133.256087
929.566630 305.122963 70.140620 133.314374
930.246156 306.024712 69.967293 132.739228
930.730503 306.808686 69.976718 132.499895
931.110989 306.748342 70.631902 133.331703
931.763098 307.979856 70.367069 132.784087
932.710786 308.640837 69.914901 133.022748
933.515529 309.056170 70.314290 132.605176
933.235382 310.746742 70.802564 132.690586
934.166356 311.819640 70.465353 132.655303
934.103708 312.506422 70.897344 133.157173
934.093191 313.273873 71.457897 133.218222
934.592366 313.748011 70.712850 133.535824
933.749519 314.296091 71.801569 134.177433
934.671056 314.901655 71.228583 133.808122
934.468249 315.861148 71.424521 133.456942
933.788233 316.612782 71.770227 133.041126
933.945045 316.406476 72.024681 133.346483
932.866644 317.894493 72.359516 132.991770
932.177537 318.471726 72.214494 132.944045
931.265696 319.267568 72.292765 133.428943
929.085075 320.217695 73.478457 133.618766
928.095170 320.898366 73.058051 133.885952
926.115310 322.124230 73.377744 133.027399
924.595132 322.603162 73.056033 132.823315
923.095239 323.532106 73.053626 132.483582
920.132160 323.877361 73.774009 133.231226
918.020179 324.693304 73.719518 133.807801
916.226554 325.780659 73.594840 132.969914
913.442312 326.104967 74.132839 133.447370
910.749002 327.005073 74.245183 133.252285
908.899730 328.228682 73.589285 132.332476
905.497780 328.978537 74.828614 132.794559
903.639602 329.825605 74.102535 132.420635
901.709208 330.962985 73.693649 132.337817
899.341395 331.172652 74.066684 132.780176
898.410961 331.603160 72.580607 133.075194
896.178580 332.516918 73.302341 132.898844
894.160967 333.487293 73.987848 132.843322
894.347800 334.124227 72.389591 132.649584
893.687309 335.072454 72.871162 133.003835
894.040918 335.562084 71.774860 133.105099
894.088048 336.267565 72.183200 133.239584
895.683870 336.132096 71.728369 133.308220
895.441070 337.626578 72.200795 133.133161
895.500461 338.312543 72.316981 133.257668
896.353730 339.503075 72.414999 132.353053
897.917109 340.286018 70.681576 132.997816
897.850844 340.890057 71.362592 133.062332
898.714698 341.793029 71.136754 133.238367
899.345831 342.522470 71.043086 133.382937
900.096005 343.159872 70.830600 134.060807
901.077791 344.537017 70.478860 133.412549
901.103073 345.722418 70.860873 133.274475
902.987823 346.183778 70.823806 133.308312
902.683236 347.228842 71.117922 134.021350
903.758909 348.042096 71.107694 133.024447
904.682524 349.048367 70.916382 132.503655
904.353981 349.484277 71.188637 133.468110
905.840208 350.477248 71.026393 132.301015
906.144902 351.959272 70.819078 132.497233
906.925241 352.640840 70.790466 131.958192
906.772360 353.167729 71.598269 132.078468
908.266658 354.293191 71.768995 131.658007
908.595916 355.042411 71.617507 131.931117
909.144878 356.749872 71.823626 131.036233
910.035411 356.236663 72.092094 132.237800
910.972936 357.775108 71.669887 131.878796
912.185471 357.934966 71.220559 132.328099
913.022756 358.348424 71.472327 133.227377
913.771348 359.447308 71.593729 133.249192
914.876772 360.492203 70.512126 133.584089
915.601131 361.408781 71.306607 133.146322
916.755322 362.767084 70.466379 132.599193
917.790503 363.819634 69.586299 132.091359
918.683352 363.818778 70.803746 132.035816
918.705838 364.730309 71.670069 131.371403
919.564561 365.837733 71.061113 131.574402
920.621549 365.988475 71.736115 132.257723
921.201716 368.004928 72.427456 131.235665
922.269795 368.382413 71.361872 132.507117
924.006881 369.293183 70.635953 132.596349
923.897790 370.024712 71.439039 132.927673
925.342431 371.375245 72.292508 132.090400
925.333530 371.838001 72.602391 133.004489
927.256917 372.697410 72.101697 132.906865
928.104158 372.634210 72.389120 133.999142
929.043724 373.331902 72.035467 134.359947
928.912890 374.648235 73.174896 133.980006
929.788188 375.717103 73.242643 133.434516
931.265868 376.761658 72.865233 132.727268
931.628183 377.063425 72.656139 133.226872
932.933970 377.856385 73.574461 132.657390
933.698047 378.666391 72.665455 133.423895
934.671056 379.666385 73.063434 133.423895
935.282360 379.968415 72.669396 133.772986
936.456479 381.007817 71.622693 133.620433
937.251614 381.861167 70.725053 133.772205
937.607098 382.972754 72.339969 133.121713
938.353714 382.972351 72.459907 133.946861
939.431684 383.946915 72.071379 133.131665
940.090742 384.245241 71.684469 134.179769
941.204062 385.154407 71.669769 135.097642
942.237947 385.785894 71.515203 135.416342
943.278258 386.556946 70.964695 136.544266
943.593748 387.140530 72.447220 135.689877
943.836516 387.893253 73.036682 134.773048
945.011682 388.462814 72.581656 133.972271
945.239387 389.738326 73.010204 134.017212
946.010392 390.261624 73.802980 133.386531
946.780660 391.124210 72.801911 133.977875
947.929773 391.580807 72.520784 134.076679
948.344568 392.286592 73.831938 134.979627
949.104489 393.487733 73.200306 135.981544
949.492236 393.630935 73.558242 135.068282
950.840655 394.185848 72.931444 135.717576
951.419112 394.662954 72.562679 134.756010
952.841366 395.307326 72.563352 134.858453
953.346466 395.691980 73.558402 135.074588
954.489162 396.919359 71.586228 135.432935
955.342696 397.572218 70.962665 134.201583
956.840242 398.497668 69.566068 134.896139
957.585336 399.138234 69.824059 134.795449
958.585376 400.250713 70.647266 134.666754
959.514307 400.560834 69.112696 134.610982
960.266670 401.212310 68.567016 133.175753
961.400330 401.908756 66.898849 133.255874
962.068172 403.179058 67.596953 132.546615
962.673415 403.718293 68.362631 133.130100
963.745170 404.230855 68.299643 133.370322
964.951326 405.177846 67.763950 132.610775
965.374398 406.278991 68.398176 132.300283
966.010556 406.469247 69.895214 133.172345
966.630735 407.730306 69.333823 133.185341
967.295265 408.492821 69.165217 134.007603
968.253857 408.893500 68.601463 133.744982
969.078416 410.291024 68.628815 133.478538
970.213360 410.748343 67.964198 133.895540
970.857200 412.043435 68.349011 133.940271
971.737545 413.245990 68.300524 133.838504
972.312775 413.975017 68.889789 134.172532
973.302202 414.693646 68.826919 135.682839
974.018664 416.221717 68.787062 134.322742
974.892578 416.054183 68.711218 135.621192
975.214268 417.412649 69.170745 134.584238
976.311008 417.710599 69.050382 135.062223
976.860755 418.776719 69.690317 135.300819
977.653627 419.932192 69.489766 135.239825
978.670489 421.205324 69.218210 134.648617
979.086248 421.710604 69.629384 135.189008
979.573790 422.290326 69.901426 135.817981
980.308274 423.469014 70.004234 135.400515
981.387200 424.725082 69.757999 134.859678
982.117832 425.428384 69.770859 135.298598
982.891438 427.087250 69.583747 134.880443
983.592357 427.932202 69.545868 135.176108
984.980234 429.159865 68.659988 134.503684
986.254001 429.829830 67.792799 135.738622
986.574154 430.481249 68.569451 135.545298
987.168282 431.503873 68.735677 135.254711
988.231427 432.685872 68.415820 135.009023
988.911748 433.693672 68.694162 135.045272
989.991860 433.695301 68.449339 135.824388
990.888723 435.412651 68.303457 134.774146
991.813163 436.100069 68.124208 135.258117
992.457298 437.511604 68.261398 135.100254
992.641022 438.648164 68.581239 134.773367
992.226393 439.557152 67.881065 135.118217
990.814913 440.237545 68.055025 135.819684
988.269155 441.731301 67.968373 135.218511
985.884137 442.739080 67.968902 135.318160
982.692418 443.965731 68.315757 134.646105
978.866714 444.443740 67.494053 135.562501
975.012551 446.326716 67.740220 134.666792
971.921133 447.220820 68.086113 135.166331
967.866707 448.283293 67.937858 135.455627
963.773371 448.962289 68.254608 135.903829
961.269179 449.862624 67.510598 136.151029
957.052399 451.100072 68.050296 135.638865
953.319462 451.893501 67.761462 136.153868
950.190968 453.321312 67.560888 135.628510
945.913237 453.639690 67.080837 136.417535
942.415625 454.962296 66.591314 136.478145
938.872501 455.454638 66.857800 136.730207
935.236015 456.756381 67.141927 136.290995
931.782632 458.374686 67.394891 135.746311
928.553279 459.237543 66.308642 135.755963
925.410039 460.338259 66.395788 136.462676
922.170225 461.489697 67.261629 135.897452
920.606466 462.259511 66.401730 137.149981
917.840976 463.732037 66.411465 135.943336
916.029492 464.879510 67.286951 136.028034
913.927242 465.778166 67.157196 136.215352
912.103115 466.593468 66.941685 137.103169
910.558837 467.724385 66.332116 137.251151
910.105885 469.204940 65.793606 137.034862
909.341052 470.581563 66.292390 136.763770
909.078423 471.500944 66.447481 137.388239
909.785013 472.973777 66.383435 136.370745
910.743192 474.566616 65.660714 135.572378
911.316860 475.211778 66.017303 137.397134
912.164759 476.778146 65.822837 137.432711
912.768958 477.049203 66.218643 137.847913
913.500344 478.816572 66.817084 136.709052
914.732601 479.916322 66.578704 136.332353
915.949849 480.685893 66.442717 136.818555
916.291186 482.145910 66.696438 137.646288
917.537011 483.816579 66.699146 136.324845
918.513086 485.151472 66.474550 135.280229
919.882327 484.573965 66.296891 137.682074
920.972102 485.927466 66.345330 137.698285
922.079465 487.261413 66.156742 137.328359
923.692246 488.870297 65.781642 137.211804
924.849587 490.074752 65.554346 136.185268
925.179970 490.898182 66.458475 135.295215
926.179943 491.957659 66.458475 135.533212
927.216579 491.387243 66.583478 136.849751
927.258670 491.427270 67.393625 137.566237
928.519323 490.657705 67.067411 137.689329
929.625392 492.520290 67.216849 134.637222
931.341327 492.223369 66.756482 134.440258
932.297281 492.127607 66.378964 133.295163
933.429189 491.016972 66.812992 134.600363
934.453900 489.682297 67.302479 135.669444
935.758234 487.672737 66.852794 137.010770
937.178808 486.808085 66.775087 136.454972
938.758196 483.297225 66.611021 138.989429
940.145034 481.394549 66.643923 139.474983
941.097603 478.137550 66.752771 140.193070
941.303863 475.611061 67.593992 142.361295
941.322535 468.962695 68.376814 147.237610
941.361335 465.116681 68.282993 148.215647
942.348395 463.798029 68.395344 147.735752
942.931659 463.951415 67.784056 145.045095
942.667603 463.625890 68.071905 142.916392
942.251608 462.789195 68.751594 141.823673
940.836776 461.262180 69.619071 140.396603
938.886603 458.910863 70.699061 140.743438
938.505001 456.291674 69.531510 140.708382
936.857895 454.037452 70.227224 140.831673
935.643075 451.664483 70.604372 140.610572
934.298502 449.540868 71.444530 140.267282
932.729378 445.459022 71.087906 141.626087
931.120002 442.363983 71.272028 143.071844
929.644400 440.913183 72.089959 141.859049
928.451322 438.004283 72.540341 141.992871
926.968348 435.561078 73.615454 141.564844
926.268382 432.823285 73.257167 141.880255
925.180265 429.658522 73.304385 142.721036
923.708619 426.840015 74.113207 142.805927
922.759621 424.508598 73.292852 143.829710
921.302326 421.742601 73.506875 143.744437
920.388344 418.863826 72.495705 143.500828
919.843592 416.189997 72.994392 143.956663
918.528498 413.326743 72.691390 143.688884
917.250644 410.363995 72.808370 144.378600
915.895621 407.863806 72.988432 144.151825
913.895623 404.915398 73.580006 144.100236
912.578376 402.121358 74.250561 144.024981
911.629017 399.495946 75.217618 144.495742
910.261472 396.842937 76.338672 144.203964
908.845886 392.981851 76.835199 145.262162
907.971358 390.285022 76.374140 145.987351
906.691809 388.214715 76.919762 145.658692
905.582100 385.285024 76.642189 146.187331
905.211227 382.144134 76.748595 147.053860
903.973343 380.518774 76.504086 145.527425
903.017665 377.076791 76.505071 145.730358
902.063855 374.336963 77.173276 146.871763
901.243011 373.544891 77.438904 144.772247
899.985382 369.396048 79.182670 145.815876
900.031791 368.608404 77.503303 145.562606
898.751623 365.767779 77.055158 146.540744
897.973338 362.419968 75.629090 148.990072
898.445632 361.281586 77.817923 149.827393
898.956596 361.165182 75.283296 149.692658
899.798300 360.463716 73.968483 148.184810
900.445682 361.802916 76.430366 146.184195
902.038060 363.058475 76.571863 145.742874
903.967119 365.108396 76.586340 144.613255
905.086432 365.942844 76.278761 144.789016
907.301450 366.942835 76.069354 144.994870
909.558486 368.506414 76.403427 144.627023
910.822772 371.100627 76.778599 143.015800
912.399808 373.027560 77.342611 142.976563
914.427842 373.845930 77.053002 143.129808
916.253505 376.643010 78.275855 141.823493
917.107380 378.891257 80.298782 141.690894
919.031810 378.621317 80.918678 143.328685
921.013718 377.284241 81.021132 147.448517
923.061077 378.589970 81.257656 147.001116
923.629402 378.866706 82.664891 147.963681
926.324392 380.191852 81.909990 147.929213
927.971055 380.804682 83.766226 149.502502
929.679376 382.250754 82.986461 149.568172
930.982205 383.571284 83.979982 148.831905
932.962472 385.850620 83.752882 147.168793
935.306145 389.044709 84.110602 146.928348
937.492548 391.616342 83.979020 145.969471
937.778322 392.700535 85.225827 146.213563
938.917610 392.151004 84.673514 147.223657
939.520348 391.047578 85.706054 148.948379
940.328175 393.223997 85.821356 147.467497
941.356534 393.245687 84.474525 148.107662
940.511116 395.083605 85.187267 146.966604
939.789565 394.344582 85.609952 148.450860
938.061835 391.798980 86.823950 152.129495
937.879766 393.637885 85.720699 150.734881
937.921045 393.689325 86.842743 150.653579
937.318946 395.058302 86.104973 149.460958
935.716566 396.924306 87.084378 148.757727
935.471576 396.202988 88.683560 150.282411
934.717904 397.646783 88.610197 150.376969
933.951658 398.179012 89.834708 150.045154
934.683049 400.040227 89.956120 149.797079
933.278119 398.202845 90.345273 151.193782
932.349342 399.632039 91.515136 149.518592
932.170667 397.879134 91.565318 151.686708
932.072788 402.055322 91.625450 148.355176
931.624403 400.819243 92.025179 149.854038
932.540621 402.971959 92.065663 148.323609
931.681706 402.591847 92.200960 147.572552
931.681624 407.723979 91.812875 144.474861
931.460354 405.720080 93.408667 147.608340
929.902420 409.055351 93.678064 143.910503
930.550792 408.351468 93.624517 145.164094
931.214518 408.039737 92.807722 146.463833
929.761466 409.156666 94.071831 145.900190
929.400015 409.979175 94.187148 146.346440
929.390561 410.580452 94.798758 146.485908
928.181988 408.154352 96.259060 149.139893
928.291589 408.828705 94.376797 149.192930
927.624814 410.627711 95.035411 148.065913
927.400868 411.229426 94.609553 148.680101
926.624809 412.079466 94.611710 148.686089
926.811993 404.921062 94.039714 157.204786
926.560740 402.912709 94.857117 159.145818
926.111128 405.517816 94.952382 157.878445
925.660175 406.632140 95.867021 157.870551
925.588225 407.056311 95.044004 158.459152
924.936743 408.908632 94.891991 157.530963
925.241574 409.791490 94.258441 156.804930
924.502601 410.223708 94.431941 157.454481
924.604235 410.055304 94.035260 157.359923
923.849606 411.257624 95.108731 156.476041
924.024371 411.408901 94.611027 157.475286
924.292310 414.068301 95.130374 155.322886
924.039095 413.132434 97.077642 156.613724
925.967869 412.841664 96.128403 157.314867
925.936786 416.660846 96.073490 153.645954
926.633840 413.826770 96.113202 157.458691
925.394630 415.907757 97.706347 156.153072
926.460843 416.467538 97.905413 155.818632
925.658697 416.802636 99.884124 155.158400
925.638202 417.932219 101.436035 155.844871
926.987859 420.200124 100.800848 153.380523
928.984452 418.989810 99.376494 155.922377
929.553653 418.522098 99.327629 157.448871
930.367184 420.817182 100.682778 156.459326
932.010595 420.444656 98.473535 156.184733
932.149436 423.365613 101.070094 155.085036
934.080561 420.582554 98.715394 157.893903
935.257905 421.895595 98.990553 156.585472
936.177131 421.599289 99.892094 157.122888
937.007892 421.068439 99.329630 158.218210
936.865589 420.272252 101.094919 158.760109
939.810366 419.269634 98.885060 158.888033
940.058168 417.843380 98.517433 160.144173
941.118585 418.779287 99.754525 158.438374
942.416397 417.890639 98.777541 159.172688
942.330473 418.621736 98.909897 157.593271
941.874825 415.085148 101.401276 160.492065
942.684655 418.071105 101.574639 157.064143
941.259791 417.053519 103.099039 157.754965
942.190957 414.792825 102.621141 160.272962
941.642734 415.211675 103.754444 159.536697
941.498902 412.834277 104.543387 161.990882
941.102704 415.568285 105.478570 157.426146
940.649770 415.719560 106.379506 157.722185
940.848655 414.529743 106.856498 158.944491
940.646800 414.502493 107.705068 158.689235
939.381391 412.539511 108.706147 160.917553
940.980564 412.526563 108.005989 160.856035
939.038134 413.800625 109.780488 159.984482
941.412360 412.366863 108.544644 161.162082
939.602650 412.745394 110.215344 162.362216
939.430548 410.724677 110.872679 164.551035
938.894066 412.727687 111.464564 164.204528
938.641369 411.836707 114.574491 166.371213
938.421609 413.384414 114.552198 165.273034
939.627309 415.771059 113.395708 164.724176
939.577492 413.661032 113.514705 167.826944
939.611733 412.215611 113.647763 170.642441
939.077510 417.078736 115.105869 167.689029
939.448203 414.733173 115.505190 169.706026
939.439763 415.556908 115.754126 170.680760
939.890876 414.640031 115.762434 173.218355
939.227990 420.076767 117.432765 169.911648
939.762184 416.547507 115.771453 173.696474
940.286532 421.665372 117.592945 170.381007
939.312558 419.448270 117.564303 172.878502
940.785744 421.019388 114.531467 173.729785
940.951149 424.009695 115.247973 173.095855
939.903444 422.014808 115.548656 176.303011
938.318224 421.955668 117.003016 177.870469
937.233605 426.358358 118.524292 175.564543
937.133648 426.611639 118.945047 176.966397
936.271450 427.613836 117.285351 177.746977
934.780956 429.142703 118.324123 177.738855
933.271459 431.323941 119.292053 177.297414
934.094950 433.267220 118.193327 177.573121
932.576789 434.136857 118.659971 177.704392
931.880152 437.196909 119.536689 177.565466
929.373244 437.116773 120.724242 177.905039
929.577982 440.326956 120.771136 176.512152
929.045244 443.025211 122.741737 175.250970
929.948492 440.801922 118.103874 178.737783
928.066321 440.570050 120.752048 181.407904
926.123748 443.639790 120.831533 179.321385
926.226976 442.892730 121.133032 182.518120
924.787215 443.639250 120.298158 182.630147
923.996749 446.032624 121.287341 182.803484
922.731395 446.123579 120.081271 182.205887
921.098994 448.800112 120.288911 181.667007
919.815435 449.497177 122.892355 183.583206
916.010270 450.767414 123.788065 181.276295
917.129625 450.693388 120.945108 184.605772
915.684031 453.638948 122.394297 183.584083
912.609401 454.023231 122.725848 183.968869
912.423216 455.980606 122.929670 184.098632
909.889348 456.623212 125.054360 185.095625
909.276228 458.224401 126.598272 184.775575
907.942228 458.287280 126.879295 185.490479
907.305320 460.981509 127.836492 185.276575
907.262140 460.695221 126.610975 187.044906
907.933236 462.053107 127.548972 185.247853
909.062341 462.343237 127.673633 186.293073
909.861243 462.399196 129.376204 188.373582
912.230430 464.157760 128.807091 187.600654
913.649175 465.174641 129.106171 187.841887
914.971287 466.174634 129.534247 187.933748
918.375715 465.611073 128.466667 188.864507
918.577417 464.962407 130.314431 189.513173
920.215731 466.168722 130.625569 189.099538
923.533162 466.012821 129.659521 188.329994
924.053533 464.311948 130.755783 190.728228
925.973721 463.937559 130.533685 190.260765
927.414339 464.104252 132.116927 189.999559
928.814276 461.843784 132.493363 191.909602
931.057619 462.736386 132.592609 190.531616
932.532424 461.071988 132.836789 192.068192
935.200709 465.254664 134.226568 189.442457
935.944313 467.790724 133.214336 189.230116
936.915384 468.448366 134.961905 192.691395
939.707531 472.156709 133.953213 189.550216
940.794662 474.665696 135.222238 190.863417
943.501329 476.209753 132.898980 190.000966
943.648355 477.820323 134.190143 191.310223
945.538345 478.315110 134.076147 191.341436
946.802246 480.082385 134.812244 191.442977
948.101912 480.797789 133.926183 191.811490
949.366112 481.668897 134.703746 192.479665
950.232461 483.538270 134.301013 191.531315
949.862815 483.409369 136.433381 193.115984
950.295879 485.316132 137.316738 191.885889
952.177594 485.927618 136.375871 192.816025
953.068702 487.057273 136.786568 192.686358
954.238354 487.797725 136.768769 192.568385
955.491795 488.276238 136.819586 193.656516
955.487631 489.771238 137.727186 192.725322
957.203876 489.469461 136.482196 193.837594
958.960111 490.637568 135.196539 192.739175
959.526855 489.770567 135.665183 194.595853
960.119108 491.115305 136.037554 194.113176
960.805658 491.721504 136.124427 193.278217
961.827752 492.014341 136.103420 194.013061
962.381199 493.022228 135.495901 192.707940
963.103595 493.437818 136.616844 193.199244
964.058662 494.022227 136.174242 193.085281
964.298093 493.751638 135.976155 193.992007
965.310341 494.499174 135.998340 194.365981
964.830874 495.115306 136.349681 193.828740
966.560806 494.177695 135.293721 195.877455
966.057419 496.641916 136.402912 193.710358
966.607686 495.262409 136.926838 196.155986
968.208227 496.504290 136.348475 195.611275
967.590038 496.782276 137.452177 194.250008
968.821929 497.571609 135.994980 193.271562
969.743977 498.145394 136.263142 193.976722
969.864065 497.795811 136.897818 195.148235
969.064175 499.969351 138.280479 192.709040
970.855771 497.156678 136.662917 196.418556
970.766486 499.160579 138.172277 195.050756
971.848666 500.291248 137.465395 193.394577
970.455732 501.252852 139.531647 192.959546
972.619550 501.318960 137.319207 192.791960
971.687998 501.376813 138.619630 193.094304
973.652938 502.223999 137.764908 192.524747
972.953956 502.897511 138.807911 192.668078
974.402285 501.233049 137.493109 194.587320
974.540763 503.871657 137.959290 192.471511
974.569347 502.811183 138.268442 193.928799
974.850986 503.318957 138.482764 194.596376
975.073668 502.843034 138.483069 194.463772
975.507768 503.805015 139.045196 193.899606
975.459792 502.690559 138.716213 195.728920
975.087724 505.302464 140.360347 192.865179
975.766956 502.908916 138.936787 195.019905
976.302075 505.302464 140.237633 193.820915
977.175537 501.846990 138.203037 196.804013
975.775271 505.942186 140.969304 194.469622
977.493528 505.257371 139.008534 193.644171
979.023897 506.584872 139.224081 194.074203
978.766989 504.370698 138.103404 196.504973
980.469518 507.044090 137.198494 193.696253
979.525566 505.613780 138.537591 195.315025
981.247210 507.428020 137.212808 194.143677
982.675071 506.633404 135.462567 194.752731
981.917784 508.282593 136.787254 194.057967
983.108242 506.613788 135.350535 195.220596
981.877414 507.600515 136.905507 195.038028
983.741103 507.782284 135.000070 194.155429
982.252443 508.791614 137.246205 193.682381
982.400879 506.060154 137.208682 196.585536
984.341952 508.298327 135.965569 195.330691
983.008940 508.943246 137.076952 193.231831
983.091122 507.128568 136.990124 196.479978
984.524155 508.504286 135.497254 194.181547
982.911178 510.445184 138.170216 193.436708
984.057090 508.450804 137.214736 194.544329
981.240077 509.833144 140.123749 194.625158
982.356692 510.227269 139.774971 193.161895
984.194811 509.886208 138.512172 194.533278
982.604085 509.886208 140.480694 195.199457
984.841500 509.657110 138.111164 195.230225
983.411819 509.176780 139.978743 196.079308
985.496773 510.594597 137.752876 194.224222
984.354872 509.852367 139.597404 195.464065
984.395892 510.451153 139.578581 195.774793
984.081024 509.855826 140.344243 197.178196
984.642244 511.269343 139.584155 194.911569
985.087726 510.016023 138.747326 196.437728
985.231569 511.976575 138.657906 194.578608
985.731451 508.805343 137.820271 197.217861
986.013545 512.017849 139.027411 195.074908
985.201679 511.149854 138.571350 195.922536
985.350654 512.751100 139.172718 193.396166
985.194510 510.128110 139.591264 196.739950
985.946873 512.473367 139.214028 194.662115
985.911714 510.451366 138.618813 196.216538
986.356684 513.141893 139.002146 194.149570
985.766959 510.693404 138.784759 196.329796
987.044389 513.789276 138.854866 192.738446
985.758956 511.450800 139.529793 195.770869
987.357345 513.368528 138.606461 193.709374
986.710697 510.721149 138.482651 196.767855
986.659666 513.107419 139.391571 194.161223
986.233335 510.857124 139.394439 196.569421
986.715928 513.892235 140.317333 192.640245
986.749372 511.288408 139.654847 195.657035
986.703648 512.976580 140.029062 194.292063
987.785999 511.478633 138.507435 194.513632
987.459762 511.090900 140.401485 196.281226
986.988470 511.781571 139.544943 195.712040
987.667453 511.657120 139.682685 194.944914
988.175526 512.358549 139.117895 193.978808
988.382765 510.774665 138.854798 195.248538
988.691509 512.784955 138.844805 194.146755
989.334580 510.614154 137.689588 195.199548
988.547950 512.584857 140.159040 194.938321
989.056183 510.830631 138.224203 195.558549
989.475223 509.722053 137.528059 195.567971
987.694458 511.811896 139.933352 195.167981
989.271629 510.452502 137.541528 194.167485
988.138320 510.954899 139.972721 195.619979
989.151757 511.277168 137.275882 193.454790
987.814734 512.252871 140.467574 194.385681
988.395930 512.187290 138.206182 192.902212
988.535820 511.296650 140.354971 194.278584
988.147328 512.524990 140.291389 193.452260
988.603687 511.858847 138.247748 193.242563
988.360790 510.899280 139.912122 194.865232
987.327495 511.881518 139.654070 193.550977
988.031751 511.108119 139.129389 193.820696
987.233331 511.281150 140.233819 193.948512
987.380067 511.345495 139.607521 193.588703
986.874661 511.372418 139.905182 193.839825
986.538402 511.516134 140.610356 193.720422
987.872632 511.871715 138.267772 192.120555
986.814704 511.338206 140.620943 194.158356
986.596591 511.095801 139.613290 193.671946
986.766955 510.898637 139.776804 193.882057
987.162396 511.122367 138.689000 194.114190
986.500815 510.356806 138.975021 194.778037
987.905520 511.385060 137.630761 193.566869
986.920623 509.291941 137.915453 195.246343
985.927878 511.325701 140.010869 194.142005
985.627983 509.881973 138.844873 194.016419
987.280038 512.100852 139.433770 193.271264
985.665925 510.153968 139.451305 194.753743
985.735099 511.264286 139.481788 193.522783
986.031759 510.489439 139.512004 193.983400
986.339345 511.421694 138.663904 193.739207
986.123819 509.398425 138.199008 195.429548
986.527094 511.298330 139.838496 194.465071
986.022659 510.416988 139.128468 195.180100
985.999804 511.095801 138.378785 193.671946
986.106548 511.046183 139.081142 193.513799
985.976052 511.018040 138.217309 193.832757
985.756524 510.384922 138.819727 194.552787
985.233339 511.291247 139.015005 193.679414
985.811442 510.356806 138.821579 194.588627
985.143899 511.682040 139.104445 193.955391
985.470150 510.577133 137.475732 194.351682
985.937133 509.985800 139.639184 195.330632
984.635389 511.238044 139.835147 194.508514
985.241144 509.881973 138.146528 194.392251
984.976065 510.149703 140.047817 195.892811
985.364656 510.806541 139.281322 194.345140
985.250937 510.462105 139.438153 195.345207
984.953341 510.435570 139.561694 195.378066
984.507049 510.302940 139.931676 195.224760
984.880209 511.489561 139.545057 193.562707
984.855359 509.774647 139.076843 195.626836
986.214857 512.044091 139.149724 193.600643
985.210366 510.019317 139.737824 195.264945
984.327478 511.107409 140.034846 194.352192
985.438038 510.948768 138.244621 193.137426
984.743527 510.823654 140.144939 194.795704
984.775276 511.358528 139.130281 194.073967
984.411815 509.774647 140.055348 195.154168
984.791992 511.498786 139.556576 194.247772
985.515702 510.126628 138.032788 195.069067
984.943641 512.071084 140.601395 194.236116
985.747319 510.100138 137.401250 195.572880
985.991412 511.543465 139.708468 194.637647
986.699244 513.302471 138.364795 192.484607
985.275358 511.366720 139.560778 193.796263
987.586606 513.587049 138.875315 192.573848
986.242649 511.718706 138.970596 193.713699
986.723740 511.926366 138.985629 194.036588
986.898995 510.690576 138.429104 194.782279
985.422920 511.149697 139.598468 194.840599
986.612315 511.345495 138.987833 194.156758
985.659914 511.240382 140.049455 194.635269
985.864341 510.948768 139.193219 195.218882
985.735099 511.081200 140.635671 195.468024
987.151742 511.688899 137.807209 195.254540
987.247736 509.693408 137.700454 196.897607
986.042109 511.489561 139.396591 196.341004
987.841500 509.445221 137.269703 197.326509
986.469037 511.620434 138.909540 195.920407
988.722896 509.607818 136.258627 197.444468
987.603648 510.462105 138.399595 198.134413
987.859730 509.615055 138.228193 198.424389
987.946872 509.374235 138.293664 198.215471
987.421908 510.498731 138.818629 196.829023
987.715959 510.744606 138.547756 195.978716
986.417317 509.881973 139.336437 196.762770
989.193505 511.029678 135.993915 195.626133
986.061723 509.642313 139.679463 197.720501
988.562492 512.187992 136.740683 194.088560
985.547778 509.400151 139.760414 197.856791
988.395306 511.532813 136.754340 194.935111
985.789204 509.642313 139.800909 197.243989
987.550824 512.187992 137.906111 194.279931
985.636034 511.604852 139.632964 194.884142
986.786013 510.770386 138.201601 195.281902
985.895864 510.577133 139.869712 196.825977
985.980389 510.318152 139.336569 196.791813
987.496785 510.897257 137.829528 195.280397
985.150055 510.310426 140.401659 195.660232
986.200440 511.070053 139.433306 195.322946
984.785203 509.424847 139.816868 196.817395
986.810191 511.569592 139.046195 194.828016
984.634337 510.261092 140.292966 196.165437
984.761061 511.557440 140.567636 194.143614
984.596595 510.368822 140.147919 195.304197
984.437685 511.725273 142.079557 194.380342
983.416213 509.779965 141.986890 197.138499
983.692274 511.879487 141.411591 193.635508
984.497860 510.123745 140.242428 195.098722
986.185728 511.368518 140.644889 195.338416
984.324002 510.477135 141.925664 195.769609
985.783555 510.625304 139.355001 195.871902
985.081029 510.789943 139.961299 194.907159
986.009339 511.881518 139.735241 194.697320
986.130788 508.365587 138.926772 198.041817
986.257157 511.188003 139.430786 195.529963
985.507024 510.770386 139.626663 195.947883
985.259656 511.277168 140.012310 195.160051
985.081029 510.922588 140.267545 195.155309
985.081029 511.319313 140.344243 194.568026
985.331994 511.055028 141.064783 195.022869
985.296586 511.161917 139.738445 195.111276
986.529454 510.903815 138.752426 194.579934
986.557383 511.108119 139.678594 195.147966
986.922142 511.302961 138.287719 194.654396
986.283061 510.443870 139.655686 196.098142
986.628335 511.187285 138.864551 195.367898
986.162403 510.948768 139.832922 195.600456
986.715928 511.714278 138.776958 194.363619
986.371505 508.934826 139.720448 197.200034
987.466626 511.188003 138.386683 195.916661
986.735086 508.640978 138.264605 197.766425
987.497766 511.082010 138.916691 196.114033
987.042130 511.302961 138.939414 196.275898
986.792002 510.317662 138.640308 196.950980
987.064859 512.855720 138.734317 193.581499
986.533077 509.380600 138.963143 197.392603
987.120698 512.862954 138.732612 193.505825
986.887727 510.802371 138.381270 195.214149
986.866644 512.682036 139.589726 194.337778
986.717437 510.722069 139.513962 196.040484
986.348770 511.582821 139.540715 195.451201
988.044364 512.714283 136.861168 193.413436
986.599067 510.186063 139.238707 196.285056
987.238465 512.888385 138.407497 193.094210
986.387583 509.885568 138.750048 196.123188
986.483974 512.660162 139.184022 193.631281
986.986396 511.042964 137.432263 194.320603
986.138323 510.650046 140.049343 196.478311
987.120698 512.438741 137.207303 193.525888
986.701785 509.941563 139.503936 196.839715
986.495656 512.473367 138.685605 193.513481
987.625951 510.936616 137.860756 194.514928
986.354846 511.795110 139.673598 195.120220
986.834810 512.620455 138.680201 193.526811
986.621955 510.667922 138.495787 195.631946
986.691477 512.002780 139.303848 194.260161
986.054295 512.122360 139.345664 194.019269
986.295241 511.042964 138.865907 194.226597
984.995210 511.543465 142.404468 196.268841
986.361581 512.997298 138.371877 193.115012
986.448373 509.613662 138.523058 196.961577
985.081029 512.116043 140.574750 194.181101
985.747319 511.964172 140.074575 194.373184
985.290955 511.568039 139.925932 194.769317
985.747319 511.964172 139.611511 194.278070
985.022672 511.196606 140.270776 195.420175
985.188119 513.116028 139.918277 193.130716
986.247742 512.240401 138.614521 193.688433
985.533090 511.338174 139.114987 194.772750
986.302054 511.858847 138.769997 194.282782
985.322666 509.884461 139.685773 196.345217
986.583932 512.245911 138.907718 194.819727
986.162403 511.126644 139.373879 196.109922
986.188104 512.463760 139.457859 194.546167
985.984870 511.395344 139.246536 195.746301
985.170434 511.568039 139.871894 195.436576
985.437690 511.524063 139.451790 195.840018
985.259656 511.657120 139.477203 195.706962
985.130813 510.989893 139.307912 196.469718
985.011010 512.070038 139.634967 195.131281
985.834834 510.153332 139.293239 197.184023
984.420643 511.029678 141.367187 196.009760
984.390592 512.806384 141.528818 194.306679
985.715944 511.208824 139.390453 196.037928
984.541557 511.789948 140.500771 194.907159
984.615147 511.789948 140.040626 194.812086
984.596595 512.095821 140.071426 195.195642
984.526496 511.524063 139.439311 195.077970
984.290922 512.227288 139.849462 194.490981
985.175521 510.747727 138.431034 195.754512
984.469018 512.002780 140.054354 195.312464
984.348760 511.390823 139.388095 195.116274
984.834814 512.620455 139.601036 194.384160
985.350654 512.063592 138.636928 193.849540
984.444044 511.621906 139.889699 195.750220
984.615147 512.451163 139.045466 192.920770
985.627163 512.177850 139.561477 194.423222
984.753091 512.740431 139.398049 192.910569
985.502762 512.400153 138.678231 193.051391
984.332888 511.119028 140.701648 195.862440
985.462321 513.220839 139.017657 192.269191
985.535804 511.366720 139.429485 194.171570
984.895871 512.551976 139.946249 193.799342
985.162410 512.253798 139.069003 194.172731
985.207554 512.372437 138.877221 193.462026
985.590032 512.795120 139.049937 193.410254
985.723746 512.532020 138.985629 193.673353
985.283067 511.356823 139.579196 196.685701
984.691423 511.498736 139.489832 195.107150
984.999772 511.964172 140.139187 194.563549
985.307691 512.881539 139.360330 193.741433
986.334553 512.108137 138.298468 194.293365
985.887740 511.489455 139.522456 195.596220
985.703643 512.714283 139.185836 193.602988
987.280038 513.543475 138.042163 192.270227
985.701475 512.852970 139.757351 194.755577
986.438070 512.683261 138.397014 193.590959
986.152199 510.802371 139.487756 196.065689
985.565614 510.878044 139.393337 196.227556
985.188119 512.985977 140.457981 193.737345
986.263188 511.416975 138.039525 194.895640
986.051731 511.090900 140.740154 196.281226
986.020057 512.045040 139.746788 195.736994
987.497766 511.878052 137.765918 196.036302
987.302048 511.126644 138.005440 196.204889
986.469037 510.613289 138.833662 197.701941
987.638707 511.365512 137.678251 196.962248
987.087745 510.830631 138.366754 196.792339
987.143933 509.911865 139.128038 198.987877
987.920623 511.583379 138.897935 196.752198
988.319046 510.669853 138.723292 197.435755
988.549305 511.897263 138.088481 195.280397
987.678374 511.710211 138.569961 194.502051
986.927871 510.288415 139.096258 196.511399
987.493533 509.989888 139.162251 197.044133
986.565644 511.161917 140.310329 194.824932
986.880219 510.390818 139.391752 196.547308
986.937253 511.277168 139.006035 195.255312
986.646540 511.740445 139.341061 195.095564
986.022659 511.283517 138.977032 195.029097
986.959141 511.858847 138.871601 194.948458
986.073693 511.726795 139.615390 195.844885
985.654969 512.451163 139.456234 194.245943
987.247216 512.635942 138.672072 194.144767
985.938834 513.674338 140.085295 192.892920
985.659914 512.090894 139.364222 194.759913
985.201679 511.416975 139.633406 195.370090
985.571924 512.751100 139.325849 193.967169
984.513568 511.176795 139.356795 195.698875
984.747299 511.568039 141.084591 195.723424
984.713684 512.830674 140.370268 194.375111
985.571924 512.568037 139.249174 194.294523
985.691483 512.372437 138.997607 194.218577
985.054299 511.176795 139.269831 195.698875
985.130813 513.011819 139.613701 194.471196
985.250937 511.343763 139.514645 195.212958
985.307691 512.227288 139.974190 195.159929
985.170434 511.922593 139.566426 195.250656
986.443149 512.037060 138.224872 194.730706
985.500819 511.577152 138.899144 195.869509
986.270059 511.948754 138.397962 195.028482
985.589692 511.843042 139.114055 195.413061
985.834834 512.871701 138.909679 194.295935
985.943636 512.489449 138.684141 194.266766
985.459774 511.975692 139.939279 195.185223
985.081029 511.524063 139.655831 195.268162
985.219332 513.141893 140.139498 194.436966
986.443149 512.416984 137.995576 193.951342
984.906734 512.135853 140.426997 195.683995
986.411493 512.938393 138.311023 194.498835
985.210366 512.090894 140.041697 195.423596
984.901807 511.789948 140.140521 196.244079
986.033855 514.479970 139.667622 193.534221
985.143899 511.829252 140.093673 196.477553
985.859731 514.090975 139.841745 193.445220
985.322666 513.240396 140.067888 194.730275
985.571924 513.700277 139.709956 194.352007
985.022672 512.261101 140.117745 195.596138
985.803376 512.542267 139.688274 194.990221
984.945833 512.302959 140.834849 195.988502
985.946873 513.700236 138.983180 194.122546
985.322666 513.240396 139.762105 193.971861
985.339351 513.385070 139.809419 193.661700
985.233339 513.108133 139.318379 193.726326
985.547924 513.543475 139.314340 194.066060
985.322666 512.975688 139.229053 194.520544
985.954018 513.253814 138.964685 195.030752
985.380093 513.196616 139.607521 194.376770
986.302054 514.784951 138.081659 192.243759
985.688035 512.662753 139.149779 194.148860
985.411811 512.767410 139.749338 194.393505
985.646553 513.385070 139.036139 194.326966
984.874669 512.042960 139.071209 195.074746
985.699211 511.816094 139.131498 195.066033
985.022672 511.016009 139.355918 196.342300
985.715944 512.725258 138.624111 195.147829
985.954018 511.663226 137.518844 196.239427
985.427606 512.196622 138.423803 195.610699
985.959109 512.462115 138.181276 195.154682
984.874669 512.176791 138.995695 195.319441
985.612283 511.816094 138.911089 196.115602
985.834834 512.964171 138.375051 195.040443
986.388694 511.640194 137.690553 196.045641
985.427606 512.462115 139.414514 195.345207
984.686004 512.435589 139.676319 195.569024
985.143923 513.319323 138.974824 194.092843
984.678387 513.240396 139.330056 194.066413
984.589696 512.975688 139.038086 194.236570
984.589696 512.975688 139.266355 194.236570
984.855359 513.516144 139.153084 193.720422
984.589696 513.805020 139.418747 193.519516
984.986408 513.767406 138.646619 192.502150
984.298217 513.206747 139.978016 194.100319
984.290922 513.477353 139.925932 193.362369
983.513572 512.710206 140.038150 194.029928
983.646534 511.683252 141.266843 195.389139
984.069002 513.609191 141.175736 193.500774
983.420700 511.770385 141.553795 195.566970
983.661292 512.795490 141.335423 194.098974
984.437685 512.409813 140.449052 194.646784
983.721962 512.451163 141.164775 194.817479
984.495644 512.542267 140.523648 194.324358
984.507049 513.227286 140.084434 193.919978
984.290922 512.594577 140.079100 193.884305
984.823454 512.608979 139.699918 194.273149
984.380061 512.594577 140.066613 193.884305
984.469018 513.002766 139.977657 193.784298
985.302061 512.990711 138.463528 193.582682
983.726432 511.450800 140.302038 195.297930
984.011026 512.855720 140.403461 194.249880
984.571904 512.568037 139.402570 193.821144
983.241185 513.029711 140.843590 193.750998
985.389367 512.170101 138.672497 194.219080
983.483265 511.621906 141.532069 196.324665
984.829193 513.545307 140.082066 193.326138
983.451714 510.693404 141.620337 196.992431
984.097334 512.782814 140.635015 193.948699
984.112235 512.568037 140.564715 194.864477
984.348760 513.070045 140.383941 194.844309
984.703638 512.123755 139.798418 195.668475
984.791992 512.277176 139.786900 195.446154
984.703638 511.502865 139.415109 196.024855
984.968266 511.789948 138.921208 195.383301
984.290922 511.816094 139.849462 195.351542
984.791992 511.257378 139.479969 196.106703
985.406334 511.922593 139.172558 195.537018
984.775276 511.234569 139.739759 196.770044
985.549334 512.161923 139.161425 195.398171
984.686004 511.234569 140.135094 196.293150
985.375171 512.425827 139.566920 194.847373
984.753091 511.016009 139.853496 196.056381
985.452684 513.245895 139.269832 194.434977
985.162410 511.505545 139.526681 196.085465
986.755799 512.582826 137.813549 194.876786
985.659914 510.614154 139.212512 197.376151
986.466604 511.498736 138.309825 196.252896
985.201679 511.283517 139.938738 196.648180
985.859731 511.631777 139.378212 195.545882
984.721967 511.257378 140.549999 196.011264
986.033855 512.438741 139.977716 195.439526
985.833268 511.855836 138.821727 195.841275
986.787572 511.903813 137.956942 195.623906
985.806722 512.240401 139.882362 196.162729
986.895878 511.696280 138.660941 195.434778
985.391509 511.283517 141.208625 197.223800
986.273644 513.128717 140.148756 194.507053
985.596570 512.283526 139.537117 194.745184
985.380093 512.345481 140.758897 195.299248
985.139713 512.144333 140.494033 195.102419
985.259656 512.144333 139.935657 195.388155
984.991486 512.055033 140.818192 195.691535
985.228904 511.853103 139.944013 195.492371
985.615152 512.319318 139.963745 195.427250
985.526501 511.744614 140.052396 196.360994
985.849226 512.384839 139.553877 195.342398
985.685979 512.302959 139.829031 195.510696
986.406339 512.524068 138.788974 194.983034
984.997777 512.462115 140.614861 195.631381
985.937247 512.498719 139.389066 195.202323
985.201679 512.832339 140.321725 195.076749
986.143928 513.187295 138.974824 194.700055
985.088261 511.505545 139.990980 196.275159
985.317980 512.425827 140.546960 196.190799
985.086218 512.232042 140.690233 196.807385
985.198588 512.474153 140.181375 196.281380
984.601293 512.498719 140.801810 196.061357
985.685034 512.474153 139.014722 195.420299
984.843096 511.747736 139.839596 196.324664
985.462321 512.409813 139.788945 194.836939
984.572603 512.568037 140.950801 195.819177
985.157429 512.252221 139.542326 195.570560
984.864366 512.435589 139.574359 195.187381
984.596595 511.636727 139.765729 196.942130
984.596915 510.509677 139.553900 197.504514
984.994503 512.269355 139.539323 196.062926
984.116494 511.477142 140.376407 196.819994
984.642244 511.740025 139.891582 196.303589
984.761061 511.498736 140.026763 196.348757
984.406889 511.897263 140.149924 195.950230
985.025148 512.011307 139.301159 196.285829
983.991481 512.011307 140.203827 195.903047
985.841531 512.144333 138.264881 194.817232
985.016895 511.577152 139.007246 196.060294
984.526496 512.055033 139.286646 195.691535
985.009319 512.700279 138.124373 194.541961
984.105777 512.223957 139.146298 195.100578
985.730998 512.345481 137.639038 194.346565
983.726432 510.936616 139.997580 196.501765
985.068288 511.384840 138.642466 195.725125
983.843064 511.416975 139.611417 195.655416
985.185723 512.055033 137.933019 194.832311
984.105777 511.070680 139.374679 196.272482
984.188134 512.463760 139.381229 195.121073
983.864345 511.502865 140.340566 196.024855
984.245742 512.557446 139.761238 194.811339
983.953320 510.830631 140.251590 196.316632
983.980390 511.649526 139.566086 195.748081
984.493518 512.187290 138.855046 194.414744
983.322674 511.710211 139.838483 195.545893
984.493518 511.922593 138.855046 195.060007
983.627996 511.683252 139.527249 195.484384
984.493518 511.390823 138.778439 195.782426
983.775255 511.550204 139.054336 195.617432
984.958932 511.568039 138.631206 194.959682
984.073706 511.726795 139.157712 195.557756
984.219311 510.881959 138.382764 196.190432
984.612296 511.832341 138.528102 195.172274
984.427613 510.908928 138.499703 196.537733
984.406329 512.095821 139.095722 195.483038
984.395892 511.100136 139.272108 197.287078
984.333894 512.425827 139.136000 196.094434
985.013540 511.989898 138.335023 195.707213
983.895877 511.529376 139.107385 195.802157
984.319026 512.582826 138.876277 195.355305
983.646534 511.613299 139.800154 195.983785
983.833299 512.938393 139.659618 195.934702
984.754192 512.744621 138.824695 195.216951
983.627996 510.937990 139.451258 196.754066
984.200429 512.557446 138.972477 194.906970
983.717456 512.063592 138.982386 195.553205
985.044393 512.037060 138.468568 195.395454
983.806735 512.329471 138.817389 196.050745
984.443153 512.037060 139.069808 195.585911
983.147315 512.964171 140.214987 195.614687
985.606492 512.074387 138.194317 195.697351
984.088268 510.991975 139.763142 196.815346
983.356048 512.425827 140.267057 196.287256
984.287877 511.964562 139.654208 196.404205
983.296617 512.409813 140.809795 196.848535
984.215431 512.159766 140.153649 196.188004
983.601287 511.561818 141.109472 197.669743
983.920399 512.601838 140.270107 195.897733
984.977868 512.631760 139.282489 195.832639
984.703638 511.721591 139.415109 197.120740
984.317974 511.964562 140.624116 197.170909
984.683563 511.890703 141.227692 197.126526
983.632898 510.294525 142.572673 198.367698
984.149238 512.573243 142.313052 195.862114
984.541587 511.647989 141.741553 197.398665
984.422242 511.355970 141.759138 197.500009
984.781976 511.625025 141.399403 197.230954
983.907087 511.270622 142.453668 198.000886
985.127216 512.803465 141.335074 196.053011
985.020068 510.726426 140.283108 199.571945
985.682284 512.004848 139.947856 197.527290
985.642233 511.537319 139.814702 198.373848
985.612215 511.782236 139.666866 197.746295
985.109409 512.474153 139.275946 196.761833
986.325044 513.674499 137.178310 195.144327
985.152212 511.856989 138.647813 195.970991
985.612283 513.095819 139.141501 195.099980
985.469050 512.948764 138.757831 195.218882
985.691483 513.871711 138.539929 194.295935
985.283067 512.153955 138.665129 195.413297
986.045445 513.253814 138.171410 194.267834
985.811442 512.737907 138.212700 195.225066
985.691483 513.108133 138.159926 194.104125
985.327770 512.471613 138.472254 194.639320
984.943641 512.372437 139.676822 194.408272
984.112235 512.081187 139.951772 194.421053
984.219311 512.213436 140.293625 194.004525
984.201647 511.948754 140.398468 194.363860
983.147315 511.302961 141.829370 195.701654
983.772579 513.196533 140.596501 194.012496
982.785207 512.037060 141.035870 194.257692
982.901797 511.123750 141.680798 195.193521
982.633521 511.649526 141.527404 195.844085
983.376464 511.073879 140.311455 194.964423
982.541547 511.055028 142.351681 195.022869
983.020044 511.532813 141.596869 195.030935
983.266243 511.384840 139.669275 193.915755
982.895884 508.964913 140.329711 197.005744
982.751195 509.872656 140.168570 196.459625
982.086197 510.913386 141.228880 194.146374
981.451154 511.070053 141.204655 193.891519
981.507032 510.302940 141.160308 194.559601
981.565629 510.277184 140.617717 193.832033
981.327461 510.081191 141.185479 193.947514
981.507032 508.903796 140.928822 194.769203
981.654985 508.011299 141.068431 194.665575
980.845247 509.763413 142.033031 193.917475
982.099634 506.718781 139.929859 196.390428
980.231602 505.292332 142.479145 198.324287
979.426618 509.159260 143.192331 192.764012
980.386430 505.342716 141.802135 197.644138
979.786954 506.427344 143.251428 195.948330
979.420605 506.427344 143.617777 195.278491
979.392528 507.652413 142.572872 193.124503
980.476106 503.855263 141.402187 196.726908
978.895003 506.294524 141.770860 192.649748
979.469039 505.081189 142.537755 194.231428
979.085280 506.350477 141.384593 191.666428
979.233364 503.288413 140.310424 194.713343
979.615168 503.976580 141.122632 192.867291
979.268769 503.871708 142.037835 192.120555
979.391499 503.516142 141.208625 191.645991
979.570305 504.613739 140.445015 191.142478
979.061710 503.177862 139.755180 191.600737
979.227099 503.353857 141.193879 190.331566
977.592503 502.477953 142.288999 192.060321
977.662930 498.666474 142.095160 195.607748
977.055756 501.096935 142.236162 192.036256
975.640945 497.394126 142.575945 195.786026
974.658465 498.377302 144.087327 193.187887
974.662196 496.025333 142.799334 195.371259
973.036751 496.508943 144.029903 193.625237
973.055769 496.020774 143.322362 193.375824
971.217994 494.183934 144.948949 194.927462
971.722288 494.314519 144.313733 193.701735
970.849500 493.360670 144.997504 194.415699
972.331978 490.950883 142.082494 195.329624
972.027616 490.207503 143.683199 196.356260
970.698957 490.405065 144.709965 195.491327
970.091177 487.976392 145.157878 196.966094
968.754500 489.157682 146.232050 195.407114
969.666804 485.758417 143.144849 197.917984
969.639255 485.564620 143.977954 196.918829
968.829917 486.460537 145.824954 194.718435
968.563307 486.172755 145.101040 194.219644
968.306769 485.160699 143.101383 194.878308
966.849467 483.916244 145.862210 193.987854
966.619670 483.842125 145.382134 194.051878
967.328607 481.241507 144.731161 196.521268
965.686665 482.178504 144.521467 193.856555
965.934887 481.337214 141.870305 193.775112
965.845247 480.542275 141.800853 193.661425
964.630382 479.657120 143.652469 193.620609
962.703506 479.005104 144.447904 193.370708
962.316510 477.962166 142.359504 193.772236
962.330109 477.557449 141.843786 193.005799
960.933694 476.037062 141.582343 193.692028
960.451140 474.257376 142.519956 194.397535
959.809078 474.005090 141.126403 192.805192
957.920977 473.213437 143.063770 191.284195
958.241917 471.740435 141.022987 191.783117
957.519359 470.754138 142.905938 190.914528
957.304657 470.815865 141.532856 189.785565
956.733992 468.296636 142.023400 190.357959
956.204160 467.057455 140.731568 190.063026
956.179932 466.512458 139.332439 189.146817
954.993736 464.922276 141.124275 189.815303
955.111509 463.338186 139.527715 190.505963
953.397371 463.415090 140.155400 189.342515
952.077019 461.499183 142.188055 189.693084
952.428459 459.400159 139.990927 189.982212
951.555998 458.897503 143.489441 190.790179
950.284589 458.394741 141.756286 188.164312
949.236084 456.507287 142.455297 189.326192
948.816101 455.742300 143.001913 189.756991
947.896450 454.412417 141.997746 189.609618
946.801197 453.353856 142.417026 188.480787
945.995819 452.256668 139.488152 187.388360
944.774568 449.724188 138.931365 187.440937
944.019212 449.054587 137.194683 186.649299
942.608973 447.124867 138.588607 187.460858
940.992367 445.539216 138.061997 187.887371
940.254651 444.669075 139.192688 186.308633
938.992362 441.757144 139.776466 188.123920
938.286087 440.084035 139.527217 187.904905
937.104644 438.862687 139.708666 186.762630
935.774533 437.538278 141.570787 187.629473
934.729997 435.797712 140.444766 187.746618
933.949706 434.733671 139.393015 186.622268
932.747694 432.539223 138.727202 186.437211
931.873813 430.959523 139.665388 184.122618
931.155380 429.785138 138.595692 185.709611
930.090753 427.993552 139.763107 187.326198
929.578311 426.527710 137.594992 185.323396
928.907631 424.598119 139.336180 184.845498
927.819064 423.377869 137.500348 187.033133
926.630157 421.313038 138.696903 188.011821
926.308258 420.152757 138.973487 185.831672
925.391729 418.732863 138.642962 185.324583
924.540634 416.865085 138.861496 186.726937
924.432639 416.717177 137.736643 185.527324
923.217647 414.642435 136.822521 185.674291
922.942495 413.064109 136.068858 185.870176
921.757156 411.453791 135.037259 187.558783
921.718951 410.031113 133.645138 187.178173
920.847790 408.456191 137.341089 187.543023
920.480941 407.860764 135.088563 186.737154
919.896825 406.067246 137.900437 186.675897
919.022509 405.121376 129.646922 185.242245
919.350957 402.023511 134.599189 187.591591
918.914668 401.794673 137.113529 186.867132
917.995135 401.134515 137.788396 185.328515
918.183961 400.145632 136.562510 184.183355
917.761377 398.512909 134.775443 184.675639
917.748995 396.142018 137.066260 186.031301
916.983115 396.419702 135.887416 184.278708
917.485195 394.904517 132.937862 184.283702
917.531921 394.161610 132.505561 184.435747
916.697569 391.740229 128.283895 186.472496
916.859936 391.764394 128.361959 182.640920
916.627335 389.545733 129.547970 183.818188
916.691893 389.874651 129.362480 182.064506
917.023856 388.134981 130.258036 181.322362
916.845217 386.764865 128.835457 182.447406
917.752355 386.990822 127.396577 178.324632
917.711783 385.164233 130.542321 181.790989
917.387038 385.213477 132.873504 181.110835
918.093739 383.802767 133.162155 181.309395
918.823131 384.018296 130.508534 179.560015
919.344925 382.206373 134.727055 180.808776
920.080667 383.436444 134.089883 178.954760
920.377050 381.842783 132.505176 180.248383
921.220078 381.090094 129.876776 180.001076
920.684676 380.961433 132.366082 178.885136
921.696526 380.025772 130.369968 178.964031
922.031009 379.116847 129.899980 178.304811
922.762061 378.775329 129.138714 178.837657
923.076095 378.784951 129.572250 176.969351
924.213575 378.676051 128.688886 176.224367
924.864203 378.051944 129.999945 177.395565
925.598859 377.671299 131.380747 176.268281
926.353099 377.508456 131.481811 175.728796
926.880468 377.749053 132.273749 176.227561
927.144518 377.581616 132.762389 175.594150
928.280433 377.224682 133.726307 175.224104
928.815089 377.534845 133.749711 174.899366
929.296900 377.771351 133.465172 173.974770
929.885747 376.268017 134.864446 175.454115
930.631703 376.562482 136.176542 174.141957
931.195466 376.321028 135.723738 174.518683
931.805806 376.321028 136.256093 174.605022
932.660078 375.921905 136.401847 175.112525
933.370348 376.158499 137.453165 174.702951
934.394716 375.996512 136.435377 175.666688
935.273970 376.350648 135.997283 175.661195
935.443524 376.281317 136.129297 175.653912
936.492651 376.990073 136.045073 174.771560
937.124833 377.040265 135.926357 173.873702
937.658305 377.313807 136.181536 173.111813
938.847053 377.781149 135.916967 172.644471
939.086537 378.059290 136.426697 172.601031
940.194173 378.420233 136.212467 172.109609
940.902609 378.466158 136.370233 172.211934
942.093128 378.359480 136.148556 172.360967
942.948094 378.698352 135.492754 173.180531
942.823463 379.291149 135.664661 172.798575
944.709058 379.710170 135.010128 172.351306
944.947888 379.639857 135.713457 172.569125
945.556568 379.943098 135.273507 172.545798
946.237391 380.568511 135.246738 172.410929
946.584959 380.989418 135.634422 172.990021
947.125722 381.814178 135.461097 173.237104
948.020640 381.476546 135.508625 173.012348
947.647379 382.059286 135.840715 173.806841
948.650587 382.664588 135.936831 173.620671
949.303611 383.652457 136.062858 173.164371
949.738791 383.953638 135.431594 173.175208
950.093162 384.359474 136.328103 173.472436
950.216565 384.897550 136.149923 174.166125
950.607215 385.268961 135.489088 174.211402
951.081035 386.013756 135.801639 174.832812
951.587100 386.268966 135.327630 174.904878
952.128468 387.607336 134.167332 174.707880
952.382531 389.059295 134.618507 174.326876
952.774745 390.303853 134.138994 173.340647
953.020327 391.221593 133.808712 172.929638
953.237811 392.152728 133.631334 173.144698
953.237811 392.920256 133.889648 173.291213
953.773550 393.512894 133.876827 172.911058
953.876297 393.803735 133.907068 174.269468
953.773707 394.349794 134.181762 174.306678
954.671120 395.233270 133.203196 173.301430
954.741916 395.570201 132.870216 174.416588
954.773549 395.577199 133.190820 174.966355
954.845950 395.344281 133.420120 175.793292
954.847037 394.456796 133.378446 177.833606
955.141571 394.366252 132.916469 179.025206
955.434816 396.162538 132.412234 177.696930
955.570519 395.083634 132.443684 179.374947
954.954341 396.805163 132.949822 178.407109
955.358156 397.446132 132.870232 178.237316
955.286010 398.684540 132.602318 178.059582
955.208137 400.325501 132.110087 177.158177
955.997537 399.214832 131.548777 178.512036
955.785943 402.723195 131.301417 175.995434
956.916844 404.396566 130.792603 174.840591
956.457654 405.501210 130.261524 174.371293
955.395470 407.481045 130.943435 173.190302
955.420634 402.561393 131.233867 177.844815
955.030679 404.836554 131.073968 177.296305
955.280454 406.882572 130.800907 175.207859
954.493119 406.439418 130.749280 176.335987
954.207463 407.812189 131.501987 175.424964
953.670035 407.986570 131.177980 175.384139
953.171998 408.272929 131.676560 176.059847
952.936970 408.699792 131.962084 176.181647
952.918611 408.820860 131.443942 175.316716
952.473325 409.577206 131.075382 175.746916
950.786087 409.032192 132.471348 175.391763
950.682831 409.699781 133.007475 175.486929
950.637677 409.463685 132.116523 176.800662
949.945152 408.616732 132.630926 177.943255
948.865163 410.791295 133.026643 176.048523
948.345436 411.130193 132.728562 175.986017
947.522011 410.820999 133.447322 177.087215
946.519962 411.847900 134.165771 176.991906
945.998152 413.040256 133.643653 175.254057
946.039891 413.248361 132.857636 175.780816
944.783619 412.581618 133.578929 176.025190
943.999636 413.725596 133.648372 175.511662
942.388936 413.893311 134.764000 175.875162
941.205020 413.849462 135.191304 176.759599
940.515393 414.521794 135.094409 176.141417
940.389807 414.684536 134.510347 176.479681
939.824686 415.206755 134.831783 175.967082
938.910388 414.729961 135.283819 177.228279
937.993858 415.283329 135.367986 176.641245
937.345338 416.350656 135.380694 176.010734
936.427170 415.487006 135.327707 176.720605
934.983793 416.232788 137.086057 177.006323
933.208059 416.436485 138.168760 176.966237
932.529230 417.341941 137.989626 176.431502
930.659763 417.911350 139.901074 175.616999
930.097995 417.755391 139.621366 176.517800
928.761036 418.592179 139.790587 176.408292
928.307438 418.592179 139.842439 176.495955
928.397968 418.953307 137.819715 176.336285
927.389641 420.147676 138.873962 176.342789
926.529211 419.917188 137.327810 176.367478
925.898637 421.021786 137.090881 175.914907
924.882920 419.800497 136.911904 178.203040
924.425148 420.395014 137.611307 177.731107
923.799546 421.156487 137.645543 177.969643
922.281356 420.915937 139.661210 179.917304
921.578232 421.517494 138.294397 178.873076
919.994677 422.314427 139.700300 178.557610
918.497923 423.036679 140.941251 176.556164
917.185347 423.388082 140.670285 176.180029
916.994661 423.314439 138.806978 175.740178
915.855996 424.331614 140.275151 176.505421
914.574758 423.956249 141.276735 177.323843
914.041436 424.636795 141.250807 177.209861
912.301634 425.938192 141.845388 177.325618
910.592881 426.355961 143.141513 176.777295
909.733684 426.792719 145.996314 176.971683
908.101228 426.971743 143.840193 177.559963
907.751753 426.926130 146.360467 177.252130
905.998700 427.334910 142.678118 177.302531
905.120739 427.479386 141.027373 177.557354
903.678479 427.875066 141.693298 178.033108
902.120759 428.598793 140.952750 177.703228
901.332145 428.875066 138.960080 178.121941
901.609625 429.116352 139.591100 178.847203
900.589602 429.557244 139.352815 179.242965
900.338251 429.797141 139.786260 179.555762
900.278778 429.915367 140.078027 180.974197
899.930123 429.988008 137.650871 181.393470
898.006791 430.429242 139.673626 182.270821
896.587680 431.318409 139.485907 179.735980
895.550547 432.036420 140.204825 178.449461
895.253004 432.037954 139.595035 181.379008
894.663668 432.354593 140.887252 178.011187
894.648711 432.758926 141.556898 178.523568
895.575732 432.999907 138.580624 177.948546
896.482214 433.834276 137.529155 178.484274
897.700533 433.915943 137.299476 177.269804
898.521845 433.598491 138.528539 177.979831
899.919511 433.636428 138.442988 178.596768
901.399315 433.391773 135.516520 179.306074
904.373331 433.836483 134.770679 179.177416
905.249420 434.357422 134.666503 179.013606
906.841893 434.272613 136.004484 180.162872
908.739716 434.790548 137.377889 179.708265
910.091402 434.750445 137.957777 180.477850
911.531365 435.070223 137.442185 180.460953
913.338907 435.589560 136.867342 178.441945
914.516041 435.556915 139.677135 178.922759
916.272949 436.278050 137.700579 178.363972
916.914673 436.636417 135.204289 177.451725
918.237472 436.522492 135.254524 178.271993
919.334504 437.239815 133.265509 176.822765
919.846983 437.491197 133.421914 176.736802
920.324819 437.012969 134.210819 177.564319
921.068331 437.566010 133.439073 177.678248
921.449513 437.366263 134.969771 178.235001
921.600090 437.520411 134.341065 178.388863
922.631429 437.437032 132.322899 177.605890
923.267548 437.175093 131.340679 178.546608
923.933285 437.411076 131.249495 177.729721
924.290032 436.606676 133.099644 178.770935
925.179598 437.085473 131.779870 178.597964
925.055525 435.454321 133.576504 180.648557
925.906377 437.078457 132.591123 178.469361
926.533604 437.366263 131.246471 178.849214
926.912636 437.169086 130.373200 179.021611
926.434834 437.093567 130.744607 180.216007
926.538722 436.915986 130.160752 179.831198
926.493696 438.175092 130.148173 179.074408
927.276378 436.747552 128.692640 179.020917
927.876664 437.268010 129.182585 179.984213
927.851902 436.747552 127.509925 180.504908
926.994343 438.268019 129.086281 180.783457
927.393190 437.605100 129.034925 180.853480
927.098354 436.231307 128.524506 182.547935
927.752353 436.902813 128.599624 182.171682
927.748460 437.055300 127.497498 180.867853
928.366300 438.018724 127.079506 180.350435
927.924668 437.965385 127.917482 180.406358
928.445778 438.775323 126.929669 179.537495
928.294273 439.114493 127.761281 179.490105
928.528686 439.550616 127.569732 179.700263
928.609666 439.456460 127.348870 180.354159
929.206304 439.932554 126.846663 180.612988
929.570935 440.700887 126.597446 180.638218
929.965802 441.102882 126.132616 179.885494
929.742324 441.760301 126.685279 179.899384
930.488896 442.832782 125.936270 179.067974
930.664017 443.042124 126.090269 179.355898
930.743263 443.527072 126.639293 179.133579
931.061183 444.243851 126.996093 178.538774
931.185758 444.527080 126.638231 178.783546
931.980262 444.881445 125.774053 178.726459
931.570939 444.604446 125.689500 179.151131
932.517037 445.413677 125.260985 179.564941
932.028748 446.413690 126.470010 179.213070
932.456749 446.029461 126.180298 180.366532
932.854564 446.102882 126.596683 180.853083
932.851786 446.700902 126.549268 181.168674
933.127202 446.564491 126.714945 181.510737
933.286665 447.163649 127.440731 181.914217
933.318873 447.870824 126.743978 181.527202
933.366290 448.163643 127.009148 182.448079
934.194662 448.128332 126.779813 183.068328
933.508589 448.231316 126.305883 183.168523
935.039207 448.870834 126.963222 183.039487
934.067980 450.070876 125.658527 182.154475
935.067698 449.947357 126.762089 182.926104
934.518794 451.362129 126.455711 182.816745
935.654283 451.870820 126.706684 182.325827
935.684205 452.640137 126.593530 182.710212
936.031627 452.775945 126.128882 183.217471
936.608543 452.879348 125.990957 183.228348
936.559103 454.116857 126.741871 183.241357
937.285547 453.478635 126.395546 183.654870
937.055387 454.577992 127.228428 184.711584
937.319341 455.762863 126.103939 182.869391
937.329582 455.775947 126.748807 184.111462
937.171910 456.559364 126.520543 183.760628
937.751090 457.947960 127.605849 183.440464
937.498738 458.036829 127.748902 183.841956
937.639803 458.514487 128.581630 183.653978
938.209669 458.493292 127.566078 184.682061
938.178400 459.611964 127.350786 184.284434
937.754460 459.890256 127.694813 184.188690
938.950894 460.638755 127.141037 184.247774
939.202135 461.161109 126.645501 184.887450
939.272222 461.787714 126.895188 184.990045
938.745991 463.134022 127.934657 185.017803
938.702607 463.343233 128.111554 185.570447
939.623350 464.551556 127.323919 184.658977
939.868761 464.890268 127.518432 185.176374
939.948997 465.867898 127.970389 185.662366
939.983058 466.699532 127.399788 184.952879
941.054812 465.850570 127.220116 187.226647
941.022450 467.531800 126.961340 186.966030
941.968367 468.425825 126.297658 186.600550
941.267192 469.343234 127.546962 186.202585
942.097950 470.574657 126.990926 185.258455
942.505142 471.242662 126.989339 185.653744
942.267167 472.221264 126.563831 185.777756
942.662860 472.105375 127.256517 186.610420
943.489811 472.928047 126.882909 187.010160
942.902433 474.799654 127.621212 185.955719
943.065286 475.047196 128.345446 186.434759
943.897611 475.760289 128.251988 186.839371
943.210043 477.384849 128.586621 186.123479
944.339875 477.272389 128.349612 186.767775
943.962509 477.356982 128.537540 187.436021
945.091656 478.718650 127.691083 188.377651
945.219692 480.467470 127.213555 186.883610
944.911104 480.029165 127.465518 187.724742
945.925843 481.885574 127.468821 187.998708
945.900397 483.364673 127.710302 187.619023
946.139041 484.103172 127.258890 186.147248
946.854989 484.061398 127.128269 188.591428
946.900407 485.357000 127.143995 188.075959
947.139052 486.103171 127.400692 188.788582
947.459106 488.072639 127.186002 188.029311
947.818614 489.383271 126.978046 186.760278
947.861237 489.666848 127.724845 187.723565
948.376503 491.239373 127.234217 187.101975
948.304278 492.406714 127.997369 186.725335
949.447037 493.004596 127.630917 187.321224
948.779167 494.257231 128.442725 187.616739
949.934314 494.582362 127.848437 188.134431
949.494176 496.089254 129.145646 188.269656
950.296629 497.021181 128.465246 188.002783
950.135538 498.552327 129.536571 188.108335
950.411741 499.021184 129.493543 189.475259
951.731667 499.567072 128.810578 190.233871
950.881757 500.823705 129.653404 189.792314
952.132467 501.815329 129.520535 191.125786
952.047680 503.522092 129.246023 190.322262
952.576195 504.815329 129.496420 189.450551
952.855876 505.687857 129.037854 190.413291
953.815384 507.323263 128.680023 190.617853
953.361753 508.176094 129.416807 190.089788
954.770132 509.560188 128.471202 190.540960
954.208665 510.438450 129.254981 190.455019
955.215732 512.041046 129.242294 190.431914
955.735337 513.168714 128.858667 190.490443
956.094075 514.432346 128.827432 190.296983
956.094075 514.790237 129.401354 190.846290
957.485625 515.752060 128.574649 191.838321
956.648836 517.266154 130.049990 191.698594
957.817094 518.453791 128.820581 191.341477
958.134897 519.399881 129.708336 191.632389
958.776078 519.937555 129.307840 192.581074
959.374927 521.453795 128.694940 191.622107
959.695799 522.623022 129.292103 191.593842
960.490272 523.233268 129.367360 192.289670
960.577728 524.714656 130.070190 192.742283
959.489412 526.160188 131.622040 193.443026
960.702140 527.702613 131.220265 193.372239
961.494545 528.830181 130.217433 193.216599
961.937499 529.343095 130.882818 194.061742
961.731177 531.476449 131.529522 193.451806
961.802232 532.182789 132.354419 194.745469
961.999508 533.208032 131.350343 195.026032
962.540467 533.715225 133.576620 195.312276
962.679036 535.572658 133.174926 195.765784
963.339834 536.751627 132.810629 196.373016
962.827740 537.871480 133.924734 196.506233
963.540466 539.193705 133.565411 196.560869
964.377159 540.061264 133.334377 196.789179
964.091302 541.589888 134.527531 197.319237
965.093458 543.571616 133.763941 197.002521
965.442885 545.206752 133.668530 197.741618
966.766121 547.031922 132.058610 195.397075
966.481410 549.119868 133.530119 196.126923
966.975418 549.310765 133.453642 197.465067
967.692413 551.206755 134.315330 198.227203
968.624475 552.737888 133.146971 197.231971
969.082260 554.061255 133.883527 196.693316
968.517181 555.984226 134.892210 197.021563
969.823850 557.003428 134.464666 197.931464
969.625957 558.268100 135.514014 198.637729
970.825488 559.416990 134.721336 199.122033
972.085935 559.043761 134.085030 200.552763
972.200462 559.666474 135.442878 201.067411
972.125319 562.365511 135.723178 200.760280
972.876541 565.557434 135.142337 198.487746
973.106192 566.261110 134.790773 199.724114
973.128834 567.343762 134.547843 200.000616
973.502342 568.613285 134.681597 199.148624
974.027995 570.594582 134.809952 199.170946
974.278433 571.930326 134.905538 199.444584
975.393284 573.550214 134.647623 199.769771
975.502361 575.283523 134.596696 198.381511
975.408141 575.908930 135.141764 200.204263
975.603048 577.636712 136.126864 199.748496
976.926332 580.409803 134.890682 198.496485
976.164019 581.310447 136.329637 200.880347
976.750894 581.726440 136.643825 201.130370
977.376648 584.360652 136.794179 200.524724
978.227519 586.073872 136.462891 201.060640
979.227554 588.073872 135.929606 199.978806
981.997941 589.477140 134.902401 200.014955
979.130824 592.714294 137.942360 199.795907
980.879675 591.496333 137.257890 202.458362
982.165802 594.248024 136.092819 201.353323
980.906678 596.207495 138.402542 201.520172
982.482477 596.487359 137.683044 202.521639
983.629541 598.063921 136.373874 202.982875
984.583851 599.815435 136.670360 203.125902
984.804194 601.439665 136.979330 203.752304
985.704475 601.641397 136.818261 204.063443
985.689144 600.477658 136.914846 203.671690
985.944893 598.846998 136.888040 204.045401
986.871675 595.624121 137.577749 205.330364
986.943474 593.014449 136.691613 205.428421
987.507129 590.098341 137.760679 205.272908
987.945995 585.987349 137.124834 205.897357
988.626675 580.884125 136.903572 207.097501
989.027866 578.995394 137.256664 206.428950
989.542093 574.012946 137.681030 208.232716
990.225078 569.829760 137.927682 207.529381
991.061214 567.749241 138.102736 207.617361
992.225082 563.264303 137.462281 207.062281
993.420960 558.503777 137.296758 208.583678
993.717778 556.297919 137.352118 207.629009
994.921680 552.289737 137.884407 207.953202
994.252119 548.786476 138.510388 208.436190
995.605549 545.623444 138.050558 207.316420
997.407560 541.781005 137.532663 207.324417
996.191429 538.092781 139.526275 206.627053
998.393071 533.837737 137.526743 207.360322
998.318434 530.678342 138.554122 207.017172
1000.407560 527.075055 137.221526 205.573342
999.596123 523.861230 138.871359 206.679548
1001.727289 520.368265 138.362419 207.030273
1000.852896 520.383446 139.698478 205.777323
1002.316440 519.182132 139.641310 208.177384
1002.634601 518.995741 139.845508 208.111073
1003.374050 520.401864 140.184190 207.613634
1004.750715 521.819625 140.225910 208.109674
1005.895267 523.311862 139.971374 208.473663
1006.466942 524.053014 140.084921 208.714834
1005.894650 525.894121 141.578692 208.891410
1008.183303 526.883292 140.013681 208.979269
1008.522107 528.526030 140.789226 208.912020
1008.622430 529.812229 141.341356 209.316807
1009.810518 531.024164 141.307302 210.166141
1010.173827 532.728928 141.831333 209.638381
1010.197340 534.432211 142.649645 209.959734
1011.761532 535.998351 141.764945 209.056760
1011.349541 537.305273 143.449755 210.913648
1013.714135 539.256464 141.026683 208.987540
1013.798450 539.540398 141.875366 210.997705
1014.285280 541.492373 141.260563 210.340417
1015.533669 541.878040 141.788773 211.411078
1015.240245 544.127159 142.853810 211.390517
1016.714139 544.985526 142.140987 211.285356
1017.563727 546.422009 141.768729 211.992018
1017.596428 547.425916 143.054568 212.367622
1017.837066 548.833175 142.234565 212.775167
1018.854360 549.192327 143.729974 213.245732
1020.283204 550.748459 141.665367 212.775369
1020.217540 551.553141 142.999414 213.440407
1020.794161 552.678342 142.667592 213.091357
1021.918816 554.043269 143.225444 213.321172
1021.994721 554.534174 144.349084 214.586805
1023.152245 555.870489 143.153414 213.527086
1023.351503 556.966013 143.831384 214.363823
1024.397499 558.453638 143.789695 213.788009
1024.433893 559.525837 144.389988 214.795213
1025.110184 560.436250 145.334730 215.107755
1026.444661 563.148659 144.553729 213.370290
1026.104314 564.021977 144.520433 213.803056
1026.952337 564.152764 145.205593 216.030084
1028.247557 566.002563 144.629161 215.041063
1028.302643 566.642462 145.248994 216.077113
1029.043404 569.074664 145.150684 215.041442
1029.463221 570.071925 145.535179 216.056922
1029.991812 571.419425 145.722423 215.926233
1031.471174 572.340118 144.196001 216.987082
1031.980989 573.842598 144.247322 217.043867
1032.401648 575.194158 145.688223 217.980242
1032.863765 575.952064 145.685708 218.847541
1033.656278 577.450830 146.569382 219.001002
1034.319410 579.826235 146.724072 218.261252
1034.329704 580.655259 147.184422 218.702880
1035.770788 581.506188 146.272657 219.474457
1035.035101 582.801094 147.190196 219.714425
1036.573445 583.615710 146.097408 219.813384
1036.220432 585.595821 146.923401 219.803232
1036.810791 586.264732 147.741918 220.581501
1037.505190 587.858005 147.296263 220.380689
1038.736456 588.913322 146.381922 219.816707
1038.589225 590.506183 147.208147 219.367699
1039.264259 591.709980 145.990989 219.815349
1039.950250 592.711040 146.504572 219.724730
1040.500420 593.857965 145.969711 220.202644
1040.629265 594.913771 146.359460 219.853345
1041.046750 595.765117 147.490524 220.108771
1041.884404 597.887001 146.715418 219.693137
1041.060999 598.413355 148.009476 220.861792
1041.723636 599.914219 148.175427 221.191562
1041.941009 601.414906 146.746127 220.911448
1042.884410 602.018503 146.715418 222.322004
1042.997183 605.550034 147.570451 220.851965
1043.958104 606.065835 147.256576 220.839226
1045.048237 605.916500 146.918351 220.988561
1046.424186 605.467168 147.167256 223.377567
1045.024640 611.335435 147.478577 219.976952
1046.064973 610.207511 147.858919 222.197618
1047.523933 611.822392 145.844244 222.167774
1046.095622 612.761861 147.858177 221.607361
1047.941858 612.862375 146.154905 223.226591
1046.522375 614.829657 148.221024 221.179116
1048.031917 613.975299 146.723298 222.370043
1047.294380 614.426433 147.311072 223.322878
1048.508158 617.035066 147.131411 222.015979
1048.540555 616.351888 146.384377 221.879256
1048.596113 616.056309 147.122933 224.324131
1049.002601 617.890064 146.588509 222.935348
1048.387195 617.419861 147.709542 223.747177
1049.002601 619.575653 147.245262 221.837395
1048.801920 618.663788 147.204619 224.137110
1050.000408 619.766731 145.427121 222.409756
1048.910209 618.970648 146.330231 224.272974
1049.597953 620.745320 145.313013 220.906114
1049.137807 620.423027 147.978240 220.569314
1049.956595 620.088752 144.993625 220.658806
1049.464136 620.106582 146.650715 220.993297
1049.339164 619.776002 147.096235 221.228803
1049.188087 619.902453 146.214392 221.281436
1050.064948 620.412153 145.633451 219.987075
1049.681021 619.579231 145.327942 220.303089
1049.464136 618.511625 145.349959 221.186504
1049.355747 619.242094 145.413230 220.348572
1049.228684 618.935303 145.427345 220.762826
1048.681057 618.182079 145.974972 221.909416
1048.188124 618.213023 146.376683 220.178458
1047.988967 617.222570 146.999758 221.500475
1047.495211 616.989093 146.912402 221.567083
1047.867852 615.502404 146.521889 223.130634
1046.879763 616.972250 147.816628 221.687047
1047.941858 614.414080 146.648392 224.086538
1047.000277 613.666516 146.986553 223.861429
1047.835792 614.739044 146.707342 223.097224
1046.693983 614.104327 146.857682 223.601598
1047.109029 614.101133 146.694268 223.038341
1046.201365 612.818314 147.485779 224.964843
1048.051901 614.109537 146.223050 222.413672
1046.842683 613.356127 146.914837 223.610344
1046.279572 611.849563 147.851924 224.904781
1047.207690 613.876077 146.343047 222.413557
1046.216462 612.279654 147.435830 223.589195
1046.050091 614.622110 147.106214 221.307263
1046.686850 613.999851 146.047209 220.627564
1045.434064 612.522341 147.554649 222.763371
1045.464981 613.671705 146.684703 221.143046
1045.922227 613.255008 147.278429 221.811010
1045.572438 612.716534 147.032992 222.164572
1045.080064 613.034722 147.992285 221.310472
1045.264714 612.814580 147.890031 221.882233
1045.525085 612.920396 147.089132 221.468992
1044.522343 611.635451 147.402592 222.626248
1045.523926 612.070185 145.598654 221.945316
1044.045284 611.635451 147.002007 222.196808
1045.301254 610.898533 145.222500 222.194293
1043.788386 611.004318 146.015720 223.035503
1044.269323 610.721314 145.574089 222.970327
1043.402444 610.458751 145.386974 222.819341
1043.826115 611.400354 145.717419 222.300188
1043.648107 610.902089 145.673324 221.476762
1044.334602 611.696338 144.307678 222.112587
1043.264284 611.051952 145.262336 222.679983
1044.183434 611.844018 143.976044 221.964907
1042.955526 612.148795 145.376510 220.851468
1043.172110 612.098267 145.164420 221.203568
1043.351814 612.246859 144.660061 221.377439
1042.405132 611.624646 145.201289 221.268824
1042.860636 610.976835 144.552365 221.895944
1042.629228 610.704730 144.494562 222.687080
1042.573468 611.452005 144.551415 221.509110
1042.770831 611.501709 144.399583 221.478259
1042.500446 611.202112 144.427930 222.099723
1042.082002 611.352023 144.848852 220.879163
1042.279602 611.501709 144.211585 220.516193
1042.207466 611.301601 144.570078 221.920198
1041.991776 611.352023 144.293013 220.133665
1041.572821 611.004625 144.560742 220.821094
1041.009146 610.653324 146.187443 221.472953
1041.646577 610.507063 144.351187 220.825807
1041.246076 610.504754 145.130634 221.084858
1040.864199 610.854624 145.548788 219.756631
1040.281212 610.450123 146.425490 221.118683
1040.064436 610.606366 146.307966 220.170009
1040.447090 610.805717 146.623424 219.780494
1040.355765 610.656515 146.551222 219.716971
1040.447090 609.802466 146.052155 221.423672
1040.156160 609.710520 146.869227 220.958971
1040.521506 609.513175 145.850896 220.599510
1040.810817 609.599063 145.769867 221.068921
1040.847426 609.154815 146.007108 220.653823
1040.755976 609.006277 146.098558 221.016813
1041.302349 609.247481 145.308486 220.324356
1040.405155 608.834393 146.738682 220.890866
1039.972586 608.803942 146.970990 220.660547
1040.703277 608.895860 146.485932 220.439513
1040.572652 608.655673 146.771030 220.273123
1040.664377 608.655673 146.352957 219.632472
1040.864199 608.209469 146.279638 220.078676
1041.319403 608.209469 145.580252 219.652921
1041.427506 607.715299 145.354084 220.391888
1041.680814 607.804875 144.894180 220.170135
1041.427506 607.863372 145.516493 219.177784
1041.246076 607.863372 145.779178 219.496860
1041.064024 607.952061 146.205390 219.487712
1040.864199 607.952061 146.442642 218.847541
1041.064024 607.952061 146.613502 218.954063
1041.737330 607.657465 145.643951 218.610521
1042.207466 606.896858 145.298926 219.719689
1041.422036 607.213923 145.390236 218.312479
1041.896596 606.672469 145.742256 219.309094
1041.606251 607.303673 145.770475 218.297158
1041.481523 607.213923 146.024869 218.629861
1041.754897 606.917120 145.670302 218.820836
1042.117260 606.917120 145.307939 218.503602
1042.172868 606.619425 144.522862 218.168664
1042.424576 606.570187 145.167116 218.955006
1042.354694 606.021382 145.227476 218.977321
1041.898927 607.156284 145.602360 217.492182
1042.463662 605.648321 145.242288 219.366513
1041.789844 607.156284 146.072917 217.809058
1042.354694 606.021382 144.582098 218.766708
1041.772918 606.863380 145.695390 218.012608
1041.772918 605.871319 145.695390 218.916770
1041.481523 606.860862 146.024869 217.893180
1042.225756 606.021382 145.323720 218.766708
1042.172868 606.564521 145.328419 218.083946
1042.045072 606.418466 145.666939 218.563105
1041.990398 606.564521 145.107367 218.189522
1042.225756 606.566985 145.567571 218.414586
1042.716560 605.796213 144.784727 218.886644
1042.535949 606.269699 145.046221 218.184601
1042.372937 606.418466 145.090536 218.246554
1042.554263 606.120734 144.990019 218.123044
1042.372937 606.660464 145.252154 217.881557
1042.644716 606.120734 144.657386 217.912869
1042.554263 606.364922 144.747839 217.966026
1042.644716 605.450590 144.980375 218.598977
1042.316185 605.715290 144.941453 219.432134
1042.026905 606.118382 145.236008 217.793043
1042.282014 605.622184 145.100748 218.708764
1042.445396 605.917141 144.652369 218.398023
1042.190968 605.919927 144.628455 218.411021
1042.135501 606.068489 145.170620 218.473532
1042.225756 605.297415 145.161434 219.367605
1041.481523 606.507665 145.538407 217.790533
1042.764194 605.597599 144.218294 218.436004
1041.916864 606.309721 144.982823 218.533342
1042.045072 605.672477 144.937417 218.676537
1042.135501 606.362023 144.766216 218.058721
1042.693733 605.300331 144.331345 219.274760
1042.315863 606.657486 144.505131 217.763257
1043.139275 605.600578 143.482758 218.974514
1043.050478 605.675522 143.813204 219.004862
1042.735020 606.364922 144.164668 218.388469
1042.961533 605.825164 143.982847 218.855220
1042.190968 606.216804 144.387857 218.114143
1042.424576 605.825164 144.358507 218.855220
1042.225756 606.364922 145.080365 218.600136
1042.495656 605.896866 144.648574 218.452149
1042.190968 606.068489 144.467974 218.684902
1042.045072 606.269699 144.614676 218.184601
1041.882186 606.198379 145.062194 218.482005
1042.225756 606.566985 144.837554 217.887315
1042.424576 606.123830 145.004930 218.556554
1041.990398 606.120734 145.026881 218.438901
1042.315863 606.269699 145.071327 218.395321
1042.225756 606.715307 145.080365 218.055148
1042.372937 605.648321 145.009826 219.366513
1042.387455 606.712803 145.118936 217.303701
1042.872390 606.198379 144.476122 218.166325
1042.372937 606.347280 145.009826 218.438495
1042.495656 606.715307 145.297671 217.633708
1042.735020 606.173878 145.051887 218.630526
1042.863735 607.306314 145.199542 217.358707
1042.608961 606.098978 145.174154 218.705425
1042.081695 607.306314 145.500475 217.569675
1042.825152 606.472956 144.880798 218.647168
1042.863735 608.040169 144.715504 216.941402
1042.809984 606.153591 144.773662 218.910780
