970.000000 612.000000 59.000000 143.000000
971.081320 615.646964 58.554287 138.151466
971.216206 616.273090 58.323490 139.156423
970.714418 616.416775 59.104035 138.880512
970.921070 617.068695 58.578474 138.000735
971.223187 617.586324 58.509040 139.036941
970.787031 617.859337 59.528106 139.396534
971.210576 618.277083 58.002784 139.143860
971.216206 619.350041 58.074600 139.245895
971.148420 619.859388 58.442732 139.589856
971.285609 620.310331 57.997197 138.806163
971.709181 621.099820 58.365855 139.496070
971.050363 621.669928 59.599941 139.537735
971.356124 622.277084 59.025487 139.143860
971.929556 622.951437 57.741986 139.129521
972.008025 623.093122 57.406784 139.003229
971.718285 623.824763 57.968467 138.612327
971.790743 624.648875 58.363630 139.071481
971.441033 625.237290 58.554772 139.115193
971.696891 625.797865 58.516070 138.975589
971.441033 626.425807 58.627050 139.655411
971.717242 627.057268 58.434991 139.780259
972.001985 627.635142 59.033647 139.445807
971.341926 628.329771 60.252131 140.210464
971.621490 629.333357 59.617882 140.434809
971.695922 630.055553 59.904859 140.543046
971.493771 630.508897 59.433065 141.160733
971.852871 631.032968 59.472520 140.417098
971.857138 631.290069 59.226521 141.162186
971.842774 631.550691 59.722211 141.414219
971.772980 632.579634 59.681026 141.277290
971.932997 633.259337 59.595281 141.597570
972.209079 633.538083 59.309584 141.070845
972.194613 633.888610 59.490367 141.463947
972.046616 634.646468 59.100491 140.672979
972.136220 635.430584 59.560642 140.694084
972.194613 635.550728 58.921351 141.027872
972.136220 637.487948 59.135442 140.561997
971.309177 636.939778 59.473061 141.012944
972.434394 637.699724 58.542006 141.463960
972.016914 638.928358 58.482517 140.280612
971.958258 640.644104 58.112196 139.357611
972.292223 641.864353 57.884318 139.559528
971.441033 642.163099 58.627050 138.471041
971.112174 641.013938 59.109166 141.192334
971.143711 641.481947 59.013473 140.872912
971.456781 641.261462 58.626882 141.610280
971.016918 641.934501 59.287662 141.293389
971.379126 642.099568 58.547715 141.059957
971.335122 642.902202 58.882137 141.262276
971.456781 643.418013 58.626882 142.312921
970.708600 643.809443 59.082356 141.900613
970.051747 643.745004 59.520217 142.752079
970.050550 643.715614 59.533267 142.682955
970.445431 644.169176 58.565199 142.475039
969.772960 645.451637 59.606918 141.601626
969.611523 645.551491 59.620439 142.403500
969.397168 645.650829 60.280879 142.071022
969.298766 646.427562 59.933321 142.512591
968.690799 646.455688 60.115047 142.356798
968.154772 646.195084 60.502959 142.714741
968.842949 646.072049 59.519003 143.738017
968.471471 645.554570 59.762223 144.409409
968.770812 647.051605 59.386392 144.482735
968.323183 646.832899 59.488682 144.398521
968.046626 647.753584 59.953701 143.393901
968.121105 647.386528 59.243232 143.688827
968.358179 646.082092 58.748169 144.424058
968.650120 646.908958 58.615551 144.857818
968.269732 647.582723 58.939120 144.233960
967.861863 648.299264 59.221228 144.065988
967.990715 648.713311 58.801263 143.411177
967.396603 647.994588 59.690259 143.354577
967.396805 648.170109 59.457578 144.099825
966.822506 648.198620 60.080962 143.896214
966.919095 648.867058 59.622704 143.381220
966.768878 649.169293 59.983372 143.846384
966.640083 649.036047 59.942044 142.980464
966.508885 649.169293 60.019678 143.647361
966.555139 649.688492 59.897386 143.162167
966.148883 649.713337 60.379680 143.362014
966.131367 649.424407 59.949536 143.561070
966.064329 649.753541 59.665976 144.191295
965.747551 650.247929 59.399505 143.846916
965.148858 651.169289 60.529071 143.896209
965.097778 650.795360 59.776326 144.786374
964.899056 651.009851 59.831005 145.546521
964.473847 652.182881 61.076661 143.730651
964.622754 652.271810 60.478201 144.330698
964.357333 651.806368 60.148051 144.876609
963.815663 651.806368 60.859044 144.333265
964.310571 652.575731 59.990104 144.483003
964.197775 651.896941 60.646459 145.158728
964.358212 652.559481 59.419071 143.998595
964.256821 652.713303 59.473472 145.914082
963.751477 652.469124 59.776411 145.000451
963.633216 653.271795 60.342768 145.639127
963.162985 653.327078 60.734825 144.784329
962.849099 653.656976 60.750596 145.251386
963.102231 653.848372 60.029101 146.191094
962.699240 654.436454 60.523111 144.629615
963.424260 654.792585 58.885810 143.396275
963.119958 654.391979 58.914211 144.453090
962.916912 655.267993 58.906278 142.953429
962.841899 655.278122 59.468939 142.394546
962.592414 654.612269 59.124552 141.848961
963.059968 654.744977 58.439202 143.099101
962.581429 655.003914 58.709245 143.520570
962.529894 654.677468 58.980150 146.092247
962.333379 654.938367 59.098095 148.665345
961.832753 655.217043 59.881881 148.883968
961.686989 655.523773 59.797200 150.095694
961.728096 656.434218 59.757001 149.709171
961.645268 656.098544 59.415364 152.093091
961.244060 656.175551 60.169942 151.280212
960.789809 657.335988 60.323070 150.327410
960.719783 657.622526 60.349700 150.054630
960.719783 658.164270 60.577323 148.436136
960.687006 658.519079 60.472418 149.574187
960.831989 658.554626 59.943930 148.944057
960.944412 658.927860 59.391021 146.937891
961.000723 658.504466 60.000614 148.379099
961.066704 658.803870 59.330520 148.330317
960.834969 658.566734 59.761052 149.630547
960.419299 659.047456 60.369361 149.065551
960.116379 659.346882 60.131291 148.605660
959.840543 659.922968 61.165913 148.081915
959.964209 659.771143 60.567832 149.063151
959.998299 659.515760 60.558399 149.250794
959.922786 660.228649 60.699516 148.673470
959.735058 660.499550 60.796983 148.318037
960.040351 660.651891 60.238679 148.570991
959.461328 660.668138 60.916569 148.673239
959.922786 661.076420 60.470926 148.351814
959.764938 661.126288 60.580484 148.147729
959.916035 661.379599 60.429387 148.569820
959.537415 661.397815 60.518169 149.231754
960.073684 662.043695 59.903112 150.463089
959.264181 662.146479 61.109015 148.946683
959.577548 662.231820 60.323976 150.695087
959.585978 662.605579 60.395641 149.399654
959.799906 662.909048 59.826047 149.501978
959.795322 663.854809 59.673090 148.309472
959.420812 664.150070 60.166129 147.419012
959.437761 664.618046 60.079239 147.661996
959.488404 664.040551 59.963125 149.093640
959.343739 663.784405 59.998210 149.913055
959.275045 663.744233 59.989819 150.769853
959.681475 664.210733 59.091794 149.981596
959.419299 664.424261 58.706552 150.341174
958.877230 665.346884 59.252570 148.470704
959.012316 665.343502 59.312386 148.987609
959.012316 666.541170 59.312386 148.292959
958.572855 666.478330 59.253382 148.648824
958.372780 666.276055 58.895618 149.310812
957.863198 665.578716 58.994070 150.096604
957.243594 666.519080 58.631319 149.574187
957.160937 666.938146 58.727092 149.331091
957.383052 666.256862 57.752072 150.732685
957.012296 665.123730 57.346940 152.095168
956.548403 666.506142 57.765622 151.527616
956.168446 665.226741 58.163929 152.674702
956.052640 665.705803 58.017079 151.827542
955.895268 665.650724 57.828668 151.251391
955.738796 665.594526 57.965335 151.852508
955.448881 666.173406 58.012226 151.340700
954.795320 666.777105 58.866932 151.361867
954.652864 667.486722 58.758270 150.242138
954.366526 666.906721 58.367093 150.587126
953.467957 667.927872 59.437975 149.847612
953.720357 667.641709 59.340273 151.602621
953.282950 667.786781 59.597995 150.732050
953.081625 667.600063 59.108416 151.335729
953.102414 668.214560 58.730185 150.980765
953.168445 667.665102 58.830288 151.849587
952.502088 667.463103 58.909044 152.149364
952.006138 668.060344 59.153749 151.915463
951.811995 667.850326 59.657876 151.299469
951.510399 667.923649 59.677994 151.633024
951.130769 668.265108 59.358718 150.978742
950.878156 668.282647 59.417978 150.653144
950.728082 668.554582 59.350191 150.588768
950.878156 667.807856 58.893574 150.350474
950.494729 667.475804 59.504004 150.766338
950.046924 667.683534 59.128090 150.511219
949.543518 668.436533 59.537563 150.650960
948.817758 668.554582 60.322463 149.351867
948.619594 668.909031 60.741700 149.761461
948.474248 668.807667 59.928357 150.084407
947.894264 669.504166 60.030035 150.426671
948.006142 668.544136 59.488403 150.901218
947.803172 669.159344 60.163241 148.678500
947.385167 669.346885 60.228770 148.134038
946.806393 669.448630 61.325919 148.146847
946.735056 669.244922 60.606891 148.572667
946.044296 669.720635 62.067762 148.392375
946.167691 669.824718 61.176893 147.609751
946.079180 669.753287 60.534718 147.324868
945.806384 669.499488 61.194267 147.159107
945.806384 670.198392 61.760310 147.389213
946.116376 669.091743 61.498380 148.187611
946.543555 669.177911 61.884447 147.845674
947.350822 669.110954 61.617961 148.629577
948.735157 669.029009 61.141008 147.862197
950.242726 668.973875 60.507669 147.628539
951.677562 669.074496 60.368370 147.578699
953.256687 669.217064 60.752307 147.706639
955.528211 668.927855 59.979762 146.588402
958.245677 668.129571 59.808847 147.630536
960.485115 668.684803 60.312462 146.330504
963.750159 668.129571 60.746007 146.566385
966.830639 667.754872 60.598665 146.617511
970.607435 667.481444 60.623944 146.168881
974.382309 666.805468 60.853034 146.103219
978.717251 666.886826 60.622593 145.742880
983.005518 665.671390 60.709494 147.024523
986.747662 665.481449 60.093139 146.700536
991.347949 664.415679 59.927006 147.545400
995.314577 664.551307 60.425127 146.916757
999.442432 663.872863 60.296851 147.109430
1002.396270 663.501103 60.566453 146.341523
1004.035124 664.289471 59.687088 144.700038
1003.598534 662.618081 59.599366 147.209831
1004.080292 662.483932 59.740752 146.742888
1003.905573 661.875379 60.019916 146.622081
1003.679521 661.735993 60.182232 146.557320
1003.528250 661.382833 59.586294 146.843965
1003.852115 660.466867 59.660686 147.494181
1003.857194 660.704193 59.261050 146.734575
1003.478619 660.929947 60.489724 145.928330
1003.224303 659.824467 59.799085 147.535451
1002.910330 659.653453 60.913648 146.057108
1003.257151 659.209410 60.081743 145.897831
1002.874972 658.758190 60.414300 147.256232
1003.285396 659.415966 59.914172 146.102622
1003.328400 658.351798 59.306900 146.799836
1003.349985 658.914428 59.525832 146.682780
1002.950845 658.049232 59.930705 147.386432
1003.210606 658.209380 59.416669 146.561892
1003.275582 658.263047 58.758398 145.822455
1003.346383 657.796462 58.515669 146.313686
1003.585097 657.558333 58.974546 145.745545
1003.642307 657.615795 59.505759 144.688099
1003.696514 657.220373 59.302872 145.682039
1003.922298 656.796477 59.832356 145.193664
1003.996408 656.769498 59.988349 144.568927
1003.673852 656.596703 60.474255 144.066083
1003.819361 657.467923 60.506814 142.361328
1003.821898 656.530233 60.257533 143.952420
1003.447577 655.898743 60.410067 144.530033
1003.773743 655.519211 60.013591 145.147347
1003.773743 655.619427 60.211013 144.391731
1004.272161 654.796452 59.205472 145.193664
1004.272161 654.876132 59.205472 144.306836
1004.639236 654.852566 59.491034 144.111409
1004.256829 654.970632 59.920679 143.143568
1004.396816 654.058736 59.426348 143.918307
1004.288703 654.362754 59.441598 143.389310
1004.342280 652.914142 59.835261 144.695323
1004.197774 653.289624 59.788412 143.897339
1004.565559 652.654036 59.532132 143.527413
1004.471456 652.083887 59.603203 143.681805
1004.545973 652.001078 59.339734 143.180365
1004.489940 651.514156 59.138516 143.446038
1004.268278 651.059851 59.328392 142.770965
1003.944894 651.521536 60.713622 141.228596
1004.172431 650.094145 59.693320 142.996833
1003.896575 650.463480 59.605068 141.848361
1003.509288 650.584165 60.222873 140.781026
1003.448634 650.515661 60.377733 140.901464
1003.579054 649.290651 59.800834 141.401193
1003.350201 649.262172 60.103795 140.813640
1003.740805 648.228263 59.417386 140.981459
1003.547548 647.388278 59.886554 141.578769
1003.118466 647.391100 60.409802 141.800617
1003.321976 645.394412 60.085653 143.438978
1003.046606 645.641191 60.214530 142.280628
1002.896542 645.158601 59.891637 142.672181
1002.896542 644.748396 60.085270 142.211807
1002.971122 644.257255 60.108277 142.638221
1002.446708 643.678449 59.835179 143.217313
1002.396820 643.124418 60.159234 141.820345
1002.097471 643.519867 60.440088 142.359827
1002.471460 642.713323 59.634902 142.240130
1002.364429 642.095375 59.793740 142.318203
1002.396617 642.132761 59.626817 141.762280
1002.636010 641.680273 59.197394 142.121298
1002.709304 640.904158 59.384195 142.561673
1002.471109 639.827175 59.052695 143.601756
1002.243842 639.475408 58.899089 142.179430
1002.209104 640.130966 58.826118 141.334845
1002.282278 638.743291 58.828474 141.357364
1001.760576 637.223007 59.543994 141.543830
1001.837183 637.003922 59.542739 141.361280
1001.579089 635.839192 59.285109 141.274832
1001.411148 635.934527 60.364464 140.514809
1001.350236 635.163532 59.660758 140.616654
1001.664934 634.776846 59.735230 140.659253
1001.695916 634.035067 59.167827 140.787928
1001.598490 633.325830 59.338447 141.110273
1001.282892 632.776775 58.862073 140.902519
1001.399391 632.132932 59.625970 140.964157
1002.008012 631.776780 59.093843 140.950393
1001.842768 630.911238 59.267984 142.311942
1001.894066 630.874557 59.433089 140.435466
1001.857132 630.261473 59.006610 140.739347
1001.792812 629.776811 59.144126 140.515282
1002.547798 629.389930 58.255818 140.370887
1002.030188 628.460386 58.535696 140.902247
1002.152945 627.617184 58.798375 140.523553
1002.037626 627.582278 59.044174 140.949462
1001.921209 626.358379 59.679566 140.498000
1001.989715 625.841120 59.707140 141.077018
1002.088760 625.616045 59.056200 140.689519
1002.573019 625.004209 58.251666 141.527563
1002.196378 624.228817 58.376329 141.436251
1001.985067 624.068560 58.878675 140.596469
1002.145543 623.838274 58.680982 140.548265
1001.844752 623.261475 59.374429 140.451449
1002.355133 622.596487 58.375212 141.049485
1002.210569 622.128264 58.911851 141.867569
1002.135883 622.016332 58.931162 140.347507
1001.844752 621.966029 59.342140 140.034771
1001.991423 621.371254 58.875518 140.216636
1001.748369 621.131333 59.701520 139.525389
1001.844752 620.854778 59.700736 139.099014
1002.227891 620.323098 59.074423 138.860269
1002.140128 619.547968 59.286820 140.284958
1002.463427 619.582295 59.046094 139.463503
1002.355659 619.190856 59.224876 139.124126
1002.452163 618.744751 58.982084 138.624637
1002.408787 618.606672 59.314802 138.168993
1002.376500 618.480099 59.347090 137.918719
1002.376500 618.093410 59.127573 137.584996
1002.863069 617.769986 58.869142 138.080871
1003.070820 617.156573 58.096887 137.662457
1003.583683 616.743350 58.423722 137.882843
1003.790727 616.683118 58.112676 137.996092
1003.581433 616.635056 58.837158 137.634592
1003.863091 616.461171 57.701078 138.007278
1004.370002 615.731112 57.170361 138.132888
1004.227021 615.122108 57.622127 138.254152
1004.083614 615.005595 57.734397 138.548031
1004.437938 614.942470 57.279613 137.388913
1004.160440 614.671255 57.853511 137.914771
1004.367532 614.572274 57.909312 136.805745
1004.872161 613.956419 57.064555 137.442460
1004.800043 614.287618 57.596567 137.111261
1004.729334 614.538786 57.733272 136.750089
1005.174377 614.974386 57.880403 135.382844
1004.754921 614.568146 58.365141 135.553271
1005.583401 613.302414 57.398930 136.061376
1005.451216 613.386796 58.150029 136.018366
1006.090242 612.349905 57.192250 136.629364
1006.019354 615.401234 57.169816 133.681164
1006.391012 611.654943 57.456354 136.974665
1006.658669 613.698220 56.704977 134.203255
1006.684914 612.281553 57.359949 135.260990
1006.244746 611.808872 57.976830 135.884862
1006.448374 611.574011 57.959340 135.466998
1007.015535 610.641817 58.941141 136.342520
1006.643984 609.838455 60.358215 136.977412
1005.827125 610.674062 61.635554 136.290832
1006.921073 609.454996 60.655928 136.479642
1005.365322 610.159088 61.782866 135.942019
1005.810491 609.413026 61.627589 136.973002
1006.104614 609.395469 62.270326 135.774447
1006.509971 608.940368 61.148102 135.780080
1005.291568 609.838934 62.223784 134.652406
1006.194741 609.224981 61.213420 136.173039
1006.908299 609.176466 60.239853 135.894311
1006.838700 609.396617 60.915944 134.542673
1006.039171 609.184092 62.232780 134.505201
1006.088875 608.287514 62.094547 135.322551
1007.349708 607.554189 60.406752 135.585782
1007.563996 606.871925 61.761149 135.749703
1008.257744 607.069260 60.300914 134.946850
1007.980689 606.690337 61.331254 135.389762
1007.741824 606.274803 60.177984 135.504153
1007.624907 606.805076 61.688005 134.886644
1006.682589 607.244258 63.732384 134.234976
1006.903463 606.723413 62.500002 135.086936
1006.178194 605.927551 65.058817 136.443169
1006.263575 607.028269 63.141398 134.907593
1006.246949 606.769936 64.244653 135.538359
1006.196796 606.645376 63.765412 135.595943
1006.393524 606.175921 62.884392 135.083963
1006.735508 606.325643 62.988853 135.107520
1007.082376 606.051833 62.248746 135.491192
1006.597433 605.162632 62.531605 136.520689
1006.240289 605.706842 62.587113 135.257226
1006.055804 605.816437 62.661069 135.056033
1006.055804 604.644412 62.626009 136.290215
1005.972939 605.768717 63.079170 134.320061
1006.509971 606.681998 63.288277 134.079168
1006.937862 606.348589 62.732147 133.315098
1007.374236 605.181648 61.579992 134.926073
1007.913745 606.667333 61.703105 134.295455
1007.599526 607.051510 61.456846 132.831585
1007.410931 606.652694 61.883328 133.199376
1007.308236 606.081374 61.557896 133.193180
1007.338060 605.229010 61.533027 133.789318
1007.143573 605.234642 60.496544 135.737069
1008.102058 605.582779 59.187232 134.725214
1008.017720 606.492048 59.918558 134.027328
1008.245391 605.293460 58.737555 137.365452
1009.223980 605.995124 57.802717 138.247991
1008.778421 605.008437 57.856027 138.481324
1009.151396 605.526435 57.443355 139.996015
1009.220368 605.902124 57.005403 141.561011
1009.074290 604.867587 57.354849 142.771492
1008.717755 604.763589 57.366233 144.078624
1009.007049 605.415990 58.544286 145.526221
1009.507675 605.274928 58.554652 145.038753
1009.417846 605.105268 58.272680 147.371965
1008.996383 605.488122 59.466570 147.647572
1009.006027 605.602680 59.143565 148.104629
1008.857173 605.906661 58.465494 143.646780
1009.356216 604.645125 56.583563 140.393994
1009.996518 604.374263 55.304484 138.088505
1009.727669 603.419389 57.102295 133.116728
1009.411494 603.394199 59.587432 133.838799
1009.591614 603.357125 58.023409 133.579004
1009.819630 604.002396 57.761875 131.876359
1009.766689 605.318304 57.135948 131.560845
1009.777326 607.841933 57.037080 128.539576
1009.815580 607.369330 57.388571 129.559702
1010.221610 609.716710 55.899869 126.873878
1010.007345 611.085660 56.164568 124.040364
1010.166104 613.476099 56.738154 122.467710
1010.491257 616.049856 56.096005 118.725158
1010.583052 617.676055 55.344053 117.405423
1010.702717 619.495374 55.497180 115.848920
1011.195244 621.444154 55.839433 114.021035
1011.605537 622.716756 55.646882 112.438467
1011.336197 625.112324 56.668028 109.940892
1010.978816 626.689449 57.605152 108.756972
1010.709298 628.603290 58.147398 105.224672
1011.558272 631.443930 57.514207 103.059386
1011.427328 633.614700 57.174117 100.586964
1011.207243 634.787982 57.734778 100.152406
1011.483247 637.870087 56.472205 96.256216
1011.747922 637.872246 57.204657 97.065328
1011.610027 629.514589 59.762898 106.870743
1010.937497 611.632388 59.240372 125.441351
1011.918784 603.636339 58.312190 131.563348
1012.837428 600.936761 57.694970 135.802486
1012.228747 602.309000 58.171038 134.488006
1011.942786 602.981781 57.329583 134.093149
1013.027189 601.920063 56.048118 135.683253
1011.609333 602.535788 58.300984 132.379254
1011.757119 602.720376 58.718372 132.030537
1011.331585 603.483736 59.801413 131.875607
1011.597350 604.232091 58.480480 130.172720
1011.356952 604.097338 58.961641 129.468072
1011.572293 603.366374 58.583453 131.015120
1011.631266 602.699249 58.614489 132.452205
1011.967886 603.093003 58.587379 131.725264
1011.547884 603.076883 58.401166 132.303132
1012.600377 602.258611 57.246986 131.390314
1012.353502 602.366341 58.597117 130.239713
1012.635900 602.812000 57.333607 131.268907
1012.774105 602.556062 57.349266 131.139731
1012.351726 602.591351 58.091340 130.312249
1012.634335 601.897547 57.716992 130.885211
1012.635900 602.052404 58.032518 130.344722
1012.643902 601.917448 57.781191 129.422019
1013.668326 601.699545 57.452830 130.947246
1013.913997 601.138430 56.873569 131.721014
1013.999322 601.558624 57.293994 132.303670
1013.907995 601.606569 57.181206 132.376206
1013.879454 601.545981 57.637746 132.663799
1014.119887 601.622535 56.363981 133.366040
1014.119155 601.473593 56.386032 133.352822
1013.907995 602.288614 56.718507 131.681699
1014.259939 601.458451 56.928292 130.791685
1014.626675 602.561820 56.037505 130.369055
1014.936100 602.211567 55.316271 130.178610
1014.671794 602.590894 55.580098 130.111310
1014.786920 601.707862 56.069998 137.448960
1015.503593 602.296037 54.745132 131.259477
1015.400394 602.872413 55.867630 131.953761
1016.406628 602.226551 53.806226 134.264236
1016.116055 603.453036 55.188177 134.448107
1016.308055 602.429526 54.686409 135.267237
1015.746834 602.735903 55.106448 130.554682
1016.602967 603.191498 53.475082 129.796798
1016.099835 603.671592 54.664494 128.438325
1016.369942 602.960663 55.686403 128.449096
1015.962970 603.158696 55.675452 126.666507
1015.718987 603.031629 57.308523 123.078132
1016.319598 602.813030 56.159909 124.227984
1016.707175 602.744075 56.932634 128.464552
1016.719488 602.779598 55.850464 130.242095
1017.196893 602.617040 56.328939 131.200516
1016.818722 602.847134 56.675351 128.930818
1017.630268 603.400618 55.976788 130.985185
1017.363424 603.699558 56.834867 132.650106
1017.486223 602.694086 57.383497 134.708801
1017.354509 603.593648 57.825861 135.683459
1017.752323 604.797650 58.164845 132.252989
1017.632115 604.316148 58.106084 134.863617
1017.679091 605.042833 58.442419 133.846703
1017.746229 604.859941 57.937881 135.659904
1018.166443 605.435415 57.141910 134.684936
1018.523880 604.551091 57.347322 133.396272
1018.241058 605.127699 57.568068 132.423552
1018.614649 606.200345 57.590990 132.051100
1018.467631 605.848557 57.063440 132.179547
1018.553785 605.653700 57.148098 132.558202
1018.012254 605.545965 57.857462 131.135738
1018.298147 605.782133 57.288817 131.573832
1018.400393 605.884575 57.749422 131.740784
1018.486219 606.150299 57.810908 131.923175
1018.467631 606.210540 58.049610 132.638990
1018.538565 606.552005 58.060280 131.863292
1018.690590 607.018458 58.184041 132.186395
1019.050974 606.741304 57.334362 132.454070
1018.816759 607.631265 57.700482 131.989067
1019.097355 607.898144 57.348734 131.895576
1018.980192 607.969365 57.185897 131.787180
1019.154672 607.523542 56.927011 132.101809
1019.030504 608.662511 57.689097 131.831554
1018.656550 609.018422 58.071593 132.186395
1019.544299 609.662761 56.204772 131.112143
1019.031541 610.914773 56.905597 130.136555
1019.291188 610.310669 57.853511 131.140771
1019.428535 611.019560 56.816197 130.108083
1019.499335 612.101588 58.085085 130.513102
1018.872450 611.221786 57.858631 131.591153
1018.591122 611.811031 57.784927 130.720095
1018.684464 612.393959 57.892633 130.692051
1018.137418 612.276139 57.957105 131.766028
1018.553785 613.362652 57.724519 130.909712
1018.847860 613.591353 57.309531 131.089910
1018.929731 614.172690 57.455525 131.352571
1018.428514 614.722131 57.653169 131.542244
1018.903717 614.465384 57.407135 132.252416
1018.467631 614.898150 57.133172 132.032331
1017.948087 615.631286 57.568479 130.989946
1017.550091 615.318729 58.449868 131.721897
1017.619755 615.662801 58.076277 132.386871
1017.632115 615.620025 57.753214 132.032047
1017.209411 616.498179 58.023909 132.120342
1016.987154 617.258590 57.680269 132.175759
1016.595359 617.975756 57.708770 132.458342
1017.189351 617.850108 56.559344 133.260596
1016.563513 618.206253 57.669798 134.145866
1015.668860 617.982579 58.653625 133.280107
1016.222634 618.570030 58.105318 133.292565
1016.184439 619.121229 57.776283 132.697291
1016.755026 618.673034 57.289800 132.956599
1016.274295 619.586452 56.909646 132.294396
1015.565034 618.643851 57.846073 134.105948
1015.354517 620.894775 58.253629 132.246037
1015.828001 619.889040 58.380469 133.248546
1015.046628 621.053701 57.786757 132.210073
1015.119894 620.611576 57.957023 133.214841
1014.640651 621.060690 57.752968 132.118426
1014.837393 621.342671 58.116438 132.726404
1014.538550 622.695045 58.131808 131.494336
1014.563497 622.777740 58.888609 131.517055
1014.891041 622.672920 57.705727 132.105530
1014.595342 623.796892 57.850713 132.330727
1014.658879 624.043952 59.820962 133.436902
1014.679539 623.941076 58.508142 134.022915
1014.486912 624.410688 58.769062 134.499930
1014.626236 624.492225 58.782153 135.800517
1014.047090 625.721669 59.368541 135.620472
1013.865335 627.150893 59.710750 135.333281
1014.156435 627.475619 59.272823 136.293494
1013.385126 628.370214 59.891741 136.886382
1013.228286 628.848633 59.700912 135.782959
1013.157928 629.988388 60.143115 135.558236
1012.424746 630.007131 61.305974 135.231164
1012.637351 631.330653 60.670692 133.556469
1012.163197 631.515854 60.616069 134.026674
1013.059926 632.150899 59.737262 134.626115
1012.779461 632.267362 59.926857 134.601090
1013.001252 631.363496 60.870409 136.961853
1012.734221 633.117074 60.859831 134.486044
1011.722519 633.847817 61.578524 134.981939
1012.188862 632.331139 60.549352 136.695984
1012.484655 633.736098 59.823429 135.428263
1012.268985 634.783103 60.750314 134.947038
1012.563979 634.854670 61.293655 136.510285
1012.585263 636.417826 61.340502 135.077828
1012.433835 637.815371 59.847882 134.049577
1012.797492 637.913517 59.380451 135.933663
1012.350322 638.666501 60.347046 135.273614
1012.710670 639.455852 59.187232 135.470651
1012.995296 640.454643 59.068837 134.180763
1012.660357 640.798465 58.881483 135.352616
1012.873289 640.713798 59.381016 136.945105
1012.783836 641.784380 59.934151 136.761255
1013.070806 641.243633 59.734469 137.923351
1013.349701 642.301119 60.066405 137.954804
1013.474345 643.441853 59.677863 137.103190
1013.428386 644.085687 59.866316 136.481969
1013.500214 645.244219 59.561174 136.681280
1013.790741 646.086522 59.437432 135.839968
1013.668677 646.556049 58.601986 136.084800
1013.376392 649.125455 59.842940 134.738892
1013.220770 647.799575 59.999805 137.275596
1013.568882 649.020261 59.249597 136.696921
1013.121245 649.013203 60.002629 138.614192
1012.829746 650.563039 59.686033 137.500803
1012.997935 651.461924 59.310149 138.460367
1013.502988 652.676875 58.760636 138.092220
1012.543557 653.368421 59.610814 137.981434
1012.931910 653.035116 59.282824 139.119742
1013.212928 653.360090 58.888795 138.582671
1012.834323 655.534106 59.373781 138.131311
1012.553701 655.750282 59.873250 138.832899
1013.064632 658.208031 59.981366 137.687621
1012.088423 658.318705 60.088118 137.569797
1012.376487 658.864304 60.235330 138.246934
1012.623945 658.825065 60.694462 139.207790
1013.010368 660.256785 60.015022 137.891664
1013.148823 661.128695 59.428318 137.844471
1013.714444 662.487746 59.634295 136.904817
1013.262981 663.599484 58.874063 137.643598
1013.573019 665.335839 59.126624 136.907266
1013.195316 666.994143 59.542939 136.178922
1013.140554 667.481317 59.734440 136.207511
1012.749144 668.994147 60.505133 135.228248
1013.140554 668.945126 59.278424 136.941356
1012.771840 670.686693 59.800885 136.104545
1012.710670 670.761670 60.345658 137.802218
1013.125517 673.424456 59.072816 133.434603
1013.124320 672.182854 59.131690 136.242885
1013.190818 674.639578 58.653789 134.664640
1013.812336 673.406603 59.389874 136.577708
1013.011803 672.446612 59.334948 138.726471
1014.351427 673.940967 57.874150 136.556677
1014.391544 674.408249 57.448068 136.777788
1014.143151 674.193132 58.490325 139.281567
1014.358154 674.797831 58.172578 138.216660
1013.581427 675.273102 58.909098 138.674222
1013.473228 674.792342 59.470912 140.298852
1013.967610 676.613808 58.909831 138.772740
1014.140111 677.488533 58.737374 138.382311
1014.048161 677.849096 58.808246 139.357155
1013.866007 677.803676 58.703391 138.741370
1014.507044 678.082482 59.491256 138.184453
1014.202983 678.929203 60.011747 136.456819
1013.691941 677.769715 60.072934 137.269144
1014.422849 678.180989 59.071761 136.844469
1014.289162 676.182017 58.987705 138.946034
1014.438028 676.688802 58.934578 138.811302
1013.885074 679.416051 59.985418 134.654719
1013.706970 678.476179 60.581102 136.363307
1013.918247 677.568241 60.247395 136.894491
1013.686022 673.984927 60.831535 140.903578
1013.822338 672.441524 59.470537 141.431262
1012.798367 668.833592 60.173328 143.631489
1012.897317 667.925998 60.628410 143.930778
1012.899044 669.073415 60.314210 143.376599
1013.160815 669.362730 60.392541 142.556323
1012.680354 666.626773 60.624982 143.911176
1012.589780 667.598410 60.361583 142.767923
1013.211583 667.395685 59.118254 141.944145
1013.028299 667.680258 59.351596 141.253006
1012.674641 668.559562 60.204138 140.469850
1013.023604 665.232465 59.781796 143.833024
1012.374069 665.818570 60.430486 141.470139
1012.396574 664.292847 59.281770 141.835317
1012.782482 664.777473 59.808867 141.994252
1011.645235 662.925403 60.990340 143.105222
1011.322754 659.079816 61.279211 145.803982
1011.030154 661.744974 61.420470 142.229842
1012.046602 663.192331 60.412634 139.696856
1011.801335 662.356892 60.405808 139.626148
1012.120665 663.280706 59.182943 138.982019
1011.847789 664.162621 60.349481 137.716769
1011.829769 664.818168 59.976612 135.974348
1012.509485 665.363710 59.512775 135.188389
1012.065940 663.908930 60.731248 136.806597
1011.585282 665.271097 61.374244 133.497833
1011.308241 662.218053 60.091680 136.178965
1010.823784 663.882682 61.576956 133.410644
1011.128899 663.569349 61.148388 133.524783
1010.980693 660.030949 60.350623 136.147156
1011.134526 664.980958 61.303350 131.620497
1011.294530 658.219613 60.125620 137.102785
1010.214996 660.087618 61.224396 134.424601
1010.846591 661.641768 61.079363 131.996319
1010.777681 661.936290 60.609189 131.837932
1010.799652 663.586601 60.719253 129.307373
1011.186807 661.622567 60.116672 131.370971
1010.810792 661.409028 61.676530 129.848685
1010.937265 661.767507 59.740318 125.926565
1011.251177 658.888404 62.251278 128.657372
1010.377570 664.792286 60.925502 121.851120
1011.020440 657.880808 61.602100 128.677671
1010.203678 664.109407 60.111443 119.148019
1010.079202 660.197355 62.035910 124.061115
1011.099411 661.867612 60.248607 120.641667
1010.103786 660.056155 61.634040 122.162270
1009.826471 658.460247 61.437184 122.006025
1010.212848 666.130535 60.503297 114.192611
1009.454620 663.451724 60.192053 114.971396
1010.464035 661.682382 61.446277 117.053440
1009.548689 653.935001 62.636031 123.551016
1010.052760 665.373266 60.992211 113.202308
1009.300863 669.068089 61.695754 108.167003
1009.646620 636.886634 63.019488 141.003385
1009.568475 628.367558 62.234299 149.904406
1009.756186 631.316609 61.765666 146.480840
1010.262132 634.407207 61.783831 143.718919
1009.834143 629.131710 62.020244 145.899927
1009.730041 630.719009 61.303445 144.329847
1010.201033 629.184538 59.738735 144.588030
1010.568507 628.022982 59.974138 145.618213
1009.763148 627.235217 61.017089 146.437756
1008.004482 624.543978 61.635465 149.027643
1009.351148 623.436066 60.635130 149.334432
1008.405005 621.440667 58.520985 151.258140
1009.157861 619.328367 57.946864 153.869361
1008.911784 622.417942 56.280582 150.714913
1008.365973 619.473564 56.596823 152.086291
1008.946124 619.490100 57.791735 150.105353
1008.957101 621.006059 59.510594 149.076706
1009.039949 619.854693 57.977123 151.228082
1011.053106 620.010506 59.982770 151.504891
1009.340365 619.342515 64.127850 150.104984
1009.811284 618.932891 63.191438 153.195524
1009.514426 621.138958 63.862575 150.409466
1009.604432 622.372335 63.870810 148.581544
1010.214655 623.038399 63.123928 146.949309
1008.786628 622.144656 60.644190 145.229701
1009.689960 619.686694 60.240703 147.134794
1008.535869 620.460684 59.340398 147.919820
1010.325061 622.684727 55.351859 145.814191
1009.073131 620.987273 55.326720 146.043720
1008.745307 622.661442 60.847786 146.078968
1009.453474 620.888565 56.725685 146.163987
1008.718038 620.207843 56.072051 147.106928
1009.393923 621.332243 59.190618 147.264412
1008.754986 617.491132 58.938351 144.713389
1008.791190 618.690195 59.087760 143.077649
1007.765018 618.836442 59.951947 141.675834
1008.707142 617.425675 58.146174 142.540932
1008.506716 615.687095 60.268865 144.730213
1009.044109 614.494095 58.885503 145.692878
1009.587619 613.139780 62.661162 145.522981
1008.489899 612.024733 63.201258 144.537613
1008.251513 610.854462 63.914246 145.742529
1008.810578 611.185133 63.824679 145.832905
1007.054829 609.464549 64.554196 144.979326
1010.116851 606.069140 61.586053 149.216198
1010.013704 604.443309 62.947380 148.922302
1008.393804 603.596020 65.049377 147.780646
1009.086111 603.211070 63.273188 148.461880
1009.399166 599.007144 64.396385 151.442381
1009.225234 598.747167 66.298449 149.877383
1009.743827 598.006851 64.603772 149.209468
1009.941538 595.940087 64.298736 149.524852
1010.649209 595.604684 65.322568 148.534699
1010.967975 594.402439 63.514028 150.353702
1010.445615 592.623899 63.572449 148.703463
1011.214694 593.796434 60.959593 143.801339
1011.024003 589.343984 63.652407 149.180228
1009.976810 590.474302 63.656765 146.678996
1011.751918 589.518354 61.543733 147.113563
1011.041285 587.639802 63.650381 146.053045
1011.930559 587.711170 61.923185 144.452728
1011.544000 586.483930 61.701040 146.410791
1011.346414 586.474648 62.943649 146.468776
1010.918237 584.554078 64.137024 146.045420
1011.314954 584.307309 61.869060 147.394977
1011.118847 583.774261 63.896730 145.998068
1012.084503 584.372956 63.655016 145.871970
1012.776136 584.912751 60.486473 144.952176
1011.313614 582.537563 62.161215 148.119145
1011.587479 583.441042 62.176487 146.248826
1010.993398 580.781087 61.038634 150.076151
1011.661413 582.962063 62.592918 147.659925
1011.548958 580.600089 60.762216 148.838865
1012.073683 582.185113 60.417666 145.167297
1012.028108 582.062464 59.547630 145.545982
1011.550031 580.811747 61.841740 145.033271
1012.782569 581.851978 60.533748 142.546328
1013.322061 579.525209 60.761876 146.810569
1012.613230 581.010824 59.150940 144.654192
1012.046602 579.307498 58.734254 144.076070
1012.577904 579.648047 57.699256 144.517238
1012.228210 579.285801 57.546819 145.269587
1012.510805 580.306523 57.188495 141.879472
1012.694744 579.036239 57.949116 144.508231
1012.134282 580.381805 58.509526 141.772762
1013.005804 578.470799 58.040983 142.919545
1012.088717 578.193485 59.790557 143.279470
1012.638792 578.658380 58.666548 141.912573
1012.977051 577.786729 59.572874 142.791843
1013.115206 579.134984 58.663391 139.567683
1012.833711 578.144487 59.538914 143.107780
1012.855180 577.464335 59.360907 141.443192
1012.173624 577.936769 60.117822 139.873068
1012.467795 577.515854 60.580669 140.258094
1012.248333 577.406219 59.978702 135.442752
1013.796325 575.790940 59.060099 142.432819
1012.597996 575.612406 61.060757 140.715537
1012.747663 575.003671 60.543404 141.219417
1012.509285 576.017563 61.724123 138.855216
1011.557950 576.599360 62.044662 137.675640
1012.175844 575.803681 61.892621 137.813835
1011.698641 575.280743 62.300814 138.918283
1011.766601 575.547054 61.261551 140.126327
1011.822314 574.514277 60.735435 138.857253
1011.677372 574.430598 61.287532 138.776400
1011.499667 573.755784 61.836603 138.050285
1012.547513 575.063278 60.720427 136.184058
1012.040296 574.851752 58.974722 136.985820
1013.010804 574.256302 59.740476 140.071513
1011.546328 575.707220 61.022259 138.874768
1011.951489 574.791046 62.584032 140.216957
1012.946569 574.236120 59.659456 140.244875
1011.801335 575.518022 60.213566 136.099338
1011.987429 575.761659 59.679668 136.728864
1012.134495 574.579213 61.881734 136.776022
1012.382683 574.064869 61.052659 135.919008
1011.591842 575.545332 62.072006 132.976979
1012.423908 574.062648 57.797093 131.136657
1012.137443 574.589537 58.693664 137.342407
1011.929886 573.970311 60.058335 139.403393
1010.469984 574.478355 62.051510 138.792057
1010.496137 573.598511 61.789463 141.302763
1010.795554 573.852737 58.998134 142.108078
1010.915478 574.019996 60.234461 142.140816
1011.119956 573.454103 59.861901 144.992900
1011.272165 574.191057 58.802838 145.849588
1011.013845 574.993477 59.491557 143.277684
1011.045623 574.183343 59.050189 144.626695
1010.672486 575.014526 60.070688 143.889316
1010.770811 575.001080 60.803456 143.570931
1010.020225 574.894479 61.381273 144.489728
1011.935481 574.839081 59.341631 146.631625
1011.328419 575.789478 60.739053 142.723432
1011.205884 576.952236 61.121596 141.099306
1011.559996 576.327059 60.719085 141.892939
1011.154769 575.699430 60.874071 144.087977
1010.546299 575.988814 60.605621 142.807226
1011.639221 576.560969 59.589104 141.041247
1012.091594 576.744023 58.845936 140.513610
1012.133038 576.516686 59.464917 141.350416
1011.223162 575.821057 60.361044 141.821806
1010.933441 575.862801 61.421298 142.459731
1011.874461 575.099924 60.178556 144.454392
1012.491046 575.878275 59.985838 141.678445
1011.720893 574.872995 62.238097 139.561092
1011.341463 574.538768 64.300485 141.979441
1012.646721 573.806108 61.387663 143.489117
1011.877605 573.515071 61.844401 142.974475
1011.339305 572.596682 62.250530 145.712250
1011.346414 573.997733 62.018525 142.351304
1010.223001 574.607171 61.570736 143.436784
1011.568548 573.669490 61.103776 143.300851
1011.688529 574.607171 62.790548 145.236923
1011.335177 575.008824 62.116324 142.299939
1011.973906 574.240348 62.053983 142.835473
1011.531945 573.613894 61.325673 144.250031
1012.126405 574.283810 61.986491 143.927522
1012.186965 573.864300 61.980124 143.320588
1011.609327 573.663249 62.971855 143.413298
1011.995135 574.693709 63.202378 141.424097
1012.031983 574.497154 61.207334 141.602784
1011.714235 574.316940 62.098950 141.542791
1011.235919 575.574704 62.544359 142.045395
1011.546283 574.860349 63.512378 142.239601
1010.500977 576.262414 63.095475 141.799442
1010.952062 576.105955 62.285483 142.578947
1010.915514 575.465586 60.942119 142.246051
1011.476450 574.973834 62.185909 143.770654
1010.806706 575.443368 63.548105 139.298965
1010.743218 574.804193 63.531410 140.348805
1010.764212 576.191529 61.464994 139.860002
1010.782381 575.731417 62.178415 142.564838
1009.936221 575.584574 61.791619 141.972146
1010.138175 576.038177 63.259890 139.945093
1010.532723 575.614696 62.775015 141.177505
1010.494049 575.357411 62.627809 142.629715
1010.763119 574.958726 61.631080 139.514804
1010.197151 576.670395 61.331142 142.907370
1010.144250 575.397473 61.069035 140.789340
1010.545459 574.959774 60.454130 143.344474
1009.657518 575.078071 60.482881 144.245661
1010.568507 574.596679 58.445367 143.544245
1011.653347 573.894931 59.061343 145.409319
1010.296152 574.867073 62.305828 145.758694
1010.806351 575.948592 62.309024 141.424909
1010.146942 575.986942 62.114189 143.838774
1011.777661 575.953686 61.310559 145.394295
1011.111868 575.281648 61.258746 146.017709
1010.419843 574.602720 60.761094 143.627537
1010.220264 575.455072 60.927847 142.793221
1011.063376 574.454946 60.444934 142.949378
1009.762765 575.904122 61.829686 143.045456
1010.624728 574.669474 61.589920 144.668934
1010.570382 576.112030 60.878296 143.517697
1011.123279 573.885670 62.157289 147.092176
1011.273617 576.702662 62.613396 143.637857
1011.874993 575.716046 60.962064 145.569501
1012.130564 575.782217 60.577784 147.018928
1011.074922 577.010834 60.804423 143.712121
1011.458203 575.645440 61.740896 145.936287
1010.690479 576.680749 61.220649 143.551358
1011.114230 575.872411 60.261052 144.267249
1010.371929 575.993490 60.743692 143.017377
1010.771648 576.728022 60.706305 144.047347
1010.144250 576.397458 59.961408 141.935904
1012.925783 575.885668 58.737465 146.741587
1011.207107 576.938143 60.146429 144.010234
1012.526739 578.267968 60.364172 141.742883
1011.180963 577.243235 59.881834 142.976766
1011.243866 577.268006 60.234154 145.126350
1010.410143 577.191767 60.151224 147.010846
1010.819027 578.421322 58.510831 145.470049
1009.934802 577.096824 58.119131 144.695377
1011.436068 576.834730 57.592782 146.493191
1012.242700 575.740575 59.189450 148.536237
1009.646219 576.618071 62.518807 146.196871
1010.425850 577.084174 60.207573 143.804714
1010.906107 576.255332 59.471867 144.512498
1010.619476 576.161857 61.118034 146.576198
1011.509014 576.809402 58.869757 143.083318
1011.119844 576.885670 59.520937 144.155975
1011.447257 577.198656 61.328398 145.147562
1011.090620 577.700664 61.837760 143.284727
1011.931516 577.366550 60.694746 143.709989
1011.819350 577.731567 61.802931 142.539591
1011.079436 577.009844 62.776304 143.014237
1010.701045 576.756854 65.233842 142.558085
1010.480077 577.883868 64.482520 141.644837
1011.799597 577.394545 62.013469 142.115814
1011.731388 577.698635 62.545065 141.120619
1011.069440 576.885819 62.290486 140.939161
1011.440923 577.816436 62.026338 143.378705
1012.015238 577.712582 61.645419 141.805417
1011.692252 576.852562 63.471518 142.616296
1011.091577 577.832645 63.261750 140.639609
1012.097811 578.086559 65.098465 140.797239
1011.724410 576.361562 64.165680 141.082243
1011.676454 577.465918 63.251188 138.565749
1011.398659 576.249877 63.950181 142.726209
1011.617130 575.999444 63.116745 141.295377
1011.433127 576.766504 62.727806 144.500720
1012.109086 575.632823 64.812831 142.749800
1011.665621 575.816838 63.987971 141.731275
1010.982108 575.489661 63.218886 144.146714
1011.243588 575.457244 61.954231 143.333177
1008.855985 576.357359 63.922239 143.601074
1010.227847 576.129170 61.696648 142.810124
1010.973921 575.546929 63.159164 144.837291
1009.591577 575.732725 66.668681 146.022427
1010.981235 576.610747 64.481280 142.644139
1010.639199 575.384890 63.103677 145.663962
1009.921098 576.389389 64.321194 144.376315
1010.228010 576.108354 61.479584 140.987220
1011.194178 574.314690 62.059646 147.931795
1010.579857 575.441031 63.141239 144.314784
1010.251508 576.670047 63.601238 142.334590
1011.496920 576.293949 61.628116 146.122235
1009.861933 576.007689 63.524868 144.651732
1010.229354 575.459061 62.810767 145.005950
1010.653511 575.931463 61.248983 142.616647
1010.899065 576.747235 62.454848 143.485784
1010.955497 576.212729 62.111977 142.518161
1011.673841 576.691926 61.271964 142.580953
1011.932447 576.198650 60.669518 141.241793
1011.112401 574.737906 62.429563 145.490083
1010.533676 576.389414 63.042946 139.122248
1011.558231 576.392969 61.525105 144.250677
1011.051079 576.756854 60.285247 137.970696
1010.121959 575.822677 62.554593 138.596056
1010.039251 575.260288 63.693467 141.709510
1010.916463 575.359217 61.281590 143.247674
1010.839042 575.486396 61.406912 141.876275
1010.339724 574.826278 63.640730 143.591012
1010.767610 575.391172 62.257985 143.187488
1011.069347 575.921261 60.838413 141.138753
1012.062989 576.056613 60.479002 141.875603
1011.896565 576.236131 59.988205 140.821371
1010.997741 576.165064 63.191087 140.768217
1011.149918 574.669964 62.282235 143.709134
1010.911807 574.806110 63.055439 140.382077
1011.067878 575.574704 62.484262 139.958736
1010.840459 575.672226 62.347618 139.872677
1010.498121 576.918104 63.818318 137.890930
1010.179933 575.198468 64.246157 139.748057
1011.339014 574.267974 62.580677 140.771997
1011.692252 574.324061 64.335868 140.116365
1011.719421 575.089459 60.761368 139.337848
1010.983218 574.755808 62.018994 140.918398
1011.424702 573.381761 61.887547 141.005382
1011.475981 574.340762 61.955876 141.797584
1011.697675 575.183203 61.810638 138.906859
1011.336417 574.502437 61.789914 141.853411
1011.306969 574.308545 62.546074 137.518186
1012.036507 572.936764 62.072700 141.157231
1010.216692 575.499615 63.261273 139.428372
1011.558231 573.973836 64.664898 143.052058
1010.947818 573.948600 64.130707 141.684198
1011.377711 573.638251 63.133648 141.611642
1011.915499 573.691918 62.235095 141.797616
1011.222986 575.379868 64.276615 140.021766
1011.186216 574.267974 63.281827 140.643178
1010.955235 574.712327 63.351520 141.209588
1010.608234 575.280604 63.282749 139.309179
1010.611201 575.440739 63.352867 137.896319
1011.273619 575.552052 63.901992 139.638551
1011.342175 575.472316 63.665999 141.189182
1011.213039 576.273023 63.677984 139.473834
1010.914066 576.622362 63.049742 138.626298
1011.112401 577.353061 63.965705 141.074035
1011.488659 578.648028 61.910622 139.365036
1011.266898 577.584183 60.744068 140.974604
1011.976610 577.731413 61.449506 139.024898
1011.529673 576.936774 62.170601 142.652130
1011.815670 578.481989 60.934185 140.052380
1011.440245 578.358057 61.386129 139.360967
1012.153648 577.065111 60.772896 140.108162
1011.647478 578.029268 60.483378 138.309070
1011.606751 577.434832 62.044178 140.497846
1011.214915 578.135005 61.221446 138.995701
1011.674591 577.851537 59.978280 138.585522
1011.606751 577.542046 59.909052 143.346107
1011.916899 578.219076 58.720001 140.614164
1011.122600 578.579055 58.632534 137.136085
1011.796579 577.600501 61.306626 143.999108
1010.411564 579.675272 61.891347 139.667008
1012.412811 578.375926 59.896920 141.072228
1011.197133 577.938156 62.382615 143.254665
1011.016348 577.573433 63.650659 142.014087
1011.383814 577.359241 62.546845 144.277139
1011.878320 578.195593 60.942709 141.357889
1010.899990 578.236115 62.530491 140.500732
1010.814190 579.388219 63.152331 140.182736
1011.705970 577.530248 61.992390 144.083245
1010.806706 579.463143 62.394286 142.672566
1011.373689 578.118391 61.964148 143.306159
1012.250120 577.441424 61.580321 143.136335
1011.642351 578.607165 63.134637 141.208803
1010.791948 578.443257 62.383953 142.563243
1011.357336 578.249908 61.422434 145.138864
1010.610760 578.487067 61.061194 139.717448
1010.898150 578.454318 61.607524 143.671725
1010.948402 578.909543 61.505292 141.479583
1010.612463 579.718838 61.215347 142.197244
1011.729118 579.818548 60.969236 140.511452
1011.447851 580.308159 60.678435 138.574909
1010.686985 579.866649 61.116620 139.810252
1010.798402 579.550494 60.752973 139.805930
1010.823750 581.070818 59.990161 138.991040
1011.037642 579.270084 61.372402 140.960587
1010.916649 579.623882 62.306049 140.433610
1011.391168 580.488488 61.921081 139.376499
1011.205748 580.880103 62.333473 137.939571
1011.925366 579.984880 61.076845 139.952714
1011.496120 579.295660 61.120796 140.991637
1011.896565 578.033103 61.711032 144.271150
1012.478640 579.296798 58.556395 139.001509
1012.495908 577.428821 60.398338 142.749532
1011.795579 578.384427 60.923834 141.186528
1011.560861 579.201500 63.487817 140.953056
1011.300417 578.731580 63.620121 141.695746
1011.278409 579.513693 62.652250 140.780873
1011.915565 579.372586 60.732122 141.031727
1011.866211 578.759398 63.891914 145.116500
1011.885792 578.909216 60.357757 141.122276
1012.198832 578.192099 61.957627 143.750846
1012.072348 579.213535 62.241358 141.624048
1011.975490 579.275483 60.443756 139.781734
1011.694209 579.128999 61.764431 140.192767
1012.364386 579.201619 60.613216 142.251341
1011.781771 578.777038 61.878546 141.568297
1011.933652 579.032202 62.533615 140.921226
1011.342175 579.134912 62.286711 139.656341
1012.298734 580.527341 60.980320 139.210187
1012.727461 579.016356 61.048153 138.957541
1011.536971 580.382485 63.572232 138.535647
1012.569495 578.814269 61.430124 139.613075
1012.344281 578.019981 61.873350 140.400407
1013.857044 577.527178 63.183851 141.562562
1013.067364 577.835212 62.307909 142.748690
1012.213023 578.594603 64.219572 139.132385
1012.532735 579.144295 64.894365 138.937808
1013.288322 577.941337 63.611161 141.136395
1013.531970 578.224791 62.077329 140.422276
1013.764149 577.623898 60.959975 141.530680
1013.154780 578.726747 63.083704 139.910228
1013.441712 579.055268 61.386120 139.290043
1013.291218 579.029251 61.333847 139.904022
1013.807975 579.068454 61.501737 141.186529
1013.646460 579.239834 62.782909 140.555442
1013.761543 578.755602 63.402238 140.397388
1014.080319 578.337249 61.897236 142.021569
1014.104263 578.503857 61.903944 139.142339
1014.609397 577.489666 61.471833 142.024715
1014.999700 577.463456 62.949279 140.625531
1014.514820 577.759572 62.917338 139.616929
1014.533245 577.239838 62.855561 142.832757
1014.065880 577.815118 62.333370 140.197449
1013.457765 576.306528 64.052956 141.943787
1013.878105 576.978060 63.175211 141.924034
1013.429528 578.799194 62.320335 139.713716
1012.728320 578.682773 64.201931 139.381489
1012.949851 578.999228 62.906301 138.984045
1012.722363 578.346319 63.241763 139.654089
1012.955369 579.861015 63.551550 138.227971
1013.180966 577.906069 62.173749 138.778661
1013.646268 576.826069 62.391070 143.182305
1013.278407 577.213537 62.423818 140.138446
1013.916095 576.672232 61.137382 142.328507
1013.407365 577.275500 61.345454 141.257958
1013.188727 578.249435 61.364524 139.167730
1012.494342 578.176986 62.356717 138.932854
1012.584016 577.924197 61.519153 140.363103
1013.067108 577.180232 62.127506 140.820176
1012.636295 577.480685 62.871592 139.993024
1012.849582 577.720677 61.828390 138.222178
1013.825001 577.423184 60.675295 137.445822
1013.598301 576.303095 60.349951 140.016026
1013.392785 576.845112 61.232280 140.313448
1012.689020 576.295652 62.926955 138.640220
1012.689020 577.945860 61.414149 137.310179
1013.055153 577.153012 59.953363 139.907757
1013.936513 577.239197 60.213059 136.647895
1013.228098 577.474881 61.377196 138.150868
1012.792078 577.941977 61.085347 137.162133
1013.241974 576.787817 59.983583 139.599119
1013.173484 576.899363 60.448252 139.045090
1013.173484 576.095290 61.816981 141.287571
1012.517994 577.007571 64.907806 139.530366
1013.327706 575.584574 62.073786 141.455394
1012.839239 575.032207 63.684542 142.279273
1012.841819 576.592315 61.679575 140.043353
1012.629163 576.615924 62.796956 140.910521
1011.877689 577.954966 63.283066 140.161514
1012.010492 577.013357 62.269620 140.842266
1011.622737 577.959827 62.006149 137.793191
1011.526331 577.309560 61.000229 141.223164
1011.953147 576.207964 62.129781 139.813481
1012.697203 576.490701 63.351504 140.858486
1011.561033 576.313690 63.040934 140.357829
1011.609531 576.718844 61.849710 140.817684
1012.097148 575.257247 61.392727 141.928747
1011.609531 575.531132 61.816522 139.894144
1010.573872 576.190978 63.385119 142.615756
1012.162986 577.508634 64.013096 139.512499
1011.523575 577.239200 62.639332 136.067141
1012.487375 576.248232 63.961693 138.221664
1012.185645 577.016315 62.713968 140.989089
1012.288293 576.747235 64.960466 138.393897
1011.414276 577.006498 65.671929 136.446284
1011.839351 575.679148 63.557370 137.594696
1011.737538 576.921115 63.994025 138.886830
1011.493100 577.421894 63.516430 137.388097
1011.449423 576.707476 61.488072 139.025158
1011.460150 576.654868 63.314587 137.193516
1011.423515 575.559559 62.427548 137.791660
1010.966986 576.412112 62.760809 136.456901
1010.616630 576.849210 65.018576 136.915094
1012.120732 575.346315 63.902626 138.132578
1011.927746 575.127219 60.130719 141.431262
1009.723557 577.116955 62.528777 138.958889
1010.372669 577.356005 62.757845 138.020861
1010.115694 578.164701 62.652306 136.227703
1010.428731 577.200636 60.061739 136.452358
1009.891254 576.331104 60.157036 138.955296
1010.108396 576.910892 59.401161 136.866231
1009.569737 577.060197 59.784570 136.741315
1009.691890 577.508640 58.874598 137.777760
1009.572982 577.662894 58.932281 135.006506
1010.810844 577.760401 57.812699 135.651877
1011.094996 577.265085 57.769368 138.657038
1011.343957 578.201097 58.742276 135.420551
1012.209469 579.287288 58.285191 134.987049
1011.660358 578.123313 57.596485 133.626846
1011.633736 579.002427 58.540356 138.359141
1010.839940 577.061376 59.346055 140.782055
1011.573039 577.371502 64.293337 139.002282
1011.680139 578.197500 63.977716 140.702573
1011.714716 579.325688 62.412638 139.644650
1012.524909 579.249880 61.103714 140.326558
1013.295263 578.827885 61.320701 139.563776
1014.342208 577.728888 60.197626 142.042847
1013.146060 579.398218 60.790941 139.886348
1013.869139 578.387777 60.032063 140.777053
1013.760590 578.981516 59.676797 140.466990
1013.533254 579.994875 60.440300 138.568779
1013.487335 580.200650 60.632289 139.157328
1013.598499 579.033474 62.282364 142.613230
1013.031966 578.530440 61.175628 141.001602
1012.731134 579.249413 64.425324 140.775550
1013.916488 578.350709 60.895527 140.012567
1013.748457 577.582898 60.557431 141.930183
1012.603273 579.345129 62.252178 142.113835
1013.054170 580.231479 62.030290 139.176759
1012.690321 579.133136 62.831261 140.990842
1012.447843 577.916246 64.107052 142.161487
1013.417370 578.468418 63.784303 143.044516
1012.415471 578.721539 64.472662 141.680235
1013.598358 579.123173 63.146990 140.607720
1013.728743 579.327904 60.763574 141.463740
1013.290222 579.768749 61.037610 139.840079
1012.091990 581.070818 63.561968 138.477582
1013.052556 579.959780 62.336239 138.834353
1012.766613 579.116758 62.405247 139.475202
1012.460788 579.398218 63.852304 140.534001
1012.685707 578.240370 64.371847 140.009836
1013.503148 578.232727 64.054536 142.019977
1012.687345 578.589590 62.460570 141.011901
1012.609537 577.690182 64.664345 142.296489
1013.549359 577.797224 61.877525 142.597278
1012.646094 578.378500 63.875003 140.724889
1012.750070 579.040858 65.826394 138.717721
1012.994159 578.801401 64.594245 137.925604
1012.562970 577.961435 63.902475 138.819075
1012.879736 577.912072 62.204227 139.176917
1012.723894 577.742410 62.815351 140.319456
1013.036195 577.032219 62.894353 140.216454
1012.600527 577.907563 63.984054 138.022224
1012.829138 577.774283 64.141303 139.669192
1013.115154 578.379872 64.733179 136.950371
1012.921886 577.776727 62.756162 136.011910
1012.661129 578.860213 61.567588 139.858863
1011.862788 577.906069 62.753176 140.421897
1011.378765 578.048390 65.125324 135.496738
1012.388266 578.557231 65.004090 135.654478
1012.255446 577.977914 61.744008 139.439186
1012.146240 576.874596 64.529991 140.673813
1012.643794 578.178067 62.106085 138.045668
1011.967254 576.936774 63.208051 139.236504
1012.214948 577.070877 62.263062 141.034020
1011.671983 577.462063 63.217785 138.347926
1011.075879 577.127222 65.796532 142.227678
1011.757667 578.107289 61.639536 140.101777
1011.526628 577.731413 62.437496 139.532846
1011.250596 577.295160 62.331805 139.259203
1011.764968 578.211511 63.127343 135.598657
1011.435884 578.332290 62.374849 136.178080
1010.333700 577.105375 62.487134 135.373796
1011.308649 576.443620 61.332295 139.544255
1011.450014 576.358064 59.145151 139.043637
1010.977901 576.637387 61.780791 138.537574
1010.921964 577.271173 60.193988 138.986437
1010.001848 577.863769 61.119359 137.353690
1010.232801 577.863769 61.783610 138.494195
1010.299719 576.599105 61.579554 141.818223
1010.771648 578.908111 61.389090 140.117779
1010.764994 578.924209 62.275885 139.149332
1010.723870 579.112935 61.903489 139.720482
1010.111124 578.489678 62.471304 139.140021
1010.188910 577.295664 63.376224 141.506676
1010.478347 579.513780 60.896935 139.497086
1010.674595 578.647420 60.204138 140.802655
1011.589595 578.241076 60.218386 139.970645
1011.269985 578.947138 60.330806 138.616520
1010.805379 578.579055 61.999121 139.080511
1010.948845 579.400171 62.529316 139.531312
1010.793599 579.153317 61.884417 137.136160
1011.189220 578.533014 60.334635 139.656009
1010.876477 577.888107 61.086973 139.738934
1011.248351 579.352098 62.014123 136.986240
1010.972954 578.295775 61.311094 138.110948
1011.001832 577.859307 59.968553 140.394379
1010.925370 579.412621 63.164002 137.317248
1011.440245 579.412621 62.215469 138.461085
1011.371095 579.217403 60.787104 138.562781
1010.850454 578.514543 61.436497 140.002491
1012.069469 578.213351 62.009410 138.556416
1012.120747 577.646504 60.537106 139.901905
1010.921964 578.699709 60.956764 137.934820
1012.164719 578.627693 59.581704 141.241893
1011.958145 579.454328 60.069384 139.902096
1012.302890 578.791031 60.695252 139.140939
1011.951489 578.609661 60.547918 137.884828
1011.463390 579.112188 60.781071 142.578483
1011.597321 579.817550 61.434792 140.557691
1013.321617 579.424765 60.184769 139.558953
1012.353233 579.412110 60.146201 138.255396
1012.420044 579.169861 60.272181 142.900341
1012.956997 579.609712 61.394934 139.143328
1012.948740 579.032977 59.473160 137.377411
1012.919416 577.181297 61.704815 136.918210
1012.628456 577.567088 62.457454 136.776542
1013.001854 578.593651 60.987813 136.994259
1012.938945 577.883507 60.803285 141.556728
1012.920541 578.527156 61.775567 137.303243
1013.388491 578.143626 61.638523 135.001774
1013.170474 578.066601 61.158446 135.645851
1012.816602 576.188401 64.741865 140.565933
1012.922983 577.420586 62.100232 136.989672
1012.850477 575.758348 63.213852 137.377129
1011.673592 576.678740 62.117364 138.963615
1012.151758 575.827877 62.192947 138.170912
1013.120715 575.128989 61.849934 136.534636
1012.704378 575.609356 64.507757 138.414809
1012.805276 577.535641 62.975013 134.901689
1013.457838 576.112204 61.136195 135.933669
1012.076735 578.275206 62.385909 133.842339
1012.839932 575.436029 62.286576 139.552934
1012.548882 576.398215 62.380601 139.692783
1011.970639 577.112933 65.265841 136.738268
1013.389108 576.572660 60.842949 140.886885
1013.297303 576.924185 61.909253 138.832114
1013.798405 576.068379 60.525349 138.261253
1013.232785 575.338503 61.439728 139.892180
1014.231045 576.069679 60.622722 135.058438
1014.710675 576.823041 59.091240 134.916035
1014.432020 577.270221 59.292625 131.786876
1014.248010 577.857812 58.821392 130.057235
1014.280402 577.276729 59.523164 131.501526
1014.609321 577.138208 60.769584 133.879925
1013.963424 578.065318 60.433171 134.788808
1013.402248 578.061850 61.698685 130.653297
1013.799652 577.561687 62.897607 130.272234
1013.824330 577.828384 59.393085 133.670823
1013.733185 577.341495 60.783815 131.441696
1014.019261 577.785913 61.058273 127.499625
1013.424862 577.019597 60.223461 131.936320
1014.545733 577.785913 61.092643 130.469020
1014.073092 577.813067 59.616797 132.160581
1013.231733 577.147664 60.776474 127.200282
1014.079096 578.154810 61.804740 122.091438
1014.314573 579.085145 58.722394 120.056411
1014.248520 577.908597 61.819312 122.887926
1014.624123 577.983775 61.183025 122.670851
1014.213693 577.478925 60.360460 124.348041
1014.192900 577.730026 63.646831 119.290695
1014.318794 578.762010 62.538980 118.613163
1014.372790 578.117308 59.954194 118.518971
1014.543311 576.777244 61.942389 119.146597
1014.041393 578.379461 60.076743 117.887052
1013.933623 577.569491 63.464687 118.650797
1014.491906 577.791930 60.977666 117.525673
1015.127273 577.593452 62.076596 117.303507
1014.219225 577.304090 60.583578 118.970933
1014.908511 577.385207 60.799858 117.235977
1014.184435 576.447065 61.690745 116.111289
1014.413408 577.779641 62.906960 112.212326
1013.485156 577.385081 62.940873 115.708330
1014.011258 577.315903 60.112035 115.981470
1013.277690 577.670110 62.887476 115.287268
1013.928567 576.754822 63.676988 116.108949
1014.090516 576.647697 64.503979 117.959735
1014.185844 575.766903 61.581500 119.438686
1014.319674 576.421536 62.149456 118.185097
1014.177756 577.025729 62.192764 118.191577
1015.433050 578.677470 58.665738 118.725271
1015.172055 577.175013 59.042315 121.706881
1014.914102 577.276957 62.611392 119.993387
1014.830745 577.889600 61.433350 119.483900
1014.214692 577.168050 64.960082 120.679896
1015.492689 577.075592 66.051181 119.365872
1015.019893 577.466366 64.317143 119.891348
1015.591675 576.488049 64.496998 120.359835
1015.858977 576.524748 62.675788 119.996593
1015.529650 575.895498 62.598349 121.120911
1014.670828 575.610270 62.395813 121.091318
1015.074327 575.165285 58.939753 118.350667
1014.622600 576.083919 61.100723 117.195654
1015.211883 575.113298 60.953576 113.798782
1015.748183 576.447452 58.898488 117.962601
1015.987818 576.833388 59.141763 116.713800
1016.198258 576.390555 57.992899 116.690982
1015.956013 576.281838 58.898893 118.638734
1015.829981 577.321335 57.861749 113.708568
1016.227369 576.104658 58.758075 120.021172
1015.766201 577.713235 58.359613 116.394425
1015.022742 577.723576 60.048379 115.751448
1015.027516 578.215313 61.294180 115.510396
1015.336617 577.057552 59.925134 115.774610
1015.717297 578.566316 58.957368 115.370952
1015.813561 578.037921 59.367721 114.911213
1016.214647 577.517204 58.252199 113.691858
1016.082012 576.775865 59.598981 115.725346
1016.336774 577.567114 60.160519 114.453646
1014.430238 577.785087 61.355171 114.183071
1015.331067 577.460081 60.043203 115.314991
1014.499239 577.248491 60.314486 115.919569
1014.477445 577.591474 59.293584 114.825990
1014.228924 578.447617 58.696295 113.698958
1014.618920 577.230085 60.892528 113.757766
1013.414954 576.801635 61.585499 112.928572
1013.528595 576.251110 61.239465 115.670927
1014.310437 576.796032 60.535415 113.033750
1014.142182 577.690513 61.127128 113.658066
1013.894782 577.853115 62.313229 113.308542
1014.112715 578.630367 60.894884 111.491989
1015.157827 577.923702 62.189986 112.851910
1013.954853 577.733005 61.414458 112.665131
1014.482432 576.578512 60.276393 115.472837
1014.890406 577.293775 62.053531 112.129860
1014.633081 577.623853 60.776558 110.747100
1014.797478 577.464249 59.550123 111.678033
1015.053253 576.318272 59.614590 112.608210
1014.068028 577.036823 61.506321 110.898732
1014.741890 577.415287 59.749415 110.624825
1015.633179 576.999703 56.673765 109.266372
1014.954498 575.887266 58.416357 110.369463
1014.811390 576.475765 56.949622 110.280507
1015.342032 576.638882 58.073096 108.791393
1014.814108 576.862037 60.413213 110.269319
1014.358228 574.896496 61.785455 112.159750
1014.006518 577.923403 59.235408 108.625991
1014.217762 575.637182 59.506952 111.994671
1014.565216 576.748668 58.543245 108.994471
1014.570453 577.088220 58.600328 109.158762
1014.464760 576.855547 58.335638 108.352666
1014.367053 576.875427 58.421271 105.379733
1014.446295 576.907182 59.003153 107.032463
1014.677274 575.671011 58.761971 109.850808
1013.968995 575.940618 59.071139 109.296053
1014.938527 576.397115 58.548423 107.744127
1014.485156 575.779145 58.290238 108.278661
1014.504653 576.157933 56.938134 106.604459
1014.840975 574.948197 57.041185 107.941332
1015.570886 576.598004 56.609892 107.861130
1015.365916 575.501476 57.681877 108.362965
1015.193953 575.844918 59.740326 110.809711
1014.431508 576.293002 60.965066 110.631283
1013.956439 575.287922 59.977918 110.381057
1015.284863 575.965023 58.793721 109.242586
1014.859719 574.754179 57.935370 111.002057
1015.084483 575.921993 59.061376 106.816563
1015.466879 576.304458 58.326844 106.141954
1015.751078 574.260179 58.536668 108.094589
1014.456640 575.445318 58.503563 107.438939
1015.295690 577.174190 57.363223 105.525246
1014.826671 576.502816 57.446612 107.374427
1015.584001 576.070108 58.291600 107.382823
1015.195912 577.112250 57.343333 104.804837
1015.281425 575.285396 58.632499 108.993681
1015.706242 575.274311 58.326727 109.126689
1015.502173 574.238599 60.069301 107.591286
1015.377233 575.972071 58.100180 108.855729
1015.224575 574.232242 60.038397 108.877572
1014.897202 576.160872 58.063360 110.083706
1014.674095 576.425806 57.654326 109.125260
1014.470344 576.564442 57.238343 108.154208
1014.801931 576.737915 58.422299 107.350122
1014.360756 576.107823 57.498081 108.181947
1014.193977 575.771108 57.263590 109.688047
1014.020417 576.152427 57.541224 107.860548
1014.922264 575.432229 58.327524 107.455509
1014.360756 576.568203 58.230943 107.249468
1014.369690 575.318781 59.029971 108.317109
1014.874701 575.828553 56.139903 106.792846
1014.647716 574.517389 57.562966 105.685908
1015.590957 575.647179 56.803943 108.115846
1015.602627 575.098568 58.621580 107.926736
1015.640549 576.437520 57.519234 105.201995
1015.897738 573.447645 57.454317 107.674733
1015.983071 573.674246 59.393269 108.076742
1015.656357 573.050929 58.202471 107.419657
1015.610517 574.546898 57.663779 106.503663
1015.886790 573.183139 56.880077 108.311171
1014.808229 573.152962 58.668612 107.742066
1014.937721 574.818652 58.729782 108.912876
1014.982629 573.200583 58.029803 109.349983
1014.744873 574.529429 57.749529 107.794100
1014.678750 573.583091 59.732825 108.858296
1014.163614 573.288690 60.858172 108.105586
1013.971920 573.839261 60.011571 107.369184
1013.822544 573.213396 58.403955 109.563065
1014.131760 572.899630 59.631636 110.113732
1013.573835 574.391579 59.569429 109.250182
1013.604070 573.295747 60.281797 110.415546
1014.052298 573.344875 58.676713 110.200993
1014.329060 573.374539 60.427925 108.822442
1013.424389 574.706090 62.266997 109.192602
1014.277745 573.287923 60.249628 110.603866
1013.278803 573.448557 60.864771 110.895151
1013.399375 573.202511 61.424130 112.055283
1013.669278 573.585282 62.320644 113.014405
1014.081388 573.442365 59.454588 112.097468
1013.914418 572.813181 58.847820 113.516631
1014.362639 572.376217 58.224642 114.836580
1014.381407 573.243207 57.859293 111.812420
1014.121299 573.526512 58.573253 111.034960
1013.416018 572.441278 59.004979 114.419399
1013.641540 573.163069 58.876689 113.514976
1014.348944 573.359876 58.485438 113.129845
1013.983941 572.016316 60.178820 114.080148
1013.227504 573.712586 60.953781 113.422219
1014.499669 570.698551 59.624360 117.387973
1013.644592 575.225683 57.792433 117.507707
1013.186318 573.530997 59.768239 116.707971
1013.672549 573.093468 61.400391 117.896188
1013.751879 573.822538 61.592479 116.805172
1014.066154 573.884012 61.869628 117.200311
1014.458025 573.587453 59.881969 118.077667
1013.479157 574.538890 61.022154 116.577852
1013.341436 573.843100 61.546963 116.890060
1013.827442 573.512629 61.501929 117.002320
1014.258247 573.459516 61.071123 116.338614
1014.214037 573.721124 60.408162 117.384204
1013.368667 574.430190 61.560407 118.524661
1012.801413 573.386830 62.714213 123.886969
1014.156387 573.614811 62.783493 121.144414
1013.239822 574.757191 62.187352 120.466185
1013.580563 573.225611 63.858140 120.584294
1013.293944 575.759780 60.945589 121.799030
1013.449656 575.782542 62.596658 121.233867
1013.922857 575.191147 62.570788 120.948868
1013.506346 575.915969 61.138306 123.427033
1013.991245 575.814753 62.241868 120.198084
1014.114220 576.513695 60.568342 122.158470
1014.017082 575.256813 63.342605 119.848004
1014.243961 576.577314 61.816743 126.994576
1014.387556 575.936927 64.449271 123.946251
1014.261243 575.187678 62.235189 124.202148
1014.423000 575.995573 61.751878 121.665341
1013.316297 577.074765 61.611404 119.617078
1013.623740 577.117276 61.056507 122.553897
1013.922857 576.811365 59.548601 119.389575
1013.156939 577.278999 59.687802 120.225459
1013.148463 577.197442 62.732704 121.027813
1013.777207 576.401067 61.183619 121.019293
1014.246256 576.233977 61.040077 122.337023
1013.033922 576.733541 62.841115 120.457521
1013.540658 577.466655 59.265177 122.636528
1013.388591 577.734412 61.837067 118.928662
1013.991638 577.186445 61.500412 118.917539
1013.398450 578.185719 60.048131 117.144632
1013.761015 578.428018 59.953616 115.239488
1013.488315 576.577796 59.741832 122.565439
1013.388591 578.185013 62.185296 115.055195
1013.698431 579.047116 60.168453 116.617910
1014.576081 577.509435 60.430855 115.860267
1014.471763 577.572112 61.286998 114.009682
1014.359819 577.727418 61.369528 113.277670
1014.596342 576.335959 62.977935 115.829569
1014.077859 577.927705 59.533848 114.299561
1015.074705 576.505072 62.013647 112.381009
1013.999065 577.524741 62.698162 113.317160
1014.277673 576.905305 62.408993 114.136128
1014.098790 577.759400 60.672274 113.267707
1014.982241 578.890782 61.221180 113.919385
1013.324422 576.742328 60.592726 115.679028
1014.576311 574.755975 60.665000 118.574676
1013.974690 577.874346 60.009110 114.632929
1013.952278 575.657516 60.402490 117.844358
1013.898569 575.795060 59.762145 116.665409
1012.653912 576.312974 61.748931 115.768533
1012.588988 576.375777 60.841330 114.922116
1013.409426 576.394368 61.607957 114.915476
1013.690353 576.350239 61.929446 115.037983
1013.919484 576.186120 60.855979 112.629051
1013.961568 575.791925 62.173773 113.068948
1013.528489 576.312748 61.120273 112.886204
1013.590745 575.701274 61.446929 113.167620
1013.491627 575.143920 61.418505 114.002961
1014.009503 576.100356 61.361994 111.379015
1014.245520 575.719831 61.526839 112.133176
1014.006518 575.532586 59.781206 112.832656
1014.260814 575.296301 59.396806 112.442041
1014.363074 574.229498 60.175741 112.753085
1014.741890 574.983523 59.190955 110.809001
1014.499833 574.383832 59.264878 111.525613
1014.008658 573.794343 59.582873 114.087964
1014.244119 574.408777 60.683369 112.799268
1013.961568 573.898112 60.351747 112.424779
1014.434780 574.141354 58.736816 111.330415
1014.289823 574.320059 61.065376 109.543142
1014.843087 574.768631 60.888569 110.392668
1015.241797 573.846877 63.175337 110.127258
1016.405354 574.319845 59.028945 110.276415
1016.202572 572.907470 60.262975 110.246419
1017.498020 575.597546 59.169012 107.082959
1016.602855 573.772053 60.145407 109.004865
1016.892035 573.884965 60.796603 108.323477
1016.202664 574.364368 61.223738 107.997624
1016.308105 573.701946 59.112891 108.808654
1016.075333 573.388395 57.985655 108.804837
1016.292153 572.471242 59.439145 109.450124
1017.367792 574.273640 58.484868 107.396261
1017.320564 571.964244 58.349901 110.140151
1016.161076 572.650738 58.283266 109.871510
1015.984078 572.386959 58.156515 109.672468
1016.188046 572.313475 58.020914 109.340077
1016.582053 571.812903 57.476268 109.362518
1015.814101 572.450123 58.152989 106.854128
1015.975494 572.656758 57.894954 106.318578
1016.686380 571.692712 57.456200 107.809923
1016.746848 572.469386 55.939227 109.539109
1016.183294 571.016059 57.225950 111.853596
1015.707996 571.571632 57.453017 109.944166
1015.122493 572.125484 59.255766 110.257263
1014.912276 571.023834 58.440597 113.078742
1015.766318 571.367236 57.652314 112.502776
1015.834131 571.860038 57.757457 110.926725
1015.703764 570.548779 58.092109 113.636080
1015.854428 572.017380 59.376956 115.673561
1015.999566 571.450771 59.594597 114.841225
1016.698312 572.585580 59.810081 111.939900
1015.620941 572.135899 58.648528 110.702571
1015.638773 571.139944 58.606667 115.199792
1015.263804 571.259092 58.937606 115.288285
1015.847413 572.606719 58.841361 111.502490
1015.856396 570.469163 59.977373 115.711383
1016.464101 572.072242 60.408871 113.521205
1015.557612 572.341358 59.011283 113.531596
1015.438385 572.962492 60.935183 110.010091
1015.210930 573.098243 59.623398 110.794144
1015.148597 572.091160 60.848569 111.379331
1014.551060 573.561460 61.024688 113.328991
1015.298604 573.518509 59.390170 115.684811
1015.267395 573.748065 62.158252 113.944473
1014.196255 573.743853 61.551477 114.704037
1014.957272 573.851263 60.786120 114.872951
1013.900724 574.406537 62.255355 115.368550
1014.508871 574.472814 58.150586 114.173996
1014.531624 575.224370 57.644313 108.252690
1015.025749 573.772053 59.477045 112.469071
1013.956439 574.933282 58.361735 111.170518
1014.769010 574.264919 58.131758 111.637190
1015.083088 574.396338 59.665025 111.637502
1014.937389 574.520942 62.551107 110.369024
1014.205909 575.319847 61.104042 110.119349
1014.949232 575.229813 59.228810 107.798801
1015.087624 575.121047 58.059561 107.294469
1015.780740 575.714085 59.000253 107.140824
1016.363287 575.038522 56.760718 107.308178
1015.752914 575.174624 58.365535 107.428379
1015.431587 574.480863 58.227392 110.625382
1014.947090 574.814461 60.311949 109.784492
1015.061096 574.586569 59.473845 109.788506
1014.608798 574.776973 60.315033 108.682569
1014.968992 576.261419 58.798806 108.015146
1014.735938 575.416435 59.671104 109.393540
1014.380109 575.072657 58.633651 108.599678
1014.399371 573.928486 59.959400 108.694716
1013.793742 575.061449 60.415528 105.615228
1014.146993 573.437793 57.579882 108.746051
1014.430537 575.045096 59.011784 106.246190
1014.574517 575.213664 58.619411 106.938008
1014.254146 574.885056 57.670819 108.318529
1014.960536 575.199534 58.656921 109.148384
1014.217762 575.724089 56.919581 110.013310
1013.779520 575.180384 57.782121 108.711801
1014.506706 574.517198 58.457281 108.297284
1015.224575 575.194117 57.742522 109.587642
1013.786243 575.077193 57.843358 108.945725
1013.848652 575.190204 58.050628 108.272286
1014.329501 574.773412 57.938996 108.813522
1014.018868 574.365296 58.361556 111.787318
1014.583593 575.973105 58.355255 108.607567
1015.088701 576.378717 56.147428 106.986350
1015.078354 576.502816 57.301745 106.873216
1014.996037 575.468740 57.052513 108.033869
1015.315595 575.368172 57.161216 109.398637
1015.441507 574.564755 56.134027 108.191158
1015.485952 574.989489 57.698798 107.832847
1015.949498 574.958471 56.722485 107.685483
1015.128625 575.734980 57.044050 107.500061
1015.155407 576.209025 58.235549 106.856160
1015.900761 576.505675 56.853783 105.580880
1016.134171 576.276531 58.200518 106.087800
1016.511316 577.719382 57.255546 103.017175
1016.770643 575.912409 56.613856 106.688010
1016.394140 575.209518 57.709421 106.094202
1016.406252 576.376768 57.881648 105.982895
1017.038431 576.125150 57.727346 106.528081
1016.647760 577.280624 57.732440 104.035423
1017.375371 576.446938 57.234329 107.307338
1016.957757 575.463736 58.406339 108.400705
1016.828781 575.926284 59.494273 107.805273
1016.947539 577.129878 57.997707 107.381912
1016.326882 575.540841 57.892762 107.304598
1017.249603 577.705635 55.697213 104.967528
1017.420931 575.277713 56.565161 107.839203
1016.580118 575.582314 57.520336 109.067353
1015.231318 576.190198 57.034552 111.790910
1016.305353 576.190308 57.195109 109.102785
1015.039363 575.671011 57.033758 111.110736
1016.085022 576.125799 57.392929 110.507832
1016.356400 575.613611 57.039160 112.656941
1016.251369 576.358185 57.754907 113.259652
1015.823067 576.645872 58.780690 111.567018
1015.925757 575.933165 58.814959 113.571373
1015.706852 576.329799 59.156690 112.321510
1014.657940 576.750642 58.745154 110.397272
1015.016572 576.988001 58.160327 107.149934
1016.177393 576.811544 58.367888 108.239049
1015.834560 576.467552 58.832937 109.530621
1015.522111 576.725850 57.722995 111.672685
1014.806951 577.363003 59.024977 109.711191
1015.329037 576.950287 58.914875 109.514243
1015.804714 578.205693 58.961545 107.393389
1015.267771 576.891559 58.708391 108.875744
1014.304873 576.374968 59.934959 111.738262
1015.053253 577.055380 59.684989 109.937670
1014.934917 576.586538 58.191022 108.970981
1015.292160 575.888550 60.113559 111.086774
1015.097354 578.103232 59.803111 108.407098
1015.743420 575.815173 58.602526 110.022218
1015.253701 576.211537 59.892155 111.980598
1015.708722 575.819243 59.901128 112.240686
1015.975860 576.011418 57.740827 113.479409
1016.449556 575.828290 58.947019 113.167446
1015.508662 575.355149 58.812670 116.352429
1015.162920 575.220027 58.105184 117.644708
1014.647600 576.077557 58.888375 115.825649
1015.446757 575.851036 58.836938 115.830841
1014.990418 576.189239 60.276771 116.289936
1014.433585 575.651131 58.761321 114.983698
1014.732387 575.024502 59.787969 118.322075
1014.686931 576.256092 60.684419 114.235847
1014.987551 575.371958 58.144750 116.742459
1015.253388 575.249542 59.622325 114.408209
1014.590743 575.606712 59.679983 114.408538
1014.798499 574.625370 60.530707 117.239250
1015.760637 574.762578 57.185292 117.681540
1015.835539 574.554497 58.451174 115.182543
1014.997871 574.291972 59.619682 116.614987
1015.181839 575.517062 58.273515 112.799713
1013.901667 574.364138 59.551270 115.043440
1013.089839 576.156705 62.402417 112.592204
1014.281093 575.919891 58.239473 111.772194
1012.863231 575.240521 58.599287 115.772769
1013.893406 575.499717 60.435611 116.364904
1013.751202 576.885857 59.742897 112.976176
1013.997699 576.378000 58.038242 112.036605
1014.266362 575.551164 59.416268 115.516230
1013.810633 576.175989 58.935930 112.783625
1015.227346 576.213107 58.300004 113.984270
1014.281383 575.414998 60.421034 115.611661
1014.682473 575.077575 57.894473 115.825649
1014.397467 575.223001 58.775882 115.666536
1014.353318 574.745404 60.528261 117.064764
1013.662048 574.883297 58.757564 115.176503
1014.609897 574.928506 59.104861 115.941720
1014.645849 575.208879 58.653797 114.242401
1014.014703 575.840070 59.156893 112.916752
1014.777091 575.253942 59.127319 113.898159
1014.551366 575.415102 59.328136 113.447970
1014.551366 575.685926 59.754836 111.544260
1013.301204 574.592135 60.889105 112.438651
1014.665871 576.098846 57.062589 113.615435
1014.700439 576.233525 58.721625 114.160699
1014.190801 575.790951 57.821534 113.015177
1014.149616 575.298450 57.616509 115.192568
1013.155705 575.764059 59.084995 113.165526
1013.632278 576.013061 61.160360 112.561353
1014.228924 577.371477 60.094025 110.532550
1014.647663 575.885163 59.474145 112.971107
1014.788681 575.612529 59.716020 112.166414
1014.354650 576.279329 60.352134 109.856880
1014.631740 577.136801 59.790277 110.544782
1014.274563 575.880436 61.636837 111.402154
1013.528360 576.683969 61.456994 111.486713
1014.330579 576.642065 60.350140 111.796688
1014.846694 575.377975 60.316465 114.940843
1014.379774 575.102366 59.504475 112.272527
1014.536632 574.887482 59.088525 112.024410
1014.776559 574.531200 58.263045 114.152800
1014.397908 575.224370 58.058967 113.672551
1013.809673 576.431808 59.717676 111.208550
1014.500712 575.992533 59.579192 113.803661
1014.321260 576.181873 59.992055 111.891908
1014.777091 577.187633 58.088715 109.309236
1014.261423 576.412758 58.224436 110.710561
1014.848736 576.228563 59.037132 111.319772
1014.560799 574.061933 58.350093 116.962405
1014.543341 576.630393 59.882642 111.188404
1014.313645 576.422652 58.900029 110.445401
1014.701834 574.844749 60.025369 111.490807
1014.313645 576.418579 60.213728 109.412226
1014.416018 574.936989 60.039248 111.731268
1012.789918 574.359862 60.219756 112.360793
1013.396525 574.382461 60.556531 113.278717
1014.018418 573.754746 59.951175 115.539806
1014.977680 573.623211 58.342399 115.399932
1015.280777 574.125588 57.569697 115.366620
1014.690118 574.673126 58.565832 115.259524
1013.770030 575.125596 58.675813 114.295250
1014.377706 574.436714 57.946570 114.213951
1013.742881 575.487761 57.849873 112.705016
1014.488953 575.387649 60.074969 113.739538
1014.405338 574.578469 59.606835 115.418860
1014.679896 574.367155 59.109200 117.826774
1014.295113 575.304838 60.347407 114.469698
1014.290329 574.992421 60.054059 116.051105
1014.375072 574.478662 60.440224 116.967330
1014.413035 574.065337 61.164903 117.166887
1014.615889 574.702652 58.998701 116.987352
1014.443865 574.358100 61.242819 115.362332
1013.937220 574.225673 59.614753 117.764682
1013.992877 574.226831 61.237535 117.005393
1014.543311 573.528727 58.981248 115.815772
1014.232599 574.071213 58.858885 118.004212
1014.576311 574.065337 60.437715 118.427199
1014.193147 574.835311 59.236755 118.995785
1014.486294 574.732356 60.244404 117.228732
1014.483140 574.439403 59.805753 119.443159
1014.356050 574.224994 59.841665 119.785899
1014.660428 574.773921 59.809176 119.334345
1014.156896 575.049865 59.896601 118.725158
1013.779205 574.861660 60.182701 119.246352
1014.388839 575.547076 60.153126 119.846859
1014.073962 574.493448 59.490810 122.690687
1014.812834 574.815610 60.436752 121.679136
1014.293752 574.647422 60.531310 121.734752
1014.017082 573.555207 61.381360 122.605768
1014.666653 574.775954 59.205053 119.077079
1014.409831 574.650995 60.846328 119.511099
1014.274439 575.421511 59.661608 120.879232
1013.912074 574.360095 59.655858 124.431808
1013.491377 576.398417 59.661956 117.474234
1013.102478 575.452273 61.251080 119.625706
1012.922059 575.061430 60.881204 121.543162
1013.413927 575.730243 60.786709 121.412137
1012.529017 577.418285 61.438913 118.731427
1012.166217 576.487978 59.979501 117.868411
1011.898575 576.280958 61.742326 118.239127
1012.346277 575.891418 59.729451 119.911954
1012.073940 576.587487 60.407821 119.525497
1011.560338 576.978424 60.433631 118.190747
1011.903383 576.820750 59.695622 118.734833
1012.673325 577.472150 59.427155 116.337545
1012.577677 576.292592 57.527312 116.023002
1012.329765 576.183894 58.773719 119.054235
1012.703831 577.163968 59.584568 118.774345
1012.313992 576.224699 59.930017 120.447988
1013.062141 576.447922 60.357291 118.767268
1013.251792 577.130621 58.731997 116.774164
1013.265974 576.566338 57.378783 115.671477
1013.348396 577.647323 59.012436 112.685677
1013.467366 577.412766 57.249317 112.883621
1013.780161 576.495667 58.263481 116.193760
1013.643407 576.065057 58.975440 114.656549
1014.056650 576.525917 57.066477 114.309161
1014.663852 576.825878 56.536576 111.115630
1013.778012 576.035405 59.015978 111.365565
1013.346538 576.448554 58.027166 112.448482
1013.733913 576.772467 58.340279 113.124568
1014.324755 577.290269 58.696134 115.362701
1014.402674 577.143689 57.367061 110.770105
1015.304390 576.908697 56.293188 113.614765
1014.668153 578.018457 57.210654 112.469086
1014.986230 577.595983 56.328542 111.375471
1015.919598 577.498468 56.578242 112.982253
1015.121298 578.571655 57.221808 110.924754
1016.005627 576.820066 58.026545 111.322171
1016.152160 576.421982 57.210201 112.748207
1016.672349 576.628575 54.987637 113.511142
1015.272645 576.385591 56.814637 110.958813
1014.908201 577.350958 57.782057 108.080495
1016.535777 577.627270 57.533158 106.758462
1016.163716 576.893288 57.404178 108.563169
1016.091751 576.335679 56.635190 109.483345
1015.978784 576.555572 57.064506 108.904723
1016.931716 577.148951 57.710250 107.591146
1017.545021 575.437940 56.864253 107.999929
1017.401299 577.082619 57.018210 106.666583
1016.961548 575.187577 56.236516 111.691491
1016.490021 575.470087 56.504332 108.412270
1016.635963 574.900097 57.694010 106.860580
1017.354408 576.221038 56.081348 104.894854
1016.962455 574.331535 57.596873 108.275689
1017.329520 576.211508 55.484808 105.428132
1016.829401 574.331535 58.620644 108.941862
1016.341141 575.267601 57.673479 107.825648
1016.542037 573.975892 57.396669 107.087927
1016.476813 575.330052 58.027225 109.441847
1016.672352 573.607499 56.871582 109.212777
1017.444193 574.753858 57.166546 106.291512
1016.776695 577.009714 56.006906 102.638297
1016.766785 575.176203 58.465502 106.316302
1017.435007 575.472975 56.453514 105.906765
1016.555008 576.179585 56.281234 106.057248
1016.923355 574.220207 57.411334 108.212246
1016.746848 574.811145 57.125027 106.429808
1016.806421 575.557855 56.700920 105.694366
1016.485736 573.982391 56.675615 110.053890
1016.791581 574.899136 55.969975 107.164066
1016.035153 573.646919 58.480947 108.661720
1016.258390 574.634940 57.034948 104.900976
1016.687939 572.801303 57.816554 117.280017
1017.322110 574.442388 57.329418 113.953867
1016.754221 573.962938 57.435993 110.281241
1017.787603 575.020678 55.775888 106.355904
1017.620847 574.603049 56.909160 109.067315
1016.867673 575.333487 57.567907 108.381915
1017.125877 573.769548 57.197959 113.152923
1016.767417 574.981064 57.346656 111.439273
1017.688658 575.311374 55.846960 108.424965
1017.021555 575.250805 57.078900 107.014227
1017.551359 575.395565 55.621311 107.610152
1017.426883 575.466150 55.382468 107.713239
1016.580557 573.521839 55.645248 106.976789
1017.711034 576.279036 54.385039 106.389881
1017.677948 575.209164 54.405939 105.821423
1017.267920 573.520398 54.711577 112.250226
1017.669591 574.929000 54.533218 106.678022
1017.323629 575.426802 55.602785 108.472738
1016.874086 574.866824 56.373201 107.095308
1017.360826 575.714105 55.448525 107.182107
1016.309753 575.578581 56.633515 105.359542
1016.247142 575.298343 57.717081 104.610767
1016.345243 574.287664 57.791038 106.801955
1015.845699 575.231184 57.130670 105.816038
1014.931177 574.723848 56.294603 106.517227
1015.078354 574.773747 57.985809 107.536661
1015.369720 576.261078 55.992609 104.405610
1015.582544 574.753271 54.789445 105.813201
1015.225824 574.794883 57.265716 106.366312
1015.304430 574.725179 56.876460 106.177728
1014.791717 574.831885 56.954683 107.045398
1015.038355 575.052664 56.076315 106.550346
1014.377845 574.386148 56.697193 107.046291
1015.255516 574.395572 57.438739 105.369864
1015.726642 574.086296 56.659164 104.902235
1015.203251 573.531486 57.142304 107.503318
1014.785104 574.209036 56.322046 104.186341
1016.044321 572.691347 56.401661 105.145107
1015.456313 573.697243 55.572701 110.275419
1014.895098 574.480863 55.438310 106.816513
1015.614903 574.318192 56.785756 107.328526
1015.906982 575.146874 55.291007 106.347436
1015.474828 574.281743 57.472485 109.107189
1015.675309 573.568504 56.503183 110.293994
1015.258396 574.782349 55.717405 107.883236
1014.687512 573.289871 56.644019 109.389025
1015.025749 574.149362 56.700515 106.696016
1015.127791 573.306076 57.672449 107.855194
1014.954498 575.012901 55.988968 105.991979
1014.788299 574.652906 57.411523 105.900162
1015.404971 574.241820 57.569059 106.697768
1015.352736 574.536556 56.674410 104.493601
1016.138394 572.614732 57.295265 107.651093
1015.121701 576.620405 56.985682 103.663843
1015.844624 575.205698 56.954075 105.410062
1016.234626 574.312979 55.796337 105.507418
1015.811003 574.086757 56.866804 105.733161
1015.748356 574.375509 56.328234 104.711354
1015.795967 575.056811 56.065021 103.927249
1015.624799 574.523445 57.011567 105.609274
1015.411714 575.537491 55.684910 105.174815
1014.287904 573.949590 57.664705 106.475897
1015.737084 575.199917 56.301368 103.663813
1015.260539 575.629958 56.492409 106.239953
1014.624012 573.498888 56.472093 114.354916
1014.906870 574.720251 56.115572 110.263061
1015.601239 575.143413 55.834322 104.998549
1015.148846 573.985628 56.452580 110.144750
1015.045594 574.977827 56.596448 105.345585
1014.451863 575.590792 57.177959 103.689060
1015.646023 576.181481 57.015246 103.370288
1016.102253 575.540472 55.288468 105.656408
1015.150106 575.721898 56.515293 104.506748
1014.390579 575.476067 57.128801 104.752579
1014.888103 575.841471 55.688107 103.828127
1014.624896 574.574057 56.790751 107.335626
1015.298330 575.269807 55.948881 103.811011
1015.764221 575.290177 55.701469 104.222381
1015.635993 575.581500 55.279662 105.465962
1015.714037 575.895550 55.690963 104.720210
1016.199067 576.677393 56.431435 105.853272
1015.658406 576.387259 55.919440 103.949993
1016.635520 576.871805 55.393307 102.291283
1016.372903 576.067268 56.863398 107.817514
1016.233168 576.068692 56.313709 106.906641
1015.550094 576.907182 56.000535 106.364544
1015.434007 576.203134 55.467032 105.705984
1015.160327 575.982184 57.128363 108.079233
1016.570863 576.363566 56.231316 105.618736
1016.569607 577.126419 56.344204 105.170857
1016.441789 576.240175 55.874885 105.258291
1016.141233 576.303941 57.704602 106.560180
1016.885325 575.989483 56.810235 106.975277
1016.151484 576.423979 56.842945 105.027113
1016.157416 577.161920 56.972542 104.342133
1016.486883 576.422456 58.092850 104.733892
1015.671734 577.011467 58.081013 105.816852
1015.612598 576.346739 56.070260 105.630833
1014.904135 576.554842 56.938427 106.292150
1015.206344 576.786350 57.874139 104.223405
1015.900113 576.769966 57.024888 105.080179
1016.313374 576.482936 55.763217 105.714779
1015.221798 575.836856 57.840017 106.994816
1016.111461 575.802748 57.956941 105.923220
1015.221748 576.269800 58.158458 104.692339
1015.614120 576.194961 55.871193 104.646277
1015.746771 576.753598 57.902289 105.094836
1016.527449 576.483541 56.658076 103.966254
1016.214543 575.678712 56.075660 104.692713
1016.464465 577.077834 56.008869 103.742078
1015.982682 575.211540 57.132631 106.231190
1015.131912 574.507907 57.463152 107.653382
1014.888567 575.074571 58.475486 106.341765
1014.679744 577.242064 57.940463 104.028111
1015.485756 576.626649 57.545669 105.372274
1015.138546 575.173006 58.960019 105.806847
1014.810070 575.820001 57.757829 105.050354
1015.614120 575.666790 55.741238 110.383963
1014.878165 575.879396 56.697368 108.316590
1014.434987 576.216348 57.623323 106.161727
1015.201260 575.647686 57.188561 106.372248
1015.206344 576.745375 58.524550 103.858260
1015.243834 577.278913 56.137796 105.688105
1014.587135 573.969673 56.578650 108.188888
1015.096963 575.918888 55.659809 103.278837
1015.080225 573.860880 55.113255 107.885678
1015.903388 575.086321 55.958067 104.853113
1015.942479 574.931603 56.941952 106.415041
1015.369120 574.985709 56.492514 106.355277
1015.903893 574.722449 57.935882 105.561460
1016.272709 575.716321 56.733932 106.331922
1016.092758 574.986812 57.906675 107.389239
1015.635885 575.323933 57.828336 106.562828
1015.495992 574.584527 57.889608 106.036051
1016.017391 575.305902 56.341016 104.607021
1016.094551 574.832157 56.590912 106.384024
1016.122404 575.086321 56.330645 104.607948
1015.150106 574.623648 56.255852 108.854771
1015.831232 574.660477 56.384322 108.067514
1015.473702 575.172500 56.049470 107.194751
1015.882806 575.649346 56.411322 106.726705
1015.747894 574.263885 55.155684 109.121074
1015.778554 574.386635 55.002421 108.328129
1015.127791 575.410150 55.101523 108.168237
1015.201767 574.948197 55.195502 106.897208
1016.354847 574.652906 55.643005 106.955343
1015.692777 574.737902 55.885070 105.264278
1015.208365 575.599437 55.653165 106.755086
1014.788299 574.195016 56.377486 108.967654
1014.801931 575.813813 55.757943 105.031610
1014.216212 575.350060 58.329996 105.826616
1015.088598 576.479737 58.096151 105.939426
1015.133705 573.849267 57.984662 107.715478
1014.572315 575.607277 57.418869 108.337897
1014.814576 575.853331 56.066858 108.301788
1014.122042 576.248384 58.823220 106.405897
1014.160944 575.710196 58.045972 107.331294
1014.949467 576.323919 56.722485 106.663390
1014.993372 576.210450 56.141581 107.803906
1014.406176 576.095132 57.040560 104.827080
1014.965935 575.893304 57.202679 105.195012
1015.565766 576.785913 56.253128 103.641178
1015.397890 576.415404 56.977311 105.519574
1015.500003 577.144640 57.697922 104.429753
1016.114766 576.276531 56.253925 106.038209
1015.040455 576.166944 57.393767 107.396561
1015.265840 577.057125 56.228596 106.168336
1015.663974 576.132894 56.957078 104.499734
1015.140311 576.648368 57.372847 107.579283
1015.669290 576.624047 56.087458 105.885623
1015.005662 577.121840 56.117438 106.075901
1014.954348 576.207625 59.069135 108.192728
1014.592953 577.048548 57.685517 108.095883
1014.438787 576.131143 59.133814 106.341707
1014.885554 576.664162 57.304897 104.966842
1014.658438 576.495924 59.192849 107.490691
1014.877893 576.817443 57.300599 106.901213
1015.892897 575.614553 57.729591 108.450627
1016.091751 575.927500 56.569378 106.867896
1015.096662 576.351184 57.564515 107.849347
1014.473240 576.219568 57.532327 107.416321
1014.265863 576.948257 58.268989 107.335987
1014.678750 576.553397 58.001553 108.752345
1014.228512 576.527117 57.413530 108.394229
1013.396197 576.555572 57.528793 106.890884
1014.939148 576.798128 57.348609 107.510870
1014.495998 575.312470 57.752966 108.953963
1014.401544 577.107804 56.188037 106.307705
1014.467069 576.689432 58.557707 107.924451
1015.490923 576.227411 56.100284 108.641726
1014.529772 576.287980 56.756333 110.430905
1014.493499 575.565278 57.270430 112.905383
1013.947428 577.109969 57.447577 110.379450
1013.536384 576.470072 57.007624 110.291436
1013.725768 578.227569 56.434035 110.243092
1014.469188 578.251284 56.430098 107.604078
1014.030553 577.168668 56.623378 107.684477
1014.021572 577.432296 57.414958 108.231864
1014.116819 578.650615 56.821886 105.485718
1014.268063 578.349427 55.893294 103.187309
1014.763537 577.994234 56.630106 106.144895
1014.979844 577.097830 55.310733 108.689081
1015.005589 577.296471 55.063039 105.859259
1015.038803 577.377504 54.782086 107.683907
1014.167774 578.203487 56.124313 105.125567
1013.386482 577.929339 57.555424 105.060378
1013.913853 578.327321 57.195429 105.286838
1014.664006 577.523949 57.193742 106.317297
1014.342025 576.658948 56.923883 111.910088
1014.972780 577.650759 57.284754 107.281672
1015.088598 577.325133 55.692377 109.619905
1014.636010 577.660496 56.384648 108.776134
1014.933616 577.436466 56.419154 107.189983
1014.131849 576.690992 56.872572 108.653547
1013.780769 577.502322 56.891243 106.980703
1013.202189 577.980051 56.978714 107.582469
1013.387409 578.172483 56.579317 107.497887
1013.133718 578.211549 57.513488 105.406730
1013.546927 577.977427 58.517211 105.109448
1014.752719 577.677934 56.307300 104.674899
1014.745162 576.982178 56.796153 105.641651
1014.748388 577.327308 58.328747 104.242016
1014.585914 577.130294 58.275477 105.048867
1014.446295 578.429140 57.847832 105.175465
1014.343847 578.122549 57.731750 105.457787
1014.479476 578.122549 57.193197 105.309444
1014.829671 577.138121 56.266434 108.140970
1014.473708 577.733546 57.442123 105.299793
1014.614183 577.685283 57.528900 106.477942
1014.236323 577.137700 57.949750 106.417348
1015.630191 578.292541 56.893020 106.327230
1015.126310 577.457466 56.664771 107.373740
1014.338278 578.052644 55.925914 106.249584
1014.572347 578.248871 55.858018 105.376269
1014.408581 577.684488 55.582504 104.939538
1014.383599 577.449091 56.086767 105.944706
1014.411694 578.281580 56.018671 105.216521
1014.289459 578.195485 56.435171 106.668668
1014.327703 578.387585 55.872721 104.769000
1014.383599 578.433549 55.308564 105.018435
1015.005434 578.234808 56.235560 105.502910
1013.655595 578.374873 56.596505 105.624057
1014.763281 579.197395 56.979654 105.499347
1015.167742 578.712438 55.733297 104.616617
1015.527797 577.321111 55.979506 107.615184
1015.127791 577.948977 55.746454 106.890515
1014.946888 578.531264 56.128150 105.585380
1016.261455 577.819216 55.218927 105.964092
1015.150106 577.941451 56.255852 107.727019
1015.214844 578.296509 55.519053 104.625734
1014.329306 579.247285 55.458942 104.601136
1015.402032 578.859451 56.002928 105.050458
1015.204295 578.574514 56.542196 106.180033
1015.576825 577.838107 56.902804 108.666989
1015.829398 578.405264 55.897477 109.105068
1014.873899 577.947728 56.327157 107.778237
1014.352742 577.989826 57.685709 107.062643
1015.701256 579.399594 55.430856 107.033299
1015.181103 579.312999 57.402711 105.655394
1016.012679 578.423821 55.277834 108.335579
1015.127791 578.358271 57.876467 106.685016
1015.801907 579.470829 57.358077 105.243361
1015.416163 578.722416 58.103794 109.912808
1015.154175 578.975126 56.840147 108.963429
1014.792998 577.976995 57.630668 108.508729
1015.623465 578.149357 56.565779 107.651123
1015.167968 578.797780 55.900653 108.676985
1014.360655 578.046755 57.786426 108.567423
1014.911771 578.385221 55.873231 110.203769
1013.799627 577.847524 57.338086 108.170300
1014.282667 578.012643 57.126606 111.186593
1014.356430 578.426166 55.391073 109.139721
1014.288323 576.693361 58.068193 111.819493
1013.673194 578.744306 56.261971 109.424313
1014.027147 579.145084 55.247794 108.854598
1014.394893 578.334549 56.825082 108.568364
1014.545020 579.031760 56.326854 108.018804
1013.886801 579.026843 57.786482 107.525974
1014.790901 577.796389 57.579575 107.049021
1014.630925 577.380220 56.334294 108.183315
1014.188727 577.768989 56.777994 107.396744
1014.485957 577.329626 54.971314 106.306421
1013.896022 577.068750 57.090043 108.853631
1014.739403 577.659705 55.601498 106.979935
1014.500034 577.836801 56.318892 108.282038
1014.810787 578.620257 56.491005 106.255287
1014.880812 578.023828 55.865653 107.152546
1014.714603 578.282307 56.162993 106.199078
1014.201259 577.838107 56.156337 106.485624
1014.033258 578.483546 56.785668 107.303365
1013.717013 578.897687 58.502054 104.796224
1014.859015 576.748627 58.133641 106.181999
1014.892163 580.050240 56.241097 105.208343
1014.580028 577.456844 58.663647 107.090593
1013.557639 578.460481 57.372824 103.214848
1013.739743 578.308876 58.025288 103.776812
1014.687976 577.938788 57.075330 104.362880
1014.904135 578.073236 58.110991 107.773104
1015.003393 577.143411 56.873424 105.240560
1014.999443 578.409756 55.707394 102.240777
1015.786231 576.647076 56.821525 105.031614
1014.796343 577.720167 56.198195 103.331326
1014.854572 577.025218 57.640758 104.358856
1015.403466 578.011236 56.249509 100.675420
1015.243446 577.877799 55.384203 105.273141
1015.658646 577.714910 56.434563 102.680524
1014.849471 578.191347 56.794759 102.707618
1015.657904 577.318955 57.260709 103.149323
1015.842809 577.935378 55.849341 101.887594
1016.142074 576.715410 56.238198 104.655483
1016.916108 577.056799 54.695332 104.417902
1017.125641 576.851432 55.162189 104.900065
1016.855083 577.131292 54.310598 103.627190
1016.288729 576.607727 54.861236 105.942995
1016.291040 577.895155 56.062795 104.458021
1016.595023 577.787222 55.888515 104.291968
1017.500248 577.379356 54.590198 105.951562
1016.725511 577.460932 55.139361 103.844100
1015.834931 577.902874 56.284759 103.604513
1015.756526 578.273249 55.651246 102.662039
1016.758536 577.622199 56.480936 105.548325
1017.358647 577.626675 55.326709 104.385513
1017.051507 576.867282 55.420697 104.788678
1017.699951 577.726766 54.901778 104.365094
1017.485122 577.131305 54.847505 104.110462
1015.908332 577.101054 57.111176 106.942177
1015.886790 577.245505 55.635015 103.955572
1015.690825 577.187444 56.194475 106.221879
1016.462745 577.385877 55.488850 106.575929
1016.086136 577.318181 55.816613 107.228546
1015.913814 577.612766 55.701854 106.165790
1015.854879 575.890292 57.785721 107.518930
1015.195912 578.566276 57.079030 103.819440
1016.399550 577.646851 56.278258 104.035770
1016.725511 578.527159 54.948205 103.875391
1015.779671 577.507503 55.864559 104.846383
1016.484062 578.056793 54.986297 103.148333
1015.750951 576.963369 55.187718 105.601878
1015.595030 577.520199 55.015412 105.497596
1015.081246 578.075530 54.973002 104.442386
1015.273769 578.079728 56.108565 105.732995
1015.097234 577.465238 56.315633 105.890948
1014.620815 577.820872 55.502304 105.048867
1013.704057 576.051665 56.746432 107.451071
1013.285741 577.047277 59.111296 103.597387
1014.260482 576.666770 57.704391 104.993772
1015.056746 576.765403 57.504384 104.823056
1014.815225 576.287689 57.664404 106.472286
1014.326770 575.621467 57.351870 106.444733
1015.280466 575.615546 56.313265 106.387006
1015.598565 574.416081 56.619626 106.920861
1017.025931 574.278307 54.779392 105.221953
1015.971174 575.435975 54.123362 105.871802
1015.235144 573.821552 55.517786 105.271521
1016.044321 575.036299 55.909495 104.366226
1015.657758 573.059916 56.337870 106.360342
1015.411714 574.252109 55.299685 104.568321
1015.376898 572.989896 55.953316 106.575494
1016.422142 572.467528 54.622313 108.398467
1016.709413 574.555419 54.887535 104.138825
1016.678277 573.730799 54.945655 105.922448
1016.723117 573.539655 54.985800 105.395513
1016.648399 573.893365 55.108060 106.934740
1016.118944 573.503219 54.428595 108.634574
1015.838854 574.466169 56.334475 105.669952
1015.178465 574.889681 56.073616 106.496426
1015.696596 573.830474 55.464730 106.525397
1017.082851 574.734171 54.533288 106.112814
1016.283329 574.449110 55.473130 106.126372
1016.476082 574.676503 55.035088 104.090535
1015.880378 575.225739 55.763852 103.460255
1016.241891 576.095286 54.665814 105.958418
1015.516453 575.932634 56.746191 103.263467
1016.103620 576.357226 54.875860 102.960173
1015.711792 576.498096 55.687539 106.299354
1016.020343 576.059817 55.751483 105.903330
1015.954329 576.840570 54.656774 104.568645
1015.723692 576.131299 54.607881 106.808187
1015.420942 577.059575 55.114588 106.287970
1015.356136 576.689392 55.309312 107.942447
1015.338564 580.660348 55.407900 101.007837
1015.656977 577.013365 56.576133 107.430926
1014.822620 578.915573 55.541318 105.787917
1015.524708 578.240170 56.405886 106.095205
1015.033227 578.784732 55.609075 105.629193
1014.424688 577.418405 56.046026 109.694582
1016.086801 578.627256 54.930144 106.758462
1015.073742 579.085562 55.401488 106.511092
1015.249621 579.158032 53.855661 108.002556
1015.388888 580.121828 54.557864 104.743357
1014.854572 580.151535 54.924402 106.557643
1014.540894 580.567795 54.488082 106.563058
1015.044283 581.123007 54.960125 106.292020
1015.716549 580.467430 53.967709 107.863447
1014.867677 580.983854 54.671716 106.748287
1015.156967 580.689382 54.511008 107.092507
1014.835256 582.680169 55.026299 106.506214
1013.698699 583.109154 55.969277 106.673588
1014.806713 582.356208 55.261550 108.661410
1015.125742 584.016375 56.393323 106.036061
1014.999443 585.374390 56.161883 105.824283
1014.854897 585.374876 55.591381 104.833704
1015.357965 586.212189 56.846973 105.134436
1015.485756 587.090877 55.508782 104.511912
1014.737141 587.344054 55.242321 107.147033
1015.742910 588.012970 55.325410 103.685760
1015.161231 588.313993 56.364443 105.227627
1014.725375 589.232854 56.406898 103.534454
1014.837784 589.726758 55.591181 105.730320
1014.617936 588.356121 55.385228 108.024880
1013.618920 591.104523 56.976107 106.707926
1013.406182 590.910083 56.973955 108.029575
1013.846835 591.948265 56.351277 105.281184
1014.553742 591.893308 56.440598 107.444935
1014.819034 592.137736 56.707176 107.364902
1014.050405 593.269823 57.815825 105.682904
1013.857426 593.423985 57.389784 107.472207
1013.442295 593.171114 58.708171 109.488857
1014.334961 594.315542 57.009337 107.419804
1013.338283 595.593764 58.301091 105.408797
1013.307168 595.808001 57.090100 106.206290
1013.527462 596.013742 57.645842 105.467669
1013.131874 597.158779 57.265394 107.855231
1012.714746 597.674223 57.107869 106.341170
1012.550082 598.253518 56.129731 105.336336
1012.835305 598.648357 55.416076 106.480735
1012.964669 598.721598 55.156390 106.625529
1013.598059 600.574239 54.653321 105.662825
1012.624834 598.193419 57.532459 109.303241
1012.504666 600.968779 56.020006 103.798860
1012.898522 600.559430 56.012094 105.030705
1012.347819 600.949928 56.102332 106.819578
1011.913803 601.617409 55.898097 106.469937
1011.891190 602.537525 57.000459 106.987501
1012.801943 602.432311 57.012240 107.020191
1012.338422 603.772815 56.644124 106.586844
1011.584478 604.841930 58.215750 105.684165
1011.752851 605.692500 55.738374 106.876144
1010.999481 604.645687 57.689111 107.718626
1012.183792 605.722925 57.330718 105.612875
1011.279127 605.904690 58.824423 107.729917
1011.889515 607.766161 56.865943 106.204939
1011.647641 608.013732 56.625631 107.216114
1011.473728 608.532990 57.475839 106.056891
1011.202126 609.893164 56.027176 103.361503
1009.756646 609.187439 57.409604 104.934629
1010.100576 610.905430 56.322589 103.757097
1010.699916 609.506018 57.651608 106.626720
1010.563535 612.423879 57.314521 106.087966
1011.865011 612.205309 55.741142 105.442700
1011.322161 612.770972 54.935460 105.542890
1010.746803 613.682640 55.009694 104.967344
1011.211707 614.166815 55.805305 105.462234
1011.008048 614.985590 55.798813 104.982683
1010.646096 615.965765 57.342421 103.993273
1010.558132 616.903324 56.867996 104.213593
1010.253490 617.868333 56.607484 103.311603
1010.397890 616.395786 55.581590 105.119707
1010.916142 619.043397 56.458779 103.421374
1011.635520 619.836916 55.459879 104.394816
1011.235162 619.810420 55.258430 105.719159
1010.862699 620.484231 56.326218 107.234754
1011.005615 620.912259 55.911031 106.428696
1010.654403 622.197392 55.856771 107.065090
1010.781246 622.612739 55.315430 107.617083
1011.147390 621.154011 55.804185 111.807487
1011.188953 624.558233 55.515922 104.963670
1010.483356 625.183214 55.144587 105.764647
1010.581981 625.663879 55.279042 107.867466
1010.012707 626.132197 55.733721 106.957719
1009.880775 626.929046 55.931163 106.634475
1009.532924 626.910360 55.955980 107.251507
1009.623601 627.714097 55.773619 108.354580
1010.224630 627.692703 55.079326 109.379244
1009.288262 628.101805 56.081539 109.178088
1009.282605 628.737921 56.589206 109.492525
1009.497633 630.331303 55.510612 108.151484
1009.393822 630.838727 55.285916 108.412640
1008.774756 631.542318 56.010369 108.478511
1009.256079 631.695274 55.643868 109.558487
1009.861383 632.219561 55.225461 110.062528
1009.577494 632.660466 54.591750 110.729285
1009.861383 633.883562 54.437331 110.298545
1009.673263 635.068702 54.107883 109.031152
1009.402992 635.764084 54.500589 109.379219
1009.452906 636.060369 54.747494 109.394616
1009.394925 637.026820 54.287896 108.484945
1010.167424 637.836811 53.798570 109.711899
1009.045515 638.395390 55.180267 109.724610
1009.287466 638.660460 55.214276 110.625385
1008.564475 639.927460 55.965290 109.764357
1008.479776 640.737926 55.598015 109.906634
1008.083480 640.129175 56.125651 110.432410
1008.506653 641.450097 55.869851 110.065114
1008.479776 642.070500 55.663628 109.644981
1008.963613 642.867773 55.311356 109.033603
1008.778504 643.380247 55.855576 110.146930
1008.664278 643.540839 55.538825 110.941298
1009.083163 643.977424 55.161208 111.793992
1009.085077 644.180385 54.761175 111.348364
1008.861974 646.370268 55.275726 110.990920
1007.743116 645.789858 55.976624 112.670633
1007.975846 647.007813 55.335562 110.617613
1008.507665 646.772070 55.351183 111.186873
1007.743116 646.756343 56.041840 111.551381
1008.107856 646.613586 55.569504 112.814537
1008.240513 647.177025 55.290285 110.887856
1008.348416 646.810154 55.908671 110.956374
1007.945263 646.280412 55.644272 112.163794
1008.313077 645.058044 55.645312 110.664008
1007.430524 643.908332 56.759938 113.284504
1007.877655 643.888941 55.715078 113.040286
1008.350068 641.593236 55.764971 113.929002
1007.735460 642.578744 56.342201 113.374615
1007.910045 641.611144 57.096276 116.030304
1007.512889 640.345079 56.905181 114.676583
1008.392902 641.174501 55.543083 112.065348
1008.255867 639.463352 56.113329 111.561510
1008.655298 638.607531 55.649545 113.610569
1007.328166 639.525160 57.081544 110.858048
1007.490021 638.950428 55.843596 115.226986
1007.244915 637.787842 56.740278 112.938703
1007.856096 637.164802 55.813266 112.787776
1007.887269 635.556222 56.612472 113.224278
1007.284893 636.700358 56.307841 111.858351
1007.071390 635.505127 56.439577 113.128472
1006.869340 634.571382 56.473771 113.277396
1007.473479 634.478735 56.681503 113.099260
1007.049291 634.123619 56.477249 114.547512
1007.244915 633.474142 56.571865 115.697233
1006.632287 633.188045 57.543634 114.924835
1006.089173 632.412407 57.679072 116.557848
1006.642379 631.451742 56.735402 116.954119
1007.230184 632.164914 56.922344 116.139188
1007.048619 631.440721 56.762185 115.369205
1006.215934 630.542478 57.240928 117.483230
1005.995755 630.520851 57.859136 115.820464
1006.809972 629.811742 55.901562 116.357704
1007.349957 629.216971 56.400732 116.380783
1006.260520 628.343363 56.969898 117.405855
1007.028437 628.625345 56.232096 115.566392
1007.082632 627.767045 56.601531 115.684613
1006.632287 628.456263 56.665016 113.530639
1007.074756 627.928142 56.473833 115.384816
1007.193435 627.687019 56.907343 113.814850
1007.156591 627.651662 56.386622 113.626251
1007.208081 627.985089 55.979226 112.279659
1006.469838 628.634518 56.874399 112.410801
1006.367735 628.613122 55.924736 111.520672
1006.403871 628.304945 55.283055 111.928308
1006.501935 628.280440 55.904665 112.845442
1007.216371 628.702560 55.384149 111.804970
1006.560203 628.398932 55.480592 112.935722
1006.496863 628.584874 55.286826 111.970753
1006.633100 628.919467 55.608185 112.613891
1005.191039 629.215306 56.592649 112.935513
1006.033044 629.409887 55.376667 112.640122
1006.535058 629.405724 56.480871 113.745079
1006.150634 631.264783 56.641343 110.990752
1006.533876 631.412764 55.678458 109.988237
1006.016554 632.152956 56.522657 116.148956
1006.160405 632.681167 56.472752 113.358034
1006.002296 633.002556 55.877371 112.242446
1006.927899 633.861813 54.927805 111.344235
1006.689554 634.671048 55.164282 112.439963
1006.074839 635.906742 55.742845 110.633224
1006.252257 636.816654 55.805295 110.958584
1006.752093 636.947256 54.288708 111.308720
1006.894906 637.284504 54.723664 113.033748
1005.672351 637.728514 56.408016 112.594540
1006.106051 638.814484 55.980190 113.782154
1005.517665 639.178587 55.876798 113.081998
1005.754881 639.535712 55.587175 112.742705
1005.821098 639.908287 55.393114 112.768876
1005.887224 640.406242 55.942309 111.539139
1006.051129 641.299306 55.350294 112.128828
1005.985396 641.980245 56.996910 112.256266
1005.051876 642.571632 57.291235 111.080606
1004.938486 643.397682 57.244138 113.698479
1004.867476 642.631793 56.841244 112.581074
1004.835961 643.866181 57.110282 112.614654
1004.902664 644.369663 56.108909 111.041091
1004.325939 645.569699 57.168536 111.582903
1005.106054 645.908689 57.429302 111.274094
1004.838224 646.386972 56.606056 110.497012
1004.987805 647.160367 56.038913 112.188776
1005.731888 647.677086 56.318228 112.267853
1004.602256 648.991869 56.775519 110.497288
1004.156824 648.547359 57.337651 110.703540
1004.356400 648.710407 56.972052 111.704747
1005.347280 649.273497 57.094887 112.865483
1004.810836 649.705846 57.114445 111.858247
1004.783436 650.647599 56.043922 110.382908
1005.280242 651.385216 56.283785 112.362339
1005.754881 651.960579 56.140605 113.324310
1006.054416 653.099302 56.009622 113.170443
1005.520160 653.844736 56.042161 110.876587
1005.310434 653.850735 56.132325 110.813375
1006.089044 653.335836 56.166074 114.813463
1005.416412 654.607204 56.807583 112.231376
1005.881218 655.381305 56.481087 111.740129
1006.015313 655.406242 56.045676 111.279244
1006.052721 656.773666 56.040517 113.051518
1006.043045 655.773987 56.252028 113.729048
1006.006899 656.704083 55.585865 112.282075
1006.494591 656.741722 55.433279 114.869347
1006.670568 657.651597 54.789902 112.526872
1006.342091 658.547339 55.221754 112.001425
1006.469241 659.083690 55.292388 113.492852
1006.635348 659.164141 55.065534 111.979105
1006.959249 659.547332 54.635016 112.631176
1007.024195 660.012177 54.955579 112.379812
1006.919547 660.471209 55.004000 111.244707
1007.084219 660.954956 54.927383 111.881187
1007.280229 661.737150 54.479605 110.668468
1007.185037 661.797641 54.696393 111.786955
1007.114683 662.722217 54.670285 110.712986
1006.381408 663.206856 55.434793 110.798016
1006.991802 663.061476 54.437237 112.183738
1006.956622 663.692256 54.632925 111.973742
1007.669563 664.251288 54.373773 110.282856
1007.219022 664.877458 54.493471 108.944853
1006.558312 665.154444 55.381031 111.977459
1007.508407 664.665325 54.258639 111.740312
1007.207171 664.900718 55.033274 111.691963
1006.887334 664.641506 55.443996 113.023481
1006.657924 665.179025 55.786424 114.264807
1006.621268 665.808990 55.588946 112.872591
1006.657924 665.443286 55.786424 114.881287
1006.965220 665.933168 55.609120 113.688818
1007.039427 664.884267 55.885249 114.708898
1007.006884 665.351519 55.652151 114.782359
1006.318329 665.563459 56.942003 113.980200
1006.383256 665.298453 56.639123 114.323533
1007.111424 665.768546 55.535479 113.351002
1006.286758 664.807879 55.946494 115.955091
1006.863825 665.018474 55.908769 115.954464
1007.149604 665.296332 55.627368 115.408460
1006.910430 665.315985 55.862835 115.106575
1006.149553 664.451915 56.405979 115.328909
1006.863825 665.396645 55.746826 113.790177
1006.589193 664.998462 55.224661 115.310925
1006.358473 665.063552 55.992360 113.740130
1005.802522 665.240535 56.874669 114.005217
1005.646876 665.607208 56.915133 112.756232
1006.589193 665.473693 55.753919 112.927250
1007.216371 664.676783 55.286837 113.288004
1006.821167 664.759361 56.407713 114.367055
1006.082260 664.671162 56.406969 113.324560
1006.590255 664.086030 56.275418 113.858866
1005.776508 664.512456 56.486224 113.574313
1006.539606 664.318382 55.909778 112.977543
1006.555700 664.496974 56.142660 112.572232
1006.953315 664.279941 55.975343 112.645768
1007.085049 664.434001 56.076706 113.598822
1006.769014 664.400400 56.176558 115.241035
1006.708528 664.236756 56.128268 115.079294
1006.014723 664.906659 56.474507 113.931829
1006.958774 664.967285 55.392059 114.384612
1006.922314 664.888646 55.044643 114.266553
1007.054415 665.107927 55.292299 114.330031
1007.120333 665.321977 55.194444 113.885896
1006.704847 664.598039 55.932599 114.152939
1006.318329 664.328850 55.421552 113.965276
1006.766691 664.674035 55.319551 113.270861
1007.019222 663.556209 55.131492 115.742241
1007.157067 664.102961 54.971908 114.757981
1007.448386 664.829771 54.898328 114.491140
1007.437611 664.361129 54.638799 115.342438
1007.340988 664.020049 55.813824 115.704387
1006.429995 663.181907 56.308720 116.107584
1006.673931 664.002612 54.893303 115.012546
1006.868626 663.690570 54.996229 115.790465
1007.222967 663.786945 54.937529 115.500384
1007.222967 663.747328 55.579828 114.954217
1006.910061 664.456340 56.215939 113.663208
1007.208081 663.571366 56.406957 116.552957
1006.665729 663.311154 56.631574 116.055085
1006.675964 663.734815 56.742104 114.496834
1007.099380 663.276388 55.856021 113.562200
1007.203476 663.883258 55.358842 114.407416
1006.877671 664.019111 55.781364 113.701395
1006.812486 663.402784 55.397728 113.598638
1006.944316 662.296460 55.433528 115.105517
1006.424501 661.819456 55.352465 114.179003
1006.962940 662.380557 54.961740 113.581243
1007.038792 661.807903 55.272639 113.950731
1006.685138 662.459416 55.548114 112.197452
1006.854955 663.031971 54.962730 112.282475
1007.089038 661.847383 54.793585 113.179941
1006.533876 662.304924 56.076691 112.776005
1006.721961 662.960551 54.996211 111.031618
1006.634100 661.048768 54.895646 112.632412
1006.469241 661.957580 54.963235 110.289417
1006.387428 661.797641 55.303644 109.430230
1006.923710 660.932445 54.505455 111.115381
1007.527648 661.243015 53.641595 109.909543
1007.201795 660.622897 54.284383 113.193156
1007.449703 661.575264 54.564850 110.415669
1007.064420 661.492583 55.104342 110.249528
1007.772684 661.027438 53.978354 109.419178
1007.792620 661.507887 54.211855 108.844142
1007.306208 660.601289 54.790457 110.535203
1008.252530 661.211433 53.109765 108.466165
1006.141214 661.689378 55.914798 106.596502
1006.565785 661.758928 55.270450 106.019601
1007.274180 661.276664 54.652253 109.080764
1008.245328 661.255554 53.305292 108.534897
1007.794862 659.539996 53.373293 111.458522
1007.505708 660.362614 53.822722 107.847560
1006.900073 657.180720 55.026211 111.854085
1006.668628 657.394976 55.707888 111.632343
1007.107790 658.314109 54.972577 110.635284
1007.650600 656.156325 54.558469 112.559177
1006.889970 656.749116 54.762654 110.286793
1006.892610 655.064614 55.260619 111.932869
1007.418896 654.972690 54.661471 112.130519
1007.824086 652.977413 54.288527 115.043269
1006.913702 649.801687 55.450882 116.410950
1007.239569 650.188038 55.297575 114.379148
1007.312659 650.844754 54.963946 113.442196
1006.917885 649.328432 55.744810 115.246809
1007.665063 649.150301 54.890469 114.397382
1007.707457 648.349646 54.069244 115.091771
1007.235388 648.668120 55.063484 113.218205
1007.015252 648.270290 54.926695 112.782895
1007.232889 647.097474 54.128873 114.334113
1007.319215 646.754778 54.202978 113.025695
1006.727208 646.394001 54.505165 112.737336
1006.845387 646.031859 54.521563 112.994342
1006.658309 645.519261 54.905536 112.867103
1005.982926 644.690739 55.878500 112.447422
1005.589661 643.637882 56.271765 112.955838
1005.420487 643.196389 56.075799 111.440006
1005.918522 642.928465 55.227819 110.432647
1005.183319 642.043578 56.355952 109.559706
1004.862250 641.720626 56.662317 108.982656
1005.707145 640.517839 56.164726 110.992503
1005.692808 639.972652 56.201146 109.501919
1006.216517 639.091175 55.190399 108.544726
1005.774775 639.134991 55.813794 106.021596
1006.086145 638.153020 55.816613 107.565654
1006.273794 634.583172 55.603754 111.024101
1005.956685 634.411046 56.182128 112.052273
1005.688744 635.349168 55.974013 110.638423
1005.700857 632.754605 56.342412 114.065803
1006.947569 632.298440 54.977712 114.716866
1006.812486 631.625720 55.464119 119.836463
1007.433470 629.341434 54.138335 119.876848
1007.291042 629.767090 54.765308 119.191604
1007.076532 628.495877 54.515389 117.947409
1007.777750 627.233928 53.658041 116.919978
1007.701561 625.769155 53.878309 119.173261
1008.150645 623.216035 54.688924 126.369577
1007.846476 624.585354 54.619604 121.767846
1007.851099 621.200126 54.352844 126.132679
1008.108583 620.943074 55.214696 124.573014
1006.935763 619.879666 55.314543 126.102945
1006.961033 616.970107 54.152213 126.192289
1007.370023 617.331675 53.855653 123.506396
1007.228105 615.310379 54.529715 124.068989
1007.501237 615.225744 53.899066 120.507289
1007.450553 614.201641 53.520250 120.168407
1007.802144 613.636601 52.674063 122.649534
1007.790838 610.364713 53.838648 117.393949
1006.939039 609.791305 54.632619 128.928265
1007.835449 608.602261 52.832206 120.408737
1008.218367 606.104969 53.064668 126.024556
1007.832750 605.338594 54.504359 120.861114
1007.873009 604.187264 53.242470 116.112116
1007.157870 604.509025 54.003342 118.763246
1007.234847 602.444587 54.256783 117.754109
1007.392879 600.169835 54.092910 121.851308
1008.150853 599.429011 53.964402 117.335238
1007.971907 597.433929 53.313129 113.928765
1007.469234 597.920644 54.183390 113.310481
1007.170454 595.605527 54.451252 115.165631
1007.773956 593.958066 53.367281 118.759912
1007.195246 593.933798 54.442532 122.340123
1007.036163 592.302620 53.897721 127.718467
1007.557850 591.272535 53.018958 123.554953
1006.983787 589.452312 53.395471 122.157149
1006.494429 587.782461 53.540682 127.163258
1006.866530 586.906991 53.540507 124.589229
1006.603661 587.198000 53.087153 121.797224
1006.384420 584.841347 53.938644 123.570322
1007.178720 583.111341 53.306391 122.607711
1006.758204 580.167946 54.019646 126.943956
1007.130823 580.006818 53.931322 127.074401
1007.265989 577.471333 54.111957 128.859388
1007.235147 575.831337 53.468503 131.846357
1006.981195 576.595835 54.248406 130.883845
1006.838262 573.765032 55.163900 131.576445
1007.436127 573.398635 54.445899 129.136387
1007.749821 572.237553 53.718244 128.347786
1007.849749 571.056440 53.431201 128.564502
1007.718965 569.876337 54.133361 131.083298
1007.689334 570.152387 53.800501 127.591299
1007.871356 568.871060 54.303596 131.296578
1007.271851 569.217073 55.848322 128.941421
1008.004523 567.972595 55.209022 128.465245
1008.085682 566.377228 53.789351 133.548566
1008.223804 565.988881 54.865268 131.925760
1008.728130 565.301423 54.847050 133.599551
1008.126261 564.999775 55.338533 133.344069
1008.454581 564.827321 54.873210 133.314239
1008.246398 563.846578 55.979485 136.877026
1008.377801 562.707637 57.005979 134.614772
1008.887348 562.813297 55.277642 132.522295
1008.488159 562.264528 55.781405 132.906882
1009.030892 561.537913 55.356651 133.685144
1009.644708 559.450048 55.231571 138.767425
1009.793115 560.387142 55.846534 137.837455
1009.804754 559.886312 55.558344 137.906484
1010.350642 559.409888 56.286717 140.398513
1009.793460 560.148723 56.048357 139.144340
1010.620710 559.753398 56.513955 139.894856
1010.343934 560.722154 56.159280 139.648237
1010.429829 561.303885 56.488199 139.196574
1010.796313 560.881662 55.280716 140.383389
1011.006641 560.495250 55.409657 140.769800
1010.927540 560.826909 55.231970 140.692702
1010.869463 560.737007 55.694349 140.147689
1011.428360 560.592046 55.481387 142.014301
1011.426517 561.181260 56.100227 140.105137
1012.275205 560.522527 54.942317 140.851205
1012.844814 560.592046 54.232184 139.787539
1012.779755 559.861517 55.556596 140.552230
1012.577097 560.922568 55.438176 140.661046
1012.153005 561.201887 55.437431 140.045251
1013.089864 560.977940 55.468768 140.033400
1012.866970 559.457823 55.925289 143.416077
1013.022146 560.611815 54.770129 141.962818
1013.363442 560.448877 54.772119 143.718610
1013.759844 560.747160 55.248218 143.305282
1013.645072 560.796427 54.663901 144.619082
1014.193724 560.804405 54.872420 145.809334
1014.113504 560.485401 54.137066 146.562358
1015.290569 560.687117 53.207942 149.487904
1014.851862 561.839930 53.248976 147.321858
1015.315007 561.515901 53.547156 147.820320
1015.444519 562.255818 53.166648 145.491105
1015.535591 561.919995 53.290957 146.770683
1015.732128 562.652519 52.728617 145.422713
1015.121217 562.649785 55.104550 146.449971
1015.353666 563.075838 54.758649 140.734377
1015.440096 563.668157 54.922810 140.932988
1015.567602 562.970398 54.593556 142.166794
1015.357012 562.348814 55.286336 141.839181
1015.035763 562.886239 55.258645 140.116046
1015.520274 563.997717 54.272485 137.690355
1016.371680 563.941519 53.250309 137.820024
1016.067340 564.598326 55.503562 138.795386
1016.001854 564.347701 54.903397 139.459007
1016.209616 564.536625 54.724384 140.870602
1015.999049 563.813928 55.309770 141.896465
1016.274973 563.550467 54.538566 141.244377
1016.482525 565.170235 53.803628 139.603923
1015.797306 564.128047 55.312905 140.033143
1016.207248 564.122102 54.753248 140.460857
1016.137955 564.992540 54.258441 136.408723
1015.369352 565.460721 56.227409 137.138715
1015.657902 564.553145 54.991819 138.677468
1015.780116 564.933766 54.611702 137.050556
1015.371509 564.745276 55.531562 135.381080
1015.391034 565.258637 55.288504 133.856941
1015.526799 565.551964 54.638799 132.864255
1015.201051 565.948654 55.705274 134.535341
1015.381479 565.796779 55.131640 135.234387
1015.011563 566.626801 56.585198 133.899569
1015.034537 566.472855 56.630148 135.496736
1015.313726 566.766192 55.422351 135.374322
1014.829770 566.967342 55.719718 134.039083
1015.091771 566.966522 55.903893 134.645304
1015.041668 567.011440 55.438861 135.732721
1015.291281 566.841610 55.150418 136.239933
1015.096915 567.024074 55.385281 135.624262
1015.153961 566.795127 55.621008 136.596846
1015.226880 567.244570 54.989321 136.558285
1014.954876 566.980422 55.462943 136.691174
1014.680917 567.055906 55.655672 137.588290
1015.143950 566.648514 55.024746 138.644798
1014.663666 567.265099 55.930696 136.286382
1014.710568 567.158609 55.765575 136.043552
1014.663437 567.965148 55.626034 134.964066
1015.089752 567.905913 54.482101 135.159564
1014.937425 567.463347 55.145260 136.364775
1014.707676 568.166881 55.207218 136.136668
1014.648100 567.981828 55.129240 136.651000
1014.104851 568.612867 56.007811 135.574444
1014.371496 568.290081 55.184432 135.545885
1014.398816 568.705811 55.012877 135.193488
1014.310249 568.647845 55.032692 135.899211
1014.002375 568.721439 55.746727 134.743333
1014.369345 568.337940 55.249198 134.451080
1014.805551 568.565901 54.530305 135.121567
1014.631692 568.694062 54.362780 135.360205
1014.689847 569.138413 54.168811 134.803614
1014.509053 568.672383 55.121104 135.199500
1014.725736 569.011547 54.583632 135.771660
1014.862696 569.426410 54.621166 136.098857
1014.725736 569.795151 54.127504 135.544974
1014.732590 569.499649 54.147916 135.117423
1014.982047 570.012550 53.813860 134.783216
1014.156411 570.897557 55.239859 134.403869
1014.308063 570.938144 55.440990 133.682167
1014.732590 570.781481 54.091499 133.360054
1014.394063 571.625508 53.647047 132.706411
1014.367029 571.642108 54.511052 133.102282
1014.269966 570.988893 54.466557 131.273530
1014.468058 571.739129 54.181899 129.687259
1014.410755 572.273598 54.098050 131.908108
1014.603013 572.208816 54.700109 130.862323
1014.634567 572.430265 54.069154 132.231453
1014.603013 572.707870 54.222563 131.971629
1014.400417 573.217083 54.782030 132.168728
1013.981271 573.565531 54.756659 131.673577
1014.434016 573.121105 54.719490 131.996296
1014.691362 572.803564 53.986503 133.157930
1014.390248 572.576183 54.494137 133.399749
1013.764805 573.362992 55.236865 132.727100
1014.313023 572.494110 54.629664 134.263622
1013.612501 573.583853 55.701394 133.837054
1013.595505 573.057948 55.275628 134.681317
1013.538600 573.657530 55.431333 134.265219
1013.320066 574.196384 55.371853 134.231823
1013.396953 574.727642 55.282967 133.907203
1013.800971 574.554778 54.920688 134.866121
1013.526806 574.510666 55.076201 134.661127
1014.005497 574.504473 54.074054 134.679370
1013.876871 575.275377 53.861420 133.552981
1013.749477 575.903278 54.100278 132.750875
1013.862625 575.576178 54.169580 133.158748
1013.885522 576.069131 54.164378 133.729156
1013.885522 575.665898 53.766559 133.385182
1014.063493 575.851455 54.573183 133.003908
1013.749477 575.447677 54.649429 133.630688
1014.215923 575.849375 53.805956 134.164789
1014.516858 575.988905 52.620728 133.846858
1013.691426 575.378715 53.818141 133.738683
1013.269954 575.218692 54.326130 134.285567
1012.466545 576.378745 55.558561 134.110639
1012.869262 575.499647 54.181712 134.934430
1013.116252 576.012578 53.943280 134.476801
1012.466545 576.050169 55.317005 134.273013
1012.800975 575.365205 54.890948 135.001840
1012.538592 575.272212 54.969797 135.217168
1012.657075 574.960589 54.973570 136.132198
1012.391009 574.764117 55.259877 136.329991
1012.444069 574.508444 55.391435 136.386294
1012.444069 574.797860 54.835534 136.137501
1012.700661 574.967321 55.289802 135.610649
1012.530691 574.721437 54.949628 135.716358
1012.794255 574.905901 55.074096 135.113159
1012.746861 574.546330 54.451850 135.437623
1012.869262 574.359348 54.499019 135.869895
1012.862683 575.565856 54.475638 134.841088
1013.005501 574.429530 54.304638 135.815335
1013.091806 574.406142 54.388197 135.884521
1012.677541 573.983835 55.002378 135.938879
1012.600377 573.350282 55.165277 136.619310
1012.305530 573.205521 55.709498 136.305128
1012.383919 573.158585 55.323601 136.599526
1012.027176 573.299275 55.338949 135.902863
1011.878011 573.046822 55.835839 136.787008
1011.740160 572.244409 55.974023 137.689863
1011.663659 572.547833 55.785763 136.995562
1011.518068 572.007836 56.461251 138.113726
1011.374606 572.476199 56.747649 137.297278
1011.653409 572.964732 55.807004 137.256259
1011.518068 572.754547 55.738776 137.235593
1011.447992 572.565365 55.459141 137.486983
1011.727667 572.517988 55.208302 137.285764
1011.577026 573.121091 55.645257 136.492955
1010.890564 572.165516 55.646384 137.530684
1011.350641 572.265092 55.783125 137.091641
1011.234643 572.749767 55.690547 136.441385
1011.102649 572.102567 55.237622 136.899985
1011.354676 571.876337 55.354726 136.819893
1011.230211 571.213160 55.308277 137.050632
1011.160526 571.480153 55.233021 136.832066
1010.802511 570.923446 56.462499 136.834673
1010.734240 570.754549 56.302732 136.677346
1010.518069 571.272067 56.584697 136.036145
1010.457728 571.614225 57.132623 135.811528
1010.528499 570.517990 56.724154 137.161662
1010.309050 570.688770 57.151942 136.543710
1011.015508 570.767573 56.599514 136.778753
1010.592935 570.123314 56.898768 136.923003
1010.663640 569.728907 55.959830 136.312107
1010.871910 569.715120 55.867886 136.163810
1010.453926 569.486445 56.134420 136.519717
1010.518069 568.865511 56.247299 136.828221
1010.727668 568.470588 56.129072 137.147067
1011.015508 568.406594 55.578827 136.515759
1011.148423 568.346177 55.500346 136.411979
1010.676781 568.111682 55.922355 136.956578
1010.657906 568.459271 56.321414 136.904647
1010.866862 567.791258 56.266903 137.627660
1010.875097 567.917620 55.632099 137.929526
1011.085556 567.791258 55.537914 137.255020
1010.950831 567.375690 55.792814 137.676663
1011.085556 567.922979 55.392731 136.932272
1011.090737 566.974780 54.791645 138.217798
1010.866862 567.149891 55.567717 136.359027
1011.079455 566.970553 55.121352 136.231607
1010.947160 566.555475 55.138337 136.400932
1011.222657 566.036304 54.514257 137.663074
1011.286034 566.766192 53.860015 136.302024
1010.971429 566.647881 54.731064 136.651269
1011.085117 566.272776 54.310639 136.252582
1010.862670 566.337979 55.095672 136.076402
1010.739428 565.670195 54.185439 136.627757
1010.999203 565.303105 53.938540 135.991109
1011.209069 565.171878 54.217593 135.140414
1011.236435 565.449430 53.793674 135.464746
1010.869269 565.146601 54.912036 135.255485
1011.160463 564.686254 54.926914 135.358983
1011.229021 564.463322 54.364910 135.990294
1011.160463 563.606277 54.634843 136.438961
1011.222657 563.795154 54.201231 135.237554
1011.276712 563.204828 53.774269 135.789241
1011.141323 563.318722 53.852624 135.599865
1011.411689 562.711581 52.886514 136.453040
1011.276712 562.523676 52.859117 135.416338
1011.437465 562.631742 53.866742 135.012406
1011.348738 562.745923 53.267880 134.669835
1011.626348 562.068191 53.949889 135.544041
1011.372943 561.193614 53.657167 135.685533
1011.073461 560.992474 53.920486 135.313470
1011.175891 561.493903 54.023122 135.395190
1011.276712 560.650499 53.351544 137.014256
1011.203206 560.040541 53.510149 137.420814
1011.203206 560.598311 54.019627 135.886198
1011.434618 560.340127 54.336343 135.463117
1010.912591 560.632990 54.517129 134.538805
1010.755300 560.067061 54.330268 135.214010
1010.937440 559.093959 53.999678 135.893496
1010.776714 559.571839 54.559156 134.094296
1010.630966 558.704940 54.492165 134.517437
1010.914754 558.928566 53.650348 134.440880
1010.635344 558.263739 53.983571 135.104176
1010.802900 558.433025 53.688035 134.015037
1010.214504 558.120458 54.899993 134.708460
1010.426499 558.077239 54.161808 134.449116
1011.049169 557.305818 53.863321 135.192326
1010.603739 557.044128 53.340376 135.624587
1010.914754 556.651625 53.479415 135.541546
1010.774882 556.439004 53.580406 134.884689
1010.719744 555.827937 53.475497 135.034384
1010.244853 555.623956 53.562132 135.209884
1010.540270 555.501871 53.514851 134.498317
1010.516841 554.520448 52.805136 135.298189
1010.624909 554.692952 53.335358 135.600078
1010.982013 554.485752 52.531089 134.959498
1010.559510 553.945726 52.814506 134.378405
1010.626335 554.068578 52.366714 134.876878
1010.468912 554.176272 53.481452 133.880772
1010.487576 553.556697 53.559038 134.362405
1010.635344 553.120463 53.041873 133.744091
1010.656966 552.735392 53.856342 134.054882
1010.377788 552.788865 53.166570 134.040079
1010.681008 552.068564 52.960602 133.847093
1010.767337 551.674703 52.967056 134.023852
1010.660759 551.540408 53.617197 134.762629
1010.692015 551.623978 52.521984 133.235483
1010.643386 550.915766 53.404454 134.111338
1010.826188 549.945727 52.410662 134.560920
1010.833703 550.115443 52.509280 134.124745
1010.634299 549.674679 53.764901 133.567242
1010.834999 550.505528 52.636463 131.508205
1010.527184 548.753188 53.380365 134.184785
1010.790456 548.678464 52.784010 132.920677
1010.493597 548.759126 53.398179 132.262568
1010.908106 547.915754 52.916425 134.805563
1011.033836 547.921665 52.607775 133.175075
1010.667094 547.416192 53.061310 133.147653
1010.938595 546.977906 53.055459 133.355053
1010.609903 546.778849 53.384683 133.057860
1010.629320 546.159485 53.205244 132.583765
1010.880822 545.778821 52.876564 133.012319
1011.138702 544.687257 52.911331 134.423453
1011.130196 544.129390 52.618423 133.921938
1010.871687 544.822521 52.872993 133.428135
1011.005403 543.869974 53.185423 134.240759
1010.608291 544.043011 53.730952 132.556143
1010.609903 543.718516 53.719744 132.709354
1010.494914 543.280362 53.834733 133.372399
1010.778630 542.312734 53.695659 134.056978
1011.189501 541.631756 53.118482 134.874157
1011.027802 542.103633 53.050494 134.369386
1010.919178 541.800129 53.487550 133.752187
1011.141440 541.661554 52.861964 133.441216
1011.337873 540.382134 52.852952 135.049652
1011.122701 540.678491 52.932745 134.470885
1011.196843 540.129391 53.052783 134.560232
1010.885536 540.466728 52.920604 133.774937
1011.295369 540.038490 52.524193 133.248927
1010.938595 539.751866 52.669272 133.771400
1011.225923 539.597705 52.676020 132.966172
1011.510248 539.338269 52.636368 133.001695
1011.643389 538.552275 51.756109 133.107604
1011.676107 537.554143 52.597554 134.432013
1011.350282 538.265070 52.485738 132.472703
1011.807054 536.627702 52.239904 134.534803
1011.546164 536.796086 52.752954 132.992317
1012.040369 535.834614 52.024383 133.346275
1011.577392 536.198528 52.448256 132.280570
1011.885507 535.758509 51.413126 131.996618
1012.184805 535.286324 51.446988 132.001287
1012.136092 535.889897 51.869914 131.094494
1012.590597 534.783982 50.838737 132.474960
1012.645386 534.101192 50.870736 133.383704
1012.506831 533.839629 50.990065 132.281844
1012.320949 532.498279 51.354662 133.259893
1011.885507 532.818382 51.803059 131.084092
1012.599592 532.322307 50.856439 131.756202
1012.655139 532.003597 50.960086 131.755593
1012.719558 531.406954 51.083927 131.499493
1012.848135 531.063090 50.687137 131.515684
1012.767301 530.862762 50.751418 130.054885
1012.805962 529.961076 50.984114 131.030841
1013.008258 530.394536 50.766872 129.567396
1013.248156 529.905213 50.099577 130.940547
1012.638337 529.633692 50.806226 130.017153
1012.613591 529.283304 51.844812 130.165696
1012.740299 529.394535 51.813769 129.523110
1012.828426 528.897410 51.128555 130.545431
1013.149702 528.779588 50.832604 129.725904
1012.683200 528.787661 51.703191 128.834838
1013.226103 528.097288 50.461540 129.645595
1013.157306 528.053674 50.530632 129.035520
1013.325830 527.386873 51.299823 129.537455
1013.741897 527.374127 50.226450 129.172840
1013.626617 526.878908 51.321259 128.750236
1013.562622 526.878553 51.446041 128.110818
1013.674976 527.081526 51.344621 127.711224
1013.422997 525.480618 50.837270 128.984542
1013.882289 524.563477 51.204421 129.273114
1013.368425 524.139917 51.511654 128.657622
1013.484797 523.527457 51.414628 129.031436
1013.420277 523.491012 51.812098 128.306526
1013.562622 522.468827 51.061475 128.739004
1013.911748 521.915752 50.525870 128.483810
1013.761781 521.011389 50.469291 128.754500
1014.297938 520.772774 50.852105 128.210831
1013.978765 521.106220 51.209151 127.314991
1014.577063 520.395888 51.491814 128.390083
1014.312508 519.936947 51.439389 127.574496
1014.205622 519.702241 52.046967 127.806849
1014.058311 518.644614 52.014814 128.606996
1014.639771 518.257106 51.525166 128.016712
1015.118968 518.163414 50.640940 128.103437
1015.166161 517.860588 51.086427 127.750328
1015.325169 517.490881 51.133131 127.864715
1015.197496 517.238539 52.144132 127.397103
1015.175278 516.590745 51.689841 128.676100
1015.161181 516.630136 52.555281 128.238291
1015.222783 515.577254 52.646323 128.024653
1015.262350 515.481250 52.855298 129.117755
1016.245360 515.512343 51.308736 128.091467
1015.980433 514.113173 52.761056 129.300284
1016.314609 514.214958 51.624036 128.568693
1016.096196 513.955196 53.089540 128.583752
1016.077201 513.659940 52.608125 127.747292
1016.396252 513.402967 52.523746 128.244011
1016.528636 512.694615 52.538625 128.254961
1017.107500 512.894895 51.309005 127.915506
1016.870707 512.500271 52.362696 128.161172
1017.209910 512.549427 51.176485 127.724385
1017.611333 510.834916 50.770673 129.323338
1017.613216 511.053655 51.031075 128.197963
1018.067395 511.197357 50.498777 128.167659
1018.129542 510.628485 50.679990 128.201292
1018.325123 509.738982 51.160879 127.637700
1018.190520 509.354661 51.367021 128.728625
1018.703379 509.053657 50.434218 128.549258
1018.959191 508.337361 50.490557 128.556375
1018.843537 508.586519 49.948640 126.573879
1019.020972 507.602357 50.948518 126.734664
1019.281628 506.294620 51.019940 128.351261
1019.937754 505.947685 51.081780 128.385755
1020.585473 505.965507 49.835206 127.827219
1020.281621 506.508719 50.062556 127.312259
1020.698928 505.932362 50.288316 127.582460
1020.559149 505.944580 49.777044 127.953642
1021.004942 505.584983 50.103376 127.973510
1020.769623 505.367248 50.197797 128.134019
1021.149115 505.234378 50.327496 128.398394
1021.103693 504.070172 51.160891 128.782721
1021.677869 504.170215 51.373985 128.169045
1021.461211 503.965520 52.214584 128.576602
1021.473454 502.870354 51.937125 129.604414
1022.050177 502.602652 51.873004 128.935339
1021.965850 502.364255 51.262622 129.203138
1022.155351 502.549416 50.847263 128.073079
1021.978837 502.412683 51.468072 128.272540
1022.727923 501.761648 51.032031 129.460754
1022.997436 501.878543 51.661355 128.636354
1022.683210 502.189602 51.831937 127.214760
1022.569416 502.048596 52.072757 127.504470
1022.603513 501.674989 52.027147 127.247301
1023.112854 501.534839 52.186750 126.899154
1023.569401 500.987756 51.489667 127.122550
1024.149105 500.760058 51.356545 127.354485
1024.114438 500.586519 51.889487 126.919180
1023.891782 500.783806 52.503694 126.783421
1024.882205 500.197367 51.344499 127.028234
1024.381019 500.380944 52.114692 126.534647
1025.059359 500.278888 50.743168 127.054538
1024.409095 500.278575 51.827912 127.367300
1024.816354 499.266864 51.050156 127.482804
1025.181051 499.150021 51.083520 126.938674
1024.769595 499.117147 51.726116 125.863649
1024.870347 499.737980 52.572885 125.695863
1024.750992 499.461385 52.710078 125.091745
1024.757238 499.081829 52.230039 125.009376
1025.066348 498.302637 51.277993 126.012797
1025.746626 498.531353 50.853689 125.311212
1026.073290 498.261446 49.686203 125.869968
1026.421272 497.683036 49.135245 125.016978
1026.148452 498.151451 50.144339 124.564656
1026.174635 497.848812 49.802895 125.054184
1025.696161 497.394223 50.281369 125.551685
1025.793301 497.055518 50.581254 124.545267
1026.599382 496.735357 49.838782 126.248636
1026.274771 497.001629 50.228456 125.215886
1025.550746 496.312844 51.399900 125.287941
1025.729660 496.437280 51.434098 123.922644
1026.150513 496.243750 50.778484 124.252131
1026.576550 495.796188 50.490905 125.298340
1026.386785 495.489789 50.671102 125.813982
1026.295579 495.147018 50.778861 125.075343
1026.274771 495.040461 50.608553 125.298830
1026.059522 495.115013 50.696721 125.534845
1026.618023 494.583173 50.456677 126.150162
1027.047113 494.236846 50.600428 125.971849
1027.125425 494.380462 50.266437 125.042254
1027.505755 494.375180 50.524903 124.662724
1027.338641 494.414161 50.147732 123.976556
1027.241895 494.376814 49.976398 124.253906
1027.963224 494.489293 49.903241 124.312397
1027.257709 494.657782 50.469355 124.272426
1027.639308 493.871615 50.291610 124.811772
1027.285139 493.564963 51.027158 124.023248
1027.576569 493.526818 50.408815 124.204939
1027.516930 493.526818 51.562575 124.504939
1027.080741 493.341430 51.612115 123.681284
1027.370440 492.589926 51.160587 125.070348
1027.223963 492.276396 52.386712 125.172731
1027.040122 492.481072 52.196864 123.553147
1026.941084 492.228301 51.752497 123.878996
1027.561866 492.229711 52.043141 124.317124
1027.095273 492.060438 51.852852 123.637569
1027.942072 491.116523 50.864543 124.134818
1027.751865 491.139851 50.410681 124.333329
1027.325697 490.925281 50.525905 124.210620
1027.450782 491.116832 51.005583 123.118883
1028.085296 490.582334 50.518698 123.144574
1027.771824 490.345550 51.040345 122.760515
1027.886962 490.829157 50.456144 122.503478
1028.550584 489.835633 50.775941 123.510425
1028.453278 490.328857 50.556366 122.834131
1028.154445 490.005762 51.746986 123.155974
1028.041096 489.920187 51.916985 123.470508
1028.306448 489.566504 51.251925 123.570636
1028.261760 488.796177 51.480601 124.676990
1028.095087 489.682194 51.636821 123.144507
1028.229876 489.018746 51.508431 123.569443
1028.550719 488.920192 51.271201 123.897128
1028.561889 488.889324 51.356376 123.362019
1028.543685 488.864098 51.576486 123.356763
1028.815906 488.054103 51.361631 123.745677
1028.815906 487.803935 51.169420 124.290386
1028.689014 487.418198 51.974596 124.845567
1028.583991 487.723648 51.959271 123.947876
1028.925348 487.397947 51.907690 123.709342
1028.855645 486.073314 52.430977 125.416854
1029.399767 485.890299 50.590035 125.648317
1029.370528 486.341449 51.810544 124.233126
1029.138254 486.454448 51.428020 124.162783
1028.912853 485.888128 52.102281 123.671541
1029.242360 486.073657 51.592149 124.143870
1029.306471 485.159718 51.389350 125.104049
1029.608177 485.103792 51.599679 124.835778
1029.608177 485.319451 51.486406 124.789692
1029.475230 484.695829 51.357210 125.256954
1029.798923 485.004631 51.099376 124.274367
1029.942118 484.375190 52.502073 124.719134
1029.425642 484.480839 52.902552 124.583782
1029.556824 483.572379 52.073814 125.605627
1030.148002 483.718025 52.072324 124.681562
1030.521539 484.174737 51.563903 123.708424
1030.178081 483.504115 50.975240 124.195888
1029.655808 482.564949 52.564558 125.423878
1030.201869 483.373643 51.164237 124.009242
1030.276536 483.751805 51.034428 123.937211
1030.069150 483.018754 50.543184 124.117380
1030.258282 483.875868 50.417195 123.519543
1029.776107 482.869063 51.133772 124.378688
1030.058252 483.243738 50.507439 124.080661
1030.397637 483.244232 50.968394 124.001573
1030.324564 483.182686 49.709570 124.065517
1030.228409 482.104952 50.091992 124.335503
1030.085291 482.116829 50.657068 124.354846
1030.007410 482.357761 51.336799 125.321698
1029.650729 482.103796 51.031328 125.175188
1029.608177 481.089312 51.458208 125.625835
1029.907951 481.136313 49.336935 125.896241
1029.764454 480.683028 50.776440 125.411275
1030.490763 482.188202 49.331866 123.583528
1029.951964 482.022593 50.560011 123.149281
1030.040915 481.624856 49.904144 123.437206
1029.841506 481.671134 50.685245 123.323104
1029.295982 481.151456 50.797801 123.800077
1029.516925 480.754194 49.946919 123.705324
1029.535831 480.937951 49.932609 123.735464
1029.531624 480.535526 49.515325 123.849138
1029.600874 480.216062 50.671256 124.273123
1029.387676 479.962128 50.061623 124.556255
1029.450724 480.260513 49.998575 124.911241
1029.324545 480.526814 49.256561 124.162193
1029.702175 480.835187 50.207552 124.615284
1029.007391 480.561705 50.680739 125.704538
1029.051790 481.083358 50.818592 125.312901
1029.005255 480.375683 51.069478 125.241542
1029.307226 481.004628 50.687600 124.842624
1029.434394 480.846618 50.692416 125.154796
1029.005255 480.888121 51.519535 124.388673
1029.407780 481.228300 51.311351 123.921340
1029.739737 480.792748 51.534415 124.789050
1029.109491 481.511166 51.330670 123.356581
1029.340876 481.428738 50.013401 122.946413
1029.047025 481.014223 51.998006 123.641492
1029.242360 480.849241 51.816596 123.793903
1030.005144 480.453168 51.717235 124.147609
1030.370443 479.831312 51.121817 126.079359
1030.335500 480.310180 51.709929 124.144624
1030.591706 480.454430 50.161807 125.412701
1030.386781 481.187485 50.860788 123.540392
1030.257702 482.098670 50.594390 122.614688
1029.868934 481.173809 50.517944 123.423553
1030.468815 481.995339 50.154979 123.235803
1030.487934 481.605941 49.468672 123.794916
1030.352914 480.609555 49.277858 125.517644
1030.459816 480.508080 49.709625 125.095574
1029.877641 480.018265 50.295462 126.023437
1030.177753 480.748590 48.476100 125.269746
1029.719377 481.241113 49.692050 124.325823
1030.258288 481.657772 49.588258 123.887607
1029.789571 481.718603 50.102645 124.617275
1029.197729 481.697784 52.139428 124.869329
1029.722531 482.780082 50.356326 123.635708
1029.875786 482.433058 50.034132 124.884329
1029.889266 482.807976 50.538940 125.219649
1029.979264 482.318583 50.078691 125.469571
1030.136811 483.131193 50.110830 124.278870
1029.833656 483.035813 49.965622 124.789714
1029.174095 482.925275 49.688527 125.680503
1028.689014 483.736240 51.173342 124.802592
1028.604380 483.263315 52.171345 125.282260
1028.818008 483.878728 50.508022 125.505360
1028.539895 484.341427 50.154359 124.532360
1028.007373 484.583113 51.675551 124.577663
1028.544317 484.038733 51.493864 124.321208
1028.280950 484.510877 51.127197 124.749725
1028.433723 484.905165 51.659612 125.049090
1028.131537 486.005438 51.055013 124.786476
1027.345819 486.169058 51.406190 123.982024
1027.688991 486.972248 51.597584 123.609569
1027.943647 488.250994 51.344775 122.945109
1027.257448 488.987321 52.882416 123.795050
1027.715213 490.015729 52.558972 124.053541
1027.640990 491.101889 52.397190 123.517654
1027.475303 492.189567 52.852995 123.547125
1027.379293 493.127535 52.297585 123.509957
1027.410615 494.189565 51.969772 123.027968
1027.171215 494.924547 51.841408 123.841771
1026.725899 495.748662 51.669158 123.064080
1026.623610 496.256150 52.347242 124.120221
1026.641008 496.567349 52.623712 124.936690
1026.228080 497.556706 52.320914 124.523267
1026.261883 498.622488 52.491883 123.736137
1026.366657 499.911796 52.678392 123.824887
1025.583382 501.015729 53.450716 123.837258
1025.622268 501.587429 53.435322 124.273624
1025.052662 502.052377 53.260166 123.799810
1024.803733 501.594856 53.766874 123.817742
1024.850557 502.125046 53.604899 124.299105
1024.033735 503.502249 52.946181 123.564454
1023.273961 504.891237 54.537555 122.387758
1023.407008 505.674074 54.074112 122.107638
1023.095749 505.217196 54.114617 124.061789
1022.810546 505.886673 53.410229 122.492343
1022.252491 506.017532 53.792525 122.458325
1022.444960 506.018196 53.371037 123.090952
1022.510433 505.669208 53.483506 124.343568
1022.119729 505.702078 52.519446 124.664852
1021.803727 505.951437 53.035652 123.886793
1022.000713 506.554590 52.724686 122.439973
1021.450528 507.028043 53.346916 121.109679
1020.925097 507.035496 54.178763 121.847142
1021.049915 507.015745 54.988935 121.258342
1021.118792 506.679644 53.273122 120.813405
1020.435528 506.154301 54.867031 120.516717
1020.890461 506.189553 53.709639 120.084100
1020.682512 506.105954 54.307237 120.303559
1020.342176 506.312323 54.827799 119.335851
1020.297206 506.655829 53.389579 119.194145
1020.026314 506.070468 53.962479 119.382476
1020.407532 506.274868 53.213391 118.485713
1019.696026 506.524571 53.488392 117.047985
1019.681433 506.097100 53.919958 117.376992
1019.067475 505.856840 54.181242 116.985714
1018.906389 505.397984 54.121893 116.882998
1018.665115 505.828628 54.494212 116.172979
1018.059007 506.032631 54.324708 115.617806
1018.260082 506.222191 55.057744 115.559089
1017.807892 506.488596 54.575822 115.134241
1017.255696 506.052008 55.035475 115.949526
1017.131340 506.236754 54.505278 115.132528
1016.685218 506.316787 54.997303 114.087228
1016.862129 506.721616 54.174926 113.996488
1015.950398 506.820038 55.910967 113.125348
1015.185928 506.143715 56.774637 114.061613
1015.521135 505.843386 55.453870 113.588083
1014.084486 505.985468 56.809473 113.478841
1014.294899 505.754253 56.819130 113.385715
1013.499848 505.669217 57.026678 113.135834
1013.845220 505.599030 56.684943 113.160385
1013.351678 505.493869 57.246206 112.224220
1013.286828 504.633964 56.807285 112.725853
1014.054411 505.419459 55.877164 112.121183
1012.846920 504.571875 56.618075 112.661368
1012.750796 504.301715 57.084937 112.738146
1012.259451 504.212537 57.821925 112.147281
1012.384998 503.756588 57.212901 112.306417
1011.959930 503.525187 56.457291 112.314748
1011.219626 503.179006 56.874494 111.889312
1011.561437 502.406839 56.553601 111.983509
1011.203330 501.811923 56.575099 112.294548
1010.938529 501.806201 56.705950 111.586430
1010.294639 500.969427 56.752104 112.442938
1010.118379 500.406846 57.244001 112.786923
1009.638607 499.807255 57.487332 112.530265
1009.150588 499.546478 57.379542 112.286371
1009.460358 499.212516 57.028881 111.917972
1008.742543 498.669216 57.218041 111.911350
1008.487076 498.878554 58.033601 111.133470
1008.293838 498.422001 57.719925 110.501995
1007.743451 497.335892 57.921648 110.788351
1007.771133 497.735194 57.956173 110.067109
1006.678383 496.793972 59.122076 110.185372
1006.272017 496.607367 59.285554 109.842226
1007.253174 496.410167 57.855230 110.000599
1005.967785 495.772983 59.241175 109.472013
1005.841690 495.575499 58.612506 109.330178
1005.323987 495.397679 58.408686 109.326310
1005.157290 494.677067 57.855116 109.450318
1004.779579 493.876681 58.665261 109.700647
1004.812516 494.247753 58.328108 108.059615
1003.492372 493.671028 59.742079 109.287841
1003.982474 493.363606 59.303386 109.460654
1002.756650 493.484196 60.418007 108.409025
1002.607479 492.866186 61.030379 109.434452
1002.013065 493.067928 61.409010 109.252167
1001.984343 492.792377 60.542541 108.626907
1000.752136 492.810824 61.674222 109.374692
1000.731780 493.058515 60.446245 107.402227
1000.605393 492.537858 60.257925 108.910786
999.827855 492.401035 60.212229 108.196072
999.756054 491.987934 60.155823 109.174121
999.842118 492.447348 58.852441 108.370242
999.664364 492.237163 58.821477 107.787699
998.749870 492.584515 59.217234 107.664859
998.814122 492.194797 58.493677 107.726562
998.147014 493.004560 59.053340 106.551785
998.230816 492.203773 57.976153 107.399523
997.557681 491.553377 58.514951 107.383639
997.502082 491.480340 58.089662 107.168594
997.125962 492.020880 58.148327 106.908967
997.367464 491.958467 57.521795 106.577269
996.077714 492.486018 58.770819 106.418856
995.413067 492.360332 58.928586 106.526424
996.922256 492.867202 57.700926 106.019555
995.342812 493.047291 58.245720 105.251456
994.688007 492.496695 59.074812 106.342837
993.787612 492.686776 59.218007 105.748939
992.602593 492.510416 59.455737 106.215566
992.521565 491.664176 59.740209 106.921593
991.825456 492.537282 61.497492 106.194264
990.647654 492.340423 61.938994 105.529699
991.204042 491.900193 61.493193 105.127736
990.436845 492.233009 61.076626 105.774366
989.971545 492.035363 61.795109 105.927441
989.479928 491.791085 61.731466 105.885518
989.302834 491.594413 61.949914 106.582251
988.770016 492.129278 61.647363 105.709848
989.028845 492.419883 62.012795 105.503912
989.296880 493.098529 61.955347 104.671938
989.196807 493.304434 60.419834 103.956235
988.711821 493.754777 60.404374 104.063516
988.322233 492.969942 60.928366 104.256511
988.009737 492.812686 61.090978 104.913274
987.825482 492.889966 60.367475 104.606246
987.671464 493.591914 60.037269 104.884433
987.706251 493.812707 60.654342 105.062830
987.487655 493.996745 59.835018 105.601733
987.253784 494.404620 60.224587 106.036792
986.375486 495.518092 59.802353 105.086763
985.004961 495.238096 60.291006 105.637439
984.836551 496.098852 60.196281 105.237869
984.010438 495.759031 60.492915 105.029434
983.658842 496.112262 60.497368 105.020505
982.817071 496.705906 61.590302 104.860992
983.384919 496.595676 61.622344 104.532200
984.454370 496.950514 60.205172 104.696969
984.712840 498.047423 60.511417 103.931674
985.679794 497.820032 60.103303 104.189075
987.299570 497.435246 60.065671 104.780063
988.580500 498.097518 59.681161 104.231022
988.996118 497.692537 60.056582 105.765149
991.470303 498.254570 58.074363 104.535820
992.268049 497.486743 58.548630 105.082596
993.865031 498.129001 58.918307 104.823728
994.352784 498.499725 59.007400 104.390000
994.824019 498.745342 58.936105 103.361481
996.773353 498.430700 58.590251 103.605003
997.987350 498.572931 58.512776 102.833895
999.157392 498.657951 59.549512 103.473008
1000.990940 498.503245 59.120131 103.164914
1002.838651 498.866614 58.753304 103.292813
1003.569671 498.608641 59.123639 102.505000
1006.452453 499.076032 58.201689 102.203809
1007.714000 498.920837 58.348757 103.042872
1009.332068 499.454673 58.336375 102.215394
1010.350256 499.840089 59.304931 102.093400
1012.031596 499.767924 59.661790 102.388422
1013.485793 500.445853 58.462444 101.304293
1014.260489 500.463309 57.967225 102.003655
1013.993689 500.387438 59.135645 101.629232
1013.497103 501.092254 58.832212 100.517365
1012.504674 500.775377 60.067299 100.641001
1012.419560 500.803881 59.328831 101.449736
1011.791428 501.254123 59.618960 101.630839
1011.125348 502.472571 59.417166 100.519296
1009.801936 502.394145 61.253903 102.024374
1010.066318 503.626319 60.481886 100.604813
1010.819391 504.472559 58.421844 102.187349
1010.195177 505.842195 58.824394 101.759938
1009.715496 507.691589 58.948640 99.816147
1009.636806 507.717492 58.756819 101.405091
1009.380303 509.315277 58.525751 101.394091
1008.944872 509.773470 59.282860 101.548148
1008.756306 510.853571 58.729867 101.770418
1008.303490 512.550694 59.086478 100.412990
1009.017853 513.715378 57.888185 100.491237
1008.366257 514.015727 59.685429 101.386758
1007.549974 514.966692 60.291056 101.238400
1008.356647 516.387511 58.538491 100.157851
1008.789573 517.881577 57.577507 98.852863
1007.921305 518.801644 58.344767 98.742219
1007.900319 519.841667 57.529275 98.707030
1007.493011 520.429215 57.773086 99.562134
1007.728991 522.095641 56.800388 99.532633
1007.738250 522.755213 57.428958 98.583545
1007.842448 523.734496 56.735841 99.430170
1007.316043 524.801665 56.713198 99.293591
1006.695553 525.708700 56.938071 98.561861
1006.643331 526.596000 56.658785 98.151592
1005.884064 527.509076 57.949832 98.868026
1006.595450 529.210034 56.150697 97.959336
1006.296555 530.051899 56.122039 98.000208
1005.370717 531.580552 56.053988 98.032109
1005.748441 532.652866 56.411504 97.727404
1006.536204 533.286324 54.774895 98.025636
1005.153536 534.662650 56.233309 97.897945
1005.648363 536.199341 56.119987 97.283544
1005.014454 536.369881 55.866501 98.233823
1005.037480 538.153947 56.824785 96.245768
1004.875468 539.098676 55.941996 97.026699
1004.011930 539.903126 55.776364 97.299380
1004.219021 541.189279 55.774884 97.689967
1004.404467 542.216545 55.353379 96.893238
1004.065245 543.901148 55.363771 96.444437
1003.481808 545.016959 55.537328 96.393539
1003.980848 545.964729 56.281825 96.530142
1003.847404 547.867191 55.634725 96.046851
1003.758482 548.747021 56.180457 95.725001
1003.481808 550.125110 54.883462 95.768540
1003.372061 551.114301 55.820619 96.471235
1003.096548 552.342236 55.859189 96.582892
1003.262765 553.542462 55.384830 96.192138
1003.500093 554.447350 54.175298 96.064970
1003.304197 555.534601 54.479850 96.461714
1002.555784 556.968261 54.469876 95.748640
1002.531638 558.087687 54.886311 97.657210
1001.847406 559.888478 55.003467 95.935812
1002.158614 560.566263 54.965457 96.372695
1002.578736 560.816071 54.450041 97.474977
1001.861327 562.294904 55.032531 95.780686
1001.779336 563.637721 54.343572 95.921013
1001.829259 564.847107 54.426915 95.777373
1001.565891 566.379750 54.159726 95.786569
1001.829259 567.812243 53.495141 95.553466
1000.958056 568.935463 53.534414 94.929827
1001.802078 570.070369 53.627548 94.967785
1001.109087 572.123413 53.149092 94.248646
1000.759859 572.879615 54.447869 94.695028
1000.682810 573.668645 53.926284 94.310729
1001.255958 574.922818 54.139557 93.480141
1000.068602 575.544279 54.681075 94.437215
999.587408 575.891094 54.703951 93.796830
1000.010354 576.010799 54.064068 94.347052
999.682769 576.715887 54.391653 92.642243
999.453571 575.803789 54.815119 93.626794
999.568538 574.371256 54.826346 93.799364
998.942004 574.591215 54.359712 92.547229
998.352468 573.267810 55.135083 93.251305
998.483547 571.822196 54.497435 93.192834
998.468207 571.232495 54.735493 92.910275
999.230988 570.482709 54.001545 92.910040
998.855860 570.026113 53.964705 92.716099
998.984174 569.508641 53.726863 92.760458
998.687502 568.625554 53.778042 92.645563
997.946477 567.937160 54.574313 92.581977
998.543410 567.765758 54.868403 91.757992
998.182787 567.258290 53.856619 91.297231
998.222224 566.577466 53.246978 91.754000
997.761910 565.166071 54.197346 92.542737
998.082051 564.685739 52.987660 91.350132
998.262379 564.281190 52.981264 91.735010
997.861483 563.621296 53.455765 90.790663
997.814539 562.723366 52.851539 91.542400
998.071764 561.623622 52.927687 91.897365
997.628358 561.445911 52.818539 91.239786
997.758469 560.592372 52.710028 90.785129
998.103440 560.244919 52.608757 90.528431
997.378372 559.340572 52.689150 90.141960
997.268439 558.562653 52.003565 90.481074
996.975226 558.264384 51.998490 90.709242
995.862077 557.532551 53.674943 90.700467
996.333854 557.148748 52.948889 90.249363
995.772861 556.644397 52.443285 90.351726
995.865856 556.476586 53.227632 90.229607
995.510769 555.990048 53.184653 90.036496
995.728071 555.210370 52.827957 89.737730
995.527431 555.263215 52.968986 89.617243
995.290907 554.562645 52.926291 89.117300
995.096282 553.499425 52.880112 89.602720
994.991388 553.006924 52.791681 89.468323
995.636479 552.305649 51.337275 90.003006
994.951816 552.666796 51.613305 89.040209
994.021696 551.943262 52.363608 89.167819
994.405105 551.468967 52.400227 90.119537
994.374525 551.049897 51.662422 89.245556
994.848752 550.165268 51.285308 89.459345
994.042658 550.070814 51.869772 89.403733
994.082918 549.221681 52.178618 89.772507
993.997659 548.880402 51.214649 88.761383
993.865407 548.220531 51.341464 89.793032
993.461167 548.155738 52.138578 88.714815
992.950256 547.709286 52.491912 88.997740
992.984242 547.836520 52.914579 88.749788
992.738026 547.051028 53.213154 88.501490
992.584388 546.687101 52.099349 89.011053
993.114021 546.794119 52.575713 88.462095
993.191479 546.409834 52.503441 87.954196
992.957358 546.152158 52.520922 87.943499
993.107878 545.452123 51.388610 88.298694
