908.000000 583.000000 203.000000 84.000000
921.420902 582.166697 201.871518 88.089390
934.452069 581.092274 204.403784 87.571499
946.794035 580.767795 203.363346 87.144919
958.243874 579.733789 206.754471 89.119108
971.857953 579.490058 203.680552 87.640198
984.647789 578.359214 207.040355 86.370461
1000.402765 578.768850 200.057289 84.288288
1011.354410 578.720754 196.401840 86.413073
1025.392571 578.818667 204.056826 84.410934
1038.973475 576.403069 206.862079 86.965473
1047.611860 578.045862 210.753895 83.538583
1068.359965 579.093711 203.895289 77.923387
1077.103540 577.316873 207.859569 79.110477
1094.411316 572.047835 201.894179 84.375673
1110.502873 571.049996 203.073141 83.861429
1125.193939 567.355390 201.581216 83.774549
1132.084510 565.614410 201.701566 83.025941
1131.495464 565.198964 201.199538 84.835207
1123.284482 562.851389 203.799623 86.472817
1107.582922 560.728612 203.539525 88.233440
1075.001547 560.953419 211.692550 86.984711
1041.358684 559.518831 207.978016 87.686930
1001.510448 558.293876 203.955415 87.223843
957.700261 556.274036 201.795121 90.057567
917.103324 553.682633 200.181628 91.767537
876.925480 552.101329 193.296733 92.364052
850.874514 551.852572 187.154803 92.861992
821.172816 550.509525 205.015538 93.247344
794.969574 552.168444 199.947294 89.679766
769.203459 551.542212 206.927995 89.587816
742.290021 550.019815 210.889403 90.482533
715.536039 551.049724 212.461137 88.243838
692.720951 549.751444 206.770300 87.422180
665.746443 548.667927 205.472492 88.918416
651.998889 546.262857 202.700053 87.385185
655.501731 542.081618 199.367430 89.717669
658.825661 540.910149 204.239034 88.479648
674.404163 538.794504 201.946878 85.638692
693.146445 536.620235 197.172029 84.070267
706.199336 532.643296 195.653955 84.054459
715.097575 530.775675 200.027981 86.894944
726.089785 530.206178 203.528326 88.246611
739.957575 528.107751 200.650834 88.617000
753.688655 525.320034 198.845453 89.961373
764.573914 523.700675 201.963275 90.616175
779.387453 522.480924 200.636310 91.451436
792.042291 520.389425 199.188209 91.551907
802.703663 518.247003 200.299441 90.756843
815.439428 516.912832 198.209870 90.751491
829.025088 514.630833 194.622779 91.037736
843.352352 514.074065 193.471932 89.831473
855.583739 511.142040 201.939122 90.241980
869.632481 509.155425 199.213050 90.036113
882.187642 507.374056 200.424610 89.272730
894.915821 505.381260 198.734967 89.794308
908.927240 503.049604 200.083865 89.872086
919.926398 500.520923 200.302857 90.547831
927.266931 501.075661 197.702609 86.868272
934.387636 499.581634 199.353198 83.485403
939.303130 497.180004 200.728414 84.395815
946.652532 493.970260 202.502392 85.148383
956.634822 492.951795 204.043684 82.404768
970.083464 490.786327 202.208943 85.930058
985.576086 487.861449 199.338801 88.486488
997.692732 486.174022 200.134284 89.128892
1010.213927 485.256344 200.504576 86.970636
1023.106663 483.469252 201.605422 86.780881
1035.480972 480.697811 200.816556 87.280367
1051.051979 478.123229 196.397005 87.750921
1063.038185 476.349135 197.842604 88.561299
1075.527605 474.445848 197.609302 87.347215
1089.928067 471.181176 196.501874 88.411947
1101.551935 469.292338 196.656487 88.605799
1114.473529 468.430586 198.539915 87.362512
1126.528576 465.763941 196.983843 88.079896
1138.664266 464.550289 196.525553 87.668482
1150.674292 463.740303 197.191683 87.218626
1163.433787 462.589005 198.200415 87.160111
1176.600014 461.124511 197.256047 87.459044
1188.723109 459.959085 197.437251 87.574712
1201.775557 458.806472 197.568685 87.517157
1214.600055 457.430581 197.548724 87.995115
1228.008842 456.379796 197.530913 88.151880
1241.707970 455.124513 195.966953 88.301184
1252.785413 453.924101 197.194149 88.034824
1266.357645 453.261938 193.693126 88.012549
1279.019548 451.826005 193.870346 88.625830
1291.392558 450.562112 192.845069 88.513305
1302.199319 449.661191 194.375087 87.895916
1311.905239 448.348163 196.608478 88.150878
1322.885553 449.012945 193.824663 86.795514
1330.219096 447.156225 199.375646 87.723530
1340.239073 446.348518 197.296515 86.746910
1347.107468 447.397938 192.334398 85.512489
1352.212226 445.770740 193.420765 86.644939
1353.825698 443.891819 194.605408 86.378172
1356.974734 445.215142 192.789838 84.765204
1355.569228 445.160844 181.017861 83.871933
1359.307428 445.319000 186.434345 83.712738
1358.154604 444.370794 194.467562 80.088809
1356.680531 445.966509 195.335693 78.889425
1351.169027 446.147209 197.319063 78.121672
1346.561086 447.079069 189.158308 76.263155
1333.889820 444.205180 198.505392 76.647531
1327.543926 441.102255 191.124268 79.387777
1320.201992 439.028236 188.041355 80.646459
1303.161598 435.804376 195.510985 83.362971
1292.079180 432.531985 196.170967 85.507829
1284.634221 432.883127 191.642588 84.305589
1268.184292 428.003208 195.854445 90.568401
1265.464951 429.517427 185.763576 87.378759
1247.483299 426.984953 191.282032 88.549587
1238.024368 428.677054 187.796431 86.207770
1225.111526 426.824276 189.509858 86.043598
1212.180725 424.350258 191.126172 88.173776
1205.130911 425.212927 191.280105 86.142086
1200.939127 424.150157 191.723336 86.688962
1198.952870 429.517589 186.894315 80.998001
1190.638834 426.034321 180.542962 82.679938
1194.228412 423.446067 159.164693 85.174117
1193.725066 424.592648 162.640786 84.228368
1190.003233 418.985880 185.876383 88.296806
1186.218942 427.998085 186.673374 78.312972
1182.276902 424.170805 191.586856 78.849458
1188.827703 426.078157 183.397347 79.606777
1181.052221 420.802247 185.647787 83.760715
1180.410022 423.328118 187.828095 79.583581
1179.853259 422.535251 186.479748 79.606507
1176.559435 416.752293 185.650028 83.192668
1173.099718 411.929987 186.169858 86.806189
1168.220372 408.268776 186.558038 90.826437
1163.162687 408.648770 185.447115 91.070863
1160.828023 407.865144 181.629848 89.970947
1151.770039 410.069219 184.718411 88.195792
1144.833582 409.834327 183.969768 87.528106
1140.287091 409.375662 180.398620 88.189220
1130.921425 407.398237 181.623065 90.312724
1122.455141 407.011984 182.325007 89.028177
1113.248583 406.649072 182.907070 88.650519
1106.273323 407.630747 183.054205 86.829242
1098.370955 409.787797 182.351534 85.399795
1091.094358 405.248064 176.417491 87.812162
1084.208484 407.575330 168.478585 86.226050
1075.209372 402.910975 165.944718 89.113566
1065.864790 405.496081 175.481322 85.838818
1057.615603 406.763838 176.250830 84.221321
1050.430974 407.391104 179.202836 83.405439
1043.695890 407.071043 178.142451 82.541885
1036.640089 404.337481 176.956290 84.360422
1031.207693 404.218189 176.739501 85.775318
1022.497933 402.401449 177.560449 86.480078
1016.637863 397.840376 176.511710 88.890353
1006.637467 398.884451 178.102526 87.105281
997.472315 398.530284 183.751924 86.782269
981.739334 399.427555 186.646367 86.175866
988.497781 396.093722 176.323933 88.750081
976.911746 398.266650 180.565794 84.753304
969.927131 400.639374 179.533321 78.404809
962.080273 397.729596 177.012640 80.760498
952.543851 392.897527 166.519262 85.226379
947.473080 389.589572 169.613929 88.491038
937.685878 393.319656 172.772498 83.806401
928.468698 393.348755 170.424369 83.708827
918.966516 392.271410 175.539711 85.632318
911.858915 391.612126 174.317549 90.212993
906.262056 389.853671 177.099450 91.377786
906.132072 387.938163 172.979550 91.927412
913.754809 384.673274 171.149581 94.088488
917.165591 388.162215 175.777504 88.947005
920.319347 388.845644 176.342018 90.999621
924.061538 388.764465 174.152906 90.440402
929.085493 389.060991 166.449165 88.510827
931.940002 389.044409 162.164387 91.114815
936.357684 387.904401 175.632230 90.951172
945.496785 387.598234 169.162541 91.286272
946.838182 384.769644 163.452182 94.431942
955.061762 383.976248 171.058785 94.589172
959.605536 384.095104 169.843946 94.435259
961.407898 383.121898 176.133421 94.860610
964.845628 381.291409 178.572566 93.042310
968.054360 380.440574 178.945435 94.145158
974.711813 381.417712 174.459517 95.369761
980.143895 381.476293 172.187286 95.240083
978.609669 382.392814 174.740430 94.677280
977.913173 383.703707 176.131777 97.519896
978.844863 382.974519 173.560460 94.406550
976.585976 383.404761 175.394727 92.937082
976.896340 382.692173 174.043312 88.778007
977.863163 383.654728 175.967373 87.520854
978.581711 384.517094 174.987862 87.799819
981.722825 383.109185 174.435649 89.863942
988.253046 383.166929 175.220994 89.477929
994.475902 383.166929 174.581067 88.707477
999.849324 383.550480 174.347098 88.600568
1004.849312 383.446070 174.283821 88.136277
1010.317448 384.070167 174.288640 87.461040
1016.051004 385.664606 173.878364 86.212543
1020.386636 386.076424 174.512530 85.550130
1024.889367 385.522550 173.705184 85.401060
1027.877747 386.031699 173.250863 86.057025
1029.534148 387.764296 175.522624 86.339565
1029.768615 388.637041 177.102104 86.862838
1031.159971 388.383065 175.015924 86.962754
1031.727968 388.953916 174.015847 86.156057
1031.560662 389.236170 173.515916 86.709338
1030.052217 389.670855 173.167231 87.002140
1028.962032 389.690318 172.992181 87.567795
1027.140803 391.014837 172.311849 87.213314
1026.349003 390.638955 173.780810 88.365233
1020.139122 391.549467 172.765656 87.042929
1010.655076 391.842046 173.777023 87.733201
1000.517544 391.989721 173.708461 88.406180
988.838271 393.474730 170.486895 88.368112
973.980396 393.600962 171.733274 89.075950
958.687897 393.526166 171.793531 89.701983
942.184325 394.717918 174.355849 90.753165
924.149776 395.947169 174.999427 90.256168
905.579564 396.315225 175.497829 90.132207
886.951707 396.624822 175.475343 89.826069
868.433658 396.263089 175.854242 90.973549
849.916006 399.377337 175.559867 88.642578
831.106531 399.378364 174.736715 89.950735
811.404098 400.739281 173.484991 89.605326
793.462302 400.921663 173.232972 91.168550
775.423727 403.568951 173.044263 88.452882
755.595620 403.151067 174.784943 91.730182
741.043536 405.513798 171.505850 89.754386
725.019889 406.921220 168.506498 88.800790
705.367342 406.872804 171.787209 90.879917
691.915549 407.816317 170.611574 90.074477
679.955113 410.218199 171.473941 90.389448
669.247500 410.247495 171.125323 90.417153
659.785607 410.881469 172.017608 90.482528
654.280196 412.857649 167.920747 89.444913
648.646375 413.286945 166.758731 90.145306
642.277425 414.510315 167.951991 89.902945
637.279466 415.699419 168.813476 88.675124
633.496355 416.841280 169.204618 89.803813
633.460199 417.063081 167.225440 89.065455
633.483695 418.113613 162.787720 86.628575
626.443036 418.509225 166.631205 89.964784
622.564838 419.818479 167.785685 88.591254
618.435014 420.556222 168.364467 88.896903
615.492102 420.768968 167.088961 89.755722
612.377688 422.574950 168.075010 88.308371
607.991368 423.301461 167.338594 88.940726
604.087490 424.113613 166.438180 89.759469
601.908447 424.889230 166.394043 89.247733
597.275887 427.026430 166.821977 89.034070
594.223580 427.988781 167.309096 88.612549
589.663906 428.905200 168.148036 89.214190
589.187793 430.804570 166.472356 88.468037
585.760175 431.776395 167.758751 88.974184
585.427732 432.458649 166.036897 89.319200
582.074382 433.877113 166.919460 89.404972
581.663576 434.561905 166.420789 90.011101
581.405361 436.872037 166.584560 89.289724
582.313694 437.681813 166.967392 90.030829
587.091992 438.355013 166.020192 90.699314
594.062518 439.561903 162.195040 90.224617
600.989309 441.398900 164.936902 90.423932
608.315214 441.900243 166.053496 91.133146
615.814383 443.437390 166.776308 90.261509
623.741083 444.716115 165.848486 90.930897
630.432068 446.716108 168.490759 90.177406
637.913291 447.988334 166.771011 90.213010
644.632548 449.538908 164.851428 90.160005
651.717989 450.904490 166.669704 90.697701
659.539207 453.534593 165.824257 89.487868
665.827822 454.725930 167.329859 89.876963
674.606871 455.872810 165.555210 90.236614
681.286775 457.708008 165.596104 88.481585
689.038267 457.609546 167.431710 90.597426
697.668891 459.267894 165.279177 90.450856
705.680305 461.642962 161.840584 89.390411
711.547783 462.289275 164.048469 90.913391
718.467755 463.222951 165.663781 90.739721
727.101481 465.822723 163.031894 89.177968
734.805788 466.115120 162.235072 91.545793
738.832310 467.451432 166.392789 91.989956
745.312250 469.529338 167.817021 90.942143
754.623106 470.789364 163.791970 91.056326
760.749521 470.566315 164.340006 91.859294
767.668073 473.475231 164.889718 91.371628
774.422782 474.785261 166.000070 91.920654
782.461509 476.701096 164.812280 92.542369
789.667702 477.002845 164.624538 92.213405
797.472135 479.079371 163.452952 92.306698
803.360524 479.441175 163.160372 94.822077
810.108949 481.480332 162.763407 92.130678
817.118303 483.853324 163.598370 89.944606
823.459426 485.278851 164.109698 88.860721
830.254533 486.998274 165.666248 90.420131
837.153983 488.352609 163.397112 91.190081
842.542968 489.345583 165.441494 92.748180
849.374603 491.229192 164.590506 90.685533
857.035328 493.393102 164.295313 89.640271
863.965402 495.394580 163.466559 88.071192
870.438314 495.857145 164.056934 91.425626
876.555351 498.242168 164.313493 88.886183
883.387678 500.314881 164.083347 89.456084
889.116314 501.559590 164.625116 89.465442
892.139633 503.068582 161.211014 89.442700
892.012998 504.740293 161.902953 89.707702
890.730425 505.494350 163.083080 90.286685
890.151003 507.144391 162.162055 91.150223
888.418616 508.391974 162.060786 90.992225
887.644712 510.012701 162.085580 91.281605
885.471352 511.939837 162.287296 91.413289
884.880188 513.820012 162.903603 90.382647
885.374822 515.627897 161.395285 90.897833
884.808923 517.391437 161.870257 91.295184
884.771089 519.044985 162.407919 91.155709
885.838872 520.144412 162.347271 92.409170
887.272307 521.544419 162.450063 92.381970
889.531403 522.522888 161.142196 93.972831
892.080582 524.900222 162.534570 93.639542
895.968105 526.599679 161.254761 94.745640
900.699254 529.491124 160.759975 92.774850
904.927806 531.196912 162.911892 93.621561
909.617540 534.147548 162.053721 91.831247
915.467558 535.609543 163.959664 92.593532
920.632576 536.619507 162.921396 94.390871
926.846317 538.925255 162.580801 93.405753
932.006679 539.516811 162.647513 94.461984
937.667756 543.386531 159.104349 94.007460
944.347244 547.015151 157.356299 91.819641
951.214906 547.733311 154.409311 93.873266
956.225457 548.608479 155.129700 95.332430
960.786021 550.518541 156.984319 94.935808
965.107840 557.975740 156.103482 89.570657
972.237386 557.684860 156.911513 92.312165
976.841716 561.011585 160.586809 90.925292
980.887605 566.844545 160.208195 87.540225
985.402245 569.844088 151.232820 87.148466
993.123137 573.663433 156.935445 85.638914
996.901239 570.739933 160.194732 91.424858
1003.635863 584.847892 149.711053 80.611807
1008.951854 586.033076 140.048817 81.961775
1014.520762 587.308242 149.183169 83.612155
1020.035240 587.678610 151.547142 87.360652
1022.407466 588.712998 166.084182 89.511815
1025.129747 593.115971 145.361550 87.511102
1030.692372 592.800556 166.954724 86.732729
1035.618020 587.394611 161.626542 97.816277
1034.279461 594.924048 163.849017 93.841455
1034.758401 596.122568 168.545330 96.780603
1027.177098 599.444031 179.515378 97.291976
1237.774435 371.895012 154.184727 37.911891
1235.390077 346.467939 135.331233 66.172430
1231.225657 348.764995 136.934453 67.942787
1225.203978 353.747994 135.414583 67.341401
1219.132543 359.583599 135.960009 65.652534
1214.834424 361.866241 137.728700 67.884177
1208.891978 357.178588 138.067132 76.311279
1203.902544 360.859524 137.254162 77.174196
1196.943167 365.288974 138.247913 76.887384
1189.482641 369.120161 138.682890 77.275013
1181.596830 373.510774 139.187707 77.177010
1174.126676 372.827022 141.616401 80.118055
1166.639944 372.052006 142.675270 80.685791
1159.376574 372.064284 143.129801 79.980257
1152.304862 371.263854 143.113972 80.238119
1145.124612 370.672530 143.606772 80.372020
1137.951996 368.035233 144.196533 81.637070
1130.536459 367.415128 144.483788 81.246954
1123.501133 365.649719 145.030767 82.337138
1117.991614 364.639129 143.404998 82.630336
1110.825958 365.210160 143.580038 81.808472
1103.501153 363.422637 144.139892 82.805492
1096.512641 363.483040 143.974931 82.291114
1089.440363 362.873590 144.578439 82.028963
1082.729250 361.823131 144.467736 82.502543
1076.632364 361.683006 143.764269 82.185562
1071.362919 360.494278 144.164516 82.959512
1065.319817 359.720794 144.526726 83.100548
1060.678543 359.076050 144.443397 83.524742
1057.215324 358.118129 144.018242 84.025445
1053.426828 356.907762 143.436053 84.952631
1049.972695 357.096475 144.003795 84.355732
1046.356374 355.940859 144.484351 85.079380
1042.924928 356.219928 144.774329 85.047669
1040.876725 355.952726 144.473718 85.081254
1038.418149 356.168619 145.423210 85.001394
1036.724895 356.240856 145.326631 85.311273
1035.215566 357.157037 145.367738 85.086997
1033.355386 357.189701 145.764093 85.707125
1031.823026 356.906592 145.437913 86.194043
1029.823051 357.362794 146.361859 86.068466
1028.653840 358.687852 145.018446 85.486015
1027.145589 358.253702 145.583509 86.396738
1025.161765 359.177506 145.800431 85.950443
1023.091316 359.465846 146.895852 86.362621
1021.602500 359.063064 147.152301 87.248725
1019.784098 358.983040 147.344944 87.767410
1018.387713 359.706678 147.341958 87.587701
1016.905432 359.395618 147.121680 87.903621
1015.032253 359.443184 147.845538 87.599835
1013.742191 359.850526 148.483101 87.685671
1012.443349 360.044537 148.187196 87.834011
1010.568631 360.732503 148.467737 87.649296
1008.799769 360.983100 148.484510 87.841066
1007.300629 360.721812 148.877638 88.357598
1005.606547 360.965565 148.587536 88.807467
1004.035899 361.372675 148.556263 88.638899
1001.743225 362.010120 149.351690 88.459432
1000.606579 361.940698 149.185522 88.817208
998.153994 361.563904 149.346002 89.194002
996.358930 362.024775 149.741714 88.012515
994.731073 361.725948 149.665144 88.171368
993.031721 362.047538 149.910735 88.051331
991.298489 361.779773 150.499908 88.117543
989.564975 361.508574 150.535698 88.132382
987.782033 361.879758 150.975215 87.912940
985.903697 361.268261 150.000334 88.209939
983.936879 360.752753 151.266093 89.090602
981.992827 360.597141 150.171579 88.653945
980.338375 359.773378 150.618410 89.612169
977.919810 359.597154 151.646192 89.363023
976.550853 359.439474 150.563141 89.164177
974.799577 358.805971 150.459447 89.816273
972.799542 357.821852 150.860579 90.751987
970.523876 357.800309 151.141916 90.652189
967.862476 357.872109 151.554937 90.534541
965.715296 358.200209 151.203231 90.154745
963.082846 358.629483 151.682854 88.904792
960.534848 358.211828 151.101727 89.748346
958.139912 357.728447 151.643006 90.336190
955.977394 357.596085 151.898714 90.449479
953.420514 357.057782 152.046947 90.118321
951.495345 357.036587 152.381261 90.525392
949.169866 356.905659 152.601185 89.913880
946.832048 356.770764 152.791180 89.971004
944.243890 355.960082 152.476888 91.065245
941.804098 355.478255 153.277321 91.346518
939.480897 355.905914 152.992863 90.741984
937.216723 355.646896 152.959081 90.867864
935.364891 355.609809 152.608806 90.704330
932.804126 355.016458 152.719662 91.370384
930.882059 355.164910 152.344296 91.356728
928.438878 354.996521 152.585270 91.733280
925.926079 355.164910 152.800312 91.669173
923.257759 355.276704 152.813719 92.186357
920.744817 355.033224 153.178355 92.356419
918.306956 355.043384 153.926728 92.624975
916.059194 355.420775 153.816607 92.277562
913.944038 354.911254 154.557569 93.262416
911.975608 355.570568 154.519076 93.112364
909.736898 355.413512 154.951553 93.331220
908.465945 355.470376 154.218024 93.274356
907.304260 354.318996 155.097389 94.672534
906.014346 354.344242 154.623436 95.206420
904.761184 354.107250 155.125375 96.039701
903.115800 354.386011 156.205954 96.062716
901.573139 355.126080 156.477507 94.696754
899.640954 355.082466 156.662775 94.983890
898.985063 355.313697 156.199801 95.786305
896.625096 355.719896 157.139613 95.484340
895.421471 356.299168 156.838281 95.173595
894.004342 356.019994 157.497321 95.478675
893.066523 356.006620 157.213376 95.518044
891.193766 356.241230 156.804638 94.959464
890.341506 355.365724 158.000402 96.783988
888.404413 355.922582 157.937538 96.745240
887.245056 356.162823 157.149285 96.744771
885.902739 356.293625 157.313038 96.752376
884.625347 356.100566 157.718961 97.431294
883.158918 356.627233 158.012870 97.482670
882.082568 357.032388 157.824779 97.286075
881.120442 357.209492 158.303864 97.679043
880.719325 357.138497 158.174020 97.830880
879.654541 357.969413 158.381871 97.388742
878.578125 357.733931 158.778460 98.417789
877.417361 358.247845 158.923907 98.303123
876.187198 358.048823 158.621496 98.540506
875.220446 358.231159 159.041481 99.196760
875.055375 358.635485 159.490182 99.445684
874.713654 358.868439 160.158723 99.974691
874.326642 359.678745 159.875019 99.224741
873.713651 360.643075 159.399016 99.542720
873.630252 360.505071 160.009728 99.883441
873.018235 361.337867 159.913754 99.530098
872.977015 360.857606 160.539841 100.788318
872.593348 361.404209 160.131736 100.400709
872.364041 360.851021 160.745753 101.443384
871.903267 362.008533 160.942801 100.963906
871.864756 361.656587 161.264584 101.432793
871.439066 362.274465 161.078700 101.352433
871.442696 362.336210 161.285927 102.041278
871.404466 361.628139 160.711091 102.905638
871.137725 362.673452 161.511499 102.442143
870.631672 361.965026 161.953182 102.878154
870.713695 363.341490 161.791143 101.854579
870.828598 361.846217 161.654557 103.802575
870.216328 362.512463 162.603478 103.634143
869.753522 362.297636 162.651720 103.180253
869.719351 362.727142 162.698026 103.783270
869.257129 362.748524 163.132455 104.360600
868.682519 363.213934 163.582284 103.866925
869.152665 362.906131 163.056343 104.870479
868.714579 364.594986 163.590609 103.369466
868.761001 363.764552 163.114216 104.707779
868.343799 364.021564 163.685723 105.358499
868.039103 363.045093 163.848243 106.406697
868.050238 364.230866 164.930644 105.250837
867.606108 363.383171 165.294114 106.738226
867.839739 365.275606 164.960905 105.659902
867.526599 364.585325 165.149080 106.912138
867.363760 365.828497 164.818031 106.167232
866.793545 364.847536 165.815357 107.470602
866.328035 367.868825 165.022301 104.864116
865.941580 365.844537 166.893782 107.933909
866.173542 367.769264 165.971368 106.033394
865.646424 366.443375 167.521937 108.191455
865.880896 367.722206 166.293011 106.920598
865.820400 366.516016 167.830740 108.557306
865.496599 367.660815 167.090534 107.117665
865.435489 367.596873 167.889803 107.789006
865.316499 367.801721 167.309391 107.962501
865.532671 367.265850 166.782483 109.108073
864.906319 367.734919 166.804877 109.177305
864.229126 368.337359 167.903890 108.636155
863.929804 367.592377 167.544177 109.919305
863.516726 368.007762 167.144001 109.949649
863.248752 368.808164 168.016429 109.426071
862.705363 368.736064 168.068707 110.159569
862.295234 369.883886 167.098689 109.957945
861.763714 368.455320 168.558991 111.410291
861.748873 370.161537 166.913679 110.987776
860.784351 370.100089 169.074000 110.595268
860.992863 371.358154 167.812041 109.936734
860.622097 370.725605 168.774413 111.079588
860.178458 371.961912 168.275468 110.182265
859.563024 371.595929 168.910790 110.727619
859.341704 371.049103 170.302293 111.845587
859.168088 371.206409 168.392898 112.144129
858.608768 371.443065 169.352838 112.672060
858.228945 372.393301 168.935589 112.239967
857.388149 372.680720 169.816795 112.493905
857.578705 373.353953 168.435504 112.093376
856.853892 373.798061 170.267593 111.447247
856.736983 374.178042 168.970454 112.067688
856.366385 374.198780 170.290777 112.459887
856.003466 374.419876 169.238297 112.813805
855.332455 374.139715 170.173410 113.921202
855.471932 375.918378 168.790978 111.396636
854.359271 375.936807 169.779584 112.877887
853.928350 375.665266 169.880568 113.426547
853.770812 374.380045 170.736782 115.125796
853.523623 375.604553 169.338110 114.048316
853.031012 375.969647 170.543585 114.474830
852.409877 376.043759 170.882131 115.134005
852.192462 376.879433 169.669288 114.519307
851.956997 377.369945 170.500201 114.603674
851.409818 377.761006 170.418755 115.018811
850.925173 377.485407 171.132968 116.441404
850.658433 379.251766 169.686064 114.422030
850.224868 378.424319 172.473880 115.440039
850.192994 379.210177 169.760280 116.101199
849.358132 378.397045 172.585599 116.333832
849.292371 381.684474 170.305556 114.210483
848.894856 379.787936 175.036423 116.934220
849.165545 381.446473 170.918080 115.786507
848.708434 380.616015 172.118690 116.970020
847.264065 381.629531 172.448123 116.068585
848.025088 380.160618 173.718805 117.963575
847.814849 384.281944 171.193604 114.316627
847.676867 380.614059 175.630157 119.905760
846.035112 383.397438 172.585281 117.196382
846.247329 383.915351 174.273951 117.134243
845.005107 384.633255 174.106451 116.775939
845.700722 384.486055 174.341695 117.058716
845.295514 384.942004 174.085979 116.543237
845.173841 385.428669 173.674199 116.441949
844.908258 385.450960 172.590160 117.145043
844.412000 385.614027 173.376337 117.838478
843.945096 385.885518 173.787370 118.440500
842.996373 386.462837 173.974054 118.737783
842.516239 386.787659 173.984232 119.081143
842.205773 387.335239 174.415293 118.871040
841.951741 388.361685 174.550806 118.175600
841.854477 388.016258 174.355270 119.448766
841.895595 389.030702 174.373881 119.374973
841.641751 389.882818 174.627725 119.190323
841.557056 390.907528 173.767739 118.831876
841.250028 390.716004 174.786475 120.613521
840.781153 392.439471 174.366205 120.592330
840.429558 392.629034 175.375466 121.048982
840.313512 394.509163 175.127087 120.517720
839.449327 394.451315 175.818025 121.971789
838.624797 395.974899 175.755610 121.335243
837.844446 395.980007 177.204694 122.332599
838.024162 396.979255 176.415546 122.510923
837.414219 397.309444 176.737603 123.130537
836.945319 396.679257 179.203462 124.103430
836.842535 399.387559 177.211805 122.814835
836.123792 398.542212 178.818301 124.475118
836.537569 400.080117 177.955562 123.467688
836.000028 400.234143 178.752383 124.628914
835.318943 402.753851 178.092592 122.655560
835.081043 402.323459 178.509856 123.656966
835.398170 403.059921 179.016743 123.935565
834.792862 405.500378 178.212579 122.236296
834.735100 404.536159 179.714179 124.114519
834.845437 405.177588 179.173218 124.974085
834.547107 406.040798 178.996807 124.714733
833.845430 406.564685 179.173218 124.448361
833.493713 406.401814 179.973146 126.486664
832.780288 406.734204 179.620910 127.261626
832.189317 407.802456 180.231851 126.112669
831.780283 408.946486 180.714784 126.350252
831.572690 409.410194 180.569214 126.997382
830.924753 411.145234 181.142649 126.118963
831.452807 411.650161 181.697476 126.029244
830.836298 411.787615 180.864737 127.287722
830.188285 412.525145 181.402798 126.990928
829.983852 413.788744 181.098460 126.472204
829.749081 414.274662 180.916915 128.957628
828.866437 415.095946 182.528401 128.641135
827.150239 416.272203 182.626241 127.867327
827.928312 416.985257 183.621793 128.521058
827.452655 418.209672 183.306598 128.881766
827.456929 418.708627 183.028599 128.068950
827.305303 420.317145 182.023696 128.317578
826.774644 421.893198 182.400526 126.632685
826.362606 422.160766 183.359383 127.453674
825.858947 423.083262 183.085752 127.616198
825.417757 423.873702 183.624500 127.743860
825.121233 424.342225 182.853011 129.040200
824.988642 425.319331 183.518067 127.772621
824.568598 425.921383 183.643683 128.464245
824.542075 427.160537 183.093256 128.743643
824.456896 427.151529 183.652809 128.462213
824.004356 428.629724 183.754868 128.545106
823.631508 429.139493 184.377247 128.951950
823.427179 429.936734 184.123240 129.031278
823.247814 430.513183 184.302605 129.955651
822.683214 428.575446 185.286440 132.851955
821.502710 432.632354 185.878822 128.864066
819.502193 428.646108 188.479586 134.302322
816.716528 432.948062 188.587750 131.540894
813.500075 433.661356 189.065904 131.768435
809.252804 433.390064 190.474890 133.814547
805.248524 438.216606 190.731775 130.480126
799.884908 438.097723 194.120675 132.286115
794.222841 442.889035 192.230890 128.512623
787.327112 443.490281 193.166512 129.533763
781.368798 445.160280 194.059166 128.857607
775.077124 449.670995 192.514999 126.430101
768.677546 451.633814 191.164356 125.510355
761.246441 454.367821 193.084622 124.740129
754.936452 454.993787 193.320350 125.471034
748.565120 455.728904 194.195303 126.015168
741.430885 458.220860 192.013198 125.622372
735.177650 458.854351 194.289126 125.849014
729.016193 460.995775 190.955028 124.708886
722.726440 461.929012 191.929598 126.179833
716.323427 460.880964 192.324481 128.545179
711.240441 460.132200 194.221494 131.394418
706.536090 461.139913 196.761586 131.239966
701.861524 463.545630 194.858051 130.241484
699.500214 464.387473 193.256497 130.725241
696.043313 463.943175 192.667237 131.698539
691.535513 463.341239 192.693975 132.650597
688.952403 462.400757 193.402144 132.962113
689.515790 463.540449 193.297459 130.529641
688.791439 462.650513 196.581882 130.210573
688.131218 461.919721 196.596964 129.423346
687.972484 459.129204 197.445281 131.490883
687.718072 452.755156 202.419086 136.530106
687.977366 453.928987 197.500817 135.151437
686.994657 451.589772 201.721601 136.186055
686.689018 451.999515 199.482086 133.880783
685.957110 449.600015 199.942507 135.624860
685.288447 445.482687 199.502649 138.558125
684.859543 446.088881 200.470662 136.367444
683.248563 446.276022 199.192262 135.999480
683.289160 443.417383 198.769949 138.207634
682.966614 444.222200 197.283537 136.141922
682.100386 443.448216 194.793726 135.526946
681.128565 444.415622 195.531528 133.958970
681.177694 444.840618 194.835397 131.766406
680.388064 441.776171 196.354758 133.885037
680.928622 441.786503 198.173783 132.755532
680.535822 440.516017 197.530708 132.968879
679.847073 440.998062 199.291399 131.242726
679.574974 438.819434 200.914670 132.661043
678.740917 437.656576 200.598995 133.088817
680.619750 439.457658 194.211773 130.292622
680.235447 438.487434 195.175063 129.183237
679.953213 436.974691 193.477237 130.167741
676.940763 439.319470 193.555140 126.303918
678.883417 437.720208 191.032326 126.137680
678.046110 436.869430 193.285026 125.841214
677.560088 433.221346 194.355233 129.420217
677.771868 430.767529 197.567694 130.619301
676.772437 428.905518 193.138601 131.824457
677.313016 428.077603 197.785069 131.946663
677.373427 425.672894 193.438950 133.370805
677.868809 420.811599 197.180750 137.023613
675.227561 419.399857 202.019547 137.614429
677.306394 420.580620 197.848837 134.601124
675.282330 419.560118 195.301396 134.714908
675.310756 418.973103 197.368990 134.216910
675.047481 417.183155 194.947658 134.499607
675.619961 416.351439 198.630754 134.404033
675.476787 418.252049 199.588346 131.640143
674.980628 416.814109 199.727377 131.701772
674.848931 417.351768 199.878403 130.406379
675.245466 408.904463 204.361108 137.458585
674.743762 410.486608 201.540643 135.428054
675.021750 405.109366 205.057883 138.984649
675.532826 407.251102 197.651975 135.574731
674.827346 400.529249 204.220467 140.351331
676.168286 397.828646 199.819416 142.291302
675.947561 393.169847 200.607704 145.731434
674.933338 395.410294 201.933537 142.870008
675.168261 393.744997 202.961393 142.627196
675.423609 394.613728 198.345128 141.642311
674.692066 391.372605 198.169460 142.082629
673.594794 391.843655 199.883387 141.943460
674.531599 391.249553 195.621538 140.005056
674.061830 391.736252 194.961529 138.899067
674.307963 388.992721 193.427720 140.532021
673.383176 389.310850 195.953571 139.971709
673.753192 387.344387 192.741732 138.796665
672.208893 387.423792 197.964593 140.243386
672.760789 383.967211 195.075085 141.173415
671.768454 383.980734 199.573297 140.879562
672.854325 380.932092 199.717962 141.438349
672.203762 380.402216 199.483859 140.459054
672.241528 378.727916 200.682359 141.415547
672.615681 375.820270 200.768219 142.291054
672.165141 371.437154 201.547117 146.201059
671.649489 370.299480 205.055087 143.720499
671.943086 366.840477 206.665045 146.671562
671.986566 365.112340 206.326555 147.186238
671.621553 364.580250 207.548364 146.812343
672.256462 361.714096 207.865315 146.344267
673.396073 361.354997 207.334437 144.311890
672.798129 357.225747 208.692652 147.666615
673.510258 356.863110 209.667418 146.040946
673.750264 356.499085 210.935182 146.001626
673.845093 355.689400 211.269337 146.455832
674.811020 356.195965 212.116288 144.828195
674.922095 354.258425 211.903787 145.137274
674.097375 350.524746 213.596636 146.164204
672.467921 354.460372 212.526635 147.727059
673.446052 353.216971 211.482005 146.448458
672.831139 352.576403 211.000035 146.933468
672.550545 350.379143 210.566048 148.771152
673.655199 348.755288 208.260447 149.120336
671.957608 345.839813 210.435510 150.454067
671.389072 347.862169 210.036022 147.883501
670.453644 344.315264 211.715228 147.204568
670.769333 344.160014 210.640890 148.253418
671.689279 342.167915 211.602507 146.780742
671.594861 339.965994 210.030365 147.738966
670.934089 337.569505 211.468799 148.869529
670.314160 335.619509 213.925905 149.007383
670.803963 335.335171 211.915105 147.747917
670.858228 332.892888 212.133482 148.586208
670.459919 330.931247 211.819620 149.023204
670.183096 329.346346 211.958584 149.717855
670.096494 327.970435 211.761920 149.554540
670.051784 326.575445 212.171494 148.980021
670.389097 325.594643 212.477040 148.911929
670.019574 323.908742 212.769050 148.467816
670.329877 322.325869 212.893383 149.046534
670.164800 320.887211 213.706108 148.630433
669.436438 322.425986 214.144131 147.471747
669.189088 322.197023 214.034172 147.607195
669.060902 322.751586 215.422592 148.448743
669.156433 322.459215 215.744480 150.074606
668.458632 323.913556 217.182953 147.857333
669.069937 324.237217 216.422435 147.767872
667.969195 323.376845 216.581954 149.586134
667.115875 322.966834 218.179214 151.756301
669.331383 325.981432 216.198985 148.287141
669.088588 326.838253 216.166878 147.975680
668.317104 326.294448 217.617187 149.953232
667.653627 328.430417 218.581656 149.161060
667.653627 329.095630 218.433053 149.264292
667.441501 329.910228 218.793781 148.785894
667.441501 330.510870 218.645178 149.329789
666.909984 330.716904 218.732289 149.878759
667.005033 332.140102 217.694567 149.323230
667.056444 331.844867 218.030367 151.892783
667.227711 332.731448 218.302658 151.275054
666.601441 334.079537 218.244364 151.485120
667.227711 335.600842 217.560141 150.336145
666.335325 336.350260 218.454837 150.844780
666.557268 336.166664 218.027800 153.284084
666.923233 339.002602 217.509071 150.586470
667.168674 338.536640 217.715000 151.661714
666.174907 338.999887 217.645213 151.308174
666.310478 339.101055 218.969930 153.250965
665.886164 341.388414 218.099685 151.507224
665.591426 341.230539 218.938939 153.036327
664.786241 341.315133 219.887575 153.198683
665.132278 342.874634 218.204464 152.624894
665.569345 343.277153 219.007115 153.791211
664.597224 343.278314 219.329812 154.123138
664.270855 344.939211 218.858488 153.558534
664.949133 346.141533 217.479810 153.742493
664.392995 347.930495 218.335908 151.548187
663.525635 347.979251 218.232111 152.123228
663.416836 348.208455 218.959045 154.254707
664.197292 350.273909 217.581852 153.125016
663.189168 352.360403 217.566640 151.919109
661.871631 352.162524 219.855996 153.696019
663.605631 354.589971 215.677544 153.612035
663.507748 354.910146 217.971771 154.739298
662.678745 357.374216 217.000281 152.618033
662.507585 356.825924 218.113626 154.130885
662.125910 358.974249 218.349370 153.611434
662.069284 360.659168 218.184542 152.632551
662.066316 361.025742 219.064584 155.144496
661.389011 362.316021 220.206169 154.291495
661.089080 362.044356 221.257699 157.577234
661.985647 364.496463 220.543260 155.549564
660.995961 365.569579 221.540185 157.069519
660.262366 368.342522 221.322401 154.803779
661.429179 369.585461 221.790244 156.566992
661.769432 370.757746 220.217827 156.490175
661.169858 371.370015 220.626561 157.061862
660.954296 371.216749 221.538720 158.425803
661.479575 373.181069 219.846470 157.081632
659.597231 372.993278 221.588890 158.640966
658.928729 374.408073 223.866268 157.652354
658.988895 373.987286 223.330400 158.878783
658.646780 374.215508 223.209472 159.568370
657.695671 376.774859 222.612590 157.410072
657.423740 378.523073 223.505869 156.841022
657.624874 379.608400 224.170123 156.959007
657.635515 380.407949 222.821208 157.156028
656.662345 382.464773 223.507060 156.092090
656.462693 382.355225 223.819651 157.596955
656.178233 384.918429 222.953667 155.947639
657.770400 385.900568 221.815306 156.648685
658.308286 386.989892 221.176578 157.563094
658.231214 388.301715 220.698784 158.266605
658.017163 388.664269 221.912310 158.896143
656.366708 391.348557 220.121843 159.426030
655.674769 393.440228 221.523970 157.015683
654.909793 394.387478 222.428768 156.959991
655.070544 396.065476 222.128195 158.671933
655.729080 398.773652 222.445492 156.093878
655.110287 398.904243 221.152962 159.721773
654.282117 399.939603 223.288515 158.222096
654.141055 400.427092 222.635803 161.034307
653.354350 403.401143 223.031579 159.543279
653.607633 407.730706 223.767377 157.000305
655.696774 408.064042 221.678273 157.298487
654.918900 408.094987 223.037647 160.718812
654.860827 410.398818 224.813946 158.187236
655.933174 411.571473 222.308017 159.557615
655.680706 413.290287 221.818957 160.382776
655.794953 414.824244 222.862774 158.857700
654.224610 417.403281 222.149822 159.801972
654.799872 418.427091 223.157070 158.244626
655.759988 419.029969 222.756732 161.353273
656.078191 422.316200 222.302105 158.195860
655.776917 420.530846 222.388934 163.529083
655.281970 424.515099 222.921101 159.124125
656.979708 424.295645 223.875294 160.600499
655.707866 427.316197 223.756678 160.504684
656.324952 427.274028 223.613089 159.211088
654.466849 427.873490 223.733303 162.442534
655.292775 431.601231 223.617523 157.194396
656.296970 432.064044 223.797153 158.312804
656.245480 433.890893 222.554668 157.902311
656.292819 433.282698 223.234532 158.576177
656.463230 435.633878 221.886535 157.240189
656.260328 435.056424 222.517749 158.393566
655.939225 436.579484 220.792094 158.104916
655.170260 436.312845 222.573406 158.234127
655.513147 437.665199 223.580960 157.303859
656.188744 437.719170 223.291422 158.657675
656.680693 437.906195 222.270017 158.866596
656.320640 438.596598 222.339653 158.571818
657.192400 439.113253 222.629419 159.161382
656.674103 441.204288 222.330873 157.771266
656.722193 441.147119 222.854074 158.308791
656.863718 441.856811 223.006167 158.514099
657.217894 443.376266 222.389112 157.700877
657.401215 444.782691 222.215999 157.077912
657.151943 445.010242 223.385399 157.740508
656.993927 446.322076 223.118260 156.939964
657.401215 446.838488 222.065148 157.215519
656.462693 446.577586 222.412353 159.084728
656.759992 446.208166 223.367806 159.564628
655.896071 447.308242 223.272885 158.572059
655.836472 446.330065 223.700246 159.938950
656.614112 446.404609 224.412643 159.684271
657.316219 448.541198 222.611344 157.143597
657.722199 447.538883 223.462744 158.515123
657.817243 448.166936 223.232375 158.001792
657.565115 448.943403 223.495665 157.922673
658.109243 448.422819 224.018536 157.842943
658.245481 449.204290 224.223490 157.064725
658.128578 449.547953 224.693226 156.419886
658.019222 449.286674 224.193328 156.880790
658.102897 448.417048 224.530394 157.947923
658.380959 449.516242 224.124393 156.955943
658.128578 449.459862 224.540523 157.004148
658.019222 448.732088 225.415475 158.037259
658.416031 450.088126 224.841100 156.590545
658.346952 449.683387 224.322149 157.781794
658.162352 450.429939 225.260632 157.342402
657.857297 451.431357 226.213322 156.047453
657.713650 451.170743 226.523027 156.508306
657.857297 451.657752 226.213322 156.225699
657.637360 451.602461 226.433259 156.670451
658.186759 451.047589 226.191981 157.927980
659.233284 450.928609 225.317846 158.554039
658.672063 451.623808 225.772556 156.960786
658.834016 450.786352 228.076659 158.589644
658.897605 451.098801 226.505376 157.405190
659.221824 450.229460 227.229317 158.652968
659.524034 451.215586 225.893499 157.381453
659.539462 450.262234 226.487269 158.913236
659.721560 450.032223 225.969603 158.858523
659.376943 450.071680 227.284133 158.416691
660.953727 448.018505 227.093485 160.979231
660.622220 450.078836 227.177211 158.227973
660.508077 450.556401 225.959204 158.034297
661.452190 448.833187 226.336322 160.454604
660.453402 450.011488 226.644674 158.286956
661.587326 449.547841 226.383479 158.840137
661.721556 449.460299 226.277897 159.128623
662.270366 449.604358 226.193208 158.889371
662.171024 449.285057 226.982901 159.303866
662.208462 449.604358 226.776331 158.989814
662.171024 449.604358 227.137626 159.292250
662.649328 448.945170 227.109883 160.051057
661.805425 449.661661 227.702407 158.837031
662.429013 448.606247 227.174861 160.295050
662.711368 448.267428 227.835365 160.541188
663.286530 447.261456 228.376951 161.550983
663.592615 448.223020 226.406878 159.891910
663.098066 447.235942 228.598165 161.365415
663.792618 448.487146 226.327958 160.135367
663.672342 446.611989 228.830108 161.989367
664.945531 443.246161 226.619222 165.480968
664.189445 446.167749 224.497762 163.164128
663.798851 445.524813 227.507153 162.078821
663.444880 444.066412 227.117373 165.128556
664.652058 448.496304 226.512891 158.632192
664.184229 447.051332 225.244377 160.739165
663.816004 448.351613 225.888660 158.946430
665.134739 449.158804 226.927485 158.430119
665.501593 447.800377 225.728877 160.190671
665.624832 447.637647 225.405426 160.562915
665.624832 445.860477 226.953469 162.849982
665.349397 449.233363 225.549689 159.624703
665.587322 447.696545 226.383479 160.591250
666.223658 445.827003 226.872523 162.989961
665.905091 449.320023 224.637364 159.850838
665.794716 450.500044 224.382138 158.084806
665.843700 450.824254 224.919737 158.149088
665.978289 449.823743 224.515022 159.151827
665.879304 450.792373 223.652351 158.187236
665.699939 450.644916 225.690983 158.323810
665.354979 449.878368 226.350072 159.403544
665.281271 450.119722 226.563895 158.771024
665.391484 450.469165 226.917172 158.421581
665.171031 451.078295 226.828440 157.912765
664.582840 450.897329 227.894928 158.490649
664.655801 451.089130 227.328987 157.911994
665.391484 450.021720 227.382712 159.165995
666.003348 450.787856 226.012085 157.808340
665.451648 451.189769 225.992962 158.092142
665.134705 450.754214 226.109473 158.427565
665.024489 450.197329 225.913557 159.190648
664.707858 450.722690 226.336534 158.465026
664.818034 450.372703 226.534252 158.615432
663.562882 448.534820 226.740205 160.456240
664.138032 450.973212 224.869412 158.039026
665.171261 451.134520 224.592154 157.741386
664.724360 450.819157 225.852332 158.449859
664.465002 451.363589 224.560296 157.718267
664.162338 450.691317 224.800748 158.581587
662.353420 450.054045 225.576043 158.828383
662.602438 449.800954 223.746432 158.286877
662.494640 450.080076 223.906124 158.793996
663.361124 451.084186 223.296602 157.989887
663.646709 450.987291 223.527885 158.079716
664.217895 451.773138 222.540152 157.395590
663.858515 453.181063 222.006570 156.677806
663.364937 452.439260 223.069072 157.703020
663.211831 453.150096 222.598851 156.911415
663.043448 452.923843 223.341581 157.028096
663.075772 453.666302 222.843925 156.591857
663.476898 452.886816 222.604171 157.668488
662.320141 453.235623 222.953850 157.022536
662.575358 451.927631 222.810923 158.133106
662.130112 453.493721 223.114653 156.367948
663.770673 454.127897 222.224957 155.625968
664.307869 453.303191 221.983444 158.238168
664.292822 453.543340 223.082229 158.114654
662.872256 451.759526 224.236000 160.106543
664.625873 453.713866 222.312159 157.472988
663.961472 452.707738 224.376190 158.642308
663.843681 453.914311 225.535039 157.361336
663.417087 452.030510 226.346328 158.564493
664.038202 451.722689 224.935853 159.067805
662.055758 451.928613 224.750869 158.053429
662.152671 452.394997 224.112962 157.780469
662.141031 451.732088 224.049718 158.637371
661.695682 452.394997 224.679320 158.384134
661.848229 451.570433 224.745771 159.308707
661.402453 452.883456 225.375714 158.307030
663.078182 452.317084 224.906441 159.771795
664.433755 452.984529 224.734210 158.907039
663.120532 451.866704 226.937316 159.412993
662.085166 451.386402 225.404130 159.911649
663.471661 453.511556 224.836978 158.902009
664.425289 450.750787 226.181797 160.439031
663.545014 444.638143 226.824380 163.790742
664.497987 437.665747 225.298511 163.458869
665.183136 429.656636 224.494264 161.972113
664.318748 416.354674 225.744396 161.056716
665.539662 401.651137 221.748539 160.490131
663.883776 389.646221 220.421429 156.504371
665.684080 375.901366 214.991334 156.272913
664.863492 361.555189 215.423088 156.332168
664.659792 346.806416 216.533888 156.218357
664.663286 333.274121 216.821271 155.820331
665.150090 320.708487 215.892764 155.324914
664.923240 309.318940 215.602536 155.830620
665.188932 298.318940 215.358759 157.455799
664.938817 289.869294 216.104036 156.942147
665.571822 282.559305 215.912125 156.781442
664.312181 277.756286 219.608430 155.963251
664.108040 273.281306 220.745107 156.201892
664.277182 271.952479 221.366942 157.980620
664.448160 271.982591 221.481316 157.649047
664.123141 271.109372 222.008290 157.737385
663.396600 272.416854 223.788357 157.116081
664.729102 272.027749 222.751069 159.278266
664.245483 271.710679 224.991182 160.175865
665.035817 272.086360 224.348015 159.261110
664.441272 272.139861 224.698067 158.530358
664.306675 270.639892 226.184598 160.627811
665.211610 272.486426 225.574603 158.613754
664.010032 272.246414 227.510148 158.515769
663.749401 271.387509 228.673028 159.276642
663.936100 273.467246 227.217555 158.217069
663.950356 271.833627 228.135379 159.705843
664.047055 274.185864 226.799531 157.982307
663.582830 272.011629 228.361355 160.118754
665.058405 275.078048 225.895061 156.285557
663.942669 271.378776 228.067466 160.115086
664.379523 271.990854 226.927957 160.077223
664.451374 271.002490 227.180250 160.882689
664.821862 270.654947 227.413695 161.713990
664.662461 271.468179 227.274446 160.486547
664.932262 270.923279 227.458759 161.244892
664.642116 270.386062 228.111868 161.382632
664.773420 271.557497 227.317694 160.100929
664.027945 270.199743 228.250501 161.484572
664.903210 271.134712 227.609241 160.473567
664.511252 270.923279 227.905804 160.945034
664.862000 269.756429 226.583275 162.813962
664.662461 270.571616 228.047871 161.383110
664.329132 270.481611 228.692161 161.671512
664.147426 271.057119 227.311036 160.628392
664.157984 268.940861 228.544705 163.246827
665.320779 269.177992 227.466398 163.392329
664.612543 271.234710 227.490525 160.652365
664.289083 268.123012 229.531278 164.145463
664.743252 271.072932 226.387729 161.022221
664.379523 266.477634 229.579296 165.912553
665.505662 269.922630 226.500447 162.140192
664.642116 267.573923 230.615555 164.194771
665.004683 270.726795 226.652247 160.930648
664.693898 266.845534 229.773280 165.039645
665.341265 271.161370 227.074340 160.524878
664.714000 269.931036 228.211259 161.353657
665.681905 271.121524 225.978846 160.107008
665.208457 269.557697 227.240287 161.561245
664.530795 269.841327 228.843466 161.543008
665.258245 270.069063 226.815438 161.843968
664.733077 267.482193 229.087283 164.886745
664.743252 270.274426 226.084339 161.411821
665.567195 269.391884 227.269956 162.292430
665.016278 268.631244 227.875199 163.621104
664.989449 270.433531 226.942140 161.757219
664.622218 268.305550 229.670110 163.862621
665.611269 270.984468 224.371558 160.803738
665.598860 269.673785 227.742317 162.168340
665.592616 269.979830 226.102034 162.341943
665.065365 267.573923 229.069393 164.996467
665.545146 270.274426 226.532861 161.208440
665.821857 269.121465 228.821484 162.663176
665.966286 272.030760 226.104357 159.253644
665.397367 268.859307 229.786036 162.586812
665.449744 271.155203 227.361662 160.510583
665.268801 270.199743 228.277943 161.685436
665.925736 272.015844 225.161992 159.897187
664.729362 269.131375 228.512474 163.009573
665.212071 271.677598 225.501012 161.125020
663.786676 269.861704 228.932182 162.656293
664.412320 269.720292 227.643388 163.052929
664.502355 268.090032 227.681177 164.507939
664.566943 271.065968 226.855345 161.605696
664.530159 269.214252 228.781566 163.154686
665.545403 271.600258 224.865350 161.580732
664.008541 269.861704 229.179777 163.451924
664.566943 274.693608 224.583347 158.662076
662.879111 273.265888 229.491148 160.385859
663.124866 271.662267 228.921500 161.557674
663.147426 271.842074 229.794318 161.677033
664.212075 271.072868 227.643117 161.978323
663.682526 271.834534 229.611356 161.200981
663.253749 272.021617 228.974378 160.999816
663.013073 272.111255 229.811270 160.910178
663.389421 270.850036 229.886029 162.869276
663.698627 270.174710 228.137411 163.661595
663.543435 269.449534 229.399900 164.109962
663.717491 271.616552 227.380024 162.321582
664.437783 269.209998 229.310822 164.911787
664.407763 272.597167 225.215450 160.762450
664.075291 273.267681 227.347119 159.746314
663.675638 271.042935 227.033149 162.557004
664.345018 273.522838 225.622003 159.014825
664.696948 274.302873 227.052243 158.725089
664.081812 272.748792 226.335740 160.751519
664.333693 273.105026 227.229152 160.594750
663.602787 270.135820 228.632771 164.551636
664.367260 270.809330 227.468779 163.203318
664.280301 273.093519 227.748217 160.726185
664.843910 272.459203 226.648054 161.686293
664.733077 272.281067 228.149647 161.762691
664.348100 272.648028 229.789034 161.473757
664.742880 274.451371 227.544713 160.034588
664.693898 271.775500 228.360970 163.297206
666.099595 272.393534 227.375955 163.099644
665.258830 271.851146 229.056468 162.935209
665.431756 273.381948 227.960561 161.404408
665.217867 271.667061 230.530737 163.140234
665.829462 272.435541 227.268059 162.158877
665.551382 270.578153 230.514340 163.745902
666.545151 270.900006 228.070329 163.694412
666.989442 270.536718 226.788972 163.810284
666.481425 270.487375 230.090543 163.634410
667.276667 270.899860 226.212020 163.315439
666.995152 269.213434 229.279593 165.034014
666.650225 271.179359 225.314162 163.009825
666.507413 269.214858 229.735266 164.345535
666.425807 272.420864 226.137906 161.352194
667.018334 270.409760 230.120682 164.479483
667.229131 269.161843 227.186463 165.230348
666.120894 267.989108 230.412080 166.082959
665.842437 273.239611 225.934222 160.870016
667.321041 272.759673 229.728587 161.827127
666.423394 272.393534 229.586499 161.397290
666.612547 269.204568 230.766334 165.400503
666.938593 273.680864 225.199021 160.326256
667.051070 272.837943 230.362340 161.565373
666.535760 272.125323 230.251401 162.445795
666.561733 271.441651 228.783987 163.488376
666.208142 270.355745 230.519445 164.677050
666.359098 270.349541 228.464295 165.438330
666.183762 269.804938 229.252322 165.708087
666.453261 269.706496 228.962072 166.081375
665.892353 270.441118 228.903522 165.244406
665.650221 270.353609 230.055397 165.056671
666.368150 268.689536 228.536632 166.791723
665.359118 270.196925 229.390483 164.739056
665.519681 269.713243 229.539930 165.697037
665.246665 269.924883 228.884525 165.219395
665.210065 268.608088 228.871231 166.392869
664.583855 268.288540 229.165738 166.065977
663.908841 269.291779 229.685840 165.375008
663.667501 268.836734 229.747844 166.354053
663.742994 270.919506 229.140159 162.985269
663.449740 271.347461 231.083230 163.411183
663.554974 274.939459 225.304490 160.236741
662.950371 274.032899 231.061489 161.573430
663.337632 273.942433 230.252327 161.003511
662.621482 274.196189 229.897890 160.872965
662.589396 272.759157 229.882207 162.510370
662.225402 273.215184 229.740555 162.437145
662.208158 273.486054 229.111989 162.366918
661.070850 272.849451 230.225917 162.621088
662.255991 273.124770 228.667691 162.929483
661.407170 274.017437 228.340564 162.060287
660.701145 273.209958 228.681584 162.059569
660.500988 273.560805 229.461285 161.932373
660.295134 274.552920 227.078356 160.817034
659.825063 272.865733 229.975858 162.894012
660.363362 274.474272 226.634728 161.278246
659.268861 275.190561 226.966439 159.867538
658.786673 274.908646 228.309505 159.763314
658.714008 275.456038 227.439649 159.801703
659.025943 274.924504 227.407296 160.533511
658.045900 276.073366 226.733376 158.094572
659.134745 276.324262 225.836062 158.992838
658.045394 275.727134 228.080618 158.795578
658.008537 277.272921 224.879350 156.802868
657.581331 274.605020 227.401761 159.073513
657.323339 276.985799 225.523766 157.100348
657.186737 275.244533 225.576679 159.411484
656.928138 276.412006 226.424155 158.408215
657.258035 276.080968 226.094258 157.762501
656.672054 276.300974 226.078708 157.931670
656.341366 276.562860 226.409397 157.867746
656.024478 277.024387 227.143480 157.499693
655.803784 276.697683 226.901257 156.761198
655.010032 276.213531 227.201694 158.118042
655.281266 275.815704 226.409906 158.027765
654.582819 275.159515 227.585129 159.073129
655.208472 276.117256 227.395413 158.369098
654.749382 275.904195 228.362021 157.363414
654.527407 275.355022 228.739395 158.386651
654.564569 276.140245 227.758533 157.345430
654.397377 275.796541 228.688364 157.945133
654.323343 276.291485 226.129894 157.595558
654.209593 274.363078 228.373674 159.475628
654.600855 275.701819 226.399190 157.491010
653.899445 274.610840 228.551705 158.738884
653.805406 275.505560 225.575284 157.591692
652.658436 274.434314 227.832831 158.915410
653.318763 275.855465 227.440460 157.339920
652.491373 274.540496 229.101651 158.518113
652.491551 275.965069 226.439523 157.130496
652.758987 275.051165 226.113359 158.102481
653.123768 274.257500 224.814279 158.408900
652.868655 274.238721 226.003691 159.115118
652.597641 275.978989 226.600525 157.035006
652.782135 275.139064 226.892638 157.527337
652.582825 274.610840 226.508167 157.765121
652.684895 273.369707 227.884451 159.393819
652.583071 276.265781 223.750795 156.541494
652.532029 273.593459 226.306667 159.783581
652.869367 276.439013 224.128975 156.862462
652.557425 274.852618 225.382838 157.660404
651.857294 274.678450 226.213322 157.888241
651.782144 274.699051 225.968636 157.676910
651.672072 275.204032 225.772556 157.167577
651.527258 275.814373 225.929882 156.072212
651.724368 275.266312 226.160519 156.811223
651.527258 274.853904 225.472163 157.323195
651.952966 274.393429 225.425775 158.669943
651.794708 274.610840 224.838193 158.347460
651.429543 275.465989 225.521418 156.905619
651.285329 275.526978 225.524968 156.648355
651.043043 275.526978 225.732332 157.437087
651.076975 274.522629 225.993646 158.338180
651.134697 274.699051 223.836061 158.161758
651.027508 275.092239 224.135980 158.470317
651.171263 274.853904 223.828140 159.297705
651.280318 274.345946 224.176804 159.397912
650.978306 274.169003 224.211149 159.673754
651.316219 274.522629 223.670897 159.917273
650.879303 274.875265 223.652351 159.464696
650.416042 274.434314 225.148265 160.205940
650.185373 274.911988 223.415984 159.024308
651.227694 274.853904 222.125475 159.801680
649.590643 274.605020 225.492048 159.951302
650.379923 275.000725 223.329911 159.523355
650.607045 275.752370 224.156376 159.088965
649.539482 277.604920 223.743637 157.724861
649.565136 275.244533 225.177428 160.098508
649.721556 277.048743 223.837440 159.056811
649.843683 275.544137 224.308088 160.192001
650.134727 278.326361 223.535619 157.794422
649.891800 277.477058 224.082881 158.870248
650.062159 278.984091 224.547958 158.637832
650.197281 280.086478 224.448354 157.516939
650.380934 279.468042 224.429350 159.335449
649.782135 282.707420 224.296098 154.991701
650.256294 280.227984 224.244122 159.361353
649.759001 282.182237 224.886634 157.606551
650.052944 283.312752 224.300218 157.666907
650.463254 281.476110 223.700246 159.311846
650.152665 282.618294 222.480315 157.862269
650.509556 283.959654 222.713498 157.015807
649.743528 285.091601 224.900318 157.449956
650.926150 284.004242 222.972026 159.448240
650.926150 284.705885 224.036924 158.150260
650.809186 286.700883 224.201919 156.951712
651.320634 287.410561 223.853940 156.922031
651.320634 287.535331 224.312643 158.088133
651.926170 288.740179 223.884133 157.677070
651.481300 289.173618 224.529818 157.843645
652.252466 289.511179 224.632428 157.998406
651.423268 289.685205 225.086606 158.425007
650.479846 290.194813 226.518004 158.207672
650.338949 292.575975 224.436667 157.021996
649.690890 293.582478 226.051652 157.860277
649.341374 294.103659 227.798539 158.165889
648.860252 292.584975 226.252282 160.879484
646.337928 295.093875 226.099871 160.486969
644.099067 296.834138 225.845602 159.842921
641.748365 296.328132 227.516506 161.613424
637.961077 298.742728 224.272417 160.228449
633.594852 299.608925 225.974798 160.910344
630.102847 302.632458 224.968929 159.593012
625.685125 301.536325 227.285624 161.846954
621.847707 306.782388 222.816229 157.336854
617.566487 305.234537 227.656555 159.323255
613.651622 306.077996 226.595904 160.021071
609.990138 307.700731 226.999590 159.205500
605.285211 309.569141 225.855501 159.571778
601.606456 308.446187 229.012991 162.379976
598.471390 311.500051 224.589781 160.651351
594.616200 311.065374 228.308328 161.451077
590.969419 312.926051 227.087366 161.244816
586.637774 312.083239 227.034356 165.173968
586.344629 313.321510 228.199865 161.502563
585.822853 315.973016 229.516661 162.756857
586.499570 315.064633 231.192825 164.400874
587.139111 315.611006 230.598193 163.648512
587.294320 318.132548 231.519340 162.698205
587.783849 317.997609 232.401570 163.572900
592.940216 320.596101 230.299738 162.627056
612.171812 322.846458 225.699564 160.191138
652.161300 330.574515 217.675416 151.519012
699.319697 333.307114 231.619135 144.998385
792.095971 331.508112 236.010836 145.063685
525.603235 702.208959 246.147626 82.736177
638.131196 693.871766 225.718216 112.718343
708.235964 692.181957 215.121103 113.818422
735.882754 688.143701 234.521856 140.346399
757.276846 687.339095 236.975482 163.928973
746.280317 679.395015 250.382910 158.702407
749.746668 680.452996 241.376988 178.618754
1132.082007 350.060373 159.012413 125.022203
1153.880502 339.205846 181.879277 122.642354
1158.074852 364.956439 187.449238 118.312897
1145.901987 339.466345 207.430696 132.782428
909.387018 681.635295 63.770078 64.203021
868.274000 683.004920 91.811498 101.161290
749.482506 684.506034 192.859397 151.114912
687.444821 681.903277 231.683161 153.800989
653.007482 683.443339 231.922190 145.190594
605.010301 686.281260 238.079865 153.831565
551.853994 687.694436 238.873601 155.026286
490.300425 689.262209 242.673129 157.229327
425.533694 691.729377 245.798181 159.191448
360.333325 696.456077 244.927219 158.992787
290.324211 701.292867 249.182035 163.422329
226.234830 706.634662 244.899050 165.941949
167.233129 710.441412 241.691648 169.119680
114.903302 714.602888 237.593517 171.128297
72.175995 719.119803 237.121284 172.467251
38.602634 721.139898 232.481530 174.950024
15.037767 724.133637 230.770145 173.806989
8.495716 724.517894 226.860228 177.189274
3.206271 723.121133 229.235080 179.282197
4.089486 722.277439 229.221782 183.261386
2.209379 721.373355 231.396221 186.114244
3.632597 720.537581 229.755654 185.774291
3.463605 721.419544 229.964541 184.151871
2.697442 720.082136 231.122474 185.989892
3.320301 720.604875 230.067950 185.252656
2.525827 720.825724 230.560265 185.540940
2.368691 720.893789 230.489704 185.618135
2.525827 721.012110 229.764571 186.001247
2.525827 721.063857 229.651232 186.604523
2.525827 720.825724 229.198498 187.245512
2.368691 720.944889 229.921707 187.935564
2.061376 721.012110 230.190773 187.009269
1.582349 721.835174 229.897729 186.388636
1.259645 721.773478 229.467486 186.196973
0.940128 721.708741 230.141680 185.211460
1.257281 721.352389 229.149295 185.567811
1.412831 720.754582 229.009667 185.767193
1.570518 720.754582 228.627307 185.966208
1.254918 720.874562 227.935563 185.448425
1.250191 720.375304 228.304417 186.454875
3.134257 721.182599 230.464164 184.091722
6.062821 719.080732 237.602228 182.764581
22.637479 717.809163 234.598778 183.922253
39.107850 715.734888 232.756214 184.380829
57.765356 713.457764 235.865178 186.644555
73.986407 711.307861 235.501218 181.778783
93.746746 708.701546 236.821259 182.783634
106.968648 705.789114 234.297465 182.872034
110.146133 702.959255 236.517510 186.190632
111.849424 703.153317 234.031525 185.130936
112.831763 704.051761 233.086316 185.447916
112.671827 703.820943 233.246253 186.019405
112.040834 704.233403 234.296451 185.336046
111.717195 705.052986 234.276674 184.616828
111.545056 704.414244 234.373024 185.225830
111.879142 704.819761 233.316002 184.850053
111.372916 704.831177 233.897061 185.080062
111.706754 705.818413 232.729308 183.521734
109.895153 705.460536 233.739078 186.419664
108.763202 705.818413 234.418313 186.855343
109.254859 707.221127 233.426478 185.255608
108.588138 706.684746 234.449384 186.693625
108.763202 707.165280 233.845883 185.880480
109.078534 707.697157 233.115165 186.321190
108.426998 707.993571 233.123029 187.100298
106.440962 708.111409 235.023151 188.615597
106.284939 708.637224 234.277135 187.417472
106.115307 709.577198 234.244439 187.408081
106.115307 709.751633 233.785073 187.495115
105.631308 710.753268 234.269073 186.856509
104.982035 711.516745 234.505924 186.455731
106.431867 710.692704 233.629923 188.502669
108.670747 709.806249 233.256137 188.312182
114.365491 711.455351 235.548215 184.639001
120.556914 711.633677 236.289282 183.823761
125.798179 711.866998 236.403890 182.398764
129.019600 710.523272 235.086280 186.175029
128.872650 710.162845 234.835104 187.853718
129.547736 711.392231 234.820166 186.669884
129.707998 711.516745 234.544231 187.167844
129.707998 712.792562 234.659904 186.812674
129.065574 713.228696 235.186655 185.059452
129.160448 713.155179 233.772523 187.377500
129.992606 713.280849 233.715148 186.673029
129.833357 714.045931 233.643741 187.177246
129.193840 714.753603 233.478021 187.282856
128.358046 714.809606 234.115046 188.095353
128.550487 716.185406 234.696184 186.316896
127.711653 716.736200 234.531928 187.551352
127.873609 717.233858 234.599483 188.111905
127.432021 720.016147 234.440581 187.284308
128.033552 725.361725 233.413119 187.109983
127.033563 732.770217 235.470275 188.969230
127.493509 740.168635 235.113791 193.522878
126.302082 753.003488 234.999090 196.841781
127.139127 770.411507 234.727953 194.074848
126.762977 785.796821 234.498279 194.394187
125.774611 801.008049 234.834550 193.534509
126.386816 816.455139 233.454778 194.585811
125.908058 832.325090 233.702066 193.368081
126.010665 847.400183 233.106581 195.041558
125.240510 863.122570 232.913332 193.676708
124.707124 878.427540 233.412802 191.481021
124.493914 894.487149 234.751054 181.608846
124.890959 909.498309 233.121241 169.680222
120.387696 925.920971 237.633017 154.079029
120.549295 937.187957 238.049186 142.812043
123.705718 949.166896 233.381073 130.833104
127.906297 956.670536 230.485438 123.329464
131.014800 962.754947 226.776025 117.245053
138.674812 966.604547 219.208106 113.395453
134.286233 967.575285 227.448547 112.424715
135.898570 971.251368 221.173722 108.748632
136.636845 972.287886 220.265086 107.712114
133.549561 974.123628 222.401265 105.876372
139.009504 974.154771 217.687324 105.845229
133.729214 975.634872 221.377648 104.365128
142.427829 976.928114 213.409593 103.071886
135.394183 978.370223 218.177760 101.629777
146.004183 978.628935 208.875206 101.371065
141.505543 981.347112 210.724123 98.652888
141.917142 980.507479 211.689707 99.492521
145.777349 983.472871 207.777428 96.527129
142.595996 985.505103 209.428217 94.494897
146.545371 986.154131 206.335279 93.845869
146.614044 986.893499 204.589585 93.106501
148.591187 989.229222 203.299042 90.770778
148.838517 990.287749 203.154101 89.712251
145.562103 991.450807 205.594088 88.549193
146.693757 992.093492 204.789694 87.906508
148.104548 991.922621 202.660962 88.077379
146.922716 991.821007 203.797683 88.178993
144.456813 991.860142 206.146565 88.139858
143.463189 989.290388 209.536088 90.709612
141.665532 987.583963 212.198917 92.416037
144.105301 985.544443 208.916922 94.455557
139.920223 985.085071 212.547018 94.914929
138.036280 983.791444 214.612421 96.208556
136.437934 981.570363 215.680906 98.429637
134.080562 978.580592 218.428339 101.419408
129.947491 976.158006 222.997810 103.841994
127.848407 971.679352 223.548981 108.320648
123.868688 966.838265 227.666863 113.161735
124.813453 962.033464 224.722675 117.966536
125.292517 957.164209 223.539455 122.835791
128.322087 951.438958 220.431707 128.561042
128.674623 947.168787 219.854346 132.831213
122.883024 941.837356 226.743845 138.162644
122.149609 937.070013 227.252091 142.929987
121.177953 932.680430 227.480576 147.319570
117.040731 930.416323 232.612423 149.583677
115.475094 927.095762 234.143757 152.904238
115.496610 926.434403 234.245644 153.565597
115.090547 926.691709 234.540021 153.308291
114.682933 928.192565 235.730645 151.807435
114.273873 928.836647 235.803754 151.163353
113.679661 930.083099 236.504812 149.916901
113.167504 931.932801 236.899570 148.067199
113.699391 933.100705 237.825919 146.899295
115.018408 933.333692 235.944602 146.666308
115.067713 935.342781 236.671128 144.657219
114.822559 936.711752 237.140880 143.288248
114.554145 938.175000 236.388777 141.825000
115.505213 939.356950 236.830307 140.643050
115.750304 940.347245 237.481619 139.652755
117.611419 941.318808 236.182965 138.681192
119.631572 941.511616 234.205542 138.488384
122.175558 942.217594 231.039260 137.782406
121.969333 942.459298 232.408223 137.540702
122.291387 943.301469 232.378755 136.698531
125.181385 943.368590 231.102339 136.631410
126.729490 943.599425 229.193913 136.400575
126.237665 943.980111 229.048397 136.019889
126.029697 943.552543 230.498068 136.447457
126.176765 942.838922 231.274956 137.161078
125.634540 942.292119 231.677907 137.707881
126.241013 942.311504 231.002158 137.688496
125.874617 941.871679 231.984641 138.128321
126.847363 942.495769 230.653281 137.504231
126.114220 942.292119 232.293502 137.707881
127.563230 943.071119 230.483056 136.928881
127.022787 942.355945 232.402805 137.644055
127.851046 943.071119 231.328424 136.928881
127.923208 943.681210 230.721832 136.318790
128.144981 944.318802 230.627368 135.681198
129.122728 944.549854 229.496006 135.450146
129.122728 946.366571 228.195588 133.633429
126.281554 947.291855 229.487185 132.708145
126.200444 947.759198 228.992803 132.240802
122.293929 948.453034 230.597406 131.546966
120.902447 949.357197 228.578260 130.642803
117.147108 950.206470 228.469630 129.793530
112.458359 951.615567 229.022466 128.384433
108.112240 952.796427 229.135985 127.203573
104.690738 954.012102 227.917765 125.987898
102.890136 955.136439 222.309598 124.863561
95.904356 956.560374 227.803848 123.439626
90.648199 957.056724 223.918131 122.943276
84.445716 959.775466 227.531664 120.224534
79.745847 960.407870 225.267720 119.592130
72.343082 962.081990 225.189551 117.918010
65.228158 963.501726 225.648013 116.498274
59.334716 967.040677 221.730034 112.959323
49.692707 968.508681 222.858568 111.491319
41.118311 970.115909 222.413939 109.884091
36.287489 973.205625 218.623276 106.794375
26.541105 973.970921 218.288112 106.029079
19.820534 976.448104 216.964365 103.551896
12.555130 977.702611 215.542628 102.297389
7.758732 979.388740 209.335713 100.611260
7.414034 982.031472 201.786362 97.968528
5.356570 982.271633 192.871719 97.728367
5.261055 984.687532 183.986172 95.312468
2.948220 984.130238 176.577588 95.586702
0.690060 985.222478 168.616329 93.942503
0.000000 987.315028 159.798978 92.684972
0.000000 989.250700 150.728309 90.749300
0.000000 989.533409 141.563768 90.466591
0.000000 990.387055 132.336927 89.612945
0.000000 991.918903 122.196329 87.903706
0.000000 993.349991 113.706054 86.045819
0.000000 993.499700 106.527573 86.203353
0.000000 994.510377 99.964120 84.827641
0.000000 994.331605 98.361354 84.566926
0.000000 994.385303 99.981468 84.926497
0.000000 994.330830 102.203868 84.883097
0.000000 994.139644 102.967853 85.443308
0.000000 993.602031 103.815981 85.933178
0.000000 992.520124 105.534431 87.196444
0.000000 991.053844 107.205906 88.894469
0.000000 990.651162 108.068928 89.344200
0.000000 989.967038 108.423473 89.931595
0.000000 989.538991 105.623668 89.875808
0.000000 989.047715 100.382333 89.691918
0.000000 989.334943 95.438007 89.209043
0.000000 990.571853 88.870443 88.149024
0.000000 991.709343 81.651486 87.206827
0.000000 992.278377 73.629797 86.196479
0.000000 993.911769 65.338969 83.588735
0.000000 995.070209 58.718630 82.278851
0.000000 998.302697 51.687228 77.690953
0.000000 1000.089363 43.344546 76.439958
0.000000 1000.753247 34.654342 75.471382
0.000000 1010.170436 25.340128 64.578218
0.000000 1012.279149 16.348002 65.898079
0.000000 1014.084564 7.252333 62.369154
0.000000 1022.351527 26.712003 53.368050
22.657350 1052.790056 71.602066 27.209944
19.228998 1054.214101 104.803652 25.785899
12.873373 1054.662088 107.458148 25.337912
10.757448 1056.239174 95.859653 23.760826
1.994489 1056.104926 100.979034 23.895074
4.451562 1055.676852 85.750046 24.323148
1.646453 1055.204174 79.766207 23.896587
0.000000 1054.777450 76.125838 25.222550
3.035993 1056.071340 71.455695 23.928660
1.745411 1054.586199 73.895399 25.413801
0.895238 1053.638123 78.423162 26.361877
1.889184 1053.139063 82.335594 26.860937
2.458925 1051.949898 86.314826 28.050102
2.297139 1051.534172 89.184948 28.465828
1.411527 1051.212671 92.317513 28.787329
1.613341 1052.361647 93.984609 27.638353
5.411261 1050.056550 95.706489 29.943450
3.805868 1049.558854 98.963778 30.441146
4.355444 1048.355896 100.018861 31.644104
2.826436 1045.284626 108.159496 34.715374
6.207561 1041.754971 104.723562 38.245029
2.184555 1041.768217 114.362327 38.231783
7.311969 1043.239048 115.088148 36.760952
13.208681 1050.111691 118.323457 29.888309
20.645215 1048.362792 115.429614 31.637208
17.178119 1046.071916 124.824499 33.928084
22.478944 1050.772308 125.883493 29.227692
14.843631 1030.138359 130.716768 49.755308
2.272506 1026.908196 132.469128 53.091804
0.000000 1035.891595 132.405437 44.108405
26.072351 1009.509014 110.616209 66.228700
25.617183 992.417200 121.763128 82.403770
26.587258 971.945348 139.192545 99.455463
42.352362 920.368703 162.988869 123.773441
249.150816 694.756294 159.689368 55.979504
318.991123 507.994861 128.657314 29.667215
327.735286 411.804851 136.377977 126.864862
313.536965 377.641502 189.137186 158.313542
516.700670 550.000058 212.238055 164.831608
525.893405 542.821970 209.102257 160.159646
527.732702 540.974965 208.043969 164.246985
525.917788 537.513064 210.776539 162.497765
532.401992 534.434250 207.092501 164.383142
526.921113 533.330309 213.407784 160.455396
526.048154 531.352408 214.995183 161.253747
529.349957 529.492708 212.479946 162.212569
530.283163 527.405664 213.826936 159.759732
532.840524 525.227110 211.243375 158.601066
535.315277 522.438868 211.363702 151.914813
537.831342 520.132807 209.986911 151.003433
539.842103 516.203970 210.112648 154.979688
540.981422 508.301221 214.376703 162.207677
543.852331 509.730687 209.983548 156.528444
545.818101 508.164542 211.492721 154.741870
547.336611 507.688176 212.853028 151.710012
547.698487 505.418147 215.283008 154.218287
549.050417 503.448126 215.074834 151.505458
550.627732 500.482976 215.195722 153.010128
554.192840 497.318029 213.060675 150.967137
555.707083 495.422625 214.502546 151.216217
559.400483 491.836866 212.246188 150.944746
560.778987 489.217799 212.939799 150.556439
562.636790 485.792396 213.712209 150.801775
565.764584 483.172645 215.114327 149.903673
567.561065 480.244565 216.542974 149.787298
570.343523 477.169646 213.635357 150.388870
573.547121 474.257666 213.190838 150.175508
576.062758 471.302675 211.923787 150.561837
579.527495 466.984646 215.859152 151.053839
582.910766 464.892140 212.206559 148.708271
585.281035 459.899011 212.762593 150.788703
587.345645 458.148403 212.687950 149.176804
590.836350 454.617173 213.354466 150.000749
595.163733 452.232639 212.135027 147.593902
598.822447 448.555600 211.128797 148.312972
602.740364 444.826973 212.456293 148.355251
607.229937 440.833720 212.822251 148.009162
610.702161 437.845155 214.350027 147.518126
612.285273 433.447269 217.181169 147.901405
618.241444 429.553216 216.552944 146.942142
625.264770 425.879070 214.886224 147.370430
631.406762 423.031612 213.570546 146.342149
636.786144 419.643289 213.984972 145.577573
642.289843 415.999584 213.931804 145.710464
649.513949 411.975139 214.106802 146.416702
654.733237 408.703179 215.232515 146.285055
661.138977 405.907370 214.817574 144.930869
668.378776 402.249345 214.026037 145.460701
673.878073 398.393181 214.450799 147.036621
679.588939 396.385746 214.829148 146.172419
686.867643 393.075777 213.539772 146.277426
692.236739 390.390487 213.785011 145.344971
699.018010 387.269918 213.082911 145.100223
703.195228 382.651068 214.285800 147.387469
709.549253 379.908739 213.439226 146.530844
713.960780 377.058958 212.360124 146.109380
718.472171 375.698936 211.889111 144.074589
722.270862 371.913756 213.247232 144.791789
725.442692 370.363619 213.686609 143.328527
727.745411 367.348358 213.656144 143.042462
729.252821 364.919771 213.035308 142.808978
730.470490 361.883416 212.752156 143.077200
732.470653 358.917290 211.132485 143.107158
732.777321 356.695722 211.637408 142.474356
733.558060 353.732003 211.609838 140.604287
734.657678 350.474549 210.335023 141.124747
733.428258 347.756485 209.984061 141.080712
732.734767 344.280744 209.113672 141.964180
730.296331 340.876591 211.403659 142.031583
729.261306 338.548471 210.706064 141.174620
728.356628 334.827696 209.420675 142.105907
726.501970 331.502887 209.978694 141.930100
724.719582 328.796602 209.559796 142.068118
723.530487 326.313202 208.478532 141.704322
721.093611 322.683339 209.546346 142.198923
719.777384 320.957326 208.044309 141.482021
718.235058 316.151088 208.305289 143.809486
716.536231 314.151589 206.148215 142.970126
714.336578 312.176085 208.766113 141.954715
712.362772 309.361390 209.838679 142.393006
711.126508 307.433922 209.174155 141.433217
707.778561 304.700863 211.263287 140.744987
705.480060 303.054827 211.000568 139.354229
705.990783 300.565130 208.197002 141.798573
705.699364 298.528486 205.957084 142.922508
705.122144 295.733969 204.196855 142.969206
704.770142 294.035502 208.405349 142.385325
702.949198 291.924399 209.841094 139.010533
701.469190 290.369509 212.968866 138.305655
701.659638 287.836505 209.125946 138.260343
701.435104 285.940523 206.231684 137.863066
699.915129 284.943130 208.143808 138.453934
697.717584 283.945945 209.688986 137.135204
696.804403 282.556802 209.654765 136.897942
695.660085 280.722404 209.698691 138.927935
693.758169 273.890628 211.099129 145.214092
692.227082 276.024229 209.747776 144.163839
689.823826 278.177720 210.134723 141.613199
687.440666 281.308640 210.214182 138.447851
683.538878 282.087536 212.408111 137.102552
680.537980 284.200863 212.283096 137.870582
679.432217 286.653814 210.260348 141.803149
675.719117 290.755722 211.704196 140.263369
674.333231 295.927286 210.043602 136.387179
670.653728 301.393090 210.314056 135.927156
666.683909 306.972577 209.810756 135.440335
664.195144 311.864531 209.582537 136.552700
660.977526 316.766260 209.838238 136.506189
653.833930 322.201539 213.882838 135.884523
650.861392 328.145428 213.891146 134.944847
652.377774 331.662788 208.655240 136.706622
646.095024 336.002026 211.027417 136.595245
642.339578 339.964510 212.916722 137.011739
638.677683 345.794792 212.815051 136.342979
635.891874 349.997758 211.706861 137.534672
631.391969 355.400744 211.481511 137.139434
628.953263 359.334044 211.292251 138.573727
625.018050 364.740618 211.546292 136.339191
621.233021 370.346844 211.277266 136.631452
617.831952 374.740408 210.381502 136.564745
614.301157 379.510553 210.170884 137.161197
611.058277 384.802020 210.753189 136.775882
608.161517 390.574574 210.928642 134.762159
604.961876 392.635114 210.122437 133.392863
601.561500 392.370962 210.347763 132.771927
597.910776 390.757655 209.801488 132.911222
593.260292 389.739941 214.000677 132.905848
589.847266 388.449251 211.762822 133.852137
586.445345 387.371929 213.586107 133.109177
583.906651 384.961810 211.854110 133.197969
580.582058 383.665577 210.053157 131.969821
576.188740 382.335425 212.321199 131.987404
573.240639 380.569119 212.020449 131.090407
568.792236 377.681479 215.823799 133.066553
565.289096 376.862690 212.273032 132.218507
562.464665 375.395199 209.132974 132.780653
558.845129 373.728618 213.479498 132.672869
557.013085 370.776081 212.495450 134.698441
555.182378 369.422908 213.747380 133.049407
555.062559 367.805624 210.946076 133.697476
555.055319 367.326590 214.596866 130.486033
556.258043 367.006086 213.198565 128.186847
558.269780 363.004045 218.180363 130.741240
560.100291 361.685664 216.049944 128.964472
560.216078 361.561896 217.717035 129.008991
559.455801 358.021724 222.344540 129.394645
563.644320 356.847845 214.675105 128.562673
565.295263 354.643767 216.766344 128.937580
567.532480 354.673556 217.418457 125.856533
571.585991 353.422500 219.594984 125.819985
573.559876 351.488357 220.760213 125.164303
580.593472 349.596065 217.558459 122.239667
579.674985 347.089179 223.488483 124.612288
585.926088 346.210961 220.173262 126.614953
594.205044 344.091258 218.435386 131.091449
596.012532 343.022778 217.386560 131.256347
599.777127 340.851598 219.485028 130.472274
605.045473 338.701929 216.060917 129.152635
604.515929 336.826585 219.714689 132.316723
608.442824 334.364187 220.299488 132.243284
615.279388 331.998128 215.968948 129.240348
621.577186 330.499493 211.592207 131.454556
619.554193 328.812719 217.880272 131.251839
622.825815 327.795715 218.187298 131.092488
628.686244 327.516867 217.704500 130.091091
631.499378 327.224015 219.473791 127.173792
635.804406 325.781730 218.736188 127.785811
640.317267 324.263539 218.408866 127.103860
645.537025 323.341077 218.376156 126.628408
650.979118 321.934783 217.602920 125.346294
656.720297 320.163247 217.472954 126.153261
662.279586 318.754762 217.395964 123.863382
667.970576 317.308992 217.644940 124.431002
672.605900 315.204895 217.859572 123.906915
677.329613 313.131731 218.528751 125.488997
681.361396 311.381470 218.148572 125.167273
685.657202 308.980738 217.399326 126.188568
688.857806 307.349018 216.970241 125.456355
693.663987 304.357718 214.735719 126.126067
697.689246 302.734626 215.183990 125.707132
700.565685 299.553157 215.497586 127.922298
704.218694 297.121881 215.818725 128.300643
707.566916 298.636465 216.237805 125.431388
710.759315 298.440662 218.251482 123.888398
714.531446 297.801190 215.998266 123.238248
718.608523 296.545597 216.614798 123.786442
720.632858 295.769243 215.734472 125.384053
722.846488 294.902387 217.362720 123.459146
725.629692 292.902387 213.857372 124.176188
727.059220 291.291454 215.235924 122.779327
727.899196 289.821659 214.551317 123.155563
729.117777 288.893296 214.434710 124.783280
730.235310 288.186923 213.479817 123.341357
730.411394 286.721187 216.427005 122.717282
731.583347 285.043080 214.676594 123.775750
732.460145 283.941341 213.734066 123.408400
733.137983 283.271313 216.009683 121.974923
731.660207 281.255682 218.238955 123.098271
735.046653 277.475660 214.303944 125.473766
733.601977 276.412655 217.459678 126.347408
736.785627 278.067103 216.833356 123.443579
737.241600 277.289535 217.641753 125.120470
736.452877 276.865252 218.977334 123.560829
739.881037 277.038758 214.684460 124.564706
740.655266 276.115036 216.938572 123.485662
742.414464 274.446831 215.952854 123.519008
744.796247 272.867708 213.271751 123.406663
743.156528 270.989973 217.579454 121.754837
746.235302 270.467924 214.810363 121.311995
745.681806 267.829079 217.779496 124.417572
748.318776 267.757310 215.101995 122.709541
749.914952 265.761935 217.975364 122.989658
751.954673 263.682135 215.498438 122.430859
752.899193 260.688918 214.449378 122.196936
753.872979 260.022001 215.947809 122.027709
755.387267 258.452795 215.952561 121.391581
756.993095 256.843791 215.742265 122.091690
758.625840 254.841164 215.566318 123.158590
759.436956 254.367395 217.700967 121.930962
761.340833 252.924501 215.544402 121.515522
763.499279 252.780352 217.203204 120.785574
765.460176 252.171265 216.291388 120.520313
766.704824 251.110405 217.295401 121.950915
769.524015 249.674839 214.418921 123.325451
772.703116 246.790620 215.769415 123.949382
774.434399 246.157719 215.684203 122.444161
776.475152 244.436432 212.110982 123.633976
778.540047 240.652224 214.957972 124.604566
781.242164 240.358503 216.495888 122.643913
782.350493 240.273008 217.563078 122.002335
786.170575 239.094552 216.254709 122.304821
788.602132 238.561829 214.168246 121.497258
790.325164 237.593910 213.603842 122.419696
793.593795 235.936093 215.713868 123.204981
795.819068 234.631022 217.358480 123.837858
798.629696 235.035305 214.369511 122.673535
801.002901 235.593812 213.808471 120.617130
803.366941 234.862768 215.134825 119.588854
804.562032 234.734439 212.865933 118.877380
809.202126 234.074777 218.605395 120.469981
811.948407 233.274812 219.484818 118.166454
814.314088 231.528847 217.187254 120.162731
817.859301 231.800711 218.622041 116.593281
819.241017 229.549570 218.009043 121.208806
823.812920 230.255315 220.362988 119.075662
825.569755 229.682084 217.278240 120.169355
831.132108 227.596360 214.778674 119.308384
832.030266 228.370739 218.816139 118.141863
837.016287 226.098283 216.436734 117.420658
835.882492 222.436788 221.195565 121.645280
845.934557 223.618106 214.939421 118.957935
849.380073 224.747474 216.422651 115.108133
852.590240 223.839608 213.596291 116.906395
854.967252 224.493792 213.570941 113.760780
856.019555 224.076660 214.934412 114.487926
859.121226 222.539670 216.570439 117.861222
863.363338 222.614780 216.107720 115.382267
868.784209 222.528805 212.852243 115.725932
872.105986 221.627960 213.651989 118.492540
873.632965 222.097085 213.778806 119.309827
876.621292 220.449488 214.810136 120.645418
879.626011 220.581114 215.310068 120.448016
883.611100 219.879923 215.197849 119.669393
888.485142 218.673703 212.961067 118.752012
891.313191 216.818280 215.497458 121.437526
895.921294 215.245803 216.244824 122.065364
899.978321 214.298261 214.496197 123.738599
904.318402 216.980222 203.894717 118.904684
906.909086 217.501406 198.704632 116.337451
912.751157 218.834294 200.307708 115.079166
915.125191 219.271423 194.776263 114.732900
920.268447 220.382279 216.692996 114.046533
923.393446 221.972654 216.502225 112.433940
928.449101 215.776167 213.875005 118.321934
934.379955 214.554046 211.717824 118.026271
940.673316 212.867757 211.606893 118.184311
944.846523 213.314705 215.664416 121.153627
959.415042 211.180594 208.085908 117.392026
971.940981 210.513432 199.790231 117.498982
979.442002 209.966580 196.527174 119.336250
985.559564 208.785548 195.559617 122.157666
989.524452 207.473814 198.466309 122.881065
984.204869 206.076109 215.185316 123.609366
984.045553 206.758487 211.204171 121.860981
992.605592 205.842179 216.619512 121.247902
997.766845 207.617178 216.739540 118.505105
1004.125755 208.054944 218.426833 117.676126
1010.809994 206.359309 215.039081 118.975569
1017.081973 202.557588 215.083046 120.684911
1025.100243 202.409830 214.139566 120.646085
1031.558368 203.722297 213.934622 119.205472
1037.871372 205.929613 214.890293 114.368732
1044.058059 205.574043 212.408107 115.390341
1050.714961 205.545158 214.120271 118.307520
1059.159213 205.634899 213.480392 117.999328
1067.361395 204.454689 212.306704 120.022023
1072.580324 204.803849 214.010622 118.288287
1080.487385 204.384726 214.230894 117.766382
1084.149734 204.529761 218.605948 116.816574
1093.459141 204.517173 216.896793 116.161526
1102.343010 204.865111 215.677824 115.719879
1109.825329 203.838330 215.652428 116.445842
1117.656378 203.631556 215.654753 118.764282
1124.168571 202.987237 215.337237 115.508738
1132.245416 203.216557 214.795722 115.080011
1138.040843 203.008224 215.783668 118.654765
1146.274496 203.276923 213.560891 119.990713
1151.733998 203.722297 214.994542 118.052237
1160.414410 203.074994 214.768415 119.017016
1167.054063 203.067484 215.287575 118.872575
1174.247772 203.137343 214.778876 117.919218
1181.065106 203.218232 216.356344 118.542108
1187.679977 203.197957 216.768950 118.532162
1196.072687 203.044787 217.202650 117.649812
1202.680003 202.773699 217.640515 117.520676
1209.484200 202.635603 217.043772 117.934145
1217.296853 202.497257 216.378618 117.728593
1223.886849 201.949999 215.669008 118.150885
1231.150938 201.541429 215.269582 118.787351
1237.568763 201.742045 216.564252 117.946517
1245.111988 201.603137 215.980787 118.153836
1251.625118 201.333666 215.680120 118.995115
1258.071001 201.742045 215.905360 117.606146
1265.220082 201.679696 215.292063 117.539866
1272.355206 201.477993 216.704879 117.684889
1278.842882 201.610586 216.148924 117.336476
1285.928599 201.615643 215.583504 117.616369
1292.148753 202.027280 214.492072 117.343400
1297.327280 202.465151 214.460139 116.839197
1302.538043 202.740169 214.604492 116.902856
1306.608811 202.533978 215.125152 116.770369
1309.963562 202.592312 216.055848 116.220333
1315.405295 203.220076 213.256316 116.488770
1319.917164 203.016541 215.219416 117.029235
1325.033761 203.082638 214.522757 117.996352
1329.281071 203.562789 210.863981 118.833049
1333.912518 203.429328 213.430133 119.789467
1338.855292 204.110041 212.037592 119.086651
1343.274024 203.768602 212.164158 119.619266
1347.229486 204.946001 212.723813 118.636235
1351.590498 205.498156 215.610354 118.084080
1355.724320 205.351122 213.532119 117.681730
1358.772757 206.054221 216.369755 115.866697
1363.789495 205.912446 213.754607 117.043862
1368.830404 206.320275 214.080400 116.845856
1373.147441 206.456595 214.071057 116.986445
1376.081021 207.008009 213.636523 116.425792
1379.331207 206.466230 214.379337 116.799905
1384.019380 207.076081 213.361002 116.702356
1387.909768 206.798552 214.267234 117.638056
1393.687449 206.945336 211.180606 117.376342
1396.252993 206.409413 214.154376 117.851680
1400.935773 206.103632 213.321098 117.841896
1405.927697 203.328849 212.908120 121.359731
1408.760962 204.656178 212.483836 119.553983
1414.003464 204.803849 212.794164 119.672863
1418.996664 202.385402 212.213884 122.918930
1423.160304 204.159840 212.053211 120.663672
1428.213216 205.217260 211.806052 118.348871
1433.066302 204.255418 213.947596 119.911975
1436.228732 203.678785 212.756121 120.248281
1443.263418 203.127755 213.184947 120.257619
1447.376998 203.276923 212.485937 121.657221
1453.247744 203.045092 209.258794 123.802760
1458.669255 202.868217 210.894508 121.513473
1463.716133 202.189728 213.359963 121.866578
1470.695525 201.046679 215.488932 125.126349
1480.004811 202.503912 210.204365 121.891127
1485.871700 201.564081 213.374980 121.602050
1492.844485 203.183046 213.488398 120.864349
1500.652144 204.238528 213.765238 117.693668
1509.449401 203.279318 213.429061 119.620141
1518.583591 203.694399 213.030583 118.314433
1525.588994 203.419380 214.665650 120.109111
1535.132235 204.308257 213.841558 120.258587
1544.999590 204.794979 212.221704 120.933977
1550.680161 204.082148 210.809055 120.368203
1557.373850 202.207273 210.272800 118.486455
1563.893477 201.351940 208.889911 120.632483
1569.559964 204.116663 211.858584 120.083439
1575.572845 202.974309 211.704025 121.221652
1579.494049 202.225091 212.105706 120.688956
1583.681191 202.237108 211.445532 119.369154
1590.405640 196.718551 211.852997 123.888646
1594.963964 190.696806 215.025232 128.969317
1599.530856 192.051092 208.841238 124.981848
1605.204818 194.817493 211.249286 119.680025
1609.213590 193.143245 210.044616 117.343470
1612.280814 192.288803 212.949178 115.660516
1617.736767 189.029121 208.995301 116.372531
1621.355496 186.231105 209.039187 117.160231
1623.016681 183.641895 214.260060 116.951358
1624.899461 180.533315 209.918051 116.904838
1628.120747 177.314029 207.907631 117.505250
1628.564974 173.524642 210.537305 118.082468
1628.074177 171.366053 212.737713 116.526460
1630.271336 167.791649 209.528226 117.005677
1631.119875 164.418927 208.949054 116.663000
1629.622441 161.277541 210.009148 115.198225
1629.235621 157.522843 209.547853 115.755608
1633.541442 153.849955 207.653821 116.492402
1631.399474 150.572153 207.398919 115.439446
1631.780570 146.403118 207.686628 115.555465
1631.297123 142.752036 208.751252 115.074962
1630.204628 138.919844 208.158071 114.581265
1629.265862 134.865551 208.030412 115.865416
1628.524493 131.743514 206.436182 115.195366
1628.645460 127.217869 207.501310 116.571412
1626.657447 124.143789 207.072332 115.810358
1626.373167 119.580288 207.777671 117.733287
1625.300174 116.118419 206.939588 116.885473
1625.040289 112.285291 206.942886 116.905716
1623.777082 108.843934 206.216500 117.594623
1623.017936 105.467887 205.992583 117.147666
1622.280704 102.027384 203.806687 118.299318
1620.876558 100.126854 203.311147 116.116821
1619.391361 97.017956 204.760244 115.476909
1619.194498 93.959080 204.348383 115.057745
1619.098433 91.123376 204.233514 115.046670
1619.098433 87.635354 203.463911 115.249910
1619.717480 84.430926 204.218910 115.997152
1619.098433 81.927554 206.435531 114.651657
1617.941098 78.470330 208.386051 114.852253
1619.917012 75.384071 204.277204 115.982513
1621.293328 72.398606 203.882131 115.952665
1623.199945 69.828653 204.649343 115.099626
1623.948850 66.579558 204.350196 115.057164
1626.223376 64.318332 204.125745 114.770186
1627.738416 61.157311 204.389483 115.925878
1629.430131 58.563889 204.767342 116.673056
1631.610898 55.493641 203.483619 116.715175
1634.251233 52.645460 202.892204 117.164576
1635.583200 50.513024 202.223193 115.827175
1636.710402 47.902108 203.495356 116.037495
1637.376290 45.507000 202.529777 115.922742
1639.267063 42.964260 202.345849 116.720472
1640.107813 39.903673 203.097567 117.777845
1641.551830 37.461405 203.121457 118.718584
1643.009151 36.514652 202.105769 117.760967
1644.202335 35.731051 203.773883 115.746226
1645.776403 33.478410 201.007866 116.891916
1646.795161 33.013632 201.481575 115.744865
1648.374061 31.124194 202.764666 115.629568
1649.340527 30.099192 202.137526 115.899479
1650.210546 28.059100 202.778747 115.789187
1649.925770 24.980096 204.698178 118.001185
1650.974310 23.743907 204.502292 116.927330
1653.301305 21.410832 204.020918 118.510552
1652.765943 20.492538 203.397550 117.400670
1653.601791 19.340624 203.042907 117.795216
1654.554805 17.814739 201.809708 116.834974
1654.675168 16.351072 202.151675 116.819742
1654.579770 15.263293 204.072837 117.113470
1655.647148 13.157469 203.234187 117.654645
1656.346369 12.638771 201.920744 116.470706
1656.814835 11.465134 203.657114 115.460867
1656.166878 10.409593 203.729975 116.255203
1656.605509 9.661569 202.482653 116.419311
1656.531618 9.222588 202.163487 117.317082
1655.794332 9.508683 202.632196 117.098026
1654.747969 8.666806 201.655920 118.468825
1653.167440 9.390097 202.626641 118.421462
1651.581495 9.914553 202.707474 118.022598
1649.295854 9.610758 202.050003 118.233020
1647.206874 8.769539 202.298378 119.470498
1646.405870 9.366344 201.023519 118.627956
1644.273472 11.144999 200.725669 117.694446
1642.271046 11.939566 201.183344 117.100179
1640.183196 13.725887 201.133371 116.049452
1637.722967 15.757093 201.132296 115.098254
1634.412024 16.897291 201.492119 115.618141
1632.069625 18.445400 200.950559 115.423215
1629.434535 19.346472 202.412740 115.840341
1628.666479 21.712571 201.282118 115.432640
1626.799593 22.829413 200.426577 116.008536
1624.457144 25.401540 200.172964 115.056641
1622.033234 27.437099 200.132316 114.479069
1620.463670 28.526676 198.922985 115.332615
1618.134384 31.024192 198.681628 114.181693
1616.114277 31.717283 197.876536 115.554562
1613.486486 33.709294 198.008073 115.077528
1610.694751 36.022531 198.315950 115.409660
1607.943948 38.504581 198.154410 115.141720
1605.154730 40.822575 197.864012 115.095631
1602.808437 41.681169 197.511270 116.504243
1598.567411 43.445588 199.520378 117.054682
1595.710447 46.968595 198.195405 116.141776
1593.552428 49.886337 198.022200 115.389955
1589.436796 52.320435 198.938278 115.073237
1585.426150 53.105581 200.394094 115.899174
1582.234440 55.649981 199.704158 115.283550
1580.264678 57.893561 199.421141 115.869867
1577.287492 58.798690 197.349981 117.128310
1572.250907 60.976259 200.388615 115.859259
1568.221111 62.205430 200.093553 116.979584
1565.003468 65.054886 200.992717 117.686352
1562.025711 67.732601 198.145740 116.836995
1558.724728 69.302091 198.782329 118.266598
1554.616040 71.242373 198.945794 118.079918
1549.821115 73.656810 200.496043 118.794818
1545.914109 77.145196 199.993719 117.987852
1542.038567 78.373665 200.175195 118.551904
1538.652573 81.671498 196.928200 118.559183
1531.924490 83.549985 197.853970 119.669173
1525.950659 86.082551 197.884553 120.513345
1518.436163 90.266056 200.586818 118.839974
1511.157063 92.934752 200.225985 119.153401
1505.664323 94.872275 199.073959 120.818102
1499.879498 98.217691 196.298142 121.322383
1492.103345 102.026930 197.385273 121.082817
1486.399028 104.984813 197.619510 121.271804
1477.878408 108.524794 198.649350 121.107625
1467.501958 112.655576 200.680579 120.921627
1462.811831 116.105559 198.575686 121.990384
1456.761001 120.600026 197.572495 121.873013
1450.287686 125.311786 196.511383 120.577748
1443.141412 129.326845 195.831526 121.461218
1434.944579 134.276620 195.785056 120.849575
1427.004751 140.082956 196.305664 119.754686
1420.842933 143.995087 194.701153 120.182720
1413.297481 148.617263 194.471951 119.754798
1405.280937 152.841112 194.724634 119.983251
1398.255406 156.974596 193.507987 121.382670
1388.926995 160.860630 195.599530 122.329054
1382.281613 165.147784 195.465714 122.194592
1374.300302 170.127123 196.940487 122.472988
1366.696774 175.361130 195.995898 121.499576
1360.043910 180.433758 195.060726 121.292909
1352.787957 183.416373 197.139362 123.399312
1346.450624 186.447963 197.132268 124.254485
1338.799183 190.364524 195.479014 125.570521
1331.713487 193.116241 194.083006 127.161870
1324.986063 198.008137 193.659320 128.255473
1318.617787 201.971388 196.652435 129.214044
1312.629327 208.884458 197.527114 126.191450
1306.456764 214.116880 198.240647 124.496587
1303.288001 218.050222 197.945771 124.499899
1300.706673 220.160180 194.585876 127.220551
1298.374977 224.934433 195.597013 126.913082
1297.291373 229.578760 194.288795 126.225237
1298.190981 234.297972 193.212469 125.720160
1298.222535 238.816831 192.670929 125.139189
1296.653819 243.373894 192.278655 124.336636
1296.481019 247.092470 191.989985 124.767521
1296.021428 252.196216 192.634388 124.188031
1293.436422 256.032410 192.482246 123.467619
1291.141147 260.248950 193.209954 124.585234
1289.193084 263.805148 192.565493 124.998167
1286.848454 268.874240 193.450523 124.691721
1284.740314 272.816590 192.756917 125.526294
1282.327975 276.755051 192.521714 125.341524
1278.351974 280.737927 191.966494 124.730154
1274.258180 284.531713 192.293699 125.942640
1270.038002 288.822331 192.553711 124.270279
1265.255678 294.128152 192.851545 123.596030
1259.037701 298.781166 192.549701 124.172803
1252.826868 303.265821 192.141185 124.270105
1246.787781 307.657578 191.300307 123.936917
1237.593845 311.241684 193.214396 124.648010
1229.201129 316.733625 193.718823 123.917807
1221.631289 321.601957 193.024684 124.392627
1213.290296 325.807797 193.026009 123.827640
1204.450378 330.531275 193.839251 123.835873
1194.909938 334.341286 194.931217 124.294155
1185.905745 338.711562 194.857325 125.794937
1176.050385 343.597555 196.448654 126.121787
1168.101204 348.973214 195.370528 125.996928
1159.925554 353.873220 194.871007 124.906616
1151.598146 358.911415 194.883029 124.056347
1143.263827 362.633633 194.338327 124.061975
1133.942702 366.825907 194.188664 125.037019
1124.869211 370.772997 193.899769 126.994406
1116.589710 375.200166 193.610465 127.475480
1108.615298 379.522135 192.628882 127.456063
1098.437366 384.248566 193.194562 127.740655
1088.402445 387.976130 194.560166 128.611789
1080.358062 392.008662 194.029061 127.366710
1072.221460 397.013619 193.496994 127.268985
1065.744361 400.910700 190.981425 127.375224
1057.593987 406.158098 189.323923 126.135536
1050.054428 410.032409 187.859236 127.052870
1040.849937 414.626631 187.629271 126.851510
1029.963691 418.761567 189.450419 127.850107
1021.211225 424.341281 189.359657 127.049083
1008.660704 428.250044 193.165989 127.223091
997.532951 432.656752 195.122973 126.199335
988.045160 436.065679 194.947026 126.743593
978.598770 439.724773 195.206346 126.913847
971.050534 443.745522 193.663376 127.357659
961.303155 446.763555 195.374274 128.474758
953.596674 451.240620 195.394255 127.248767
945.597142 453.423874 195.840985 128.263779
939.216833 455.987589 194.779033 127.836855
932.272370 458.910801 194.287411 128.115107
925.238254 461.574643 195.066593 129.134303
918.521583 464.373047 194.626046 129.201940
911.396742 467.512633 195.380527 129.579019
903.062576 470.602352 196.455187 129.699479
896.078922 474.447681 194.890875 128.804514
888.259348 476.742289 195.335837 130.176562
882.253575 480.495706 194.272702 128.978236
875.343887 483.423865 194.613937 128.602047
866.180525 486.870549 195.706318 128.100157
860.678118 489.930267 193.203512 128.048456
852.343645 492.874430 194.521738 128.844644
846.196223 496.177172 194.390176 128.537563
839.004884 499.464266 195.120594 128.676746
831.986613 502.652067 195.599814 127.653677
824.914973 505.663086 196.031888 128.051654
817.098587 508.999680 196.678684 127.809938
810.591676 512.098035 196.186070 127.061706
802.906865 512.916219 197.130262 127.632803
795.580412 515.811406 197.197299 126.785451
789.037815 517.652054 196.279535 127.072201
782.123755 519.338372 196.642811 125.529290
774.436483 520.475363 197.047916 126.515966
767.316116 521.758661 196.730948 128.279579
761.260596 523.902166 196.484765 129.198410
754.203827 525.245065 196.686664 127.893005
746.216795 526.368434 197.922248 128.957238
740.999473 527.310484 197.316161 130.105744
733.911524 528.713114 196.441058 130.304682
727.864109 530.310495 196.389873 130.189276
721.012464 531.046433 196.427473 131.018944
714.351961 531.776676 196.357220 131.745341
707.383916 533.550647 196.972032 131.294675
701.759863 534.142526 196.320147 131.577636
693.231095 535.467359 198.575874 132.081717
688.674086 537.849716 196.997676 130.106838
682.704000 538.303183 196.856224 131.364132
676.780068 539.105328 196.812122 131.765850
669.931365 540.415504 196.809393 131.659560
664.515906 541.428660 196.092224 131.307520
657.748070 542.559299 196.208017 130.465152
651.703999 543.946827 196.481111 130.647965
645.407984 544.707677 196.403683 131.034571
639.930652 545.464778 195.149112 131.510716
634.735644 546.547601 195.308272 131.638316
630.634598 546.722996 195.188531 131.776778
628.271543 547.722992 193.934198 131.776778
625.862710 547.649833 195.249321 132.295284
627.599996 547.149210 195.493499 133.343012
630.089422 547.261498 195.056398 133.296709
634.548065 546.599760 196.639035 133.370123
638.828247 546.830066 194.428946 133.448854
642.652353 546.682922 195.023055 133.519436
646.747508 546.599760 196.018920 134.042248
650.955784 547.008398 195.560022 133.282304
654.089420 547.146057 196.798611 133.508653
657.415113 547.008398 198.025216 133.114938
662.156263 546.436015 197.497101 133.554870
666.926078 546.481773 197.662048 133.326078
671.157921 545.291847 196.276025 133.850084
675.313299 545.608982 196.051163 132.663983
679.883260 545.146069 196.618291 132.926093
683.959597 545.135883 195.611533 132.371198
687.762278 544.938005 196.594253 132.015849
691.346649 544.441792 198.401404 132.382774
695.415108 543.291854 196.754553 133.767424
698.543971 543.192468 195.848766 133.267039
701.316091 542.626607 195.867994 133.611252
703.537400 542.692656 195.587270 133.563341
704.751629 542.692656 195.607089 133.229084
705.341302 542.957175 194.660479 133.287050
703.763201 543.201601 194.447114 133.417730
700.879316 543.496800 195.424094 133.543031
697.525712 544.396880 195.258624 132.341649
691.753515 544.481412 196.240091 133.010806
685.941704 544.512455 196.327726 133.786599
680.035333 544.786516 196.995494 133.336831
674.038763 544.266881 197.518594 134.191738
669.348368 544.955314 197.501242 134.044463
663.422962 544.834862 198.519311 134.766744
656.656900 544.731632 198.912524 135.419718
650.702073 544.904106 198.592350 135.620859
645.795239 545.278412 198.247581 135.161106
639.594065 545.404831 198.437379 135.776911
634.313810 546.800175 198.230713 135.327170
629.094995 546.731647 197.474459 135.589966
622.532332 546.731647 198.213525 135.846541
617.352979 547.502348 197.218217 135.798384
612.107232 548.106192 197.283964 136.423644
607.221639 548.355285 198.007162 135.653549
603.450300 549.176903 197.992191 135.607818
600.003268 548.678181 197.984635 135.482136
596.629517 548.806676 198.377768 135.514928
595.209227 549.505146 197.931875 135.503682
592.299929 550.031397 198.148044 135.375622
590.392535 550.330250 197.065037 135.162233
588.689859 550.536462 197.816279 135.406474
585.977905 551.404829 198.897757 134.576771
584.736645 551.702638 197.949195 134.618958
582.764431 551.781848 198.483597 135.108691
581.403461 552.851209 199.469884 134.812764
579.582125 552.829101 198.940543 135.185190
577.038797 552.678895 200.164273 135.931751
573.836226 553.550877 199.569162 135.726275
570.094449 553.852367 199.017130 135.619199
566.599868 554.128837 197.968765 135.481796
562.710884 554.776935 196.933933 135.318123
557.621291 555.159057 196.853131 135.300495
553.054314 555.909321 196.240824 135.636498
548.477279 557.577048 197.265225 135.316464
543.083168 559.125031 197.286709 135.023986
539.019085 559.754581 195.963131 135.830091
533.098893 560.909314 195.989608 135.810051
526.999980 562.354955 196.088530 136.064410
522.477269 563.233698 195.990830 136.263540
516.936743 564.308271 196.290148 136.892388
510.885045 564.506324 195.983387 137.903964
505.760962 565.979063 195.507747 137.640838
500.316987 567.404830 196.063179 136.739740
494.320001 568.183319 195.600280 136.917680
488.249151 568.934825 196.037488 137.621099
482.292537 571.508254 195.537393 136.948135
476.036180 572.619549 196.801684 136.860903
471.230394 572.829027 196.801033 137.655265
465.849934 574.427749 196.998583 137.460031
459.423302 575.816032 197.319273 138.322937
453.956255 575.812506 197.161783 139.354129
448.869206 576.590758 197.072824 139.448435
443.372589 578.325811 196.921515 139.235533
438.081264 579.755796 196.490164 139.432750
432.946207 580.209584 196.820909 140.189167
427.915457 580.620029 197.583739 140.989418
423.666504 583.101038 197.204720 139.324421
419.574257 583.549332 197.953635 139.934455
416.365290 585.019873 198.863940 139.619089
413.782094 586.550149 200.168358 139.179340
411.759266 587.371287 199.712346 139.965415
409.481608 588.804327 198.367396 139.610121
407.570678 588.964303 199.542387 139.237932
404.853790 589.449408 201.611289 138.436582
404.152119 589.341824 200.573592 139.504327
402.459577 589.220100 199.436819 140.512420
401.896695 591.203919 199.473696 139.575488
400.449779 591.449407 198.638486 140.827492
398.861618 591.979623 198.898151 141.195127
397.427691 593.946811 199.814499 139.988934
397.574904 592.903201 196.965420 142.732948
397.402808 592.825242 197.215138 144.569728
395.854034 594.300240 197.875350 144.912548
395.241297 595.354456 196.144937 144.747311
396.225330 596.694085 194.880386 144.074235
394.086101 599.097357 196.906465 144.023015
393.274045 599.928321 197.342375 144.306523
391.990057 602.274536 198.316803 143.777733
392.016662 602.406560 197.644222 143.650975
391.079976 604.644007 197.803026 143.858802
390.919774 605.402212 197.875071 143.694310
391.306968 606.421711 197.220102 144.594499
391.739918 607.563329 195.414219 143.862021
390.625020 607.961665 196.942612 144.825401
388.990056 609.421699 198.027782 144.784602
388.781687 609.645087 198.296949 144.623173
388.781687 611.448960 199.270149 144.027271
389.137046 613.544965 198.197814 142.976733
389.715564 614.239898 197.719792 143.994955
389.801953 615.809616 196.927423 143.922593
390.952583 617.006306 195.451861 142.840531
390.981244 618.026800 195.776939 144.014404
391.268024 619.602371 195.815887 143.604855
391.427351 620.896166 194.897041 143.797100
391.997305 622.732182 195.117736 143.728885
392.617261 624.283195 193.136829 143.036281
391.897252 625.596911 194.803797 143.386407
391.981244 627.335832 194.343070 143.235350
391.360655 629.247203 193.751813 142.997189
391.438749 629.599589 193.525888 143.683666
391.005095 631.773634 193.748900 143.238887
391.035361 633.157815 193.525934 143.384508
390.384848 634.607736 192.784239 143.513698
388.631772 636.520048 193.931468 143.747364
387.428060 638.093440 192.897216 143.527994
385.719691 638.677476 192.793353 144.820531
384.095183 641.247187 194.017285 143.563681
382.025333 642.862442 194.426153 144.808773
380.490607 643.961668 194.129399 145.772158
377.657647 645.121065 196.856453 145.746011
374.875983 648.224008 196.465646 144.871636
373.364415 649.245967 195.815914 145.351834
371.500434 651.566808 195.869442 144.508347
370.333775 653.463167 194.755382 144.393635
368.086099 655.514771 193.876325 143.743701
366.886959 656.708087 192.501311 144.483599
364.314166 657.599600 192.414046 146.526667
360.791170 659.878961 194.515984 146.303634
357.948098 661.928306 193.117995 146.018251
355.372457 663.097461 194.062910 146.698147
352.822459 663.829930 194.018227 147.053837
349.496392 663.555964 194.471718 150.073423
345.147893 667.596135 194.548882 148.182226
341.850518 670.753573 194.140709 147.214222
338.170802 674.475907 193.367423 144.989982
335.513557 675.999834 192.332071 145.471438
331.762355 677.315921 191.129285 146.147169
327.216296 678.364532 192.643178 146.642612
322.719804 677.470032 193.187638 148.629748
317.620530 680.310973 194.475098 147.387274
312.928051 683.359169 195.540372 145.769711
307.740646 685.523468 195.069735 145.579528
304.054441 688.091480 193.583454 144.249137
298.108050 687.058832 194.347870 146.761599
293.854475 689.523251 194.141036 146.202363
289.365013 691.672261 193.995068 146.624460
285.191722 694.568664 193.260945 145.407503
279.784141 696.612883 193.942348 145.217890
275.312104 697.080697 194.530021 147.005094
269.941964 697.444965 194.762061 148.316943
264.138841 699.603555 195.840403 148.808972
259.591944 696.846424 195.384352 153.239288
255.081686 697.477554 193.725522 153.008103
250.527926 701.415785 193.586838 150.381929
244.541764 704.495925 193.581660 148.553273
240.344156 703.667489 193.546553 151.110954
235.237567 703.968874 191.924940 152.193423
230.392829 705.513019 192.542572 152.755497
225.380050 707.558609 191.093905 151.061468
219.038483 710.359456 190.515166 149.547683
212.404585 710.653300 190.066537 149.993340
204.771852 707.938782 190.974452 149.602548
197.389493 701.197135 190.000893 148.994895
191.409961 688.200737 188.236770 151.203605
184.523723 672.791472 186.667970 150.098229
176.925974 657.444927 186.669977 151.907726
170.284068 642.571447 185.631307 149.506131
165.334961 627.401848 182.853673 147.208113
156.560057 611.540491 183.635540 147.508411
147.023959 595.633854 185.570718 148.246917
138.178144 579.699500 186.675071 150.572203
128.820140 563.910175 187.714695 152.020898
122.117866 547.705425 185.569735 151.824040
115.517020 532.742849 183.636187 152.650452
108.907735 519.104930 183.059711 153.126650
102.477147 510.637914 180.452288 153.315796
94.411001 504.864740 180.855446 153.986428
87.008447 501.764380 179.640316 156.444275
80.463773 501.066211 178.550806 157.655103
75.356126 501.989399 178.269409 156.483160
68.659556 502.147939 178.948995 157.267120
62.463774 503.111464 180.265955 156.741411
57.622645 502.758770 178.728973 158.748945
52.879466 503.142113 179.239816 158.816096
47.693762 503.628664 179.048029 159.876150
44.194195 504.292158 177.384439 159.858688
41.423560 505.033874 175.335726 161.932444
38.812415 505.258541 172.682762 158.618776
35.309653 505.726413 172.325974 157.029551
31.156334 505.993509 172.321957 154.686869
27.437333 504.881435 170.450469 155.226923
23.431488 504.812583 169.185128 155.006293
19.041359 504.983404 168.751384 154.765816
13.260985 504.296801 174.153092 154.914185
9.495331 505.339550 171.044468 153.946665
3.384187 504.948676 170.650593 153.666505
1.011826 505.976479 167.886083 152.583941
0.000000 506.517834 160.972607 151.978235
0.000000 505.914005 153.603820 153.029108
0.000000 506.177153 147.851812 151.458796
0.000000 505.124083 142.070664 154.049226
0.000000 502.875272 135.894969 155.819931
0.000000 503.629642 131.318750 153.331357
0.000000 505.289716 125.438155 152.057516
0.000000 506.142406 120.545962 150.229583
0.000000 505.831380 114.419404 151.322163
0.000000 506.268805 109.452444 151.535614
0.000000 505.468859 104.093947 151.407695
0.000000 504.073015 97.843025 152.112427
0.000000 501.238893 93.875115 152.066822
0.000000 500.961670 87.853516 153.208815
0.000000 504.217064 82.293614 153.807384
0.000000 502.483148 76.563059 153.058437
0.000000 500.521284 70.616081 148.906821
0.000000 499.948355 65.491329 145.563454
0.000000 497.171272 59.994849 146.343876
0.000000 495.015597 53.801737 146.821086
0.000000 493.075184 48.213399 142.728974
0.000000 489.964988 41.928905 142.746175
0.000000 488.462078 35.446207 145.050388
0.000000 486.919246 28.976061 141.296411
0.000000 485.736381 22.576675 140.819546
0.000000 493.565537 11.489500 137.924126
0.000000 493.564563 15.760304 102.440164
0.000000 486.462895 14.984870 93.533161
0.000000 480.403774 17.538929 88.761106
0.000000 474.014454 24.671585 91.924038
0.000000 450.666926 35.543426 97.588859
0.000000 454.741937 30.931958 83.106859
0.000000 448.423733 28.212876 82.625040
0.298876 445.063837 31.386299 84.288998
3.017794 440.530330 40.701598 104.240071
8.045266 428.698709 46.885888 109.881576
13.309569 430.310439 55.500730 120.895176
24.496834 422.467211 69.206390 88.136257
44.310097 392.188462 57.430205 112.041543
41.638610 371.234506 71.629667 99.166957
43.633962 351.762203 70.365411 86.985165
52.091191 348.036192 62.259249 65.558198
45.139134 348.005528 53.784367 56.575509
26.637651 349.186348 52.597149 60.626681
31.299404 343.504313 40.000688 67.863038
24.776292 347.609524 41.063743 62.449876
19.199789 335.870344 40.203185 47.274578
7.505784 330.144377 34.067118 48.937548
5.972270 322.626376 31.709682 44.565671
12.128274 312.026622 34.152376 34.073567
16.607548 296.466407 35.700638 36.997705
24.930181 282.237980 31.540592 32.652813
28.812876 270.860617 30.717859 28.396217
27.658264 257.962541 31.060502 30.591069
27.310694 242.909316 32.878748 32.433578
26.987384 233.563282 33.261430 29.449471
28.759808 224.148906 28.838469 34.299114
26.881587 220.601854 31.212354 29.081636
25.366409 211.165573 29.413849 30.534614
25.923931 204.790130 28.864207 30.815672
25.014382 195.672752 25.794132 33.469738
26.948288 187.536680 28.129233 34.074269
29.811370 176.677786 27.806322 34.515386
29.425040 167.819770 30.677407 33.695716
31.088610 155.450288 30.851805 34.300315
33.023141 143.969607 32.294731 30.455855
38.796022 126.874277 31.761236 30.454485
37.739198 114.855837 29.902512 29.702993
39.518658 101.384237 33.185936 31.393684
40.427966 84.984782 35.757910 32.887997
42.867723 66.853874 38.140914 32.754959
43.094236 47.594194 41.489720 38.449720
47.250359 35.440353 41.492750 38.550641
53.285239 14.772045 41.340373 50.137036
61.992412 12.201682 42.160216 48.551842
77.661410 7.158030 61.983227 39.907301
103.335221 3.608228 61.961760 31.283862
106.095475 11.816162 58.141677 42.495785
105.222956 14.867051 63.067736 43.375349
119.042781 11.192987 67.832748 44.095525
123.243965 6.090294 64.740349 40.489075
125.718044 5.852878 66.640327 31.234337
131.447335 2.823675 60.278640 27.704798
131.748266 0.000000 56.252805 22.223105
149.330244 0.000000 48.963856 14.927716
156.271955 0.000000 37.929190 16.499795
168.025799 0.000000 34.371679 10.604988
173.948504 0.000000 23.081757 9.472205
177.663726 0.000000 18.023695 6.976540
179.673986 0.000000 15.220735 6.243612
181.043421 0.000000 13.938457 3.689492
181.378854 0.000000 12.626540 0.823854
183.951681 0.000000 10.104770 0.175687
184.226631 0.000000 11.688730 3.997231
183.946969 0.000000 13.739137 2.542479
188.190883 0.000000 13.199161 0.679898
188.239762 0.000000 12.361127 0.877178
186.585331 0.000000 15.861986 5.115469
186.886273 0.000000 17.128085 5.548428
192.901189 0.000000 17.807167 6.179605
194.306528 0.000000 18.884691 5.226711
195.437975 0.380395 20.037935 17.749607
205.982189 6.057362 24.399467 18.474753
200.361327 3.709281 32.091735 18.839425
199.884626 1.146131 35.628777 21.785468
200.923558 0.000000 35.803624 18.614142
200.712078 0.000000 38.016850 13.260927
205.253717 0.000000 33.039173 10.135871
213.338547 0.000000 23.949531 7.325916
215.826551 0.000000 21.605846 7.991761
218.266525 0.000000 19.740367 10.470321
222.945141 0.000000 20.789774 8.543468
227.450632 0.000000 16.934167 8.650613
231.054222 0.000000 17.650609 5.847999
224.178316 0.000000 19.430151 5.575373
215.358888 0.000000 23.844782 5.391256
213.252251 0.000000 22.352104 5.366240
211.040394 0.000000 21.991700 6.681181
211.123524 0.037836 20.147141 6.215090
212.409477 0.000000 19.040702 4.172118
216.182749 0.000000 18.131887 4.626152
216.498147 0.331013 16.829829 6.929661
216.174880 0.000000 17.178766 9.857068
216.933716 0.000000 16.826632 9.699415
221.890536 0.000000 16.866840 5.131485
218.537883 0.000000 19.455360 6.703640
221.815740 0.000000 21.370625 6.580563
219.445618 0.000000 26.412444 4.882630
219.739792 0.000000 25.617356 9.191327
231.593419 2.180964 24.281935 16.738781
229.434469 1.475152 30.984238 17.129907
220.387007 0.000000 33.548680 18.958716
210.384509 0.000000 38.241187 16.430153
203.155619 0.000000 38.221946 16.905904
193.705877 0.000000 37.910894 18.380874
184.070046 0.000000 35.061132 23.246060
172.570394 0.071125 42.124674 24.689867
165.488064 0.000000 45.571421 27.345393
167.863432 0.004374 42.988079 28.617931
170.201458 1.475690 41.741101 31.139748
169.940814 3.347382 43.152081 28.903192
173.765302 8.226597 37.787235 34.228675
173.238277 6.604662 44.016203 35.455013
171.669363 5.932737 51.382442 38.656492
171.883177 0.204990 51.528828 35.706169
172.428463 0.000000 52.429075 24.558381
180.347562 0.000000 43.936558 14.434070
190.897503 0.000000 32.115384 14.775515
192.584734 0.000000 28.804469 15.567683
193.569478 0.000000 25.316095 13.734951
194.917700 0.000000 24.192657 14.631562
196.455930 0.000000 23.243412 14.324814
194.651358 0.000000 24.250205 13.062995
196.320454 0.000000 22.563056 13.607905
204.823337 0.533843 20.355720 19.116732
200.062984 2.297579 25.480641 19.971250
197.170647 3.484726 28.514431 21.540986
200.940721 4.627091 28.838452 23.022406
201.645069 4.165962 23.089974 27.901390
190.590057 4.863814 30.932078 32.480669
178.724016 7.638085 36.302268 30.982147
172.005035 7.181506 40.202212 33.641123
167.829216 9.939582 35.725853 33.654848
161.862180 12.587978 38.299140 36.394631
155.543236 11.916626 42.463982 32.643077
158.297606 8.589029 46.376917 37.724424
166.412567 8.349214 43.832930 31.639321
166.516643 7.988394 42.171274 28.796618
187.281931 8.948102 33.681322 34.646380
188.618075 10.777637 36.264254 29.922835
182.800458 6.633558 41.495479 34.646937
172.736514 7.484629 44.063995 37.006526
156.791851 6.251378 52.671408 41.978550
155.181680 6.649164 44.961481 43.502478
150.421954 7.584773 47.016371 48.216307
140.828448 8.131351 49.667713 51.594743
126.568849 5.475071 50.173714 44.873402
118.364958 3.517007 41.972157 41.679986
117.904280 3.714810 36.115777 33.608038
113.245157 3.425141 42.640189 33.549107
116.440374 2.666629 35.929589 42.902821
116.569612 2.460261 39.701109 52.565230
115.282137 1.294724 37.641357 52.988109
100.412721 3.555125 48.607083 58.793860
89.699524 0.000000 53.902323 47.635070
85.694443 2.016864 55.970822 50.482659
103.766945 5.019539 57.126140 50.230016
109.041208 1.412575 43.361702 47.697710
109.484155 5.766052 31.037998 36.998999
98.966895 6.890165 33.276784 37.611424
84.398501 7.918679 33.991926 42.836899
74.775982 9.950458 39.638077 38.313071
78.635945 8.104288 39.667277 45.466452
83.142350 11.038779 41.458495 43.183975
83.854611 12.803383 43.422256 46.068560
84.042607 14.755399 47.348387 41.331969
87.397788 14.693861 45.735880 52.202660
94.167957 18.304126 48.496376 50.243731
93.506911 18.392237 52.540835 49.725358
95.134858 14.277097 54.734299 52.624055
100.022339 16.237825 52.269897 60.003667
107.414183 17.521957 58.136676 58.732315
115.087637 20.064990 59.780984 65.720249
101.192394 20.455076 67.909721 81.434429
105.084186 17.692226 65.343008 88.483034
134.539098 23.281830 61.890085 92.707113
139.311587 27.108701 68.286830 71.285325
145.772680 20.996264 65.401970 79.808783
140.102070 18.549553 76.944572 95.465226
125.230435 20.642845 96.388878 103.008881
126.294696 25.512383 97.601264 109.689358
120.790929 28.597453 108.127068 119.269898
115.357087 31.608018 106.561869 135.484527
101.312513 33.849310 114.315510 148.725172
114.178050 39.212794 113.898767 164.404486
108.499874 46.305553 129.682357 162.185686
98.601798 59.481196 140.264447 137.971546
119.969485 62.389211 129.238484 134.716573
125.002781 85.878919 149.533184 142.869534
143.838052 117.165260 157.041339 144.125066
216.935521 129.616045 154.437029 111.312929
275.913816 154.389913 136.658353 110.971812
292.078691 155.376949 131.095206 86.003579
306.556084 134.439092 105.367786 80.745789
341.928043 126.323279 96.354225 76.303719
377.098532 121.779443 93.868497 87.062413
381.549742 123.339333 107.317598 97.288819
393.415212 130.476145 126.759783 83.946882
446.103366 125.423088 119.570199 78.872553
490.507348 125.951970 95.792369 111.005970
498.797927 144.152123 136.363245 117.916635
642.312977 183.931851 196.861711 145.677320
612.297928 193.374005 232.408478 140.495565
883.127554 585.683108 221.445877 50.150792
863.445206 587.220841 249.624041 149.275706
863.490035 586.217015 245.729196 154.714313
858.156709 588.541570 250.510910 158.889954
854.611713 593.286610 252.529810 152.596116
852.192018 595.070467 254.733029 152.860000
849.036688 598.828049 253.921204 152.935756
846.555926 601.488456 254.188913 151.990426
845.970495 603.258549 251.621608 158.057289
844.523301 606.541339 251.028195 159.929404
839.917210 607.759452 254.588692 163.609443
838.043569 610.873779 253.033466 160.563699
835.216103 612.730574 253.538953 155.411982
837.143320 612.396413 248.431472 153.447482
833.376116 610.283658 246.386359 151.121504
831.269807 609.698824 244.514629 151.793478
826.198627 607.412262 245.156772 150.453526
822.549720 605.028954 244.725443 150.753005
817.736203 602.932678 245.088576 150.263778
812.649013 600.530739 244.265484 149.990561
809.355459 598.702387 242.489590 150.481174
805.162368 597.114115 242.076952 150.205555
800.907694 594.927822 241.682904 149.705583
796.970256 592.160854 239.528745 150.536204
792.716168 590.701016 239.158928 148.727280
787.994121 588.714326 238.866767 149.585037
783.948120 587.020979 237.873908 149.789435
778.928297 585.501700 237.599479 149.870598
773.164524 583.837173 238.363257 149.535496
767.908853 581.549930 238.840978 149.822741
762.843664 578.282917 237.648960 152.196140
757.968747 575.687168 236.704099 154.080070
752.227087 573.583925 236.410897 153.867294
745.971612 570.786302 235.788334 154.073636
740.563754 568.688323 236.091199 154.336162
735.243283 565.786301 234.407226 155.089145
729.390634 563.588628 233.213075 154.670659
723.364731 560.485941 233.618549 155.406941
717.635928 557.176139 232.109595 155.234360
711.273862 553.987819 231.224999 154.719606
705.745571 552.402980 229.616884 155.394535
699.980819 550.511688 228.634216 157.635076
694.409168 549.802721 227.950912 159.020623
687.671643 549.501298 228.542231 158.749482
681.342269 547.372948 229.623560 160.480212
676.056895 546.671967 227.704668 159.740410
670.162904 544.543550 227.690766 160.436473
665.564583 543.369755 225.218438 162.279761
659.483740 542.647818 225.405698 163.059372
655.601594 540.196878 224.222956 166.157969
648.545183 541.848595 223.666208 163.218692
641.869837 541.751926 224.320048 163.222396
636.048377 541.229674 223.463354 162.150362
630.496172 541.494005 222.471655 162.377344
624.720615 540.737215 221.139738 162.857731
618.612347 540.680308 220.613085 162.411993
612.727101 538.683974 220.424908 165.083814
607.324230 538.943577 220.014912 165.726458
601.008530 537.707093 218.873167 165.985771
594.104811 536.708973 220.077781 167.653976
588.828056 535.613610 218.795216 167.861634
583.592977 535.422614 217.867299 168.583349
578.085182 534.553203 216.911857 168.362982
572.846024 533.554397 219.221413 169.871196
569.677750 533.223758 218.001998 168.884986
566.561400 531.782766 218.053752 169.803374
565.531651 531.503523 214.878011 167.254607
565.455409 531.432321 213.832173 166.531064
566.816175 531.194171 214.414876 166.949602
569.180517 529.233305 214.624221 169.130330
575.029174 528.947301 212.102550 171.666510
578.705089 528.728961 211.702914 172.607750
585.970692 528.167307 210.467804 174.415785
593.258567 530.881986 208.300018 173.345539
599.890970 533.171528 209.737219 175.290338
609.422329 538.654293 209.351868 174.581050
617.517460 546.416767 207.862852 174.880220
625.637583 554.824536 208.160595 176.200419
632.661596 562.228304 207.361749 177.865034
641.422313 572.707764 206.741247 175.950777
650.063673 578.786509 202.989143 180.752072
658.618454 587.472781 201.423319 178.009807
666.413419 593.703540 203.431188 182.545948
674.948978 604.902064 203.022455 182.238088
682.573338 615.984536 205.718494 177.672876
692.552634 624.372933 203.183293 181.279465
701.302055 632.738776 201.422264 183.413521
708.442541 642.171566 202.281796 184.094459
716.440888 650.409601 202.099335 181.180707
723.988263 660.300073 202.802486 177.824299
729.678393 668.934701 201.857722 177.382115
733.897885 677.062455 202.194113 176.473679
738.267736 685.810107 202.080568 177.068979
742.640126 695.880130 202.033395 176.669969
746.620621 703.660613 200.546761 175.097693
750.520225 712.870428 199.754230 176.257044
754.020704 721.715721 199.994152 173.558529
758.573458 729.904266 199.726901 173.844482
761.905304 736.615016 199.332521 174.830816
765.916279 742.000265 198.343679 173.244214
770.054353 742.452600 198.245581 172.742580
773.022289 740.645330 198.516165 171.308177
773.933754 737.677170 199.319022 170.442534
775.723857 735.232737 198.831569 168.877757
776.174027 730.208690 199.199495 170.213743
777.036656 727.860717 200.185112 169.109144
776.696903 724.615755 200.618322 168.027753
776.292108 720.811548 200.451766 168.194762
775.791407 717.352489 200.687730 167.630646
774.611054 713.206711 201.032914 168.359187
773.746695 711.099217 200.767128 165.998937
773.296477 706.691473 199.807397 166.287925
773.069137 703.566374 199.598269 165.566498
772.343182 699.425267 199.252013 165.863907
771.208070 695.294270 199.287890 165.981187
771.781277 691.607584 197.459129 165.478252
770.487463 687.966042 197.680022 165.868057
769.924034 684.948125 196.877783 164.183886
768.499350 679.983061 196.546514 165.102393
769.523574 675.737629 194.350561 164.984025
769.174419 670.832732 194.209544 166.061655
769.296837 667.447871 193.870135 165.168232
769.566438 663.218379 193.138640 164.680325
770.631264 659.351617 192.139200 164.548298
771.385381 655.643195 191.728391 164.954990
772.025230 651.963606 191.571657 164.015609
774.176282 647.231909 191.312708 165.015320
778.150720 643.643514 190.590689 164.216585
784.084319 639.954649 190.206004 162.760723
792.339019 636.284859 189.673069 162.113866
800.543458 631.099990 189.250923 163.575572
808.835912 627.905414 189.110588 162.280276
816.371745 624.500030 189.659500 160.974128
825.501919 620.122452 187.861296 160.841562
834.006503 615.985180 188.039352 161.132088
842.745490 611.897096 187.187509 161.220176
851.077427 606.903114 187.675699 161.994910
858.358450 603.716530 187.742190 160.323123
866.912295 600.363498 187.740615 159.830184
876.408729 595.847884 186.355740 160.538805
884.766401 592.177120 186.905940 160.088177
893.060253 588.905864 185.280035 159.090627
900.911047 585.800448 185.157191 157.929844
908.916725 581.609081 184.390368 157.614285
917.027612 578.034950 179.859058 157.189179
923.941913 573.174668 186.580068 157.982331
932.718756 571.069500 188.894150 155.883857
940.570457 567.471528 187.162977 156.674604
949.293603 565.219074 185.147863 154.471352
957.161644 562.577881 184.208759 153.765228
965.594132 561.342109 180.160513 152.173026
974.508204 554.043013 176.263657 156.913103
981.883837 548.878101 177.044993 157.871848
990.038819 545.104951 171.696169 158.555025
997.138296 547.297044 175.130833 152.718366
1004.777598 543.648755 174.612513 151.679823
1014.155672 541.812590 171.413351 149.306090
1022.538669 536.171285 172.745402 149.116172
1031.216234 529.599812 178.038855 152.329927
1038.278574 524.701370 178.461382 152.934179
1048.584388 517.925405 179.553861 154.376596
1055.230041 511.548078 179.636377 160.979739
1062.282610 508.585741 179.371203 158.698309
1069.046752 503.147895 179.575980 157.013347
1077.422992 500.106844 177.616137 158.801839
1083.997356 496.420713 176.366396 156.019612
1089.188865 493.379629 177.710251 155.399714
1096.811816 490.564222 175.601867 151.132997
1100.681340 486.536901 178.296566 153.535549
1106.384019 484.488781 178.581056 151.162532
1112.401466 482.179932 177.134481 155.114271
1117.908288 480.799338 178.249242 156.125322
1122.628478 481.895680 178.975825 156.188941
1130.647713 483.319550 175.294413 154.866985
1133.468711 484.108420 176.989568 155.134180
1139.188913 483.665938 174.555657 154.302695
1143.843878 485.408703 173.519912 152.141830
1148.295920 486.352068 172.767037 152.937519
1151.735570 488.838734 172.717645 150.819157
1151.804442 489.680139 175.898766 150.404226
1152.755851 490.381473 178.403074 151.407385
1154.208237 491.571965 177.710720 151.351725
1155.605563 491.339543 176.871886 152.834450
1157.028555 492.303829 175.905259 153.925916
1157.443571 493.093816 175.867134 156.493141
1158.919276 494.329787 174.490724 159.261091
1159.723329 495.151435 174.049115 160.459629
1161.040671 495.668250 173.727530 158.728289
1161.751470 496.389899 173.404272 159.959818
1161.192781 498.385990 174.859532 157.588897
1161.590006 497.976225 175.897587 158.780373
1160.841689 499.327663 174.699955 158.711347
1161.838464 499.072050 170.426846 159.713866
1159.647960 500.615476 169.157098 155.508301
1158.231483 501.758768 165.924868 153.985197
1154.849337 503.627127 168.426575 152.294274
1151.037343 504.319715 167.460514 152.899620
1146.918699 505.912156 169.901132 151.664081
1144.000956 508.042598 168.903724 148.937092
1139.797305 510.009839 170.634998 147.282953
1136.196866 510.059871 169.444329 149.738582
1132.479420 511.788557 168.016774 149.869257
1127.917134 513.441727 167.543175 149.117683
1124.427513 514.138207 166.730449 150.118859
1120.261536 515.714842 167.176626 150.162528
1116.388130 516.613904 166.448232 151.043560
1112.741912 516.830113 165.040395 154.332398
1108.251405 518.456495 164.938880 152.201323
1104.313157 519.251059 164.250491 150.673511
1099.694076 520.505246 165.346109 151.888545
1095.496449 521.840857 164.341523 151.275936
1091.873039 522.684696 163.339840 153.441984
1087.660441 523.655573 162.296663 153.102094
1084.024369 524.909642 162.589989 152.785206
1079.680830 525.414551 160.151482 153.119415
1076.127643 527.286835 159.881833 150.485360
1072.705524 529.295219 158.734728 148.916356
1069.508940 530.328102 159.957671 148.851928
1065.710700 532.385736 161.074506 147.974702
1062.030912 534.667888 160.881512 145.664952
1058.775546 535.097506 161.475821 146.374259
1055.868878 536.806381 161.143767 146.138586
1053.364089 537.764213 159.369156 147.181791
1050.333522 538.998755 158.148503 146.548722
1047.568536 538.563972 157.512514 149.754561
1044.253478 539.947689 157.460549 148.688249
1041.217376 540.896915 157.264690 148.806123
1038.396438 542.283258 156.775297 149.359157
1035.178578 543.663818 156.836680 148.661910
1032.264486 544.849165 156.660287 148.301020
1030.201020 545.782718 156.036381 149.423384
1027.569574 547.162668 157.156930 150.074932
1025.368475 548.521611 154.568975 148.892904
1024.157321 550.098945 152.278260 148.355186
1022.867872 551.667383 153.462357 147.042124
1021.726435 553.794611 152.280404 146.212697
1020.454075 555.292425 153.136035 144.312457
1019.713467 556.526557 155.836529 145.799187
1019.676008 558.274798 154.125498 144.603561
1019.142432 559.981160 154.225832 143.852121
1018.250769 561.675306 153.635568 144.056261
1017.610100 562.626223 153.502761 146.248259
1017.083883 563.577254 152.068001 147.954858
1016.290243 565.432681 152.324878 146.027752
1014.876514 567.194278 152.700746 144.849966
1013.298985 567.679554 153.115687 148.511100
1012.817614 568.612059 152.750191 147.333346
1011.980461 569.669016 151.480002 148.178467
1010.298684 572.052585 152.846063 147.014808
1008.980469 573.999043 153.255360 147.548321
1007.826219 575.382867 151.114402 146.708558
1006.187152 576.818035 151.314842 146.990942
1005.073077 578.912304 149.910189 145.742677
1004.149073 581.017400 148.930314 145.235170
1002.121172 583.057247 148.712489 144.361832
1000.380491 585.018743 147.909100 144.225091
999.345745 586.080333 147.071185 144.462216
997.066817 588.703770 147.727170 142.211497
995.259186 590.014031 148.531454 142.851966
994.101007 591.221888 145.888481 142.619445
991.746383 592.956203 140.509157 142.284255
989.769874 594.036848 146.299484 145.848710
987.415159 595.232531 148.298384 146.297630
984.861819 595.455376 147.500902 145.603405
982.685037 596.799857 147.232693 145.292423
980.415204 598.916032 147.177764 144.385454
978.066770 600.878943 146.912079 143.790140
975.798124 601.816577 148.043208 143.848974
972.926237 600.610793 147.305045 146.381761
970.528259 602.650297 147.931245 144.236089
968.233067 603.887795 145.825456 144.483249
967.319079 604.533649 144.269633 144.883129
964.216935 604.058953 144.561940 146.180738
962.298357 604.580728 142.942656 146.440706
959.189075 606.590555 143.054559 145.176528
957.257410 608.212305 143.297812 142.953834
954.566339 609.786707 143.835000 142.069069
951.897379 611.518268 144.244606 141.634872
949.924725 611.858943 142.588187 143.443288
947.394255 614.336260 141.809776 142.189836
944.715372 615.166011 142.194666 141.963579
942.686536 616.192071 141.948792 141.416093
939.949349 617.620646 141.446296 140.443150
941.760028 618.669188 136.343720 141.576491
935.843230 619.264949 139.921206 141.658602
931.279343 620.743970 141.852527 141.061605
929.072216 621.040711 140.422885 140.597484
925.707228 622.183564 140.595171 140.774809
922.470819 622.630472 140.590698 141.327912
920.204987 623.937328 135.067126 141.716624
917.424002 626.064819 137.881603 140.555791
914.790757 626.659126 138.395175 139.947210
912.600693 627.740494 139.359317 140.110239
909.672285 629.235125 138.495767 138.467691
907.294881 630.168509 138.870089 137.269537
904.597502 630.594681 140.026407 138.382501
902.058112 632.379855 141.397491 137.648701
900.204924 632.948625 138.971289 139.066810
898.038239 633.649355 136.517776 140.201358
895.484529 634.050290 137.006858 140.771258
893.234802 635.375080 136.944801 141.353467
890.790781 636.382614 135.833708 139.214629
888.464535 636.948136 136.102039 140.196205
886.116666 637.605876 135.245031 140.360552
884.580258 639.404751 134.985674 139.161134
883.743792 640.471703 135.450960 139.559438
882.755949 641.755976 135.295041 137.539080
882.616100 642.073589 135.618069 138.711009
883.441427 643.277540 133.783576 137.975386
885.425626 644.774586 132.799812 137.325242
888.312683 645.282475 130.863114 137.024388
889.022222 646.591454 133.196248 136.049103
891.545329 647.608908 131.829683 135.233225
893.552786 649.105329 132.586402 134.299179
895.016104 649.574746 133.214715 134.067377
896.837884 650.281121 132.984917 134.332343
898.409913 650.218182 132.647392 135.604602
900.696964 651.144458 131.196133 135.421060
902.372406 652.641549 131.592690 135.604511
904.200965 653.574728 132.200736 135.248052
905.866191 653.771306 132.262642 136.522253
908.910926 655.144441 130.191781 136.124855
911.564496 657.079750 130.400598 134.744676
914.676713 656.736365 130.222567 135.644911
918.291747 658.265799 130.695895 133.884859
922.877616 658.700199 130.218896 135.377167
926.776863 659.361599 128.395048 133.954859
931.551855 660.200587 128.206995 134.077477
935.784258 661.375017 127.886364 132.045793
939.796619 662.842751 127.991181 131.328263
944.157838 663.834220 128.365070 132.172231
948.814870 664.874089 127.879484 130.569141
952.371394 665.800212 128.887997 130.283927
957.025817 666.722898 126.775697 131.024284
961.317878 667.912227 125.600504 130.476958
965.338165 668.207661 127.491667 132.018348
969.726973 669.892918 127.338588 131.674902
974.340967 670.489977 126.370681 132.037603
978.443481 673.015308 125.741392 130.458169
982.338169 674.835588 128.044608 129.714908
986.179536 677.749500 126.034334 129.270413
989.451747 676.589007 127.016968 128.926166
992.630493 679.036063 123.657732 127.416330
995.502878 679.074116 124.837513 127.990980
999.149597 680.618869 124.641853 127.331276
1002.268273 682.652603 123.505846 125.550967
1004.423570 684.155502 122.456598 126.225779
1007.586201 685.397106 121.678644 127.668219
1010.218194 685.615961 124.037446 127.629549
1013.009998 686.159534 120.633384 127.964000
1016.174310 687.868386 117.574468 127.170137
1018.610240 689.751630 120.614359 126.198459
1020.997415 694.305969 118.582838 124.593998
1022.594026 698.025771 120.973538 122.076150
1024.125531 700.405940 122.022358 122.309647
1027.588116 694.590709 118.383433 128.911733
1026.654839 697.689551 122.785079 128.616112
1027.802248 703.360085 115.773118 130.863595
1033.209863 708.339563 115.247141 125.176548
1035.862631 714.584931 107.660173 121.396916
1033.211868 716.611407 109.672207 117.745694
1034.908805 721.226173 99.574822 116.387392
1034.880877 719.852259 99.086845 123.666538
1035.156956 721.871542 106.615618 118.790353
1035.613061 724.831417 97.253102 119.865275
1030.443943 726.247412 102.592777 118.769743
1029.107853 722.515070 98.756603 120.816506
1025.790504 720.642688 94.197417 123.448657
1022.611607 719.451284 92.826640 123.990674
1020.057919 718.755162 109.620120 125.080742
1018.566930 712.930073 103.344654 129.265056
1017.653270 711.418847 107.177009 132.185879
1017.080559 711.515557 104.768387 128.351409
1008.757177 710.205741 112.863500 139.276959
1012.770576 710.698402 101.412777 129.118821
1007.002960 709.878389 97.999284 127.562864
999.157566 711.313273 103.978052 118.715066
994.159464 709.974346 106.617492 121.063135
990.558843 709.710868 103.999004 126.728803
986.466193 709.699758 104.601713 122.542004
982.331976 710.017197 104.632032 122.428010
980.154758 709.410482 105.495211 121.091322
977.251333 712.523840 102.542889 122.025048
974.754460 714.542104 100.474382 118.885754
969.665421 706.570317 105.382060 120.187022
969.547477 708.543154 108.019093 120.222547
968.987603 707.054038 103.295514 120.406307
970.582200 707.087067 100.393303 121.560852
971.281747 705.617135 100.646820 122.449483
972.630360 705.419889 99.930135 122.284591
973.911449 704.784051 97.131941 122.101047
976.701290 703.954366 95.756622 123.716330
978.193675 703.388753 95.079704 123.581391
980.150127 702.926136 93.991762 122.827162
982.267193 703.018010 92.983018 122.360078
983.486543 702.527138 92.683315 122.411245
984.929374 701.668595 92.056415 122.989632
986.630614 700.653122 90.900052 124.065380
988.166012 700.668550 89.364566 124.263572
989.176550 700.164920 88.912064 127.787852
989.855996 700.543403 89.003199 123.416250
990.404028 701.859086 89.216792 121.304890
991.928069 703.077224 88.020980 120.049100
992.728372 704.959536 87.340756 119.656344
993.712963 706.003342 87.038605 119.556681
994.744582 707.959288 86.112659 118.245308
995.081162 709.286289 85.598296 118.744933
995.941363 710.927045 85.255565 117.750179
996.110848 712.440639 85.082772 117.702723
996.391788 713.616813 84.964146 117.760451
996.283347 714.897530 84.933364 118.598882
996.506688 716.256003 84.731846 118.007991
996.228974 718.003779 84.848790 117.081399
995.996744 719.258157 85.126742 117.120859
995.452245 720.721034 85.904750 117.710589
995.236294 722.412163 85.562226 117.151973
994.845994 723.849338 85.929540 117.119247
994.018218 725.208586 86.550405 116.999805
993.743793 726.645491 86.430639 116.860551
993.075640 728.415503 86.349026 116.907049
991.946173 730.206430 87.200701 116.176549
991.345032 731.824997 87.553484 115.400258
990.726744 732.977900 87.612330 115.998196
989.405227 734.796145 87.833314 115.593867
988.600594 736.509496 87.359716 115.582714
987.773803 737.286078 87.747848 116.574135
986.784785 739.082309 87.995490 115.837054
985.640387 741.772122 88.864788 113.867031
984.745903 743.746072 89.304358 113.662869
983.063104 745.555586 89.788245 113.096282
981.313918 747.190558 90.450999 113.333037
979.956103 748.920539 90.823707 112.973965
977.975360 750.729187 91.948396 112.521786
976.296891 752.754588 93.108064 112.023392
974.555307 755.060696 93.362623 112.104939
973.189282 756.635936 93.682668 111.738391
971.981002 758.702020 94.299837 111.146610
970.421415 761.000170 95.585985 110.773395
968.681660 762.584772 95.412996 110.746930
966.780169 764.813906 94.869822 110.098680
964.955741 766.416607 95.452260 109.921959
963.596095 768.274596 93.863745 109.725573
961.261737 770.654559 94.483823 109.728017
959.001437 772.674936 95.379133 109.443308
957.345527 774.487416 94.915079 110.134135
955.271302 776.420354 95.878797 109.240536
953.496198 778.562492 95.715349 109.811823
951.029953 780.653565 96.551893 109.408567
949.252868 782.794985 96.230409 109.254144
947.138422 784.841044 96.227178 108.909538
945.297708 786.699298 96.653254 108.963742
943.140187 788.701970 96.780990 108.261104
940.763625 790.259416 97.187328 108.235564
938.609007 792.392806 97.104176 107.963107
936.696381 794.189782 96.711614 107.858652
934.387073 796.369655 97.248082 107.377509
932.320003 797.468132 96.869825 107.945139
929.830737 799.881128 97.467915 107.334518
927.561554 801.812441 97.687315 107.124665
925.426323 803.536786 97.574178 107.344723
923.290644 805.467609 97.363612 107.136564
920.711469 807.369616 97.774921 107.266073
918.763631 809.461263 97.535052 106.832497
916.336586 811.369668 97.487021 106.988095
913.915246 813.438246 97.719873 107.141830
911.222696 815.643341 98.175613 106.936733
909.086373 817.398344 98.112788 106.929357
906.881093 819.830765 97.970814 106.329070
904.369661 821.779531 98.364838 106.856200
902.018044 824.297710 98.280603 105.973730
899.300946 826.720543 98.483244 105.562684
896.995568 828.716796 98.273813 105.449279
894.553121 831.038591 98.499548 104.455235
892.110963 833.193003 98.725252 104.813269
889.651863 835.621490 98.567871 104.721158
887.140700 838.140269 98.862133 104.358559
884.560633 840.482525 99.025996 104.350311
881.444609 842.668039 99.408970 104.426354
879.071577 844.853352 99.380899 105.098816
877.025113 847.474513 99.058163 104.581276
874.444332 848.847687 99.123849 104.802278
872.140707 849.905861 98.961798 104.961426
869.096235 850.148279 99.222839 104.261965
866.654590 849.872810 99.447936 104.056275
864.002352 847.756093 99.530119 104.960073
861.157289 845.788949 99.500447 103.817251
858.735951 842.825456 99.119064 103.941822
856.257496 839.948482 99.227014 103.723638
853.947587 837.039659 99.092604 103.988110
851.417281 834.452125 99.128577 103.431150
848.832658 831.556863 99.220312 103.141847
846.261332 828.713091 99.292521 103.226231
843.726124 825.845220 98.959981 103.117385
840.840866 823.410340 99.564019 102.802777
838.261347 820.411219 99.392033 102.661437
835.726133 817.191907 99.265420 102.970405
833.567285 814.410330 99.363286 101.943315
831.167779 811.314625 99.117897 102.203953
828.400556 808.893795 99.289596 101.624753
826.399326 805.605118 98.741605 101.812979
824.135553 802.605087 98.943658 101.612358
821.238975 799.598556 99.220046 101.753744
818.876429 796.387438 99.130034 101.830054
816.170905 794.536845 99.101127 100.680617
813.817276 792.360657 98.522079 99.210602
811.439825 790.922205 98.796286 97.769820
809.125180 789.383290 99.307291 95.098863
806.350553 786.019090 99.460521 95.767399
804.066485 783.167222 99.626441 95.944555
801.390402 782.093152 99.677150 93.875269
799.552589 778.618666 99.281160 93.859689
797.090398 777.536095 99.555728 92.689408
794.621013 774.806192 99.589972 92.078847
792.777882 771.667969 98.624548 92.731466
790.567541 769.321080 98.213095 92.823228
785.659850 765.834298 98.620662 93.648350
779.849123 762.441311 98.081962 95.168048
772.346282 759.618641 97.711815 94.938208
762.766633 756.945290 97.234882 95.043422
751.810112 754.037805 97.394062 95.334373
740.459045 751.382640 97.222666 95.270236
728.744707 748.945290 97.634882 95.233607
715.920451 746.782579 96.902259 95.300342
704.277426 744.708230 95.727764 94.474762
690.714610 741.729393 95.394999 95.882359
678.220429 739.232651 94.916445 97.742662
665.331310 737.338928 95.335694 97.234422
652.909198 735.474422 95.322245 96.759826
640.485169 733.105291 93.537994 96.992869
626.007659 731.931006 95.538769 95.537728
612.972554 730.033007 94.845494 95.823118
600.137909 727.662005 94.600693 96.669450
586.765123 725.601430 93.951696 96.105367
573.903121 723.762174 92.408474 96.818997
560.802829 721.385320 92.076643 98.500867
547.491248 719.361114 92.329215 98.697372
534.965577 717.141956 92.614554 98.442091
523.005501 715.003701 91.246366 98.629141
510.310955 712.648429 90.846680 98.786861
497.805029 711.317305 90.006040 98.667311
485.778824 708.920627 90.389924 98.171708
473.856799 706.833005 89.772960 98.654492
462.206249 704.901814 88.965993 98.341948
450.539516 702.828917 87.727026 98.261808
437.416012 701.280815 87.282220 97.513505
423.714022 698.754876 87.025841 98.255292
410.840442 697.304992 86.276810 97.669400
396.711375 695.462319 86.583496 98.016845
383.413774 693.254909 85.756240 98.624043
369.913395 691.116533 85.469491 98.748331
357.134001 689.116501 85.097024 98.941930
345.473891 687.805526 84.478361 98.690392
334.635329 686.117960 84.174430 98.298118
324.777482 683.896297 83.594409 98.806167
315.328816 682.171792 82.604862 98.919108
306.924938 680.343569 81.940838 98.427163
299.976605 678.199868 81.140378 98.303194
293.445628 676.187173 80.351871 98.933855
287.132745 674.553135 79.398850 98.165738
279.645644 672.159778 79.179277 98.239331
271.899089 670.066420 78.705033 98.855854
264.525823 668.294429 78.041574 98.610517
256.845116 666.240474 77.587826 98.840895
248.037372 664.521026 77.649084 98.750418
239.658087 662.310778 78.259971 98.865564
231.657166 660.433208 78.175459 98.950438
223.088083 659.189008 78.056264 98.628170
214.210492 656.945675 79.143099 98.816286
206.456369 655.423354 79.329173 98.318085
198.518324 653.354027 80.387732 97.817242
191.519365 651.423366 81.825110 98.413560
184.157051 649.546048 82.017763 98.869566
177.084697 647.348223 83.291133 98.928766
170.273062 646.083676 84.739569 97.988464
163.221286 644.034260 85.665349 98.426506
156.584766 642.393374 87.091183 98.423132
149.915419 640.338511 88.174091 97.725656
144.049913 638.256004 89.229155 97.958994
139.545476 636.396197 90.617439 98.214438
135.587521 633.501870 91.879314 99.026210
132.436845 631.982095 93.015891 98.271501
130.185202 630.126364 94.296743 98.522150
129.726752 627.675276 95.421185 98.518728
130.072564 625.853539 96.239938 97.925224
130.472029 623.581741 97.484830 98.640922
130.916646 621.565095 99.006051 98.184691
131.358241 620.024792 101.004579 97.098300
132.258220 618.240033 101.819281 96.775330
133.024448 616.814093 102.824894 96.231320
134.706407 615.048842 104.377903 96.200858
135.699602 612.778967 105.749149 95.946252
137.174043 610.796212 106.653506 95.912331
138.866306 609.145490 108.255569 95.740371
140.300323 607.164135 109.540402 95.947753
142.029666 604.741976 110.699361 95.982561
144.104951 603.486753 111.690241 95.164428
146.093409 601.486758 113.425318 95.311950
149.162658 600.047004 114.438692 94.995683
152.105864 598.365582 116.727218 94.989809
155.468283 597.116776 115.414480 94.737288
157.799199 595.324525 117.162796 94.705097
161.608401 594.510637 120.449610 93.752678
165.270685 591.390097 120.833992 95.012818
168.898159 590.156907 122.693472 94.159171
171.803179 588.314963 126.108102 94.001007
174.239752 586.534859 127.379238 94.720524
177.344743 583.687721 127.558109 95.750355
180.275970 582.050688 128.842926 95.477419
182.648197 583.221107 131.576676 93.339950
185.132380 580.858143 131.966171 95.420380
188.000922 579.010732 133.455645 96.180258
189.008217 577.286784 135.398596 96.761176
190.777894 576.263482 136.766265 95.908147
192.056726 574.970579 138.140209 96.638424
185.286079 574.111364 147.659937 96.747266
192.076075 572.019743 143.393415 96.880456
197.771477 571.095754 139.391099 97.896788
199.898861 570.395736 138.871725 97.103090
198.885982 569.085885 143.597502 97.288310
199.667364 568.430544 144.796601 97.786128
202.013278 568.738375 140.373885 96.686540
204.231342 568.376128 143.079048 97.479530
203.483875 567.053222 146.837507 95.579034
203.629709 566.583604 148.689727 95.360560
207.514794 567.428881 145.689242 93.245060
209.728899 565.700525 146.643864 93.296628
210.536077 565.394552 148.362056 93.613243
213.995433 565.468183 148.018786 92.980445
215.777555 564.141994 147.860160 94.481471
217.713205 563.223804 148.621057 94.296835
218.480044 562.695026 150.293986 94.900374
220.627024 562.305674 150.731495 95.145084
223.077921 561.633299 151.087024 95.743316
226.033289 561.110697 151.250027 95.903447
228.669325 561.000111 151.541328 95.085736
230.757632 561.826333 151.707026 93.319524
232.566603 562.750767 152.455708 92.092219
235.355949 562.205026 150.582034 92.336390
239.552820 562.561376 151.169180 92.510079
244.419042 562.642180 150.481311 92.305099
252.324186 562.832168 151.182604 91.592824
259.865214 564.130581 154.906828 89.978454
266.609004 563.699865 156.535157 90.644080
272.966656 561.377104 158.722367 93.459547
280.281682 560.717052 158.956631 93.651923
287.150693 560.874877 157.928791 93.482420
293.154303 561.589571 159.376587 92.638920
300.891801 562.420396 160.310113 90.359613
308.394165 562.816416 161.020666 90.720789
317.975396 562.888851 158.941216 90.421087
325.288463 563.274218 158.838464 89.762766
332.859057 563.105699 158.754315 91.808434
340.211674 563.182950 162.054533 93.479348
347.840990 563.880616 161.219241 91.406642
350.973660 564.577581 166.346482 89.910541
364.939628 565.251055 160.169434 90.162222
374.608641 566.281304 160.039931 90.144556
378.754979 566.869582 156.791733 90.131382
384.245762 567.427787 153.321891 90.186761
389.679671 569.014662 155.364047 89.676594
393.706372 569.839741 158.885612 88.432497
395.110131 571.087392 163.825671 87.897899
396.676547 570.433270 179.835561 89.358624
397.502628 571.459019 174.153036 88.792900
395.094957 568.076013 168.695744 93.408785
393.733627 569.660953 166.056003 93.315250
391.527754 570.371884 162.430679 92.517127
391.437430 573.889883 157.565271 89.552733
384.358779 575.652481 161.406226 88.467830
381.437699 578.880939 163.122428 85.920672
374.260369 578.606716 159.963428 87.013126
371.670404 579.589809 162.128092 88.807790
366.415856 576.958275 159.937083 90.443965
358.383390 577.042562 163.709668 90.736250
360.852901 579.990956 152.569484 90.786949
346.145478 579.394368 162.560402 91.183086
339.420027 581.558877 163.944934 94.836404
337.877707 582.692929 157.490214 90.004470
330.031310 581.325374 156.715725 89.583161
322.223112 583.959226 162.087066 85.566284
317.583530 584.984885 158.686713 89.288286
305.716571 588.272524 165.474513 84.460355
304.483433 586.005114 169.461917 87.975251
304.882710 584.792185 161.298608 89.335000
295.363019 586.354047 164.497614 89.519264
291.104157 585.164606 161.235000 91.404668
281.499069 586.907325 165.258500 89.885222
276.069368 587.697531 164.215809 88.845433
270.938559 588.933448 163.041484 89.394712
263.496646 589.393751 164.321709 90.963537
258.370760 590.768722 164.283884 88.743764
250.203387 591.012710 167.304068 91.571141
251.470502 592.185032 160.357947 87.877241
244.402849 592.781004 160.316422 89.353287
238.642966 593.947575 156.594555 87.338655
232.763414 593.019029 164.538143 89.238445
230.965714 596.280214 166.094271 87.708492
224.283233 598.273064 169.586202 87.813777
221.046563 601.605934 167.543786 87.092982
215.772168 603.746079 166.718599 88.263595
215.184523 605.719091 163.101613 88.669800
209.477988 607.730039 167.541102 89.016294
209.033745 609.773319 162.017745 89.819618
205.050311 612.654642 167.392466 90.664790
200.946478 615.516320 167.192674 91.947390
199.251268 614.675756 167.152491 93.256500
199.287340 618.207283 167.194891 91.229947
195.232686 620.923874 168.702231 90.771439
192.381493 623.173434 166.946865 89.133990
187.663906 625.307268 169.370902 89.910017
191.635063 628.220589 161.806594 87.658377
183.153534 629.614329 167.131923 89.678212
182.948179 632.360282 165.516735 88.855231
178.173308 634.981904 167.317307 88.331576
175.192947 637.572708 167.798286 88.246688
180.803693 639.136194 159.307949 88.950807
171.938561 641.378187 165.519427 88.748072
169.022777 643.689775 165.694984 88.623709
166.177361 645.689757 164.576953 89.427577
163.422443 648.224191 163.076332 89.354215
160.452482 651.312751 165.541365 89.185912
157.289742 653.832543 166.450188 88.286046
154.974968 655.301997 166.476719 88.977406
154.173086 657.816493 166.147304 88.893689
150.801093 660.298459 167.036737 88.680518
150.449781 662.331038 165.784712 89.294024
148.500698 663.927346 165.831087 89.997775
149.204688 666.257795 165.486561 89.797311
146.663932 669.106690 166.037596 89.957423
148.483438 670.505441 166.232231 90.982910
146.920210 672.791105 165.867171 91.320246
149.789455 675.485637 165.007472 90.900434
150.598095 678.009208 164.966440 90.751186
152.641285 680.890648 162.717533 89.896622
155.715720 683.047674 160.589522 90.479506
151.757098 685.054439 164.691692 90.579313
154.164603 687.177148 164.511827 91.160782
154.807942 689.742292 162.299765 91.025691
155.580804 692.562296 162.459388 90.942780
156.051996 694.096834 163.934721 90.727731
156.679631 696.411456 163.409743 91.167605
157.998827 698.794783 163.883212 90.754964
159.329891 700.544324 165.901022 91.111816
161.405136 704.115505 164.052585 89.831456
163.586905 706.196031 165.220865 90.029181
166.195006 707.826812 164.866427 89.990740
169.058845 710.057416 163.633640 90.467039
171.538106 711.693619 164.106471 91.345581
174.549347 713.371623 164.053105 91.632483
177.147199 715.475381 164.133878 91.474450
180.676141 717.475373 162.564909 92.073549
183.733374 720.006606 162.797167 91.736535
187.549365 721.492530 161.133354 90.894348
192.481095 723.527327 158.813809 90.326019
195.767841 724.805831 161.682131 90.914216
200.962683 726.580015 161.713746 91.404757
206.678522 728.354832 162.682340 91.603972
213.318581 729.714494 162.128982 92.052348
221.614467 731.398569 162.839002 91.772707
230.280304 732.810761 163.194622 91.522343
239.266161 734.647695 162.536704 91.549977
249.764678 736.285297 161.943621 91.535959
257.568006 737.993038 161.821138 91.153830
266.541941 738.791347 161.632699 91.654968
277.245746 739.129239 160.349722 92.664724
284.703742 741.423906 161.091084 91.994500
293.483036 742.836640 160.473994 91.688041
302.281675 744.059298 160.809407 91.687053
311.124371 746.700170 160.643481 90.772598
319.923981 747.237638 159.844396 91.429802
329.622097 749.360442 159.519819 90.904979
339.246263 751.235190 159.589285 90.642039
348.330095 752.617371 158.489887 90.670297
357.110519 753.805858 158.941561 91.020702
365.483230 756.343648 152.791294 90.845139
374.445746 757.551623 156.934568 90.421339
383.040263 758.936600 156.191167 90.799817
391.084486 759.792619 156.446410 91.295009
400.430472 762.347786 156.250552 90.817705
409.864851 764.056093 155.782172 90.712257
416.869885 765.749555 155.573583 90.265288
424.536824 767.129301 156.440650 89.817859
433.743537 769.029174 156.147161 89.579150
442.103109 771.016259 156.110999 89.111531
451.831233 772.082574 154.587800 90.431439
460.356712 773.098031 154.943682 91.566781
469.727331 774.801725 154.303711 90.424958
478.492524 776.567619 152.584766 89.874703
485.391755 777.784650 153.057797 89.112215
494.328868 778.058848 147.884796 90.547399
505.727543 779.826981 145.261557 89.191720
511.034321 781.817932 149.767616 89.233556
519.528060 782.871401 144.077311 88.633397
527.271018 783.444373 150.143114 87.924024
534.995774 783.680889 151.529221 88.434529
544.159680 781.935225 152.852276 89.747903
552.136448 782.638676 150.629735 89.192844
560.927648 782.428760 146.866245 88.359963
568.019897 782.099122 148.305851 88.537654
577.033823 780.511075 146.746061 89.900520
584.826780 779.177718 148.693877 89.629017
592.545516 778.685554 149.705338 90.532341
600.610874 778.248577 146.382885 91.142758
608.855651 778.057871 146.411266 91.388516
615.806182 777.840057 146.709774 93.037928
626.254313 777.104985 145.221535 92.080421
633.461692 776.877462 146.429919 92.571804
641.771857 776.971496 146.157221 88.346777
651.239618 776.961455 143.955667 88.588125
659.385213 777.123859 143.193453 87.406666
667.108486 775.863549 142.892700 89.074169
673.487813 775.555534 144.090870 90.396890
681.283219 774.508752 143.920971 90.291996
688.805860 774.576626 143.148419 89.526856
697.641117 774.794878 141.659783 88.428743
703.957394 774.446787 142.593428 88.798448
711.026917 773.656208 142.500573 89.679900
719.301756 773.629121 141.272802 90.002197
727.124840 773.209705 140.806266 90.836954
734.488771 773.321906 140.749980 89.762171
742.933479 772.841091 140.044032 90.401940
750.683794 772.751435 140.079925 90.088692
757.421886 771.784125 139.124387 91.116581
764.984130 771.332689 139.394296 91.374008
772.808681 771.863552 138.475584 90.635647
780.099337 772.365130 138.358984 89.993083
787.300119 772.741152 137.865810 90.068674
794.369654 772.325877 137.390150 90.431767
802.291703 771.574801 136.260514 91.434108
809.127962 771.667056 136.243329 91.663350
816.413911 771.897138 134.549621 92.034887
823.436064 772.125614 134.253567 92.001584
830.433820 773.239703 133.694344 91.183966
836.004894 773.529749 133.438761 91.546244
843.624044 773.699196 131.891701 91.826394
850.955719 773.868927 132.410797 91.699066
857.843974 774.016757 131.395043 91.558502
865.062861 774.421096 130.940931 91.649958
871.613620 774.763874 130.230144 91.561199
878.305256 775.308548 130.122359 91.463505
885.190114 774.757315 129.335367 92.107172
892.072628 774.932706 128.576759 91.830853
897.847776 775.198185 128.298034 91.660971
904.652751 775.405426 126.977919 91.447219
911.087065 775.091899 126.512269 91.853567
916.058168 775.497629 127.213746 91.498141
924.236077 775.784565 124.935983 90.959953
930.065081 775.605580 124.910980 91.108581
935.893109 775.122141 124.709273 91.699419
942.405412 774.928597 123.900979 91.997166
948.522143 774.610793 123.431457 91.606130
954.439735 774.571650 122.790706 91.486913
960.881908 774.196379 121.448573 91.650765
966.410164 774.020228 121.291388 91.652040
971.251735 773.961276 120.721351 91.413867
977.722784 773.392251 119.086229 91.376321
983.052928 773.276414 118.662429 91.163845
988.515591 773.258875 117.541308 90.770068
994.083066 772.556671 116.800745 90.942754
999.843223 772.166811 115.395634 90.530269
1004.865144 771.762025 115.239622 90.644777
1010.080231 771.195708 113.967036 90.457238
1015.014295 771.029206 112.754072 90.038893
1020.264072 770.215511 111.395720 89.977920
1025.037158 769.558985 111.168919 90.133450
1030.027816 768.817266 109.878873 89.977664
1034.645267 768.421061 108.840070 90.019362
1039.410084 767.797769 108.100141 89.227657
1044.029722 767.078790 106.989616 89.259050
1048.178805 766.131638 106.627090 89.501279
1052.633995 765.013079 105.629723 90.045815
1056.885712 764.271731 104.994260 89.233133
1061.081449 763.623877 104.073530 88.985135
1065.330420 762.699757 102.867398 89.120126
1069.463661 762.293475 102.569142 88.904901
1073.646107 761.733307 101.407696 88.158864
1077.574565 760.672438 100.498797 89.012039
1081.236295 759.672432 99.607457 89.383651
1084.859439 758.873369 98.990672 88.965521
1088.917579 758.114142 98.008996 89.279275
1092.443754 757.615069 97.073340 89.023351
1095.874564 756.515486 96.506891 88.727983
1099.442637 755.919923 95.663991 88.804131
1102.867250 754.865359 94.964600 88.806899
1106.024195 754.665333 94.491791 87.615451
1109.322559 753.442132 93.851588 87.823867
1112.491991 752.322646 93.112787 88.078670
1115.126826 751.211287 92.356684 88.134739
1118.406572 750.193944 91.070318 88.301745
1121.239570 749.382405 89.568514 87.827806
1124.024343 748.348111 89.203107 88.054975
1126.377757 747.136199 88.652375 87.973864
1129.084447 746.064309 87.272367 88.184673
1132.060569 744.476072 85.859944 89.790590
1134.233249 743.785699 85.270467 89.245324
1136.464895 742.734711 84.668412 88.964488
1138.611280 741.812606 83.921443 88.816214
1140.651483 740.466934 83.429451 89.045165
1143.145043 738.790055 82.022680 89.409724
1145.245597 737.752216 81.332515 88.971372
1146.767353 736.446782 81.006866 88.961325
1148.836879 735.262483 79.986494 89.052954
1150.553125 734.224951 79.299964 88.611685
1151.881855 732.821439 78.975424 88.847668
1153.817382 731.388667 78.199650 88.491616
1155.130576 730.153597 77.814855 88.698977
1156.652784 728.627709 76.565307 88.311530
1157.743414 727.148557 76.005063 88.317288
1159.139579 725.810157 75.305828 88.613492
1160.143578 724.624586 74.635299 87.633522
1160.754628 723.243542 74.265788 88.133255
1162.128918 721.665575 73.506939 87.996266
1162.698563 720.330340 73.548209 87.513474
1163.382818 718.350428 72.636456 87.230217
1164.269931 716.771885 70.626265 87.189725
1164.931978 715.207682 69.938477 86.986988
1164.773370 713.615252 70.337468 86.990645
1165.496725 711.727975 69.348169 87.299474
1165.890771 710.197067 68.733540 86.944295
1165.744039 708.132669 68.808578 86.821356
1166.038514 706.535939 68.648211 87.140247
1166.060173 704.874462 68.527862 86.412176
1165.984675 703.345899 68.255369 86.384161
1165.816753 701.701888 68.293777 86.411187
1165.113280 700.224563 68.953347 86.171322
1164.724633 698.212655 68.820198 86.234258
1164.108429 696.944298 69.171036 85.959847
1163.687363 695.185238 69.388216 86.263547
1162.770191 693.602938 70.079696 85.642041
1162.309440 691.657769 69.946502 85.265421
1161.362659 690.064946 70.504665 84.969132
1160.027302 688.125124 71.265567 84.703554
1158.795748 686.261240 72.079266 84.826786
1157.802111 684.098938 72.374978 84.875756
1157.208757 682.636029 72.892434 84.338638
1157.249448 680.397637 73.627762 84.669367
1157.131995 678.357641 74.800023 84.387129
1157.983365 676.018986 75.021381 84.762866
1158.558999 674.041411 75.534373 84.248644
1159.008113 671.739677 76.238078 85.001059
1159.117761 669.824762 77.145520 83.932408
1159.335193 667.482582 78.196696 83.890141
1159.856376 665.388634 78.763620 83.611612
1160.440310 663.167651 79.394533 83.536581
1161.373622 660.931196 80.195468 83.157208
1162.455368 658.944757 81.448488 83.051059
1164.253366 656.514292 81.942126 83.302302
1166.018515 655.177231 83.143409 82.381509
1168.771830 653.348366 84.168500 81.510193
1172.752624 651.518665 84.666475 80.688248
1176.914513 649.291369 85.200715 81.444416
1181.638563 647.205757 85.790549 81.681241
1186.455607 645.462597 86.878003 81.409925
1191.349465 644.053450 86.877862 81.133256
1195.594262 642.399267 88.313819 81.419903
1200.913939 640.637034 89.001789 80.871552
1205.839923 638.972686 89.451095 80.989208
1211.298977 637.349062 90.296193 80.855192
1218.310479 635.989009 90.539177 80.900171
1226.189895 634.157939 91.034187 81.647712
1234.419023 633.125920 91.814225 81.145840
1243.013814 631.780710 92.137104 80.895180
1252.297501 630.560247 93.025389 80.491818
1261.324240 629.380144 94.199013 80.034575
1270.470059 627.705648 95.027321 80.568656
1279.466919 626.451080 95.146721 80.447045
1287.344347 624.846346 97.103550 80.303704
1296.064841 623.687815 97.956315 79.687290
1304.074564 622.608559 98.274701 79.499720
1311.332421 621.017618 98.275622 80.342083
1317.564589 619.887060 98.631054 79.578261
1322.209735 618.555240 99.466537 79.469419
1324.769607 617.164630 100.363886 79.991944
1326.221094 616.071288 101.780107 79.781540
1327.160109 614.951815 102.773064 79.398639
1328.073102 613.604845 103.003476 79.477239
1327.961862 612.362271 103.830242 79.198888
1327.883815 610.992819 104.266192 79.315967
1327.005894 609.981545 105.288920 78.906844
1326.881145 608.740155 105.412359 78.625728
1325.944196 607.350632 106.277771 78.537767
1325.456433 605.939266 106.552040 78.380307
1324.548553 604.156746 107.464848 78.750781
1323.619519 603.085597 108.029709 78.479954
1322.459235 601.529147 108.842709 78.849812
1321.570385 599.998179 109.517209 78.782582
1320.598282 598.596192 109.913054 78.665102
1319.598260 597.253240 110.133243 78.559811
1318.677651 596.200999 110.184021 77.403852
1317.431380 595.034719 110.950638 77.494608
1316.075617 593.822107 112.043037 76.989264
1315.020672 592.725354 112.700723 76.724882
1314.038672 590.194666 113.254151 78.019836
1312.878320 587.990157 113.773908 78.835537
1312.930074 586.387634 113.738874 79.139778
1312.763658 585.387641 113.905290 78.541796
1312.633251 584.402149 114.241358 77.971433
1312.356605 583.300328 114.674521 77.903836
1312.150767 582.253140 115.216369 77.676298
1312.206669 581.652016 115.316892 76.727565
1312.339239 580.558784 115.948965 76.669022
1312.930074 579.102179 116.143396 77.025333
1313.541295 578.542478 116.330966 76.560699
1314.318379 577.453259 117.038055 76.090431
1314.948269 575.900753 117.839383 76.362547
1315.818901 574.746196 117.744489 76.331167
1316.538627 573.597113 116.607358 76.891568
1317.019507 573.234038 118.258929 76.212412
1317.720671 571.846184 117.965023 76.064923
1318.257533 570.843726 118.264814 75.972794
1319.032085 569.827818 117.959948 76.215143
1319.343942 568.696017 118.198047 76.204087
1320.201200 568.020208 118.280156 75.727133
1320.749401 567.039558 118.486792 75.610130
1320.947435 565.794567 118.798110 75.647278
1321.522575 564.972229 119.328703 75.271902
1321.927831 563.827811 119.248789 75.083312
1322.067398 562.876024 119.701497 75.118171
1322.414611 561.945032 119.638947 75.145270
1322.586032 561.068083 119.631761 75.009288
1322.380266 560.306343 119.978354 74.854338
1321.725765 558.887703 120.123124 75.492270
1321.068468 558.062235 120.434046 75.328856
1320.763441 557.559559 120.680487 74.840308
1319.952181 556.319891 121.121485 75.121609
1319.645885 555.623627 120.630680 75.209634
1317.898930 554.559544 120.838021 75.090514
1315.604258 554.173327 120.972830 74.770066
1311.877858 552.870481 120.972523 75.102780
1307.610366 552.341797 120.737094 74.359681
1302.457339 551.208232 121.265025 74.792831
1296.937837 550.528249 121.391651 74.436942
1290.706626 549.524128 122.101347 74.323126
1285.330682 548.529995 121.266009 74.254511
1278.784351 548.139934 122.511584 73.459921
1272.414059 546.985913 122.663737 74.123415
1266.069263 546.583789 123.070888 73.543535
1260.468708 545.856321 122.127995 73.845156
1253.973969 544.749867 123.017823 74.070384
1247.350096 544.027242 123.375332 73.851715
1241.860028 543.120791 122.376802 74.381210
1235.798037 542.675449 122.289575 73.951972
1229.367669 541.247198 122.928269 74.495758
1222.816398 540.804119 123.237809 74.039845
1217.499675 539.711268 122.078685 74.299674
1210.972941 538.902621 122.623727 74.299099
1205.169342 538.306940 122.442450 74.195068
1198.087068 536.576060 123.740506 75.125412
1193.360696 536.342691 121.762407 74.572080
1185.757429 535.623628 123.742822 74.452630
1181.028131 534.087938 122.507050 74.820640
1173.877564 533.934190 123.182568 74.350596
1167.676925 533.623570 123.432294 73.687149
1162.065326 534.026845 122.438623 72.484620
1155.015978 532.505355 123.652130 72.927660
1148.648143 532.218848 123.382920 72.660098
1142.274718 531.946015 123.404234 72.136296
1135.773835 530.507806 123.256954 72.995299
1129.162409 529.846135 123.583454 73.350020
1124.292743 529.445147 122.168718 72.983493
1117.198449 528.572377 123.340715 73.221593
1113.091718 528.124388 122.202200 72.926482
1108.457422 527.356724 121.720324 72.985609
1104.002927 526.741297 121.788294 73.009379
1101.324399 526.900976 120.621355 72.147783
1096.162569 526.081668 121.741608 72.259582
1093.828902 525.911075 120.835537 72.241073
1089.549863 525.456327 121.350837 71.970543
1087.314258 524.928314 120.156351 71.691638
1084.421459 524.308795 119.960218 71.458664
1081.379555 523.450424 119.809849 71.846626
1078.850045 523.083758 119.726519 71.736997
1076.784319 523.152405 119.733315 71.301167
1074.630560 522.544741 119.842436 71.361736
1072.609833 521.859272 120.185490 71.678856
1070.655903 521.218393 120.354732 71.911249
1068.811878 520.803572 120.247843 72.079674
1066.520417 520.028054 120.900046 72.017846
1064.742333 518.536177 120.610275 73.105951
1063.357712 518.153606 119.779854 72.874860
1061.326642 517.394658 120.425322 73.059951
1059.198421 516.972140 120.210301 73.056305
1056.727853 516.527907 120.759902 73.454392
1055.416076 516.784268 119.959673 72.672079
1053.228127 515.746576 119.724686 73.552558
1051.958467 515.567582 118.901018 73.946391
1050.369470 515.844115 119.062785 73.741047
1048.268329 515.614028 118.709812 73.971135
1045.986421 514.964802 119.280325 74.412625
1044.481069 516.173215 118.378412 73.952758
1042.738784 517.072720 118.214040 73.042078
1040.363669 517.217517 117.902867 73.496989
1037.726212 517.711805 118.232264 73.474093
1035.472094 517.994198 117.673793 73.553095
1032.551547 518.350585 117.796160 73.741933
1029.667984 519.173000 117.001373 72.958391
1026.998078 519.286003 117.018138 73.305695
1023.990890 519.184816 116.614301 73.669468
1020.526699 519.461118 116.854566 73.561501
1017.097007 520.975781 117.152783 72.253636
1014.313779 521.331027 116.751934 72.294887
1010.329997 523.132947 117.284506 71.358803
1007.745286 523.669476 116.598573 70.631399
1003.262835 524.339908 117.569853 70.714685
1000.033165 526.043780 116.645080 69.964247
1000.411155 525.915160 112.478427 70.814987
993.208035 525.151155 115.799291 72.613668
989.658081 525.960432 115.415753 71.883381
985.351040 526.192181 116.166030 72.612331
981.283624 525.622174 115.944389 73.757112
976.724244 525.792028 115.694175 74.326323
972.468560 527.001703 115.808300 73.926842
968.305339 528.915751 116.209606 72.301728
964.484335 529.103241 115.734854 72.749516
960.831496 529.610190 116.343483 73.059537
956.139723 530.464060 116.641453 73.319267
952.293841 531.265101 117.162012 74.600602
948.068697 531.530488 118.020085 75.329396
944.373420 531.455471 117.529033 75.563190
941.965248 532.247882 120.108280 75.109640
938.741248 532.909818 119.742278 75.747248
936.027703 533.185848 119.486545 74.922596
932.640236 533.546717 118.741588 74.863679
929.831234 533.426771 115.545518 75.527085
928.024218 533.442141 114.945497 74.563671
925.685677 534.374056 114.555925 73.757013
924.244639 535.319969 113.948941 73.149523
922.485244 535.332021 114.369179 73.207022
921.155341 535.793499 114.152955 73.215667
919.820929 537.018880 113.808074 72.205963
918.512920 537.058930 113.623251 72.782240
917.300330 537.148908 114.165838 72.839090
916.875761 537.358435 114.082553 73.155504
916.316265 538.192181 114.183596 73.113878
916.480876 538.975386 113.515956 73.288733
916.895083 539.731482 113.459297 72.445255
917.708474 540.103260 112.107624 72.450483
918.118935 540.314984 112.583278 72.769939
918.845122 541.094486 112.588037 72.435740
919.441490 540.846413 112.376969 73.601352
919.761026 540.877304 112.357482 73.769668
919.925095 541.595504 112.157963 73.175894
920.410467 541.982987 111.710805 73.095172
921.295729 542.126130 110.752643 72.262649
921.232152 543.303400 110.672564 71.745997
921.214566 543.884465 110.803141 72.006345
921.882756 544.375264 110.825039 72.278165
922.445159 544.555782 110.610876 72.412182
923.344592 544.777918 110.667314 72.434769
923.604566 544.833983 110.869863 72.917390
924.273809 545.576784 110.281879 72.441227
925.306462 545.060289 110.205584 73.691073
925.943579 545.391870 110.073553 73.933037
926.697009 545.874228 109.972415 73.817927
927.591410 545.610563 109.926415 74.249245
927.943560 546.760579 109.997943 73.313546
928.855189 546.623573 109.814261 73.544227
929.607277 547.733618 109.373007 72.848105
930.848809 547.085921 109.131036 73.564836
931.567453 547.914790 109.330653 72.653101
932.339450 548.393815 109.253227 72.712176
933.495802 547.894011 109.021079 73.292813
933.992167 547.987378 109.374733 73.440344
935.097044 547.896079 108.968694 73.763400
936.254140 548.202577 108.736617 73.247250
937.161479 548.219651 108.969957 73.355323
937.953188 548.704990 109.140322 73.357835
939.005281 548.339509 109.088196 73.713782
939.973719 549.463340 108.367599 72.929133
940.986864 548.975989 107.609171 73.437570
942.123435 549.991616 107.703159 72.717433
943.254491 549.659096 106.987287 73.044837
944.207640 549.902955 106.940106 72.891769
945.238072 549.544770 106.851172 73.712717
946.048278 549.086011 106.678861 74.121033
947.072095 550.011991 106.523922 73.176536
948.259521 549.930395 106.311187 73.202466
949.548212 550.133680 105.233654 73.287354
950.294231 550.460287 105.862418 72.792410
950.989938 550.825906 105.433698 72.386601
952.532721 550.347106 104.882679 72.988469
953.583086 550.829777 104.542031 72.643396
955.026787 551.083383 103.811281 72.246090
955.911555 551.197078 103.903714 72.327428
956.964387 550.713665 103.573119 72.589856
958.014041 549.859507 103.379174 73.354177
959.569746 550.448388 102.401293 72.722521
960.546361 550.493714 101.906598 72.704780
961.438906 550.454843 101.647785 72.421672
962.537038 550.059261 101.130325 73.251051
963.628659 550.243543 100.825086 72.665896
964.813769 549.700322 100.068488 73.401738
965.813767 550.176026 99.930403 72.366132
966.929940 550.749700 99.426851 72.059187
968.592259 550.760546 99.162739 72.127275
970.449673 550.716529 98.612294 72.102061
972.042378 550.611760 97.894685 71.872535
973.746090 550.690496 96.966393 71.778662
974.790613 550.467453 97.374501 71.827194
976.804755 550.115708 96.735630 71.780871
978.349740 549.841101 96.407486 72.315225
980.360498 549.801763 95.504197 72.539977
982.080228 549.618702 95.161111 71.846826
983.630873 549.584064 94.518995 72.399929
985.540979 548.956113 93.832041 73.027880
986.996056 549.034990 93.824717 72.808750
988.903716 549.042314 93.403759 72.196069
990.132234 548.861554 93.432063 72.388770
991.903586 549.303386 92.467707 71.445865
994.023914 548.637016 91.868925 71.901688
995.935444 548.221645 91.247358 71.743115
997.965778 548.286786 90.893523 70.925983
999.530816 548.119011 90.847535 70.986269
1001.209966 546.177897 90.714770 73.407508
1003.489202 546.438374 89.637052 72.457208
1005.188426 547.059567 89.433393 71.085241
1006.958433 547.155183 89.550276 70.404509
1009.065310 547.087914 89.241845 69.715005
1011.159034 546.554676 88.983003 70.586216
1014.250593 546.561997 88.094898 69.976819
1015.698998 546.302856 88.401454 69.405334
1018.057235 545.823132 87.833378 69.166373
1020.866858 545.883917 86.671428 69.388059
1023.289762 545.874426 86.603479 69.155107
1025.248093 544.288399 86.215962 69.523083
1027.164570 545.331390 85.935138 68.670867
1029.555226 544.059487 84.736945 68.556653
1031.571060 543.803075 84.256828 68.433893
1032.932305 543.402800 84.083596 67.797651
1034.609254 542.971089 83.766784 67.513567
1036.485238 541.748578 83.779158 68.704860
1038.319685 540.033448 83.223579 69.811041
1039.851724 539.319703 82.921710 70.207647
1040.751828 539.543322 82.924910 68.911770
1040.821820 538.456189 83.298651 69.604432
1041.380788 538.170099 82.563758 69.284988
1042.139651 537.268513 81.924786 69.748055
1042.364471 536.829641 81.841135 69.452402
1043.038896 536.110429 81.365705 69.736624
1043.848065 535.978279 80.446668 69.303757
1044.301287 536.517440 80.252797 69.095325
1044.893644 537.021822 80.188814 68.791815
1045.446396 537.345476 79.945934 68.626435
1046.002372 537.267803 79.553471 68.954736
1046.526093 538.749575 79.487650 68.013239
1045.994357 539.080252 79.911543 68.001306
1046.513413 539.510579 78.859891 68.200137
1047.284974 539.981140 77.613668 68.157613
1047.515783 540.074743 77.429848 68.847631
1047.681606 541.737323 77.320830 68.129096
1048.365683 541.895210 76.684714 68.935460
1048.398970 542.538612 76.516924 68.893540
1049.019527 543.074732 75.845725 68.618906
1049.317907 543.378268 75.641716 68.950864
1050.003049 545.084342 75.623927 67.371675
1050.434668 545.611582 75.241446 67.576321
1051.176516 546.411591 74.561619 67.106498
1051.617991 546.740041 74.237187 66.851847
1052.174097 546.875683 73.919439 66.782617
1052.839445 547.167292 73.420838 66.961290
1052.801533 547.504356 73.088569 67.045188
1052.875927 547.854347 73.014175 67.454826
1052.802515 548.398924 72.765969 67.018727
1052.432159 548.567287 72.828463 67.633799
1052.021351 548.924070 72.774883 68.119185
1051.277282 549.257954 72.483596 67.159678
1050.465511 549.776775 72.326235 67.289065
1049.042915 549.947871 71.933154 67.694521
1047.118839 550.427152 71.456603 67.459382
1044.980575 550.731454 71.688545 67.268144
1043.055901 550.871960 71.165080 67.661992
1041.318678 551.360702 70.946841 67.398939
1039.351716 552.083260 70.721937 67.600671
1037.427077 552.597255 70.646576 67.449458
1035.696623 553.425490 70.194522 66.953891
1033.703852 554.010411 70.209508 66.702095
1031.629784 554.319487 69.976602 66.549822
1029.069911 554.663612 70.656622 66.628261
1027.332543 555.079371 70.404976 66.544195
1026.475739 555.801549 69.437628 65.935974
1024.568659 556.215686 69.176579 66.052169
1022.751548 556.494343 68.993721 66.020123
1020.504909 557.006287 69.405956 65.815064
1018.751535 557.759853 69.080120 65.420198
1016.654450 558.498011 69.281645 64.920888
1015.179881 558.659992 68.875352 65.406941
1013.325383 559.212371 68.261767 65.145100
1011.341390 559.697785 68.599942 65.517534
1009.867511 560.414308 68.230698 64.856476
1007.669634 561.051334 68.721873 64.716036
1006.032230 561.994515 68.316625 64.530640
1004.377640 562.318315 67.887384 64.751803
1002.871538 563.105797 68.227325 64.299539
1000.542209 563.570190 68.228856 64.266506
998.832360 564.072462 67.896983 64.332870
997.586777 564.659241 67.478333 63.785365
995.668646 565.489873 67.368284 63.692293
993.775968 566.064260 67.637213 63.433307
992.344872 566.749929 67.026234 62.874659
990.401215 567.531223 66.894985 63.145598
988.647323 568.238000 67.372437 62.724426
987.012177 568.919397 67.200165 62.672377
985.189346 569.660950 67.148854 62.593277
983.007991 569.857753 67.458087 63.068782
981.554060 570.528056 67.575539 62.814861
980.259754 571.205113 67.126036 62.336267
978.859911 571.664727 66.481993 62.601829
977.001630 572.085109 66.433359 62.339465
975.443821 572.832941 67.088759 62.724426
973.824629 574.080169 66.352560 62.132156
971.955142 574.419260 66.558701 62.387696
970.389670 575.185684 66.414048 61.992155
968.695705 576.024934 66.656345 61.656020
967.374291 576.993265 65.808571 60.903438
965.945361 577.685299 66.339588 60.352139
963.768618 578.333498 66.503805 59.884885
962.636376 579.078184 66.391798 59.824404
960.908388 579.551983 66.198998 59.825693
959.705232 580.322705 65.443351 59.555052
957.788354 581.430561 65.737689 59.366292
955.891799 582.245692 65.634254 58.803938
954.357884 582.367521 65.750069 59.492484
952.372600 582.504983 66.112366 59.992887
951.340199 583.845042 65.641012 59.476550
949.442162 584.797982 66.001853 59.360838
948.063720 585.553355 66.044085 59.005045
946.822883 586.461311 65.950935 58.588332
945.426656 587.168684 65.394042 58.612915
943.721514 588.418163 65.475942 58.176907
942.372162 589.147511 65.525513 57.937127
940.907461 589.881410 65.364163 57.974564
939.747539 590.519526 65.231440 57.629857
937.485615 591.464518 65.953626 57.930923
936.406204 592.388169 65.954756 57.852377
934.893468 593.053190 65.754895 57.682912
933.429770 593.814415 65.634766 57.611848
932.205516 594.573524 64.988387 58.165757
930.949296 595.244947 64.945877 57.501232
929.216046 596.186562 64.885986 56.971792
927.987347 597.680131 64.405955 55.768382
926.369840 598.287211 64.600055 55.958692
924.795772 599.095519 64.882101 55.618825
923.232662 599.385917 65.065026 56.329293
921.581120 600.864830 65.104444 55.741193
920.533006 601.554058 64.722914 56.510704
919.021067 602.802985 64.746200 55.936633
917.693830 604.095533 64.123374 55.709278
916.369747 605.828612 64.132603 55.098732
914.985715 607.065912 64.054951 54.496067
914.118911 607.946396 63.826474 55.070268
912.427489 609.404145 63.743328 54.722758
911.216896 610.403054 63.155489 54.512106
909.610887 611.830275 63.306379 54.230949
907.939153 613.065387 63.582569 54.113600
905.914642 614.851287 64.122360 53.593928
904.906405 615.821141 64.026256 53.858983
902.981334 617.115353 63.975753 53.358492
901.808123 618.098781 63.877238 53.640147
900.412932 619.396630 63.744432 53.635164
899.330327 620.947351 63.355018 53.320206
897.893846 622.103020 63.127784 53.193089
896.567816 623.286886 62.985522 53.414097
895.089357 624.743490 62.772553 53.021626
894.117224 626.286891 62.396033 52.830599
892.202112 627.310044 63.133109 52.771947
891.020678 628.543791 63.100688 52.835266
889.437682 629.830574 63.236329 52.812840
887.979581 631.447818 63.096720 52.265894
886.914918 632.406876 62.660513 52.272891
885.364967 634.288188 62.692810 51.764937
883.943610 635.428002 62.329761 51.919792
883.002440 636.624168 61.942798 51.933831
881.359443 638.283178 62.444749 51.445695
879.844955 639.734788 62.630089 51.092038
878.742743 641.552179 62.342251 50.671575
877.066389 642.977359 62.266430 50.712212
875.489295 644.217504 62.290143 51.245304
874.742696 645.765703 61.744375 51.401110
873.447533 647.310342 61.885341 51.152440
871.970678 648.737645 61.420844 50.951937
870.070477 650.669663 61.732131 50.287083
869.260093 652.036474 61.128791 50.413543
867.616112 653.611099 61.276375 50.331467
866.929802 655.007767 60.946297 50.487259
864.721325 656.876122 61.657675 49.842064
863.679474 658.007767 61.329025 50.044586
862.071009 659.963570 61.618680 49.559288
860.552673 661.156365 61.301254 49.942562
859.558060 662.699883 61.078461 50.158409
858.026505 664.391840 60.865982 50.014520
856.887854 666.215511 60.880087 49.994939
855.449647 667.614875 60.622544 49.930896
854.030773 670.140391 60.565548 49.283831
852.612337 671.218220 60.545919 49.559407
851.571104 673.483360 60.404852 48.719994
849.931867 675.398912 60.543134 48.305012
848.745923 676.892275 60.229039 48.921409
847.790308 678.458260 60.076307 48.674312
845.987416 680.063504 60.206356 48.667739
845.005188 681.748788 60.109771 48.627610
843.298113 683.352728 60.237096 48.486828
841.962756 685.034564 60.050275 48.806628
840.421810 686.835048 60.151611 48.623023
839.147894 688.150749 60.249500 48.960805
837.869950 689.863679 60.411519 48.648891
837.240201 692.006178 60.390700 48.780029
835.807973 693.458262 60.319757 49.081578
834.069699 695.086974 60.611865 48.798583
832.869969 696.281589 60.372985 49.285540
831.038516 697.436191 60.528249 49.313430
829.799411 700.101521 60.551128 48.277157
828.483562 702.175640 60.788286 47.983980
827.267134 703.237575 60.459802 48.304848
825.652653 704.835038 60.057197 48.541390
824.821713 706.352697 60.176181 48.351499
823.080846 708.352705 59.888023 48.162844
821.850948 710.628205 60.091386 47.404354
820.650272 712.228990 60.314045 47.454163
819.219337 711.610090 60.551114 48.079979
818.178699 710.912352 59.872525 48.082624
816.510081 709.984086 59.793396 48.062800
