927.000000 736.000000 87.000000 132.000000
926.965828 731.634121 87.449361 133.440336
926.338123 728.243977 87.319906 134.032400
926.351971 725.651379 87.619722 133.660718
925.793188 721.986445 87.557809 133.381068
925.733075 718.911480 87.541665 132.814151
925.328308 715.039138 87.700033 133.718600
924.793243 712.119773 87.751213 133.256266
925.857389 708.957040 86.515300 132.885719
924.973859 705.502597 86.894662 132.536588
924.857082 701.980041 86.731982 132.924524
924.203038 698.406722 87.567563 132.940642
924.277442 694.668836 86.960316 133.483757
923.658238 691.806501 87.516349 132.394074
923.273011 688.369308 87.415367 132.065966
922.983587 685.548294 87.397513 131.490872
922.575265 681.685796 87.463815 132.265066
922.257650 678.607075 87.610678 131.643802
921.466479 675.027592 87.833395 131.888662
921.959588 671.938511 87.646241 131.743146
921.029739 668.075049 87.704342 132.272292
921.093529 664.844007 87.287618 131.837665
920.473635 661.169995 87.990468 131.133603
920.141306 657.830649 87.786729 131.270117
920.456494 654.595475 87.456266 131.075244
920.293065 651.064076 87.230002 130.781676
920.054800 648.469726 87.269550 130.223302
919.929311 646.104226 87.231225 129.670505
919.929311 643.713197 87.037313 130.030597
919.929311 642.063678 87.134180 129.386231
920.292021 640.262424 87.201547 129.850567
921.599104 638.307969 86.740600 129.313051
921.945622 636.841499 87.483034 128.552034
923.973788 635.156780 86.501008 128.359003
925.093899 633.237635 86.667499 127.867046
926.639556 631.327307 86.566815 127.595075
928.699451 629.215197 86.246172 128.366460
930.249263 627.531291 86.315870 127.868291
932.102985 626.069410 85.956355 126.906712
933.739839 624.107248 86.044752 127.548496
935.133359 621.824511 86.419821 128.233737
937.265072 620.012805 85.791803 127.848900
938.699447 618.409331 85.609598 127.164646
939.627388 616.358306 85.981010 126.988095
940.418717 614.626644 86.044173 126.479523
940.877632 612.938249 85.659793 126.227943
941.264286 611.022326 85.671872 127.058973
941.964970 608.908387 85.461268 127.257797
942.277330 607.280094 84.864639 126.963734
943.057974 605.038624 85.547893 127.982194
943.609545 603.810935 85.205259 127.978236
944.886287 602.993337 84.853697 126.601726
945.500132 600.694180 85.120278 127.199027
946.511376 599.280083 85.026030 127.386995
948.094759 597.492623 84.668558 126.733599
948.760993 596.291844 84.954883 126.022368
950.026011 594.542698 84.709990 126.651060
950.656935 593.335612 85.154539 126.522647
951.984291 591.083683 84.862449 126.199871
952.500118 589.856185 84.739839 126.475690
952.447690 588.675573 85.077417 125.321742
952.465867 586.849829 84.654768 125.276518
952.024048 586.159326 85.224748 124.742742
952.225909 584.551833 84.906480 124.872096
952.024048 583.160189 84.617324 123.967117
952.288852 581.550841 84.416243 124.473211
951.948956 579.810525 84.186150 124.620152
951.550521 578.680506 84.590646 123.927778
951.497118 577.202619 84.224314 124.592020
951.710203 575.768752 84.150837 123.833309
951.486957 574.375042 83.988584 123.647354
951.671427 572.552132 84.040002 123.530513
951.164020 571.411580 84.080795 123.795571
951.332375 569.725045 84.168331 123.888589
951.205230 568.589846 83.592522 123.610228
950.956698 566.771195 84.013296 123.315552
950.912495 565.334080 83.563008 123.456957
950.671417 564.329191 83.528068 123.287950
950.249013 563.329194 83.580706 122.464635
950.054474 561.895232 84.223983 122.429532
949.797771 560.882036 84.218814 122.146268
949.691353 559.542436 84.278672 122.662130
949.903837 558.115115 83.880424 122.444767
949.558284 556.937918 84.089359 122.386840
949.558284 555.797331 83.763996 122.348445
949.240349 554.247919 84.174744 122.900189
949.089124 553.654680 83.648482 121.959797
948.629432 551.947450 84.462650 122.092541
948.531044 551.219605 83.745085 122.102641
948.399681 549.971136 83.737368 120.663948
948.543941 548.712576 83.511151 120.225022
947.934655 547.615200 83.656640 120.023969
947.934655 546.615215 83.748718 120.196673
947.614190 545.631730 83.701706 119.248427
947.854291 544.432339 83.595634 120.080987
947.881474 543.223917 83.251463 119.599562
946.895239 541.749341 84.140091 120.234178
947.623535 540.816520 83.125487 119.763952
946.928675 539.582104 83.367339 119.712423
947.011309 538.846856 83.346237 119.148593
946.849337 537.566577 83.440468 119.312884
946.499916 536.248148 83.567932 118.305824
947.177865 535.635869 82.830920 118.358090
946.845051 534.442967 83.146857 119.006070
946.901866 534.283580 82.655770 117.997164
946.762044 532.846718 82.901203 118.043546
946.025289 531.682566 83.226977 118.037631
946.211551 530.850353 82.871855 118.082990
946.367314 529.682570 82.487552 118.037631
946.468241 528.476699 82.500040 118.130285
946.025289 527.659570 82.728204 117.699944
946.156429 526.984606 82.948869 117.318272
945.999335 525.984596 82.877738 117.374925
945.788661 525.146379 83.042849 117.667698
946.123995 524.173496 82.814669 116.925865
945.894182 523.308793 83.302679 117.236968
945.841463 522.336175 83.172436 117.157740
945.946807 521.660090 82.884704 116.777375
946.070531 520.874920 82.888794 116.670853
945.785619 520.435113 82.975778 116.054289
946.101638 519.281419 82.207326 116.115369
945.302600 518.417620 83.161710 116.758391
946.276157 517.955287 82.225350 116.308811
945.836343 516.688083 82.673102 116.626128
946.049181 516.035555 82.440365 116.453838
946.172346 515.250518 81.804736 115.783256
945.964895 514.625202 82.257234 116.130666
945.965688 514.136759 82.282971 115.645593
946.016769 513.386453 82.205360 115.082552
945.728656 513.020748 82.619124 115.509977
945.912927 512.136759 82.038262 116.095623
945.928643 511.818349 82.535965 115.851853
946.326434 511.136772 81.967555 115.309577
946.620267 510.902494 81.413666 114.814901
946.098502 510.409615 82.042437 115.073783
946.098859 510.548285 82.069369 114.691863
946.223775 509.523501 82.196735 115.716648
945.942029 509.216090 82.162413 115.510186
945.912927 508.783782 82.490504 115.466330
945.756497 508.689432 82.510897 115.542949
945.808722 508.374335 82.322960 115.632747
945.860865 508.020757 82.361265 116.130491
945.705403 507.886127 82.497871 115.596823
945.964895 508.158555 82.076499 115.696299
945.860865 507.862897 82.316054 116.005757
946.069186 508.043835 82.315681 116.287410
946.017471 508.514126 82.367397 115.590113
946.068562 508.453288 82.063119 116.231368
946.017471 509.080643 81.869357 116.229637
945.912927 509.689446 82.309202 116.279046
946.069186 510.279511 82.088811 117.252854
946.494180 511.926213 82.113184 117.894227
946.571482 514.234691 82.214520 117.060892
946.329309 515.953263 82.204295 117.741532
946.622972 517.615834 81.981296 118.263081
946.208603 519.900171 82.259687 116.929634
945.944023 520.712975 82.636005 117.873870
946.021003 521.265382 82.459224 117.752814
945.841463 522.265392 82.717434 117.292213
946.156429 522.989448 82.857469 117.322771
946.208603 523.423343 82.531918 118.348275
945.950192 524.449709 82.676903 118.447253
946.002626 524.974951 82.761017 118.688805
946.159446 525.735968 82.513137 118.869591
946.159446 526.329718 82.604196 118.983313
946.327413 526.849439 82.669958 119.755891
946.215189 528.398539 82.799064 118.798153
946.399673 529.010018 82.511217 119.771123
946.473928 530.003055 82.632030 119.546241
946.679337 531.082397 82.426620 119.114289
946.713295 532.054365 82.424775 119.252028
946.713295 533.488825 82.561469 118.532805
946.553309 533.895392 82.790037 119.587055
946.872643 535.398526 82.652307 118.915542
946.765267 536.249980 82.783764 119.179849
946.504567 537.647475 83.319887 118.957856
946.638327 538.764329 83.284359 119.022626
946.691228 539.844016 83.185716 118.186766
946.739553 540.726641 83.527345 119.348260
946.378340 541.793906 83.611049 119.056269
946.924250 542.834031 83.431724 120.076922
946.537785 543.909517 83.727548 120.059641
946.821318 544.182540 83.510826 120.963726
946.543973 545.824681 83.972917 119.853023
946.760606 546.587617 83.854606 120.440499
946.754936 547.665298 84.133786 122.045385
946.768437 548.522714 84.112597 121.813115
946.360902 549.685382 84.499037 121.770099
946.925154 550.685356 83.955880 121.232892
946.926401 551.324577 84.055473 121.950053
946.575910 552.847547 84.191357 121.249435
946.787927 553.650790 84.463644 121.504661
946.736233 555.009233 84.216462 121.805998
946.522305 555.760090 84.616322 122.644332
946.460953 556.407548 84.578355 122.271385
946.469471 556.903864 85.053085 123.697348
946.858862 557.965834 84.430964 122.475818
946.316083 558.877486 84.840249 124.228372
946.636756 560.048707 84.670481 122.992706
946.647196 560.738908 84.853523 123.438497
946.831025 561.029567 84.802712 123.063784
946.859630 561.529028 84.829252 125.294952
946.799536 562.439923 84.768164 122.805347
946.540447 562.593510 85.148434 124.964262
946.773413 563.339423 84.899278 124.301570
946.928884 563.228348 84.802859 124.824005
946.844967 564.087338 84.700551 123.828686
947.027129 564.465919 84.819677 124.725448
946.245971 564.834108 85.730920 122.945102
946.812036 565.048711 85.067230 124.203563
946.313245 565.058554 85.524589 123.551798
946.858862 565.733931 85.020404 124.169635
946.218014 566.069815 85.460812 123.499466
946.120716 566.130139 85.442915 123.730937
946.211122 565.792338 85.762345 123.948721
945.900615 566.255521 85.805607 123.540166
945.787343 566.171493 85.912091 123.985570
945.422767 567.171563 86.391802 122.383998
945.903673 567.214072 85.612891 122.227553
945.892406 567.092496 85.561358 122.951913
946.085143 566.356619 85.030101 123.736734
945.849188 567.296576 85.245192 122.624580
945.615211 567.029569 85.440608 122.289099
945.540465 567.340324 85.621108 121.747828
945.387032 566.738812 85.324405 122.229136
945.272021 566.926663 85.369780 122.280479
945.486949 566.509900 85.390594 122.697242
945.288785 566.363053 85.298224 123.089974
945.389988 566.549532 85.173637 122.951889
945.433362 566.258318 84.692692 122.177981
945.850857 565.990515 84.398853 123.105608
945.272021 565.822834 84.714073 122.381496
945.355158 565.722219 84.637184 122.546913
945.355158 565.135416 84.684140 122.599918
945.035683 565.157734 85.003615 122.461725
945.408093 564.822852 84.350064 121.498070
945.187045 564.949506 84.647258 121.849787
945.240343 564.387653 84.500557 121.640672
944.811422 564.120091 84.882833 121.850617
944.744596 563.805560 84.598576 121.752533
944.477443 563.619218 84.818971 122.001904
944.369953 563.219631 84.786384 121.632775
944.293514 563.054751 84.821728 121.326380
944.240314 563.113886 84.407295 120.915759
943.910533 562.914040 84.625789 120.881164
944.159826 562.748983 84.165257 120.636147
943.728469 562.479185 84.484095 121.021414
943.198689 562.349184 84.753996 120.798914
943.338789 562.018239 84.290481 120.661675
943.018124 561.748980 84.471777 120.811661
943.232260 561.250771 84.490073 120.493557
942.856595 561.406309 84.819208 120.741850
943.212357 561.018245 84.299703 120.486716
942.888294 560.970989 84.510670 121.060236
943.264825 560.666246 83.780734 120.485326
943.224861 560.779931 83.784257 120.661394
943.205512 560.479187 83.728545 120.085457
942.987760 560.372619 83.649581 120.304593
942.828202 559.714544 83.855192 120.787228
942.298404 560.052529 84.220068 120.506892
942.984705 559.396797 82.903019 120.284339
942.271609 559.176238 83.397361 120.673935
942.409379 559.208855 82.495666 120.176168
941.821989 558.906320 83.154813 120.646661
941.721910 558.528040 82.823468 120.385358
941.643645 558.011815 82.797482 120.662914
941.461700 557.598537 82.625653 120.319614
941.246456 557.495891 82.548692 120.939904
941.323051 557.445663 82.483070 120.176565
940.981825 557.144918 82.226534 120.758918
941.078526 557.094101 82.446390 120.405491
941.027181 557.151083 82.451880 120.401887
940.820905 556.988033 82.475070 120.740942
940.826779 555.972804 81.783494 121.701924
940.937207 556.363162 82.098113 120.491902
940.561099 555.275139 82.234043 121.511807
940.270487 555.280563 81.938323 122.102369
940.533552 555.714553 82.337747 120.962668
940.239640 554.720550 82.077555 121.954177
939.807455 555.454360 83.155673 121.046055
939.437964 555.617402 83.067354 120.470533
939.773663 555.363177 82.771690 120.491902
939.110858 555.340238 82.696564 120.744425
939.513351 554.349067 81.803816 121.911842
938.928498 554.938003 83.310050 121.090114
939.082779 553.628272 82.900565 122.283442
938.463659 553.996373 83.565789 122.337898
938.601948 553.685280 82.820285 122.703073
938.463755 553.685280 82.392907 122.584272
938.538524 554.643583 83.090733 121.387620
938.100098 554.465757 83.234494 120.977643
938.220386 553.714557 82.606980 122.318825
938.126476 554.643583 82.854955 121.683696
937.575726 553.204842 82.686398 123.413759
937.877499 553.601744 82.544768 123.203715
937.463789 553.434264 82.803193 122.954088
937.509872 553.601744 82.551279 122.786609
937.339994 553.601744 82.585385 122.312222
937.294162 553.733111 82.579309 122.475637
937.126473 553.899777 83.922627 122.546228
937.122968 553.387653 83.396261 123.239020
937.215779 553.555184 82.890495 123.910964
936.956734 554.074201 83.135636 123.141496
936.909117 553.278185 83.061674 124.117437
936.932532 554.074201 82.989404 122.842913
936.820750 553.952712 82.718109 123.025074
936.784652 553.768704 82.890097 124.723225
937.002768 553.921152 82.195967 123.823398
936.784652 553.589395 82.337885 122.793681
936.727149 554.396774 81.515476 122.168069
936.682828 554.182150 81.621970 121.961205
936.529164 554.610270 82.782261 121.950523
936.675369 554.482195 82.019931 121.783500
936.461665 554.856251 82.216237 122.718869
936.333188 554.816506 82.235252 121.801738
936.172595 555.044609 82.241515 122.704086
936.189222 555.250757 82.007879 122.074361
936.172595 555.548808 82.378312 121.892526
936.266180 554.964746 81.843578 122.299727
936.172595 555.548808 82.515416 122.128898
936.068702 556.065925 83.263035 121.611192
936.100100 553.520920 81.917361 124.156197
935.836115 552.509694 81.421736 126.393007
936.104547 555.009662 80.998923 123.456141
936.342644 553.821055 81.071482 125.587983
936.149099 554.952713 80.987160 123.562619
936.192599 554.467239 82.277957 124.395325
935.842478 554.712504 82.664149 123.675665
935.663540 555.370212 82.783829 123.384984
935.577747 555.350365 83.374911 122.859845
935.026586 555.203578 84.295675 123.912542
935.098762 554.931906 84.022814 123.090486
935.219887 554.738806 84.170096 124.317866
935.152037 554.961501 83.876851 123.599786
935.540201 555.089971 83.445860 124.255237
935.227933 555.342291 83.804743 123.103336
935.584603 555.219623 83.571759 123.228107
935.376716 554.585019 83.639879 124.101352
935.540201 555.005624 83.306211 123.082522
934.865353 555.370212 84.087066 123.445021
935.488371 555.342291 83.358041 123.282572
935.636339 555.387648 83.055262 124.561530
935.384470 554.983464 82.998619 124.164174
935.550402 554.882051 82.556455 126.899690
935.462862 554.332386 81.749596 126.236911
935.301764 554.761130 81.488883 126.694338
935.155360 555.232085 82.459012 124.007565
935.029174 554.767004 82.693141 122.382366
934.970511 555.396773 83.287777 121.457219
934.835125 554.816506 82.633448 121.978501
934.984712 554.899776 81.892602 121.014712
934.769139 554.598533 81.574171 121.897896
934.529161 554.432352 81.458658 121.417843
934.435601 554.742515 80.907704 120.693290
934.075196 554.547412 81.473866 121.940274
934.088768 554.515498 81.125282 120.751065
933.241633 554.464989 81.590084 121.609893
933.486262 554.432352 81.445071 120.601795
932.894044 553.649559 81.768457 122.253674
932.867015 553.615191 82.101717 121.883251
932.684055 552.880819 82.080150 122.030883
932.482222 553.692413 82.205797 120.982278
932.374718 553.764215 81.477774 122.027398
932.235785 555.829221 81.261013 119.493321
932.226630 557.461362 80.054108 116.770022
932.288059 553.691525 79.654413 119.381006
931.884885 552.561856 80.642218 121.898602
931.340722 553.062670 81.478258 120.841173
931.129799 553.798509 81.756110 119.755127
930.241643 553.769108 83.124369 120.654616
929.127495 553.363180 84.648121 120.959377
928.910555 552.768710 84.394029 121.614379
929.369512 552.370208 83.583183 121.541572
928.856618 551.999994 84.124850 121.326711
928.306932 552.242729 84.692182 122.750282
928.566361 552.157718 84.332211 121.339223
927.981151 552.018245 84.832452 121.306053
927.865371 552.441175 84.689149 119.883573
927.567865 551.970970 84.877727 120.294729
928.100108 551.914043 84.112472 120.354258
928.362920 552.215224 83.063541 118.653605
928.188793 551.711884 82.994749 117.615044
927.650408 552.106970 83.692945 118.258200
927.585311 552.283601 83.658430 118.805119
927.212012 552.122401 83.619172 119.606177
926.987783 552.313715 83.465732 119.770942
926.801767 552.094094 83.371466 118.958734
926.638311 551.798513 82.964857 119.232271
926.691211 551.472694 82.367912 119.616026
926.556879 551.717251 81.857100 118.908920
926.419093 551.821297 81.890549 119.077062
926.159478 551.361111 81.879293 119.260456
925.845054 551.579304 82.103701 119.203139
925.880920 551.524671 82.065255 118.924359
925.184595 551.254912 83.113156 119.701502
924.768542 551.798516 82.800311 118.995468
924.661239 552.010011 82.476816 118.663155
924.055020 551.442960 83.487992 119.524697
923.959045 551.422020 83.168161 118.975951
923.901827 551.684504 83.572313 119.044076
924.429183 550.578226 82.749907 120.857584
925.683787 550.528023 82.434716 121.087877
927.267073 550.692404 82.496625 119.987991
929.808277 550.717253 81.684615 119.836389
932.216791 550.361110 81.447813 120.128110
934.403816 550.279138 82.034262 119.572999
937.129884 550.929811 82.091073 119.324881
939.925671 549.660489 81.015777 121.061498
942.026782 550.062676 81.193183 121.368940
944.331396 550.165341 80.349459 120.628643
945.254032 550.114836 80.848340 121.661754
946.236322 550.165341 80.341348 120.628643
945.829979 550.931470 81.028865 120.257753
945.871130 550.034882 80.593062 120.932775
945.450911 550.442959 80.612425 121.215862
945.584948 551.120885 81.462156 120.133786
945.331156 551.283654 80.723896 121.144978
945.229042 551.547422 80.960337 121.351119
945.658965 551.024133 79.605661 123.115785
945.883232 551.916112 79.146231 121.989263
945.385967 551.225364 79.936186 121.963509
945.725137 551.051066 79.419406 123.327216
945.481837 550.568076 79.412853 124.521441
945.532024 550.729813 79.200872 124.366662
945.823126 550.984173 81.091004 123.103007
945.788733 552.290809 81.081108 121.327785
945.883425 551.582090 80.591644 122.736059
946.289732 551.447603 81.242419 122.344722
946.690956 552.094094 79.331526 122.947428
946.981403 552.483465 78.517670 123.609052
946.614353 551.148985 80.350163 123.813344
947.690840 551.948874 80.084704 123.986804
947.714452 551.857144 80.243720 124.538227
948.385677 552.649604 80.527152 123.332332
948.953664 552.110962 80.105486 123.449847
949.532018 552.237447 80.829697 123.561102
949.937526 551.976975 81.438923 123.172564
950.576695 551.586053 81.234105 123.863950
951.699495 552.500429 79.023321 123.013049
952.403808 551.620571 78.809762 122.984780
952.833249 552.382471 79.632385 122.282682
953.965435 552.400217 79.703415 121.562114
954.693552 552.535914 80.619828 120.373986
955.807374 553.174068 80.120089 119.547922
956.474314 553.064358 80.403641 118.960612
957.073111 553.039064 81.945259 118.682276
957.885443 553.381765 81.823598 119.449363
959.029901 553.442962 83.053081 118.833835
960.211148 552.793941 83.281738 121.045878
961.714449 552.714545 83.092499 121.667800
962.802462 553.231589 83.665747 120.858351
964.039735 552.714545 82.896149 121.197145
964.949254 552.548801 84.190428 122.365883
966.410310 552.387655 83.653332 122.881482
967.546676 552.805559 84.739471 123.180009
969.206028 553.529026 82.966683 121.375141
970.355525 553.299248 83.784132 122.793534
972.358883 553.722221 83.366043 122.487464
973.832454 552.759365 83.077475 124.584975
975.437003 553.005631 82.290955 125.186770
976.992663 553.062049 82.423361 124.453165
978.938846 553.555184 82.398717 124.818573
980.266838 552.857196 82.272218 124.590536
982.204680 553.471482 83.365648 123.934484
984.076863 553.147084 83.703014 124.969934
985.703707 553.707591 84.612685 125.362070
987.006475 553.503635 85.806866 124.638410
989.134286 553.707847 84.761504 124.866549
990.604091 553.918647 84.645664 124.298766
992.293243 553.537673 84.854116 124.383490
994.107307 553.734743 83.811164 123.834550
996.257400 554.005641 83.400264 124.339585
997.760632 553.921152 83.401539 125.149803
999.481247 554.017095 83.284702 124.676471
1000.941715 554.356617 83.494771 123.856464
1003.255377 554.990519 83.075117 122.986225
1004.505824 555.203578 84.116944 122.180509
1006.008358 555.949493 85.068317 121.612313
1007.401012 556.220312 85.323905 122.108323
1009.168461 556.738925 85.104936 120.230968
1010.477263 557.653303 84.819838 119.318976
1011.949222 558.345055 84.922668 120.096291
1013.431537 559.055780 85.714585 119.446310
1014.926389 559.697475 85.538846 121.235412
1016.354753 560.365201 85.649618 121.980570
1018.624499 561.643260 84.536098 121.401158
1019.212387 562.441189 85.433007 122.014283
1020.384514 563.639994 86.118747 123.447770
1020.191227 564.816374 85.785650 123.904150
1019.090127 566.088909 87.152004 124.833935
1017.954430 567.197559 86.918372 125.242984
1015.095232 568.776856 87.514686 125.718327
1011.272561 570.325433 87.882606 126.225296
1007.121816 571.788330 87.941143 126.067375
1003.600816 573.348547 88.427185 125.733111
998.489295 575.288361 89.074438 126.191004
993.064373 576.836050 89.094140 125.016454
987.911115 578.371274 87.939711 125.795759
981.612587 580.013773 88.737600 126.314670
975.838936 581.752364 88.779777 125.594572
969.994831 583.866074 88.589901 126.052164
964.360358 585.645674 90.210429 125.922345
961.485172 587.217778 88.175867 126.615158
958.258194 589.335407 89.545675 126.384051
956.072665 591.300718 89.234348 127.736101
953.186101 593.158831 89.581044 127.198818
950.183690 595.326191 90.319207 127.283992
947.880522 597.460039 90.298920 127.516006
944.149887 599.209600 90.645016 128.276048
941.007935 602.203506 89.770907 127.534731
938.047486 604.376683 88.965706 128.236755
937.614680 606.600250 88.565229 128.615887
938.254717 609.349968 88.676453 129.347427
939.110085 612.125821 89.029996 128.743692
940.329172 614.735334 88.808121 128.659144
941.200718 617.709404 89.481747 129.579795
942.379685 620.620417 89.938907 129.726776
943.529445 623.031064 89.726940 130.057026
944.257675 625.558187 90.353892 129.795555
945.438690 627.148106 90.270829 129.956088
946.217632 628.019903 90.491884 130.699851
947.349328 628.815431 90.773408 130.245454
948.623898 628.844276 90.754260 130.378299
949.672759 628.041213 90.743072 131.244771
950.416409 626.457144 91.311605 131.439914
951.830222 623.604194 91.094982 133.063992
952.527035 623.313850 91.302866 131.338918
953.661199 621.623011 91.534433 131.666466
954.446079 619.971928 92.046206 131.646506
955.628677 618.136047 91.778580 132.505005
956.527032 616.623550 91.969237 132.281768
957.301233 614.946643 92.349708 132.656520
958.495823 613.414096 92.054750 133.351208
959.383180 611.856095 92.477745 132.979545
960.664101 610.367647 92.978544 133.015203
961.556195 606.970359 92.702271 133.978282
962.922114 601.735583 92.701693 136.171817
964.309803 598.741734 91.792800 135.641539
964.524569 594.623084 92.050810 137.239985
965.152331 589.049316 92.086221 137.001770
965.467845 583.189103 92.977828 136.693681
966.553518 577.119230 92.494444 137.354757
967.212306 570.965838 92.214654 137.300867
967.352426 564.558693 92.319504 138.085402
967.440415 557.949691 92.226855 137.952359
967.784138 551.472388 92.554248 136.798034
967.925240 544.418156 92.759820 137.970997
968.863579 537.427434 91.765213 138.194215
969.097765 529.741592 92.072017 138.079620
969.496910 522.382676 92.084802 138.101100
969.727097 514.884346 92.404094 138.849986
969.814067 506.833378 92.208506 138.842148
970.242083 499.766714 92.180004 138.155488
970.727098 491.955647 91.991582 138.030412
970.897963 484.479350 92.078255 138.620008
971.638871 477.075078 91.371539 138.132280
971.467837 468.549851 91.845842 138.638339
971.497951 459.635111 92.272169 139.000682
972.097123 453.052457 91.925425 137.052083
971.837349 449.110584 92.902603 135.929190
971.826196 446.040768 93.215636 137.237544
971.328782 446.358346 94.061489 136.366438
971.801179 446.543483 93.953305 136.446563
972.093213 446.912156 93.817910 136.277238
972.402481 446.448560 93.697458 136.628245
972.328783 446.820192 94.217342 136.369202
972.683670 447.265540 94.175199 135.709717
972.812296 447.375105 94.235684 136.098965
973.199893 447.358348 93.948295 136.167939
973.661595 447.358348 93.713605 136.300240
973.801182 447.543485 93.953305 136.313854
973.859780 447.543485 94.103632 135.982802
973.931097 447.172614 94.012970 136.950301
973.963936 447.618918 94.184219 136.136117
974.258586 447.635857 94.098381 136.354191
974.447474 447.150497 93.683725 136.494689
974.209690 447.265551 94.336439 136.525495
974.840489 447.434050 93.621088 135.989727
974.795959 447.190625 93.743098 137.966682
975.065328 447.414894 93.410080 137.454030
975.163903 447.337719 93.343527 138.572673
975.893365 449.062729 92.292518 139.440210
976.329138 452.434385 92.397645 141.827338
977.134036 457.798579 91.471664 143.727957
977.177800 465.714649 91.797224 143.719621
977.805259 473.313630 91.023454 143.709258
977.534461 481.721103 91.442357 142.706405
977.414764 490.075029 91.566358 140.559234
976.514140 495.044219 93.346762 139.401122
976.952569 497.600964 92.840175 138.664346
976.362129 498.879762 93.660405 137.524799
976.243320 499.803205 93.572663 136.483965
976.460992 500.190883 93.638987 136.482365
976.388172 500.265529 93.950227 136.591787
976.453868 500.358325 93.862456 137.565316
976.539601 500.694221 93.845857 136.774753
976.269296 501.265550 94.380937 136.572848
976.891864 501.155755 93.701817 136.466634
977.178401 501.358326 93.671587 137.967967
976.819733 501.694219 94.167016 137.375264
976.641277 502.895135 94.293383 136.059129
977.075336 503.081079 93.834444 136.757316
976.666844 503.543466 94.325147 135.784648
977.075336 503.635838 93.954341 137.354820
976.760343 503.876168 93.966435 136.547611
976.845412 504.265547 93.576666 136.506223
977.229870 503.986329 93.381956 137.803446
976.904736 504.618920 93.879483 137.538673
976.752346 504.782719 94.073711 137.571174
977.221322 505.434071 93.663525 137.320909
977.422957 505.803374 93.436006 137.235239
976.963964 506.172599 94.028027 137.149931
977.681053 506.434058 93.119059 137.858088
977.371202 506.969502 93.487760 137.517873
977.082123 507.341414 93.753960 137.079192
977.375781 507.337723 93.512261 136.769905
977.505872 507.543472 93.517429 138.186925
977.944818 508.321520 92.881239 136.550340
977.450538 508.376386 93.487353 137.646993
977.004555 509.062707 94.069755 136.559675
977.375781 509.632780 93.512261 136.941470
977.492556 509.803370 93.603511 136.436750
977.713463 510.190889 93.426753 137.954515
977.614542 510.313259 93.610621 137.840631
977.124168 511.248653 94.157450 136.506389
977.526293 510.986338 93.568956 138.339968
977.893361 511.787060 93.168457 136.615420
977.401834 511.541835 93.738382 137.530960
977.718417 511.876161 93.741998 137.411001
977.064416 512.341414 94.217202 136.812463
978.143334 512.618913 93.249539 137.136041
977.453869 513.079545 93.803669 137.576558
978.235568 513.155760 92.931026 137.465360
977.972130 513.431124 93.226683 137.540699
978.007976 513.431124 93.093787 138.076025
977.925725 514.248647 93.358101 137.573335
977.666503 514.150494 93.208762 137.754609
978.092099 514.710524 92.825778 137.729558
977.557829 514.986344 93.699709 137.469473
977.770299 514.969526 93.396295 137.184375
977.505872 515.079548 93.810452 137.509763
977.770299 515.062725 93.867588 137.157788
977.666503 515.341439 93.793912 137.346614
977.770299 515.431122 93.690116 137.074484
977.642972 515.150493 93.864424 137.421580
977.598614 515.618938 93.995117 136.069758
977.859786 515.265549 93.582402 137.056993
977.547253 515.803364 94.340757 136.503060
978.059967 515.524387 93.976052 137.514216
978.273220 515.782706 93.670510 137.105117
978.267598 515.431122 93.946391 137.808047
978.582704 516.249137 93.404043 136.553043
978.285254 516.079550 93.970919 137.043364
978.302810 515.876173 94.186735 137.678077
978.749203 516.040481 93.422435 137.096328
978.506675 516.265550 94.300011 138.127997
978.982699 516.767085 93.919219 136.552296
979.422955 516.337714 93.318429 137.767669
979.577919 516.407422 93.398964 137.613327
979.614516 516.524386 93.435230 137.714782
979.421417 517.341413 94.068115 136.347257
979.683680 517.172614 93.966557 137.016781
980.235542 517.062700 93.640315 136.958049
980.082089 517.172614 94.274872 136.618433
980.317211 517.248640 93.883086 136.639170
980.608902 517.265552 93.591395 136.790914
980.661605 517.079551 93.595937 138.246764
981.139159 517.134289 93.170297 137.201676
981.281314 516.612131 93.152933 138.110804
981.287049 516.689085 93.291505 137.664783
981.371198 516.782693 93.370184 137.771544
981.629499 516.313246 93.229460 137.441784
981.577917 516.150492 93.222190 137.754609
981.784023 515.679949 92.957359 137.361454
981.609728 515.612130 93.297042 137.577265
981.732567 515.313258 93.244314 137.641018
981.898169 515.244167 93.145841 136.863453
981.624786 515.079548 93.661774 137.043364
981.683682 514.679950 94.070815 135.915854
981.742485 514.358344 93.751650 137.431444
982.544051 513.490746 92.975355 137.882020
981.904699 513.595340 93.724046 137.226055
982.319396 512.585412 93.421954 138.586850
982.532266 512.284926 93.293780 138.317215
981.997278 512.124502 93.833352 137.233183
982.835430 511.782694 93.023496 137.972260
982.243370 511.868592 94.038247 136.381849
982.661607 511.337719 93.654724 137.234358
982.977465 510.962692 93.072307 137.277426
982.765285 510.705893 93.728034 138.017034
983.273209 510.284930 93.144087 137.322622
982.607106 510.150497 93.814967 136.824759
982.683684 510.172605 93.862456 136.419808
982.565781 509.329996 93.980359 136.537287
983.332724 509.172603 93.279111 137.283206
983.267625 508.679956 93.473755 135.981125
982.931140 508.561580 93.909251 136.131331
983.366681 507.986334 93.348120 136.738440
983.469961 507.424171 92.952452 137.102104
983.418336 506.697270 93.120737 137.313479
983.215776 505.761925 93.525604 137.500248
983.163895 506.062713 93.695061 137.224462
983.215776 505.158307 93.408437 137.157819
983.474627 504.679960 93.091144 137.295302
983.215776 504.329989 93.408437 137.859390
983.441409 504.218969 93.196477 136.677049
983.055947 503.892983 93.483127 137.163465
982.367216 503.799512 94.106469 135.870897
982.661607 503.079532 93.831712 137.309631
982.666503 502.876180 93.617323 136.679982
982.209701 502.612112 93.766535 136.386646
982.778883 502.265531 93.171594 137.457383
982.765285 501.205896 93.316434 137.703279
982.614541 501.337729 93.435230 137.767669
982.562549 500.697709 93.139060 138.190103
982.243370 500.689098 93.263924 137.865153
982.267594 500.407436 93.065384 138.079952
981.925674 499.507129 93.416858 138.580182
981.983948 499.663833 93.266907 137.738640
981.666452 499.689111 93.208762 138.334143
981.064366 499.663833 93.906476 136.877746
980.726463 499.150508 94.109616 137.888110
980.819725 499.134297 93.699731 136.671397
980.565778 498.799536 93.668934 136.660686
980.506677 498.330012 93.728034 136.998128
980.608902 497.962673 93.435077 136.156483
980.108623 497.167869 93.887395 137.107373
980.141019 496.782695 93.643165 136.972336
980.258580 496.524374 93.215077 137.047686
980.178405 495.761943 93.492809 137.302628
979.904701 495.803352 93.724046 137.302021
979.657442 495.782708 93.572269 136.376841
979.269300 494.980058 93.965411 136.964673
979.434206 494.595361 93.609806 137.159696
979.492554 494.244156 93.499436 137.594216
979.873928 494.244156 93.175819 137.727654
979.480569 493.962677 93.593715 136.946474
979.317243 493.893001 93.311537 136.831786
979.418297 493.046608 93.414127 137.943441
979.064391 493.508163 94.009893 137.227310
979.124142 493.218951 93.588795 137.006604
978.904734 492.774323 93.827618 137.134830
978.666842 492.876181 94.117374 137.277716
978.657454 492.876181 93.936265 137.344327
978.598602 493.062721 93.838871 136.427241
978.817047 492.612130 93.676266 138.110804
978.641273 492.663848 93.878187 136.089266
978.388175 492.820191 93.898381 137.573355
978.480581 492.969522 93.801024 136.652874
978.920474 492.612130 93.102829 137.977183
978.362167 493.248661 93.660405 137.171965
978.434175 493.337705 93.505793 136.836120
978.209695 493.265551 93.663407 137.323763
978.082091 493.337705 93.805919 136.307466
977.931137 493.543484 93.961080 137.045829
977.785946 493.896052 94.102063 135.947042
977.871773 493.727958 93.813319 137.545108
977.950278 494.062708 93.956860 136.427241
977.904703 494.172614 93.931347 136.751048
978.258582 494.265552 93.525604 136.923844
978.375749 494.265552 93.408437 136.790914
978.506675 494.172614 93.263456 136.751048
978.226485 494.450987 93.510341 137.271948
978.317213 494.524376 93.415109 136.848378
979.126886 494.172614 92.896417 138.220935
978.598602 494.218970 93.786894 137.403432
978.362167 494.248648 93.919438 138.245596
978.807723 494.203437 93.363914 137.513778
978.716212 494.524376 93.617307 137.781721
978.774875 494.407449 93.299422 137.546842
978.774875 494.244156 93.558644 137.594216
979.124773 494.056650 93.053099 138.115600
979.182758 494.124509 93.098847 137.696906
979.375780 493.962677 92.994716 138.142697
979.317243 494.056650 93.259798 137.781721
979.434206 493.962677 93.401875 137.144932
979.782781 494.172614 93.261230 137.416700
980.296738 493.774322 93.155959 137.797740
980.422922 493.689093 92.910058 138.334143
980.646611 493.689093 92.991250 137.998943
980.317211 493.876168 93.726769 137.078103
980.898138 493.896052 93.145841 137.410046
981.075341 493.612131 93.358906 138.378547
981.232613 493.758226 93.494156 136.257070
981.830215 493.541812 93.120236 138.536250
981.977415 493.758226 93.247697 136.915328
982.023778 493.893001 93.528766 137.429544
982.422921 493.689093 93.377154 137.798289
982.666503 493.595342 93.617323 137.625154
982.598614 494.062708 93.890943 136.361072
982.972137 493.141210 93.639697 138.381342
982.997276 493.767106 93.729490 137.016566
983.526287 493.710514 93.391584 138.065293
984.132437 493.689093 93.151376 137.265179
984.023781 493.518236 93.351432 137.671160
984.338547 493.595342 93.062876 138.159620
984.235555 493.969509 93.283888 137.517873
984.422919 493.585400 93.259798 137.588425
984.577883 493.524377 93.222190 138.453381
984.893346 493.946543 92.874001 137.057720
984.343894 494.172614 93.600179 136.817434
984.840479 494.358348 93.568783 136.964197
985.093230 494.244156 93.348967 136.995947
985.895675 493.986347 93.014116 138.205563
985.421404 493.697734 93.549450 137.329961
985.724916 493.896052 92.955628 138.081705
986.296733 493.348468 92.680145 138.690123
986.544063 493.124490 92.564018 138.764545
985.891876 493.124490 93.130670 137.829781
985.950240 493.056651 93.279457 137.915159
986.287049 492.490735 93.114349 138.614639
986.532257 492.663848 92.943127 138.004933
985.963987 492.689105 93.613079 137.331664
986.023122 492.501477 93.192875 137.386353
986.691477 492.431113 92.507348 138.411949
986.732594 492.395928 92.542505 137.117473
986.624566 492.261558 92.856082 138.078382
986.422980 492.337706 92.852120 137.901454
985.786001 492.337706 93.429995 137.101454
985.801198 492.337706 93.330015 137.367449
985.683688 492.337706 93.447526 137.834546
986.235529 492.124503 92.872552 138.029394
986.371225 492.056652 92.730593 138.316418
986.132411 491.774324 92.626971 138.197488
985.886867 491.774324 92.972088 138.064050
985.598576 491.962679 92.960026 137.675915
985.526285 491.679941 93.215093 138.291870
985.583938 491.569312 92.891449 138.232854
985.023091 491.876162 93.295848 137.744940
985.338534 491.124484 93.121855 138.229385
985.235542 491.313247 93.107016 138.374782
985.029133 491.124484 93.020614 137.962814
985.080794 491.244159 92.794445 138.800981
984.614516 491.313247 93.318787 137.707503
984.614516 491.056653 93.144879 138.383420
984.428747 491.134282 93.279999 137.935191
984.145210 490.697709 93.383632 138.589454
984.169329 490.663821 93.016535 138.606581
983.908978 490.379859 93.047036 139.293539
984.035720 490.648897 92.807564 137.581980
983.505881 490.141206 93.400892 138.381342
983.687235 490.321496 93.315463 138.284643
983.770286 489.935166 93.221220 138.152145
983.873940 489.852441 93.175819 138.417964
983.925712 489.758203 93.007604 138.177541
983.480581 489.876188 93.438636 137.277716
983.258608 489.799524 93.370168 137.124133
983.629497 489.424178 93.053252 137.964999
983.141047 489.501484 93.487729 136.988484
983.141047 489.337709 93.384314 137.367449
982.785973 489.337709 93.636100 137.300888
983.008547 489.244161 93.428938 137.195003
982.726461 488.962682 93.386659 137.410077
982.782747 488.868583 93.261230 137.305247
983.126892 488.892994 93.071929 137.963711
982.833440 489.150487 93.292656 136.692611
982.624787 488.892994 93.506422 137.097048
982.624787 489.265545 93.454733 136.658111
982.090212 489.358342 93.989308 136.498991
982.608900 489.172608 93.123417 136.485974
982.402487 489.283570 93.489707 136.013423
982.577618 489.004341 93.159185 136.424442
983.086499 489.006147 92.804880 138.409108
982.598614 489.313273 93.320616 137.044419
982.920479 489.079545 93.219743 138.313998
983.029158 489.134287 93.078961 138.404625
983.132449 489.124510 92.975670 138.362891
983.080820 489.407449 92.968952 138.347532
982.833440 489.876188 93.448177 137.678077
983.235567 489.595361 92.814204 138.562252
982.716224 489.969528 93.565393 137.584736
982.657467 489.969528 93.624151 137.718526
982.950278 490.341441 93.279457 137.346614
982.742486 490.337708 93.388724 136.836120
983.093228 490.450982 93.297058 137.472676
983.199883 490.710517 93.067540 136.928079
982.801194 491.190903 93.849046 137.954515
982.819720 490.946518 93.647990 136.859161
983.126892 490.892997 93.603835 138.433314
983.221309 491.134282 93.312271 138.404625
983.273209 491.321494 93.260371 138.015980
983.287087 491.501459 93.173327 137.519292
983.422951 491.337707 92.968123 138.303688
983.390000 491.501459 93.188592 138.186570
983.480522 491.969503 92.936774 137.852474
983.681047 492.431113 92.651962 137.874986
983.141047 492.705900 93.332638 137.217761
983.141047 492.893000 93.539499 137.163465
983.375776 492.986345 93.460301 137.736588
983.302809 493.248661 93.410141 137.573335
983.258608 493.710514 93.318429 136.397096
983.167609 493.355118 93.259348 138.118648
983.182771 493.595342 93.358858 137.226055
983.434202 493.710514 92.936289 137.595585
983.492550 494.265552 92.826392 137.457383
983.440436 494.617515 93.157738 136.688898
983.519361 494.727952 93.062360 136.481096
983.460983 494.820813 93.327611 136.123892
983.693912 494.820813 93.146479 136.520656
984.040368 494.913549 92.955664 136.759695
984.481837 494.261546 92.690016 138.279177
984.577883 494.313272 92.351506 138.441708
984.023061 495.056649 93.295848 136.720416
984.209358 495.450989 93.232838 137.539691
984.886836 495.056649 92.972088 137.781721
984.629464 495.244155 93.229460 138.262980
984.421416 495.969515 93.756443 136.454270
985.229881 495.705904 93.145334 137.616644
985.474625 495.774320 93.325479 137.664837
985.629495 495.782708 93.288374 137.905334
985.718378 495.876174 93.389703 138.147067
985.718378 496.040492 93.214912 138.229931
985.539613 496.227972 93.741966 137.241011
986.287049 496.244154 92.879506 138.262980
985.657428 496.782695 93.780019 136.839682
986.093232 496.617513 93.245180 138.427622
986.325086 497.040490 92.918489 137.561654
986.537947 497.056647 93.073891 138.048723
986.681075 497.056647 92.943166 138.182508
986.873902 497.056647 92.885467 138.584742
986.480543 497.595354 93.490298 137.358930
986.550816 497.431108 93.649538 137.674263
987.183966 497.313266 93.276398 138.174128
986.581565 497.876181 94.197091 137.211137
987.389949 497.876181 93.426241 137.811867
987.510508 497.501477 93.191100 138.723371
987.466385 498.227968 93.364233 136.577728
987.519338 497.986352 93.632657 137.803446
988.132449 497.569331 93.268986 137.966214
987.950278 498.248661 93.643453 137.171965
988.008029 497.679935 93.499420 138.091808
988.687225 497.852455 93.021513 137.683090
988.681073 498.056646 93.236824 137.781721
989.029145 498.056646 93.254667 137.515412
989.007997 498.244152 93.325007 137.995002
988.833427 498.689092 93.448177 136.470450
988.683692 498.541815 93.914490 137.197931
988.891901 498.524372 93.753951 137.180778
988.845400 498.244152 93.679955 137.660935
989.298397 498.601252 93.608728 137.803309
989.173917 498.313253 93.812807 137.242897
989.835455 498.337700 93.141419 138.169431
989.539625 498.689092 93.482933 137.531403
989.480568 498.595341 93.801024 137.027041
989.666973 498.896048 93.481198 137.611084
989.243345 498.876168 94.038247 137.878793
989.466381 499.040486 93.468254 137.428491
989.550781 499.056677 93.493220 137.050959
989.269313 498.799536 93.810216 138.258163
989.408081 498.852453 93.474528 137.085582
988.904724 499.079558 93.983306 137.509763
988.760317 499.414908 93.810895 136.060740
988.871741 499.450994 94.020444 136.605479
989.163889 499.150508 93.812984 137.355113
988.726455 499.341421 94.005887 136.879074
989.163889 498.962704 93.460317 137.410077
989.111962 499.244182 93.337233 137.594216
988.547273 499.524403 94.029758 137.047686
988.657453 499.710539 93.728042 136.928079
989.023788 499.337731 93.647438 137.500667
988.421429 499.617542 93.964067 137.755553
988.814097 499.782720 93.433549 137.171570
988.150011 499.518213 93.981206 137.737735
988.635594 499.414908 93.544633 138.191243
988.635594 499.218969 93.426200 137.735321
988.666490 499.524403 93.676081 137.380715
988.510496 499.218969 93.364755 138.068219
988.666490 499.124509 92.977452 138.029394
987.607133 499.524403 93.918255 137.180778
987.598614 499.617542 93.734917 137.354294
987.480593 499.689111 93.749142 136.867058
987.023089 499.896078 94.072968 137.544019
986.938177 500.134295 93.892442 136.473250
986.306992 500.079528 94.477216 137.443000
987.345584 500.040484 93.199343 137.428491
986.306992 499.774347 94.166689 136.870849
986.539600 500.062726 93.793880 137.224462
986.822114 499.595360 93.402997 137.425415
987.080769 499.431137 93.203006 138.143121
986.770248 499.124509 93.513527 138.362891
986.620529 499.134297 93.164912 138.741150
986.635598 498.919699 93.485369 137.863968
986.183757 498.969509 93.580690 137.651600
986.681075 498.689092 93.414196 138.468501
986.349693 499.040486 93.532923 137.694974
986.873902 498.969509 93.409872 137.718526
987.080769 498.689092 93.144343 137.865153
986.822114 498.218951 93.285954 137.602445
986.977414 498.244152 93.072307 137.660935
986.447490 498.150478 93.994710 137.687890
987.029107 497.663837 93.137435 137.274199
986.817058 497.141215 93.558159 139.050699
986.880301 496.919700 93.195289 138.130201
986.977414 496.852457 93.130654 138.888252
987.035717 496.824832 92.865467 138.091842
986.774837 496.962674 93.247697 137.410077
986.269309 497.056647 93.758558 137.515412
987.029107 496.782695 93.372278 138.173418
987.132399 496.569333 93.034144 137.899648
987.235517 496.782695 93.048258 137.905334
987.267621 496.205869 93.007446 138.166882
987.080769 496.313247 93.557067 138.374782
987.221301 496.203436 93.254081 138.783495
987.169322 496.485887 93.247965 137.630661
986.726457 496.431109 93.540962 138.884018
987.190817 496.270045 93.236182 138.694693
986.700836 496.485887 93.508759 137.897718
986.873902 496.218944 93.527483 138.469084
986.573047 496.485887 93.650499 137.497370
986.716174 496.407424 93.565393 138.079952
987.235517 495.935153 93.165868 139.694074
986.616345 495.745432 93.689003 138.618461
987.139154 495.919701 93.464880 139.471315
987.383860 495.457469 93.350281 139.574248
987.227999 495.837457 93.623341 139.678225
987.314240 495.620412 93.323834 139.800471
987.227999 495.905367 93.331108 139.043365
987.345584 495.729838 93.376980 139.391619
987.331959 495.459754 93.460750 139.852355
987.418885 495.429732 93.391959 139.721100
987.089866 495.620412 93.786170 138.925263
987.746279 495.743242 93.163787 139.840404
987.489237 495.429732 93.415516 138.848056
987.828415 495.108996 93.130829 140.708279
987.754913 495.540627 92.945590 138.585736
987.524575 495.758221 93.618611 137.511319
987.362179 495.218957 93.660405 138.201662
987.349690 495.321517 93.689127 138.486552
987.455118 495.108996 93.560984 138.341478
987.408085 495.134305 93.735100 138.404625
987.620528 494.729839 93.338716 138.720635
987.277481 494.758224 93.790410 137.910553
987.944796 494.663844 93.117000 138.807890
987.880300 494.569337 93.487876 138.567072
987.828415 494.189858 93.539761 138.879639
987.880300 494.297720 93.487876 138.958455
987.455118 494.485889 93.872387 138.098446
987.396011 494.860548 94.087686 137.992016
987.514130 494.758224 93.969568 138.445194
987.932153 494.743251 93.318697 138.154589
988.029158 494.758224 93.313425 138.646344
987.461913 494.569337 94.161106 138.902396
988.147058 494.743251 93.304858 138.422538
987.641254 494.663844 93.723121 138.205103
987.866141 494.852461 93.461364 138.016485
987.598614 494.946541 93.838871 138.256876
987.749194 495.040494 93.734503 138.162923
987.924455 494.852461 93.507135 138.753699
987.924455 495.108996 93.715783 138.074262
987.878989 495.040494 93.795865 138.364073
987.866141 495.203437 93.721896 137.513778
987.774887 494.969528 93.923144 138.862428
987.794719 495.212931 94.342273 138.154272
988.176025 495.391875 93.616738 138.527841
987.760319 495.297719 93.966435 137.818830
987.819710 495.508159 94.010907 138.165262
988.087458 495.673503 93.873369 138.044851
987.760319 495.758221 94.070297 137.444943
987.581563 496.062714 94.457252 137.692254
988.448560 496.321514 93.452527 137.814893
987.884534 496.501458 93.725503 137.452807
988.544101 496.689086 93.451378 137.398212
988.629523 496.617513 93.406549 138.765214
987.979413 496.569333 94.140331 136.840418
987.963985 496.431109 94.236367 138.411949
988.148662 496.459745 93.571345 138.037376
988.408083 496.689086 93.787316 139.075255
988.382661 496.648875 93.702081 138.718310
988.514129 496.364959 93.761364 139.338742
989.250452 496.837448 92.966953 139.406911
988.514129 497.297717 94.178405 137.552438
989.376932 497.227970 93.390404 139.731492
989.539450 497.174995 93.844182 138.455536
989.039231 497.391873 94.132396 138.662272
989.487644 497.743256 93.717683 138.087705
989.232596 497.946535 93.806217 138.256876
989.291196 498.134299 93.851984 137.534471
989.302796 498.321510 93.926913 137.881901
989.349686 497.946535 93.793495 138.189868
990.098863 498.414910 93.679724 138.460539
989.760378 498.485885 93.500825 138.031484
989.774862 498.782701 93.506730 138.106334
989.657441 498.663835 93.520418 137.208013
989.724912 498.710509 93.475408 138.537079
989.866139 499.134297 93.149961 137.201676
989.918306 499.079558 93.420111 138.650859
990.654070 498.824830 92.772926 138.091842
990.681071 498.962704 92.884724 139.217345
990.583990 499.108992 93.359777 138.542333
990.115188 499.391871 93.611625 137.924896
990.291257 499.689111 93.591412 138.468501
990.738867 499.379871 93.146015 138.489065
990.841939 499.407449 93.101828 139.424507
991.035713 499.837453 93.039872 138.596938
991.080781 499.758213 93.144343 139.454832
990.514127 500.297714 93.657499 138.019052
991.406101 500.508148 93.012347 139.179293
990.819766 500.396210 93.699731 138.121918
990.997321 500.579754 93.573949 138.407173
991.115186 500.474660 93.352570 138.194104
991.349745 500.689098 93.532923 138.805152
992.035712 500.491712 92.749724 139.092617
991.944851 500.663831 92.940029 139.211612
991.455114 500.729833 93.457468 138.253419
992.150221 500.663831 92.852524 139.009577
992.169375 500.946528 92.958915 139.131361
991.983938 500.729833 93.149961 139.122725
992.087454 501.014407 93.104887 138.770999
992.428793 501.134292 93.221526 139.281828
992.071806 500.729833 93.603914 139.189877
992.435764 501.306410 93.007147 138.397286
992.273253 500.935153 93.552835 139.222434
992.694618 501.079792 92.981102 138.550735
992.583986 500.935153 93.300892 138.752876
992.776494 500.919697 92.836024 138.664632
992.738863 501.218944 93.500841 137.270998
992.822164 501.056675 93.520418 137.848440
992.873952 501.134292 93.292641 137.868309
992.873952 500.774346 93.234167 138.064050
993.184016 500.782707 92.982577 138.981646
993.190811 500.663831 92.943088 137.738640
992.487348 500.986325 93.831584 137.736588
992.657466 501.134292 93.158567 136.605306
992.881573 500.541835 93.128070 138.536250
992.977464 500.569324 92.955863 138.500159
992.770298 500.124496 93.163030 138.831629
992.932148 500.108991 93.143436 138.676415
992.828410 499.852451 93.130829 138.888252
993.035711 499.824829 92.691979 138.759501
992.822164 499.745283 92.995130 138.742105
992.232653 500.134295 93.702039 138.270262
992.944849 499.663833 92.940029 139.076869
992.828410 499.663833 93.072768 138.807890
992.173974 499.663833 93.708692 138.338771
992.291253 499.379871 93.487455 138.489065
992.428793 499.203433 93.279999 139.390210
992.694618 499.174977 92.981102 138.655966
992.056299 499.218969 93.463197 138.603032
992.705351 498.634681 92.662822 139.554115
991.879044 499.014409 93.951627 138.502960
992.207273 499.014409 93.046414 137.437424
992.332736 498.518243 93.160595 139.212174
991.913056 498.539401 93.289048 137.912431
992.338508 498.501464 92.886603 139.060243
991.641308 498.663835 93.054907 137.539323
991.840504 498.612138 93.203496 137.643839
992.132398 498.218951 92.800879 138.469084
991.598563 498.218951 93.372278 137.934934
991.977414 498.124490 92.839830 138.162679
991.977414 497.679935 92.955863 139.028612
991.573042 497.758217 93.391298 137.710762
992.235516 497.595354 92.814204 138.966366
991.961176 497.758217 93.052188 138.713510
992.029107 497.758217 92.557206 138.780707
991.822114 497.459372 92.995130 139.161736
991.983938 497.569331 92.686135 139.373569
991.983938 497.634682 92.975302 138.348573
991.925674 497.501477 93.358101 139.465870
992.019683 497.743256 93.481256 138.691154
992.190812 497.758217 93.118634 138.445194
991.819764 497.569331 93.493018 138.366428
992.602753 497.379875 92.706693 138.890543
992.325136 497.379875 93.092204 139.159049
992.551391 497.108994 92.875603 138.945151
992.480566 497.189851 92.878774 138.745907
991.819764 497.501477 93.855145 138.119644
992.532308 497.203435 93.059632 140.000345
992.849496 496.888952 93.178389 139.882226
992.991621 497.079796 92.877021 140.029168
993.095264 496.793324 92.889236 139.775678
992.776494 496.984438 93.357405 140.192204
993.095264 497.066099 92.831243 139.261894
993.035711 497.108994 93.273734 139.484650
992.616354 497.079796 93.844198 139.354613
993.405334 497.377460 92.695407 139.517648
993.705350 496.964711 92.545495 139.552658
993.428791 497.108994 92.930547 138.945151
993.325134 497.014410 93.092204 139.782211
993.591188 497.270068 92.909742 139.029970
993.738861 497.189851 92.678477 139.349073
993.480564 496.999258 92.994868 139.741448
993.591188 497.079796 92.909742 139.623927
993.746288 496.984438 92.929423 140.259945
993.430227 497.525147 92.753098 138.352141
993.182770 497.407442 93.306786 139.289329
993.148617 497.743256 93.208419 137.887275
993.182770 497.782714 93.515261 138.374892
993.232651 497.663837 93.494156 138.472566
993.841933 497.852455 92.925458 140.038922
993.901023 497.553619 92.716343 139.143692
993.408136 498.040488 93.007938 139.104953
993.232651 498.108993 93.442257 138.341478
993.944847 498.040488 92.530586 139.579065
993.098936 498.046967 93.349723 138.488575
993.944847 498.134299 92.356555 139.757078
993.790412 498.189849 92.568926 139.281876
993.532306 497.999256 92.827033 139.338232
993.687277 498.297716 92.730061 139.498904
993.480564 497.760240 92.820837 139.644319
992.794675 498.203434 93.614103 139.187581
992.675890 498.174986 93.526205 138.122385
993.184016 498.134299 93.099809 140.302782
993.198764 498.238496 92.960288 138.705443
993.221351 498.313253 93.080050 139.451094
992.437129 498.648888 93.816549 138.516896
992.514125 498.860544 93.450214 138.059169
992.408138 498.852453 93.422533 138.217035
992.349743 499.040486 93.480928 138.162923
992.115184 498.474664 93.559726 139.603229
992.031031 498.715546 93.533205 138.562258
992.156761 498.852453 93.379071 139.090445
991.972099 498.919699 93.592137 138.463904
992.654068 498.758215 92.538273 139.590175
991.581618 498.919699 93.782811 138.463904
991.749191 498.824830 93.008403 138.491937
991.421391 499.040486 93.704655 138.969862
991.382634 499.014409 93.597676 138.035491
991.232655 498.852453 93.702039 139.292986
991.207282 499.094632 93.460734 137.849307
991.851225 499.040486 92.905432 139.646958
991.620524 498.888934 92.991995 139.142788
991.376991 499.203433 93.331804 139.322614
990.735348 499.364963 93.673448 138.332338
990.631849 499.391871 93.799739 139.066643
991.611273 499.648879 92.958459 139.731062
991.071815 499.252688 93.371105 138.997305
991.397069 499.485884 92.912378 139.243045
991.087455 499.094629 93.104887 139.713428
991.280022 499.079778 92.874094 139.153104
990.983939 499.108992 93.384234 139.687628
991.302110 498.697520 92.682380 139.133423
991.013283 498.946532 93.230344 140.081039
991.250463 498.875287 92.618168 139.183916
990.221421 498.946532 93.782432 138.996365
991.055467 499.399802 92.913488 139.387865
990.828412 498.578726 93.072768 139.871742
991.043463 498.810536 92.709690 140.492697
990.835843 498.745437 93.148646 139.958268
990.252748 499.189050 93.135969 139.231850
990.705352 498.729835 92.898678 139.863807
989.913074 498.793306 93.547505 139.238416
989.972117 498.743247 93.540268 140.112574
990.065270 499.066089 93.128119 138.324113
989.539625 498.935178 94.054080 138.819802
989.665565 499.212927 93.863347 138.625730
989.396009 499.014409 93.827534 138.569922
989.776497 498.634681 93.415846 138.882687
988.859504 498.824830 93.898092 138.558772
988.807714 498.554403 93.832523 138.343433
988.866140 498.485885 93.409353 139.378490
988.794711 498.648888 93.252765 139.122281
988.749193 498.443978 93.474351 139.073390
989.242446 498.270059 93.067003 140.109892
988.665528 498.238496 93.290988 139.106241
989.035715 498.014410 92.749724 139.782211
988.396010 497.984429 93.516575 139.719285
988.312002 498.283318 93.696367 138.934966
988.265860 498.174986 93.662354 138.722850
988.591233 497.824831 93.554870 140.107361
988.241035 497.779700 93.575140 139.078361
988.382661 497.931544 93.389342 139.109774
988.746333 497.634682 93.222640 140.161938
989.043452 497.810531 92.652079 139.881082
988.396010 497.729836 93.155473 139.324308
988.324300 497.729836 93.032781 139.728679
988.382661 497.553619 92.561910 139.478112
988.444965 497.919699 93.299866 140.012493
989.147032 497.905378 92.491016 140.261631
988.901068 497.409375 92.716343 140.699580
988.430231 498.000066 93.216024 139.556124
988.730683 497.697529 92.885458 139.133423
988.996172 497.852455 93.006516 140.858473
988.758125 497.970789 92.723965 138.619704
988.421429 497.840289 93.497788 140.194793
989.270168 497.683933 92.723387 140.116054
988.497002 497.841153 93.911812 139.190578
988.665528 497.810531 93.550605 139.407754
988.782579 498.000066 93.173937 139.556124
988.672926 497.984429 93.673512 139.047302
989.040799 498.014410 92.975302 139.579234
989.756604 497.888943 92.435739 140.220011
989.797924 498.174986 92.761229 139.057905
989.738806 497.903754 92.853077 139.299655
989.568436 498.297716 92.929293 138.689212
989.273196 498.407430 93.377066 139.289329
988.853944 498.648888 93.762188 137.581980
989.389987 498.407430 93.188592 139.019415
988.700832 498.673500 94.181777 137.710103
988.878987 499.047019 93.744029 137.470351
988.774875 499.155749 93.923144 138.811586
988.794711 498.745437 93.355805 138.219791
988.891901 498.758215 93.545571 138.579273
989.040799 498.946532 93.286705 138.928915
989.156763 499.203433 93.066781 138.113334
989.124772 499.218969 93.053099 138.268431
989.413673 499.501483 92.919845 137.452807
989.151347 498.999229 93.394800 138.523300
989.408081 499.508150 93.318671 137.896409
989.480568 499.313272 93.026701 138.508729
989.466381 499.501483 93.364233 137.985917
989.657441 499.782720 93.210134 137.972260
989.774862 499.782720 93.144343 138.307682
989.657441 499.946530 93.210134 137.323001
990.602582 499.612108 92.850105 139.050825
990.583990 499.758213 92.833354 137.977245
990.023118 499.868604 93.553944 137.040573
990.141072 499.892978 93.384314 137.829934
990.749003 500.062726 92.652407 137.960528
990.317264 499.962703 92.950184 137.809070
990.082142 500.150507 93.339955 137.554672
989.845431 500.337730 93.525085 137.367449
990.066696 499.962703 93.266810 137.476482
989.845431 500.056676 93.628279 138.182508
990.056303 500.227963 93.618611 137.174509
990.082142 500.244182 93.494920 137.928094
990.066696 500.407436 93.788093 137.281249
989.963983 500.431136 93.872119 138.546646
990.031049 500.767099 93.740936 137.149572
989.963983 500.803378 93.872119 138.241784
990.349747 500.569324 93.377066 137.170274
990.317264 500.803378 93.415109 138.309227
990.582742 500.852448 93.040336 137.218049
990.972148 500.799508 93.168085 138.459551
990.539613 500.946528 93.121839 137.323001
990.375800 500.986325 93.408437 138.407202
991.201474 500.852448 92.742293 138.485035
990.480555 500.935153 93.541991 138.352010
990.996231 500.852448 93.124791 138.619272
990.401979 500.663831 93.294239 139.616883
990.382643 501.377450 93.597676 137.967265
990.790419 501.124484 92.976978 138.429755
990.124129 501.501458 93.743433 138.052780
990.408142 501.391869 93.059616 137.858124
990.141072 501.337729 93.695030 139.180351
990.591215 501.174991 93.026178 138.923756
990.790419 501.391869 93.035674 138.864299
989.879048 501.284918 93.433738 138.317215
990.583990 501.040481 92.891449 140.601915
989.947570 501.525137 92.628432 138.485464
989.539625 501.595335 93.431240 139.304310
989.382652 501.554408 93.493430 138.209696
989.291196 501.284918 93.383656 139.590523
989.148653 501.174991 93.208419 139.326711
988.913083 501.459764 93.134392 138.974641
988.924454 501.284918 93.195289 139.052563
988.690578 501.014407 93.325523 139.444106
988.788346 500.888948 93.348647 138.942008
988.158554 500.824828 93.547474 138.826495
988.148662 500.919697 93.311935 139.000014
987.924455 501.014407 93.559242 138.636916
988.040800 501.108990 93.390791 137.940908
987.657466 500.935153 93.832090 138.485453
988.397071 500.824828 92.853778 138.625639
987.581563 500.852448 93.473595 138.820959
987.158555 500.539399 93.754031 137.713857
987.524575 501.155755 92.839802 138.069086
987.082113 501.150506 93.391568 138.021768
987.595318 500.650100 92.924087 138.570389
987.687227 501.040481 92.963040 138.565666
987.056246 500.935153 93.308130 137.422513
987.215772 500.490759 93.233425 139.487023
986.972081 501.025462 93.281588 138.006251
986.774837 500.935153 93.454848 138.218725
986.891864 501.134292 93.285970 137.734641
986.822114 500.490759 93.402997 139.083498
986.690579 501.119265 93.429166 138.517071
987.190817 500.634680 92.884773 138.949649
986.521795 500.946528 93.584822 138.794172
987.035717 500.729833 92.981653 138.586932
986.362128 501.040481 93.867556 138.632926
986.396012 501.297713 93.464880 137.885539
986.480543 500.840282 93.541991 138.647093
986.514130 501.108990 93.191900 138.408376
986.408087 501.414904 93.318671 138.325796
986.349693 501.501458 93.637038 138.521771
987.087459 501.297713 92.640237 138.823739
986.925674 501.501458 92.949540 138.588918
986.243320 502.134290 93.315270 137.002517
986.440440 502.172594 93.105703 137.952187
987.194513 502.150505 92.371286 138.356654
987.143356 502.056674 92.656777 138.450485
986.977414 502.313266 92.955863 138.107359
987.029107 502.501477 92.672450 137.919148
986.506685 502.986327 93.109267 137.136569
986.388186 502.799510 93.330518 137.389866
987.398872 502.799510 91.876228 137.923406
987.137615 502.744483 92.401411 138.997454
987.080769 502.697715 92.794445 138.589454
987.235517 503.321499 92.466041 138.823930
987.132399 503.124490 92.917322 138.965893
987.448561 502.999245 92.743785 139.271161
987.428741 503.579751 92.814832 138.946292
987.376936 503.758204 92.751301 138.780707
987.697789 503.946522 92.703596 139.063815
987.532255 503.650125 92.711317 139.507487
987.098831 504.203428 93.176664 138.649127
987.291201 504.297711 92.969946 138.487692
987.646585 504.595360 93.110059 138.495041
987.790362 504.046954 93.035674 139.491955
987.455118 504.554413 93.302479 137.876102
988.080819 504.313272 93.085774 139.046192
988.345583 504.485880 92.846762 138.501043
988.287087 504.218969 92.879506 139.545397
988.705354 504.364982 92.721643 138.666759
988.480512 504.124509 93.404312 139.167650
988.089920 504.297711 93.786170 137.885539
988.532253 504.040475 93.352570 139.850889
988.523313 503.984438 93.287505 138.379478
988.583931 503.946522 93.418756 138.928915
988.880299 503.156834 92.905140 139.830089
989.004060 503.648875 93.142042 139.257287
988.724534 503.060857 93.176648 139.724546
988.901068 503.459746 93.067905 139.243955
988.983941 502.675428 92.801498 139.241239
988.983941 502.729831 92.859337 139.796212
988.396010 503.108988 93.568333 137.874262
988.539638 503.134288 93.327949 139.214093
988.440895 502.361191 93.279112 139.336107
988.952588 502.648884 92.840175 139.663226
989.087457 502.300579 92.582619 140.090431
989.035715 502.459755 93.039872 140.464184
988.991599 502.142653 92.703932 140.210637
989.158240 501.984424 92.634524 139.517268
988.396010 501.824827 93.104063 139.836408
988.746333 501.313013 93.046430 139.987012
988.783836 501.525137 92.911696 139.828147
988.952588 501.554408 92.840175 140.029247
988.324300 501.715531 93.084523 139.502744
988.952588 501.108863 92.548387 139.676541
988.620527 501.142257 92.762790 140.070783
988.089920 501.364977 92.957564 138.935057
988.910137 500.999249 91.991045 139.204153
987.963985 501.407423 93.149161 138.750163
987.982691 501.094625 92.671770 138.307843
987.891914 500.962702 92.975686 139.690893
987.924455 500.984433 92.833142 138.113529
987.657466 500.774346 93.004024 139.136055
987.573046 500.634680 93.132983 138.348573
987.582685 500.569324 92.988531 139.036823
988.252622 500.379869 92.339266 138.689614
987.480593 500.595348 93.387006 138.025767
987.302822 500.501471 92.999403 137.519292
987.375772 500.235649 92.840192 138.353644
987.851213 499.602504 92.609151 138.884884
987.893339 499.663833 92.408012 138.942316
987.873952 499.697721 92.712411 138.522780
987.614541 499.490760 92.971822 138.882334
987.738810 499.569326 92.736572 138.567072
987.822165 499.218969 92.477726 139.748384
987.635596 499.012793 92.781692 138.638025
987.480514 499.124509 92.878774 139.572268
987.746279 498.984420 92.523040 138.980323
987.790362 498.935178 92.222950 139.896777
987.428741 498.903752 92.642002 138.898429
987.532255 498.459391 92.309397 140.102335
987.654072 498.729835 92.363297 139.796212
987.602758 498.634681 92.298426 140.161938
987.345584 498.634681 92.439857 140.637073
987.611251 498.168209 92.141881 139.863513
987.654072 498.474664 92.073624 140.212779
987.499986 498.729835 92.343294 139.257093
987.441358 498.459391 92.491919 139.900073
987.551396 498.396212 92.176300 139.456348
987.646585 498.569329 92.054973 139.576110
986.760321 498.554829 92.833591 138.665685
987.762737 498.474664 91.946005 138.795752
987.267621 498.158314 92.319642 139.819469
987.551396 498.474664 92.003700 139.670774
987.287036 498.474664 92.356867 139.198748
987.338509 498.284924 92.190308 138.650832
987.449855 497.871973 92.350279 138.500808
987.319422 498.150478 92.381514 139.299879
986.716174 498.758215 93.151376 137.444943
986.667008 498.518243 92.806707 138.405428
986.822114 498.218951 92.937255 138.737169
987.098869 498.595341 92.551399 138.092693
987.075349 498.348495 92.599579 138.356685
987.029107 498.313253 92.385032 138.374782
986.938258 498.518243 92.452844 138.539457
986.886897 498.253483 92.388202 138.918793
986.243320 498.501464 92.905416 138.253497
986.902287 498.407430 92.322837 139.424507
986.635598 498.569329 92.665755 138.299610
986.371225 498.300989 92.903874 138.938195
986.583936 498.379873 92.717418 138.288895
986.629525 498.689092 92.877926 138.401290
986.770248 498.313253 92.415673 138.709982
986.681075 498.595341 92.536180 138.562252
986.681075 498.300989 92.363214 138.604128
986.784049 498.782701 92.375456 138.442134
986.938258 498.395954 92.106031 138.575883
986.886897 498.962704 92.157392 137.476482
986.285208 498.649999 92.322008 138.356089
986.844693 498.868605 92.178620 138.705654
986.023122 498.962704 92.782426 138.209573
986.697802 499.056677 92.644743 138.450485
986.526315 499.218969 92.922914 138.068219
986.989588 499.244182 92.459642 138.733601
986.666452 499.218969 92.804995 138.201662
987.092121 499.407449 92.590656 138.817405
987.080769 499.595360 92.678601 138.360778
987.132399 499.158313 92.742815 138.813522
987.441358 499.407449 92.260199 139.424507
987.338509 499.284922 92.594769 138.918484
987.389949 499.969528 92.543328 139.201192
986.938177 499.808105 92.604690 138.395048
987.398872 499.868604 92.519028 139.244002
987.480514 499.840295 92.763059 139.924059
987.746279 499.984411 92.292961 139.449972
987.428741 499.760236 93.046641 139.443169
987.797878 500.203432 92.587051 139.864457
987.849477 500.270041 92.419841 139.636117
987.687227 500.663831 92.846345 138.875087
987.738810 501.040481 92.853077 139.104953
987.893339 501.014407 92.523948 139.511638
987.738810 501.046961 92.562541 139.223449
987.841882 501.189843 92.459469 138.946552
987.790362 501.407423 92.918378 139.967047
988.004006 501.648893 92.438887 139.257287
987.738810 501.852446 92.911456 138.485035
988.132449 502.227959 92.569159 137.307577
987.868796 501.791663 92.863946 138.081171
987.989555 502.337728 92.693190 137.834546
987.972144 502.235651 92.702785 138.220149
988.245637 502.431135 92.790404 138.277441
988.132449 502.689104 92.917322 138.468501
988.287087 502.758206 92.646241 138.713510
988.184016 502.745276 92.807502 138.142541
987.774887 503.056673 93.351209 138.115600
987.950278 503.601241 93.072307 138.072162
988.544101 503.595341 92.447417 138.495041
988.938256 503.585421 92.221247 139.190406
988.687225 503.792825 92.383516 138.561069
988.577942 503.962699 92.523874 139.420052
988.376934 504.379860 92.924415 138.288895
988.953356 504.501483 92.096415 139.465870
988.687225 504.569316 92.498631 138.902396
988.349688 505.134284 92.963040 138.606408
988.841880 505.029909 92.517406 140.140797
988.382661 506.025481 93.129742 138.140305
989.055307 505.935152 92.346128 138.619086
988.375802 506.337724 93.201262 139.587337
988.730683 506.648880 92.729914 138.248948
988.550814 506.962696 93.181561 138.611555
988.986627 507.134311 93.052188 139.146422
988.807714 507.014401 92.949882 138.369194
989.697827 507.218962 92.235488 139.748384
988.878987 507.663847 93.022114 138.338771
989.008534 507.689104 93.065762 140.230574
989.765327 508.000057 92.393703 139.488460
988.938172 507.951554 93.374553 140.464581
989.006457 508.445989 93.238631 139.895907
989.246841 508.525144 93.177627 139.828147
989.265851 508.905375 93.142963 139.515516
989.324291 508.984425 93.343742 138.579368
989.635592 508.758225 93.073144 139.590175
989.207300 509.297706 93.512698 138.756428
989.756604 509.203424 93.084899 138.918021
989.932151 509.579746 92.565578 139.352436
989.687223 509.474672 93.080114 139.131487
988.979412 509.852461 93.469251 138.283948
989.173917 509.663843 93.656698 138.338771
989.291196 509.852461 93.331820 138.150153
989.291196 510.040494 93.331820 138.229931
989.944792 510.040494 92.647091 138.902412
990.029132 509.650112 92.614796 139.440276
989.218072 510.673489 93.230591 137.509755
988.963953 510.150497 93.149161 138.356654
988.891901 510.689098 93.597642 137.331664
989.023087 510.689098 93.347398 137.865153
988.950265 510.876173 93.175819 137.544445
988.859801 510.395942 93.271417 137.711682
988.716211 510.431127 93.254667 138.614026
988.698572 510.474670 93.080082 137.000984
988.447493 510.355115 93.425622 138.925117
989.087457 510.391861 92.697982 138.527841
988.614528 510.501470 93.029413 138.052780
988.629523 510.407435 92.819704 137.813065
988.422978 509.962693 93.026250 139.015080
988.841880 510.391861 92.691689 137.924896
988.681073 510.046600 92.420743 137.943441
988.486700 509.868594 92.595025 138.103232
988.422978 509.962693 92.794275 138.209573
988.422978 509.774337 92.678839 137.731273
988.126899 509.986337 93.248320 138.272734
988.338559 509.758223 92.594769 137.777327
987.506687 509.705891 93.417991 138.083891
988.098867 509.501483 92.844843 138.723371
987.770298 509.474672 92.931310 137.994313
987.784017 509.218969 93.133850 139.073189
987.455118 509.297706 92.890855 138.353609
987.182720 509.029922 92.943326 138.658131
987.124735 509.218969 93.104950 138.737169
986.997267 509.142272 92.852540 138.060894
987.298359 508.962694 92.620820 139.015080
987.124735 508.792824 92.742815 138.028590
987.281322 508.395944 92.800402 139.379879
987.329968 508.474674 92.427630 138.527942
987.008496 508.585416 93.065762 137.986662
987.389949 508.029903 92.601518 139.194931
986.760321 508.046977 93.604055 138.023534
987.595318 507.758227 92.924087 138.445194
987.480514 507.852465 92.936774 138.820959
986.997267 507.758227 93.470435 137.577758
987.851213 507.501476 92.668193 138.925380
987.115131 507.284937 93.404312 137.785577
987.471116 507.313265 93.018390 137.907242
987.199879 507.150500 93.428893 138.558070
987.173921 507.485877 92.984153 137.430788
987.895677 506.761926 92.656874 139.631610
987.218073 507.297708 92.820741 137.952279
987.375772 506.679958 93.097910 138.225151
988.004305 506.876161 92.397080 139.023483
987.302822 506.459384 93.564778 138.096778
987.408085 506.782694 93.111358 138.576744
987.232600 506.474678 93.546056 137.264938
987.577912 506.337724 93.046297 139.248077
987.158555 506.391865 93.392929 137.126259
987.784017 505.962697 93.074936 138.745875
987.466385 506.321493 93.156635 137.480675
987.732561 505.679959 92.658508 137.892122
987.989555 505.986332 92.517863 138.071346
987.989555 505.490754 92.343450 138.014860
987.388187 505.892986 93.022673 137.429544
987.258604 505.518221 93.215077 137.140353
987.997565 505.056671 92.792739 137.117174
987.624794 504.986330 93.248320 138.205563
987.539651 505.414895 93.224847 136.324694
987.751875 505.190649 93.192212 137.632095
987.782774 505.056671 92.690908 136.786443
987.635794 505.190649 93.152777 137.098932
987.742493 505.079535 93.079120 137.376269
987.742493 505.079535 93.027650 137.176419
987.683690 504.892984 92.983607 137.296395
987.506687 504.892984 93.263456 137.429544
987.886865 504.253477 92.678902 138.119298
987.550783 504.617537 93.077989 137.421076
987.550783 504.705885 93.181561 136.754314
987.751875 504.913555 93.036697 136.959268
987.920486 504.424167 92.986292 138.165131
987.480593 504.969527 93.180897 136.586641
987.343909 505.190886 93.444663 136.615351
987.285234 504.892984 93.244824 137.030662
987.844694 504.799513 92.707857 137.789785
987.629493 504.705885 92.819704 138.017034
987.371193 504.253477 93.136226 138.052956
987.681043 504.595360 92.768154 138.159620
987.141043 504.962698 93.332638 137.012564
987.384073 504.518219 92.932263 138.472442
987.697789 504.782719 92.762574 137.437794
987.245523 504.705885 93.084506 138.150811
987.080769 504.782719 93.027300 137.972260
987.544051 504.300983 92.739724 137.806647
986.903923 504.710534 93.313299 138.065293
987.544051 504.313272 92.622492 137.907242
987.007999 504.329989 93.325007 137.593657
987.215772 503.962699 93.001451 139.015080
986.631853 504.391866 93.280734 137.126259
986.868795 503.679961 93.212929 138.225151
987.183966 503.969508 92.924103 138.457336
986.657416 503.792825 93.055496 137.037402
986.388186 504.172597 93.381956 137.416700
987.143356 503.868600 92.598052 137.969793
987.126897 503.679961 92.490311 137.892122
987.075349 503.329988 92.947965 138.392929
986.421391 503.124490 92.983255 137.896266
986.550816 502.962700 93.233425 137.742477
986.550816 502.962700 93.077989 137.277426
987.092121 502.518217 92.884787 138.338476
986.480543 502.218963 93.078047 138.268431
987.354937 502.124502 92.120447 138.296122
986.506685 501.856945 93.109267 137.471169
987.245670 501.612111 92.378572 138.110804
986.506685 501.892980 93.212018 137.696314
986.608959 501.443378 92.761561 136.741423
986.830218 501.074029 92.533958 138.399754
987.143356 500.962702 92.247746 137.277426
986.474210 500.536166 92.788460 137.886451
987.040886 500.141188 92.292152 138.648582
986.989588 500.029910 92.343450 137.990853
986.868795 499.490760 92.633227 138.681516
987.183966 499.313272 92.344851 138.575782
986.886897 498.935178 92.620554 138.619086
986.362128 498.935178 92.888858 137.620991
986.938258 498.424190 92.861876 139.441260
986.514130 498.729835 92.831843 136.732768
986.343883 498.355121 93.289429 138.588391
986.944798 497.520323 92.763944 138.550178
986.925674 497.876181 92.891570 138.483277
986.822114 497.076200 92.879443 138.479950
987.029107 496.935172 92.442339 138.485453
987.194513 496.774319 92.488265 138.197488
986.918302 496.443351 92.851840 137.863059
987.070579 496.150480 92.661797 138.558070
987.182720 495.697709 92.530192 137.924667
986.918302 495.799532 93.109565 138.191149
987.492704 495.124497 92.557016 138.229385
987.319422 494.585399 92.840050 139.123152
987.056246 494.474673 92.486620 138.327519
987.500807 494.205871 92.299327 138.100541
987.537949 493.619134 92.543775 138.970182
987.790362 493.569339 92.626925 138.099439
987.577912 493.062977 92.929507 139.645575
987.265805 493.270040 92.884664 137.562648
987.093233 492.774323 93.400908 138.331052
987.291201 492.569342 92.558606 138.634080
987.182720 492.595354 93.046965 137.758534
987.199879 491.792819 92.759248 137.962231
987.784017 491.679941 92.665180 138.225151
987.317235 491.395929 93.001702 138.109667
987.124735 491.501459 93.416843 137.452807
987.317235 491.150485 93.259798 137.888110
987.681043 490.679942 92.884724 138.425434
987.977465 490.595348 92.494032 138.495041
987.199879 490.253460 93.480663 137.787937
987.471116 491.062714 93.279094 136.294965
987.460961 490.261569 93.379408 137.811220
987.421441 490.313260 93.343056 137.641018
987.492546 490.056654 93.032812 137.715097
987.492546 490.337708 93.136226 137.367449
988.194481 489.962681 92.371286 137.875694
988.023786 489.986341 92.535799 137.870366
987.920486 489.679943 92.696724 138.091808
987.938226 489.490738 92.452844 138.081328
988.040854 489.799524 92.466565 137.990263
988.023786 489.799524 92.651142 138.057183
988.143324 489.679943 92.189681 138.091808
988.229885 489.892996 92.445044 137.763108
987.801201 490.079546 93.123477 137.710241
988.143324 489.585404 92.774543 137.721013
988.537950 489.705896 92.778388 138.284777
988.141074 490.150486 93.177894 137.023343
988.209363 490.172609 93.336783 137.283206
988.434229 490.244160 92.987871 137.394436
988.375802 490.150486 92.994716 137.421580
988.375802 490.524380 92.943166 137.047686
988.285260 490.820836 93.090186 136.388234
988.830269 490.355135 92.475863 138.319725
988.317266 490.585403 93.104834 137.059771
988.382834 490.892997 92.955580 137.296395
988.497974 490.799525 92.892319 137.523016
988.526313 490.518232 92.981136 138.942610
987.938175 491.040471 93.684844 137.628282
988.646635 491.062714 92.519958 139.040152
987.938175 491.029898 93.374553 138.123981
988.697840 491.321494 92.351932 138.351904
988.111994 490.809480 93.163103 139.114181
988.242447 491.673506 92.833142 138.313429
987.362179 491.689086 93.608712 138.199943
987.640669 491.758198 92.930547 137.511319
987.492546 491.986344 92.826392 138.407202
987.413635 491.602511 92.816049 137.293502
987.691478 492.265549 92.742777 138.599892
987.666502 491.935172 92.576397 138.352010
987.082113 492.150484 92.928311 138.021768
987.124735 492.710515 93.001311 137.328079
986.801200 492.612130 93.433520 138.110804
987.287036 492.689105 92.762685 138.468501
987.492704 492.689105 92.266665 139.007666
986.774837 493.313254 92.989610 137.044419
986.972143 492.508023 92.876538 139.032706
987.242448 493.134310 92.600833 138.069112
986.447490 493.337705 93.683725 138.370847
987.190817 493.014414 92.594624 138.569922
986.598563 493.595342 93.268986 138.025767
986.774837 493.782701 93.247697 138.106334
986.657416 493.969509 93.313425 137.919527
986.657416 494.155749 93.365118 138.271096
986.986631 494.414919 93.052188 137.922580
986.833390 494.782720 93.034160 137.304603
986.742491 494.705902 93.440476 138.822242
986.866142 494.729839 92.994751 136.929886
986.918302 494.727952 93.161224 139.093277
987.329968 495.297719 92.582619 136.691305
987.533016 495.097555 92.874428 138.597226
987.635596 495.595348 92.781692 136.894607
987.285234 495.820839 93.399838 137.585984
987.082113 495.782708 93.546659 137.238055
987.681043 495.524375 92.943166 139.468675
987.455118 495.634684 92.839572 137.618577
987.784017 495.986349 92.840192 138.407202
987.873952 495.840283 92.943342 137.848390
987.938226 496.056648 92.861876 138.921106
987.687227 495.951549 92.963040 137.788058
988.040854 496.150480 92.700523 138.490910
987.480593 496.595335 93.078047 137.625154
987.434198 496.524374 93.609806 138.588204
988.087458 496.579758 92.813724 138.339957
988.029158 496.407424 93.196004 138.952015
987.807715 496.946537 93.156629 136.793070
987.269310 496.705905 93.706931 138.017034
987.524575 497.040490 93.098446 137.096328
987.388187 496.986351 93.846534 137.870366
987.640669 497.040490 93.293970 137.096328
987.624794 497.079555 93.713620 137.443000
987.657466 497.155743 93.416843 137.465360
987.724914 497.056647 93.527587 136.522619
987.447492 496.799534 93.890922 138.258163
987.631852 496.946537 93.591693 137.455942
988.029158 496.689086 93.020614 138.872615
987.690579 496.946537 93.118650 137.589010
987.955724 497.056647 93.036258 137.050959
988.178415 496.705905 93.137922 138.553180
987.878989 496.758219 93.330603 137.312286
987.565787 496.612135 94.032394 137.977183
988.214604 496.579758 93.164912 137.336917
987.666865 496.799534 93.600585 138.459551
988.040800 496.569333 93.338716 137.966214
987.950278 496.782695 93.383253 138.240534
988.124785 496.663839 93.208746 138.338771
987.997265 496.946537 93.263880 137.589010
988.023120 496.774319 93.398980 138.665749
988.214604 497.134301 92.957025 138.337428
988.595368 496.602510 92.747215 139.152464
988.349688 497.134301 93.377066 138.270262
988.291199 497.134301 93.280015 138.673763
988.173919 497.203435 93.345522 137.846467
988.697840 496.935172 92.999372 139.289676
988.983941 497.108994 92.686135 138.945151
988.524573 497.124503 93.514243 138.563545
988.776498 497.108994 93.124684 138.877936
988.455117 497.108994 93.250911 138.609358
988.349688 497.414912 93.637038 138.730530
988.983941 497.108994 92.917240 139.214584
989.035715 496.824832 92.865467 139.566183
988.514129 497.108994 93.295099 139.012462
989.087457 496.824832 92.640237 140.039544
988.631851 496.793324 92.868222 138.570591
988.738808 497.040490 92.678477 139.918972
988.642975 496.409384 92.799972 139.488461
988.158554 496.729837 92.829166 138.586932
987.891914 496.569333 93.337821 139.373569
987.749194 496.648875 93.318697 138.516896
987.814099 496.852457 93.276902 138.350956
987.891914 496.569333 93.078977 137.899648
987.950278 496.689086 93.383253 137.464792
987.607133 496.595335 93.660317 138.562252
988.040800 496.297718 93.078944 137.618957
988.199909 496.150480 93.119059 138.155616
988.008547 495.935153 93.014038 137.952659
988.356095 495.679937 92.666490 137.892122
987.976713 495.612134 93.102814 138.177661
988.008547 495.689099 93.273070 137.998943
987.833440 495.595348 93.085790 137.226055
987.859799 495.093935 93.323170 138.095463
987.774887 495.134305 93.454848 137.534471
987.716224 495.056649 93.254667 137.183453
987.801201 494.986348 93.330015 138.339968
987.950278 495.134305 93.124031 136.671397
987.801201 494.424185 93.433520 138.298751
987.716224 494.379882 93.565393 137.227673
987.657466 494.431111 93.468630 138.076025
987.598614 494.218970 93.423971 137.204829
987.666975 493.962677 93.117233 137.410077
987.724914 493.612131 93.267068 137.577265
987.492546 493.524377 93.343527 137.580998
987.375772 493.617516 93.564220 137.287575
987.492546 493.524377 93.032812 137.247371
987.317235 493.235671 93.674747 137.224545
987.258604 493.244157 93.473740 137.128598
987.550783 493.431112 93.129759 136.941643
987.460961 492.980038 93.069097 137.361437
987.199879 493.265551 93.325479 137.190268
987.258604 492.868579 93.060333 136.776592
987.343909 492.634961 92.825859 137.704979
987.422947 491.951848 92.506471 137.310338
987.418314 491.697261 92.198360 138.442229
986.683689 491.679941 93.447526 137.560164
987.544051 491.407424 92.389227 138.280605
987.267621 490.761936 92.776636 138.360977
987.338509 490.774325 92.420861 138.130769
987.075349 490.205875 92.715330 138.166882
987.235517 490.337708 92.697761 138.035364
987.215772 489.585404 92.713646 138.787668
987.338509 489.569316 92.363049 137.966214
986.090217 489.612126 93.679925 137.245208
986.317268 489.524381 93.415109 137.247371
986.681075 488.868583 92.710027 138.103232
986.317268 489.056655 92.847304 137.050959
986.521490 488.799523 92.900875 138.057183
986.474655 488.395932 92.397549 137.777898
986.435400 487.951842 92.529597 137.971813
985.801198 488.337710 93.226668 137.234358
985.801198 488.244162 93.020412 137.261439
985.565785 488.265544 93.358891 137.524240
985.955726 487.962683 92.673048 136.880416
985.710516 487.630068 92.807627 137.992383
986.143326 487.110646 92.305873 137.930753
985.868794 486.951841 92.921885 138.637466
985.716186 487.227960 92.791070 136.776286
985.577632 487.283584 92.900859 137.005991
985.751886 486.365749 92.572092 137.644988
985.693901 486.424174 92.836168 137.168239
985.635806 485.885916 92.585331 137.521841
985.343920 485.892990 93.083025 137.763108
986.092091 485.348476 92.182978 137.626773
985.693901 485.074026 92.681530 138.265923
986.040856 484.868587 92.524913 138.504490
986.132411 484.395936 92.684845 138.910170
986.235529 484.663834 92.408387 137.805142
985.801198 484.424171 92.866097 137.765212
985.898165 484.337714 92.782379 137.634105
986.384072 483.809471 92.406606 138.313432
986.629525 483.585410 92.357297 138.854671
986.124747 483.774331 92.846106 137.200919
986.589166 482.856951 92.434147 138.732350
986.902287 482.792807 92.381500 137.763344
986.285208 482.799515 92.987281 137.723022
986.938258 482.205883 92.336841 138.499282
987.143356 482.029917 92.247746 138.190592
987.075349 481.585412 92.254678 138.586850
987.013223 481.679951 91.843466 137.892122
986.982835 481.650002 92.444073 137.030994
987.173994 481.074017 92.415853 139.004050
987.441358 481.124485 92.202545 138.630471
987.215772 480.679952 92.599217 138.827196
987.492704 481.040493 92.498763 137.828452
987.126897 480.490747 93.013331 138.547857
987.492704 480.379881 92.732407 137.690628
987.474623 479.951832 92.800444 139.105843
987.841882 480.014395 92.575405 138.168845
987.629493 479.300976 92.703512 139.139108
987.790362 479.663844 92.685020 137.672138
987.328804 479.046589 93.287150 138.409212
987.173921 479.508162 93.500936 137.628251
988.143324 478.745297 92.189681 138.009761
987.565787 478.799509 93.513739 138.124134
988.661006 478.758227 91.930881 137.644260
987.945317 478.442104 93.086621 138.648206
988.595368 478.189861 92.396150 137.814403
988.382834 478.046588 93.059367 138.209362
988.646635 477.935161 92.931956 138.085597
988.989586 478.150497 92.928311 138.356654
988.833427 477.935161 93.240869 137.422513
989.640357 477.868594 92.617196 138.705654
989.298397 477.935161 92.879475 137.488620
989.612753 477.892979 92.881390 138.366080
989.833415 477.935161 92.931058 137.158434
990.384077 477.612110 92.814753 139.118279
990.349747 477.758229 92.756927 137.977245
990.375800 477.585415 92.891647 137.257693
990.946649 477.518214 92.428573 138.673673
990.667004 477.395943 93.013567 137.645467
991.194509 477.617532 92.664472 138.630076
991.132411 477.595356 92.859069 138.159620
990.657428 477.782715 93.365118 137.838407
990.891876 477.595356 93.234182 137.958903
991.008509 477.595356 93.324984 137.958903
991.492717 477.407444 92.615364 138.817405
991.182732 477.782715 93.098847 137.771544
991.317231 477.395943 93.104834 137.976827
991.141039 477.595356 93.281025 138.966366
991.444962 477.634669 92.726664 137.486394
991.035017 477.612110 93.199708 138.916011
991.214601 477.946546 92.957025 137.522444
991.537954 477.892979 92.719601 138.567845
991.646597 477.697717 92.461484 138.656160
990.904722 477.868594 93.465762 138.504490
991.756603 478.321522 92.552844 138.553939
991.526279 477.602499 92.806722 139.353622
991.273255 477.634669 93.144087 139.285031
991.397069 477.824818 92.912378 138.625639
991.221355 478.321522 93.080050 138.756385
991.117383 477.664386 92.838680 138.671598
991.389962 478.227979 92.718119 138.647482
990.480555 478.218952 93.490298 137.469728
990.550812 478.431127 93.337249 137.808047
990.302784 478.313255 93.616408 137.774051
990.408142 478.313255 93.266772 138.240992
990.232657 478.124492 93.235101 138.362891
990.466442 478.414922 93.053058 137.922580
990.258633 478.501466 93.111883 137.985917
990.697814 478.595343 92.762574 138.092693
989.785997 478.490749 93.173158 137.286332
990.435406 478.803369 92.822148 138.309227
989.657441 478.962692 93.313425 136.946474
989.565790 478.799509 93.307327 137.523016
989.666973 478.969510 93.221057 137.785453
989.302796 479.056665 93.307228 137.050959
989.784015 479.079531 92.898728 138.313998
989.302796 478.935180 93.204472 137.620991
989.258602 479.056665 93.370168 137.981941
989.056242 479.321519 93.204900 137.614248
988.845400 479.431126 93.628279 137.808047
988.950265 479.501485 93.383253 137.785705
988.891901 479.689112 93.234182 137.798289
988.950265 479.969529 93.175819 137.517873
988.765293 479.679953 93.141487 138.425434
988.833427 480.134306 93.189144 137.268178
989.075352 479.705882 92.889649 139.227122
988.866140 480.014395 93.149961 137.304988
988.624795 480.265533 93.454733 138.802787
988.807714 480.391857 92.949882 137.724674
989.092119 480.244170 92.649287 138.464396
989.029145 480.029911 92.904170 138.457478
988.716211 480.782709 93.306360 137.637912
988.774875 480.595349 93.041146 138.427894
988.774875 481.155756 93.351209 137.465360
988.774875 480.490747 92.989610 138.281013
988.598601 481.248656 93.475695 137.305597
988.938256 480.868591 92.920727 138.103232
989.080806 481.244169 92.620789 138.330076
988.977452 481.218945 92.955863 137.469728
988.388188 481.431124 93.484927 138.210281
988.996172 481.029898 92.537397 138.057401
988.629523 481.337717 92.994716 138.236528
988.770286 481.124485 92.758569 137.829781
988.550814 481.617528 93.129759 137.154232
988.765293 481.093916 92.851918 138.963760
988.582683 481.569334 92.988531 136.972253
988.460986 481.541818 93.431236 137.931954
989.132436 481.595336 92.626971 138.092693
989.126900 481.158299 92.432687 138.680084
988.774875 481.689087 93.092713 137.598077
988.667006 481.329989 92.961797 137.593657
989.143355 481.803366 92.539421 138.039707
988.868798 481.348480 92.806133 138.290124
988.925712 481.689087 92.833695 138.065869
988.886895 481.490746 92.678902 137.882020
989.092119 481.518220 92.473678 138.606565
988.873940 481.679951 92.885467 137.958653
988.989586 481.490746 92.693190 138.281013
988.977452 481.689087 92.724143 138.535743
988.822152 481.689087 92.706702 138.670353
988.480581 481.474669 93.232369 138.127475
988.243357 481.876163 93.212578 137.611213
988.550814 481.348480 92.974574 137.626773
989.040884 481.710525 92.583355 138.199864
988.886895 481.158299 92.795880 138.015537
988.258635 481.150495 93.266753 138.155616
988.349688 481.218945 93.377066 137.868354
988.562536 480.792801 92.851641 138.427689
988.544101 480.935154 92.798482 138.352010
988.886895 480.679952 92.620554 138.894293
988.944794 481.227973 92.414492 138.176593
988.608957 480.999236 92.968107 137.593170
988.492576 480.868591 93.084488 137.570581
988.667006 480.679952 93.013567 137.427670
988.506688 480.235653 93.314926 138.621042
989.101188 480.673485 92.677466 137.376401
988.506688 479.999235 93.521182 138.057214
988.986627 480.134306 92.895984 138.069112
988.950265 479.585413 92.659772 138.787668
988.598601 479.758224 93.114349 138.244391
988.598601 479.782721 92.908680 138.173418
988.782804 479.774335 92.845998 137.068772
988.519363 479.634973 93.114000 138.375799
988.814097 479.189858 92.653602 137.681999
988.565789 479.150497 93.101511 138.021768
988.724944 478.840309 92.903858 137.385265
988.683692 478.705881 93.035014 137.483495
988.608957 478.518216 92.813142 137.140353
988.809792 478.448566 92.668714 137.624228
988.565789 477.999232 92.845073 137.527035
988.608957 477.892979 92.864755 138.231800
988.898193 478.056666 92.782379 136.918591
988.925277 477.536145 92.708086 137.355226
988.918305 477.141188 93.109565 137.649837
988.955754 477.431128 93.088280 137.140951
989.093236 477.167857 93.245180 137.638376
989.258602 476.443371 93.008815 137.004240
989.285222 476.355121 93.090186 137.851141
989.492544 476.431129 92.826392 137.473980
989.669986 476.046585 92.824158 137.413607
989.506689 476.358355 93.521182 137.565316
989.891889 475.585417 92.975686 137.588425
989.801204 475.893008 93.123477 137.629551
990.013188 475.253474 92.615582 137.128362
990.040334 475.448552 92.955664 137.158277
990.325102 474.885916 92.909622 138.253577
990.066696 474.868597 93.111163 137.437835
990.209366 474.424189 93.077204 138.767726
990.408142 474.569317 92.647075 137.434923
990.497976 474.424189 92.788594 137.565865
990.946649 473.809489 92.428573 139.047229
990.640726 474.313274 92.930547 136.978344
990.577635 474.261566 92.952437 138.547530
990.790419 473.840310 92.859904 138.513586
990.362141 474.407450 93.093769 137.413966
991.040882 474.056670 92.700523 138.719155
990.539613 474.124511 93.070398 137.630547
990.550812 473.962697 93.441198 138.276481
990.929271 474.601241 92.953399 137.535151
990.976717 474.424189 93.309855 137.300603
990.976717 474.710532 93.102814 137.528645
991.486704 474.330011 92.536615 138.192546
990.963951 474.431131 93.303464 138.344695
991.124747 474.689113 93.312700 137.331664
991.199875 475.173380 93.170609 137.939219
991.748990 474.490753 92.711386 137.882020
991.141039 474.986353 93.435990 137.669762
991.199875 475.062728 93.584330 137.424674
991.629489 474.868597 92.819704 138.370580
991.492542 475.337723 93.395486 137.567386
991.629489 475.150500 92.936274 137.888110
991.434194 475.617534 93.142835 137.487858
991.681039 475.988643 93.060333 137.585608
991.835453 475.490752 92.964645 137.815679
991.681039 476.173379 93.001702 138.887700
991.524629 476.284909 93.150282 136.730361
991.693867 476.820822 93.146479 137.118622
991.506692 476.986324 93.366427 137.469473
991.724910 477.431128 92.955628 137.008048
991.932843 477.074009 92.840665 138.533743
992.029107 477.689106 92.904170 138.603048
991.598563 478.694237 93.372278 137.241533
991.724910 478.524392 93.267068 137.781721
991.770248 478.969510 93.221220 138.322631
991.873902 478.852464 93.001311 138.955607
991.932149 479.485871 92.969030 137.697370
991.817065 479.710527 93.206256 138.807542
991.573042 479.852462 93.236182 137.085582
991.920491 480.079532 92.928197 138.448592
991.657415 480.313261 93.055496 137.110526
991.683696 481.003946 93.240988 138.335446
991.539600 481.134304 93.276382 137.667886
991.835453 481.337717 92.847289 138.842318
991.524629 481.852458 93.410064 136.689129
991.713482 481.612115 93.251523 139.050825
992.035712 482.014393 92.519379 137.902264
991.269316 482.617527 93.039238 137.354294
991.440447 482.235656 92.949849 137.555377
991.023085 482.524388 93.038665 138.318684
991.124747 483.248662 93.156832 137.976187
990.891876 483.407431 93.234182 136.752112
990.918307 483.541806 93.523898 137.197931
990.607098 483.896062 93.557437 136.942320
991.093238 484.079538 93.297058 137.176419
991.435407 484.079538 92.939816 138.179530
990.666831 484.595361 93.755234 137.027041
990.607098 484.617525 93.711835 137.956717
990.833402 484.946531 93.189144 136.529116
991.086516 484.820839 92.923139 138.864923
990.804611 485.414907 93.151452 137.320552
990.388191 485.710522 93.536491 136.994641
990.550812 485.988633 93.077989 136.450535
990.285248 486.006164 93.451572 136.733593
990.676058 486.172604 92.804630 137.818064
990.474651 486.244164 92.858382 137.062257
990.285248 486.261560 93.038733 137.944707
990.023118 486.524384 93.605683 137.647874
990.749003 486.218945 92.593555 138.068219
990.835485 486.431119 92.905920 138.479266
990.770260 486.969503 92.873656 137.919527
991.296759 486.679946 92.269036 137.759219
991.281328 487.172605 92.800402 137.550321
991.126903 487.056657 93.013331 138.048723
991.124747 487.710520 93.260723 136.861549
990.859803 487.612123 93.530493 137.643839
991.124747 488.155762 93.312700 137.064747
991.537954 488.450979 93.133275 137.539691
991.526279 488.337710 92.690940 137.567386
991.151350 488.799523 93.187068 136.396742
990.931094 489.283055 93.444303 136.923201
991.384079 488.892994 93.050182 137.829934
991.023085 489.150487 93.192875 136.758670
991.332734 489.079545 92.924821 138.785893
990.760376 489.876188 93.397753 136.746215
990.683695 489.986341 93.706602 137.336198
991.389962 490.155768 92.718119 137.398496
990.801205 490.167877 93.381768 137.239889
990.801205 490.710517 93.278326 136.861549
990.328808 490.986343 93.802413 137.336198
990.421403 491.618927 93.704655 136.601575
990.801205 491.728085 93.485367 137.061704
990.801205 492.081058 93.175041 137.225042
991.075354 491.799527 93.064879 137.656291
991.215768 491.774324 92.656400 137.997425
990.506691 492.337706 93.417991 137.567386
990.840536 492.710515 92.840035 137.461737
990.565791 492.799528 93.410455 138.459551
990.996231 492.946545 92.654092 137.655607
990.269314 493.450986 93.655368 138.211969
990.466442 493.673504 93.104831 136.513652
990.343923 493.913555 93.289429 138.097199
990.582742 494.601261 93.351954 136.336784
990.285248 494.541807 93.399838 137.264424
990.199907 494.803353 93.532465 137.636718
990.258633 495.155768 93.370168 137.198127
990.199907 495.244155 93.532465 136.863453
990.199907 495.265553 93.377154 137.658112
990.258633 495.524375 93.111883 137.447434
990.317264 495.988623 93.363307 137.585608
990.375800 495.774320 93.253000 137.598433
990.317264 496.434059 93.363307 138.127655
990.349747 496.501458 92.911456 136.922315
990.285248 497.006164 93.244824 137.802932
990.667004 496.868575 93.013567 137.040573
990.519352 497.635862 93.165734 137.087077
990.713480 497.093938 93.193302 137.697115
991.070575 498.265521 92.869444 136.439630
991.173968 497.630096 92.822228 137.725989
990.801205 498.358354 93.692941 136.897622
991.093238 498.337700 93.193333 136.373399
991.167564 498.653977 93.310894 137.168766
991.550779 498.424190 93.337249 136.049722
991.236267 498.469049 93.589752 137.420512
992.092085 498.150478 92.884787 138.088676
991.950227 498.710509 92.814220 136.795082
991.592585 498.727961 93.594286 137.344814
992.008496 498.782701 93.221188 136.972336
991.918309 498.799536 93.575839 137.389866
992.141070 498.782701 93.177894 137.504468
992.258631 499.358355 93.318429 137.030834
992.375798 499.079558 93.564220 137.643384
992.666502 498.969509 93.500091 138.592198
992.983938 498.539401 92.917240 138.111418
993.235567 498.689092 92.931026 139.007666
993.325134 499.040486 92.803153 137.495057
993.435410 499.172621 93.176438 138.557796
993.232651 499.879759 93.494156 136.722380
993.167615 499.518213 93.672782 137.538230
993.082108 500.062726 93.753960 136.228890
993.778914 499.820816 92.935892 138.391983
993.362166 500.040484 93.557051 136.765208
993.209715 499.705878 93.663407 137.950208
993.466436 499.946530 93.520343 136.134401
993.460989 500.283055 93.379408 137.458874
993.835451 499.679965 92.905920 137.825655
993.550777 500.056676 93.389208 137.316104
993.938220 500.056676 93.394936 137.715097
994.132436 500.056676 93.210134 137.648503
994.111988 500.244182 93.337233 137.794436
994.235554 500.218957 93.107016 137.735321
994.267645 500.056676 93.181576 138.651901
994.635644 500.694221 92.956291 137.442177
994.371217 500.329984 93.078004 137.992540
994.629517 500.595348 92.645574 137.226055
994.167578 500.727981 93.310894 136.878862
993.976721 501.079529 93.569433 136.844111
994.435411 500.612109 92.939816 137.377917
994.435411 500.705879 93.295331 137.483495
994.258629 501.081081 93.370168 136.824035
994.676036 500.518214 93.038733 137.870947
994.629517 500.407436 93.229460 138.079952
994.873927 500.782707 92.770002 137.838407
995.143349 500.490759 92.422443 138.014860
994.765301 500.705879 93.199708 137.950208
995.080793 500.501471 92.968952 137.985917
994.716198 500.782707 93.254667 136.773449
994.868806 499.980061 93.154519 138.963471
995.139146 500.203432 92.646287 137.580233
994.801210 499.885931 93.175041 137.853836
995.008521 500.056676 93.065762 137.515412
994.972153 499.063002 92.992856 138.908833
994.866134 499.953844 93.305488 137.029410
995.229895 498.904423 93.086453 138.218469
995.182744 499.601250 93.150761 136.934292
995.035022 498.980035 93.303401 137.361437
994.785961 498.868605 93.224456 137.371525
994.801210 498.986353 93.381768 136.870992
994.742502 498.518243 93.751650 137.272811
994.774861 498.617511 93.506730 137.287575
994.539625 498.337700 93.845857 137.234358
994.873927 497.490730 93.468630 138.214420
994.521841 497.852455 93.379310 136.557294
994.577612 497.541821 93.626453 138.267270
994.455111 497.189851 93.457468 137.088252
994.608951 497.244153 93.279106 137.327906
994.492570 496.679936 93.395486 137.493885
994.724938 496.782695 93.163118 136.641078
994.751866 496.074026 92.881463 137.267464
994.609746 495.330008 93.297042 138.593658
994.291249 495.663841 93.073176 136.614266
994.285225 495.261572 92.935892 137.411699
994.209371 495.056649 92.973606 136.786443
994.226457 494.820813 92.891976 137.921112
994.215796 493.680333 92.886014 137.898936
994.111988 494.056650 92.989822 137.848440
993.785994 493.962677 93.327147 137.343736
993.506695 493.868578 93.263456 136.776592
993.285262 493.612131 93.503338 137.046457
993.681037 493.244157 93.001702 137.928094
993.375766 493.150483 93.097910 137.421580
993.082108 492.774323 93.391568 137.134830
993.371187 492.518235 92.788280 138.472442
993.389999 492.501477 92.659772 137.452807
992.817066 491.951848 93.147940 138.304121
992.977464 492.414892 92.724143 137.187231
992.830247 491.508029 92.650430 138.098797
992.082140 491.490736 93.443244 136.956860
992.382840 491.896054 93.111308 137.142540
992.332736 490.856962 92.983607 138.066698
992.319449 491.150485 92.955644 137.754609
991.963981 491.150485 93.097800 137.488110
992.035018 491.710516 93.044514 136.795082
991.918309 491.634967 93.109565 137.838811
991.950227 491.876162 93.331339 136.878869
992.267292 492.635855 93.278860 136.686687
992.167589 492.634961 93.310894 137.104788
992.497979 492.893000 92.944228 137.163465
992.460964 493.172613 93.172377 137.416700
992.681069 493.431112 93.001702 137.741139
992.492572 493.988625 93.395486 136.916466
992.269317 494.079551 94.120982 137.376269
992.362178 494.414919 93.712130 137.320552
992.375798 494.617515 93.772402 138.562507
992.336789 495.140054 93.472435 137.109946
991.845429 495.617514 93.783370 137.554735
991.950227 495.876174 93.331339 136.945228
991.565793 496.079554 93.617181 137.443000
991.183757 496.524374 93.787083 136.384775
991.328809 496.912161 93.750723 138.156181
991.893394 496.946537 92.815401 137.323001
991.090224 497.635862 93.577080 137.623223
991.697802 498.062720 92.703596 137.424674
991.049525 498.172620 93.480510 138.019295
991.115186 498.508152 93.404312 137.561338
990.785965 498.617511 93.584519 138.023877
991.492717 498.969509 92.849828 137.852474
991.474619 499.056677 92.858382 138.450485
991.492717 499.689111 93.263940 136.933290
991.349786 499.329982 93.152242 137.792910
991.258600 499.244182 93.215077 137.195003
991.141039 499.450994 93.281025 137.539691
991.199875 499.056677 93.428893 136.984743
991.141039 498.705908 93.746989 138.284777
991.349745 499.040486 93.428966 136.171841
991.343886 498.913558 93.134572 137.426379
991.666971 498.424190 92.910058 137.499479
991.989552 498.424190 92.634653 137.698732
991.506692 498.424190 93.417991 136.838003
991.506692 498.358354 93.572840 137.364587
991.434194 498.431107 93.298146 136.148159
991.577598 498.004360 93.314576 136.161019
991.533459 498.467003 93.550137 136.272749
991.809744 497.460647 93.082430 136.433310
991.710570 497.838302 93.683287 137.252014
991.598563 497.782714 93.579270 136.310892
991.624799 497.634964 93.454733 136.441833
991.635772 497.074020 93.204574 136.936723
991.868802 496.612135 93.037982 138.043978
992.080768 496.876162 92.620789 137.678077
991.447497 496.986351 93.425622 136.738440
992.023792 496.612135 92.941213 137.710414
991.683696 496.705905 93.240988 137.085146
991.859805 496.424188 93.064879 137.565865
991.742498 496.617513 93.027650 137.889620
991.666971 496.782695 93.221057 136.972336
991.565793 496.705905 93.513739 137.151438
991.782770 496.803351 93.209208 136.901801
991.506692 496.705905 93.624530 137.550069
991.657415 496.969503 93.365118 136.918309
991.565793 496.799534 93.617181 137.456441
991.598563 496.969503 93.268986 136.918309
991.683696 497.265556 93.035014 136.525495
991.881548 496.817500 92.774548 137.738308
991.269316 497.543489 93.552302 137.313227
991.492542 497.337701 93.084488 136.836120
991.519315 497.448552 92.959143 137.025510
991.519315 497.727966 93.062360 136.812432
991.343886 497.634964 93.186149 137.171281
991.141039 497.612137 93.695030 136.650056
991.434194 497.710510 93.298146 136.397096
991.402467 497.820828 93.179208 136.520656
991.402467 497.541821 93.230848 136.799663
991.049525 497.820828 93.687259 136.852431
991.258600 497.431108 93.525604 136.808992
991.258600 497.635862 93.318429 136.886694
990.976717 497.330011 93.673534 136.013106
991.226442 497.190900 93.406873 137.015373
991.141039 497.079555 93.332638 136.910498
991.486704 496.986351 92.829638 137.402836
991.035017 497.265556 93.303401 136.857363
991.093238 497.079555 93.504947 136.380664
991.418291 496.913569 92.829823 137.627174
991.082109 497.079555 93.391568 136.645235
991.209367 496.893005 93.180929 137.030662
991.093238 496.705905 93.245180 137.417014
991.199875 496.893005 93.325479 137.163465
991.371189 496.893005 93.136226 138.097677
991.182732 497.341415 93.306786 136.546397
991.343886 496.697264 93.134572 137.247456
991.526279 496.893005 93.215093 137.562819
991.141039 497.337701 93.643165 136.307466
991.577598 497.358352 93.107451 136.631701
990.812256 497.167869 94.235684 136.447332
991.375768 497.265522 93.512261 137.241612
991.492542 497.617512 93.499436 135.895885
991.533459 497.469040 93.550137 136.953572
992.229891 497.337701 92.910344 137.300888
992.325105 497.727966 92.909622 136.878862
992.226468 497.727966 93.252015 137.011786
992.382840 498.079557 93.059367 136.910498
992.881573 497.612137 92.774548 137.643839
992.742500 497.799535 93.285376 138.124134
992.657466 498.062720 93.416843 137.759275
993.287086 498.244152 92.821032 137.995002
993.082108 498.337700 92.979641 137.367449
993.486707 498.244152 92.829638 138.262980
993.141037 498.689092 93.281025 137.798289
993.471166 498.689092 93.018390 137.998943
993.492540 498.969509 92.929523 137.919527
993.375766 499.150508 93.304771 137.687890
993.492540 499.244182 93.136226 137.660935
994.040848 498.962704 92.759248 138.745875
993.657453 499.595360 93.158567 137.159696
993.683699 499.518213 93.086453 137.804309
993.898157 499.689111 92.937910 137.198726
993.859807 500.079528 93.013315 137.509763
993.801209 499.868604 93.020412 137.437835
994.035021 499.986323 93.044514 138.474499
994.544088 500.134295 92.622492 137.935191
994.023114 500.337730 93.502268 138.035364
994.480562 500.124496 93.228226 138.764545
994.944844 499.919698 92.822544 138.330296
994.666476 500.056676 93.500091 139.393710
994.939747 499.984411 92.755818 138.246440
994.614515 500.244182 93.493578 139.206205
995.004006 500.270041 92.788703 137.496431
994.920495 500.141188 92.986292 138.247973
994.977439 500.313259 93.014053 138.374782
995.029132 500.407436 93.020614 137.746454
995.111956 500.617541 92.874826 137.487858
995.075360 500.329984 93.006375 137.925965
995.235541 500.244182 92.931026 138.195914
994.977439 500.218957 92.897799 138.068219
994.833414 500.617541 93.085790 137.487858
994.661624 500.046586 93.187068 138.542707
995.047600 500.040484 92.955138 138.162923
994.718390 500.337730 93.098879 138.438101
994.718390 500.407436 92.925538 138.347532
994.666476 500.313259 92.977452 138.508729
994.738858 500.501471 92.911456 138.253497
994.406292 500.407436 93.065179 138.548690
994.635644 500.189845 92.956291 139.013560
994.583982 500.474660 92.891449 138.527942
994.532303 500.969515 93.176485 138.389936
994.408133 501.040481 92.801509 137.096328
994.418305 500.705879 93.120737 138.687648
994.232649 500.946528 93.286842 137.123969
994.577936 500.892979 93.104834 139.175339
994.620521 500.204794 92.591932 138.578870
994.577936 500.689098 93.104834 138.737752
994.583982 500.758211 92.891449 138.579273
994.635644 500.663831 92.607977 138.271921
994.526308 500.300987 92.864787 139.676794
994.642922 500.837444 92.858000 138.127290
994.526308 500.015307 92.864787 139.357786
994.532303 500.297714 92.769096 138.891081
994.532303 500.189845 92.885032 138.679089
994.532303 500.689098 93.059632 137.531403
994.267645 500.424162 93.298146 138.499480
994.687275 500.663831 92.730061 137.605699
994.215796 500.518214 93.291647 138.271556
994.428789 500.595348 92.814832 137.292477
994.537958 500.329984 92.837269 137.792910
994.629517 500.617541 92.994716 137.688582
994.577936 500.424162 93.281041 137.433156
994.732586 500.337730 93.126391 137.968393
994.770273 500.407436 93.163030 137.480388
994.886889 500.244182 92.972088 138.128912
994.822139 499.935165 93.053099 137.886237
994.770273 500.056676 93.104966 138.249447
994.822139 499.840295 92.937255 137.715861
994.989580 499.774347 92.693190 137.797740
994.506696 500.265529 93.779881 137.524240
994.716198 500.134295 93.409872 136.012286
994.710566 499.820816 93.424648 138.122690
994.925699 499.663833 93.240869 137.340417
994.742502 499.612108 93.337034 137.377917
994.724938 499.710539 93.267068 136.728646
995.035022 499.634953 92.992856 137.371136
995.229895 499.093909 92.793430 137.630854
995.151355 499.710539 93.031623 137.061234
995.537959 498.904423 92.310733 137.754143
995.281333 498.705908 92.917504 139.497880
995.602750 498.824830 92.414612 137.892381
995.332740 498.612138 92.866097 139.253313
995.139146 498.824830 92.704127 138.025323
994.920495 499.056677 92.986292 137.915159
994.977439 499.337731 92.839830 137.834546
995.092113 499.150508 92.590656 137.621265
994.713486 498.885905 93.019266 138.454027
995.080793 499.227966 92.390678 137.774641
994.661624 498.761915 93.013315 138.360977
994.822139 499.134297 92.764198 138.337428
994.510483 499.407449 93.018359 137.613327
993.904750 499.617542 93.724046 137.287575
994.267645 499.501483 92.891852 137.719031
994.163916 499.705878 93.169114 138.017034
993.925711 500.155768 92.833695 137.398496
993.565796 500.265529 93.410455 137.123631
993.258598 500.337730 93.266753 136.968709
993.325106 500.635834 93.117102 138.162038
993.182770 501.248654 93.098847 136.572748
992.693078 501.283585 93.425392 137.005991
992.972151 501.543463 93.168085 137.447193
992.506693 501.988649 93.109267 136.983186
992.932869 502.172594 92.431336 137.283206
992.343912 502.261563 93.083025 137.079924
992.325105 502.635837 93.273082 137.421835
992.141070 502.803376 93.281025 137.235239
992.199905 503.079532 92.964661 136.711496
991.931120 503.004343 93.136029 138.152970
991.925674 503.501464 92.949540 136.790133
991.676021 503.261558 93.156396 138.279177
991.666451 503.595341 92.977452 137.292477
991.609741 503.612113 92.892287 138.445561
991.687281 503.782701 92.730061 138.374892
991.082109 503.774343 93.443244 137.134830
991.371189 503.986329 93.136226 138.071346
990.955988 503.962699 93.319074 138.075915
990.774849 504.601239 93.247697 136.601908
990.676058 503.980038 92.921478 138.761893
990.738867 504.508139 92.736572 137.628251
990.505890 504.612115 93.053699 138.110804
990.474651 505.062726 92.974574 137.224462
989.990386 505.079535 93.076774 137.309631
989.683693 504.892984 93.499278 137.629551
989.657441 505.248666 92.952583 137.506313
989.608924 504.868599 93.071616 137.106663
989.713479 504.986330 93.019266 138.339968
989.354174 505.029909 93.059990 136.997773
989.314944 505.079535 93.107435 137.777161
988.427321 505.431132 93.583102 137.008048
988.724944 505.150502 92.955628 137.888110
988.989586 505.150502 92.928311 138.088676
988.873940 504.868599 92.654915 138.370580
988.577942 504.962698 92.987855 138.544459
988.115129 505.321495 93.352570 137.747980
988.441409 505.313259 92.960026 138.040622
987.963985 505.782707 93.406533 136.972336
987.976713 505.705886 93.361701 137.883414
988.066721 505.782707 93.214896 137.504468
987.904756 505.612116 93.208390 137.444335
987.742493 505.431132 93.647799 138.884018
988.448560 505.648889 92.627028 137.581980
987.683690 505.986332 93.551031 137.870366
987.657466 506.227950 93.107031 136.842536
988.188748 505.986332 92.643693 138.339968
987.977465 506.244176 92.781955 137.794436
987.972144 505.962697 92.818537 138.343420
987.977465 506.407423 92.724143 137.813065
988.075350 505.999238 92.773332 138.656857
987.774887 506.782694 92.938075 137.771544
987.955724 506.110659 92.880349 138.129463
988.124785 506.524396 93.001311 138.520761
988.008547 506.663849 93.065762 138.071625
988.338559 506.782694 92.945266 138.576744
988.532253 506.758229 92.538488 138.110723
988.474653 506.679958 92.916447 138.158432
988.199909 507.434045 93.170609 138.060192
988.413686 507.218962 92.867931 137.801806
988.434229 507.524395 93.246344 138.453381
988.524573 507.663847 92.891449 137.605699
988.550814 507.424171 93.129759 138.633509
989.150164 508.040498 92.383406 138.095915
988.976714 507.962695 92.741992 138.611555
989.066708 507.935159 92.904170 138.019112
989.240616 508.244174 92.833680 138.262980
989.646623 508.407429 92.695947 138.013183
989.681041 508.150499 92.943166 140.046754
989.849523 508.459765 92.709629 138.371193
989.657441 508.689091 93.107031 138.468501
989.698570 508.946542 93.132045 138.323884
989.774862 509.227976 93.662597 138.445446
989.982689 508.729826 93.033411 138.921490
990.705352 509.227976 92.780560 138.580094
990.510470 508.935177 93.191100 139.896777
990.901050 509.270055 92.891696 138.962832
990.841939 509.284932 93.042943 139.388488
991.139150 509.554399 92.820091 139.216766
990.932150 509.569336 93.085216 139.576110
991.397069 509.931531 93.029926 139.516253
991.383888 509.824820 92.943200 139.431340
991.858994 509.919688 92.509179 139.471315
991.524629 510.203423 93.202182 139.120143
991.749191 510.014398 93.060034 139.444106
991.690575 510.391861 93.222007 139.337058
991.866137 510.174974 93.046445 138.655966
991.814154 510.501470 93.068514 138.320518
992.008496 510.313259 93.014038 139.315980
992.040796 510.554390 92.975302 138.343433
992.240578 510.407435 92.833680 138.347532
992.298359 510.689098 92.775900 137.464792
992.209369 510.518227 93.025358 137.671160
992.375798 510.337720 92.737344 139.112656
991.997319 510.094637 93.160808 138.042182
992.646585 509.840294 92.637189 138.446881
992.258631 510.150497 93.060333 138.222586
992.298359 510.029909 93.035122 138.057401
992.240578 510.431127 92.885467 138.008959
992.023116 510.124496 93.038665 138.296122
991.891863 510.782706 93.234182 137.238055
992.151351 510.424175 93.135222 138.365609
992.240578 510.501470 92.885467 138.521771
992.182719 510.782706 92.995114 138.106334
992.646585 510.348483 92.286692 139.091602
992.182719 511.062713 92.788121 138.836944
991.774836 510.697708 93.454848 137.726064
992.595317 510.876173 92.688457 139.498309
991.879044 511.203422 93.382155 137.979821
991.950227 511.124483 93.487207 138.096005
992.376988 511.227971 92.924415 138.985081
992.232653 511.189853 92.925474 138.745907
992.173974 511.313246 93.190455 138.709982
992.291253 511.284928 93.176501 138.184053
992.471115 511.501457 92.810451 138.052780
992.023116 511.501457 93.657453 137.985917
992.232653 511.501457 92.976994 137.785705
992.375798 511.431126 93.097910 138.546646
992.349743 511.189853 92.705470 138.013309
992.317262 511.244171 93.053252 138.868424
992.232653 511.189853 93.028546 137.880652
992.082140 511.150497 93.133850 138.692578
992.115184 511.297704 93.042943 137.618957
992.141070 511.244171 93.126376 138.330076
991.891863 510.840282 93.597642 137.715861
992.182719 511.155754 92.995114 138.069086
992.240578 511.056665 93.092902 137.715097
992.317262 510.962692 92.641892 138.276481
992.434225 510.868593 92.627556 137.969793
992.434225 510.395942 92.422458 138.509164
992.023116 510.253471 93.038665 138.119298
992.643005 509.650112 92.483041 137.311716
992.402492 508.555405 92.613423 138.784533
992.528501 507.472227 92.597544 137.543068
992.555415 506.236740 92.627559 137.237153
992.577624 504.312612 92.284750 137.581362
992.635797 502.841308 92.380118 137.642371
992.226468 501.380403 92.738246 137.158959
992.382840 499.793445 92.387309 137.887568
992.093240 498.284651 92.574063 137.058438
991.945353 496.889159 92.368358 137.135559
991.925229 495.732211 92.708086 136.646797
991.769414 494.223161 92.851244 137.260539
991.683696 494.634950 92.983607 137.437816
991.742498 494.330007 92.873461 137.726461
991.666971 494.524376 93.013567 138.993679
991.814154 495.414917 93.068514 137.454030
991.269316 495.431110 93.552302 138.479266
991.756439 495.673503 93.074235 137.309755
991.388192 495.518239 93.484927 137.937584
991.698628 495.969515 93.288154 136.918309
991.972149 495.235673 92.992856 139.292472
991.749191 495.953848 93.060034 137.429758
991.506692 495.705904 93.314926 137.950208
991.480543 495.689099 93.283904 138.132890
991.698628 495.407436 92.976283 138.013183
991.782770 495.689099 92.845998 138.065869
991.782770 495.300961 92.690908 137.674278
991.624799 495.518239 93.093911 138.338476
991.716173 495.501471 92.945266 137.719031
991.724910 495.710512 92.903858 138.672216
991.986683 495.142270 92.948010 137.994550
991.598563 494.868577 93.114349 138.974482
991.698628 495.203437 93.132045 138.514917
991.582740 495.218957 93.040336 137.801806
991.492542 495.150481 93.136226 139.097109
991.277477 495.391875 93.325507 136.729205
991.635772 495.265553 92.997544 138.397404
991.302771 495.313260 93.255818 137.375425
991.608922 495.244155 92.968107 138.397236
991.770248 495.969515 92.701199 138.322631
991.550779 496.244154 92.974574 137.928094
991.375768 497.173358 93.097910 138.209368
991.646597 497.124503 92.578526 138.362891
992.040850 498.632759 92.524913 138.769037
991.822114 499.218969 92.592025 137.934934
991.550779 500.541176 93.026250 138.451902
991.635651 501.155755 93.131745 137.934634
991.317231 502.449435 93.208122 137.798181
991.784013 502.969521 92.665180 137.919527
991.375768 504.265547 93.046297 137.914499
991.526279 504.988646 92.748784 139.413175
991.291255 506.418314 92.866874 137.837851
991.835453 506.803373 92.439610 139.393883
991.291255 508.232946 93.176501 137.888500
992.092085 508.710530 92.182978 139.418620
992.098922 509.313271 92.493020 139.857447
992.139149 510.297705 92.358578 139.160799
991.539600 511.694229 92.711386 138.721901
991.640724 512.134300 92.723708 138.673763
991.582740 513.526569 93.247934 138.915918
991.631848 514.414907 92.611587 138.325796
991.492542 515.434070 93.032812 138.195181
991.608922 515.595346 93.071616 139.101417
992.190812 516.108976 92.021644 139.484650
992.201472 517.134289 92.448849 138.808601
991.539600 518.062719 93.224847 138.634051
991.944851 518.694214 92.472491 139.469671
991.408140 519.860525 93.111358 137.322711
991.258600 520.358352 93.266753 139.116850
991.387503 521.586131 92.887988 137.378614
991.486704 521.799536 92.888519 138.392380
991.646597 522.434044 92.578526 138.195181
991.258600 523.150485 93.163465 136.692611
990.931094 523.912135 93.702221 137.481391
991.124747 524.618918 93.416843 137.203062
990.785965 524.988626 93.481450 137.921753
991.066683 525.227973 93.266810 137.774641
990.950240 525.803354 93.227606 138.647008
990.866138 526.414913 93.046445 137.320552
990.683695 526.617515 93.344178 138.832845
990.749191 527.227968 92.596778 137.174509
990.577635 527.541807 93.055717 138.133031
990.362141 527.689103 93.660405 138.401290
990.929271 528.694224 92.745643 136.442590
990.236227 528.561573 93.589752 138.470501
990.349747 529.040484 93.428966 137.162672
990.141072 529.450972 93.435990 138.685057
990.583990 529.767104 93.007954 137.482894
990.422976 529.892987 93.084472 138.702564
990.376993 530.694220 92.982352 137.241533
990.497976 531.172602 92.736747 136.751048
990.343923 531.190634 93.237789 137.765792
990.317264 531.431137 93.104834 137.207481
990.382837 532.173387 93.007458 136.665011
990.226479 532.283584 93.148954 137.539154
990.317264 532.431136 92.641892 137.274043
990.209366 532.820817 92.818505 137.719910
990.209366 532.705891 93.025358 137.749919
990.023118 533.056675 92.884802 137.781721
989.859802 533.524401 93.064879 137.247371
989.624797 533.329997 93.196819 136.866266
989.859802 533.358338 92.910344 138.237217
989.977439 533.313251 92.781955 137.574565
989.868799 533.329997 92.690789 138.192546
989.886863 533.689090 92.737344 137.198726
989.984087 533.727981 92.380103 137.745808
989.972147 533.705892 92.415132 137.550069
989.727469 533.612122 92.404967 137.178916
989.778874 533.820842 92.527221 137.251953
989.676033 534.098611 92.456404 136.907503
989.686336 533.817491 92.193310 136.677266
989.414848 533.839470 92.632188 137.332248
989.469927 533.612122 92.203671 136.914156
989.122578 533.839470 92.873662 136.800246
989.225431 533.634979 92.712466 136.177836
989.071113 532.998585 92.461065 136.848058
989.276771 532.910970 92.313094 135.991583
989.273365 532.765470 92.173122 136.622250
989.387924 532.186403 92.006996 136.200325
988.738058 532.580818 92.375985 135.880795
989.543564 532.488283 91.483438 134.859632
988.962948 531.973052 92.252986 135.673332
989.129835 531.952041 92.062472 135.467301
989.180793 531.878051 91.837906 136.009910
989.129835 532.137111 91.831181 135.347711
988.368965 532.519109 92.707152 135.500982
988.610998 533.041428 92.064352 134.567455
988.770605 532.710118 92.219104 136.586864
988.928662 533.117249 91.489673 136.125136
988.720897 533.597408 91.782164 135.940865
988.772150 534.044646 91.447838 135.768251
988.424610 534.245219 91.535466 135.973399
988.536463 534.505614 91.424588 135.768313
988.271188 534.785932 91.575417 135.838278
988.333470 535.245223 91.455153 135.642750
988.127771 535.158151 91.574352 136.409440
988.078881 535.580817 91.084826 136.144565
988.085531 536.153638 90.988383 135.998752
987.984242 536.434758 90.919018 136.331289
987.882828 537.153642 91.020431 136.463079
987.882828 538.061887 90.737979 136.289247
987.685355 539.347875 90.959522 136.549613
987.637731 540.519108 90.638706 137.032323
987.587099 541.963138 90.408128 136.438829
987.381751 543.528832 90.921730 136.368632
987.539487 544.972928 90.363768 135.577367
987.076010 546.370186 90.803264 136.686652
986.811800 547.882421 90.498005 136.200650
987.188493 549.166325 90.456413 135.997671
986.438240 550.438431 91.276587 135.592769
987.488602 552.247357 89.871597 134.916643
986.683055 553.393688 90.730117 136.353142
986.887054 554.791835 89.966664 135.559329
986.683621 556.468068 90.533235 135.135723
986.834693 557.551179 90.100589 135.374303
986.582722 558.654748 90.073386 134.305263
985.902301 558.769784 90.513205 133.826193
985.672251 558.678868 90.693278 133.205533
986.184509 557.597092 89.913605 133.768173
985.834381 556.137726 90.433746 132.480714
985.933944 555.430628 90.129949 131.376799
986.336942 553.970883 89.639777 132.165552
985.966711 553.289869 89.895106 130.335738
985.995040 551.969098 89.659440 129.975088
985.749854 550.074581 89.905412 131.161242
985.793229 549.030759 89.566962 130.076282
985.692916 547.665232 89.360857 129.821526
985.692916 546.089996 89.360857 130.063201
985.238532 544.529406 89.815241 129.895169
985.203753 543.607359 89.748925 129.691145
985.595960 541.954009 89.108785 128.594158
985.274265 540.936597 89.122275 129.338140
985.294978 539.437616 88.911506 128.439246
984.876825 537.963727 89.459064 129.166139
984.955530 536.527619 89.300035 129.026246
984.953164 534.650856 89.291763 129.609240
984.523232 533.451172 89.284182 128.588027
984.848677 531.501768 88.764462 129.902071
984.463438 530.841628 89.186060 128.959639
984.217801 529.166776 89.326255 128.587506
984.217801 527.931036 88.786871 127.700829
984.081982 526.525175 88.802387 128.218640
984.045217 525.231128 88.945763 127.666003
983.800710 524.586832 89.034666 128.891884
984.009212 524.728754 88.890755 128.796201
983.555132 524.990457 89.136768 128.659863
983.778150 526.110924 88.667506 128.042397
983.647428 526.715655 88.545432 128.515964
983.758988 527.629594 88.482771 128.099468
984.439830 528.543414 87.745551 128.248322
983.969750 530.128346 88.523799 127.956907
984.197184 531.229236 87.877184 127.499823
984.447423 532.178182 87.589680 128.192575
984.688759 533.518495 87.237666 127.600755
984.000801 534.723263 87.833181 128.289238
984.183825 536.128349 87.659527 127.452971
984.600880 537.584671 87.122175 128.526138
984.253701 539.348615 87.397694 127.519741
984.552695 540.976367 87.005830 126.841392
984.205445 542.788318 87.231939 126.503533
984.094874 544.348554 87.246327 126.479338
984.094874 546.264866 87.342510 125.754861
983.917715 547.405289 87.399965 126.150368
984.190958 549.076021 87.175063 125.232409
984.393807 550.694473 87.153120 126.113000
984.205445 552.159294 87.087708 126.579126
984.610687 553.236373 86.799757 126.381203
983.856202 555.159276 87.426170 125.272680
984.189673 556.553343 86.996878 125.290588
984.176415 557.359330 86.743784 124.429046
984.217083 557.651743 86.451051 123.964344
983.929465 557.270838 86.724874 124.594719
984.325988 557.145096 86.533331 124.350143
984.325988 556.961488 86.342146 124.007748
983.929465 556.877059 86.724874 124.031866
984.090345 556.792501 86.309846 123.695375
984.094394 556.270852 86.559945 123.391863
984.094394 555.918645 86.417184 123.337548
984.024073 554.895816 86.409011 122.291344
984.200508 553.367256 86.334336 122.709162
984.265645 551.546077 86.379268 122.526580
984.026562 550.537682 86.233375 122.009898
983.848417 549.356615 86.443094 121.899868
984.282570 547.632720 85.706286 121.805958
984.325889 546.401442 85.551652 121.510070
984.153912 545.019467 85.658713 121.658896
984.218064 543.822841 85.376666 121.205451
984.045351 542.532088 85.673110 121.151207
983.990922 541.303713 85.727539 120.906459
984.153912 540.888728 85.423569 121.022226
984.208059 541.031748 85.088366 122.065247
984.195808 541.986149 85.220203 121.277383
984.656858 543.411340 85.189271 123.100767
984.944174 545.277012 84.691560 123.097192
985.107034 548.362377 84.567071 122.684632
985.335286 550.844792 84.468895 124.400004
984.948943 553.760582 84.746146 123.532787
984.831033 556.880308 84.989992 123.005197
985.225861 560.117668 84.357038 122.767838
985.101440 562.924108 84.437629 123.020912
984.820906 566.554551 84.471369 120.502116
984.787373 568.340554 84.324299 121.782718
984.522292 570.331171 84.383997 120.646635
984.391910 572.410128 84.423608 120.763254
984.338772 573.856685 84.337013 120.656781
984.741665 575.420019 83.866395 120.860962
984.787373 577.260947 84.112485 120.780736
984.880362 579.410144 84.072310 120.103333
984.331604 581.378800 84.278036 119.239777
985.010596 582.942313 83.345751 120.213877
984.667876 584.942310 83.969490 119.559190
984.484728 586.069739 83.872811 118.901988
984.596264 585.585224 84.078695 119.274962
984.688573 584.223915 84.146911 119.542311
984.761440 583.280551 84.303879 118.842414
984.484728 582.666648 84.057679 117.245210
984.687232 580.867474 84.106133 117.480153
984.276888 580.688395 84.363788 116.695026
984.686656 579.173513 83.580231 117.094743
984.974978 577.764685 83.753902 116.997885
984.757986 576.901717 83.585380 117.045301
984.325619 576.142301 84.063342 115.788536
984.416554 574.552152 83.826066 116.095433
984.309448 573.708840 83.795827 116.029437
984.726139 571.777805 83.412770 116.257531
984.589627 570.633014 83.229255 115.791429
984.466421 569.762907 82.887648 116.026519
984.442957 568.768801 82.669799 115.985414
984.660595 566.833345 82.738758 116.475415
984.655104 566.200760 82.800838 116.476316
984.498469 564.346424 83.108888 116.771026
984.074779 563.955305 83.244541 115.915979
984.206284 562.361965 82.736991 116.090813
984.419930 561.119961 82.688733 116.332821
984.154017 560.281426 82.880391 115.446395
984.256972 559.648676 82.388051 115.049738
984.562287 557.986138 82.181531 115.482866
984.546701 557.466161 82.269427 114.118722
984.412904 556.409611 81.996913 114.462976
984.635010 554.773461 81.952031 114.382783
984.098492 553.840952 82.446224 114.619599
984.203856 553.034482 82.504553 114.349850
984.098877 551.920009 82.745305 114.263779
983.887844 550.998958 82.549932 113.853905
984.210764 548.963385 82.401786 114.889479
984.360671 548.824159 82.212286 114.168616
984.464987 547.284182 81.810225 113.692361
984.204272 546.528332 81.818934 113.866513
984.327919 545.839932 81.477789 113.168713
984.278223 545.131563 81.632087 112.920589
984.669258 543.133127 81.520826 113.892279
984.664148 542.684346 81.610278 113.434460
984.619361 541.072307 81.706789 113.964613
984.533184 540.762192 81.362192 112.424611
984.538456 539.959878 81.206675 112.586330
984.742988 539.114779 81.046758 112.485987
984.844731 537.959863 80.855838 112.750172
985.052488 536.414028 80.874326 113.023119
984.962085 535.570581 81.310213 112.757652
985.006563 534.726658 81.317566 112.601581
985.449539 533.882233 80.719362 112.011733
985.232320 533.253888 80.992951 111.357122
985.334877 531.788790 81.191651 112.037970
985.432993 530.838462 80.875053 112.337073
985.303133 529.726634 81.174389 112.275694
985.021088 529.882349 81.323960 111.119985
985.300350 528.437003 81.118441 111.478825
985.287156 527.867542 81.273602 110.797359
985.402173 527.207867 80.927476 110.923016
985.674912 525.669486 80.933182 111.515239
985.951018 524.437007 80.868580 111.747720
985.797986 524.699331 80.559887 110.127410
986.147805 523.072487 80.558983 110.388277
986.015227 522.194904 80.781497 110.759335
985.926743 520.887727 80.869981 111.388804
985.848291 519.823885 80.800450 111.145662
985.848291 518.900885 80.698824 111.445557
986.246691 517.669468 80.452981 111.461397
985.941315 517.131283 80.635777 110.142726
985.808469 515.841919 80.570550 110.256503
986.322436 514.612317 80.074147 110.326241
986.314541 513.458645 80.119227 110.799940
986.323922 512.612316 80.319447 110.539463
986.279921 511.688950 80.363447 111.213412
985.946011 511.460898 80.510450 110.404741
986.113547 510.879417 80.353737 110.128458
986.235185 509.841918 80.212869 110.577142
986.062922 509.825108 80.316097 109.701122
985.743900 509.767396 80.766120 109.652516
986.147805 508.792697 80.558983 110.251356
986.103567 508.449224 80.795794 110.614835
986.147711 508.158408 80.803074 110.761169
985.838143 508.030254 80.958582 110.623877
985.939160 507.460881 80.617247 111.490190
986.114171 507.740602 80.534570 110.984451
985.790633 507.761566 80.447039 110.808018
986.026998 506.887729 80.426346 111.550430
985.525855 507.640890 80.656508 110.791768
985.983092 507.006465 80.418852 111.291678
985.895188 507.158390 80.149229 110.923217
985.396923 507.703492 80.498951 110.112999
985.396923 507.599928 80.718080 110.626180
985.458405 507.686558 80.482156 110.395049
985.305584 507.899945 80.590833 110.380210
985.305584 507.974654 80.590833 110.251455
985.305584 507.974654 80.546689 110.685002
985.191846 507.803807 81.017493 110.580450
984.975423 508.357470 80.909823 110.539010
984.997659 508.480094 80.942902 110.282231
984.946041 508.703488 80.774009 109.896584
985.062961 508.750139 80.891957 109.776078
984.946041 508.675079 80.906233 110.227281
984.946041 509.147223 80.818049 110.267138
984.946041 509.255692 81.127213 110.182464
984.946041 509.330596 81.082939 110.215493
985.015257 509.255692 80.832764 110.886393
985.378924 509.309880 80.628276 110.394121
985.100636 509.851844 80.443595 110.890384
985.203286 509.954912 80.516764 109.838639
984.951550 510.272407 80.821803 110.495968
985.100636 510.777745 80.839925 109.445009
985.003250 510.767413 81.034519 109.976027
984.790663 510.777745 81.105754 109.768366
984.997659 510.703506 80.722391 109.734671
985.003250 510.618699 80.858138 109.586257
985.106376 510.544187 80.710969 109.179045
985.209165 510.779915 80.608180 109.372406
985.209165 510.469544 80.784482 109.467441
985.362694 510.244955 80.630954 109.531663
985.260424 510.568365 80.865743 109.549676
985.464639 510.319922 80.661527 108.818291
985.661013 510.558944 80.462788 109.163186
985.557976 510.188433 80.609675 109.748547
985.448667 510.642071 80.534770 109.475970
985.566247 510.544187 80.737104 109.392799
985.616909 510.469544 80.553508 109.735412
985.757310 510.394785 80.445568 110.132852
985.500320 510.693121 80.746560 109.888421
985.345088 510.825095 80.857790 109.273326
985.209165 510.618699 80.696266 109.639955
985.446186 510.469544 80.447462 109.896584
985.054858 510.841589 80.806530 109.686048
985.157816 510.750139 80.571572 109.401626
984.785331 510.618699 80.903103 109.908937
984.603418 510.925883 80.775640 109.458393
984.654810 511.137226 80.900856 108.960438
984.298895 510.841589 80.912625 109.041907
984.362703 510.989641 80.630954 109.000861
984.454609 511.581588 80.537817 108.355392
984.164371 511.495839 80.660565 108.368558
984.215799 511.641991 80.477495 107.637488
984.120224 511.488728 80.667020 108.248162
984.350488 511.349249 80.743491 108.621955
984.569148 511.275785 80.317956 108.748834
984.481782 511.422596 80.456905 108.709037
984.522535 511.641991 80.126947 108.275796
984.649485 511.254406 80.333731 108.913349
984.318384 511.714886 80.287286 108.202901
984.479476 511.624667 80.132699 108.277563
984.223295 511.624667 80.432616 108.489916
984.656410 511.402850 80.127734 108.764905
984.481782 511.328680 80.456905 109.052073
984.568635 511.558951 80.565333 108.415589
984.318384 511.641991 80.331098 108.115754
984.428410 511.550831 80.534364 108.192526
984.297556 511.476905 80.829128 107.896848
984.341690 511.422596 80.784994 107.962942
984.209172 511.641991 80.764433 107.796601
984.209172 511.561919 80.612100 108.068702
984.394287 511.328680 80.338533 108.414677
984.164371 511.641991 80.135596 107.584511
984.237904 511.707955 79.811481 107.816501
984.187228 511.765385 79.993141 107.535841
983.881397 511.702351 80.342694 108.224277
984.279867 511.550831 79.982545 108.033911
983.861063 511.853554 80.489474 107.777068
984.178724 511.780812 80.127539 107.690612
983.932571 511.853554 80.730474 107.670902
984.068566 511.707955 80.499951 108.188646
983.924424 511.918851 80.778015 107.507584
984.171791 511.488728 80.222275 107.929690
984.068566 511.488728 80.195014 107.929690
984.120224 511.342025 80.099904 107.970510
984.171791 511.415421 79.831588 107.844211
984.136463 511.058877 79.912921 108.193428
984.171791 511.194872 79.701924 107.485164
983.881397 510.993329 80.255276 107.720788
984.136463 510.912358 80.000210 107.863033
983.932571 510.691715 80.466737 107.556997
984.168941 510.342029 80.097567 107.864756
984.171791 510.707959 79.831588 107.077142
984.196523 510.482968 79.900689 106.654239
984.398999 510.418519 79.611133 106.442548
984.189054 510.422748 79.523739 106.580999
984.454345 509.843914 79.690903 107.054870
984.595960 509.491141 79.616508 107.578402
984.730900 509.188892 79.729994 107.104620
984.817600 508.980600 79.694334 107.298808
985.033798 508.993320 79.274440 107.244529
984.989881 508.612601 79.560740 107.614401
984.944494 508.702339 78.978580 106.904757
984.802938 508.415106 79.254065 106.892843
984.904077 508.278706 79.325756 107.040756
985.029215 507.464620 79.422130 107.396448
984.684453 507.563635 79.247567 107.083555
984.752248 507.345809 79.089417 106.828839
984.701482 507.350783 79.011311 106.338462
984.977828 506.254845 79.122152 107.305455
984.853552 506.272984 78.945122 106.901651
984.497527 506.050193 79.387130 106.528206
984.959988 505.551841 78.706492 106.304630
984.661094 505.348325 78.926859 106.264133
984.681185 504.695211 79.403926 106.345409
984.343678 504.632735 79.326226 106.101460
984.459855 504.059144 79.120314 106.605499
984.677999 503.269467 79.319427 106.412768
984.592057 502.625036 79.405370 107.064208
984.595960 502.418521 79.309259 106.442548
984.635047 501.608613 79.158313 107.073610
984.240671 501.843912 79.386393 106.064341
984.510245 500.903438 78.811756 106.209423
984.115622 500.413052 79.423571 106.141097
984.358823 499.913919 79.049133 106.282266
984.104785 499.560304 79.217216 106.277906
984.462922 498.829902 79.330438 106.179851
984.308193 498.487755 79.271977 105.935163
984.560546 497.913914 79.019624 105.661829
984.675484 496.753785 79.056043 105.771691
984.115622 496.850188 78.909631 105.190436
984.577360 496.130367 78.699100 105.369791
984.622744 495.057871 78.653842 105.237135
984.076121 494.849442 78.568726 104.856423
984.191300 494.349575 78.569980 105.178320
984.367185 493.266562 78.807676 105.643934
984.115622 493.063429 78.442294 105.129184
984.232181 492.412395 78.307555 105.293357
984.312825 491.047015 78.406799 105.914743
984.024755 490.558341 78.546813 105.325664
983.416222 490.705150 78.621957 104.616433
983.090642 489.919318 79.013165 104.531202
983.588899 488.630309 78.626032 104.718372
983.432637 487.991287 78.296851 104.970469
983.494341 486.912573 78.617367 104.948951
983.631727 485.991286 78.583203 105.073097
983.546057 485.275065 78.320503 105.276473
983.115828 484.702715 78.899536 104.493425
982.939130 483.919315 78.769229 104.888722
982.760050 482.919327 78.858011 104.837558
982.888072 482.278124 78.527765 104.478747
982.939130 481.563559 78.769229 104.094843
982.982030 480.635338 78.726329 104.429891
982.939130 479.635317 78.519855 104.124567
982.717811 478.992354 78.634470 104.077230
982.845674 478.279381 78.456295 103.537532
982.719941 477.138648 78.217640 104.005054
982.495129 476.493436 78.400717 103.936633
982.410207 475.059549 78.485639 104.370529
982.494345 474.493491 78.264169 104.083912
982.325173 473.349240 78.520249 103.979958
982.495129 472.493489 78.049443 103.982090
982.367715 471.276979 78.326909 103.599768
982.410207 470.424961 78.184291 103.114250
982.067960 470.203425 77.928500 102.788722
982.147102 468.640471 78.125780 103.209880
982.144313 467.640470 78.295002 103.209880
981.912821 467.343583 77.521580 102.346345
981.635567 466.640522 77.441849 102.682046
981.628079 465.640522 77.885978 103.135286
981.539807 464.855422 77.840445 103.095021
981.708831 464.282413 77.423949 102.617955
981.635567 463.921058 77.694179 102.602617
981.754465 462.501286 77.709623 103.221011
981.793164 461.571673 77.686666 103.341324
981.666622 460.855417 78.013327 103.245388
981.877386 460.353191 77.502867 102.948523
981.543670 459.571681 78.070547 102.939772
981.455103 458.571673 77.875497 102.490505
981.543670 457.571665 77.474457 102.540292
981.796541 456.429012 77.270793 102.642897
981.628079 455.216520 77.242845 102.455979
981.904880 454.074334 77.001111 102.299948
981.843459 452.794897 76.863644 102.106003
981.927278 451.435533 76.392410 102.356189
981.618167 450.151869 76.923268 102.590052
981.696593 449.222948 76.665844 102.270695
981.909370 448.009397 76.288650 101.989976
981.867852 447.361724 76.575061 101.542111
981.766089 446.372708 76.199686 101.155177
981.583260 445.300444 76.547265 102.514574
981.634956 444.293910 76.712733 102.298940
981.576441 443.857829 76.817307 101.586225
981.492904 443.075787 77.196925 102.131852
981.361805 442.494152 77.345378 102.137571
981.403764 441.997701 77.105935 102.494005
981.487571 441.494151 76.923863 102.388173
980.692423 441.414928 76.782231 102.631209
980.784054 441.213975 76.728317 101.918924
980.947944 440.780296 76.768485 102.471090
980.751754 440.703172 77.530738 102.279646
981.299074 440.284171 77.315168 102.598151
980.994118 440.614969 77.225865 101.757836
981.136296 439.997704 77.511749 103.301702
981.027891 440.402237 77.195261 102.100954
981.261358 440.067510 77.236117 102.928043
980.981884 440.477037 77.516680 102.399838
980.883335 440.614969 77.110225 101.858389
981.097266 440.896863 76.849974 102.098691
981.386164 440.780296 76.911759 102.219784
981.261358 440.828328 76.838309 102.929046
981.361805 441.118372 77.049630 102.368713
981.361805 441.393079 77.098701 102.245927
981.445673 441.759706 76.965761 101.782268
981.325513 442.263831 76.970225 101.186185
981.225375 442.517989 77.154547 102.304223
981.403764 443.118374 77.303419 101.613502
981.576441 443.742233 76.185884 101.862310
981.262351 444.787519 76.637130 101.476014
981.311183 445.178770 76.421837 101.983557
981.598472 445.332485 76.433863 102.272069
980.989268 446.237991 77.404481 102.112190
980.893880 446.869751 76.993668 102.073934
981.219699 447.305914 77.277776 103.066104
980.935739 448.043006 77.639794 102.730107
981.020382 449.026282 77.407787 102.663849
980.922583 449.889604 77.541530 102.800526
980.285266 451.162542 77.499147 102.323482
980.193526 452.094461 77.444598 102.544594
979.893830 452.752509 77.618540 103.039848
980.325792 453.862858 77.022794 102.882661
979.641819 454.889605 77.745042 102.953926
980.421943 455.454825 76.710885 103.342200
979.501483 456.338689 77.565899 103.556016
979.624422 457.609190 77.409966 103.627291
979.320052 458.609191 77.550640 103.164814
979.027924 459.862858 77.195261 103.658615
979.045430 460.194342 76.793017 104.714778
978.919419 461.471339 76.483059 104.750113
978.817838 462.402240 76.760204 104.662912
978.506932 463.622592 76.717882 104.517938
978.452850 464.677965 76.753935 104.439265
978.296684 465.677967 76.885423 104.335162
977.669361 466.815193 77.411165 104.406266
977.255238 467.899933 77.532677 105.074188
977.491900 468.965345 76.984996 104.937601
977.523603 470.190201 76.920474 105.379720
976.998189 471.340308 76.892263 104.572662
976.520167 472.263754 77.224931 105.638458
976.858882 473.059752 77.342692 106.580268
976.128303 474.416873 77.825418 105.325426
976.140998 475.769209 77.311223 105.152663
975.888239 476.771809 77.327509 106.641873
975.919535 477.987672 77.305641 107.163895
975.665245 479.275662 77.757400 107.099257
975.540119 480.563192 78.293332 107.034915
974.914906 481.917927 78.332175 106.020548
975.187634 482.916904 77.741351 107.000146
974.872417 484.417231 77.474350 107.362078
975.176310 485.775721 76.963436 107.514943
974.750114 487.204917 77.573630 107.063702
974.460819 488.846367 77.590428 106.539778
974.580206 489.920750 77.012252 106.607557
974.058329 490.563240 77.123618 107.694986
973.837860 491.778819 77.252982 107.679903
973.710437 493.134568 77.136956 107.966580
973.752933 494.276184 76.328986 108.342696
973.357364 495.563199 76.741965 107.941714
972.974751 496.991587 76.932773 107.024897
972.707715 498.063046 76.645038 107.524850
972.196220 499.346321 77.108850 107.241566
971.750117 500.775728 76.890530 107.514943
971.442055 501.491263 77.093551 108.096621
971.488351 502.921457 76.768552 108.610634
970.610759 504.276183 77.858523 106.859638
970.216633 505.206749 77.607023 106.546709
969.672439 505.491276 77.902712 107.353497
969.663699 507.698175 77.583368 106.281899
969.077970 509.338404 77.707178 106.653410
968.803914 509.057866 77.731685 108.051552
968.506016 509.921370 77.847664 108.132018
967.899835 511.564448 78.008408 106.903106
967.374707 512.349646 78.455400 107.142399
966.682299 513.422311 78.574594 106.780281
966.419810 514.279732 78.128310 107.347173
965.853965 514.849386 78.433075 107.406115
965.376681 514.916654 78.514892 108.677654
965.549516 515.482963 77.907995 107.702140
964.853938 516.208257 78.188034 109.246024
964.558244 516.912375 78.701683 108.819601
963.468860 517.961047 79.671352 109.148676
963.581238 518.860347 79.768904 109.348674
963.215832 519.275774 79.348090 108.855847
962.562376 519.488747 79.202286 111.004436
961.962245 520.272410 79.769776 110.170176
961.866037 521.063478 79.085618 110.548589
961.322403 521.558939 79.234187 111.721885
960.189119 522.030252 79.708751 111.602558
960.377099 522.554657 79.064107 113.013077
960.208381 523.686550 78.376206 111.867348
959.919155 523.868371 78.419801 112.786682
960.310038 524.803820 78.017282 112.377516
959.717976 525.298082 77.641129 111.198709
959.027022 525.956186 78.150786 112.023145
958.667492 527.063475 78.499920 111.536356
958.221560 527.841589 78.859185 112.311796
957.458409 528.675085 79.517798 112.078047
957.377099 528.930312 78.964759 112.623587
956.802854 530.134845 79.125840 110.707061
955.951555 530.767412 78.831606 111.942866
956.010687 531.373703 79.589207 110.474812
955.708552 532.063482 78.825974 110.221834
954.854065 532.609583 79.925443 109.843863
954.506338 533.284376 79.660663 111.315478
954.049176 533.974636 80.407304 110.902596
953.319849 534.703492 80.482665 110.004727
953.311585 535.049266 80.242234 110.285010
952.795939 535.715668 80.104058 109.132861
952.725336 535.906791 80.452052 109.439228
952.744575 536.210861 79.983377 109.694795
952.480465 536.853342 79.996501 109.677181
951.962233 537.411070 80.118618 108.829691
952.174546 537.624670 79.596153 108.489916
951.863343 537.707976 79.446445 109.802342
951.612829 538.054715 79.611323 109.829663
951.218960 538.485057 79.405843 110.045479
951.094973 538.832669 79.482131 110.376371
950.259520 539.113970 80.067815 111.177993
949.705028 539.554669 80.183154 112.234009
949.198154 539.816248 80.548725 111.017299
948.527047 540.209177 80.862506 111.454812
948.108958 540.398459 80.991321 111.953869
947.681715 540.980823 81.022476 111.413391
947.376087 541.267741 80.724172 112.653188
947.037553 541.298515 80.922220 113.363673
946.246154 541.669598 81.309603 113.823841
946.287973 541.794695 80.883242 114.178224
945.619360 541.976774 81.346420 114.404920
945.417831 542.380721 81.202763 114.351370
944.969837 542.408200 81.242283 114.564694
944.455231 542.606387 81.359468 114.677706
943.789783 542.762185 81.625923 115.026085
943.306980 543.169047 81.554690 114.407328
942.924877 543.271916 81.338013 114.155765
942.169599 543.330562 81.847367 113.862815
941.545874 544.143431 82.259836 113.532527
941.427994 543.136199 81.733456 113.597655
940.887282 543.991812 81.736180 112.902125
940.595002 543.439720 81.614486 114.445806
940.590168 543.116189 81.072430 114.200205
939.943533 543.174935 81.514632 114.351670
939.609127 543.038151 81.250027 114.724274
939.256128 544.043550 80.952669 113.217241
938.363175 543.623006 81.852995 113.667307
938.224783 543.563137 81.670611 113.685667
937.969837 542.626512 81.141026 114.014247
937.256778 542.871605 81.989557 113.599384
936.913311 542.684346 82.161823 112.775513
936.652154 542.439698 81.767364 113.552131
936.034043 541.389700 81.829495 113.756689
935.651293 541.991820 81.975531 113.404086
934.567120 541.563159 82.500598 113.353479
934.493042 540.762192 81.866276 113.191411
933.940351 539.915173 82.530003 113.677850
933.730982 539.736310 81.881048 113.468915
933.151642 539.640449 82.005351 113.055436
932.674174 539.096953 82.037859 112.557938
932.187404 537.899233 82.277138 113.043021
931.513471 538.178241 82.554267 112.627934
930.940318 537.330576 82.619815 111.943967
930.599449 536.822275 82.580224 112.065077
929.905808 536.362831 82.602659 111.433986
929.613111 534.959880 82.504210 112.859542
929.109848 534.717613 82.717083 112.374052
928.297857 534.785931 83.037981 112.296625
927.635689 533.839925 83.214851 112.619942
927.563885 532.528333 82.679752 113.205510
926.635666 532.610765 83.080509 112.397881
926.563916 531.057418 82.732224 113.402457
925.940166 531.272778 82.739754 112.268436
925.397744 529.468754 82.721973 113.568168
925.274973 528.881726 82.679238 112.673000
924.443367 528.640453 82.934571 112.451226
924.280860 527.380071 82.929384 113.325299
923.639881 526.859599 82.739366 112.663604
923.337260 525.839929 82.489641 112.948788
922.716662 524.626528 82.661272 113.246473
922.155391 524.349610 82.671541 112.150617
921.671221 523.096947 82.603182 113.104244
921.280845 522.684370 82.435354 112.230267
920.780941 521.899235 82.510160 111.951796
920.809868 520.509654 82.190106 112.070695
920.227806 519.390570 82.906914 112.090605
919.834129 518.408204 82.546516 112.029118
919.187390 517.054237 82.586002 112.613904
919.124485 515.783787 82.566319 112.599249
918.405866 515.252823 82.751151 111.589126
918.020789 513.665835 82.616073 112.239407
917.852889 512.509668 82.525062 112.070695
917.067200 511.976794 82.485806 111.279966
916.897093 510.545655 82.238690 111.179480
916.388863 509.729774 82.579642 110.839981
916.009079 508.423213 82.625448 111.579134
915.459905 507.986256 83.024508 110.536082
915.446989 506.653288 82.951994 110.647185
914.902668 506.453818 82.456463 109.356932
914.785942 505.972456 81.667435 108.283556
914.206867 503.434467 82.101327 109.053743
914.161361 502.999761 81.602739 108.260362
913.993362 501.964756 81.812002 107.795982
914.037795 498.905756 81.404268 109.384895
913.419019 498.554671 82.132306 108.865111
912.900206 497.146498 82.569836 107.949538
912.598517 496.049267 82.474114 108.411501
912.732841 494.728093 82.078038 107.847909
912.429982 493.244954 81.930423 108.207175
911.893224 491.259935 81.897631 109.666583
910.793418 489.446114 82.763021 109.523101
910.320089 488.074071 82.790246 109.748561
909.938181 487.086307 82.725881 110.175568
910.189130 485.206800 81.770677 110.326575
909.191425 483.436992 80.522454 111.963429
908.670366 481.575625 80.323687 111.698389
908.402139 481.131290 80.218927 109.770604
908.270612 478.905754 80.623012 111.548608
908.069908 478.207860 81.878301 110.119450
908.340145 477.360653 81.516805 109.647407
908.259156 475.345690 80.529731 110.384412
908.356627 474.576327 79.837464 110.056802
907.691770 472.400154 80.164880 111.610220
907.542407 470.774456 81.065738 111.179369
906.761754 468.856452 81.111380 110.894259
906.157740 467.301156 80.980898 111.393459
905.981344 466.331009 80.820474 111.766181
906.345925 465.484889 80.682273 110.482237
905.997678 464.803817 80.022062 109.296910
905.744576 464.385482 80.645889 110.823540
904.975438 464.082487 81.570703 110.406494
905.334846 464.192779 81.560337 111.021508
905.287164 465.221487 81.068061 111.295923
905.597856 465.923791 81.693099 112.201507
906.095367 467.456973 81.073488 110.198396
906.610476 468.732616 80.153633 110.393713
906.808510 469.642072 80.174968 110.617281
907.060348 470.494529 79.978244 111.038793
907.626879 471.789147 79.310177 111.737618
907.980282 472.777735 80.177179 111.679157
908.289791 474.084929 80.630182 112.561606
909.093013 475.802238 80.021197 110.701478
909.583462 477.008928 80.123341 111.517826
910.308921 478.134852 80.192978 111.970751
911.900864 479.417352 77.944145 112.336967
912.977940 480.841577 79.176101 113.260737
914.711181 482.715173 80.536131 111.541190
916.629474 484.232021 78.978636 111.855811
918.041498 485.715653 79.829426 111.368202
919.357159 487.950314 80.943828 111.561571
921.084987 489.443578 80.737990 111.737205
923.072425 491.754927 79.506509 110.870878
924.999124 493.662272 79.871790 111.253849
927.117819 495.877857 80.461180 111.132732
929.012871 497.586935 80.349233 111.534789
931.055308 499.670691 80.034841 111.305851
932.885382 501.732618 80.422174 110.669091
934.758662 503.513926 80.292535 110.118883
936.829297 505.802561 80.312141 111.019633
938.372516 508.310915 80.127231 110.145977
939.832626 509.868473 80.644411 110.841799
941.543969 512.173571 80.009010 111.326389
942.370741 514.165118 80.894466 111.607077
943.911870 516.466642 81.018549 111.999647
945.267181 519.260872 80.789868 112.366217
946.310613 521.900382 81.013328 111.879371
947.389655 524.103769 81.487019 112.700873
948.272681 526.841120 81.155329 113.434438
948.624888 529.404640 81.200326 113.129572
948.156101 531.838785 81.198005 113.861101
948.065896 534.999915 80.695840 113.755757
947.694537 537.911879 80.709836 113.388042
947.165614 540.623360 81.091425 113.594926
947.268542 543.348144 80.437186 113.409017
946.872990 546.189260 80.834896 113.833238
946.089661 549.275706 81.119829 112.967173
945.917532 552.416858 80.841229 113.779316
945.669270 555.275702 80.287283 113.653496
945.477451 558.551236 80.627096 113.242148
945.388526 561.623281 80.014373 113.227334
944.815397 564.682770 79.887290 112.717599
944.242703 568.095061 80.105300 112.301938
944.198185 571.033161 79.984164 113.481681
943.876126 573.897679 79.675747 112.589053
943.069928 576.378698 80.224539 112.492264
942.730513 577.699346 80.167288 112.315137
942.153553 579.147247 80.244002 112.757865
941.815422 580.056068 80.534431 112.384248
941.464922 581.355900 80.432912 112.139830
940.885491 582.342618 81.164061 112.245412
940.592423 583.355901 81.213734 111.422275
940.284183 584.221508 80.896978 111.185829
940.198189 584.789364 80.555158 111.964964
940.044321 585.923805 80.400896 111.869385
939.447324 586.640896 81.099781 111.505169
939.439207 588.249274 80.390039 110.599206
939.203256 588.554688 80.384854 111.351965
939.006297 589.872980 79.008770 111.454262
938.969281 590.767410 78.498726 111.227482
938.722364 591.632707 79.973890 111.317270
937.946040 593.220823 81.171488 109.487405
937.874744 593.789132 80.066132 111.129179
937.458383 594.480100 80.393868 111.207402
937.236360 595.799672 80.038437 111.140066
936.842520 597.367589 80.570118 110.539033
936.372499 597.925885 81.347529 110.925919
935.866974 598.937371 81.314214 112.039157
935.260400 600.012213 80.996417 111.301205
935.806035 600.715169 80.657334 113.662825
935.226548 602.070916 81.460187 112.441260
934.968908 603.220925 81.464808 113.408986
934.484778 603.439707 81.124793 113.719023
934.535470 605.027236 81.195955 113.704265
934.122930 606.126258 81.697892 114.775392
934.068620 607.424992 81.184457 113.505243
934.070966 608.878203 81.259755 112.671115
933.917571 609.034496 81.354717 112.444241
933.605166 610.160907 80.849616 113.664902
933.000011 611.653820 80.805811 112.616321
932.730583 612.110387 80.789882 113.478304
932.624005 612.920471 81.636781 113.204735
932.309225 614.831749 81.803127 113.153518
931.993310 617.565208 81.896348 111.519595
931.601014 619.755400 81.390538 109.638801
931.686613 620.805287 80.420193 109.228125
931.866046 626.506240 79.995336 105.114068
931.558994 622.372181 79.457807 109.409835
931.267163 628.113497 80.076410 105.263399
929.280450 621.385498 81.478674 112.592940
929.640856 622.593955 81.686691 113.826749
928.297857 623.936709 82.725315 112.757007
928.673846 624.745326 81.886307 113.211638
928.309216 626.236887 81.181551 112.345393
928.280866 626.450959 80.843046 113.155727
928.241229 627.937666 80.530335 112.818720
927.049142 629.206240 81.780365 113.180772
926.999988 630.236895 80.556244 113.918282
926.979174 630.063691 80.078297 115.293960
926.417824 631.634714 80.391262 116.409698
926.531659 632.235107 80.322331 117.213318
926.428705 633.491520 79.614283 124.554356
925.737847 633.788284 80.592427 128.553805
925.614616 634.136664 82.199856 133.024606
925.469453 634.207083 81.511024 137.899202
925.717045 635.911905 81.221719 125.514846
925.682812 637.303696 80.614083 119.349143
925.429463 638.989459 80.052035 118.073831
925.132384 638.986158 80.658837 118.361731
925.233635 640.043812 80.985258 118.705520
924.287029 640.673403 82.488768 117.638819
925.234194 641.344437 80.872924 114.497968
925.034233 641.640448 79.710061 114.949806
924.432841 641.899209 80.016556 114.092616
924.545229 643.110396 79.259399 115.454399
924.143995 643.976760 80.676803 113.185379
923.934159 644.769535 80.352053 113.860375
923.985553 645.237711 80.081304 113.385601
923.640890 644.959890 80.438885 114.684693
923.289083 645.563162 81.226151 114.858316
922.672524 645.917518 81.917242 114.534325
922.993080 646.014553 80.770854 115.805579
923.013238 646.391911 80.918133 116.770392
922.988106 646.226695 81.255437 116.416564
922.388430 647.496938 81.845860 116.080613
922.256986 647.216065 81.267017 115.791005
922.326747 648.091860 81.417609 116.184802
922.581803 647.625193 80.965128 115.793177
922.172140 647.980701 80.903277 116.774555
922.581803 647.862886 80.830952 116.799264
922.530860 648.099500 80.171122 117.650701
921.912949 648.306644 81.499806 117.697719
921.569795 648.842758 82.191643 116.737187
921.724271 648.569285 82.538579 117.963083
921.657827 648.548707 82.050516 117.322342
921.518127 649.477092 82.425171 116.273134
921.861822 649.886109 81.486134 116.445118
922.132397 650.413339 81.241732 117.336869
921.913809 651.980128 81.613274 116.437147
922.183117 652.295277 80.966172 115.768086
922.016755 653.399913 81.414549 117.028061
922.284314 654.279489 80.596244 116.793421
922.234572 655.136722 81.023363 115.480653
922.223752 656.014540 81.252159 117.124239
922.275166 656.767916 81.296760 116.599457
922.632652 657.569551 81.363608 115.978822
922.826384 658.679208 81.118117 114.599616
922.686244 659.149676 81.074736 116.111130
922.774991 659.272620 81.797928 116.571217
923.183131 659.846262 81.326310 116.864388
923.385172 659.977788 81.305081 117.675544
923.326472 660.090413 81.650647 118.441928
923.622935 660.468490 81.394167 118.319129
924.035068 660.874936 80.785860 118.207441
924.183084 661.090452 81.442258 118.039809
924.224863 661.831676 81.460830 118.580314
924.683281 662.673416 81.318433 116.893863
924.361253 663.374327 81.922835 116.878883
924.985322 663.648662 81.536047 117.024140
925.017477 664.514105 81.734205 116.272837
925.274888 665.158548 81.766512 115.243159
925.887037 665.679234 81.217040 115.334803
925.775778 666.169027 81.454706 114.744830
926.286810 666.427181 81.754996 115.177654
926.937439 667.476602 81.031501 114.380945
927.642322 667.563155 81.278409 114.353854
927.939621 667.057427 81.270615 114.503497
928.387999 667.303801 81.111756 113.868649
929.093759 666.626530 81.266105 113.849138
929.440994 665.705207 81.344276 114.266691
930.290810 664.978528 81.371926 114.361090
930.686266 663.820344 81.209158 114.906924
931.589315 662.933217 81.180839 114.773519
931.737078 662.012897 81.518244 114.915044
932.789325 660.933209 81.297828 115.717491
933.285214 660.034458 81.604263 115.626948
933.723506 659.509713 81.714233 115.375742
934.133021 658.232870 82.302789 115.871010
934.928654 657.738412 81.761602 115.484603
935.985302 656.394137 81.131288 115.487690
936.185267 656.077813 81.224569 114.660394
936.584305 655.171956 81.355984 114.369277
937.390385 654.371797 81.272350 113.581793
938.093739 653.195889 80.951077 113.801273
938.491445 652.274545 81.203685 113.777615
938.790503 651.587797 81.659663 113.189855
939.440961 650.509683 81.434542 113.213220
939.637739 649.353038 81.812448 113.315090
940.289092 648.899200 81.361003 112.495669
940.793891 648.037367 81.533672 112.236445
941.139239 647.037399 81.659609 112.182077
941.895484 646.500003 81.297199 111.123685
942.452934 645.484870 81.010429 111.180031
942.899716 644.467358 81.170016 110.861975
943.402159 643.777688 80.927476 110.496778
944.107485 641.696472 80.482952 111.578029
944.554243 639.811959 80.597500 112.696552
944.800779 640.298540 80.606809 111.116157
945.308905 639.471100 80.905154 110.376111
945.151992 638.271446 81.857884 111.328641
945.102087 637.069015 82.260844 111.670911
945.205583 636.355683 82.728467 111.113628
945.605128 635.958461 83.205467 110.073645
946.278952 635.261835 82.831271 109.823904
946.164964 634.322998 83.550887 110.341931
946.653816 633.481801 82.854016 110.480356
947.332535 632.980844 82.947223 109.894502
947.550364 632.095751 83.103768 110.031870
947.676047 631.602914 82.686859 109.044977
948.495163 630.385432 81.943166 108.983646
948.894314 629.675103 81.712408 108.574253
950.019232 628.298101 79.359541 108.477440
950.590314 627.601838 79.371924 108.446599
950.640311 626.723966 80.865288 108.419770
951.069696 626.485066 80.715042 108.012384
951.164408 625.758389 80.880632 108.256536
951.420671 625.202219 81.601891 108.822413
951.706102 624.989639 81.204321 108.520383
951.917069 624.632716 81.356858 107.548168
952.164364 624.054730 81.411953 107.381251
952.305416 623.771949 81.573936 107.338811
952.461328 622.980819 81.684272 107.297978
952.540613 622.568955 81.592635 107.922731
952.968031 621.832658 81.843906 107.603306
953.037676 621.422576 81.791423 108.281863
953.311585 620.767396 81.975102 108.529947
953.551937 620.198110 81.804758 108.793668
953.859566 619.974636 81.721437 108.486118
954.054830 619.915665 81.470630 107.957995
954.661017 619.336994 80.991007 108.372153
954.454619 619.275749 81.418828 108.269045
954.712399 618.779926 81.472346 107.982228
954.802043 618.262761 81.641030 107.865510
955.194684 617.926677 81.501584 107.201587
955.148708 617.568966 81.774922 107.129700
955.616455 617.138335 81.885914 106.710299
955.727048 616.718726 81.535364 106.392064
955.964994 616.277871 81.616141 106.083150
956.050794 615.856973 81.524207 106.182016
956.364835 615.568315 81.210166 105.948656
956.520702 615.138157 81.407168 106.155361
956.416867 614.350623 81.290220 106.374728
956.520702 613.780829 81.098276 106.637123
956.881384 613.568301 80.913940 106.052773
956.972948 613.138148 80.950323 106.364267
957.488124 612.920749 80.654730 105.645754
957.320880 612.422766 80.776311 106.005342
957.684420 612.282549 80.718492 105.542872
957.684420 611.996286 80.981768 105.760549
958.094774 611.635994 80.439649 105.446497
957.929687 611.350764 80.865238 106.077312
958.283054 610.920741 80.290461 105.904651
958.292256 610.638027 80.459043 105.425835
958.650644 610.134212 80.538572 105.670482
958.320893 609.996312 80.776311 105.656425
958.736023 609.636020 80.666901 106.016717
958.992688 608.907220 80.104515 106.433962
958.736023 609.068004 80.579414 106.526545
959.024800 608.993356 79.855126 106.195939
959.002560 608.478574 80.402429 106.429704
959.145689 608.498297 80.038721 106.634084
959.348496 608.780448 80.185939 105.560722
959.189065 608.350769 80.214091 107.074193
959.539120 608.350632 79.816808 105.338069
959.456556 608.208267 80.122293 106.519489
959.488081 608.139619 79.954776 105.721442
959.683555 607.632721 79.513512 106.257557
959.726877 607.487761 79.673460 106.402517
959.726877 607.134218 79.571647 107.343537
959.817571 607.418513 79.389302 105.767338
959.724443 607.276174 79.665470 106.179912
959.683555 607.061803 79.513512 106.941954
959.899833 607.061803 79.246595 107.152287
959.856638 606.916656 79.088223 107.402803
960.287200 606.771065 78.758280 107.232692
960.205460 606.843924 78.679208 106.845325
960.066150 607.208281 79.382545 107.418646
960.549966 607.053852 78.767968 106.546862
960.409350 607.492253 78.912624 106.276857
960.712971 607.420340 78.779092 106.139944
960.672443 607.564052 78.737864 105.632109
960.971895 607.778007 78.010721 106.592475
961.120512 607.703210 77.776914 106.162117
961.083891 607.920730 77.815282 106.187432
961.133400 608.063165 77.596087 106.504293
961.019817 608.057873 77.698443 106.268269
961.379756 608.202783 77.011840 106.748395
961.232181 608.634860 77.117301 106.211826
961.373588 608.707013 77.217173 106.423770
961.281464 608.847230 77.110131 106.354900
961.232181 609.134935 77.666992 106.015128
961.477722 609.278136 77.591588 107.183310
961.021509 609.558369 78.046398 106.203100
960.922192 609.706514 78.402345 106.035798
960.319281 609.847639 78.834043 105.758320
960.319281 609.703218 79.091026 106.370229
960.073842 609.632745 79.365585 106.989872
960.454338 609.852521 79.559286 106.479324
960.137340 610.278698 79.404090 105.422532
960.521596 610.135169 79.233052 105.212194
960.319281 610.349669 79.306018 105.619659
960.245382 609.558369 79.537015 107.037688
960.145701 609.924455 79.430898 106.617497
960.503872 609.989269 79.247408 106.543204
960.720899 609.705079 79.123317 107.022701
960.899814 609.698111 78.844783 106.729983
960.635020 609.849406 79.158313 106.092971
961.026197 609.849406 78.907627 106.145096
961.369257 610.063641 78.766418 106.282417
961.752904 609.913927 78.180920 106.126714
961.546779 610.349669 78.630696 106.403814
961.922621 610.850205 78.314497 106.338130
961.675497 610.630861 78.303015 106.651231
961.932114 610.630861 77.603509 107.175177
961.846697 610.340268 77.884940 107.834483
961.763812 611.493433 77.833157 106.497772
961.665225 611.991941 78.006047 105.802535
961.495091 612.206569 78.629033 106.413208
961.540086 612.850210 78.444107 105.658000
961.750109 613.275668 78.121597 106.200012
961.877210 613.491248 77.594958 106.721750
961.707692 613.558334 77.175084 107.142588
961.707692 614.704976 77.370216 106.522538
962.004035 615.705136 77.221121 105.496972
961.589693 616.423329 77.336684 105.373699
962.441973 616.350869 76.410830 106.499663
962.002322 616.635340 78.109382 105.974134
962.153393 617.275631 77.342955 107.099257
962.821698 618.492104 76.422337 106.366486
962.438820 619.493481 76.153572 105.523123
963.085940 620.622615 74.527855 105.037949
962.070953 620.719522 77.035125 106.337402
963.170867 622.128288 75.649318 104.813844
963.852447 622.640512 73.542801 105.700932
964.427413 623.506186 74.426245 105.278199
964.935258 624.424232 74.797408 106.051377
964.296715 624.926825 77.685949 104.642475
964.858922 625.981487 77.043486 105.640950
964.691256 626.064262 76.379503 105.538519
964.607561 627.413503 77.181100 106.244066
964.734608 628.558725 77.181525 104.172055
964.919451 629.263753 75.817793 105.218883
965.373038 629.353180 74.083869 106.234104
965.455066 630.074326 74.834423 106.058881
966.016189 631.418196 73.700140 105.729330
966.117049 632.191613 76.281421 105.013511
966.171239 632.845742 75.849258 106.056475
966.192058 633.992427 75.622688 106.296459
966.564722 635.343598 75.538793 106.261237
966.941280 637.051146 72.986874 105.100053
966.692876 637.795839 75.415408 105.414244
966.789140 639.124847 76.081535 105.357801
966.408684 640.273557 76.941749 105.700548
966.047930 641.479975 76.759252 106.477948
966.661827 642.909050 76.504689 106.274258
966.735698 644.479965 76.321749 106.160068
966.687094 645.349539 76.203360 106.063122
966.772772 646.911698 76.098989 105.973638
967.432827 648.397947 75.522973 106.174835
967.376131 649.278804 75.932372 106.659241
967.360114 651.059759 73.927376 106.316290
967.250333 651.573295 73.910594 107.029188
967.585519 653.348223 73.455630 107.705674
967.373040 654.783889 73.214379 108.176393
967.870480 655.922798 73.800948 109.333180
967.909796 658.134783 74.813346 109.847142
968.233958 660.349660 73.779873 109.669806
968.432666 661.919319 72.969823 110.554920
968.554973 663.702733 74.434272 109.900068
968.669395 665.130374 74.209925 111.000033
969.085353 667.850163 72.259124 109.878107
969.751661 670.065900 71.134140 110.477216
969.750861 671.488130 70.591601 111.286510
970.185800 673.415264 69.680092 111.852989
969.750861 675.551057 72.307823 111.728634
969.839307 678.778024 72.974436 110.187897
969.877963 680.921370 73.293853 110.664101
969.073722 682.630322 74.751496 111.834554
969.092630 685.422768 76.663111 111.833035
969.996550 688.143437 73.305253 110.349748
970.232299 690.278146 76.824807 112.244140
970.203975 692.422595 76.803083 112.427945
970.107702 695.222122 77.585477 112.020186
970.651078 697.941544 76.531591 112.860120
971.128095 700.349262 76.097026 112.111166
971.785944 703.431517 75.595274 113.531737
971.347799 706.568979 77.734791 113.179629
971.545763 709.734327 78.393875 113.496307
971.658136 712.524913 79.314818 112.233754
972.003303 714.946170 78.794393 111.714573
972.661019 719.707189 78.722069 110.274276
973.027721 725.719790 80.162352 107.476762
973.439771 730.888654 79.565993 105.944635
973.510243 737.092561 79.894758 102.712347
974.147178 743.588455 80.350436 99.848478
974.000635 745.286743 78.909192 101.431548
973.981699 752.304928 79.325201 97.894974
974.488187 754.807213 79.391003 97.140248
975.297816 761.919932 79.268360 95.633821
975.683747 766.513003 78.452529 94.079870
975.880282 772.728029 79.787772 92.179834
977.635880 771.925474 77.231286 96.941252
977.699787 782.879353 76.748145 88.820247
976.965619 787.708864 79.385403 88.711554
977.084718 791.998794 79.527741 85.958646
977.241440 800.402065 79.816458 81.776991
977.736743 803.401282 78.560133 84.531452
976.829773 807.103819 78.966471 81.232308
977.083003 818.180939 79.412902 75.409068
977.127589 824.159431 79.824265 71.754115
977.788763 833.054195 79.520546 66.086838
978.315852 838.707602 79.422710 64.658852
978.158835 846.454465 80.386435 60.721144
977.679832 851.653102 82.135512 58.743987
977.735178 854.577887 82.443899 59.742400
979.014013 858.666288 82.145564 59.298292
979.302562 867.047342 82.222051 53.952596
979.980086 871.428592 81.593513 51.794680
980.291489 876.856538 81.237926 49.461808
980.158738 881.792558 82.359950 47.016223
980.736524 885.960865 82.067239 45.481197
981.475696 880.003293 81.191776 55.539730
980.578766 888.185127 83.404510 51.281257
981.182627 893.073465 83.225034 48.004247
981.021939 904.240571 82.241192 39.635163
982.756442 908.317251 80.681666 36.401044
983.051374 913.898973 80.293259 33.731036
982.316323 914.938525 81.761693 33.905952
981.335935 918.585525 82.886055 32.714783
980.190901 906.666329 84.229201 43.379042
983.913107 891.742570 81.390807 58.094444
982.968983 839.353053 76.711578 112.695769
983.248243 824.225042 75.556196 130.925140
982.355757 821.336865 75.838975 125.018765
980.586816 821.851663 78.252742 127.624175
978.739892 822.407465 82.015092 123.602067
979.848133 823.502355 80.004327 110.510290
978.329056 818.340717 83.921258 100.293217
981.919529 821.031692 84.374172 91.573977
980.458877 820.663369 84.966865 90.595051
981.408677 820.718593 84.929498 90.142145
980.750950 820.826060 88.448042 86.032142
981.838952 819.155723 88.245334 88.408556
982.885621 818.377327 80.885673 87.643774
983.272247 817.579309 84.089005 86.404618
983.864472 816.353487 84.145587 88.814985
982.207519 815.562714 85.818481 88.351251
982.473896 814.303708 86.360552 89.993921
982.530827 812.538819 86.853055 91.854260
982.329201 810.746602 87.453921 93.506242
982.394374 809.343948 87.630485 96.678109
982.497824 807.010143 87.496455 99.764296
982.236242 805.690852 87.054213 102.740773
982.924494 804.227524 86.899114 104.028213
983.309166 802.659862 86.431062 105.760059
982.914344 801.305437 89.028439 108.933194
982.614121 799.767217 90.186700 110.145382
983.376348 798.335753 89.929557 114.497733
983.087893 796.745051 89.932046 118.058251
983.783052 795.269777 89.449935 120.989545
984.261417 792.854009 90.064725 123.559634
983.565547 791.390769 91.921929 127.381575
983.778011 789.962439 91.020018 130.979668
984.251713 787.998496 90.862743 133.486375
984.583247 786.252199 91.195618 136.191018
985.209993 784.172801 90.805764 140.211545
985.265883 782.408575 90.985141 139.325865
985.504737 779.768426 90.997281 142.277448
985.771660 778.605213 91.153139 143.706915
986.311672 776.852088 90.716805 144.357892
986.401048 774.624668 91.690212 145.073768
986.429562 773.753063 91.265266 138.962553
987.504579 770.795161 90.455099 139.417284
987.799097 768.684478 89.919771 141.507429
988.517040 766.778732 89.442251 145.792574
988.196712 764.708084 90.252032 148.072839
989.510452 763.271774 88.846254 135.833212
989.583305 760.945974 90.058553 138.938531
989.951041 758.751253 90.180129 138.889227
990.297539 756.358598 89.951355 138.831676
990.996860 754.992248 89.252035 133.468420
990.886087 752.473708 89.730571 124.639718
991.101511 751.944759 89.745653 124.212659
991.536473 749.430318 89.803849 125.421923
991.950885 747.255734 90.306938 125.801792
992.288402 744.952981 90.038275 125.190217
992.894501 743.095075 89.569573 121.093901
993.259534 740.767911 90.924186 123.823929
993.585263 738.656919 90.176158 124.164639
993.932621 736.393956 90.162597 125.280830
993.949998 733.915701 91.114290 126.747485
994.273532 731.402548 91.268063 126.555147
994.532884 728.953845 91.202785 128.771060
995.203759 726.605228 91.662527 131.088368
995.763872 723.883698 91.510310 133.291609
996.042930 721.994975 91.076764 133.834249
996.664128 718.898073 91.269728 135.797649
997.266464 716.419780 91.104876 136.601631
997.211437 714.254049 91.658722 136.799449
997.638237 712.225665 91.484307 137.448582
997.811788 710.763914 92.375034 137.819666
997.925257 710.329984 92.398716 137.527334
997.925257 709.270694 93.174696 138.269683
998.471165 708.554814 93.018390 138.465946
998.582724 707.935175 93.874363 138.685949
998.807705 706.888937 93.780322 138.474963
999.387495 705.578724 93.514405 140.072597
999.705518 705.525152 93.267179 138.953512
999.690567 704.279533 93.793119 140.663392
999.932801 703.454906 94.007639 140.858843
1000.216888 702.706225 93.799358 141.324137
1000.275237 701.810477 94.424715 141.191424
1000.382420 701.394793 94.443962 141.080958
1001.024636 700.500483 93.959729 141.691823
1001.076413 699.305152 94.350477 142.091414
1001.594155 698.506083 93.592743 142.130628
1001.251644 697.221006 94.280770 142.390480
1001.827320 696.210754 93.883743 143.314090
1001.862492 695.644065 93.889859 142.084400
1002.541713 694.369477 93.569542 142.686861
1002.476999 694.044114 93.553402 142.412139
1002.483903 692.863569 94.207061 141.650603
1002.545410 692.060176 94.356184 143.432267
1002.914167 690.853917 94.068830 142.434434
1003.112029 689.853870 94.146159 144.426393
1003.473718 688.896719 93.759533 143.775307
1003.862466 688.102923 94.048181 143.309655
1004.150960 686.507571 94.130399 143.220901
1004.278154 685.357917 94.053714 143.507048
1004.571550 683.853895 94.550731 142.841140
1004.804486 681.856603 94.689574 142.988870
1005.031321 680.301857 94.585165 142.121842
1005.691168 677.762225 94.201841 143.386455
1005.737763 675.046871 94.455822 143.057127
1006.031305 672.402316 94.162279 143.240460
1006.395843 669.185766 94.093480 143.293695
1006.920411 665.944966 93.990294 143.968165
1007.031290 662.465797 94.320545 144.148059
1007.373959 658.910644 94.313176 145.226822
1007.528165 655.801181 94.409822 144.812819
1007.934074 653.214265 94.642730 144.061791
1007.892578 649.922779 94.977174 144.182142
1008.294024 646.717100 94.803119 144.523155
1008.586415 643.880413 94.936899 144.685581
1009.163078 641.019873 95.067623 145.123933
1009.332005 637.899926 95.177544 145.821530
1009.261191 635.397979 95.260826 145.763732
1009.675190 632.398002 95.648887 145.490031
1010.018034 629.655982 95.369545 146.400032
1010.301277 626.824262 95.257906 146.011167
1010.661214 624.411375 95.641165 145.946497
1011.018050 621.533639 95.691126 146.411021
1010.883410 619.460200 95.889196 145.776155
1011.537796 616.999660 96.257173 145.191467
1011.542734 613.999678 96.273981 145.191467
1012.018066 611.205824 96.392724 146.359217
1012.459868 608.341649 95.940717 145.919856
1012.714228 605.858664 95.972511 146.007722
1012.823341 603.239849 96.378057 145.390542
1013.003308 601.063755 96.521295 146.217740
1013.104179 599.419135 96.566754 146.296223
1013.577646 598.368214 96.582364 146.906071
1013.242805 598.627715 97.248670 147.635278
1014.364683 598.425943 96.162664 147.446275
1014.085165 598.778839 96.698983 147.850943
1014.188397 598.777937 97.174072 147.220340
1015.020677 599.328442 96.942780 146.740819
1014.842682 598.773636 97.809275 147.432837
1015.291527 598.828708 97.709161 147.755523
1015.443091 599.029188 97.737708 147.984433
1016.110959 598.521624 97.600759 147.432398
1016.347689 598.478731 97.396855 147.954637
1016.748416 597.969997 97.595626 148.044269
1016.809172 597.876179 97.425968 147.859025
1017.231621 597.324860 97.440065 147.974014
1017.753320 596.919118 97.081044 148.166232
1018.051200 596.672482 96.912376 148.260852
1018.111437 596.324870 97.123693 147.831631
1018.408300 596.177527 97.227542 147.684588
1018.949434 595.571038 96.740748 147.156939
1018.666944 594.773649 97.313144 147.857940
1019.231601 594.627633 96.677781 146.960996
1019.326048 593.925354 96.728226 147.351842
1019.547538 593.172216 96.978389 147.259813
1019.546255 593.328458 96.837063 146.598916
1020.145565 592.223311 96.998106 147.262582
1020.188415 591.526211 97.010950 147.259413
1020.248540 591.121522 96.950825 146.256368
1020.565272 590.526714 97.195884 147.241649
1020.886353 589.918281 96.825827 146.319824
1021.145556 589.379736 96.800546 146.667641
1021.145556 588.121864 96.908727 146.450725
1021.565276 587.273947 96.977697 146.930110
1021.727120 586.672286 96.764329 145.988855
1021.984830 586.128218 96.957473 145.587123
1022.042531 585.279228 97.028252 146.135178
1022.085199 584.929158 97.077435 145.643447
1022.381922 583.926363 96.641855 146.137976
1022.442655 583.027400 96.796213 146.457218
1022.862057 582.476222 96.463330 146.026443
1022.563856 581.427330 96.890764 146.058514
1023.163739 580.476213 96.344910 145.747083
1023.464074 579.427309 95.746791 146.058514
1023.478862 578.832492 96.370359 146.125160
1023.583589 578.077835 96.055977 145.986515
1024.116509 577.080060 95.900252 145.618133
1024.122813 576.281513 95.863925 146.044648
1024.537821 575.080041 96.148900 146.666707
1024.503246 574.730211 96.038711 145.054843
1024.662132 573.581589 96.370005 145.260347
1024.763121 572.482394 96.223594 145.773800
1025.122789 571.477853 95.756806 145.034947
1025.379998 570.686232 95.515271 145.062652
1025.498396 569.385511 95.933309 144.601421
1025.442175 568.637144 95.534345 144.462907
1025.577584 567.138435 95.814154 145.451284
1025.362791 566.284241 96.024783 145.392481
1025.482833 565.231195 95.637776 144.773362
1025.502201 564.238438 95.793684 145.069889
1025.851161 562.780038 95.634391 144.656056
1025.621959 562.038249 95.620583 144.508304
1025.442175 561.138426 95.747124 143.241081
1025.341618 559.796844 95.861841 143.943811
1025.281101 558.890760 95.896045 142.979834
1025.301567 558.181452 95.995623 143.455621
1025.099476 556.890758 95.891534 143.253053
1025.301567 555.692213 95.461750 142.669042
1025.083268 554.202582 95.586236 144.272717
1024.498439 553.089979 96.144856 143.877737
1024.382062 552.089994 95.753955 142.917120
1024.122300 551.045658 96.121309 143.872447
1023.741069 549.990461 96.489650 142.675617
1023.518209 548.841058 96.351532 143.204048
1023.880528 547.493289 96.017728 142.867983
1023.881884 546.591582 95.828209 142.943255
1023.761066 545.443296 95.842780 142.612808
1023.662690 544.390725 95.819911 142.155092
1023.782248 543.390719 95.753707 141.678841
1023.443366 541.954589 95.838014 141.890890
1023.737747 540.894565 95.410736 142.276946
1023.559122 539.301869 94.927768 142.801403
1023.262949 538.943704 95.141739 141.547791
1023.213157 536.612019 94.616476 142.317845
1023.352961 535.952200 94.368821 141.992375
1023.004401 535.588048 94.917395 140.409164
1023.436166 533.810478 94.417910 141.326595
1023.309028 532.319632 94.556060 141.479846
1022.585614 531.500492 95.020324 141.081344
1023.046069 529.961966 94.230629 141.349624
1022.731104 529.103274 94.368563 140.966208
1022.802180 528.491634 94.170732 139.501959
1022.870397 526.961222 93.830116 140.232321
1022.592085 526.154723 94.015880 139.102207
1022.606848 524.998640 93.922024 138.878643
1022.196813 523.888932 94.315592 139.545457
1022.415948 523.203004 93.818384 138.522422
1022.158522 521.723748 93.392929 138.397338
1021.760372 520.855977 93.966435 139.012975
1021.675883 519.902445 94.148097 139.241680
1021.430255 519.190592 94.046408 139.020333
1021.887820 517.854271 93.800169 139.423516
1021.782603 517.715524 93.485565 138.495390
1021.573015 516.520314 93.962789 138.882151
1021.575523 515.553615 94.290580 139.210481
1021.523336 514.779694 93.928577 138.744004
1021.039201 514.837445 94.184312 137.459910
1021.173974 513.697733 93.760718 138.589454
1020.972092 512.984421 94.060389 137.914527
1021.056299 512.758216 94.034755 137.444943
1021.117381 510.980048 94.062901 139.040720
1021.031025 511.189052 93.792964 137.955081
1020.700889 510.379879 94.233803 137.889660
1021.242416 508.675423 93.898107 138.511718
1020.888093 508.459765 94.834438 138.237552
1021.133927 508.377457 93.874465 137.900333
1020.879045 507.379885 94.264194 137.359729
1020.938230 506.852467 94.466466 137.218049
1021.232653 506.124483 94.329384 137.896266
1021.307494 504.723732 94.713105 138.529520
1021.314237 504.648898 94.790710 137.515509
1021.395980 504.485880 94.244227 136.108078
1021.505869 503.424166 94.704405 137.565865
1021.395980 503.108988 94.505899 136.616519
1021.124114 502.689104 94.940194 137.464792
1021.631820 502.108989 94.480068 137.276607
1021.542960 501.379867 95.175374 137.756940
1021.794668 501.864560 94.551718 136.765944
1021.281708 501.313247 95.175390 137.044419
1021.631820 500.860542 94.690679 137.723787
1021.496959 500.485883 95.112011 137.630661
1021.794668 500.306419 94.919596 137.792314
1021.616347 499.743238 94.834952 138.422538
1021.835060 499.939332 94.641576 137.942134
1021.913040 499.837453 94.223901 137.993490
1021.997318 499.391871 94.302660 138.259454
1021.853902 499.391871 94.178571 137.858124
1021.938227 499.297715 94.414092 137.552438
1022.056297 498.946532 94.243680 137.788927
1022.408136 498.946532 93.996557 138.323884
1022.336761 498.491714 94.251243 138.026416
1022.514097 498.579756 94.126108 139.013887
1022.548075 498.648888 94.190023 139.257287
1022.489207 498.525152 94.458785 138.418787
1022.377229 498.554403 94.759766 138.678488
1022.430228 498.635104 94.780912 137.888601
1022.497014 498.953845 95.112011 137.898716
1022.497014 498.743247 95.428369 137.421150
1022.735377 498.846022 95.295744 137.699664
1022.714865 498.752591 95.338304 138.398252
1023.065247 498.351244 95.065783 138.842290
1022.931065 498.540627 95.220149 138.652907
1023.228661 498.446008 95.080983 140.372321
1023.697798 497.829555 94.514018 140.917857
1023.731109 498.021868 94.782976 141.066119
1023.545397 498.774536 95.357540 140.066466
1023.426829 499.163733 95.663103 139.924253
1023.900295 499.232391 95.428340 140.027934
1023.788211 499.309268 95.566224 140.234316
1023.642320 499.799416 95.679209 139.324872
1023.788211 499.974857 95.672263 139.162218
1023.786436 500.257970 95.966359 138.608924
1024.089213 499.986895 95.875369 138.585465
1024.149468 500.739273 95.762096 138.102122
1024.651595 500.917694 95.532538 137.606001
1024.835109 501.311107 95.481600 138.042198
1025.312048 501.752576 95.322143 137.124697
1025.915274 501.297713 94.948277 138.353609
1025.594203 502.680623 95.828190 137.740256
1025.775006 503.218354 95.594516 137.663096
1026.193395 503.939322 95.176127 137.138026
1026.620492 503.860540 95.003745 138.530470
1026.770242 504.943034 95.043053 137.116181
1026.314822 505.787383 95.534660 137.266756
1027.019686 506.325872 94.964863 137.512795
1026.799348 507.141765 95.259984 137.158265
1027.277444 507.418313 95.150561 137.635824
1027.257018 508.325854 95.299362 137.986252
1027.783829 508.283310 94.986305 138.934966
1027.818041 509.198994 95.129830 138.600975
1028.027269 509.659014 94.920602 138.559268
1028.193406 510.943036 95.228998 137.519590
1027.968871 510.554390 95.955093 139.757711
1028.309055 511.733183 95.564200 138.799791
1028.300081 511.986885 95.852733 139.937316
1028.426315 513.268044 95.795697 138.652500
1028.531517 513.645710 96.018803 140.166272
1028.760992 514.809279 95.955574 137.811590
1028.815868 515.479061 95.891012 139.339251
1028.592615 516.446038 96.406833 139.165443
1029.150163 517.174631 96.025137 139.221952
1028.846466 518.006780 96.847961 139.422823
1029.068972 518.435011 96.891179 138.862029
1029.229237 519.547546 96.914635 139.532641
1029.654951 519.963958 96.366322 139.265285
1029.884509 521.006793 96.169614 140.040415
1029.884509 521.610978 96.595280 139.853764
1029.734067 521.963953 96.767339 140.423776
1029.971513 523.048636 97.132221 140.845377
1029.630054 524.790335 97.441363 139.370893
1030.319171 524.954177 96.798594 140.802100
1030.261805 525.954196 97.017131 141.077780
1030.730382 527.134237 96.886853 141.129627
1031.064775 528.416266 96.396616 140.847604
1031.078731 529.237167 96.659359 140.794803
1031.185735 530.237154 97.225571 140.863853
1031.464075 531.134261 97.652714 140.783869
1031.335126 531.850927 97.789201 141.412934
1031.616948 532.748718 98.268578 141.677063
1031.689253 533.647495 98.488082 141.521906
1031.884652 535.495536 98.426121 139.844115
1032.133854 536.228407 98.368731 140.827913
1032.301168 537.220725 98.081889 140.789024
1032.434384 538.032379 98.349469 141.601983
1032.195444 538.626527 99.210866 142.797954
1032.552058 539.997580 98.785848 141.909549
1032.045573 541.097290 99.212323 142.418837
1032.715836 542.565159 98.436252 141.063459
1032.852267 543.292724 98.139561 142.411455
1032.865117 544.457480 98.579372 142.408198
1032.865117 545.642201 98.829663 143.157332
1032.895086 546.902479 98.858524 142.914553
1032.824785 547.616293 99.013274 143.693747
1032.894473 548.875019 99.403138 143.170696
1032.179400 550.066618 100.324701 143.400855
1032.418362 551.610403 100.665520 143.172496
1032.312469 552.896317 100.747545 143.027592
1032.312469 554.275543 101.192129 142.860217
1032.256738 555.632668 101.120309 143.011361
1032.430717 556.966153 100.998781 142.691880
1032.256738 558.464313 101.892030 143.096338
1032.606405 559.609000 101.817283 143.048467
1032.947817 560.894794 100.919912 143.896066
1033.270289 562.704398 101.088111 142.882609
1033.033496 563.323150 101.407273 144.237481
1033.679153 564.581490 101.046671 144.646199
1033.623552 566.225753 101.359465 144.082657
1034.447719 567.773712 100.229990 143.885721
1034.541235 569.061789 100.375309 144.791206
1034.385525 570.869624 100.111505 143.860719
1034.589652 572.034627 100.423259 143.256117
1034.939978 573.419038 100.137382 143.504870
1035.253504 574.323147 100.315012 144.949134
1035.068674 576.346909 100.594476 143.170931
1035.528102 576.938141 100.881379 144.906600
1035.567848 578.513131 100.648716 145.008639
1035.456445 579.743813 100.696910 145.419748
1035.622290 581.581895 100.635773 143.807860
1035.328096 582.870349 101.705565 145.125677
1035.251037 584.390736 101.939249 145.581224
1035.270031 586.036380 102.062505 145.802268
1035.326050 587.261981 101.941614 145.857409
1035.157857 588.261984 102.631822 146.288434
1035.180814 589.816091 102.507611 144.960325
1034.972345 590.516688 102.951609 145.239868
1035.273675 591.421897 102.532432 144.211525
1034.610825 591.475438 103.128647 144.573552
1034.311518 592.164504 103.478160 143.753456
1032.935655 593.487097 103.523773 141.946867
1031.163635 593.292038 104.447672 142.749553
1029.590845 593.294206 103.868586 142.558449
1027.253232 593.581893 103.728713 142.401070
1024.334973 592.904810 103.771599 141.275688
1022.053618 592.773698 103.344900 140.742164
1018.355572 592.389203 103.735237 140.704393
1015.664512 592.033474 103.680560 140.839771
1013.415211 591.678307 103.768065 141.240409
1012.973352 590.219539 102.264454 142.779504
1012.992789 590.195290 101.976215 142.916167
1012.641596 590.388679 101.918854 141.818078
1012.393878 589.841563 102.293648 142.401821
1013.048748 588.866746 101.791315 143.320269
1012.116317 589.195267 102.667202 141.803763
1012.429088 588.646897 102.782841 142.748977
1011.838102 588.452929 103.321055 141.705516
1012.444760 588.098365 103.044766 141.969876
1012.261414 587.355446 103.096952 142.623073
1012.103120 587.355686 102.999832 141.527117
1011.523875 586.937079 103.722030 141.902696
1012.289061 585.572312 103.408177 142.862533
1011.896043 585.454183 104.013367 142.614857
1011.492415 584.966662 103.931175 141.100071
1011.938494 583.806749 103.484875 142.538704
1011.615091 583.452917 103.689220 142.885038
1011.501497 582.573970 103.737025 142.385778
1012.124159 581.904812 103.312066 143.148039
1011.839106 581.710048 103.416027 141.333065
1011.655819 581.417743 104.300021 140.937704
1011.177882 580.677691 104.336361 140.976023
1011.177882 580.195289 103.883559 140.292540
1010.787980 579.389221 104.232313 140.704393
1010.983948 578.677678 103.981051 141.321361
1010.771626 578.195276 104.178130 140.976826
1010.840220 577.485151 104.129343 141.375628
1010.100190 576.743833 104.849566 140.384479
1010.044105 575.937030 104.868398 141.636258
1008.946321 574.966638 105.779792 141.168484
1008.885146 574.487104 105.618423 141.252589
1008.684285 573.744953 105.310941 141.560233
1009.176366 572.906601 105.139361 142.318605
1008.396171 572.164506 105.747384 142.633947
1008.504687 571.421898 105.687251 142.185480
1008.964935 570.714878 105.361511 142.378134
1008.258555 569.969175 105.543444 140.760846
1009.123514 569.098991 104.787965 142.187197
1007.660014 568.648160 105.651016 141.173683
1008.347615 567.551253 105.579633 141.615639
1007.521512 567.487099 106.073872 140.287984
1007.424744 566.581898 105.988074 140.529895
1007.560419 565.551235 105.565567 140.652411
1007.288599 564.774010 105.437515 140.337783
1007.032392 563.647021 105.601220 140.618061
1007.298690 562.454174 105.229217 140.955153
1006.763109 562.061145 105.649742 140.188138
1006.830460 561.129638 105.524965 140.822015
1007.159841 560.195863 105.347513 140.984642
1006.806856 559.292599 105.902169 141.232232
1006.947476 558.871203 105.774884 141.284521
1006.413600 558.583360 105.810963 140.535264
1006.220409 557.938048 105.848352 140.539915
1006.267244 556.938072 106.326223 141.021698
1005.312888 556.583339 106.854252 140.741895
1005.464834 556.036382 106.021788 139.898678
1005.152034 555.513137 105.973952 139.273948
1004.957728 554.869616 106.183289 139.891396
1004.691967 554.441943 106.458412 140.497504
1004.401847 553.294200 107.191577 140.275323
1004.243068 552.487080 107.292073 141.045149
1003.675074 552.327188 107.596702 140.505860
1003.023949 551.969105 107.529072 139.399448
1003.832800 551.062360 106.993934 140.125070
1003.034464 550.583345 107.892787 139.644436
1003.010016 549.420082 107.731426 139.857626
1002.834761 548.896429 107.631889 140.000834
1002.424414 548.420078 108.042236 140.270271
1002.459612 547.393305 107.890174 140.249287
1002.401161 546.777780 107.536266 139.864825
1002.301310 546.252957 107.165370 139.590789
1002.401896 545.034390 106.712992 141.409274
1001.581047 544.681874 107.029687 140.718033
1001.396182 543.843637 106.434922 140.777841
1001.257007 542.906596 106.670247 141.349717
1000.788136 542.006499 106.075015 141.117408
1000.890159 541.003737 106.796913 141.597638
1000.401185 540.943138 106.858006 140.889925
1000.068374 539.359316 107.261563 141.952964
999.984660 539.396883 106.723887 140.868883
999.649411 538.164529 106.885746 141.044558
998.633528 537.873545 106.681401 139.975075
998.401859 537.130559 107.191577 139.867785
997.702960 536.418267 107.753180 139.991049
997.459638 535.777775 107.752281 139.933484
996.912452 534.843641 108.019193 139.477434
996.703427 533.871183 108.228218 139.698336
996.563497 533.159903 108.135218 139.620016
996.717719 531.940077 108.300354 140.750253
996.417930 531.203870 108.847806 141.616122
996.415905 530.566276 108.905891 140.718993
996.456899 529.657756 108.648535 140.902174
995.698575 529.043369 108.616604 140.034552
995.381138 528.327187 108.924470 139.679923
995.027145 527.422870 109.000221 140.272042
994.948317 526.300434 109.036341 140.551537
993.879857 525.561010 109.293420 139.559401
994.417928 524.203896 109.415535 140.235890
992.731064 522.560989 111.003327 140.723258
992.842190 521.475725 110.686431 140.602254
991.954003 520.407053 112.035978 140.654498
990.812232 518.899459 112.365806 140.351620
990.480680 517.289125 112.196531 141.062981
989.990223 516.517150 111.796845 140.264252
989.152761 514.833819 112.346031 139.919118
988.059121 513.605673 112.865116 139.010517
987.364336 512.341709 114.010615 139.117984
986.215714 511.280326 114.504862 138.949166
985.647345 509.297490 114.657721 138.925646
985.340867 508.069194 114.723843 139.108567
984.911744 506.525569 114.617389 139.423784
984.047835 505.237160 114.676472 138.890723
982.662684 504.607179 115.476029 137.334433
981.844153 502.899925 116.053088 138.643638
981.370822 501.555277 115.918498 136.982883
978.060181 500.390160 117.949563 136.703627
978.433019 498.173797 117.059462 136.289800
977.350819 497.500640 116.879460 136.361492
975.405333 496.080166 118.929696 134.727615
973.520177 494.507743 119.631679 135.602314
972.931237 493.574527 119.559173 133.617808
970.571620 492.147704 121.520047 134.566208
969.603262 490.581977 121.505826 133.863533
969.357490 488.701025 120.830506 133.790304
968.683446 487.710079 121.323884 133.649989
968.803990 486.194873 121.569608 133.342903
969.564500 483.885759 122.023623 134.877759
971.044584 482.348671 123.368028 135.459320
974.714660 480.632538 122.622938 134.778069
977.619746 479.821635 124.229622 133.872822
981.442192 478.463627 124.122834 134.060443
984.944288 476.544889 124.797150 134.642294
988.104447 476.207154 125.255391 133.725899
990.392263 474.463736 126.605379 133.769210
994.286916 474.827078 126.035530 131.953413
995.768858 472.281013 126.490617 135.124321
997.604418 471.502614 127.381652 134.937625
1000.531509 470.791341 127.059797 133.746614
1001.802207 469.041757 127.670453 135.864926
1003.153173 468.348061 128.633957 134.711235
1005.165719 466.979727 127.822901 136.449096
1006.901419 465.718295 128.574676 136.620586
1008.692581 465.104822 128.011240 135.660785
1010.218991 463.048716 128.742973 136.624652
1012.349774 463.373979 128.486968 134.492251
1013.245082 461.886394 129.354784 135.639896
1015.546032 461.826616 129.447249 134.794374
1016.672769 462.826902 129.130246 134.717648
1017.272648 463.768924 128.672562 134.059798
1016.981381 466.937333 127.879011 134.406871
1016.470171 470.336002 127.355295 133.537559
1015.469650 474.541330 126.682664 135.245803
1014.691912 480.141098 126.928028 135.663375
1013.202159 484.733075 127.458326 137.109327
1012.383014 489.915127 127.012609 136.589230
1011.224794 495.153187 128.088929 142.069700
1010.360944 501.020493 125.989565 135.540219
1009.776067 506.694612 125.400652 139.548787
1008.631669 512.498226 125.568977 139.357662
1007.498235 518.297748 125.783076 138.244339
1006.606174 523.606202 125.041829 136.765975
1005.907783 529.248556 125.596562 137.326169
1004.781384 534.799098 124.635462 137.847265
1003.600928 540.667000 124.200347 136.578833
1002.593931 546.083037 123.915977 137.803307
1001.682376 551.710104 123.266312 135.181776
1000.825318 557.343450 123.157595 134.770500
999.729561 563.412733 124.439812 135.862592
998.951684 568.899836 122.606240 135.543057
998.315636 573.664239 121.789670 133.385881
997.973070 577.834980 121.449813 131.521377
996.879659 577.578540 121.074179 132.741655
995.893614 577.505190 120.136548 132.369326
995.519097 576.239522 119.123272 133.042606
994.771820 576.042803 118.717612 131.809586
993.997168 575.135336 118.562971 132.292645
993.691589 574.502155 116.384734 132.689367
992.415614 573.945632 116.614428 133.255479
992.046271 573.318873 115.764553 133.210556
991.095207 572.945631 115.710318 131.789588
990.517020 572.934536 115.221838 131.634434
989.691631 572.034167 114.818477 132.167288
989.134939 571.765509 113.539370 131.184694
988.467044 571.126428 113.512577 132.336050
987.918988 570.586431 112.249180 131.954352
987.729744 570.129340 111.599149 132.262551
987.344612 569.410033 110.731471 130.953083
986.886478 569.042003 109.576347 131.766826
986.619961 568.506407 109.066203 131.319919
985.354374 568.048508 109.094018 131.882439
984.619995 567.870435 108.370199 131.143436
983.936589 567.322145 107.947834 131.532015
983.402738 566.609522 107.755181 131.590167
982.317702 565.798955 107.685373 131.764938
982.327403 565.519832 106.420947 131.094491
981.815816 564.537282 105.415208 131.378199
981.386458 563.816546 104.447820 131.020114
980.664370 563.095787 104.131007 131.243579
980.334869 562.199607 103.544663 130.855409
980.062204 561.391748 102.086081 131.096912
979.281047 560.404426 101.291207 130.420048
978.725207 559.704619 101.036541 130.399712
978.383972 558.524601 100.314215 130.835089
977.685269 558.501838 99.702371 130.180553
976.775514 556.914581 99.975311 130.275267
976.211247 555.811113 99.602571 130.143932
975.331020 555.008216 99.500389 130.177619
974.548898 553.918666 99.469806 130.777434
974.644529 553.185098 98.358866 130.068116
974.307809 552.295120 98.002682 130.758369
972.863274 552.295120 97.865189 129.421783
972.890163 551.670724 97.126626 129.020055
971.974349 551.158840 96.992555 128.864021
971.543292 549.981184 96.736278 128.352717
971.194183 549.358950 95.926390 128.383440
970.117350 548.294672 95.828904 128.854947
970.290988 547.382582 94.500965 129.032260
969.438587 546.585373 94.439366 128.610001
969.169383 545.965836 94.066299 128.071700
968.530974 545.169423 94.241091 128.144299
968.321070 544.435071 93.096084 127.280925
967.293231 543.461454 93.314354 127.753228
967.019512 542.815448 92.789315 127.483596
966.864121 541.668294 92.040124 127.594014
967.173872 540.786537 90.878233 127.931922
965.957186 539.549050 91.145961 127.663684
966.238528 538.871451 90.062431 126.956010
965.732211 538.113902 90.111517 126.967117
965.989210 537.026214 89.247980 126.382195
965.140903 536.491410 89.556861 126.330760
965.347544 535.409950 88.836648 126.078468
964.930384 534.619078 88.806740 125.461867
964.762895 533.481191 88.614478 124.773338
964.310500 532.304124 88.271408 125.269850
964.084173 531.130423 88.040404 125.142179
963.914930 530.555470 87.921016 124.073988
963.559295 528.905097 87.424489 124.737285
963.348149 527.731546 87.189279 125.150964
963.023339 526.295455 86.924331 124.808895
962.902624 525.554727 86.491796 123.966530
962.710389 524.417739 86.165539 123.175298
962.026533 522.981764 86.186110 122.968519
961.805659 522.058553 86.312594 122.898127
961.734233 520.417239 85.715051 123.243829
961.680331 519.452540 85.155468 122.153635
961.112891 518.401446 85.365311 122.154222
960.837834 516.934238 85.055146 122.621420
959.946881 516.089973 85.506864 121.347756
960.208064 514.414585 84.994934 121.795568
960.045355 513.219617 84.646236 121.691350
959.431389 512.303702 84.613287 121.081168
959.198701 511.182136 84.846892 120.799910
959.144451 509.674427 84.576567 120.960654
958.748422 508.266294 84.602398 121.238655
958.306913 506.971152 84.645762 120.548600
958.285545 505.325703 84.297201 120.379665
957.567835 504.215814 84.924480 120.471577
957.252824 503.083705 84.560738 119.851541
957.278281 501.649626 84.145989 120.219223
956.902549 499.964740 84.060568 120.030288
956.560496 498.321610 84.122906 120.087767
956.491016 497.132261 83.748414 119.690524
955.949273 495.782280 83.994273 119.340683
956.040799 494.846882 83.320945 118.862141
955.796667 493.732441 83.171743 118.123243
955.420871 492.361124 82.933993 117.775814
955.237553 491.173519 83.014710 117.433484
954.542490 489.187201 83.165870 117.912171
954.367434 487.618990 83.078048 118.009720
953.379940 485.867471 83.554464 118.212853
954.280102 485.202341 82.314708 117.181090
953.782911 482.280348 82.135368 119.378362
953.920604 482.445920 81.899591 117.618374
953.655130 480.489756 82.210976 117.605781
953.544081 479.145961 81.873907 118.478379
953.577028 477.423323 81.954786 118.090139
952.523315 476.903528 82.854465 118.999323
952.817122 476.227026 82.003095 117.968582
952.127998 475.064371 83.009665 117.256014
952.051732 474.307692 82.235676 119.057479
951.962374 474.093334 82.566916 118.240854
952.277841 474.302051 81.611317 117.443397
951.965701 474.010184 82.237586 117.264241
951.602823 473.922466 82.263292 116.035760
951.517029 474.279510 82.354544 116.108554
950.994711 474.295266 82.605020 115.993521
951.017500 474.902765 82.412836 115.485299
950.860856 475.468913 82.090324 115.215737
950.599276 475.880586 82.171898 114.818976
950.464733 476.447437 81.883022 113.934779
949.912834 476.038153 82.003753 115.116389
949.928956 477.063209 81.418819 113.934483
949.465979 477.687200 81.646328 114.721125
949.184636 477.156516 81.885398 115.027714
948.860585 478.139633 81.928585 114.590912
948.579499 477.960003 81.786875 115.588428
948.336815 477.824160 82.094688 115.906393
948.152333 478.930992 82.311950 114.527237
947.964816 479.323064 82.094169 115.042811
947.228122 479.524818 82.471433 115.149129
947.256166 479.958020 82.091594 115.306501
946.622070 480.369907 82.411844 115.587327
946.335537 480.569565 82.256209 115.468556
946.465212 481.343569 81.863907 115.147981
946.098859 481.781943 82.203985 115.188293
946.274883 482.136731 81.856798 114.917108
946.120458 482.679221 81.713671 114.374618
945.651308 482.890150 82.064905 115.451200
945.599285 483.292316 81.768778 114.537070
945.360720 483.504639 81.735507 115.382760
945.464776 484.214575 81.569176 114.000526
945.017461 484.610763 81.698729 115.650025
945.016792 485.292304 81.619779 114.034147
944.808738 485.687196 81.818077 115.745047
944.546720 486.524817 81.732159 113.801642
944.465995 487.178241 81.468115 114.750538
944.568927 487.581956 80.949015 114.124590
944.018924 488.101775 81.356166 114.544812
944.286828 489.043545 80.675509 114.223348
944.136457 489.516440 80.753198 114.650197
943.673851 489.839934 80.949616 114.892171
943.584305 490.991830 80.819523 113.965140
943.535451 491.974518 80.529531 113.017331
943.073236 492.754426 80.654557 112.741312
942.988807 493.563340 80.796446 112.080981
942.470235 493.980825 81.226626 111.852350
942.312970 494.355908 80.943824 112.584351
942.589692 495.034509 80.445942 111.730223
942.705556 495.491990 80.446189 112.484554
942.542155 495.905483 80.904248 112.147976
942.848889 496.171611 80.553234 112.621569
943.040200 496.069021 80.789288 112.325197
943.800752 495.838470 80.117340 111.901463
944.658135 495.436876 79.534649 112.159915
945.344441 494.359287 79.113166 111.449255
945.214603 493.149931 79.681298 111.269124
945.863063 492.576336 79.692591 110.646405
946.661710 491.227280 79.331939 110.392467
947.117014 490.211883 79.138437 110.403060
947.821538 489.028648 79.346116 109.461766
949.251976 487.591825 79.191082 109.729277
949.929061 486.555141 79.027147 109.724329
951.011092 485.555133 79.122175 109.248799
952.214194 484.354339 79.678375 108.914122
953.564372 483.354343 79.447979 109.072093
955.138588 482.354346 79.632691 108.861516
956.709007 481.202765 78.685094 108.698215
958.197186 480.445930 78.819273 108.475944
959.560590 479.893050 78.758472 108.028820
960.682674 478.273652 79.071523 108.088434
961.983200 476.691693 78.677585 109.230169
963.745002 476.601817 77.877797 108.235886
965.092603 477.780980 78.228561 106.065370
965.774819 475.412100 78.631195 106.680150
967.458428 472.845102 78.959947 109.095750
968.117063 473.707957 81.671507 107.287727
970.027732 473.422591 80.653776 106.386407
970.994771 472.262574 79.972338 106.978799
971.948879 470.818830 80.871033 107.318392
973.728872 469.899246 79.896677 107.257398
974.044979 468.893055 80.539332 106.004263
974.650176 467.907210 80.679041 107.687341
974.924407 466.899233 80.381838 107.153133
975.540214 465.744448 79.378455 107.862651
975.742486 464.520748 78.879402 108.296096
975.488097 463.893060 78.070384 114.071199
975.401750 462.654530 78.344958 113.342001
974.802855 462.394150 78.824631 109.657723
975.272859 461.881371 77.903001 108.229412
974.954548 461.534646 78.160618 106.991899
974.610108 460.959039 78.213585 107.444997
974.409362 460.237593 78.442127 106.875257
974.316557 459.768205 78.528339 107.683214
973.954516 459.551840 78.586924 107.294499
974.108418 458.976853 78.299536 107.017620
973.864283 458.033156 78.510371 107.214942
973.959986 457.829905 78.062184 106.956283
973.622236 457.475508 78.445671 107.032665
973.592055 456.312022 78.647030 108.048268
973.043805 456.200067 78.674876 108.347137
972.994779 456.115113 78.498528 107.911952
972.700187 455.612599 79.136170 107.824227
972.334445 455.262579 79.545509 108.345449
972.187246 455.194871 79.427529 107.800810
972.044971 455.041195 79.528522 108.091188
971.830137 455.132001 79.784638 107.802075
971.675819 455.423310 79.636544 106.930478
971.599697 455.345820 79.543711 106.776484
971.599697 455.494631 79.500491 106.983129
971.549951 455.636025 79.329781 106.748307
971.446369 455.705054 79.052346 106.707642
971.358798 455.777275 79.092136 107.108453
970.752257 456.206505 79.607524 108.013956
970.380993 456.132008 79.385063 107.855042
970.037793 456.423318 80.441508 107.457849
969.062811 456.928853 80.013231 108.500745
969.830133 457.862731 79.651925 107.039502
968.847252 457.563187 80.513684 108.869448
969.269443 458.509239 80.121023 107.891667
968.993254 458.780824 80.629512 108.062526
969.435217 459.501887 79.948325 108.360140
969.081160 460.071145 79.733294 108.252823
968.983691 460.780816 79.848030 107.849809
968.364869 461.058881 79.990605 108.299799
968.530468 461.780812 79.776579 108.169102
968.274723 462.784951 79.815268 108.590749
968.430947 463.138332 79.656329 108.562980
968.120238 463.926210 80.013102 109.692761
968.171045 464.632700 79.646672 109.358026
968.380684 465.275766 79.575553 109.446754
968.318407 465.992116 79.807600 109.732303
968.221574 466.558940 79.946063 110.405869
967.884954 467.210842 79.950908 109.965802
967.656663 467.926675 80.222921 110.419951
967.222832 468.789133 80.361531 110.306244
967.278818 469.862541 80.117773 109.634273
967.138630 470.926669 80.406772 109.225648
966.876204 471.632720 80.669199 109.196760
967.182273 472.869773 79.646672 108.986272
966.605920 474.006274 79.862837 107.963101
966.475197 475.072312 79.740767 108.195772
966.037258 475.856952 80.330636 107.342232
965.556842 476.789225 80.561800 108.450028
965.656408 477.574290 80.230694 108.020058
965.256578 478.503309 80.417438 108.357858
965.926793 479.646547 79.199189 108.215481
964.816711 480.423309 80.756808 108.791004
965.269468 481.145971 80.275973 108.898598
964.697720 482.222142 80.341437 109.476173
964.917102 483.291616 80.206716 109.022615
964.968058 484.294163 79.588559 108.374496
964.387813 484.926201 80.855403 109.096780
964.708522 485.795853 80.547578 109.163940
964.524588 486.653773 80.969133 109.365494
964.961431 488.085684 80.241480 108.819952
964.734110 488.641982 80.188844 109.512859
964.788516 489.725884 80.705205 108.696407
964.866056 491.156197 80.082673 108.591196
964.719469 492.220786 80.106026 108.612045
964.461333 493.366087 80.233664 108.680483
964.471612 494.294143 80.397280 108.969094
964.061272 495.436809 80.588199 108.931447
964.171071 495.812588 80.613700 109.297467
963.951534 497.517145 80.602288 108.822560
963.661024 498.025483 81.079483 109.535587
963.500339 499.373004 80.395554 109.395368
962.985168 500.509256 81.007276 108.913055
963.054851 501.725885 80.762487 109.402355
962.899766 502.868485 80.697901 109.362498
962.741021 503.431054 81.204138 110.399577
963.006298 504.946189 80.362913 109.351963
962.917089 505.812576 81.267657 109.975562
962.790644 507.111279 81.105754 110.232621
962.529941 507.884777 81.499019 110.614928
962.421103 509.619370 81.112002 110.326033
962.443562 510.946189 81.324426 110.168875
962.391900 512.383017 81.242892 110.170889
962.288302 513.877866 81.613197 110.303468
962.288302 515.455436 81.435271 110.098471
962.495146 516.659848 80.697656 110.246775
962.355815 517.950302 81.143821 110.838361
962.231997 519.158517 81.169964 111.097839
962.334846 520.743383 81.139330 110.955458
962.146975 522.743407 81.138137 110.623383
961.651487 524.019279 81.190537 110.920458
961.357860 525.597863 81.138530 111.267482
961.287158 527.466648 80.965829 111.103436
961.069911 529.165118 81.247801 111.162131
960.803835 530.957855 81.513877 111.112035
960.706110 532.378712 81.444988 111.043328
959.908740 533.884711 82.775245 111.351574
959.839909 535.477651 82.640187 111.424127
959.522139 537.258233 82.441024 111.811046
959.519900 539.184874 82.054185 111.716910
959.515581 540.604331 82.278813 112.208006
959.065927 542.397816 82.310082 112.263450
958.459434 544.037827 82.626024 112.760965
958.518638 545.683730 82.204949 112.513165
958.141976 547.027239 82.169304 112.746086
958.044848 548.609531 82.197757 113.093404
957.988849 550.087042 82.028150 112.885865
957.640119 551.460823 82.081594 113.354970
957.529653 553.043554 81.744743 113.591326
957.619332 554.820057 81.346420 113.305913
957.179161 556.175833 81.594229 114.010127
956.428016 557.595541 82.244042 114.039321
956.590178 559.477808 81.840918 113.749850
956.169628 560.445326 82.053147 114.872584
956.076054 562.161884 82.063331 114.601348
955.715322 563.388204 82.216059 115.117585
955.360640 565.332391 82.347737 114.843577
954.974373 566.520149 82.508952 115.579161
954.764099 567.854275 82.718833 115.799064
954.913830 568.854175 82.516497 116.863097
954.771596 570.414337 82.364886 116.249596
954.569675 571.468933 82.412849 116.932159
954.238579 572.848808 83.671402 116.578565
954.131592 574.283527 84.500898 117.255609
954.135909 575.976738 84.057666 116.464832
954.237541 577.105194 84.162869 116.445795
953.918612 577.873578 84.481798 117.140899
954.082891 578.976728 84.621653 116.986728
954.029777 579.998159 84.908360 117.085157
953.616574 581.258177 85.413772 117.004629
953.725645 581.912854 85.818784 118.055754
953.794372 581.957309 86.460019 120.177051
954.099644 583.327465 85.618780 120.060696
954.468608 583.974418 85.654947 120.652034
954.376691 584.847565 86.020717 121.249435
954.658877 584.973021 85.568485 122.036436
955.089127 585.504595 85.326878 122.069207
955.671411 587.205644 84.886395 121.129716
955.842642 586.852365 85.092112 122.194928
956.460939 588.158368 84.955076 120.870350
956.842664 588.766533 85.186440 119.968761
957.550760 589.457762 84.826795 119.690403
958.152823 589.861200 85.185910 119.228762
959.016635 590.745054 85.285361 118.756724
959.596811 590.435875 86.039278 119.953834
960.187038 591.810383 86.016539 119.042511
960.964355 591.813135 87.661213 119.747489
962.379663 592.366152 86.737530 120.015865
962.936377 591.913021 87.884729 121.115179
964.120720 591.865460 87.888860 121.483166
965.186140 593.199175 87.209683 120.949371
966.417099 593.036733 87.719426 121.268761
967.626366 593.102489 87.600385 122.246824
968.906627 593.517649 87.631482 121.476210
970.002368 593.984055 87.712856 120.707420
971.066580 594.919885 88.334734 121.293204
972.400925 594.743783 89.011555 119.347881
973.575367 595.322184 88.973463 120.115255
975.081536 595.220784 89.521612 120.470691
976.421703 595.466038 88.165416 120.677084
977.734254 595.628496 88.423526 121.488682
979.561106 595.695193 88.156181 121.201625
980.788060 596.043297 88.567349 121.140275
982.239953 596.636121 88.973217 120.372613
984.055746 596.813590 88.845906 120.521530
985.300582 597.108619 89.054834 119.818834
986.868805 597.357906 89.303604 119.365618
989.055753 597.680275 88.250204 119.750401
990.343419 597.331856 89.039674 120.891062
992.454448 597.835415 88.908172 120.409859
994.185367 598.315656 90.239377 120.344718
996.090328 598.229513 89.143184 120.831345
998.066643 598.466023 90.065256 120.512757
1000.198083 598.527011 90.445198 120.036884
1002.258442 598.584034 90.873469 120.394746
1004.665066 598.633059 90.474691 120.423723
1006.408082 598.868720 90.873420 120.012392
1008.504001 598.787167 91.084836 120.567141
1010.941175 598.597664 91.183776 120.492070
1012.935631 598.337532 91.305464 120.531423
1015.319268 598.512640 91.045775 120.651339
1017.394120 597.758737 91.296476 121.406150
1019.956891 597.985097 90.896590 120.926578
1022.079750 597.694461 90.184662 120.697313
1024.879354 597.295268 89.586268 120.703931
1027.197607 597.021208 89.901775 120.512757
1029.218964 596.443898 90.185157 120.501472
1031.549987 596.295265 90.348667 120.467922
1033.933888 595.980618 90.470222 120.188221
1036.266348 595.623690 89.892935 119.727931
1038.563107 595.638082 89.861651 119.489215
1041.070179 595.308509 89.619140 119.179432
1043.718338 594.870661 89.603250 118.976507
1045.991227 594.599859 89.472835 119.064961
1048.342102 594.276992 90.786558 118.919715
1050.900667 593.500927 90.647345 119.045471
1052.995694 592.909825 90.862165 118.810853
1055.374534 592.315662 90.670490 119.105638
1057.423370 591.828301 90.512390 119.475869
1059.107073 591.266768 90.379657 119.268820
1060.327494 590.336492 90.185676 119.558853
1060.465007 590.638073 89.975220 118.490633
1060.376045 590.033542 89.831232 118.291835
1058.959657 589.351511 90.187172 118.161485
1057.468557 588.839055 89.425587 117.731548
1055.026966 587.802204 89.684472 118.007237
1051.725088 587.158357 90.494422 118.118386
1047.725312 586.195974 90.764078 117.956141
1043.789851 585.760592 90.792225 117.333885
1040.278694 585.402300 89.330579 116.823370
1035.750840 584.651138 89.696541 117.107102
1030.932406 584.008645 90.073109 116.815886
1026.616833 582.150341 89.114061 117.741389
1021.159826 581.203130 89.931242 117.793463
1016.378236 581.044020 88.871618 117.348180
1011.365364 580.651132 88.769504 117.337487
1005.845634 579.195890 89.110382 118.792728
1001.855423 577.941811 87.765600 118.975029
996.486744 576.656279 86.996903 118.235457
991.559744 575.732032 88.202979 119.303021
986.443414 575.150356 87.569937 117.912731
981.875807 573.923598 87.886922 119.000505
977.451921 572.656268 86.771446 119.963919
973.331920 571.555167 86.996283 119.613786
969.207378 570.549881 86.898184 119.138182
965.986469 568.935164 86.688181 119.699920
963.938654 568.054766 84.883551 117.405354
961.590060 566.960690 84.395028 117.918771
960.010125 565.330841 84.593057 117.320117
958.505617 563.875863 84.734310 120.495568
957.748420 562.325722 84.741460 118.393407
957.786878 560.681410 83.836478 118.457486
957.744025 559.660431 84.100424 118.634094
958.299101 558.248163 83.271689 118.874913
959.487365 556.649553 83.057085 118.093061
961.143258 555.032513 83.469231 117.934679
963.333598 553.861908 83.832536 115.416941
965.319016 552.922463 84.712386 115.810766
967.885451 551.506818 84.394854 115.699401
970.027832 550.146381 83.920402 116.479399
972.143278 548.903532 83.806657 116.329680
974.519982 547.332605 83.206076 115.347794
977.066460 546.090423 83.468426 115.329489
978.741401 544.364051 84.449364 116.111510
981.276689 543.468503 83.504118 115.151324
983.035418 542.569277 84.515815 114.462243
985.284082 541.160861 83.694328 114.678092
987.141917 540.374342 83.934881 114.182216
988.940402 538.578249 84.299416 114.702100
991.185164 537.569274 84.033066 113.416766
992.854775 536.178137 83.831152 115.071964
994.428742 535.634463 84.222440 113.650183
996.208756 533.818354 84.031050 114.351779
997.964203 532.965034 83.999013 114.399304
1000.135340 531.807097 83.704351 114.224434
1001.765721 530.545749 82.921367 114.204207
1003.278398 529.193350 83.019719 114.301282
1004.765965 528.588515 83.253489 113.740710
1006.637296 527.902488 82.858746 113.151764
1007.906976 526.092469 83.226360 114.118647
1009.589115 525.099518 83.374302 113.926294
1010.921359 524.637767 83.486734 113.559874
1012.055473 523.430787 83.852000 113.788349
1013.171902 523.035364 84.306768 112.604501
1014.562245 521.824170 84.401163 113.010744
1015.777843 520.980681 84.571814 112.854224
1017.228820 519.980674 85.024947 112.308276
1018.019799 519.112593 85.679392 112.802783
1019.615133 518.236334 84.897478 112.603959
1020.388458 517.986632 85.137124 111.793487
1021.443359 516.937136 85.303229 112.093930
1022.777841 515.958014 85.247655 112.188177
1023.564170 515.112579 85.680387 112.307489
1023.844378 514.313975 86.226791 112.143084
1024.929711 514.160436 86.318180 111.624998
1025.747423 513.878456 86.343098 111.213044
1026.774402 513.215965 86.194301 111.454765
1027.127631 512.573496 86.784320 111.518001
1028.029370 512.388858 86.664395 111.396575
1029.305836 511.930985 86.387889 111.362338
1030.259849 512.142735 86.149501 111.303248
1030.774363 511.343568 86.709126 111.584104
1031.653482 511.353063 86.253099 112.122485
1032.261785 511.388871 86.483602 111.396575
1033.032332 511.257004 86.009159 111.492954
1033.855165 511.181514 85.999404 111.513388
1034.220425 510.878445 86.129250 111.926624
1035.121644 511.067852 85.893453 111.599415
1035.728415 511.030209 85.845078 111.389868
1036.335153 511.122959 85.740471 111.537424
1036.756722 511.782174 86.252503 110.309316
1037.205424 511.388189 85.759266 111.189868
1037.666681 511.837784 86.023470 111.235561
1037.828438 512.048003 86.303384 110.896521
1038.313072 512.421610 86.429243 111.183486
1038.370341 513.005547 86.874472 110.579353
1039.266746 513.522746 86.027189 110.724399
1039.344139 513.837782 86.686088 111.346004
1039.705284 514.292138 86.817570 111.541515
1040.004356 514.951247 86.845636 111.468675
1040.519346 515.515355 86.833390 111.707684
1040.630580 516.247615 87.106613 112.291648
1040.741466 517.088899 87.215491 112.475937
1041.022037 518.046636 87.219143 111.992767
1041.256022 518.525012 87.317643 112.908009
1041.666290 519.622659 87.283627 112.589254
1041.661884 520.525004 87.848300 113.416644
1042.152655 521.759682 87.463304 113.320651
1042.336529 522.909956 87.388084 113.283646
1042.572265 523.834875 87.661418 113.927235
1042.497890 524.818701 88.013133 114.530815
1042.272332 526.071655 88.562564 114.624170
1042.769924 527.130353 88.398754 115.152441
1043.162450 528.491854 88.214728 115.089817
1043.245582 530.098500 88.693786 115.059801
1043.507264 531.687622 88.996616 114.768393
1043.444686 533.399047 89.391364 114.412826
1043.780575 534.987524 88.997804 114.584121
1044.114812 536.399057 89.069398 114.817100
1044.507304 538.098517 88.938693 115.175558
1044.507304 540.211222 89.054650 114.418292
1045.162475 541.584959 88.500827 114.410515
1044.813579 543.407496 89.068734 114.742767
1045.411599 545.324101 88.081121 114.603123
1045.739361 547.147043 88.447036 114.836475
1045.793330 548.810661 88.569795 115.455888
1045.679726 551.136768 88.683398 115.131588
1046.019382 552.912734 89.164074 115.940306
1045.739061 555.164624 90.081314 116.042500
1046.657903 556.989683 88.992137 115.926316
1046.860374 558.748690 90.034111 116.869554
1046.970189 561.110581 89.705489 117.755208
1047.214412 563.385139 89.920851 117.287665
1047.303392 565.613407 89.931634 117.832245
1047.385997 567.672564 90.141092 118.360965
1047.260189 570.266000 90.190467 117.817587
1047.664191 572.595954 89.884010 118.737031
1047.767867 575.036305 90.192904 119.125540
1048.361337 577.476869 89.624071 119.757281
1048.019931 580.323031 90.196276 119.547897
1048.357876 582.686561 89.965248 120.136507
1048.852513 585.127451 90.145857 121.263026
1049.083433 587.827924 89.811833 120.860224
1049.246499 590.800133 90.185057 121.798208
1049.428351 593.426067 90.302897 122.137993
1049.083372 595.875249 90.995835 123.184305
1049.103318 599.037252 91.170319 123.629947
1049.794908 602.084227 90.735668 123.796051
1049.844337 604.605442 91.153378 125.028268
1050.288443 608.012986 91.031546 124.380026
1050.435401 611.128429 91.599552 125.445649
1050.964193 614.219591 91.116635 126.380980
1051.317481 617.657558 91.360077 125.730617
1051.722946 620.495861 91.407233 126.656380
1052.109709 623.463433 91.368546 127.574641
1052.104857 626.780401 92.037270 127.341757
1052.548743 630.432144 92.040677 125.796487
1052.609250 633.382426 92.997465 127.397758
1053.090351 637.169827 92.710792 127.230749
1053.694264 640.306155 92.323047 126.955049
1054.201962 643.351098 92.198510 127.092010
1054.801742 646.632746 92.122657 125.610687
1055.164123 650.346644 92.415828 125.855524
1054.648465 654.187167 93.300566 125.631458
1055.449667 657.711264 92.474738 125.567410
1055.228247 665.102370 93.021563 121.143580
1054.958339 668.892733 93.846896 120.714542
1055.528968 675.706775 93.784554 116.191718
1056.970364 683.544989 93.067306 110.403238
1058.016984 691.195798 91.580091 105.158688
1058.417346 697.053781 91.125801 100.566998
1060.130281 702.485662 88.909335 96.918951
1059.536431 708.371095 90.297651 92.713472
1060.084391 713.944288 90.331778 88.146563
1060.216383 719.011133 91.823368 84.381231
1060.824281 725.920502 91.784111 78.661562
1062.233767 731.042682 90.343320 74.622304
1061.594467 735.314796 91.954236 71.546124
1062.817261 741.857464 91.312474 64.961479
1063.718513 748.610908 90.878800 58.758222
1064.946030 752.285331 89.498591 55.096895
1066.074599 756.295114 88.125747 50.744346
1066.540633 760.189294 87.513566 46.838100
1063.938262 765.763737 87.033541 41.672461
1062.688171 769.107467 87.509765 36.924603
1055.882597 769.129595 92.580355 34.902752
1054.564831 774.594648 90.838924 29.906462
1049.653828 731.146594 93.196580 72.570697
1047.588916 666.473968 64.523706 95.667186
1038.371434 665.503679 77.214652 87.336572
1034.727617 665.455972 84.951081 92.429168
1032.046025 663.681098 85.048001 93.875319
1028.980847 662.165708 87.397864 103.870585
1023.883157 660.237876 87.746132 107.876146
1020.118469 658.369979 88.285354 113.643250
1015.678996 656.444350 91.584505 119.693715
1010.643344 653.548244 94.215977 122.385247
1006.973142 651.543419 94.490231 129.066769
1002.685226 649.054733 94.992111 135.195206
998.106626 646.761927 94.276993 140.374106
992.544508 644.131820 95.998503 145.854127
987.674871 641.858677 97.096010 143.414904
982.620546 640.587437 95.772719 145.908604
977.490281 638.102819 95.540519 150.187337
971.210576 635.246699 97.823214 148.049859
965.723543 633.446818 98.208249 142.583656
961.551607 631.885994 98.205348 139.572784
956.831537 629.992784 98.875469 144.313913
952.636384 626.685958 97.298575 146.565210
947.647878 624.599113 100.555986 143.561215
943.816396 623.428043 103.327302 139.693720
939.935443 621.613069 104.880398 135.617959
937.762546 620.308099 104.972880 138.255102
936.636381 617.515221 103.179439 140.410575
934.303379 614.378515 103.333170 142.255588
932.828477 612.627036 103.436815 143.718420
931.141154 610.632146 103.484777 144.246062
929.533408 607.864931 104.477302 145.308822
928.377378 606.243984 104.367236 145.417156
927.248365 603.362167 104.493007 145.959645
927.911453 601.328268 103.740777 146.192782
927.460131 598.400178 104.530910 146.353575
927.716532 596.335995 104.884728 146.609214
927.905473 594.233546 105.021194 147.064071
927.837411 591.934289 105.231221 147.224386
928.037226 588.687872 105.494436 148.470798
928.558341 587.295342 105.264564 148.573019
928.624557 584.919462 105.722126 148.949237
928.487520 582.893738 106.464184 148.760010
928.681928 580.723266 106.186695 149.501328
928.810006 578.618568 106.604405 150.757206
928.815374 576.260420 106.790216 151.610298
928.741261 575.015024 107.264639 152.239815
928.922779 574.137391 107.662492 151.598820
929.125393 571.945105 107.697669 153.028728
928.976646 570.841766 108.302009 152.920084
928.818224 568.652091 108.467736 154.162846
929.177735 568.144629 108.157167 153.305685
928.752350 566.484324 109.010898 153.974608
929.096955 565.177444 109.021270 154.735396
928.916375 562.360063 109.589929 156.302834
929.288486 562.568282 109.183626 154.611461
929.217241 560.992664 109.926834 155.639995
929.426378 560.041891 109.770636 156.322408
929.338233 558.744495 110.219780 156.585731
929.271134 557.637123 110.371899 157.321829
928.779651 556.987638 111.840993 156.882223
929.038122 555.692829 112.088747 157.467602
928.901206 554.284861 112.372539 158.597397
928.693424 552.799539 112.232668 159.202500
928.938206 551.689556 112.521535 159.851526
928.881744 551.051605 112.853883 160.090866
929.341960 550.074277 112.557017 160.947953
929.174799 549.094281 113.078526 160.951342
928.825859 547.907810 113.634971 161.897452
929.190615 546.961941 113.918680 161.997534
929.231656 545.850181 114.292589 162.265806
928.934726 544.552547 114.508300 163.642187
929.152663 543.266707 114.774760 165.026832
929.216638 542.773010 115.084646 164.663122
929.407335 542.674018 115.256537 165.766447
929.583183 542.054614 114.995307 165.878804
929.519710 541.929280 115.350116 166.971545
929.393086 542.212724 115.919791 167.635944
929.764220 542.497945 115.680299 168.134538
929.880181 542.813536 115.957505 168.246493
930.262875 542.353857 115.975897 170.100823
930.088638 542.803299 116.674898 170.156915
930.835550 543.155514 116.195319 170.619746
930.616000 543.386032 116.896276 170.888035
930.736258 543.511535 116.979889 171.063875
930.798115 544.091201 117.374789 170.401262
931.337414 543.743935 116.850670 171.496815
931.706189 544.790121 116.873471 171.183907
931.865378 544.746454 117.073037 172.729930
931.832989 545.385176 118.014077 172.286669
932.120748 544.205922 119.198403 172.695033
932.598828 544.732340 118.337378 173.525403
933.057931 545.615635 117.583572 173.726905
932.590844 544.486540 118.735215 173.208980
932.861468 542.955645 117.268997 174.724203
932.758033 541.353292 117.588490 173.407085
933.105296 539.355030 117.694160 173.611423
932.885560 537.399269 117.651706 173.964375
933.323920 534.850224 117.278794 174.679242
933.358443 532.257730 117.583532 175.083910
933.231274 530.073250 117.978247 175.060583
933.524513 526.926409 117.948188 175.519792
933.851468 524.665429 118.685804 175.614619
934.059206 521.617831 118.426805 175.867859
934.356453 518.741854 118.063958 176.830457
934.418618 515.714452 118.792242 176.833118
934.851926 513.523788 118.302655 176.062204
934.978011 509.556022 118.834302 177.848544
935.326000 506.499222 118.759046 176.978245
935.629508 503.467535 118.855011 177.202223
935.629508 500.779572 119.585289 176.890174
935.805387 497.624841 119.544990 176.436085
935.954767 495.152512 119.262872 176.685051
936.029276 492.994574 119.787299 176.403930
936.031001 490.499056 119.917582 176.647633
936.503452 489.386967 119.847962 175.824794
936.857348 488.053161 119.158892 177.240815
937.029292 488.368547 119.321101 177.003391
936.954784 488.248474 119.462059 177.209385
937.204697 488.358579 119.680061 176.805537
937.428963 488.847066 119.123957 176.010443
937.532844 488.232770 119.213218 176.848129
937.629556 488.966231 119.186215 176.062553
937.932113 488.353663 118.754191 176.897804
938.006753 488.657014 118.811399 176.466097
938.006753 488.904581 118.943407 176.253250
938.445412 487.990421 118.324792 177.261047
938.525627 488.904581 118.888112 176.253250
938.532866 488.955477 118.816658 175.784888
939.051746 488.955477 118.429764 175.445197
939.251587 488.533676 118.357994 175.994018
939.430437 488.124459 118.318515 176.222120
939.725177 488.364952 118.287500 175.302955
939.734461 488.134334 118.020436 175.139219
939.851478 488.141413 118.420896 175.331317
939.660101 487.413016 118.619789 175.860537
939.830157 487.364941 118.717448 175.641870
939.909820 486.701857 118.641862 176.220134
940.125396 486.594924 118.290142 175.720944
939.882843 486.364949 118.792864 175.981626
940.345540 485.594923 118.135991 176.230480
940.430449 485.484923 118.055552 176.117000
940.504315 485.003936 118.244649 176.087750
940.430449 484.641309 118.516238 175.857488
940.871836 484.244779 118.206894 175.507780
941.178099 483.654158 118.036017 175.365726
941.112163 483.304422 118.108163 174.478451
941.378136 482.064091 118.028643 175.770371
941.324958 481.654166 118.218605 175.112543
941.186657 480.701201 118.230001 174.578837
941.524495 479.954663 118.014093 174.769241
941.536820 479.194283 117.744383 174.529613
941.536820 478.364998 117.875171 174.795003
941.610702 477.352463 117.866723 174.364970
941.536820 476.844125 117.613795 174.315867
941.796868 475.353304 117.538559 175.158561
941.684444 474.412916 117.596759 174.471751
941.610702 473.724610 117.279294 173.931714
941.724167 472.125714 117.024666 175.494446
941.536820 471.774490 117.483406 173.859408
941.590768 471.262755 116.969980 173.433462
941.497209 469.837457 117.187589 174.127371
941.368431 469.500081 117.321903 173.196133
941.455180 467.475927 117.205583 174.823349
941.358492 467.613110 117.387487 173.479647
941.715037 465.596606 116.433901 174.870211
941.396489 465.674748 117.009892 173.708257
941.043995 464.728631 117.565862 173.838842
941.032115 463.726163 117.374266 173.635625
941.259806 462.065414 116.599322 174.379920
941.178242 461.793642 116.901970 173.840912
940.736762 460.415501 117.339506 174.049190
940.854575 459.246157 117.040134 174.533771
940.984816 458.666317 116.983006 174.701184
940.885492 458.374672 117.259851 173.300271
940.940017 457.436392 117.134179 173.695531
940.719195 456.436391 117.290016 173.528425
940.455159 454.777282 117.352946 174.941196
940.240122 455.320423 118.106440 172.251221
940.497244 453.788465 117.382073 173.029403
940.571353 452.728619 117.178269 173.006211
940.338637 450.765536 116.993284 174.718432
940.579782 449.775409 117.135211 174.820435
940.724071 449.969465 117.348839 173.123302
940.990855 448.128033 116.922578 174.857685
941.179811 447.125707 116.861284 174.570506
941.178242 446.666299 117.293508 173.528596
941.650137 445.793648 116.498801 174.092939
941.339177 445.197338 117.400956 173.267359
941.559289 444.077548 117.441990 172.888922
941.925833 442.967644 116.695839 174.353666
942.232491 441.596606 116.871826 174.368218
943.044688 442.090305 116.623518 172.773420
943.287636 440.971112 117.039722 172.801555
944.195508 440.093332 116.472817 173.243527
944.650804 438.960480 116.676626 173.376436
944.978367 438.205918 116.885393 173.111229
945.884195 437.379690 116.581124 172.957222
946.815769 435.659670 116.159508 174.426496
947.746957 435.436393 116.283168 173.946607
948.366710 434.428880 116.534531 174.222130
949.361365 433.668775 116.373005 174.065819
950.217198 433.086867 116.583281 173.898861
951.409351 432.436390 116.540735 173.695531
952.600989 431.368808 116.199498 173.781712
953.687732 431.329799 116.065653 173.174464
954.296673 430.860219 116.618845 172.762813
955.721863 430.149914 116.587824 172.374229
957.076752 428.800788 116.440582 173.238342
958.580433 427.911406 116.218298 173.860080
959.878022 428.211661 116.176978 171.793652
961.163894 427.692685 116.204980 171.965715
962.865841 426.154431 115.749367 173.235845
964.521718 425.741359 115.920483 172.632646
965.635999 425.038214 116.532735 172.834334
967.556839 424.030743 116.093546 173.573776
969.556904 423.618282 115.563417 173.217668
971.404908 423.274928 115.717731 172.847564
972.738845 422.924955 115.876420 172.631845
973.988273 422.806882 116.641257 171.836626
976.056148 421.924957 116.462497 173.132669
977.923970 421.861277 116.802660 172.659823
979.605804 421.030743 117.120813 173.406979
981.956909 421.034355 116.812398 172.533121
983.796870 420.624873 117.235982 172.979652
986.110178 420.329799 116.824545 172.090169
987.721885 420.796370 116.719558 171.743817
990.467623 419.510981 116.656012 172.962498
992.264893 420.501566 117.243645 171.251109
994.670369 420.097832 117.027202 171.691470
997.017873 420.097832 117.346400 171.525198
999.460464 420.097832 117.436643 171.359122
1002.216425 419.392994 116.907272 172.396308
1004.421090 419.916429 117.281734 172.022275
1007.142832 419.916429 117.093303 171.855044
1010.342132 419.274914 116.859433 172.847564
1012.615317 420.151889 117.425724 171.850841
1015.212511 420.331982 117.757927 171.772829
1017.545454 420.683167 118.031165 171.504787
1020.697407 420.214585 118.283797 171.973368
1023.642576 420.151995 117.877108 171.998528
1026.264835 420.385191 118.446152 172.202830
1029.426865 420.034351 117.592348 173.370937
1031.560714 420.855850 118.295678 172.527155
1034.210229 421.439790 118.242474 172.362745
1036.455015 421.503883 118.392189 172.398103
1038.785708 422.089959 118.465817 172.209317
1041.210295 422.439791 118.578708 172.110877
1043.455006 422.620819 119.132249 172.364897
1045.944401 423.373366 118.316194 172.162504
1047.998554 423.269454 118.925270 172.883956
1050.255141 423.442096 118.345971 173.153755
1052.258597 424.495261 118.464070 172.943289
1054.116108 424.794739 118.539586 173.221762
1055.802680 425.727364 119.198655 172.626645
1058.700866 425.911912 118.611037 173.357676
1060.999521 426.615639 118.367075 173.303379
1061.942032 427.958768 119.318617 172.903089
1064.062262 428.732329 119.342327 172.680186
1066.158828 429.727369 119.303222 172.542228
1068.158821 430.145775 119.303222 172.786508
1069.869500 431.428797 119.794428 172.659464
1071.822823 431.264495 119.936629 173.148024
1073.314438 431.734500 120.028040 174.088338
1074.651655 433.311104 119.892237 172.950416
1076.052798 433.499498 119.979240 174.153644
1077.310538 434.614100 119.852260 174.500025
1078.316920 436.079472 119.986565 174.634636
1078.789021 437.263204 119.752310 174.679994
1079.972372 438.847118 119.639466 174.866985
1081.168141 440.730686 118.905306 174.640213
1081.452274 442.608593 120.029281 174.969449
1082.511162 444.666444 119.538451 174.613051
1083.053354 446.955729 119.791350 174.967025
1083.716380 448.730680 120.576784 175.241287
1083.984882 450.609325 120.210576 175.491459
1083.851744 452.609333 120.876755 175.664743
1083.446154 454.499366 121.199646 176.080226
1081.898070 457.717735 121.659782 174.645070
1079.869911 459.965102 122.347751 174.836931
1077.454507 461.676596 122.893413 175.081266
1074.614550 463.613477 122.541204 175.660872
1071.215986 466.086123 123.118997 175.058318
1067.586258 467.737911 123.748691 176.100848
1063.797470 470.040422 124.201127 175.360086
1060.406742 472.040420 124.284737 174.927908
1056.945387 473.216796 124.955426 174.931028
1053.371148 474.337862 124.266795 175.199603
1049.945442 475.455398 124.586684 174.910068
1045.647125 476.689950 125.910334 175.019706
1042.365131 477.402251 125.046699 175.862646
1038.903618 478.402252 125.276762 175.862646
1034.634134 479.993369 127.052508 174.968924
1031.684015 480.706449 126.063505 175.290240
1027.374485 481.875969 127.312129 175.258716
1023.714628 482.824105 127.569465 175.777761
1020.422892 483.537571 126.972105 176.185098
1016.455787 484.655410 127.415035 176.241002
1012.667828 485.182367 127.700795 176.320393
1009.201821 486.251028 127.766026 176.417633
1005.037739 487.014038 128.108192 176.480918
1001.808562 487.726198 127.758629 177.286904
997.908249 488.845698 128.409832 176.941543
994.179230 489.964493 128.685551 176.388128
990.398517 490.370399 128.919566 177.118843
986.860101 491.321223 129.057478 176.503007
983.179280 491.845682 129.367179 176.854513
979.175573 492.677953 130.187311 176.704516
975.783935 493.272914 130.335574 177.277845
972.267578 493.987156 130.820139 177.155703
968.655951 494.701968 130.954589 176.823758
965.341154 494.987145 131.452480 177.680098
962.044443 495.536653 131.873955 177.277668
959.044377 496.297940 131.166836 176.210361
955.731927 496.510824 131.776473 177.685770
952.284671 497.178324 132.156200 176.937894
948.839137 497.774636 132.286261 177.390082
945.747052 498.013782 132.374909 177.269659
942.524291 498.655446 132.836486 176.234859
939.004930 498.774625 133.390743 177.565577
936.506632 499.327183 133.063412 177.011669
933.226571 499.610258 133.615537 177.054514
930.746716 499.968716 133.220508 177.339629
928.265294 500.250268 133.352280 176.923573
925.598099 500.371868 134.019466 177.467934
922.986487 500.566015 134.563826 177.590599
920.613803 500.924307 134.815429 177.262176
918.076082 501.163833 135.828095 177.285039
916.001977 501.120722 136.113445 177.525012
914.078663 501.479763 136.163665 177.720228
912.527579 501.958710 136.650448 177.268717
910.928603 501.718723 136.398030 177.683992
909.241763 501.958710 136.859906 177.181137
907.317045 501.838802 137.382021 177.126057
905.630085 501.958710 137.162544 177.093600
904.241792 501.478007 137.801817 176.876151
902.780764 501.557560 138.130499 176.523467
901.252570 501.437869 138.398398 176.905156
900.395242 501.276798 138.211012 176.996383
899.545588 500.677188 139.207326 177.744518
898.712994 500.476163 138.804794 177.540425
898.540113 500.395668 139.311387 177.517202
898.839319 499.996031 139.373448 177.732050
899.005553 499.476150 139.186333 177.979949
899.454420 499.355639 139.642034 177.397897
900.678173 498.754878 140.152714 177.272208
902.069755 498.235008 140.004437 177.256017
903.590776 497.596442 140.317107 177.244684
905.367821 496.835972 140.820684 177.293631
907.057575 496.316439 140.276787 177.013930
909.346513 495.716582 139.762307 176.599695
911.249037 494.996026 141.227717 176.769135
913.724263 494.557233 141.215880 176.685733
915.908864 494.316829 141.364694 176.201215
918.442178 493.436592 141.978325 176.430550
921.428479 493.036684 141.703457 176.468599
924.057590 492.195766 141.978368 176.089633
927.057552 491.195771 141.882558 176.524032
930.339484 490.677365 142.280556 176.565602
932.991671 489.917625 142.661330 176.264926
937.102342 489.037945 141.453917 176.406020
940.477988 487.835961 143.286430 176.682068
944.127388 486.998730 142.335992 176.918958
947.659486 485.794106 143.364967 177.112268
951.285943 484.962646 144.394578 176.766500
954.787310 484.203424 143.721040 177.074658
958.011275 483.237868 144.485935 177.141378
961.926437 481.958212 144.992938 177.518042
965.873077 480.922430 143.086410 177.124952
968.478116 479.877679 144.683415 177.477451
971.648526 478.683325 144.587083 177.253598
974.429151 477.804604 143.817994 177.219898
977.487892 476.719472 145.009334 177.383367
980.590594 475.440215 144.965138 176.624067
983.955637 474.322568 146.471522 176.804052
987.453473 473.131908 145.226058 176.988310
990.665906 471.804592 146.492341 176.520902
993.756407 470.770043 146.919754 175.841428
996.910143 469.407904 146.441669 176.290612
1000.137466 468.011198 147.735049 176.147169
1003.235686 467.095518 146.653126 174.826966
1005.597359 465.684405 148.515706 175.198227
1008.469123 464.215285 147.818395 175.315458
1011.156268 463.091000 148.216305 175.591140
1013.469119 461.855392 149.131914 175.067096
1015.551586 460.338147 149.880630 175.738902
1018.417186 459.267109 148.958974 174.924331
1019.997514 457.097272 150.603459 175.631583
1022.169717 455.634487 150.712258 175.646824
1024.795162 454.631041 150.188415 174.583664
1026.772229 452.941268 150.659963 174.552540
1028.782031 451.183916 151.813741 174.681718
1031.557476 450.345902 151.248987 173.522054
1033.066265 448.300651 152.185286 174.452937
1034.769547 446.956862 153.171284 173.739137
1037.551280 445.313457 151.874145 173.902842
1038.590839 443.624840 153.315061 173.267135
1041.164196 441.710918 153.194183 173.961311
1042.759422 440.313460 153.802126 173.469152
1043.641505 438.082663 154.815921 173.810731
1045.757272 436.290323 155.615273 174.122160
1047.592554 434.982848 155.378451 173.536421
1049.902537 433.841236 155.668093 173.027257
1051.794082 433.310380 156.897875 172.384511
1054.207456 432.892760 156.729758 171.975735
1055.935817 432.175824 157.165336 172.323470
1057.935793 432.153635 157.485722 171.661271
1060.258915 430.911914 158.241571 172.412265
1061.899994 431.269512 158.797649 170.965212
1064.459756 430.377442 159.289614 171.426652
1066.108065 429.809838 160.265706 170.818044
1067.914660 430.657585 161.083589 168.443534
1070.343397 430.713960 160.768823 167.730579
1072.350890 429.761069 161.619766 167.769664
1074.194354 430.743835 162.361313 166.147844
1076.186167 430.483790 162.672718 165.828034
1078.690903 431.099172 162.059499 164.541332
1080.926088 431.932458 162.312120 163.753520
1083.382286 432.723542 163.007865 163.116646
1086.172990 432.549016 162.510101 163.312746
1088.793555 432.633287 162.596651 163.012959
1090.756470 434.756458 163.341322 161.239341
1092.220401 437.307131 165.720929 159.328636
1094.637494 438.659691 166.303833 159.362274
1097.096898 440.693243 165.677874 157.568595
1100.420716 442.246562 165.083944 156.911938
1102.217245 444.368596 165.505664 155.333799
1104.180686 447.647082 165.873758 152.152445
1106.566337 448.864551 165.438936 151.524257
1109.397482 451.268484 164.795927 149.375854
1112.966264 451.404458 162.201940 150.040966
1114.463895 453.116165 162.470722 148.329059
1115.939120 454.812054 162.542366 147.295102
1118.356499 453.337753 161.305422 149.139776
1119.891201 454.429002 160.634806 148.649262
1119.846975 449.136415 162.072736 154.514618
1119.702830 447.423432 162.964104 156.759764
1119.768456 446.175174 163.671376 158.205700
1117.006749 447.432925 166.914772 157.164769
1118.631433 447.409695 165.579378 156.945010
1117.400678 446.254559 167.481639 158.236531
1116.967200 446.793518 167.906368 157.526581
1115.329879 446.378000 168.875170 157.700692
1114.240941 446.090761 169.889911 157.435208
1112.629726 445.436042 170.533471 157.199480
1108.804566 445.096760 173.696244 157.152962
1107.499854 444.501702 174.667645 156.847430
1106.689195 443.882556 174.645787 157.084013
1105.064687 443.429221 175.617426 156.950521
1104.065665 442.727310 175.182842 156.558923
1101.532271 442.625982 177.833218 156.442812
1100.353369 442.000845 177.248108 156.042756
1099.528944 442.226046 177.026275 155.191121
1098.527455 442.320323 177.234549 154.652951
1096.987397 441.829842 176.694702 154.639067
1093.993682 441.528420 178.639214 154.124454
1093.261695 441.496591 177.662442 153.402877
1091.175696 441.063444 179.278794 153.575937
1089.627343 440.949102 178.315864 153.534807
1087.809300 440.727478 178.556221 153.042100
1084.624408 440.424072 181.533853 152.434088
1083.073763 439.755369 181.774388 152.678757
1081.435592 439.710201 181.328368 152.238765
1078.791048 438.962746 182.783791 152.661196
1076.974425 439.051001 183.136729 151.338451
1074.502352 437.977405 184.190297 151.702995
1073.428564 437.645174 182.833091 152.037891
1071.140799 437.421032 183.461108 152.339138
1069.974486 437.681111 183.379343 151.125347
1068.697158 438.402406 183.630365 150.645240
1066.966337 437.809353 184.091086 151.427806
1066.251563 438.309372 183.957201 151.649263
1065.343772 438.858340 183.987871 151.317325
1064.566251 439.997515 184.168715 150.176772
1063.521047 439.680238 184.517412 151.170147
1062.325782 439.777861 185.252260 151.101764
1060.486956 440.488020 186.363613 151.103204
1060.513743 441.538656 186.608394 150.693747
1059.112752 441.572847 187.508372 151.069298
1058.020141 442.639424 187.251215 150.818503
1058.154432 443.538661 184.985915 149.518995
1056.675639 444.278937 186.744619 149.571442
1056.511980 444.918638 186.585509 149.597371
1056.890532 446.005633 185.568861 150.280731
1056.613563 446.259909 186.602127 151.312679
1057.532563 447.137229 185.841243 150.309446
1057.521077 448.369111 186.189641 151.217632
1058.077099 449.858785 185.910611 151.773546
1058.255415 450.491968 186.750961 152.636686
1057.878646 451.936704 188.044883 153.053246
1058.354493 453.024396 187.105051 153.911792
1057.794999 454.310348 188.556535 154.626187
1057.514827 454.516462 189.773377 154.960736
1057.034316 456.811756 189.379678 154.222177
1054.758175 457.069252 193.175799 154.617036
1054.437164 457.394467 189.900855 155.097489
1052.411273 457.514726 190.122217 153.408728
1050.399521 457.644465 190.470782 150.995795
1048.869582 457.251269 191.098489 151.891112
1046.438454 456.845478 193.985722 150.331953
1045.635632 456.404855 191.003577 147.549981
1043.746572 456.039530 190.148567 146.209740
1041.394132 455.555270 189.440290 144.720442
1038.641648 455.384938 191.269179 143.862078
1036.826716 454.776430 191.110403 144.044600
1034.635852 454.560893 188.083443 141.295135
1031.916382 454.539918 189.097181 141.634641
1029.824875 453.948650 189.614161 140.791245
1028.470218 453.709982 188.323642 140.071438
1026.490637 453.520096 188.742695 139.723908
1025.125520 453.291221 185.665528 138.462366
1022.658054 452.464945 186.188347 139.017688
1020.460136 452.008017 186.306785 138.511021
1018.456759 451.009032 187.412854 138.553898
1016.256001 450.109680 187.647158 137.885868
1014.907038 448.945901 187.245279 137.021977
1012.917976 448.296884 186.938590 136.796641
1010.658012 446.997056 187.301728 137.066410
1009.196521 446.221508 187.280441 135.938223
1007.397712 445.134007 187.419112 136.325990
1006.582582 444.428793 186.876932 136.060601
1005.321682 444.034619 187.228141 135.510126
1004.413875 443.341521 187.387330 135.684385
1003.598150 443.383986 187.077313 135.325236
1003.515706 443.383986 185.908688 134.982435
1003.085268 443.507730 186.161767 134.782244
1002.912644 443.507730 185.690109 134.696877
1002.466773 444.285764 185.868969 133.913876
1002.474622 444.012001 185.721286 134.496113
1001.462967 444.407326 186.495557 134.620283
1001.540892 444.492545 185.580310 134.061015
1001.202649 444.909384 185.111632 133.821992
1000.585241 445.074893 185.816044 133.880853
1000.666351 445.670501 185.505527 133.409840
1000.121048 445.763107 186.176757 133.542561
1000.565137 446.201308 184.874467 132.766449
1000.331047 446.398838 184.530807 132.742041
999.976796 446.905560 184.740139 132.404969
999.433891 447.652953 185.283044 132.222257
999.421458 448.194003 185.317832 132.031627
998.706780 449.265972 186.010155 131.285721
998.433900 449.481603 186.544950 131.490235
998.140756 450.452841 186.370651 130.702869
998.343214 451.083988 186.508550 130.947288
997.797886 451.625086 186.927051 131.010354
998.511826 452.309732 186.497026 130.762245
998.796060 452.911431 186.437437 130.223572
998.445421 453.798278 187.140431 129.982559
999.261325 454.765662 186.579551 129.203640
999.377551 455.707751 186.533127 129.198707
999.377551 456.071731 186.659612 129.501596
999.817349 456.824997 186.630961 129.435326
1000.102561 457.754205 186.952988 128.762162
1000.569025 458.637282 186.710030 128.687641
1001.020158 459.707760 186.899609 127.716914
1001.412357 461.124148 187.208052 127.136136
1002.231553 461.227345 187.388910 128.123336
1002.831106 462.307912 187.352614 127.433983
1003.592981 462.908045 187.412990 127.637183
1004.306449 463.978203 187.997227 127.081172
1005.025680 464.938801 188.474802 127.208900
1006.733990 465.518669 187.611827 127.466307
1007.659277 467.297383 188.425887 126.852218
1008.478585 467.798963 188.476393 126.862131
1009.839807 469.159283 188.375876 126.664579
1011.125912 469.588816 188.177686 127.233938
1012.116404 471.159282 188.448883 127.235356
1013.116372 472.560487 188.968768 126.438713
1014.025730 473.699454 189.516937 126.552220
1015.286704 474.059328 189.124143 127.203438
1016.365010 475.733850 188.892460 126.436738
1017.116413 476.758070 189.557384 126.109311
1018.559184 477.947575 188.851670 125.909803
1018.947491 479.143949 189.746885 125.652713
1020.207010 481.282017 189.927257 124.613021
1021.141683 481.818779 189.835637 125.801188
1021.922610 483.835600 189.879376 124.633180
1022.141652 485.276057 190.620598 124.707726
1023.389377 486.685791 189.761040 124.924931
1024.232789 487.297392 189.549396 125.711700
1025.038465 488.699459 189.395194 125.627646
1025.491673 490.610675 189.035628 125.142105
1025.700662 491.186832 190.211962 125.407287
1025.824871 493.314278 190.002568 124.260130
1026.323905 494.653558 191.097809 124.189425
1026.942855 495.984898 190.751555 124.696817
1027.200162 497.535441 191.277023 124.933334
1027.457107 498.712000 190.823841 125.500296
1027.449857 500.643305 191.331461 124.957150
1026.718880 502.089396 191.691998 124.555701
1024.857112 503.793091 192.104166 124.523517
1022.170391 505.421264 191.781264 123.718597
1018.536264 506.081392 191.973979 123.631085
1013.586353 506.484037 192.799025 123.063017
1009.021794 506.484037 193.009161 122.648817
1004.204696 506.460098 192.931328 122.974319
998.488363 506.938813 193.301654 122.331936
993.342752 507.089386 193.420716 122.319387
987.776979 506.929004 193.631106 121.921934
981.669109 506.460098 194.218339 123.252380
977.233968 507.751034 193.357782 121.964650
971.428340 507.535436 193.197172 122.276182
965.765550 507.760734 193.503846 122.604253
960.211534 508.164470 193.841244 122.659666
955.115303 508.568211 193.565493 122.230411
949.776982 509.059372 194.004234 122.166961
944.680837 509.612359 194.600456 121.796417
939.488407 509.793090 194.417594 121.729791
934.488353 510.014160 194.918456 121.432416
929.873115 510.754358 195.671751 120.975240
925.307751 510.718245 194.997305 121.255496
920.680870 510.867784 195.482927 120.969181
915.536546 511.754347 196.401692 120.562196
911.838766 512.233171 195.365940 120.473270
906.861868 512.503530 196.417137 120.620889
903.510729 513.013229 196.228790 120.077432
900.075157 513.129157 196.273023 120.522779
897.370544 513.239411 196.800164 121.145886
895.720744 513.453804 196.359424 120.621425
894.320447 514.159953 196.839552 120.067218
893.793210 514.233156 197.166138 120.748290
894.079436 514.123175 197.342131 120.767433
894.800498 514.961516 197.344613 120.394360
896.296368 515.271166 196.871917 119.937395
897.602501 515.313361 197.896781 120.523625
899.922577 515.376801 197.590762 120.841429
902.201166 516.250893 197.450541 120.865599
903.736605 516.303181 198.256325 121.121613
906.177881 517.222407 197.373073 120.867056
907.923183 517.816093 197.107068 120.196079
909.296336 518.814110 197.487362 120.098507
910.079463 519.292952 198.361889 120.353690
911.240104 519.670154 198.310487 119.999513
912.427987 520.106462 198.191050 120.456259
913.990170 520.597032 198.523152 119.595336
917.130023 520.987642 197.417441 120.324438
919.040386 521.117917 197.986320 120.299267
921.574205 521.699716 198.811090 120.543225
925.199108 522.002997 198.648937 119.987659
928.386654 522.513243 198.870550 120.162695
931.270969 523.002997 199.085214 120.124298
934.550027 523.657900 198.806177 119.674788
937.202537 523.961510 199.323093 119.913488
939.991431 524.149393 199.997641 119.841263
942.967763 524.326769 199.288333 120.401526
945.058881 524.628705 199.537436 120.504689
946.560423 525.035017 199.789912 120.555553
947.812157 525.220873 200.265993 120.209483
947.949627 524.999275 200.229103 120.226293
948.614910 525.254002 199.495373 120.612141
948.140013 524.923126 199.696877 120.709274
947.854369 525.441314 200.050837 120.950843
947.923329 525.626850 199.952221 120.534082
948.044842 525.814915 199.997039 120.500861
948.993830 525.593663 199.390589 120.928151
950.095251 526.181126 199.290393 120.754026
950.425126 526.335454 199.685149 120.591789
951.654636 526.951325 199.557106 120.579017
952.371755 527.108141 199.425401 120.551215
952.899121 527.114178 199.416616 120.470497
953.364843 527.774591 199.706021 120.152653
954.371747 527.519671 199.012629 121.002134
954.804486 528.181118 199.032378 120.616043
954.796036 528.188045 200.000078 120.533483
956.377918 528.660644 198.938740 120.662525
956.175495 529.424949 199.895435 120.052973
957.277391 529.040158 199.244454 121.024418
957.044781 529.587644 198.976793 120.391084
957.742888 529.486622 200.018294 120.640671
958.717624 530.240038 199.254850 120.706124
958.804468 529.817380 199.442752 121.316015
959.717632 530.147141 198.706903 120.900367
959.034355 530.188046 200.146551 120.945349
959.684452 530.032491 199.122851 121.197005
960.277356 530.733514 199.382001 121.073846
960.425126 529.569261 198.935332 122.615951
960.788252 530.547030 199.428906 121.939861
960.934613 530.661679 199.528093 121.920457
961.314585 530.736163 199.490249 122.750725
962.039970 531.141676 199.078217 121.896800
961.769521 531.330676 199.586745 122.072339
962.029679 531.362516 199.092055 121.804910
962.054586 531.700546 199.780638 122.329684
962.279736 532.290474 199.360711 121.747996
962.209167 532.256324 199.598117 122.216154
962.374975 532.661694 199.333556 122.128468
962.684433 532.884750 199.259341 121.905412
962.304329 533.032494 199.639444 121.954676
962.553735 532.985689 199.364168 122.112809
962.362938 533.479027 199.622856 121.300892
962.494523 533.404900 199.585959 121.444030
962.589489 533.330686 199.422595 121.864171
962.267452 533.774158 199.718342 121.005762
961.911257 533.776548 199.765072 121.753792
962.124683 533.736174 198.861049 121.984604
961.769521 533.850909 199.178219 122.234235
961.553673 533.882615 198.822439 122.381595
961.684439 533.957617 198.782435 122.863093
961.184524 534.212180 198.710287 122.439257
961.124709 534.587094 198.657375 122.481109
960.649009 534.049193 198.727128 123.492845
960.565269 534.692215 198.667734 122.971744
960.029730 534.145274 198.278979 123.575496
960.513196 534.992366 198.059315 122.532264
959.102353 534.721997 198.966227 123.016029
959.470188 535.290478 198.762864 122.443276
958.923348 535.061304 198.664378 122.937339
958.553661 534.834043 198.889980 123.164600
958.279759 534.842554 199.020990 123.380910
957.242835 534.945951 199.237963 122.895691
957.279764 534.767450 199.020990 122.548540
956.744312 534.299256 198.699380 122.868177
956.267430 535.032790 198.570233 121.480149
955.759032 534.621766 198.387498 122.313387
954.636923 534.999267 199.490753 121.461960
954.197895 534.278047 199.681934 122.363927
953.515869 534.660212 199.378939 121.794826
953.209136 534.287408 199.393754 122.225530
952.362886 534.061308 199.283662 122.175116
951.732454 534.212180 199.124885 122.093317
951.304311 534.032487 198.755736 122.301083
950.445749 533.957617 199.074679 121.822296
949.541398 533.732262 199.046297 122.393315
948.827942 533.732262 199.571003 121.772004
948.171885 533.661690 199.204251 121.643811
947.541411 533.177010 199.315953 121.664345
946.827954 533.404900 199.299772 121.651454
946.388645 533.032494 199.287686 121.609493
945.923298 533.107233 199.204391 121.190883
945.293274 532.850923 199.315370 120.990447
944.568192 532.925174 198.779518 120.710491
943.977153 532.443514 198.600240 120.324177
943.262275 532.229391 199.194647 120.577149
942.759023 531.891770 198.790374 120.761332
942.320399 531.443514 199.046500 120.731777
941.949610 530.966029 198.465231 120.961215
942.226987 530.593448 198.502830 121.608722
941.643716 530.147780 199.017162 121.787373
940.350080 529.957620 199.035932 121.684363
940.399476 529.776559 198.120977 121.270949
940.459472 529.142123 197.503113 121.374213
939.452067 528.888869 198.260120 121.238424
938.985861 528.817379 198.651611 121.384790
939.088391 528.443514 198.068611 121.758656
938.520044 528.066471 198.231423 121.040741
938.553993 527.817379 198.422716 121.247197
937.890947 527.443514 198.882050 121.689881
937.769503 527.101510 198.433824 121.808504
937.804494 526.621757 198.149548 122.106522
937.235080 526.776557 198.583813 121.202177
937.742928 526.443513 197.488988 121.758656
936.890968 526.217666 198.273523 121.846910
936.993795 525.847962 198.163172 122.018173
936.804477 525.697292 198.284785 121.755766
936.520009 525.012914 198.163979 122.165791
936.244319 525.296923 198.432012 121.087474
935.890946 525.188045 198.949911 121.220840
936.088382 524.697296 198.340000 121.549946
935.520035 524.443513 198.704750 121.758656
935.812148 524.477809 198.271566 121.432202
935.330129 523.914752 198.556304 121.875290
935.339107 523.999267 198.337216 121.600246
934.985860 523.165902 198.922967 122.287164
934.744304 523.404897 198.160542 121.789956
934.614884 523.222425 198.881447 121.781793
934.494523 522.721988 198.700939 122.050734
934.968871 523.220857 197.753534 121.171284
934.357172 522.662616 198.422444 121.944567
934.244303 522.402799 198.635489 122.058419
933.959587 522.025842 198.513686 122.228274
933.864573 521.882624 198.541151 122.381595
933.779295 521.957626 198.213122 122.098731
933.235097 521.621757 198.718963 122.520732
933.124722 521.278063 198.861049 122.295048
933.124722 521.287411 198.861049 122.225530
932.636973 521.107220 198.280186 122.365239
932.433791 520.645690 198.174827 122.401820
931.864557 521.147135 198.204017 121.729559
931.520009 520.847962 198.366397 122.156243
931.149505 521.147135 198.526829 121.383210
931.175469 520.847962 198.597548 121.536431
930.769535 520.318373 198.839119 122.272188
930.589470 520.920984 197.595265 121.273866
929.823781 520.258747 198.435869 121.822071
929.804485 520.371299 197.946955 121.150515
929.736299 520.113995 197.975889 121.699582
929.080707 520.222417 198.353746 121.368149
928.985859 519.998134 197.909538 121.523679
928.641577 520.408951 197.599827 120.586936
928.391883 519.552359 197.732915 121.864825
927.890945 519.817378 197.669087 121.453652
927.830912 519.443512 197.544720 121.689881
927.270186 519.782436 197.490882 121.376172
927.208843 519.709424 196.831514 121.371400
926.297299 519.484652 197.424093 121.321889
926.491726 519.634780 196.682598 120.903737
925.703034 519.601280 196.843822 120.675277
925.042126 519.712080 196.704711 120.865581
924.891336 519.300262 196.588612 121.044293
924.231250 519.712080 197.315615 120.934574
924.330287 519.676309 196.938082 120.809408
923.797220 519.750220 197.085104 120.461646
923.231259 519.865992 197.583888 120.566275
923.518524 519.676309 197.153489 120.467234
922.663222 519.565594 197.150031 120.736614
922.612618 519.379388 197.261886 120.695834
922.330318 519.528097 197.139669 120.615446
921.953074 519.379388 197.449674 120.695834
922.047477 519.304848 197.153814 120.429716
921.420133 519.418632 197.260809 120.266832
920.509715 518.825723 197.115738 120.655054
920.141781 518.824016 197.328194 121.005146
919.764126 518.484636 197.370131 120.639721
919.703045 518.897689 196.977915 120.314192
919.076181 518.346688 197.017097 120.743971
918.514502 518.344955 197.099378 120.682652
918.518537 518.197236 196.884187 120.830371
918.424459 518.565582 196.709786 120.393507
917.793201 518.047159 197.233122 120.635246
917.325699 518.123181 196.421125 120.699003
917.079443 518.271160 196.668549 120.141477
916.449670 517.942370 196.788368 120.758046
916.079452 517.825710 196.668549 120.586926
916.173382 518.013235 195.639858 120.213948
915.200253 517.760646 196.985277 120.140460
914.981890 517.644195 196.443778 119.902521
914.482153 517.900392 196.301703 119.663689
914.012029 517.239442 196.305492 120.187020
913.732224 516.793100 196.106214 119.956882
913.200249 516.760644 196.183742 120.412804
912.732191 516.460863 196.039810 120.376113
912.389433 516.091154 195.848617 120.336702
911.669808 516.129163 195.980539 120.044304
911.388250 515.982142 195.597595 119.987046
910.480496 515.650564 196.116661 120.200382
910.389455 515.014171 195.715204 120.547663
909.106172 515.055715 196.344281 120.527730
908.546602 514.342219 196.345829 120.746080
908.170350 514.495716 196.122375 120.663231
907.355380 514.197180 196.350228 120.349537
907.014217 513.867795 196.223844 120.288278
906.261045 513.908434 196.245706 120.743505
905.452626 513.865995 196.640629 119.952273
905.108067 513.900393 196.464366 119.663689
904.669793 512.938826 196.180858 120.082749
904.012007 512.908431 196.305492 120.128771
903.072170 512.463579 196.236134 120.030571
902.575979 512.534426 196.274667 119.621648
902.012003 512.059382 196.505036 120.179148
901.543922 511.793090 196.494162 120.362983
901.358637 511.272004 196.200156 120.818664
900.826238 511.047169 195.945766 120.635246
899.261035 510.643303 197.110687 120.648543
898.574933 510.824012 196.891574 120.319543
898.076190 510.421248 196.282990 120.669407
897.546621 510.718250 196.279017 120.440684
896.638064 510.197168 196.399988 119.876155
896.200254 510.129150 195.653261 120.249057
895.482154 509.388986 196.034913 120.308404
894.638086 509.165332 196.466565 120.603332
893.981898 508.866011 196.576883 120.429499
893.358611 508.197183 196.533825 120.689122
892.891325 508.344959 196.188019 120.408885
892.546594 507.793091 196.012159 121.043886
891.604236 507.644184 196.026757 120.651311
890.638086 506.971944 196.333412 121.118712
890.079473 506.825703 195.866757 120.655054
889.294264 506.718246 196.222790 120.302249
889.295705 506.460864 195.542704 120.307811
887.917819 505.535437 196.399689 120.838858
887.734434 505.346700 195.558299 120.403608
886.856568 504.760746 195.939698 120.885602
886.452620 504.495706 195.574840 119.780170
885.950434 504.355971 195.183834 119.814755
885.262785 503.506303 195.357637 119.664714
884.887469 503.391697 195.122075 119.184448
884.169239 502.846705 195.451215 119.540304
883.793900 502.282142 194.621425 119.150781
883.105651 501.994566 194.926625 119.123036
882.451259 501.400151 195.118276 119.650203
881.793873 501.176705 195.083194 119.669835
880.888127 501.098580 195.137317 119.342291
880.075615 500.693667 195.279955 119.423100
879.169224 500.176694 195.650455 119.333185
878.700278 499.580793 195.176792 119.590234
878.169213 499.693677 195.252490 119.152862
877.449765 499.176704 194.773544 119.266000
876.825550 499.068305 194.480696 118.847753
876.045037 499.175557 194.810474 118.079733
875.142056 498.842672 195.455963 118.086643
874.761535 498.248194 194.154235 118.342427
873.422058 497.854625 194.712756 117.548325
872.332385 497.868930 195.081842 118.205509
871.109978 497.332539 195.745504 118.061995
870.357520 496.590111 195.741097 118.464516
869.732090 496.580935 195.632224 117.400407
868.955158 496.131460 195.245665 118.403223
868.201683 495.810593 195.242340 117.181393
866.863993 495.509438 195.682078 117.491722
866.391055 494.987331 195.002516 117.874963
865.016163 494.478921 195.311592 118.049010
864.481897 493.663746 194.895912 118.390882
863.016170 493.624784 195.114496 117.836436
862.422063 493.219661 194.977146 117.848222
861.671705 492.770157 194.721905 117.757760
860.706100 492.074018 194.971920 117.727267
860.048627 491.332539 194.822493 117.663028
859.048631 490.634076 194.036222 118.367080
858.636474 490.146893 193.514771 117.787553
857.921657 489.494714 193.248323 118.324923
857.107178 489.264164 193.258933 118.216959
855.642922 488.308364 193.592415 118.107595
854.828781 488.409347 193.996769 117.937926
853.985824 487.604712 193.380961 118.542207
853.078988 487.229859 193.352906 117.911722
851.928134 486.421442 193.653520 118.665814
850.608422 486.437185 194.394425 118.300472
849.980444 485.412432 193.562217 119.123761
848.794525 484.816282 193.290292 119.180070
847.794529 484.781219 193.094788 118.822119
846.543679 484.303363 193.804709 118.638351
845.608401 484.437193 193.346065 117.898013
844.392814 483.530807 193.975366 118.283142
843.328779 483.364799 192.912100 118.104351
841.555375 482.786592 193.311358 118.434768
840.549879 482.156204 194.078463 117.786434
839.921662 481.814494 193.313679 118.194263
838.456791 481.409348 193.127268 117.537646
837.300011 480.796980 193.805249 117.169541
835.928143 480.721523 194.374241 117.903317
835.357976 479.707714 193.727645 118.093559
833.425922 479.156214 194.463052 118.584836
832.578227 479.059453 193.508587 118.475226
831.636478 478.376749 193.514771 117.897695
830.921643 478.264167 192.922396 118.283927
829.642928 477.899047 193.006084 117.516914
828.585816 477.381770 193.211971 118.177392
827.363662 477.336822 193.155616 118.077378
826.578269 476.972318 193.199394 117.775131
825.578286 476.786585 193.592676 117.566599
824.392805 476.045482 194.569865 118.101441
823.515257 475.707710 194.224382 117.628983
823.014458 475.626189 194.074644 117.121260
822.300004 475.220681 194.596431 117.866560
821.794556 474.927868 193.682575 116.814996
821.327423 474.599042 193.781148 117.093989
820.948558 474.292600 193.815587 116.728831
820.327398 474.030225 194.111824 116.861919
820.142325 473.454322 193.439557 117.371407
819.485593 473.148642 194.146373 117.470757
819.199873 473.056538 194.021298 117.491557
818.921646 472.698208 193.641049 117.448716
818.578274 472.364409 193.526960 117.924057
817.828812 472.118498 194.062549 117.165184
817.578290 471.931786 194.450677 117.687609
817.450869 471.814491 193.963386 117.194423
817.870243 472.286659 193.958057 116.733640
817.696831 471.381785 193.875016 117.976753
817.385075 471.481751 194.100828 117.665173
817.292516 471.626190 194.060936 117.387392
817.292516 471.481751 193.928655 116.603871
817.512224 472.019281 193.728397 116.740955
817.512224 471.381785 193.993293 117.046357
817.789050 471.364404 193.716467 117.055252
817.881227 471.292586 193.956406 117.326804
818.225668 471.076476 193.604582 117.876835
818.502283 471.004192 193.659473 117.949119
818.570085 471.175850 193.321275 117.632007
818.410106 471.292586 194.217724 117.127070
818.754820 470.931781 194.063143 117.754300
819.099489 471.462706 193.710769 117.412056
819.410089 470.931781 193.751650 117.754300
819.754799 471.056538 193.664900 117.760023
819.754799 470.786578 194.196272 117.500162
820.675205 471.056538 193.676485 117.491557
821.399694 470.713806 193.418268 117.639370
821.410099 470.494709 193.951088 117.526707
822.307729 470.554024 193.776683 117.127053
823.053922 470.792594 193.573885 116.693578
823.536805 470.766866 193.910272 116.996864
823.973346 470.721518 194.465302 117.098110
824.847144 470.409351 194.037361 117.271726
825.502252 470.579026 194.058814 117.240601
826.583409 470.507611 193.634514 117.111774
827.341220 470.579026 194.164427 116.973753
827.962128 470.507611 194.134212 116.315380
828.996054 471.089033 193.985723 116.269497
830.270913 470.766866 193.509976 116.797012
830.352720 470.481342 194.696122 116.949541
831.950225 470.764073 193.736663 116.650129
832.444789 470.908899 194.068945 116.389200
832.973322 470.908899 194.331415 116.721582
833.870277 470.934344 194.159020 116.751732
835.053936 471.172960 193.774382 116.785690
835.799791 471.668764 193.638843 116.223387
836.192421 471.337850 194.265265 116.101838
837.982841 471.668764 193.388836 116.156972
838.742432 471.643926 193.247313 116.591707
839.192407 472.332106 193.864055 115.899685
839.904353 472.643936 194.077434 115.466000
840.664487 472.643936 194.403012 115.729538
841.720675 472.766864 193.859844 115.607108
842.925324 473.273939 194.205051 115.562729
843.628771 472.766864 193.884973 115.936112
845.108006 473.273939 193.685439 115.496444
846.214338 473.727443 193.451389 115.448803
846.572676 474.041258 193.759587 115.211071
847.686547 474.111154 194.462252 115.603167
849.362416 474.681464 193.284805 115.484058
849.664515 474.689988 194.068081 114.971774
850.756282 475.142817 194.311238 114.769090
851.756275 475.250581 194.311238 114.804411
852.296855 475.588023 195.309085 114.666392
853.628761 475.681463 194.420080 115.616631
854.904359 476.065013 194.547880 115.705356
856.179345 475.837941 193.936562 116.393845
856.904357 476.542069 194.547880 116.155011
857.512233 477.158668 194.792510 115.600698
858.260622 477.611838 195.124250 115.752668
859.778371 478.228154 194.183892 115.664003
860.536832 478.332121 194.579092 116.698797
861.594344 479.005077 194.100274 116.281675
861.973346 479.121055 194.733668 116.976761
862.939374 479.973993 194.814686 116.574100
863.477579 480.411831 195.276460 116.668378
864.653329 480.960068 195.028092 116.447475
865.292505 481.482512 195.663371 116.931687
865.794536 482.276482 195.603165 117.339326
866.536848 482.986029 195.263312 116.541884
867.468947 483.199023 195.212465 117.416165
867.887511 484.345615 196.587408 116.324876
869.159557 484.578733 195.838146 116.823405
869.701536 484.986044 196.367978 117.077435
870.788920 485.251946 195.668491 117.003352
871.906631 485.859254 195.230316 117.350225
872.444244 486.154297 195.288750 116.381224
872.828777 485.985111 195.522900 116.895339
873.166141 486.083133 195.835963 116.784726
873.701518 486.083133 195.696191 116.918027
873.887527 486.296262 195.912641 116.638183
874.166137 485.653618 195.566849 117.681584
874.231351 485.824700 196.293508 117.430590
874.854645 485.824700 196.057949 117.430590
874.858457 485.967590 196.330010 116.554182
875.231326 485.703126 196.226089 116.958440
875.510381 485.418272 195.745248 117.109652
876.073315 485.703126 195.391313 117.025304
875.794536 485.292286 196.072935 117.309609
875.858474 485.203330 195.994965 117.391415
875.858474 485.346738 195.861279 116.981190
876.696151 485.131456 195.291144 116.930467
876.636500 484.868923 195.104562 117.734419
876.881711 485.011867 195.038635 117.122769
876.729207 485.103805 194.811606 116.905101
877.199858 485.127831 194.751198 117.085803
877.199858 484.985111 194.219826 116.895339
877.040978 485.005063 194.453431 117.015233
877.107173 484.409348 194.511378 117.271726
876.921631 484.676592 194.896295 117.533477
876.980455 484.653622 194.551228 116.948277
877.014444 484.913581 194.604106 116.634830
876.763537 484.650338 194.531138 116.835837
876.392838 484.436071 195.636454 116.850667
877.351579 484.437747 194.246435 117.501855
877.107173 484.409348 195.043939 116.742263
877.385060 484.127832 194.499411 117.554409
877.450842 484.247764 194.823593 117.493287
877.171998 484.175864 194.969561 117.765860
877.258894 484.489659 194.272789 117.372631
877.107173 484.045480 194.843884 117.569220
876.608394 484.391182 194.989620 117.283049
876.450873 483.814494 195.089939 117.793001
875.951777 483.725514 195.168802 116.942848
875.892676 483.462709 195.514878 117.680146
875.671699 483.632111 195.051577 117.767738
875.324415 483.797274 195.395321 116.473228
874.706125 483.818575 195.701419 116.788909
874.515250 483.364799 195.882455 117.170730
874.235448 483.632111 195.296243 116.629301
873.892655 483.247753 195.581486 117.226388
873.608407 483.059460 195.122453 116.936117
873.171997 482.336821 194.770630 117.344253
872.985818 482.747642 194.890583 116.993409
872.735879 482.462720 194.816299 117.211510
872.078982 482.319536 195.129003 116.755733
871.642918 482.056536 195.308161 116.690912
870.985839 481.841924 195.822031 116.640283
870.892665 481.676581 195.514878 117.332165
870.235466 481.437185 195.894930 116.965754
870.231322 481.275091 195.221594 116.986307
869.892654 481.031670 194.917618 117.109898
869.636466 480.376750 194.107654 117.037488
869.021174 480.436073 194.809067 117.718200
868.515233 480.437189 195.215607 116.701109
868.172028 480.175863 194.638264 116.899405
867.921655 479.913582 194.763293 117.233340
867.450861 480.199023 194.690717 116.747971
866.735881 479.698207 194.949047 117.115743
866.636476 479.462708 194.306160 117.278331
866.107197 479.045481 194.445004 117.172165
865.735902 479.270066 194.551398 117.211060
865.636465 478.741838 194.306160 117.134573
864.735881 478.913582 194.683806 116.701119
864.856059 478.698207 194.505123 116.651593
864.299990 478.579043 194.464151 116.574920
864.234910 478.792611 193.741680 115.964342
863.993728 478.784786 194.067232 115.456787
863.651271 478.573344 193.951659 115.273723
863.002943 478.378020 194.533978 116.063348
863.049727 478.172949 194.654901 115.334299
863.086315 477.624382 194.172942 116.408754
862.957043 477.809340 194.482181 116.282399
862.399837 477.934356 194.642676 115.822592
861.585815 477.481356 195.185329 116.089865
861.670950 477.199024 194.358013 116.548425
862.040971 476.958684 193.590982 117.066471
861.142360 476.815194 194.761883 117.209961
860.642899 476.770141 195.108530 117.243441
860.357992 476.509435 195.449886 116.430887
860.636496 476.623537 193.843688 117.394861
860.385085 476.220686 194.366366 117.598949
860.014470 476.319535 194.471444 117.756254
859.636485 475.741848 194.704447 117.200799
859.729192 475.841926 194.412384 117.773264
859.357982 475.303371 194.650931 117.904602
859.166116 475.074006 194.166863 118.194269
859.258887 475.391169 193.414993 117.751684
858.763536 475.650338 193.868423 117.169292
858.114189 475.292584 194.056780 117.660725
858.385086 475.175851 193.440485 117.098591
857.771525 475.315219 194.139131 117.445013
857.570054 474.678474 194.447636 117.143774
857.014449 474.698208 194.537733 117.849887
856.887516 474.725510 194.644169 117.676624
856.636495 474.797270 194.173794 117.404167
856.939376 474.554023 193.612828 117.259928
856.207119 474.507630 194.029515 117.780845
856.099509 474.336823 194.241422 117.477128
856.107199 474.175862 193.981915 117.565187
855.363655 473.913583 194.199052 117.768660
855.014450 473.814492 194.604106 117.793001
854.515251 473.292295 194.950196 118.042916
854.324425 473.774040 194.663484 117.423845
854.265008 473.747629 194.347009 117.664121
853.549897 473.741848 194.737406 117.333419
854.007035 474.101071 193.605013 117.445424
853.392835 473.713821 194.107180 117.639370
853.014450 473.264168 194.272831 117.882756
852.914487 473.103802 193.433924 118.039050
852.477603 473.191386 194.207349 117.092296
852.014472 472.786587 193.876880 118.166733
850.985834 472.814481 194.824443 117.593050
850.515268 472.509431 194.487579 118.228223
850.629369 472.364783 193.703607 117.369980
850.410087 472.220688 193.486327 118.134977
850.292529 472.626190 194.060936 117.654245
849.921659 472.698208 193.903913 117.448716
849.485565 472.626190 194.410849 117.454020
849.477583 472.409351 193.809700 117.537646
849.385067 472.436078 193.572129 117.250008
849.040973 471.859248 193.855458 118.496417
849.099518 472.031679 193.512519 117.910043
848.670952 472.076481 193.106730 118.077798
848.962122 471.713811 192.471937 118.105826
848.327438 471.599050 192.535430 118.161190
848.249348 471.671218 192.793178 117.954925
847.419843 471.599050 193.096485 117.692735
847.410094 471.381785 193.089909 118.177392
847.040963 471.698209 193.064275 117.248788
846.604594 471.454334 193.174448 117.504321
846.327429 471.526755 193.057779 117.298986
845.614114 471.049391 194.102817 117.847840
845.914496 470.959385 192.257298 117.714831
845.168417 471.121696 193.946086 116.977606
844.856050 471.101660 193.709873 117.457513
845.040954 470.931781 193.657037 117.354959
844.578269 470.859243 193.855797 117.162174
844.512239 470.886976 193.927006 117.672197
844.107202 470.409351 194.047950 117.737573
844.099506 470.698209 194.042066 117.182244
843.856066 470.721518 193.974179 117.499823
843.754793 470.841927 194.329614 116.640283
844.040971 470.863522 193.590982 117.492133
844.133338 470.859243 193.037624 116.436708
843.824599 470.883771 193.633280 117.156947
843.789082 470.886976 193.849170 116.938761
843.696863 470.886976 193.941389 117.071674
843.392831 470.743254 193.319430 117.682160
843.594344 470.786578 193.434592 116.575047
843.260616 470.837946 193.456339 117.326840
843.225637 470.526751 194.268738 116.835310
843.225637 470.650336 193.670765 116.835837
843.628771 470.624368 193.220546 117.339679
843.512256 470.599045 193.596329 117.293106
843.234922 470.792594 193.807629 117.630261
843.502252 470.985114 192.997733 116.961882
843.168419 470.932480 193.087001 116.970547
843.168419 470.481342 193.152802 117.482705
842.881233 470.599045 193.491715 117.093989
842.512230 470.381781 193.728397 117.377583
843.145684 470.364399 192.817002 116.855942
842.548148 470.218546 193.843436 118.427089
843.091190 470.292287 192.779927 116.912088
842.824589 470.075751 193.038613 118.164837
842.502269 470.004187 193.659473 117.216154
842.881233 470.030228 193.293318 117.328301
843.157403 469.958674 193.017147 117.667460
842.789056 470.172956 193.319503 117.520184
842.789056 470.076471 193.716467 117.077475
843.065374 470.030228 193.307574 117.395181
842.881233 470.456994 193.425555 116.968415
842.973325 470.265927 193.135234 117.297952
842.696837 470.049392 193.543790 117.581089
842.939379 470.220679 193.414088 117.398706
842.696837 470.076471 193.676111 117.143870
842.696837 470.244151 193.543790 117.181258
842.881233 470.101655 193.161292 117.190121
842.696837 470.244151 193.875016 117.315018
843.133312 470.004187 193.366673 117.748622
842.763503 470.364399 193.670553 117.588907
842.570079 470.076471 194.048501 117.077475
842.856040 470.004187 193.709873 117.815440
842.385090 470.482515 193.836097 117.065581
842.962136 470.148628 193.332522 117.138107
842.881233 470.668760 193.359394 117.024380
843.157403 470.337851 193.083224 117.492651
843.249347 470.163417 193.123601 116.934763
842.983898 470.265927 193.205806 117.898859
843.040945 470.721518 192.933097 117.031292
842.916637 470.409671 193.012427 117.487562
843.708178 470.163417 192.466372 116.868941
843.480795 470.289743 192.398646 117.480440
843.192403 470.193875 192.736662 116.773066
843.375952 469.932492 192.487250 117.303153
842.732498 469.860683 193.659086 117.042356
843.249347 470.527703 193.256176 116.165327
843.664510 469.932492 193.335493 117.036959
843.696863 469.743249 193.609950 117.481816
843.292510 469.792611 194.193386 117.294645
843.570058 469.841927 193.915839 116.507875
844.065400 470.050448 192.911201 116.846785
844.467694 470.075751 192.395517 116.694634
844.480788 470.096309 192.858355 116.744198
844.742448 470.147222 192.649146 116.490677
844.939656 469.954734 192.267890 116.819132
844.756277 469.883778 192.517025 116.690418
845.122845 470.166928 192.546136 116.208060
845.320354 470.121707 192.494459 116.262383
845.595061 469.834644 192.417461 116.681378
845.388840 469.598690 192.950297 117.175175
845.168417 469.908900 192.955569 117.389938
845.157412 469.958674 192.621621 116.867058
844.824608 470.004195 193.038613 117.164785
844.904327 470.172956 192.680498 116.785690
845.467703 470.075751 192.395517 117.293223
845.192422 470.147222 192.868557 117.021758
845.192422 470.360814 192.736662 117.342410
845.168417 470.193875 193.350458 117.237008
844.512239 470.315218 193.927006 117.512104
844.292531 470.364399 193.730595 117.188380
844.870265 470.436069 193.557530 116.784272
844.512239 470.695680 193.927006 117.603157
844.107202 470.626191 194.644253 117.454020
844.376670 470.747639 194.164124 117.798867
844.570079 471.031668 194.181376 117.309254
845.031534 471.341004 192.991592 118.217850
844.754814 471.409351 193.532492 118.071777
844.292531 471.698209 194.127182 118.522495
844.814275 472.203333 193.518726 118.534030
844.821863 472.889377 193.460788 118.469643
844.662467 473.247751 193.757246 117.828026
844.292531 473.913583 194.259675 117.567543
844.477605 473.841926 194.074601 118.109165
844.998943 474.391179 193.532755 117.818887
844.570079 474.913583 193.982128 118.239600
844.721846 475.391169 193.809853 118.290243
844.914485 476.103813 193.763563 118.039050
844.543700 476.462718 194.002365 118.896303
844.814275 477.346745 193.518726 118.458254
844.477605 477.698207 193.545520 118.590014
844.653325 478.747641 192.958700 118.001283
844.594370 479.436069 193.700297 117.852387
844.107202 480.127833 194.312511 118.025349
844.444237 480.391181 193.822646 118.222743
844.653325 480.913582 193.621123 118.848720
844.166139 481.581599 194.431891 118.966341
844.690139 481.842667 193.952725 120.257164
845.122413 483.087486 193.630830 119.453377
844.417421 483.987326 194.504256 119.020948
844.967589 484.896206 193.476455 119.048268
844.721846 485.868918 194.742793 119.018772
844.850158 486.681290 193.851394 119.331378
844.788926 487.632097 194.198975 119.262115
844.690139 488.753051 194.351859 119.123248
844.597520 489.537417 194.778350 119.543502
844.478344 490.565654 194.355311 119.162031
844.226575 491.393060 194.815423 119.756160
844.752320 492.493672 194.333674 119.849001
844.478344 493.923763 194.553934 119.900011
844.381305 494.709259 194.571391 120.390526
844.540759 496.259146 194.933612 119.680249
844.447590 497.131884 194.694445 120.142269
844.261123 498.401995 195.279853 120.434250
844.324754 499.378271 195.125685 120.295547
843.980950 500.665926 195.626674 120.837912
844.323428 501.712243 195.115151 120.973228
844.790895 503.144375 194.792745 120.957708
844.604610 504.450384 195.379840 120.361247
844.605992 505.808984 195.057527 121.252251
844.511382 506.900384 195.205718 121.174776
844.418111 508.551243 195.432535 120.731829
844.324754 509.784566 195.659697 120.831675
844.108088 511.190880 195.929984 120.745908
843.734423 512.407460 196.425856 121.153604
844.389562 513.482463 195.627335 121.593422
844.483256 515.387178 195.342359 120.841662
844.137910 516.712254 195.846541 121.320310
844.389841 518.029927 195.971865 121.338495
844.548635 519.003483 196.132327 121.614125
843.985443 520.482461 196.695519 121.872732
844.146095 522.466628 196.709554 121.346623
843.608792 523.555004 197.340790 121.940144
844.120064 524.701724 196.506922 122.307179
843.675138 526.440707 197.517017 122.040484
843.837304 527.335454 196.789682 122.183667
844.430766 528.368063 196.079325 123.099329
843.931608 529.856100 197.232867 122.275279
843.175454 530.782435 197.989021 122.070016
843.654625 531.222412 197.502358 122.127906
843.364868 532.114178 197.463306 121.917643
843.679989 532.412348 197.234717 121.815403
843.491719 532.929612 197.422987 121.714141
843.679989 533.337944 197.641071 121.475631
843.931608 533.634778 197.367805 121.939526
843.742912 533.966030 197.826812 121.996364
843.931608 534.519684 197.909255 121.553674
844.120064 534.742860 197.924642 121.597078
843.796039 535.040159 198.368458 122.200208
844.283753 535.327691 197.663994 121.857540
843.796039 535.817381 197.429898 122.214442
844.214216 536.296919 197.355508 121.707286
844.397453 537.002995 197.179936 121.919078
844.679967 537.929612 197.369966 121.090833
844.580755 538.229380 197.342125 122.026101
844.837326 538.518558 197.327171 121.202972
844.580755 539.081450 197.342125 121.619386
845.149642 539.486620 197.171396 121.258112
844.957898 539.750232 197.099541 121.838918
845.334086 540.412347 197.534787 121.815403
845.208857 540.518559 197.570774 121.752475
845.774037 541.555580 197.140669 121.893811
845.585875 541.484639 197.464079 122.009048
845.837304 541.593450 197.125287 122.646918
846.120065 541.847958 196.842526 122.363763
846.496281 542.486620 196.803133 122.087682
846.208835 543.081450 197.099664 121.896315
846.020000 543.486620 197.624795 121.741130
845.830883 544.040160 197.746506 121.714300
846.308282 543.511131 197.396904 122.509312
846.560422 544.296928 197.123591 121.707286
846.585853 544.337942 197.464079 122.305809
846.554021 544.518560 197.543138 122.652251
846.748802 544.621766 196.935210 122.244374
846.868019 544.206627 197.385220 123.159587
847.659970 544.327676 196.206970 122.896715
847.491718 544.511131 196.615582 122.785807
847.402325 544.282943 197.302882 123.013995
847.277345 544.394410 197.339328 123.094681
847.654608 544.318377 196.894753 123.309742
847.842901 544.546104 197.517529 122.734857
848.283741 544.772697 196.784850 122.439032
848.684041 544.662612 197.838130 122.150960
849.182928 544.242192 197.299154 123.108130
850.128966 544.177011 198.394766 122.838619
850.788253 543.758038 197.926097 123.449547
852.012926 543.529244 197.860571 123.538966
852.630540 542.990800 198.108557 123.107702
854.289346 543.512359 197.996579 122.625520
854.717663 543.327690 198.912039 122.410334
856.007345 543.362516 199.381858 121.735968
858.289365 542.429969 197.928049 123.181664
859.664543 542.429969 198.586053 123.670203
861.361276 542.465761 197.962320 123.407627
863.294132 542.656876 197.579347 123.303482
864.383200 542.505736 198.452734 123.245230
865.825167 542.162012 198.460841 123.501945
867.642946 542.541391 198.576289 122.705152
869.477063 542.201902 198.496860 123.062318
871.294147 542.362520 198.337059 122.219617
873.783116 541.950070 197.533524 122.511156
875.218804 541.772688 198.509503 122.439032
877.035260 541.656860 198.696008 121.985114
878.941550 541.477793 198.720482 121.432202
880.687336 541.073007 199.219386 122.138718
883.106724 540.882615 199.148996 122.035450
885.195390 540.429959 199.055174 122.349954
887.387758 539.681905 199.007322 122.485533
890.041501 539.201899 198.842872 122.371208
892.012914 538.834051 199.103684 121.920567
893.913236 538.732274 199.823406 121.703256
896.948289 538.362534 199.006206 121.254815
899.503085 537.697305 199.062835 121.344563
902.247657 537.327685 198.868521 121.788680
905.619957 537.101502 198.506438 121.534159
908.154421 536.394401 198.961774 121.647450
910.969489 536.101494 199.227211 121.739863
913.783087 535.429968 199.202911 121.252305
916.876314 535.147780 199.039540 120.757405
919.245939 534.742860 199.770683 120.705181
922.898771 533.998139 199.059909 120.975366
926.084262 533.368363 199.440137 120.806929
928.500077 532.621774 200.247283 121.351735
932.134624 532.512377 199.877515 120.490007
935.340854 531.998126 199.336202 121.523679
938.038802 531.278066 200.170929 122.020056
941.391503 530.842555 199.715217 121.643390
943.919059 530.287401 200.386722 122.018089
947.017683 530.172378 200.089003 121.015093
950.598485 529.656870 199.328920 121.435524
952.753883 529.402812 200.442813 121.232851
955.830464 529.216111 199.994311 121.200993
958.289310 529.032497 200.005838 120.922976
960.945355 528.627437 200.193779 120.598120
963.101425 528.181829 199.774557 120.705230
964.277338 528.073288 200.768981 120.357069
965.589470 526.957617 199.559392 121.615484
966.158193 526.656867 200.161658 120.957218
966.779264 526.553001 199.027995 121.020106
966.899191 526.445539 199.416616 120.938854
966.483994 525.847962 199.260134 121.057218
966.425144 525.477796 199.753596 120.679642
966.483994 524.850924 199.667831 120.716276
966.197904 524.961775 199.953922 120.354006
965.759032 524.593667 199.465771 120.722113
964.815611 524.222421 199.253016 120.751083
964.034290 523.966028 199.670872 120.413758
963.185768 524.035021 199.633117 119.597388
961.735642 523.560766 200.043948 119.817490
960.076947 523.555577 199.885641 119.687791
957.387721 523.408951 200.185259 119.020435
956.076947 523.368063 200.831862 118.536563
954.499716 522.847348 200.732160 119.123967
953.225811 523.137138 201.270537 118.562821
951.743573 522.555577 201.752759 119.008965
950.373744 522.719582 201.641954 118.690264
949.514351 522.399366 201.527495 118.352075
947.920461 522.852985 201.378971 117.914704
946.113792 522.802080 201.659229 117.162717
944.870437 523.318546 201.450627 116.456367
943.850675 523.571202 201.454040 116.825476
943.861922 523.202303 201.168352 117.584950
944.063056 523.160323 200.967672 117.206091
943.957560 523.202303 201.552831 117.114927
944.063056 523.177782 201.312163 116.865382
943.861922 523.557625 201.854995 116.692712
944.158323 523.769350 201.493390 116.749033
944.053155 523.839686 201.388525 116.678697
944.434991 524.049960 201.006688 116.334292
943.606518 524.371324 201.931093 116.298195
944.148684 524.202309 200.950085 116.314818
944.656134 524.162425 200.744011 116.776111
945.225695 524.501227 201.002404 116.492232
945.378432 524.988592 202.136100 116.340793
945.681302 525.328669 201.693905 117.134228
945.681302 525.160323 202.874520 116.737675
946.076945 525.486802 202.684258 117.280887
946.938829 525.755799 202.517783 117.130630
946.596108 526.276604 202.957485 117.287939
947.949627 526.615086 202.727447 117.271338
948.076945 526.755794 203.519350 117.536819
948.966728 527.584659 203.328458 116.623610
948.980922 528.175014 203.895371 116.981966
950.445749 528.445158 203.059698 117.304233
950.129411 528.755786 204.336857 117.468983
950.828081 529.403958 204.056274 117.394313
951.293618 529.573777 204.282007 117.428923
951.055079 529.770528 204.759256 117.756306
952.571965 530.012557 203.982998 118.380095
951.930703 531.022900 205.272157 117.435672
952.221523 531.502487 204.840870 118.027236
953.283571 531.942078 203.638531 118.177062
953.844360 532.813590 203.418924 118.328625
953.635193 533.250174 203.690186 118.140318
954.020772 533.841384 203.723562 118.297291
954.362957 533.965524 203.690583 119.176701
953.930677 534.800761 204.641528 118.181961
954.415150 535.641432 204.226959 118.025479
954.221497 536.036866 204.700579 118.149618
954.415150 537.190348 204.577050 116.907935
954.731705 537.612926 204.714908 116.913905
954.714374 538.890696 204.931504 116.247570
955.100753 538.784601 204.545125 117.965940
955.318366 539.779827 204.323752 117.407635
955.055065 541.027622 204.969588 116.770632
954.958177 541.053267 204.646294 117.541331
955.748187 542.300265 203.935921 115.873167
954.920440 543.042010 204.955832 116.117634
954.308017 543.754110 205.607796 115.910718
953.938817 544.233388 205.707062 116.564878
953.617776 544.673469 204.118153 117.106456
952.744365 545.341457 204.783622 116.932469
951.008059 545.682321 204.249961 117.251938
949.159546 546.682318 205.229653 116.573857
947.693316 547.300258 204.317481 117.022228
945.866358 547.854605 205.107573 117.964147
944.272394 548.351292 205.327101 117.814928
942.610799 548.772995 205.714707 117.461170
940.781434 548.942082 204.786872 117.226218
938.738085 549.543392 205.135673 117.527140
937.076194 550.082888 205.592437 117.491730
936.003124 550.209744 203.810357 118.296983
933.836074 551.092406 204.831046 117.912681
932.664092 551.158755 204.452730 118.280182
931.054894 551.729894 204.821538 118.116560
929.957257 551.871459 205.405726 118.384357
928.831935 551.539903 205.567692 119.149867
928.782060 552.222505 204.932545 119.129086
927.367554 552.742314 205.899203 119.566624
927.367830 553.610382 205.241911 119.477758
926.099133 553.935185 205.545622 119.828880
925.635588 554.559430 205.317332 119.935662
924.928650 555.039826 206.005275 120.048311
924.709427 555.663712 205.417456 119.809741
923.928637 556.053626 205.723979 119.478960
923.439811 556.988152 206.002353 119.645178
923.563133 557.468493 204.837388 119.481305
922.856073 558.098775 205.270893 118.729105
922.807170 558.689685 205.291947 118.888688
922.634615 559.381769 204.982560 119.134015
922.440326 559.956558 204.966427 118.597563
921.979792 560.118764 205.601107 118.843469
921.758450 560.578918 205.788496 118.704144
922.365123 560.742321 204.980778 119.497719
921.758450 561.365429 205.578294 119.192174
921.782086 561.559430 205.352934 120.281781
921.758213 561.751638 205.481999 119.991061
921.660718 562.468489 205.509250 119.136383
921.489750 562.742306 205.434832 119.566624
921.513331 563.578916 205.491034 118.909939
921.051061 564.169709 206.058885 119.070319
921.804855 564.198760 205.129063 119.402182
921.879392 564.382758 205.115307 119.651000
921.976675 564.790746 205.228550 119.766854
921.782086 565.222497 205.352934 119.886662
922.192728 565.415534 204.741190 119.941418
922.268082 565.500443 204.796733 119.919753
922.171020 566.507870 205.104542 119.878307
922.221265 567.222496 204.871212 119.817519
922.462096 567.863027 204.743129 119.214588
922.537482 568.118765 204.939368 119.528325
923.312761 568.670641 203.674604 119.157233
923.318377 568.725240 204.184076 119.735908
923.679845 569.405179 203.789508 119.586150
924.066170 569.132578 204.103200 120.472185
924.268081 569.573210 204.306802 120.397748
924.752641 569.500440 203.892138 120.401550
924.537489 570.165559 204.310440 120.350223
925.235719 570.573209 203.758979 119.641277
924.853753 570.902616 204.656952 119.813260
925.795367 571.238065 204.103085 119.864380
925.828694 571.598856 204.438075 120.124307
926.022497 571.281403 204.805575 120.689553
926.729982 571.461385 203.740249 120.834563
926.462094 572.079077 205.165728 120.307096
927.095868 572.388546 204.206315 120.561238
927.073844 572.573208 204.152599 120.328781
927.795374 573.294023 203.962318 120.022828
927.537477 573.026865 204.799263 120.208708
928.095881 573.702821 204.066442 119.792269
928.022460 573.830301 204.664940 120.506622
928.483045 573.761888 203.539625 121.009951
928.268079 574.134736 203.611296 120.767252
928.505964 574.208123 203.481396 120.901030
928.987989 574.427536 202.859928 120.889314
929.259028 574.467007 202.377066 120.455409
928.705158 575.086832 202.825276 120.477083
929.203827 574.840610 202.607957 120.557226
929.451584 574.472836 202.392139 121.339221
929.259028 574.805116 202.792766 120.979529
929.355328 574.879159 202.765969 121.596336
929.505989 575.281422 202.578835 121.661192
928.731681 574.763668 203.768647 122.653924
929.482730 575.281854 203.021468 121.676949
929.095849 575.169174 203.509162 121.940000
929.869248 575.394364 202.944355 121.724638
929.558977 575.617482 203.181822 121.699389
929.965641 575.543077 202.987261 121.981889
930.139184 575.319133 203.365911 122.275330
930.310200 576.022334 203.509252 121.412456
930.095862 575.574685 203.926790 122.058647
930.944549 576.388542 203.391979 121.883498
930.707758 575.949164 203.412349 122.239455
931.213658 576.130582 203.815948 122.304207
931.558084 576.059520 202.942421 122.457080
932.062015 576.355216 202.890912 121.663698
932.621068 576.468561 202.396969 121.089053
932.547783 576.324863 202.226644 120.866605
932.433769 576.176390 202.408041 120.877738
932.355315 576.100520 202.696466 121.513743
932.312770 576.062598 202.289664 121.453187
932.259014 575.953073 202.723351 121.314641
932.119298 575.913400 201.866524 121.602385
931.433750 575.432963 202.753307 122.320308
930.707758 575.348448 202.313110 122.423385
930.621069 574.867731 202.674959 122.241443
929.998938 574.649811 202.432593 122.608399
929.192729 574.649811 203.134838 122.122009
928.610543 574.272764 201.865595 122.360555
927.849347 574.169175 202.408331 122.494787
926.998944 574.018707 202.432593 122.506259
926.676248 573.724871 201.755277 122.185724
925.292600 573.538124 202.243744 121.908617
924.216072 573.468541 202.730682 121.779033
923.752619 573.393893 202.161464 121.508094
922.969712 572.755109 202.183672 122.098376
922.022483 572.688599 202.511277 121.620329
921.506005 572.211297 202.302951 121.927907
920.051079 571.913408 201.916117 121.948234
919.022494 571.688617 202.717550 122.034553
918.559006 570.867711 202.149527 122.657235
917.558985 571.541758 202.492373 121.646864
916.828684 570.613441 201.816335 121.695502
915.969714 570.358178 202.321269 121.978739
914.925589 570.244179 201.787489 121.313417
913.853759 569.577295 202.781448 122.027463
913.752625 568.792026 200.799631 122.178931
913.395730 568.350538 201.239482 122.392355
912.988020 568.057658 201.614432 121.726970
912.819261 567.501831 201.678566 122.379417
912.409414 566.547347 200.963919 122.968432
912.660380 566.838570 201.148540 121.126496
912.324265 566.844709 201.894959 121.166215
912.491598 566.250673 201.833905 121.354073
912.395710 565.426235 201.515043 121.833950
912.491598 564.679125 201.143594 122.174359
912.491598 564.350526 201.006210 121.429476
912.324265 563.541380 201.274036 121.532226
912.491598 563.021562 200.458344 121.714067
912.611519 562.616862 200.097031 121.525361
912.362899 561.909941 200.923086 121.982085
913.065624 560.276827 199.543541 123.052192
912.910877 560.247591 199.657430 122.108557
912.267413 559.758025 200.468915 122.202754
912.624912 558.565985 199.738472 123.554177
912.602111 558.143748 199.661264 123.193181
912.529503 557.509073 199.289764 123.510748
912.351859 557.565998 199.666404 122.307197
912.470151 556.082550 199.990670 123.610192
912.983743 556.057667 199.075485 123.323572
913.006067 555.794365 199.699061 122.977787
913.101213 555.028650 199.672413 122.775699
913.089143 553.951333 199.483325 123.335655
913.542355 553.718357 198.998866 123.192838
913.565275 552.856203 199.279619 123.529276
913.922693 551.718690 198.822625 124.471255
914.364407 551.663216 198.558967 123.843208
914.576051 550.640846 198.243226 124.549089
914.670845 550.121360 198.216270 124.245790
915.049430 549.562936 197.837686 124.278722
915.229447 548.926219 198.003601 124.181608
915.702091 547.926225 197.327843 124.528831
916.448887 547.625481 196.994781 124.668115
917.079118 547.316007 196.277158 124.208609
917.565975 546.875640 196.166733 123.585590
917.402293 546.148394 196.090834 123.952902
918.061125 545.550808 196.095868 124.216507
918.124885 544.953238 195.954593 123.784788
918.593722 544.240100 195.888326 124.179581
919.128951 543.473346 195.536739 124.015745
919.898844 542.604136 194.862222 124.497159
919.871552 541.682269 195.154472 124.697390
920.245918 540.927329 195.113490 124.631263
920.406401 540.162101 194.674490 124.535590
920.524344 538.974214 195.315445 124.641869
920.500112 538.395722 194.713269 124.371602
920.991412 537.915929 195.249994 123.631031
921.643466 537.124423 194.943948 123.345380
921.456407 536.165296 195.143274 124.008543
921.898146 535.513871 194.408929 123.506574
922.481389 534.399428 193.918612 124.189725
923.015483 533.566499 194.170916 124.134353
923.016355 532.800975 194.783403 125.012264
923.058877 531.295349 194.436384 125.890767
923.128940 530.134893 195.135636 126.159185
923.012912 529.416748 195.423007 125.581906
923.101412 528.096265 194.753071 126.847193
922.825159 527.176026 195.343881 126.101275
923.106711 525.853151 193.871163 126.984016
923.038808 525.255537 193.551973 126.758547
922.596493 524.695805 194.734794 126.861248
922.642938 523.736849 193.722007 126.908330
922.409652 522.776085 193.137235 126.184270
921.711376 521.974211 193.539657 126.668117
921.689818 521.215448 192.857061 126.287974
921.177857 520.174768 192.289304 126.344353
920.270516 519.215078 192.546986 126.598161
919.619370 517.932293 192.367325 127.076610
918.432763 516.688599 192.553910 127.460726
917.030982 515.084450 193.215183 128.508278
915.354719 515.256378 193.837897 126.861899
913.717656 514.054226 194.698400 127.573462
912.134707 513.090101 193.927248 127.484660
910.693603 512.256389 194.238806 127.426581
908.755345 511.008648 193.662411 127.355180
907.448898 510.047681 193.613527 127.895774
905.882819 509.090102 193.790197 127.766606
904.354693 506.622251 194.229696 129.844637
903.764745 506.737906 193.405042 128.391841
902.919053 505.927058 193.273544 127.788606
901.919078 504.720416 193.403939 127.870781
901.761680 503.934086 192.300748 128.174590
901.897895 501.682475 192.042409 129.745014
901.857424 501.853150 191.983982 128.540306
902.082880 501.291701 192.054876 128.147084
903.284492 500.485739 191.399975 127.227485
904.213345 498.963691 190.514342 128.362198
904.397030 498.208655 191.644853 128.400465
905.376384 497.403974 190.913482 128.082461
906.672090 496.443661 190.447826 127.495114
907.693565 495.004079 190.452145 128.547129
908.580475 494.371284 190.147211 128.166953
909.502703 492.990146 190.688932 128.384162
910.763660 492.533348 190.094581 127.863296
911.693589 491.891434 190.583374 127.553245
912.785009 489.824491 190.623275 129.114127
914.109687 489.525449 190.245844 128.612358
915.129378 488.304422 189.859591 128.668615
917.221014 486.843731 188.767933 128.904260
917.341833 486.816004 189.565620 128.231903
919.059460 486.167551 189.020718 128.242149
920.070764 484.947928 189.685958 128.509879
921.696465 482.899034 188.861242 129.691460
922.676216 483.776251 188.661043 127.943601
924.080419 482.401514 188.436821 128.209087
925.817297 482.054530 187.789674 127.837870
927.828601 481.249890 187.583132 128.112838
928.839787 479.715467 187.466690 128.825450
930.268177 478.823851 187.338792 128.448661
931.012152 478.817970 187.428514 127.685831
932.200170 478.258151 188.342499 127.433961
933.102587 477.575308 188.895604 127.155027
934.817328 477.299606 188.701742 126.570903
936.659274 476.096234 188.425887 126.685877
938.396572 475.660575 188.102219 126.891016
940.020130 474.698284 188.260809 127.043213
941.749570 474.015060 188.010302 127.606777
943.283275 473.979058 188.388134 126.751267
945.020096 473.096224 187.934823 126.546654
946.846453 472.702861 187.717548 126.578865
948.492735 472.782085 187.810870 125.969725
950.228504 471.128651 188.143485 127.616271
951.553914 471.538636 189.101498 126.331880
954.380025 471.691202 188.228206 125.370046
956.247861 470.985558 187.751132 125.470997
958.431478 470.933237 187.437011 125.009505
960.542126 470.662879 187.935027 124.665163
962.183850 470.376662 187.966319 124.550278
963.554715 469.898449 188.269622 125.192791
965.427200 469.776645 188.094507 124.403201
966.824668 469.298267 188.390747 125.253693
969.049385 468.623357 187.928734 125.362625
970.894921 468.144829 187.516753 125.519816
972.446269 467.745875 187.705448 125.666817
974.516802 467.540703 187.677755 126.100877
975.959814 467.303572 187.626222 125.918117
977.963963 467.461795 187.165394 126.039608
978.618253 467.144837 188.315558 126.076852
979.502686 466.542265 187.696682 126.599646
979.323927 466.812031 187.912760 126.312762
978.685203 466.543779 188.296586 126.558088
979.220264 466.818598 187.537625 125.713202
978.455246 466.540711 187.075485 126.171009
977.272908 466.619491 187.006425 125.672038
975.907569 466.741532 186.497695 125.349701
973.846199 467.042761 186.639303 125.146307
972.575506 467.184733 186.159064 124.544349
971.257723 466.986749 185.411792 124.634728
968.636608 467.054358 186.138935 125.498303
966.224726 467.654708 186.614209 124.766850
964.133251 467.785421 187.203828 125.036127
961.735347 467.267607 187.148011 125.754012
959.724495 467.611016 187.680459 125.921267
958.621546 468.089347 187.556990 125.482102
956.704976 468.454897 187.595515 125.655986
954.980584 469.011349 187.820580 125.350082
953.907518 468.619476 187.371789 125.951965
952.621592 468.854985 187.430992 125.786589
950.336703 469.167180 187.342132 126.461230
949.061768 469.955669 187.512386 125.779593
947.530186 470.708492 187.774602 125.284393
946.255605 471.011355 187.796940 126.263499
944.695433 473.024514 188.004731 124.640108
943.559463 472.346923 187.954377 126.163155
941.859835 473.742141 188.235678 125.382656
940.603697 473.698111 187.970422 126.154074
939.135458 474.878368 188.592103 126.210507
937.859875 475.133853 188.867718 126.592066
936.648034 475.691200 188.238114 126.353207
934.951834 475.976518 188.648983 126.185679
934.491662 477.373906 188.266242 124.928924
934.350814 476.586849 187.970347 126.804742
932.759427 478.220711 188.235986 126.356997
931.575779 478.181414 188.419621 126.661560
930.391916 479.776091 187.973259 126.190170
929.410573 480.955653 187.810977 125.779593
928.438738 481.411678 188.372748 125.900829
926.951828 482.279451 188.648983 125.563535
926.593711 483.032878 188.770669 125.631749
926.141673 484.276046 188.478751 125.273053
925.986657 484.955670 188.334522 125.708965
925.427190 485.800900 188.671764 126.004975
925.400347 486.912828 188.230021 125.883834
925.414920 487.255069 188.077465 126.621486
926.050451 488.588426 187.570004 126.814717
925.778436 489.055247 188.356443 126.741411
925.856430 490.776097 188.029242 125.268304
925.714076 492.091213 189.415281 125.183638
925.776593 493.351795 188.715760 125.908477
926.038476 494.124138 188.876133 125.017769
925.518395 495.109933 189.417917 125.484204
925.308959 496.830327 188.961106 124.895601
925.700655 497.797594 188.526551 124.867030
925.259887 498.631568 189.413871 125.150366
925.674168 499.511384 187.701626 125.966899
925.532554 500.011346 187.916595 126.900833
924.685189 501.279453 188.169415 127.697113
924.557558 502.404749 188.242275 127.021050
923.933074 502.739448 187.963772 127.624630
923.191639 503.376485 188.098978 127.661043
923.104717 503.855437 187.695111 128.070411
922.283186 504.618031 187.627498 128.164694
921.466153 504.898577 187.571015 129.098892
920.624875 505.858547 187.074375 129.101299
919.816586 506.618769 186.985275 128.480375
918.475420 507.297458 187.034813 128.312049
917.298232 508.059641 186.839453 128.478180
916.571446 508.096242 185.938799 128.941306
914.658660 508.617241 186.601884 129.031803
912.916625 509.379429 186.615657 128.403307
911.582915 509.900408 186.531453 128.852631
910.753290 510.580385 185.632026 127.888404
908.530186 510.985571 185.901384 128.068807
907.232828 511.384259 186.360491 128.487083
905.856421 512.181661 185.883260 127.969262
903.970239 512.464089 186.602518 128.407257
902.400341 512.660591 186.588938 128.662536
900.658688 512.635898 187.353149 129.154026
899.449878 513.858567 185.983799 127.599871
896.980559 513.936730 187.569867 128.207768
895.457076 514.071728 187.324178 128.352937
893.641075 514.778140 187.264896 128.217475
892.200143 515.071730 187.310122 128.029706
890.383705 515.672894 187.376919 127.746752
888.575764 516.847740 187.039335 127.332499
887.043709 516.024790 187.424495 129.407917
884.784900 516.441781 187.539897 128.540366
882.436654 516.824987 187.367941 128.120520
880.549066 517.354907 187.107607 128.313652
878.278809 517.531220 186.867586 128.861571
875.903736 518.142600 187.256630 128.201094
874.291964 519.455353 187.343370 127.226373
872.023509 519.580759 187.343111 127.641153
869.838989 519.980095 186.541066 127.347006
867.695441 519.485081 187.501777 127.812114
865.371197 520.096688 187.268514 126.923210
863.236233 521.356870 187.585710 126.192233
860.406160 521.224270 188.042313 126.838987
858.023537 520.990893 188.467322 127.032592
856.001274 522.236878 187.514853 126.586994
853.498575 522.339871 187.577988 126.503111
850.683367 522.733658 188.513867 126.886315
847.723260 522.820615 189.162882 126.871501
845.903713 523.170121 188.754696 126.900032
844.093844 523.218341 187.917844 127.108770
841.376632 523.897614 188.363080 126.899039
838.351747 523.900402 188.659932 127.497534
835.323397 524.097147 189.103057 126.936474
833.255589 524.649165 188.028545 127.164750
831.001274 525.059645 187.886187 126.773241
827.074408 524.521716 189.292240 127.935986
824.109748 525.293027 189.607146 127.438668
821.389864 525.892572 189.681818 127.095841
818.109317 525.858565 189.837424 127.670846
814.612575 525.552800 190.875053 128.433900
812.055839 526.211442 190.975130 128.861166
809.560430 526.477692 190.753875 128.226974
806.114468 526.791197 190.911330 128.357608
802.648514 527.106888 191.775404 128.359786
799.528504 527.775364 191.807231 127.775433
796.837317 528.132481 191.460498 127.789018
793.931600 528.810488 192.125808 126.940568
789.786823 528.731651 193.370618 128.233903
787.693628 528.656474 192.185070 127.695692
783.854340 529.290250 193.468239 127.631249
780.648999 529.348204 192.976377 127.635411
776.541384 529.985959 194.200092 126.997656
774.314578 529.962442 193.970723 127.460986
770.789110 530.670352 194.470907 126.753076
766.870732 530.703023 195.125937 127.041454
763.955674 530.505816 195.366178 127.918195
760.547765 530.259094 195.423785 128.531855
757.372559 531.691764 195.502556 127.411539
753.530213 531.651737 195.795327 127.898711
750.451567 532.445949 195.648471 126.701356
747.379730 532.718689 195.171932 127.303618
742.994606 533.249780 196.069765 127.199487
738.853733 533.379889 197.115111 127.442794
735.171023 533.460718 197.350529 127.883298
731.707752 534.291353 197.073017 127.106109
727.925568 534.691753 197.078606 127.053904
724.655854 534.770192 196.736591 127.548245
720.537518 535.563416 197.466698 125.855425
716.417796 536.297345 197.939802 126.709069
713.073841 537.105071 197.706395 124.889688
709.174408 537.320292 197.794442 125.116757
704.589808 537.509057 199.157461 125.684608
700.537708 537.950978 198.889356 124.621534
696.687432 538.450440 199.059857 124.915833
693.343090 538.547358 198.962433 125.203846
690.537500 539.007357 198.506186 124.956080
687.098620 539.220600 199.810783 124.651922
683.465348 539.716224 199.447702 124.278534
680.027465 540.159648 199.368000 123.957533
677.098634 540.350542 198.820499 123.785165
673.541985 540.794357 199.472609 123.465358
670.077099 541.172371 199.061969 122.391556
667.151936 541.736167 198.825943 121.915267
661.745306 541.627432 200.540229 121.972072
658.812647 541.992721 200.608872 122.476750
657.530232 542.324860 197.871055 122.251274
656.507119 542.025850 196.058488 120.927330
655.009646 542.239396 195.092297 121.905051
655.174365 542.346700 192.200748 121.703648
655.739438 542.474893 187.749768 122.997690
654.006831 543.005231 187.575384 122.251302
654.273030 542.363078 184.771816 124.699760
650.650907 542.031616 184.410579 125.778567
644.871941 542.194649 187.922378 126.568685
636.666550 544.351797 194.052018 123.371921
631.754704 544.212867 197.870870 123.251780
627.647053 543.122105 200.737181 123.934240
627.061990 543.348439 201.575553 122.631579
627.084253 543.838577 201.586976 121.608168
628.161056 543.727836 201.511544 121.326283
629.732638 544.140236 201.218491 120.732951
629.309340 543.512359 203.016046 118.602495
630.458347 542.982916 202.496152 118.679519
632.304332 543.220001 202.411884 117.108209
634.648485 542.496599 203.210494 117.259928
636.864594 541.832503 203.392644 117.918943
639.693635 541.358450 202.887337 117.835419
640.911260 540.951328 203.849639 117.718894
644.071731 540.414387 204.890418 118.248059
645.859852 539.066529 204.830501 118.697234
648.602088 538.466989 206.582504 118.680089
652.786248 536.874525 205.442018 119.367579
656.913704 535.691734 204.505834 121.555841
660.053254 534.980178 205.501887 121.418354
665.836241 535.130668 205.224693 119.902223
668.676092 534.615253 208.167650 119.917331
675.160698 533.502491 205.268832 123.149128
681.762406 532.779335 203.519939 122.856556
689.187557 531.239290 202.504497 124.487332
700.642653 529.782318 196.210836 126.739655
712.127161 528.858393 191.439423 126.981355
716.575385 528.376100 193.400683 129.131245
727.022621 527.065244 188.549573 129.341467
723.175647 526.675485 196.631283 127.539953
717.707606 527.015332 206.920187 123.817649
721.283893 525.978623 206.917946 124.562869
726.666083 523.403866 207.231754 124.159732
730.270633 523.441961 205.942997 121.247174
734.986129 520.382079 205.115923 121.380139
738.306110 518.006502 204.243925 124.370368
741.368949 518.511611 203.458647 121.635743
743.404735 515.021424 204.019574 124.473666
744.735589 515.184489 205.736633 123.671785
748.163020 514.846689 204.628795 122.325503
749.579208 515.830762 205.396901 121.874557
751.503344 513.739107 205.563609 124.988617
757.245289 510.622825 202.505205 125.242206
759.289118 510.914726 203.220926 123.894500
761.079837 509.891238 203.984860 123.767718
763.158558 509.221572 203.867733 123.587659
764.791850 508.520027 202.999142 124.132228
767.606778 504.699556 202.315586 129.098664
767.980648 504.716065 203.239771 126.376346
766.184885 504.687130 206.962803 127.640627
767.582127 503.943781 206.207318 125.688235
767.149778 503.554775 205.860416 124.260052
768.386939 502.859332 204.640288 122.005300
766.952958 502.910284 204.718171 122.551555
768.021273 502.045054 202.374036 119.208316
766.278318 501.106607 204.076619 120.510725
766.462058 500.987584 203.140442 119.544524
767.187295 499.621744 195.620310 120.429170
768.533710 499.164472 195.935464 121.418963
771.701065 498.365713 193.114078 121.316685
775.050447 496.645596 195.543787 120.269345
776.811325 495.636158 196.409160 121.401053
778.852374 493.764095 195.496301 123.469416
773.903539 493.420488 199.478768 123.280352
772.379742 493.350527 201.943699 122.461531
772.621076 492.335209 201.636607 122.084986
773.315227 491.982202 201.736526 121.733669
776.877811 489.834947 197.726862 124.127206
778.267280 490.767439 196.492599 122.132618
778.896644 489.803468 197.517191 123.035750
781.434393 489.798137 196.263778 120.477540
786.817309 490.669621 189.689441 118.673935
795.407289 489.743363 183.068313 118.310547
799.323741 490.434753 179.396498 117.491529
809.680168 490.314765 170.536477 117.118770
817.462803 488.165338 163.726970 117.879042
823.154368 488.850898 160.874804 116.537682
830.131543 487.065648 154.737802 116.487498
839.703797 486.058400 147.406210 116.214473
844.439803 484.918574 145.192871 115.504906
860.077232 485.709983 131.432428 114.602802
864.578632 486.883556 129.664749 114.015510
877.471236 488.728800 119.118734 109.524859
888.640310 489.550168 109.281882 107.563912
899.820086 490.959722 100.779268 106.524724
904.864728 482.852315 95.680598 113.813032
905.074721 479.101743 96.410517 114.711379
892.883688 486.938297 102.773708 106.436172
867.015602 473.903464 129.968407 119.837960
819.953399 470.862357 180.235125 118.653634
815.106227 470.698319 161.047463 117.734222
810.501301 467.926183 166.423434 97.961392
810.644565 466.981310 157.623186 102.778166
810.205180 465.987490 167.957739 105.799428
811.474689 464.994011 173.258220 109.191923
812.508528 464.163529 181.615726 112.741449
813.683393 463.803618 181.509576 116.738794
816.576351 463.336549 174.269595 120.093758
816.670168 462.310742 176.540993 123.109756
818.511932 461.982657 180.277306 122.038078
819.657791 460.648108 190.535988 123.515669
822.780333 459.578263 189.650529 120.861095
823.981341 460.931776 190.590499 117.222170
825.988569 460.154596 194.295641 119.371605
826.504890 459.368511 200.737002 120.235634
828.630515 458.925171 199.136452 119.350511
829.486307 458.229386 200.720771 120.031015
831.753873 457.477796 199.742213 117.729221
832.514508 456.565585 201.000026 119.439368
834.371788 456.147138 200.814343 117.788517
836.240105 455.627402 200.665771 118.564702
837.925454 455.003008 200.385068 118.564855
839.208858 454.440719 201.287630 116.991353
840.669551 454.059309 201.785893 117.727941
842.270193 453.657912 201.676226 116.244597
843.764102 453.919338 201.411053 114.149880
845.197831 453.527330 202.002150 114.974753
847.734435 452.529204 200.749216 118.153198
849.585875 452.106468 200.420510 117.267454
851.361100 452.220093 200.573458 117.513981
852.195875 451.191061 201.560348 117.525422
854.303186 451.302777 201.123089 115.996590
855.887562 451.092561 201.525862 117.386399
858.146105 450.440698 200.549632 117.791588
859.580737 450.250888 201.044997 117.658005
861.297332 449.743178 201.328435 116.701967
863.047469 449.130850 201.267737 117.521870
865.146088 449.036536 201.111083 117.073838
866.574914 448.771867 200.972527 115.886430
867.981879 448.050612 201.291352 117.294973
870.521858 448.177783 200.103907 116.062844
871.256834 447.854798 201.484533 117.369036
873.868037 446.888884 200.628445 115.833321
875.482153 446.572097 200.398664 116.778562
877.076155 446.600078 200.847425 115.934899
878.355396 446.050612 201.747392 116.691728
880.330282 444.888873 201.547069 116.490278
881.480255 444.202305 202.185947 117.517667
883.554006 444.206313 201.322275 116.684374
885.424477 443.436931 201.382503 116.954920
886.953037 442.987650 201.222117 116.862023
888.608771 442.723424 201.536529 117.202949
890.863700 442.250889 201.112363 117.123023
892.047470 441.987644 201.127714 115.802229
893.261058 441.600072 201.912066 116.001279
895.042140 441.360905 202.243894 115.301093
897.076176 441.232177 201.477665 116.504546
898.480270 440.148463 201.975176 116.778219
900.486328 440.737966 201.279401 115.903030
901.981880 439.741916 201.011538 116.793063
903.420124 439.220763 200.815280 117.839741
905.051988 438.961512 200.643728 116.615725
906.358621 438.952454 200.984719 116.918761
907.764097 438.436933 201.341085 117.825143
909.679978 438.444774 200.326396 118.069169
909.434954 438.178739 201.006688 117.529174
910.005987 438.273613 200.986954 118.460962
909.938845 437.482315 201.407547 118.408360
910.225110 437.781943 201.259355 118.802728
909.610459 437.616508 200.817896 118.202386
908.735672 436.856105 201.952898 120.613704
907.994597 437.360556 201.232511 118.268715
906.788628 437.353166 202.351048 116.337039
905.709388 437.248226 201.639263 116.794935
905.681305 437.248226 201.006183 117.266434
903.419993 436.843919 202.405254 117.540326
902.596101 437.065334 201.994506 116.156439
900.159792 436.698880 203.460910 117.358061
898.308048 436.669414 203.390112 116.466002
897.163014 436.473897 202.742182 116.271473
894.983093 436.528794 203.704395 115.645302
892.930877 436.077600 203.119090 116.423023
890.852960 435.281278 203.055860 115.486167
889.371400 435.328659 203.865901 116.189720
886.974295 433.847343 203.122828 117.041829
885.339085 433.896023 204.076340 117.125595
884.714417 433.784599 203.397752 116.610836
886.129735 432.904267 199.507728 117.645113
890.615710 432.524616 193.813208 117.076742
899.901073 430.607099 182.701739 119.883052
901.441731 431.902841 179.728707 118.046155
903.649756 432.844178 177.572042 117.710073
892.993401 431.932066 187.940908 117.901875
880.776014 432.738551 203.805800 116.069669
880.596097 432.973032 203.303798 114.717172
880.094469 432.571211 204.010735 115.156835
881.023058 431.432172 202.010548 115.867166
879.709405 430.198266 204.675890 115.053540
881.214349 432.210588 203.986536 113.093496
880.260544 432.191551 207.208796 114.506591
881.345402 432.616030 205.595875 114.287625
881.823686 431.377454 205.052595 115.305785
883.377090 430.315984 205.002053 117.779783
883.994594 430.871469 205.055481 117.703156
884.221508 430.658945 205.828577 118.323768
884.051040 429.947215 207.051936 122.451248
884.086607 430.020480 207.487353 121.730683
885.429206 429.648452 206.415768 122.871331
885.547090 429.872050 210.254205 124.203753
886.115056 429.640092 212.897243 125.529526
887.168428 429.683385 210.221049 123.057449
888.281001 430.535537 204.468544 120.278528
889.813450 430.718378 205.236176 120.667802
889.855649 430.503053 205.948451 120.556362
890.879502 430.640523 204.737456 120.218091
891.386315 430.834999 203.775980 119.356200
891.626636 431.445321 204.024487 119.427864
892.259030 431.925214 203.629720 118.991738
894.242822 432.158761 201.980870 118.960373
893.582463 432.168035 203.502886 119.194017
893.705141 432.516651 204.076825 119.632194
893.389490 433.190529 204.219443 118.771696
895.338439 432.725243 202.443528 119.873035
894.705151 432.141674 203.240614 120.316901
892.831961 430.755101 204.804121 122.651101
893.591313 429.201808 203.597884 124.433388
893.615587 433.540910 203.089809 120.343166
893.433756 434.046831 203.308389 119.462876
892.950579 435.432880 203.513629 118.785042
892.007250 436.603229 204.628218 117.651222
892.266516 436.743610 203.368958 119.294862
892.955640 437.942075 202.616553 119.275842
891.861253 438.199188 203.631756 117.383911
892.624067 439.341462 201.830563 116.525929
890.951982 439.946059 204.533989 115.895849
891.706536 440.589945 202.921604 117.725832
890.016173 440.740532 204.093811 120.553560
892.101519 441.454925 202.473341 120.268231
890.541975 442.014740 204.612156 120.479895
890.998929 443.342065 203.052039 119.291266
890.415172 443.462699 204.157055 118.723797
889.736453 444.572024 205.677521 118.784119
890.268058 445.098773 204.866938 118.592178
890.486354 446.322666 203.218868 118.049884
890.197239 446.854600 203.191989 118.925306
890.169994 447.743602 203.604644 118.949131
889.880086 448.014741 204.243311 119.377908
889.659931 449.322664 203.804262 119.500162
889.679877 449.996524 203.510920 119.884715
889.486373 450.996522 203.149716 120.023288
889.240649 451.494727 203.710487 120.386507
889.022476 452.956555 203.616712 119.905079
889.066178 453.638729 204.103200 119.072862
888.659956 454.703041 204.500645 119.247475
888.679853 455.476509 204.208866 119.514839
887.904359 456.476490 205.476042 120.276779
888.050351 457.539475 205.189849 120.942989
887.709432 458.087363 205.417456 120.663133
887.855651 458.679253 205.244106 123.289373
888.572330 459.539116 204.416440 122.878779
887.686807 460.611548 205.194644 123.934893
889.565176 461.723101 203.290372 123.007435
889.364497 463.376535 204.112152 123.046854
890.310681 463.872602 203.761909 123.961579
893.765993 465.529758 200.701574 123.042780
892.505969 466.062585 202.578835 123.617930
891.976616 466.910666 204.289985 124.370190
893.832156 465.708780 203.930316 126.913605
893.981427 468.020891 203.123930 125.592662
895.217780 469.834525 203.827582 125.804497
894.675407 469.764233 203.403097 127.128804
896.669215 472.980412 203.793024 125.616966
896.749273 473.224170 204.270926 125.447486
897.192277 474.536846 204.133264 125.953908
897.872506 476.161100 203.662993 124.749480
897.766799 477.092172 203.454530 125.389488
898.832181 479.389383 203.507519 121.431402
899.621066 480.702834 204.786145 120.904349
901.137420 480.727103 203.619934 122.966269
901.579245 481.836557 203.976632 124.685383
902.445598 482.942177 203.964441 127.426962
903.107494 484.606862 205.100453 128.289892
903.691446 485.775837 205.431557 127.752682
904.495796 487.062651 203.526299 127.286446
904.857548 488.340085 203.918394 126.097922
904.802251 489.085557 200.153274 127.058931
905.079813 490.677901 200.900738 125.394144
905.445050 491.715542 201.433635 127.325462
905.468693 492.646333 205.160845 127.267748
905.771104 493.963925 203.501460 127.296815
905.927677 495.642933 204.403681 127.246382
904.557777 496.538212 206.312410 127.455184
905.984408 498.005238 201.594507 127.013146
904.669587 499.260835 203.066575 127.305409
905.219289 500.246139 202.578442 126.739138
905.137974 501.603827 201.461390 127.160497
905.025073 502.954631 203.244340 127.321252
905.413378 504.868728 202.384353 126.219743
905.251934 505.894746 204.510536 127.343448
905.131667 506.846146 204.529047 127.510486
905.843837 508.481607 204.807789 127.618801
907.094126 509.580122 203.665025 128.191458
908.522690 510.538200 203.775359 128.183036
909.812780 511.632744 203.132938 129.347455
910.483256 513.193031 202.927458 128.871586
912.005848 514.538199 202.939867 128.769074
915.951030 516.174746 200.129149 128.144888
920.136796 516.944955 197.014306 129.350917
926.205111 517.782317 191.753931 129.696914
931.259373 518.894568 187.850073 130.760048
930.580472 519.371280 189.109901 131.994458
916.906532 522.210405 202.989222 130.444200
916.397900 522.737835 205.301179 129.426081
916.733512 525.950708 206.497941 128.026306
918.332193 527.640096 206.587420 127.632351
918.796793 529.726486 206.992661 127.217107
917.969527 530.943041 208.021748 127.476114
920.223726 532.315693 206.292994 127.089583
919.922057 532.908248 207.484527 127.440855
921.386149 534.198717 206.260820 127.451575
920.724271 535.027993 207.753370 127.878732
921.588436 535.959853 208.374476 129.443340
923.706831 536.712158 208.833018 133.975770
923.692959 537.154463 211.392903 139.546493
924.603830 537.942207 209.011657 140.348607
924.235085 540.630807 210.934527 136.940388
924.578947 541.422061 217.005847 134.371809
927.181230 542.792703 214.879261 133.401931
926.676080 543.309407 212.404147 132.552772
927.579618 543.908281 208.668556 131.713837
927.708069 544.749416 211.169367 131.967851
928.090139 545.533221 210.759080 131.524415
929.144617 547.161812 206.298520 131.346966
928.676986 547.924329 208.259866 131.873715
928.508038 548.865867 208.417325 131.653768
927.504093 549.624726 209.208748 131.820293
928.400862 551.154340 207.830153 131.187279
926.814365 551.977440 209.159572 130.236189
925.150563 552.376156 208.646315 131.545029
923.242687 553.105820 208.855476 131.115700
920.579541 554.105804 209.589069 130.818409
918.938768 555.302504 209.931758 130.292984
916.273627 555.749419 209.755849 130.548984
912.660124 556.502979 211.770062 130.718541
908.846774 557.553095 212.013765 130.955660
907.349664 558.567866 210.440008 130.564346
905.329195 560.333146 210.330081 129.859383
901.692750 559.138709 211.265640 131.119683
900.108722 560.475112 209.473350 130.284404
896.455142 562.113221 209.881796 129.510919
894.440839 562.692680 209.775309 129.373798
891.997046 562.296689 208.455526 130.359665
886.130386 562.812617 210.359784 130.246899
883.205861 562.590192 210.822389 130.634085
878.546624 563.392515 211.460570 129.394435
876.308285 564.410679 211.069992 128.009582
873.978790 565.395454 210.028290 127.744550
869.042199 565.319918 211.941637 127.939167
865.426456 566.954983 213.854197 125.019825
861.134986 567.962776 214.973218 125.195016
858.806283 568.332381 214.688143 127.551217
858.357054 568.146463 212.967572 125.355313
856.276031 568.199855 211.615934 126.363907
855.211451 569.020953 214.648780 125.085764
855.339235 569.780985 212.288315 124.337266
855.789238 570.769758 211.705308 123.915753
854.997875 570.990468 213.052852 127.001526
854.745413 571.344389 214.428197 128.465434
855.268191 572.249105 215.069833 127.295055
856.274614 572.301815 214.084588 129.118205
856.877737 573.193294 213.648235 126.853210
857.040128 573.388959 214.524545 127.583168
857.883521 573.533872 213.769824 126.473238
858.493915 573.209366 213.676323 126.429279
859.403295 573.344378 213.134132 125.989408
860.109963 573.319429 213.699773 125.206588
860.807173 572.552064 213.267389 126.261039
861.756474 572.267465 213.343467 124.426003
863.078535 571.023552 212.680775 124.379776
863.588188 570.537702 213.073101 124.619443
864.676457 569.409789 213.450538 124.983503
865.362898 568.195803 213.935263 124.938742
866.665425 567.683399 214.076428 124.395579
867.564660 566.584622 214.103083 124.691160
869.669876 566.440478 213.368786 123.780448
870.433714 564.617593 213.846280 124.829838
872.168424 563.970153 213.870239 125.586027
873.210824 563.163445 213.820547 124.798842
874.362900 562.376904 214.453065 125.628470
875.957966 561.287184 214.326856 124.996375
877.613417 560.706583 214.383775 125.604680
879.201677 560.726989 214.967391 123.684102
881.268823 559.530404 214.890715 125.403396
883.604750 558.751347 214.713921 125.887296
885.201678 558.846680 215.191911 125.096740
887.705368 558.210777 214.165083 125.427881
889.360225 558.014062 214.597183 126.520368
891.092723 557.796284 215.023200 125.308911
893.403331 557.003929 214.541698 127.021113
895.446472 556.894933 215.080315 124.733234
898.107192 556.344382 214.511381 125.702175
900.307756 555.905017 214.837738 124.166389
902.168432 555.319439 215.216762 125.565538
904.151228 554.771321 216.262595 125.244374
906.841798 554.433747 215.911333 125.765034
909.446469 554.203608 215.836636 124.424560
912.407904 553.740792 215.875613 125.546348
915.547009 552.271211 215.888047 125.215380
918.151237 551.410692 216.643313 125.337715
921.547054 550.379315 215.964070 125.407381
924.144420 549.565328 215.911240 125.325612
927.501583 548.333158 215.879994 124.211816
930.159253 546.880907 216.156471 125.095912
933.601739 545.873021 216.469168 125.590374
936.691882 544.271213 216.481746 125.640625
939.691917 543.994403 216.710522 124.507352
942.496504 543.026078 216.124407 123.518878
946.361450 542.181812 216.947516 123.582414
949.302513 540.674311 216.981026 124.114857
952.092708 539.873004 218.517413 123.742339
955.994016 539.601120 217.714246 123.545656
959.597300 538.178627 217.166682 124.712303
961.829082 536.817450 218.139425 124.386781
966.295603 535.764726 219.047830 125.164767
968.854886 534.779308 218.968914 124.440330
973.090142 533.886693 218.335936 125.080669
978.093645 532.677954 217.878332 125.165822
980.064461 531.941113 218.510660 125.293095
989.985225 530.677941 212.407350 125.736478
994.982457 530.255682 210.740430 125.922683
999.736071 529.273859 209.850302 126.006968
1007.207773 529.245195 207.782577 125.561716
1022.601656 529.675032 195.027332 124.663788
1018.418248 529.859388 203.767878 122.456384
1006.314000 530.723111 218.288249 121.653765
1010.460600 527.958489 217.077326 122.706217
1013.210841 528.518477 217.969400 121.120194
1018.413060 527.667967 217.238867 121.033650
1021.120473 527.866222 216.964531 119.313092
1023.702256 528.236346 217.048439 118.693733
1029.785544 528.024214 214.423894 118.975021
1024.865683 528.519469 223.316057 116.963799
1034.444113 526.069801 218.482984 121.131926
1039.461221 525.737225 218.249475 123.237596
1040.912341 525.342495 215.821492 120.977216
1041.173941 525.988918 222.724305 122.361598
1047.736815 526.312479 220.338257 124.322911
1056.772699 525.250402 218.954807 124.833489
1059.714484 525.871256 223.858766 126.550602
1075.194717 524.148738 211.126618 126.823643
1060.085765 526.596674 224.298822 124.769371
1062.185011 523.292859 236.060119 130.393588
1063.595741 524.812188 219.165926 122.904831
1066.984786 527.264774 223.299631 121.467736
1071.607791 528.051068 221.992460 120.139529
1073.784991 528.678042 218.215587 120.022349
1074.276062 529.682343 219.808945 121.965276
1077.524074 529.584032 217.078127 120.176509
1079.426320 530.165231 217.329968 120.585562
1080.039104 530.646082 218.096615 118.628300
1080.613554 530.757736 217.759454 122.052105
1079.364856 532.026343 220.496109 123.392221
1080.458330 532.094849 218.732074 122.820111
1080.723962 532.598198 219.367795 123.026509
1079.158092 533.588166 225.185352 125.536260
1079.497231 534.142335 226.644392 127.599279
1078.914616 534.184660 225.592279 128.362499
1079.814325 534.698213 220.477570 128.480558
1079.736106 535.858778 220.120720 129.373029
1079.631477 536.578529 226.652769 127.428363
1078.161043 537.382755 234.912518 128.617045
1078.130777 537.623756 224.309127 129.735530
1077.858381 539.683625 224.832103 128.316186
1077.942591 540.288451 224.165910 128.670637
1077.198361 541.561319 224.910140 127.805766
1076.964553 542.183378 225.099883 128.258179
1076.538589 543.570832 225.845112 126.868036
1077.070854 544.673491 225.379552 126.508970
1075.472067 545.851099 227.199130 126.480452
1076.517757 545.896606 226.136401 127.839191
1075.361063 547.647142 227.642657 126.605981
1076.731545 547.944397 226.088552 127.454305
1075.592963 549.353012 228.372964 126.602971
1076.432882 550.324930 227.047908 127.185933
1076.129338 551.319368 227.224024 127.079327
1075.914599 551.944411 227.983456 127.158084
1076.559262 553.103130 227.738762 126.960798
1077.112031 554.472175 227.681465 126.964130
1078.625147 553.954172 226.663631 127.264766
1079.944129 554.458176 226.032004 128.466688
1079.771977 555.107971 227.204129 127.037754
1080.538612 555.079832 226.854461 127.432103
1081.625164 555.261218 226.507128 126.300265
1081.645267 555.334933 227.834940 126.481783
1086.338009 554.774783 223.916571 126.198326
1085.970891 554.218495 225.519804 126.141265
1091.299530 552.112081 221.071492 127.797206
1092.642520 551.077133 221.293493 127.901410
1090.737665 550.313521 224.551646 127.592280
1090.092509 549.465418 225.852290 127.907876
1090.304920 548.296779 226.115986 126.951990
1091.070807 546.951881 225.844620 126.410467
1089.165108 543.715422 228.711750 129.146321
1090.550525 542.398788 227.580385 127.099776
1090.253444 540.704574 228.540037 126.411504
1090.575873 539.594517 229.082217 126.409611
1091.344802 537.678649 229.530198 125.465981
1091.930381 533.499148 229.176710 126.635857
1092.899522 532.873571 228.059517 125.290002
1092.485407 531.878705 229.973937 123.625105
1091.851068 528.889005 230.167835 124.916782
1092.915163 526.664041 229.959824 123.626822
1095.411351 524.390506 228.523950 122.038891
1094.096637 523.101389 229.677539 122.324088
1094.579145 520.599453 228.889603 121.502199
1094.817591 518.132436 229.843979 120.774010
1094.528366 515.693294 231.053882 120.381995
1095.705905 512.877138 230.684545 119.684313
1094.338608 510.836751 233.278780 119.763156
1094.216861 509.185943 233.185392 118.528404
1095.090367 505.751916 234.070151 119.126589
1093.799284 503.822107 233.759771 119.859014
1094.212214 502.161418 233.200988 116.423995
1093.368942 498.716922 235.522133 118.611988
1093.781584 496.526355 234.296495 117.811197
1093.569548 494.287566 235.105453 117.854444
1093.453590 492.347695 236.124915 119.307148
1093.777830 488.992267 235.273214 120.489618
1093.665466 487.541937 233.793189 121.460592
1093.325241 486.472163 233.842373 120.260197
1093.437646 485.445667 231.502869 120.662126
1092.447599 484.069903 234.975890 121.972220
1092.658493 483.946087 231.179295 120.516406
1090.896437 483.377461 232.857173 123.015499
1089.665479 483.323996 234.430858 121.395106
1089.440869 483.473347 232.642770 123.850738
1088.548869 483.586233 233.334419 124.916212
1087.659389 484.458727 232.131893 125.178519
1086.438758 485.268490 232.897484 125.338453
1085.109480 486.241220 233.391545 125.027150
1083.778789 486.655613 235.316006 126.872378
1082.234291 486.131317 236.135835 126.072926
1080.229477 486.842776 236.900719 125.951045
1079.906716 487.917094 235.226197 125.316428
1078.228538 488.529109 235.441442 127.134741
1077.570217 488.809711 234.662684 127.389165
1077.007512 489.097204 233.883291 126.992717
1075.229197 489.720252 234.837513 126.564096
1074.010456 489.834844 234.742750 126.519206
1072.675318 490.650311 234.417613 124.820669
1070.783439 491.141543 234.723327 124.861515
1069.005369 491.922670 234.977022 126.114928
1068.229350 492.650312 234.657978 125.555994
1066.672585 493.042177 234.891884 125.548603
1065.450850 493.084376 234.854605 124.630815
1064.227144 494.218927 234.517196 123.931249
1062.449516 493.655616 235.342314 125.318645
1061.229182 494.692598 234.917065 124.485932
1059.783463 494.481475 235.517232 125.521578
1058.786207 495.891479 234.941710 124.727273
1056.894455 496.286824 235.565701 125.084519
1055.673902 496.381378 235.870841 125.355839
1054.342008 497.088601 235.545275 125.858539
1052.788076 497.796925 235.920470 125.114582
1051.453158 498.528962 236.475400 125.089786
1051.010478 499.450362 235.538274 124.608496
1049.006201 499.773417 236.196094 125.704647
1047.007601 500.283967 236.860910 125.362207
1045.565030 500.917091 237.045515 125.021256
1044.341427 501.502842 237.349415 125.438939
1043.122837 502.207524 236.428955 124.878232
1041.338771 502.528972 236.947830 124.501888
1040.230937 502.943021 236.158218 124.527960
1037.893781 503.332474 236.890779 123.819420
1035.670300 504.120620 237.675786 123.031274
1034.003168 503.529100 237.363484 125.355054
1033.234609 503.989885 236.797217 125.391491
1032.122953 504.210756 237.050687 125.583070
1032.237215 505.207524 236.599178 125.025991
1033.117788 505.503209 237.336610 124.383437
1036.641978 506.161195 237.889953 124.163371
1039.873031 507.080913 237.740415 123.245693
1043.844996 507.960232 237.353636 122.486265
1046.860157 507.862910 238.418838 122.391615
1050.526390 508.824093 237.414738 121.456354
1053.734111 509.435710 238.375015 122.394127
1058.070147 509.692601 237.710903 124.338598
1062.286769 511.421972 237.505835 123.667941
1065.859736 511.819211 237.756275 123.919025
1066.565281 511.796926 238.799752 123.653768
1069.336405 512.792292 237.362063 123.265196
1071.324269 512.978445 237.865938 123.612176
1073.439424 512.870036 237.588072 123.580659
1074.450527 513.748687 237.508101 122.552225
1075.667710 513.862904 237.123051 123.407767
1076.224563 514.277746 236.497061 124.165905
1076.340000 514.260094 237.700628 123.891812
1076.343617 513.723694 237.544717 124.600873
1076.790268 513.551168 237.436613 125.092842
1076.456892 513.330073 237.688628 125.167116
1076.127596 513.256120 237.371556 124.948117
1075.457803 513.430012 237.702041 124.480845
1074.676734 513.063933 238.143850 124.554376
1074.792249 512.771096 237.448592 124.726084
1073.117513 512.842774 239.190816 124.775535
1072.350415 511.822015 238.393182 125.117195
1072.016103 510.784870 238.050574 126.327327
1070.348080 510.309912 238.977074 125.505334
1070.357502 509.685610 237.805585 125.422021
1069.233261 508.543128 238.023609 125.372183
1068.351259 508.082782 237.487230 123.982080
1066.560191 507.355588 238.434942 124.531058
1066.127627 506.743538 237.290710 124.171765
1063.887032 506.723693 238.221934 124.017422
1063.346244 506.648100 237.006698 123.678506
1060.661302 505.720255 238.443750 124.145319
1059.114216 505.256127 237.757376 124.364776
1056.889356 504.990366 238.463569 124.920504
1054.554797 504.595303 238.961181 123.885495
1051.874174 503.891246 239.800867 124.460479
1050.226064 503.421759 238.629777 124.227243
1047.770909 503.258343 239.485974 124.385461
1044.710917 502.197812 239.825831 125.178430
1045.252368 502.280791 237.087672 125.889435
1041.802673 501.237809 237.644195 125.968231
1038.632001 500.710082 238.584410 125.373071
1037.133965 500.347251 237.411786 125.614752
1033.802669 499.619147 237.425314 125.296152
1030.216675 499.330080 238.120703 124.582049
1028.135733 498.959032 236.979375 123.937628
1025.640120 498.529107 236.493892 124.768806
1021.804033 497.909626 237.554013 125.268769
1018.384410 496.770769 237.734301 124.999436
1013.621520 495.959032 239.822493 125.391589
1014.364008 495.914931 236.653551 125.366300
1006.986427 494.031473 239.943585 125.281067
1008.369987 495.217343 235.345788 124.211476
999.803872 493.811068 240.590310 124.299174
999.685130 494.872462 238.073823 122.215636
995.638685 494.404746 238.133541 122.586965
988.799536 492.860284 240.371802 123.556509
984.257189 492.305913 241.288575 123.343085
980.769462 490.685613 240.547227 124.838086
976.342593 490.549281 241.403892 123.271803
975.897735 490.730182 238.297974 121.492500
971.856749 489.990297 238.808352 121.985797
967.740879 488.823017 238.218457 122.737193
964.646978 488.835769 237.233685 120.158791
958.698034 487.195686 238.614411 121.292308
953.354439 486.791352 238.931605 119.898728
952.335419 487.089003 236.482476 121.427900
945.175906 485.608672 239.240264 121.596778
940.521223 484.456079 239.300071 121.829829
936.275557 484.393691 239.205194 120.465902
932.037366 483.647829 238.790011 120.747632
927.624972 483.360447 237.893948 120.460825
922.970505 483.043406 237.877070 121.599098
918.631782 481.702647 236.684026 122.118625
914.059826 481.818720 237.231493 120.694174
909.647235 480.341158 237.200331 122.285338
906.314101 479.142299 236.947430 123.238943
904.552756 478.189431 236.242060 122.643449
903.781895 477.142303 235.495232 123.382831
899.482063 476.285498 236.793641 122.653240
897.394897 476.161414 235.975346 121.646482
894.075042 475.195675 236.628336 121.433843
891.156091 473.903197 236.991774 120.599736
887.991039 472.413726 237.061160 121.641817
884.900139 471.746953 237.135509 121.619629
884.227588 471.233281 235.490714 122.147965
878.643274 470.049693 237.221177 123.584272
877.339980 469.823010 235.488502 125.061145
872.387353 469.307314 236.244057 125.723881
869.138366 469.546099 236.225963 125.511386
867.007633 469.723702 235.271091 124.308730
861.970140 468.886073 236.991913 123.077527
857.721010 468.336199 236.791764 123.070806
855.560355 467.776112 236.027508 121.761045
855.113016 467.341150 232.626178 121.999399
849.348174 466.931280 235.627918 121.755363
844.234802 466.195679 235.770762 121.433843
841.224610 467.525775 232.652096 120.521875
839.128957 466.904207 229.405431 120.458117
831.624042 466.864629 230.963400 119.824163
821.664280 464.731298 236.125498 121.987608
813.225402 465.113801 239.224021 121.817177
814.671408 466.102066 232.554317 122.195847
805.875739 463.717840 235.699707 124.398222
800.889452 463.990296 236.299585 124.453357
799.117008 466.515377 232.430060 123.032476
797.440907 466.902658 227.937832 121.384200
790.744226 467.024705 229.335831 122.495766
788.229623 466.187825 226.934931 123.711587
777.698510 467.550169 231.722527 121.159413
771.805759 467.418986 233.490835 122.355604
766.557277 467.817065 233.692521 123.071745
762.224604 468.930423 232.728253 121.684769
756.908215 467.765106 235.017819 123.494537
751.989325 467.536084 234.777521 124.119876
746.528263 468.944899 234.743851 123.985587
744.116310 470.599737 233.580153 123.815979
741.673019 471.646368 234.033021 124.077121
740.002588 470.649766 232.268411 126.398587
737.557988 471.802799 232.450141 128.152027
736.995014 473.381378 232.833464 126.166473
735.334491 475.661738 234.065805 125.232688
733.560364 476.362776 236.117598 125.937352
737.070019 477.937147 231.942478 125.598535
737.078999 478.756187 233.895742 125.408880
738.738473 479.800295 232.844479 127.293297
738.871640 478.693145 233.635393 128.784921
740.322410 478.596350 231.513273 130.333509
740.188878 480.768803 231.610850 128.873666
741.276444 483.907175 231.508925 127.644403
743.453066 486.732710 230.117338 128.109564
746.937644 488.507962 226.981112 126.647946
747.004334 489.421924 228.644107 125.764772
747.985630 489.986238 228.959677 126.858488
747.066082 492.316611 231.551684 127.658402
746.429598 493.629062 231.840114 127.079186
749.877977 494.994683 232.235583 126.083511
752.225682 496.458722 233.658020 126.218568
753.847122 496.746112 233.382487 130.669104
756.957176 497.085637 233.500983 131.667395
758.010980 498.831252 234.383382 131.182125
761.314064 499.937083 234.304424 130.977132
765.186112 501.873325 229.869784 130.625059
768.298446 501.554185 228.326176 131.011419
770.182823 503.053774 234.005256 130.693674
772.541426 504.873336 235.823851 130.855974
774.816820 506.067520 234.494883 130.874978
776.462121 508.098663 232.894729 130.862057
779.180920 510.197811 232.062011 131.350722
779.440557 511.495462 233.236514 130.997815
779.573389 513.610743 232.504275 131.376122
780.981326 514.906625 230.675179 130.568037
780.314768 516.834846 231.438434 130.745691
779.665621 518.959025 230.673575 131.739828
781.170331 520.287717 228.953935 132.789426
780.635650 522.185316 229.593772 132.297805
781.286766 524.108448 229.414772 135.117566
782.192640 524.995933 228.935653 132.812894
783.043431 527.415051 229.528983 134.493982
784.300954 528.017998 228.669944 134.685796
784.530250 529.875446 229.596391 133.079468
785.837689 531.543012 229.816945 130.447284
786.720482 533.104834 230.187353 130.523018
788.679643 533.978690 229.927516 133.168560
790.269553 534.758309 230.423957 133.835361
791.090048 536.381942 230.328221 134.149279
792.300984 537.633724 230.414161 133.481530
792.981330 538.417916 230.993711 133.898108
792.353261 539.315928 232.224821 134.809441
793.801911 540.510529 231.014372 135.700199
794.145815 540.898922 231.431975 136.367760
793.721132 542.286398 232.252995 136.246446
794.393558 543.670153 231.920320 136.524487
794.295875 544.532037 231.803010 138.580506
794.316741 545.670560 232.549335 138.466834
795.320824 547.064224 231.963236 138.422477
795.316745 547.587595 232.389540 138.549806
795.218760 548.982018 233.465420 139.548740
797.036476 549.612543 232.455239 139.055350
797.237177 550.485876 234.004764 139.642146
799.932278 551.019511 232.862540 140.120785
801.910168 551.612531 232.972317 139.453502
803.140453 552.541654 233.904197 139.730058
806.023781 553.272485 233.905283 139.307612
808.366175 553.696900 234.071125 139.928999
810.382345 554.356521 234.224842 139.463296
814.027032 554.850134 233.398388 140.611549
816.058842 555.426485 233.394346 140.872168
817.175869 555.658680 234.683290 141.076186
819.208359 556.477167 234.057288 142.421209
820.679659 556.341118 234.902243 142.528399
822.358671 556.932411 234.881388 142.370601
823.246852 557.353752 235.261443 142.924603
825.495944 557.645000 234.083125 143.579557
826.927160 557.536871 233.995060 144.829278
828.745300 558.543758 233.741774 144.035863
830.591029 558.625188 233.655543 144.167190
832.037968 559.152117 234.371195 143.640261
833.717511 558.941550 234.675357 144.201349
835.745255 559.368595 234.799768 144.787044
838.093243 559.598142 234.700887 144.249031
840.175874 560.138031 234.874944 143.518510
842.839466 559.586181 234.129575 145.623555
844.885057 559.349451 235.303861 146.816462
847.501865 559.548955 234.759905 146.027654
849.137100 560.053984 236.121048 146.222967
851.946447 560.357657 235.792367 146.460238
854.613149 560.404198 236.290994 146.677526
857.087943 560.537916 236.884235 147.056828
859.883196 560.617564 237.411747 147.252743
864.029188 560.018627 237.001907 148.031066
866.805197 560.063292 237.390203 148.418221
870.842677 559.732516 236.502425 148.675432
873.154768 559.697648 237.449139 149.120030
877.101417 559.723695 237.146307 149.547992
880.099096 559.631230 237.478569 149.472114
883.449800 559.445801 238.372622 149.741688
887.263311 559.211044 237.619425 150.870162
891.936074 559.336744 237.035287 151.257101
896.511267 558.998068 236.111957 150.726037
900.545015 558.885773 236.032623 151.401288
903.582574 557.837171 236.726314 151.374899
908.268795 558.280377 236.115086 151.460036
912.250183 558.122938 236.392400 151.680569
915.825063 557.619432 236.810232 152.120981
920.530159 557.422575 236.673833 151.156423
924.045870 557.374131 237.505563 151.281287
928.177901 557.553716 237.451906 151.041287
932.602766 557.186449 237.452755 152.493465
936.682546 556.441493 237.416316 152.921127
940.701150 556.416315 237.802912 152.287767
945.905076 555.938567 237.615593 153.534779
950.389433 556.028830 236.765681 153.040297
955.238415 555.152752 237.366769 154.582119
959.208133 555.142181 237.259358 154.211452
962.742862 554.949232 238.244991 154.318261
967.455516 554.751138 238.102052 154.798783
972.455537 554.538880 237.340744 154.609224
976.878042 554.446871 237.852082 154.936890
981.921822 554.345807 237.362779 155.409141
985.785640 553.860315 237.421944 156.417203
990.499788 553.759120 237.357242 155.498556
995.589596 553.068849 236.190369 156.696277
1000.255969 552.872440 235.354927 156.892686
1004.878121 552.378475 236.261044 156.604008
1009.367265 552.664963 235.326764 156.263939
1014.541733 552.268695 235.261128 156.645622
1018.100773 551.979258 235.449517 156.838109
1023.210262 552.068834 234.589471 156.521898
1027.411769 552.063581 235.734495 157.388954
1032.144140 551.278948 234.300738 157.736960
1036.320762 550.880087 235.818417 157.809212
1041.389621 550.868997 234.212526 158.326171
1045.566417 550.278944 234.306903 158.523439
1050.476038 550.378471 233.637594 158.702323
1054.677056 550.378471 233.205742 158.878893
1058.982695 549.778219 234.233922 158.474328
1063.476036 549.478946 233.720263 158.674615
1068.450003 548.880347 233.009493 159.288717
1072.541723 548.679927 232.114621 160.197131
1076.339806 548.780217 233.616368 159.830862
1081.935972 548.173883 232.418357 160.375231
1085.696931 547.977655 232.839229 159.439917
1089.872559 548.279194 233.346131 159.154899
1095.109807 547.478824 232.184578 159.601967
1098.541729 547.281607 232.769803 159.727414
1103.329170 546.667651 232.544137 159.885192
1108.109789 546.277025 232.019772 160.068660
1112.532303 545.980082 233.101106 160.649678
1117.294228 545.673003 232.301434 160.034985
1121.999977 544.667648 231.800609 161.475986
1126.357959 543.429763 231.358418 162.030791
1130.715925 543.359292 231.407699 161.989780
1134.274994 541.907262 232.421252 163.174563
1137.482519 542.867186 233.003338 162.702037
1142.058878 543.265279 233.066223 160.758554
1145.634808 542.756208 233.304331 162.017188
1148.926240 541.429598 233.396061 162.793799
1152.419416 540.408372 232.797045 163.954406
1153.648030 538.533175 233.516728 165.342534
1154.180140 538.829018 233.774384 166.155051
1154.435316 539.100795 232.901354 164.000647
1154.970429 539.034094 231.965271 164.890874
1155.083524 539.344066 231.380591 163.314131
1154.425688 539.447026 230.834466 162.889407
1152.814567 539.756212 230.693233 160.863428
1151.070086 539.156729 230.322217 162.940184
1148.895277 539.256724 230.661285 161.558460
1147.534289 539.066413 229.582138 161.208249
1144.916166 538.554483 230.340498 161.780947
1142.843569 539.277026 229.629384 160.068660
1138.824317 538.878966 231.344862 160.383787
1137.153093 539.181262 229.981524 160.093403
1135.102647 538.581013 229.711114 160.019802
1130.943480 539.090457 230.955601 158.820461
1129.526796 538.588620 229.489572 160.115304
1125.938344 539.190326 230.014678 158.808468
1122.020579 539.991105 231.198973 158.493440
1118.938305 539.986813 230.773085 158.262525
1114.677785 539.991105 231.846756 158.493440
1112.431934 540.186450 230.720368 158.225926
1109.020562 540.682266 230.894770 157.276389
1105.901422 541.086534 231.131134 157.795835
1103.725045 541.288313 231.028905 157.932996
1102.515122 541.584010 230.238878 157.637299
1101.814544 542.079094 230.265694 157.464284
1101.599136 542.194225 229.481134 158.965293
1101.286020 542.988085 229.908317 157.806579
1101.268862 543.095079 230.374481 159.683645
1101.924470 543.388353 231.599920 160.539578
1101.663486 543.579455 232.027499 161.546491
1102.156609 544.476554 231.513820 162.127209
1102.734864 545.577116 230.794900 162.297180
1102.690948 546.370539 230.076676 162.989270
1103.139523 547.064684 229.784176 162.485788
1103.543446 547.565505 230.184163 163.640823
1103.510059 548.267245 229.926037 163.392612
1103.044205 549.577101 229.901951 165.681051
1103.275513 551.049824 230.525441 163.429318
1103.313499 552.571811 230.392145 163.450585
1103.156599 553.063316 230.569799 163.235013
1103.743237 554.368931 229.786528 163.019683
1103.128601 555.876894 229.553035 163.843372
1103.276659 557.476552 229.606506 161.498255
1103.054126 559.081946 231.483316 162.030967
1102.931704 560.376600 231.108420 163.282706
1102.976080 561.367708 230.729565 163.501977
1102.638042 563.276593 230.443285 162.836640
1102.829470 564.577105 230.683024 163.112161
1103.183749 565.874889 229.407828 164.883686
1102.986399 567.766602 229.562839 163.498139
1100.885298 568.204204 231.570926 164.839962
1102.415501 571.565951 228.622983 163.399909
1100.860768 573.281613 229.224195 164.413288
1099.706600 574.971249 229.465243 164.446785
1099.201097 576.874875 229.880211 163.511080
1098.029461 578.677504 229.680488 162.648889
1097.449717 580.780770 229.360837 162.181916
1096.311024 581.778229 229.389646 162.642220
1095.984341 584.570763 229.959005 161.120556
1095.381744 586.476597 229.646769 161.999139
1094.198559 587.983342 230.121572 162.012296
1093.099751 589.880097 229.783200 162.900223
1092.241263 591.880352 229.594798 163.963939
1091.059472 593.874880 230.221348 164.516259
1090.554950 596.673290 229.395467 163.748232
1089.593963 598.877743 230.041820 164.733438
1089.216934 601.474295 229.578947 164.499429
1088.397514 603.474634 230.662100 167.872367
1088.727544 606.189734 230.045033 166.664370
1088.760692 608.884710 230.233948 166.456570
1089.210669 611.401562 230.410460 166.038677
1089.405847 614.177875 230.569687 167.712347
1090.176987 616.742058 230.066125 168.583283
1090.870287 620.374795 229.390377 168.773125
1091.401256 623.491431 229.371304 167.951209
1091.453584 625.549937 230.185901 168.705527
1093.234897 628.447216 228.045518 168.947100
1093.776771 632.391276 229.001522 168.444730
1093.790998 635.414297 230.161666 168.574231
1094.308657 638.757297 230.579680 169.170760
1094.908437 642.688540 230.955205 169.585799
1095.828595 645.413075 230.208459 169.621352
1096.471782 649.343477 230.707004 169.711058
1097.615259 653.284218 230.050852 169.697827
1098.584225 656.694375 229.965291 170.674360
1099.727396 659.939248 229.623699 171.963290
1099.880766 664.094425 230.287756 172.063888
1100.855198 667.845138 230.245447 171.240533
1101.801288 671.918865 230.483735 171.273254
1102.801300 675.687741 230.168544 172.766459
1103.855174 680.371048 229.460753 171.579516
1104.667894 684.177825 229.187191 173.966416
1106.000570 688.326278 229.429092 173.846675
1105.988064 692.454213 230.441603 173.826792
1107.268886 696.443800 230.133329 174.628041
1107.966014 701.271620 230.394620 174.504319
1108.966039 705.324352 229.765162 175.148881
1109.401743 709.368881 230.329429 175.601085
1110.043653 714.186629 230.144776 175.609984
1109.892023 715.735944 232.231707 177.970716
1110.215639 720.811876 230.588909 178.446157
1109.856875 722.761290 231.085912 180.640343
1108.306032 728.473695 231.591688 179.013905
1108.047816 730.331585 232.762979 180.778725
1108.072690 736.481883 230.967078 178.827333
1107.574473 738.041749 233.546922 182.784240
1108.613105 743.621961 231.257683 180.531421
1109.023633 746.289850 232.867563 183.348956
1110.301654 751.326782 230.413479 181.901955
1110.612087 753.680874 232.443122 184.207717
1112.007036 757.846942 232.073878 184.491353
1112.777999 761.031478 232.620152 185.718549
1112.648680 764.582778 233.834740 186.956009
1114.074096 767.471040 233.450596 187.982573
1114.743974 771.142133 233.466391 188.834203
1116.146212 774.634142 233.020562 189.269355
1117.376522 777.724470 233.268362 190.767970
1117.076691 780.554432 235.487617 191.272430
1117.132226 783.744584 237.109782 191.495087
1119.105383 786.805131 235.727938 192.210606
1120.261241 788.001080 236.098495 193.802205
1121.430996 789.738684 235.996265 194.640829
1123.079893 791.014742 235.146355 194.041102
1122.648468 790.725742 236.662841 194.896514
1124.577492 790.411869 236.086829 195.183313
1124.335664 789.058114 236.886308 196.792679
1125.215132 787.869429 236.872952 195.873781
1125.897527 785.187819 236.596286 196.816309
1126.450785 781.337145 235.678334 197.302622
1126.142901 777.991748 236.509122 196.803368
1125.669449 772.563116 237.301378 198.225099
1126.735113 767.718075 235.938355 198.162884
1126.579405 761.159775 236.824812 198.648129
1125.006743 754.878337 237.712048 199.363970
1125.713474 748.284607 237.350512 199.927238
1124.812043 742.161679 237.336118 200.210609
1124.646372 734.261586 238.256622 202.338426
1124.195538 727.204479 237.758031 201.957940
1122.026449 720.760724 238.029225 200.982528
1119.819736 712.906913 239.231798 202.939548
1117.475097 704.667699 239.272789 202.719227
1114.988698 694.702748 238.508877 204.783936
1110.118649 685.247289 239.403415 203.630102
1105.732943 674.396958 239.405923 204.483949
1101.207860 663.887402 238.500947 206.203966
1096.051604 653.650569 238.609127 204.949022
1090.478397 643.290296 239.366042 205.986095
1086.028122 633.259632 239.642353 203.865841
1081.338297 622.280712 238.529069 204.008719
1075.094453 609.165009 237.785478 205.045505
1069.143221 596.832646 238.984318 204.138018
1063.133264 584.762410 237.948542 202.250774
1056.351773 572.491744 239.109084 203.374517
1049.581568 559.033710 238.643107 203.502233
1043.660992 547.619986 238.990169 203.280549
1036.657734 534.940610 240.013866 202.738869
1031.030119 522.852366 238.435942 202.114056
1023.810653 512.167342 238.136575 199.406792
1017.158100 501.155654 238.629826 199.917390
1012.714379 493.328990 237.509957 198.666820
1006.259029 485.865882 237.070672 198.310594
1001.994778 479.238158 236.384956 199.399397
996.264670 475.207537 236.360008 198.394671
993.686869 473.838781 235.128664 197.495130
992.188087 473.867140 235.093564 196.412466
991.344238 473.620321 235.451574 196.192714
990.816688 473.305975 234.508800 196.507060
988.791152 473.234198 235.109127 196.347116
987.107595 473.338722 235.688231 196.754041
986.306539 472.867130 235.602278 197.045210
985.306514 473.333901 234.975139 196.601593
984.816681 472.569960 234.665296 197.752704
983.069583 473.111230 235.525205 197.081499
981.951073 472.972371 235.643749 196.813019
981.188106 472.481603 235.093564 197.839638
979.550912 472.358001 236.150453 197.934317
978.988336 472.023689 235.353083 197.727798
977.669477 471.988642 235.403082 197.819210
977.142930 471.743674 234.929630 198.549380
976.142873 471.321294 234.773004 198.713726
975.497173 470.897732 234.106220 198.623704
974.733000 471.392606 233.403469 197.157677
973.090284 470.589667 233.654274 197.632930
972.405534 470.500593 233.296174 197.592170
971.560446 470.079764 233.339862 197.120080
970.442992 469.484354 232.835906 197.102256
969.363846 469.344728 232.957021 195.763150
967.462252 468.991357 233.127706 196.285649
966.949969 468.030275 232.370929 196.837179
965.295620 467.750149 232.927904 195.493571
964.520283 466.875526 232.842195 196.404431
963.481220 466.135178 232.221660 195.972701
961.805596 465.141947 233.077480 195.626654
961.921337 464.574167 231.907458 195.056926
960.834464 464.136938 231.374597 194.418662
959.238143 463.335863 232.570696 194.983018
958.314185 462.595006 232.609621 194.935949
958.027819 461.699330 230.988436 195.082366
956.354893 460.501132 231.527315 195.316343
955.184563 459.929014 231.331752 194.626577
953.937799 458.919036 231.716043 195.023488
952.249445 458.105679 231.500457 195.062938
951.067958 456.885081 232.065880 194.922392
950.067944 456.001357 231.448362 195.923584
949.261292 454.442764 230.908114 196.088191
948.363002 453.059060 231.250742 196.739383
947.261246 451.404802 231.061587 197.368085
946.455545 450.104736 230.827131 198.300275
945.983359 448.853474 229.778992 198.782304
943.988543 447.893656 230.682329 198.639703
943.751226 447.399518 228.943372 197.595182
942.114929 445.622794 229.940866 199.092576
941.286088 445.065391 230.629796 198.442772
940.169598 443.428807 230.746270 198.951967
939.830605 443.399518 230.044217 197.850486
937.560062 442.510320 230.845809 197.262566
937.965035 441.193564 229.317659 197.832515
937.751962 440.427626 228.631063 197.751138
935.882763 439.570451 229.258164 197.248398
935.790186 438.780250 228.632008 197.421611
933.937767 437.977025 229.874315 197.609845
933.539679 436.599280 228.562375 197.560091
932.444326 435.871996 228.977855 196.698888
930.922825 434.698548 229.408370 197.145771
929.650335 432.833879 229.794588 197.224576
928.130459 432.268994 230.405530 197.291898
928.348481 431.652949 228.667800 196.632781
926.211078 429.224298 229.183733 197.481085
925.693854 427.939318 228.751060 197.371727
924.286590 426.661742 229.221842 198.695847
923.307899 426.442765 228.340329 196.590535
922.252989 425.628776 228.141814 196.855671
919.862431 424.931620 229.079011 195.923590
918.790657 423.628775 228.755742 196.600662
917.386327 422.488797 228.641196 196.594353
916.714122 421.837560 227.832284 196.646893
914.150518 420.827022 228.708085 197.042279
914.135382 420.605701 227.524769 196.598597
911.484394 420.899719 228.192798 196.639283
909.906326 420.557649 228.035062 196.184205
908.079530 421.622464 227.929076 195.143130
905.714624 422.026342 229.602909 195.635875
904.327141 422.806619 227.714026 196.486665
902.947065 423.388338 227.279953 196.637662
900.368471 425.136582 228.008338 196.708134
898.790621 426.497431 227.699591 196.795847
897.310951 427.698660 226.950046 196.327338
896.139036 430.057304 226.424105 194.994436
892.686732 432.021265 228.048471 195.114277
893.053904 433.874677 226.566964 194.689870
891.304229 436.529214 225.836352 195.262519
890.221944 438.919421 225.662413 195.740638
889.044016 442.827619 224.727810 194.057083
887.764247 445.995245 225.188115 195.022010
885.577561 449.057798 225.745071 195.288486
885.134966 452.237463 224.749415 194.818195
882.870065 455.063744 225.969274 194.478139
882.085997 458.352446 224.868420 194.879930
881.403916 461.063752 223.918711 195.662603
880.604536 464.770879 223.532369 195.088109
880.210191 467.894692 222.365265 194.856780
878.872278 470.725624 222.218423 194.901214
878.027231 473.017243 222.284317 194.172811
876.619925 476.843618 222.723177 192.769330
874.534325 479.668300 222.955548 192.705766
874.450898 482.168341 222.071524 192.684768
872.961461 485.380167 222.043384 192.635934
872.719054 488.693428 221.389858 193.096226
871.830850 490.189753 221.573921 194.337489
871.377171 491.840567 220.450974 194.113054
870.271045 493.482713 221.690223 193.359388
871.201142 494.461548 219.803713 194.126973
870.766484 496.198881 220.077138 193.539474
871.099375 496.800992 219.891741 193.933461
870.655399 497.388163 219.893913 193.198021
870.066480 496.576310 219.703844 194.647072
870.166956 497.058313 219.499779 193.511365
870.284750 495.269900 219.073484 194.576590
869.988461 494.238669 218.538068 194.462946
869.621322 492.650749 217.695336 194.443611
869.107942 491.712788 217.960727 194.026503
868.333553 488.854637 218.155090 194.265516
868.328579 487.579793 217.304720 193.898969
867.960898 485.819774 216.896851 193.812197
867.263005 483.198657 217.397490 194.693879
867.026981 481.889796 217.092559 194.723675
866.988634 480.062244 215.779994 194.925513
866.992584 479.025877 216.326327 194.229329
867.864891 476.406198 215.164193 195.483147
868.234566 474.716990 214.848163 195.549416
868.864894 473.130922 214.156688 194.393893
869.386225 471.405953 214.405579 194.266736
870.728201 469.269672 212.545491 194.520150
871.078161 467.213070 211.173032 194.376328
870.845685 465.515346 212.726313 193.704577
871.873960 463.478145 211.247911 193.726720
871.691225 461.045324 211.116126 194.077329
872.012999 458.899068 210.794352 195.072553
872.074811 457.482969 210.851257 194.855110
871.752880 455.026749 209.498183 194.413028
871.913231 452.736281 209.354077 194.507696
871.273171 450.256466 209.714626 195.242382
870.905807 450.122989 209.090016 192.900832
871.430346 446.302194 208.597960 195.717413
871.283989 445.553278 208.084293 193.931204
871.112214 443.911606 207.529613 193.505290
870.794579 442.089784 207.834785 193.567566
870.423545 440.534073 207.452931 193.564165
870.265657 438.241363 207.257290 193.740829
870.426940 436.634850 205.958629 193.148728
870.311147 434.735774 205.835457 194.166843
869.947426 433.011463 206.045102 193.430990
869.892280 430.981089 205.608912 194.241387
869.683637 428.849777 205.994876 193.675967
869.682009 426.981079 204.867526 194.441004
870.252306 425.764491 203.432545 193.557711
869.557905 424.230207 204.074788 194.091598
869.405725 421.800097 203.128376 193.970137
869.345950 420.462693 203.915283 194.887786
869.254028 419.359386 202.595140 193.426120
869.849008 417.183718 203.072288 194.281722
869.557905 414.513075 202.991361 195.441282
870.438997 413.796309 202.262219 194.652985
870.077360 411.933228 202.203188 194.897073
870.595110 411.490124 203.037583 192.934872
871.332554 409.100933 201.962552 194.878441
872.625465 408.361234 201.871055 194.098881
874.081465 406.388020 201.703100 195.974348
875.102637 406.520886 199.869772 195.201545
875.911018 405.841500 201.244577 195.532355
876.830715 406.876336 200.449864 194.245208
877.957566 405.770601 199.992849 195.494013
879.216767 406.618105 198.916685 194.041967
879.732090 405.744559 200.143055 195.553413
881.420276 406.113597 197.917625 195.020376
882.744577 406.549649 197.921211 195.268662
883.946221 407.227627 197.320214 194.954692
884.791554 408.395453 198.421999 194.303280
886.570183 409.549879 196.277511 194.007833
887.088791 411.577906 196.945909 193.140997
888.389672 412.850882 196.512477 193.764864
888.787273 414.063973 196.324170 193.500096
890.613308 415.676595 194.740967 193.434829
890.462021 416.781555 196.163527 193.564222
892.388396 417.885172 194.200131 193.833733
893.483997 420.358412 193.343111 192.378561
893.313801 420.483545 193.902363 193.747707
895.095882 422.374859 192.754053 193.101120
895.978332 423.700492 191.325616 193.556174
896.520672 424.236859 191.171001 194.785626
897.569768 426.372866 190.480638 194.036949
897.454903 428.045658 190.850834 194.139737
899.085391 428.839598 189.097399 194.789775
897.881776 430.783060 190.047145 194.246192
899.414854 432.454886 188.136884 193.939842
898.182677 433.985990 188.636210 193.792668
899.135170 435.163933 188.302957 194.243214
898.734290 436.656479 187.830106 193.750665
899.175023 438.309706 187.145089 193.686621
898.408897 440.308700 187.166081 193.603606
898.226530 441.424911 186.358902 193.385414
897.946555 442.167640 186.017390 193.784717
897.859546 442.527927 185.239569 193.926130
897.771247 442.122151 185.315769 194.505135
897.140251 441.735191 184.253567 194.949147
897.059791 440.680781 183.813932 195.946505
897.396766 440.080360 182.616804 195.603978
896.494832 438.114637 182.540222 196.587648
896.493593 437.548524 182.139745 196.675307
896.303250 436.248393 181.376483 196.850030
895.637809 435.941179 182.016841 195.826572
895.638519 434.511600 181.040203 196.231766
894.783788 434.070015 181.275803 195.539754
894.689119 432.641766 180.397570 195.648673
895.153289 431.803775 179.998064 195.055689
893.557956 430.537075 180.937263 195.656722
894.346844 430.224739 180.186141 194.361331
894.260575 428.433348 180.387299 195.822340
894.401575 427.140401 178.980082 196.014657
894.577378 425.737577 178.740086 196.456217
894.397128 425.302793 178.018143 195.027075
895.329230 424.195980 177.509854 194.580841
895.265521 422.268602 178.451697 195.838719
897.203293 421.696993 177.111075 194.868061
897.749969 419.868017 176.615975 195.260205
899.194447 418.799812 176.373395 194.621476
900.077549 417.402033 176.166412 195.152333
901.833989 416.564377 175.146282 194.815214
903.499791 415.566799 175.324531 195.666166
904.169472 416.504768 174.345083 195.812907
905.590659 415.801381 174.182069 195.178626
907.930293 417.541680 172.991994 195.637231
907.365095 417.880374 173.907907 195.767774
909.380521 419.525580 173.237912 194.002938
909.674174 419.645466 174.349375 195.497549
911.749720 422.431510 173.057097 194.716765
912.238805 422.622850 172.573068 195.856952
915.559659 425.311519 171.083461 195.497660
915.270853 426.406764 172.028069 195.895939
917.044396 428.545105 170.541859 195.763390
916.706947 430.425185 171.636439 195.739850
919.075832 433.067549 170.752341 195.808245
919.082036 435.307787 170.991124 195.692965
920.452299 438.072250 170.351047 195.429041
921.591886 439.798937 170.089432 196.628677
922.986886 442.945353 168.917953 195.957589
923.643047 444.416688 168.354549 196.636760
925.322796 446.943546 167.786433 196.548420
925.878279 449.701867 167.834879 195.451386
926.664274 451.571161 167.816776 195.769971
928.017788 454.470028 167.684293 195.708823
928.575737 456.835683 167.465349 195.541874
928.035378 458.699668 168.280899 195.840591
930.108932 461.966621 166.767560 195.851231
930.983850 463.558555 166.223196 195.748200
931.736740 466.091166 166.720514 195.273314
932.859745 468.727861 165.575111 195.334158
933.087730 471.481729 165.767411 194.607227
933.789196 473.603144 165.886257 195.741836
935.522607 476.218910 164.190150 195.145575
935.630783 478.994815 164.871314 195.171499
937.013056 480.851193 163.856995 196.253108
938.567914 484.376759 163.819718 194.627894
938.684697 486.493186 164.156094 195.097872
940.102889 489.122076 162.967564 194.647245
940.298795 491.522636 163.820036 194.285045
941.292139 494.270274 163.227588 194.772520
941.982712 496.509351 162.858100 194.443009
943.035470 498.519801 161.936854 194.056700
943.272409 500.530877 161.858082 193.180652
943.283013 500.476547 161.396294 194.764594
944.247426 500.726417 159.853878 194.010410
944.067603 500.095154 160.084741 194.386260
944.098167 499.326120 159.451327 194.695201
944.644747 498.037687 158.087332 194.478893
944.037983 496.556100 158.249480 195.207916
942.896924 495.009978 158.208235 194.679290
941.696578 493.783319 158.489919 194.366580
940.696544 492.156075 157.290974 195.126159
939.395636 490.485224 157.678355 193.980452
938.349468 488.796068 157.314399 194.178827
936.497184 486.901334 156.781006 195.012213
935.094418 485.796061 156.576425 194.945872
933.603987 484.169102 155.870174 194.265942
931.510425 482.287901 155.554325 194.812422
928.571395 480.556157 156.011453 194.544152
925.955939 479.049037 156.426585 195.070753
923.325991 477.408073 155.981888 193.819944
920.699188 476.128517 156.048397 194.004635
917.571378 474.556162 155.438384 193.877011
914.116795 472.436962 155.302677 193.535930
910.475568 471.143878 155.904973 193.332898
908.228769 470.032160 155.139855 192.414916
904.193728 468.027430 155.596207 192.323084
901.563471 466.687755 155.174745 192.325526
898.733661 465.556096 154.623329 192.457187
896.893320 463.403048 153.916851 193.448309
894.411937 462.424252 154.806289 192.969133
892.496452 461.159937 154.914884 193.138296
891.422374 460.179583 154.182736 192.660378
890.118991 459.589915 154.071665 192.071405
888.759114 458.344850 153.634952 192.042634
887.540030 456.985037 154.115038 192.333872
887.010146 456.098473 153.449429 192.305686
886.787578 454.853728 152.964876 192.086064
887.631935 453.886848 152.097802 191.983908
889.067871 452.512807 152.130536 191.892866
890.582820 451.118198 152.213797 191.721579
893.430893 449.363686 151.885820 191.933233
896.908075 447.986242 151.101640 192.136221
900.197877 446.627773 150.992416 191.669142
903.803158 444.779325 151.492793 192.278704
907.462214 443.098789 150.752025 192.104061
911.275876 441.647524 151.539546 191.939047
916.008984 440.137587 151.353760 191.334513
921.682049 438.910849 151.079115 191.111971
926.584744 437.552372 152.409738 191.208404
932.865613 436.022414 152.093404 191.368565
938.943115 434.891074 151.693470 191.594062
945.316147 433.663366 149.956796 191.844145
950.350459 432.552372 149.336374 191.020776
954.550546 431.998152 148.668795 190.505571
958.668873 430.879497 148.728987 190.428357
962.429906 430.920466 149.352434 190.605368
966.602369 430.897941 148.693067 191.664662
971.323305 431.926186 147.896020 191.301827
974.740983 432.692900 148.939347 191.441163
979.246270 433.798336 148.177181 192.577351
983.246266 435.159264 147.871304 191.615395
985.199546 436.309546 147.204809 192.326571
985.540101 437.178721 147.516922 191.860286
985.590343 436.890242 147.009270 192.031296
984.639408 436.782832 147.072801 191.762205
984.278887 436.652429 146.433322 191.327487
983.568819 435.936630 146.443431 192.175838
982.639409 435.652418 146.609841 192.554671
982.068624 435.140909 146.906541 192.518354
981.510418 435.010313 146.623171 192.648950
981.465644 434.617254 145.947088 192.285446
980.409092 434.294528 146.695898 192.365344
979.670188 434.271372 146.556289 191.914588
979.438182 433.390965 146.460340 192.721353
978.590337 433.271378 147.009270 192.293078
978.301004 432.879497 146.625700 192.495597
977.590343 432.617265 146.822407 192.568701
977.221208 432.368204 147.079834 192.932662
976.292494 432.105979 147.804697 192.815562
976.563299 431.987918 146.953303 192.859469
975.741172 431.726096 147.842167 192.646912
975.852328 431.215156 147.244846 193.273698
975.372615 430.820987 147.442279 193.192792
975.004184 430.737944 147.043570 193.705660
974.875813 430.159989 146.779079 193.191213
974.692615 430.248906 146.469006 192.979107
974.301019 429.748479 146.439534 193.385578
973.852340 429.726097 146.588342 193.121291
973.858048 429.629641 146.536902 193.337326
973.380754 429.237184 147.108321 193.443980
973.403837 428.952580 146.550632 193.251073
972.981441 429.118476 146.852095 193.395615
973.329995 429.379092 146.297481 193.517294
972.932089 428.974565 146.415426 193.421260
972.937435 429.105978 146.645919 193.670376
972.532746 428.820989 146.721712 193.572722
972.568048 428.857072 147.097884 194.039315
972.875814 428.835415 146.499227 193.867884
972.642932 428.857072 146.967890 193.275698
972.852323 428.594879 146.309310 193.633129
972.619671 428.463481 146.775294 194.528654
972.746795 428.573243 146.421652 193.176373
973.333367 428.760004 145.686720 194.740792
973.119633 428.425008 146.396974 193.778645
972.852323 428.463481 146.681632 193.764527
972.881561 428.726091 146.635045 192.457597
973.306995 428.652421 145.919475 193.219690
973.227602 428.748485 146.559457 193.100520
973.465644 428.760004 146.415402 193.016342
973.386366 428.617265 146.400693 192.757830
973.703223 428.521787 145.990034 192.780124
973.597293 428.521787 146.208031 192.875034
974.097994 428.259940 145.783051 193.898103
973.937420 428.368196 146.269790 193.408151
974.649101 428.237176 145.558109 194.303148
974.250524 428.331874 146.003951 193.230724
974.544893 428.401551 145.126487 193.878244
974.783280 428.354246 144.743317 193.589717
974.522584 428.377306 144.936213 194.042203
974.783280 428.485859 144.928935 194.793942
974.333352 428.314532 144.668438 194.366632
974.726784 428.090394 145.060275 195.093571
974.409431 427.935870 144.832085 194.864861
974.885316 428.105971 144.762285 195.202268
974.885316 427.935870 144.484635 194.482798
974.861910 427.997309 144.664687 195.213801
975.121046 427.670871 144.619477 196.378294
974.988149 427.761013 144.281278 194.823081
975.723100 427.027102 143.803497 195.106961
975.176781 426.958197 144.219161 197.153596
975.146151 426.849582 144.306030 196.621064
975.302581 426.627635 144.003062 196.391767
975.279302 426.670877 144.236653 196.089287
974.931080 426.803458 144.947316 194.710640
975.042531 425.782898 144.512382 197.490634
975.408397 425.962694 143.888548 195.164168
975.412834 425.560379 144.350728 196.007256
975.279302 425.271875 143.962213 196.295906
974.884737 425.271875 144.722977 195.911894
975.302581 424.494025 144.003062 197.296481
974.717928 424.849583 144.349159 195.758106
974.963947 423.737034 143.946219 196.926918
974.988342 423.494026 144.317301 197.296481
974.666832 424.006079 144.398316 194.765750
975.196046 422.490611 143.752211 195.738595
974.445055 422.825797 145.617493 194.118160
974.963947 421.916122 144.313687 195.815841
974.250524 421.538082 145.173766 194.689927
974.016722 420.916114 145.168824 194.100145
974.019133 420.314527 144.376815 193.796509
973.838739 419.716217 144.528378 193.470814
973.917896 419.245502 144.394794 193.414367
973.760846 418.095188 144.091677 193.450516
973.524869 417.757351 143.962349 194.114103
973.468327 417.640378 144.174384 193.493803
973.289189 417.152223 144.048653 193.529098
973.055769 416.625309 143.712903 192.732015
972.809095 416.438749 143.825330 191.448802
972.560877 414.922600 143.716895 193.166909
972.446109 414.269354 143.617423 193.106457
972.599573 413.384849 142.857928 193.160447
972.266321 413.332728 142.797840 192.870958
971.875345 412.806529 142.828052 192.173784
971.354111 412.227279 143.539158 191.283667
971.401988 411.095814 142.722022 192.257376
971.246104 410.358544 142.787310 191.900858
970.933675 409.489567 142.291042 192.522066
970.329171 409.358534 142.957708 191.152406
970.474515 408.122373 142.406758 191.759137
969.697376 407.516136 143.275088 191.178575
969.228463 406.358540 143.380017 192.464651
969.188249 405.557442 142.605098 192.346097
968.639018 404.964166 143.182017 192.014091
968.326123 404.498800 142.682357 191.778932
967.775331 403.608985 142.561749 192.477202
967.053739 403.489567 142.768142 190.276709
967.145042 402.160586 142.704889 190.892384
966.600539 401.291252 142.705025 190.854945
966.538055 400.516136 142.193140 190.619651
965.896473 399.674330 142.712876 190.829963
965.538062 398.777649 142.645585 190.544206
965.300099 398.029702 142.458695 190.094327
964.971499 397.455364 142.031823 189.862838
964.501560 396.709779 142.346239 189.688467
964.049087 396.228121 142.314832 190.286534
963.286155 395.325705 143.047871 190.458197
963.382520 394.682051 142.079039 191.024738
962.600511 393.635938 142.434910 190.766118
962.377534 392.898641 142.472371 191.154321
962.226767 392.291255 141.788315 191.134965
961.906819 391.674335 141.792570 190.457948
961.822162 390.449452 141.541796 190.041486
961.341333 390.127383 141.809500 190.194648
961.126679 389.449454 141.429272 190.041486
960.055855 388.997883 142.362025 188.656725
960.572947 388.127383 141.577880 189.080876
960.333806 387.252861 141.935580 189.869084
959.734011 386.613030 142.295015 190.538816
960.215876 385.935497 141.303553 190.568804
959.501544 385.353844 142.346239 190.331566
959.519347 384.709787 142.000082 190.338696
959.590798 384.743343 142.136125 189.864727
959.590798 384.098821 141.682768 190.696291
959.513562 383.449452 141.220848 191.065210
959.513562 383.325701 141.399963 190.925394
959.436304 383.228130 141.656924 190.566983
959.436304 382.709790 141.119627 190.804874
959.888951 382.483549 140.958811 190.948862
959.513562 382.223989 141.399963 191.114838
959.447076 382.325696 141.252332 191.676047
959.215883 382.325696 141.664135 192.052780
960.157864 382.428011 140.753852 192.903514
960.149069 383.686774 140.707033 192.454868
960.915184 386.377185 140.661892 194.305692
961.942410 391.811505 140.545559 195.788139
962.289262 397.785701 141.290122 195.726051
962.221120 404.130397 141.333262 196.289910
961.855584 409.876873 141.908156 194.514866
961.748778 414.278607 141.649979 191.985291
961.454938 415.714002 142.122130 191.522562
961.532293 415.941595 141.503136 190.765186
961.364025 416.486126 142.122377 189.748625
961.667985 416.357226 141.695973 190.157430
961.273064 416.486126 142.290619 190.121938
961.667985 416.228123 142.150055 191.035562
961.995215 416.200375 141.581853 191.069174
961.483267 416.584860 141.915789 190.012574
962.283379 415.839679 141.717399 191.424005
962.300067 415.941595 141.735358 191.327954
962.532289 415.682043 141.863578 191.493545
962.686816 415.682043 141.618724 191.399674
962.686816 415.811899 141.799604 191.928229
963.157936 415.253810 140.946152 191.534279
963.052996 415.455364 141.947770 191.734662
963.389505 415.686768 141.251665 191.981127
963.067386 415.941595 141.431756 190.952518
963.360013 416.098815 141.366917 191.446768
963.215857 415.935490 141.573717 191.972207
963.774377 416.168438 140.866793 192.594110
963.178594 417.071094 141.508989 190.448590
963.428468 416.709781 141.509843 191.460041
964.061193 416.682051 141.090733 192.058084
963.841111 417.071094 141.374234 191.952105
963.841111 416.908127 141.284181 191.535166
963.763984 417.584865 141.541551 190.572683
963.822136 417.614821 141.813819 190.930761
963.906807 418.229358 141.433213 190.302791
963.656570 418.513965 141.740749 191.518325
963.763984 419.200373 141.994773 190.506407
963.751990 419.614829 141.677677 191.307427
963.763984 420.458365 141.813076 190.999203
963.596946 420.972150 141.832721 191.123696
963.532285 421.587058 142.135556 190.494662
963.751990 421.972143 141.857333 191.689521
963.841111 422.038383 141.374234 191.780637
963.964560 422.972148 141.968034 190.841554
964.061442 423.357683 141.637935 192.346943
964.003284 423.655063 141.818074 192.184652
964.080641 424.302459 142.193891 191.820851
964.080641 424.944762 141.921505 191.062518
964.138681 425.715579 142.104246 192.065126
964.241928 426.173384 141.914968 192.328865
964.086596 427.173382 141.890747 191.194942
964.215851 427.458358 141.936068 190.999203
964.292976 427.584859 141.768163 191.228835
963.984159 428.357674 142.167761 191.020802
964.222567 428.200381 141.633513 191.069174
964.292976 428.455362 141.858943 191.358337
964.067382 428.941598 141.878253 190.858830
964.061442 429.100853 142.090477 192.223680
964.086596 429.784943 141.444369 190.645047
963.976087 429.483543 142.207993 191.417640
964.389498 429.428009 142.067367 191.109114
964.300058 429.714155 141.645577 191.570090
964.067382 429.682042 142.057906 191.399674
964.003284 429.682042 142.180331 191.775519
964.389498 429.784943 141.703336 191.301239
963.834205 429.682042 142.561653 191.681512
964.241928 429.914618 142.185484 191.265533
964.377526 429.682042 142.199530 191.212070
964.609567 429.811897 141.967489 191.739806
964.693305 429.908144 141.947851 191.253998
964.532280 430.200373 142.135556 192.295849
964.474505 430.002765 142.224789 192.083414
965.092279 430.660174 141.607015 191.163017
964.751983 430.455372 142.037578 191.828890
965.003278 430.524975 141.818074 191.467280
964.763980 430.941589 142.360122 191.421960
964.538023 430.777655 142.193140 191.571865
965.080634 430.647013 141.560522 191.608769
965.302735 430.941589 142.096936 191.233993
965.145050 430.811893 141.980279 191.551657
965.389492 430.941589 142.067367 191.515967
965.609608 430.908137 141.876845 191.628995
965.454967 430.941589 142.394972 192.081597
966.015226 431.011797 141.684055 192.661200
965.629254 431.002775 142.343186 192.553945
966.100750 430.881517 141.661756 192.318785
965.848444 431.298333 142.244423 192.086082
965.790740 431.133612 141.702262 192.328865
965.861010 430.871710 141.929187 192.308448
965.861010 431.264290 142.111429 192.386718
966.178110 430.608987 141.404574 192.665232
966.080673 431.038392 142.102974 191.686626
966.312402 430.777655 141.508989 191.853398
966.080673 431.200369 141.921505 191.163181
965.984191 430.941589 141.715219 191.987227
965.538062 430.777655 141.655193 192.606760
965.241914 430.608987 141.735414 192.759338
965.147351 431.011797 141.984318 192.094121
964.848405 430.777655 142.153734 192.701226
964.945872 430.751078 141.726702 191.508307
964.918189 430.291245 141.840564 192.921000
964.713131 430.358527 141.422534 193.314470
964.564138 430.358527 141.923822 192.653099
964.086596 430.358527 142.250492 193.030634
964.339769 430.368524 141.848227 192.475343
964.319514 430.133603 141.837382 192.517396
964.319514 430.394730 141.300407 192.256268
964.080641 430.029694 141.560522 192.333856
964.003284 429.908144 141.908400 192.665255
963.603254 430.401417 141.909696 191.233600
963.686812 429.935504 141.528534 192.442987
963.397000 430.168449 141.580310 191.368690
963.370039 429.412438 141.509953 192.683413
963.783793 429.914618 140.747140 191.265533
962.888721 429.709783 141.868709 191.835801
963.003291 429.516150 141.547963 192.868271
962.783806 429.227279 141.283249 192.595912
962.551890 429.524977 141.965963 191.749234
962.360184 429.944752 141.635149 190.686291
962.281590 429.579728 141.811645 192.154030
962.312382 429.264282 141.599314 192.292430
962.080654 429.524977 141.650529 191.843341
961.848425 429.291249 142.244423 191.884338
962.312382 429.264282 141.238878 192.009929
961.841120 429.160575 142.008790 192.015011
962.080654 429.298323 141.560522 192.086082
961.848425 429.298323 141.702836 192.748437
961.706575 428.608980 141.450316 194.083068
961.494934 428.451166 141.693093 194.531437
961.593824 428.161915 141.624856 194.253847
961.516255 428.463763 141.522944 194.737558
960.783591 428.557439 142.158509 193.668481
961.431101 428.332728 141.452381 194.295153
961.199129 428.332728 141.414409 194.486086
961.044222 428.293970 141.479641 194.407082
960.754503 428.557439 141.428829 193.573629
961.344188 427.657122 141.295249 195.230225
960.833067 427.631770 141.542417 194.309777
960.655970 427.806529 141.778354 194.821352
960.516249 427.913389 141.612615 194.241551
960.739626 427.277171 141.053737 196.019960
960.616096 427.340928 141.007465 195.553529
960.916077 427.252225 140.370268 197.398295
960.708116 427.159777 140.876225 197.241326
960.708116 427.317146 140.697509 197.501229
960.553622 427.159777 140.941292 197.529822
960.654916 427.538483 140.869566 197.346559
960.361032 427.513559 141.148950 197.340742
960.886604 427.270633 140.906537 198.000886
961.117829 427.404662 140.317377 197.770145
960.541580 428.050083 141.276970 196.420248
961.016505 427.428057 140.747242 196.973045
961.093453 427.695509 140.580499 196.801697
960.480981 428.207492 141.361172 195.496283
960.839105 427.318155 141.255395 197.175459
961.412960 427.805525 140.686212 195.830256
960.871177 428.293970 141.148119 196.130010
960.661272 428.207492 141.180881 197.028498
961.181430 427.916252 140.560889 197.805463
961.181430 428.050083 141.186973 196.516171
961.476280 427.828936 140.751179 196.668271
961.234996 427.671748 141.013810 197.468005
961.644006 428.183707 140.814417 196.286624
961.684907 427.671748 141.138822 198.142772
961.973688 427.893263 141.065409 197.927828
962.051162 428.136418 140.987935 197.845150
962.267607 428.136418 140.900649 197.459458
962.335830 428.317147 140.763343 198.374131
962.591816 428.355969 140.536689 198.271605
962.732183 428.672119 140.613886 198.180869
962.206804 429.136418 141.215608 197.363162
962.577555 428.732506 140.679515 198.249061
962.500126 428.597484 140.668130 199.449850
961.997983 428.793263 141.090302 199.126265
962.199265 428.793263 141.268123 199.126265
962.925469 428.793263 140.411055 199.709241
962.891151 429.468392 140.661412 198.839555
962.060112 429.574912 141.656687 199.865088
962.210794 430.042524 141.212162 199.558533
962.328424 429.465611 141.276189 200.002797
962.596043 430.177541 140.775864 199.716302
962.506960 429.738712 141.097652 199.148466
962.357043 429.521786 141.739750 200.468219
962.517551 430.156936 140.733852 199.249046
962.267504 429.624001 141.829289 199.166123
962.238923 429.822962 141.443459 200.894085
963.284253 429.660651 139.975129 199.193402
962.602385 429.950883 140.882824 198.386914
962.960916 429.815431 140.678640 199.199421
963.244235 429.844780 140.463597 199.985987
962.483702 429.657638 141.439926 199.164931
963.127238 429.688143 140.788547 199.558709
962.573675 429.385726 141.117682 199.727890
962.950746 429.417899 140.809314 200.807535
962.992805 429.170804 140.517630 200.589323
963.170696 429.228161 140.571809 200.665681
963.081832 429.091701 140.660673 200.704484
962.903592 429.500430 141.149146 200.491117
962.635162 428.620531 141.107343 200.653622
963.362244 428.854024 140.917805 201.471507
963.231315 429.207622 140.484141 200.198360
963.021263 429.282475 140.902365 199.964376
962.814263 429.011024 141.316173 200.431043
963.170696 429.396912 140.882042 199.850718
962.879411 429.011024 141.182949 200.138314
962.545368 428.955056 141.429719 200.548530
963.274554 428.854024 140.927311 200.784667
962.398847 428.990055 141.327808 200.355236
962.922352 428.581357 140.967335 200.763933
962.365360 429.125876 141.145075 199.634243
962.506960 428.738713 141.408825 199.729696
962.365360 428.500430 141.687379 199.711068
962.455434 428.636262 141.519653 200.453082
962.745342 428.854024 141.144345 199.226198
962.663485 429.063922 141.260144 199.244025
962.212881 428.793263 141.633277 198.159555
962.535681 429.113807 141.094470 198.644661
961.907865 428.815425 141.567249 198.522367
962.848555 428.574904 140.757816 199.767536
962.122329 428.928697 141.646406 198.410035
962.357043 428.979382 141.350789 198.779085
962.177826 429.198962 141.297288 198.139770
961.960922 429.086099 141.220450 198.251693
961.960922 429.355963 140.987889 197.885345
962.128544 428.597484 140.821285 199.644428
962.021246 429.198962 140.515570 198.623612
961.602390 429.221135 141.346420 198.406433
961.802484 429.113807 140.672599 198.644661
961.422234 429.221135 141.294570 198.406433
961.267473 429.221135 141.285060 198.116657
960.907834 429.221135 141.722286 198.309764
961.087955 429.063922 141.387129 198.274810
960.907834 428.979382 141.722286 198.681996
961.463181 428.249486 140.783701 198.896173
960.997952 428.979382 141.709849 197.617809
960.960928 428.893269 141.687052 196.482416
961.257708 429.317147 141.647958 195.961614
961.056338 429.228015 141.777308 197.040277
961.206805 429.136418 141.293060 195.926252
961.234996 428.537324 141.193825 197.314177
960.846423 429.601848 141.421409 195.129675
960.511046 428.986344 141.431048 194.883295
961.135104 428.631775 140.904089 194.783993
961.508303 428.806536 140.747402 195.012285
961.431101 429.070048 141.092762 194.462442
961.508303 428.657116 140.836666 195.135106
961.970415 429.070048 140.732982 194.557840
961.649839 428.789944 141.090476 194.527323
962.047251 428.938395 141.016910 193.359827
961.861018 429.524977 141.295872 192.787638
961.783819 429.385076 141.915469 192.528061
962.092274 429.394732 141.335133 193.487396
962.332656 429.358540 141.339902 193.409219
962.178118 429.620446 141.404574 192.579869
962.312382 429.516150 141.689776 192.868271
962.023330 429.620446 142.100700 193.052564
962.255432 429.319314 141.597267 193.619123
962.417395 429.582822 141.591095 193.261045
962.487033 429.227279 141.909742 192.973036
962.572414 429.489573 141.795708 192.427819
963.015221 429.524977 141.593230 192.503724
962.861005 429.784943 141.476064 191.677527
962.918197 429.421695 141.658867 192.035866
963.080647 429.298323 141.740718 191.144971
963.215857 429.455356 141.754643 190.983056
963.370039 429.455356 141.781886 190.983056
963.292982 429.065738 141.858943 191.654089
963.157936 429.428009 142.298937 191.015285
963.377530 429.298323 141.657890 191.520696
963.454930 429.941594 141.580490 190.578082
963.590792 429.709783 141.863649 190.711512
963.667959 429.584857 141.695973 190.572683
964.129833 429.357240 141.870919 190.250838
963.811397 429.357240 142.126889 190.344336
963.751990 429.228136 141.857333 190.941701
964.292976 429.455356 141.496592 190.608682
963.734006 429.614835 142.113772 190.367552
963.519322 429.584857 142.270246 191.699388
963.938099 429.914618 141.943132 190.328436
963.667959 429.188295 142.058958 191.606811
963.925882 429.428009 141.985802 189.893841
964.043185 429.228136 141.623984 190.099855
964.428444 429.129020 141.419335 189.929413
964.263985 428.613020 141.259185 189.607501
964.102860 428.900202 142.075330 190.450340
964.215851 428.584864 141.754643 190.479180
963.971466 428.743340 142.031823 190.332762
964.292976 429.100853 141.496592 190.243881
964.274498 428.742291 141.845347 190.316142
964.126640 428.743340 141.607752 190.426487
964.351505 428.871404 141.586781 189.907182
964.197447 428.742291 142.013359 190.877419
964.370033 428.584864 141.963992 190.853554
964.292976 428.714162 142.041049 191.005672
964.686807 428.811901 141.890248 191.833995
964.304656 429.038382 141.799418 190.469761
964.436285 429.228136 141.927634 190.660572
964.204147 428.839693 142.340925 191.142695
964.145009 428.811901 142.070333 191.269819
964.532280 429.329460 141.773251 190.752260
964.590779 429.195830 141.502430 191.148897
964.370033 429.195830 141.781886 191.148897
964.524011 429.325695 141.537128 190.364967
964.812345 429.228136 141.489647 191.035562
964.513543 429.584857 141.760003 190.292356
964.590779 429.357240 141.773140 190.531469
964.358958 429.098829 142.186113 191.258775
964.686807 429.329460 141.709050 190.377324
964.358958 428.969362 141.554547 190.732213
964.590779 428.969362 141.143613 190.545308
964.582163 429.129020 140.904940 190.678265
964.120327 428.868226 141.276991 191.201090
964.138681 428.709796 141.470642 191.460041
963.906807 428.421699 141.522860 191.191488
964.292976 428.455362 141.587010 192.017484
964.157929 428.811901 141.124618 191.082215
964.129833 428.709796 141.234099 191.741759
963.984159 429.071090 141.715219 191.669040
963.995207 428.777645 141.672634 191.853398
963.848412 429.200377 142.608454 191.069174
963.693312 428.908127 142.037858 191.722915
963.693312 429.168432 142.037858 191.462610
963.841111 428.908127 142.282995 192.381903
963.868332 429.011812 142.165099 192.188505
963.868332 428.751093 142.074640 192.166301
964.092247 429.302460 141.516190 192.484607
963.770896 429.394732 141.870267 191.316118
963.454930 429.682042 142.486207 191.681512
963.086564 429.655062 143.068783 191.337195
963.086564 429.655062 142.521873 191.337195
963.235178 429.298323 142.039360 191.426685
963.609571 429.557491 141.515721 191.449778
963.377530 429.941594 141.928005 191.327954
963.377530 430.071086 141.032739 191.010630
963.120351 429.839680 141.727451 190.768385
963.138687 429.584857 141.560696 191.510976
962.829438 430.329456 141.510588 190.377324
962.822149 430.357227 141.995878 189.691253
962.579089 430.257521 142.268713 188.962999
962.727078 430.156261 141.876477 189.352263
962.727078 430.028336 141.694966 189.573495
962.031721 429.771899 142.209353 189.643363
962.120330 429.999791 142.272942 189.982597
962.358984 429.972138 141.734251 190.372589
962.049113 429.839680 141.685305 189.929755
962.043188 430.257521 141.895101 189.987762
962.351508 430.129018 141.225518 189.649567
961.794190 429.900321 142.020877 190.151312
961.822162 429.613018 141.904781 191.006690
961.519334 429.714155 142.000082 191.193539
961.763993 429.551982 141.451361 191.435909
961.454938 429.455356 142.031485 191.546386
961.686820 429.815862 141.981029 191.097260
961.532293 429.682042 141.954131 191.493545
961.300071 430.071086 142.186353 191.292469
961.222580 430.071086 142.082964 191.763365
961.389518 429.908144 141.612647 191.628995
961.222580 430.200373 142.263844 190.600050
961.600928 430.200373 142.007364 190.600050
961.513582 430.098816 142.122400 190.602747
961.596958 429.714155 141.743074 191.475862
961.763993 430.071086 141.631878 191.292469
961.763993 430.455372 141.813076 190.889372
961.906819 430.455372 140.898646 190.515225
961.804076 430.514654 141.708650 189.900590
962.043188 430.514654 141.264485 189.528128
961.407116 430.414767 142.137155 189.357322
962.111502 430.769608 140.949230 188.543772
961.924155 430.444453 141.522257 188.948519
961.940587 430.670817 141.357950 189.474118
962.025822 430.643370 141.070068 188.842550
961.633052 430.572586 141.937674 189.098907
961.881011 430.798549 141.360058 188.880463
961.633052 430.801208 141.756035 188.956408
961.794190 430.542882 141.480592 188.857306
961.863794 430.670817 141.344330 188.822267
961.556011 430.672678 141.923850 189.270494
961.957902 430.900191 141.283167 189.235628
961.556011 430.543991 142.014715 190.330431
961.976113 430.614823 141.297473 189.619929
961.881011 430.900191 141.360058 188.956745
962.017358 430.672678 141.553368 189.642282
962.264877 430.900191 141.157161 188.678404
962.240253 430.572586 141.270696 189.750856
962.102889 430.643370 141.351417 189.306467
962.025822 430.542882 141.518449 189.229206
962.256912 430.542882 141.467695 189.136130
962.333822 430.542882 141.390785 188.486399
962.393900 430.572586 141.478564 188.542405
962.623977 430.444453 141.067437 188.763154
962.623977 430.572586 141.248487 188.820386
962.786893 430.316118 141.330867 188.984149
962.940548 430.695350 141.087113 188.340663
962.462867 430.444453 141.892764 188.763154
962.794266 430.798549 141.657906 188.694535
962.863754 430.543991 141.525294 189.120959
962.871446 430.414767 141.582845 188.429398
963.553118 430.313318 141.108613 189.561098
963.333807 430.414767 141.481246 188.985422
963.487514 430.157927 141.599688 190.267229
963.582186 430.513960 141.175243 189.731322
963.487514 430.385736 141.690690 189.750083
963.418573 430.385736 141.732226 189.100184
963.333807 430.414767 142.026898 189.357322
963.495757 430.257521 141.385146 189.241760
963.564288 430.157927 141.613916 189.149455
963.487514 429.900321 141.690690 189.685705
963.880977 430.156261 141.450429 188.700692
963.633019 430.057654 141.846809 189.443578
963.804042 429.771899 141.436993 188.992243
963.633019 429.801202 141.575071 189.327746
963.804042 430.028336 141.436993 188.642996
963.401738 429.672673 142.260000 189.363340
963.650012 429.385843 141.771992 188.741863
963.786899 429.542874 141.874839 188.671740
963.794161 429.542874 141.391078 188.764501
963.709970 429.695344 141.407795 189.085680
963.478891 429.286440 141.819613 190.138708
963.590792 429.486139 141.143613 189.283308
963.717657 429.286440 141.460547 189.299577
963.564288 429.029195 141.160304 189.836007
963.333807 429.157919 141.662483 189.149455
963.564288 429.029195 141.341316 189.092748
963.324561 429.185570 141.254681 187.924545
963.459825 428.959585 141.534243 189.533138
963.418573 429.284000 140.837902 188.480137
963.154028 429.343401 141.656885 188.870370
963.333807 429.157919 141.210449 189.149455
963.102875 429.313312 141.441382 188.351627
963.240230 429.185570 141.360884 189.782316
962.957908 429.286440 141.464136 188.650252
963.094023 429.185570 141.295025 189.502113
962.871446 429.286440 141.046123 188.835503
962.863754 429.187626 141.163906 190.135817
962.727078 429.127396 141.064215 189.080876
963.017319 429.313312 141.281179 188.815631
963.400297 429.568210 140.537400 188.746739
963.230567 429.700518 140.853698 188.970976
963.393877 429.700518 140.757962 188.599750
963.307039 429.700518 140.777227 188.599750
963.230567 429.828246 140.673507 188.472022
963.154028 429.731015 141.020513 188.561029
963.317064 429.700518 140.924378 188.970976
963.240230 429.572587 141.360884 188.265009
963.393877 429.700518 141.297514 189.996759
963.274522 429.900208 141.392671 189.328710
963.487514 430.157927 140.876903 188.871354
963.317064 429.930011 141.103899 189.277596
963.410694 430.185576 141.043597 189.688840
963.333807 429.900321 141.481246 190.337916
963.582186 429.871403 140.904940 189.349117
963.555978 429.672673 140.844957 190.108357
963.564288 429.900321 140.979968 189.592763
963.564288 429.900321 140.979968 188.851399
963.700542 429.828246 140.720422 189.308618
963.393877 429.672673 141.027086 189.549256
963.717657 429.929529 140.916700 189.106483
963.853559 429.543985 140.747554 190.050407
963.640995 430.029203 140.993361 189.278180
963.863760 429.672673 140.804861 189.270494
964.094028 429.672673 140.753845 189.084937
963.940554 429.700518 141.087113 189.716305
964.188178 429.643387 141.415337 190.425930
964.197447 429.613018 140.931378 189.700362
963.948634 429.285980 141.415768 189.935949
963.957868 429.256676 141.373539 190.251848
963.656570 429.513961 141.651100 189.918445
963.957868 429.643387 140.923035 189.027945
963.786899 429.316119 141.692929 189.727545
964.418014 429.641898 140.552673 189.229910
964.163326 429.572587 140.809912 189.191882
964.476736 429.700518 140.641030 189.809685
964.333792 429.801202 141.030610 189.141964
964.553124 429.929529 140.926704 189.013637
964.393898 429.929529 141.207237 188.550264
964.470643 429.700518 141.040304 189.249991
964.025792 429.929529 141.428485 188.550264
964.705721 429.444454 140.683333 189.227040
964.317086 429.955795 141.014071 188.808675
964.547321 429.955795 141.053815 188.994715
964.317086 429.929529 140.924378 189.106483
964.476736 429.801202 141.185002 189.327746
964.102860 429.929529 141.351417 188.828081
964.170687 429.801202 141.218367 189.327746
963.948634 430.185576 141.415768 188.664790
964.017325 429.929529 141.462503 189.199419
964.256883 430.185576 141.107520 188.664790
964.317086 430.313318 141.464739 187.889109
964.086357 430.343411 141.334628 187.852022
964.307071 430.470946 141.048592 188.928728
963.777938 430.444453 141.463525 188.208450
963.847457 430.444453 141.417617 189.134155
963.633019 430.542882 141.394648 188.764501
963.863760 430.440857 140.984113 189.246832
963.478891 430.415101 141.279243 189.806834
963.870800 430.256659 140.763556 190.345155
963.727038 430.514654 140.974702 189.528128
963.947304 430.286448 140.506987 189.578761
963.324561 430.700517 141.076374 189.249991
963.170681 431.057660 141.491050 188.237168
963.086335 430.828245 141.334628 189.215418
962.948649 430.929535 141.326119 189.571702
963.111508 431.157913 140.590272 188.501348
962.770616 430.959582 141.313650 188.790374
963.017319 431.057660 140.920378 188.978358
962.786893 430.929535 140.971236 189.571702
962.870815 431.157913 141.216402 188.040204
962.847424 430.831285 141.327117 189.289605
962.863754 431.057660 141.434744 188.514670
962.709964 431.185582 141.317696 188.479369
962.470645 431.057660 141.311182 188.978358
962.555972 431.185582 141.023264 188.479369
962.086359 431.087723 141.695468 188.662233
961.871461 430.672678 141.762910 190.015016
962.043188 430.742288 141.623984 189.385415
962.025822 430.900191 141.518449 188.771124
961.786932 430.672678 142.057333 189.363340
961.811399 430.514654 141.765626 189.342282
962.188212 430.771882 141.324514 189.457019
961.948664 430.771882 141.505642 189.177955
961.948664 430.670817 141.956955 189.287559
962.111502 430.900191 141.310536 188.956745
961.863794 430.543991 141.616068 189.492027
962.034725 430.771882 141.478001 189.085054
961.794190 430.414767 141.570241 189.078318
962.333822 430.157927 140.851447 189.335157
962.094062 430.185576 141.295025 189.408817
962.333822 430.157927 140.672870 188.871354
962.077479 429.831297 141.642093 188.918672
962.025822 429.542874 141.428485 189.136130
961.871461 429.798541 141.762910 189.159827
961.716897 429.771899 141.378993 189.457019
962.034725 429.643387 141.387314 189.585531
962.264877 429.771899 141.066564 189.736625
962.025822 429.382764 140.802879 189.184156
962.400336 429.444454 141.352615 189.227040
962.256912 429.286440 141.467695 189.299577
962.256912 429.157919 141.558156 189.149455
962.256912 429.157919 141.558156 189.242261
962.333822 429.029195 141.662483 190.115732
962.505340 429.257522 141.342441 188.962999
962.555972 429.185570 141.381725 188.757591
962.324555 428.929524 141.613141 190.225405
962.197449 429.000314 141.831574 189.498969
962.274501 429.028330 141.936307 189.947357
962.351508 429.000314 141.859300 188.941944
962.487528 428.900202 141.873191 189.328710
962.727078 428.771893 141.513997 189.457019
962.804081 428.900202 141.617962 189.049646
962.794176 428.798533 141.301700 188.787477
962.786893 428.929524 141.783794 188.735415
962.940548 428.798533 141.539274 189.159827
962.948649 428.798533 141.415768 189.159827
962.794176 428.672667 141.391078 190.669619
963.436660 428.742291 140.836912 190.316142
963.264882 428.771893 141.157161 189.829932
963.333807 428.771893 141.390785 190.391086
963.582186 428.871404 140.994860 190.187029
963.263979 428.771228 141.081242 190.653920
963.505361 428.353844 141.614508 190.797992
963.513556 428.614826 141.579666 191.118936
963.754530 428.195836 141.488403 191.523997
963.763984 428.325701 141.361308 190.925394
963.899146 428.486130 141.736810 189.748625
963.734006 428.385747 141.573664 190.029509
963.880977 428.385747 141.722538 189.657047
964.034691 428.256670 141.659874 190.251848
963.501539 428.486130 142.436747 189.935168
963.822136 428.486130 142.178616 189.841851
963.888697 428.614826 142.231148 189.993242
964.292976 428.357230 142.041049 190.437880
964.126640 428.871651 142.056625 190.204451
964.745069 428.843255 140.989323 190.220789
964.109188 429.156255 141.861506 189.819432
964.505337 429.257522 141.432949 189.894314
964.263985 429.385753 141.527275 189.564101
964.256883 429.256676 141.648707 189.414656
964.410680 429.029195 141.767510 189.836007
963.888697 429.000314 142.504572 190.058119
964.215851 429.100853 141.936068 190.056694
964.043185 429.000314 142.167620 190.244970
964.447045 429.100853 141.523450 189.963191
964.505337 428.871404 141.523683 189.627878
964.186597 429.028330 141.604662 190.322212
964.351505 429.257522 141.859300 189.800911
964.120327 429.257522 141.817959 189.987762
964.043185 429.000314 141.985835 190.058119
964.505337 429.257522 141.432949 190.643663
964.358958 429.357240 141.019016 190.157430
964.111468 429.385753 141.857012 191.246524
964.138681 429.325695 141.470642 191.581999
964.138681 429.843249 141.201339 191.158493
964.129833 429.969350 141.415251 191.670321
963.995207 429.811897 141.763551 191.551657
963.686812 429.421695 141.981029 191.566196
963.609571 429.428009 142.240331 192.618750
963.868332 429.881531 141.714357 192.035862
963.770896 429.908144 141.244179 192.476278
963.235178 429.777661 141.857663 192.229624
963.706548 430.038399 141.091755 192.440489
963.543581 429.908144 141.458571 191.910892
963.222572 429.941594 141.454769 193.219309
962.945876 429.477343 141.547154 194.595047
962.980757 429.557444 141.148119 194.143614
962.804521 429.451160 141.383511 194.817479
962.593830 429.688903 141.714849 194.966912
962.516261 429.517277 141.522944 195.114419
962.375960 429.384842 141.178422 194.579789
962.662599 429.409812 140.593135 195.122675
962.353884 429.277175 141.259685 193.454790
961.945855 429.358540 141.636837 193.883694
962.044252 429.187286 141.479641 194.224872
962.353884 428.938395 141.349544 193.076426
961.635411 429.002768 142.307564 193.120542
962.036142 428.845514 141.603300 193.471760
961.790747 429.107422 141.881810 192.831022
961.713114 428.608980 141.690304 193.230735
962.190293 429.141887 141.630747 191.775508
961.615718 428.385060 142.025458 191.683464
962.235185 428.557497 141.495998 191.167518
962.215864 428.455362 141.483526 192.017484
961.848425 428.551986 141.972947 190.874232
962.524023 428.195836 140.816009 190.868208
962.351508 428.353844 141.135598 189.773863
962.410709 427.771220 141.313898 190.747448
962.505340 427.742292 141.252069 190.502993
962.274501 428.000315 141.754522 190.432093
962.590805 427.579732 141.143613 190.934929
962.436311 427.613021 141.298107 190.165567
962.888970 427.643375 141.321838 190.051842
962.572958 427.385742 141.307984 190.309476
962.582165 427.256665 141.811106 190.438553
962.745095 427.486120 141.258221 191.247631
962.976100 427.455357 141.207191 190.795733
962.667972 427.613021 141.605600 190.819387
962.745095 427.455357 141.618850 190.235306
963.129846 427.614816 141.324607 190.930761
962.899158 427.579732 141.464786 190.003978
963.111508 427.771888 141.765556 191.048483
963.215857 427.843250 141.573717 190.688892
963.215857 427.709786 141.573717 191.460041
963.138687 427.811906 142.286579 191.363689
963.157936 427.811906 142.025686 191.739806
963.235178 427.777652 142.221694 191.665649
963.397000 427.784947 142.393178 192.054772
963.397000 427.489566 142.575420 191.676035
963.629235 427.394736 142.526112 192.067737
964.100754 427.524981 141.932676 191.749234
964.003284 427.686769 142.544953 191.508933
964.008873 427.784947 142.328215 192.149243
963.635407 427.751084 142.852553 191.508307
964.332652 427.784947 142.064120 191.395208
964.454926 427.811906 142.122130 192.022553
964.551909 427.784947 141.695038 191.395208
964.377526 428.071094 142.563606 191.198462
964.382513 428.038389 142.258643 191.780637
964.706580 428.168439 142.265873 191.556576
964.538023 428.686774 142.464116 191.226354
964.693305 428.428016 142.399523 191.579260
964.848405 428.557497 142.244423 191.826915
964.848405 428.655064 142.063272 191.337195
964.925875 428.811901 142.076263 191.645663
964.382513 428.516134 142.710315 192.491135
964.881755 428.498794 142.487800 192.345074
964.324117 428.620448 142.528599 192.014571
964.861024 428.914620 142.661984 192.019567
964.635428 428.751093 142.579351 192.166301
964.713131 428.881533 142.501649 192.413214
964.557680 428.881533 142.748060 191.847551
964.713131 428.751093 142.774851 192.260548
964.557680 429.011812 142.748060 191.623207
964.713131 428.784945 142.774851 193.097186
964.811457 429.505038 142.252735 191.604166
964.693305 429.428009 142.581220 192.145374
964.868353 429.784943 142.165099 191.866058
964.770889 429.524977 142.050463 192.126024
964.706580 429.784943 142.448799 192.338366
964.512086 430.789267 141.923799 191.505478
964.300058 430.029694 142.641074 193.087999
963.838983 430.332732 142.036991 192.022951
964.851158 430.264280 141.697080 192.575432
964.706580 430.394730 141.360494 192.444982
964.080641 430.385070 141.831043 192.528061
964.564138 430.524975 141.378833 192.220312
964.466582 430.941589 141.535564 191.610110
963.989732 430.551978 141.955903 192.849507
964.332652 430.620433 141.520044 193.431834
964.023326 430.582827 141.649228 193.166520
964.178114 431.011797 141.584396 192.471930
963.925882 430.740440 141.715281 193.288269
964.023326 430.714284 141.380088 193.129588
963.629235 431.002775 142.160943 192.742522
963.945852 431.107421 141.726702 192.170309
963.925882 431.298333 141.985802 191.426685
963.925882 431.038392 142.166953 191.592661
963.360178 431.298333 142.636507 190.957449
963.925882 430.908137 142.076263 191.816881
963.615705 431.038392 141.935543 191.874739
964.080641 430.777655 141.921505 192.323772
963.853221 431.044086 142.124121 191.701201
963.634339 431.168442 142.284944 190.993693
963.686812 430.941589 142.345696 192.365207
963.966572 431.401404 142.320298 191.045653
963.543081 431.428019 142.298937 191.296999
963.615705 431.038392 142.205654 191.498741
963.725437 431.298333 142.039360 191.708946
963.634339 431.168442 142.284944 190.713070
963.763984 430.941589 141.813076 191.421960
963.918193 431.071081 141.840564 191.857735
963.543081 431.298333 141.836299 190.396386
963.976087 430.839689 141.117135 191.705904
963.513565 431.325705 142.341380 190.738343
963.686812 430.941589 142.163090 190.858830
963.604073 431.200369 142.328522 189.945821
963.745082 430.579738 142.164256 190.748249
963.363915 430.584874 142.697224 191.134969
963.382520 430.557507 142.348650 191.073552
963.609571 430.298339 141.786291 191.238800
963.377530 430.325711 142.746576 191.300266
963.783793 430.038399 141.824644 191.686626
963.222572 430.428026 142.536186 190.827763
963.454930 430.071086 141.670362 191.010630
963.370039 430.065755 142.238240 191.091802
963.841111 430.200373 141.735948 190.506407
963.513556 429.969350 142.395782 190.732213
963.532285 430.071086 142.226473 191.010630
963.454930 429.941594 142.212910 191.421960
963.532285 430.168449 142.226473 191.932984
963.397000 430.394730 142.211437 192.350557
963.551877 430.264280 142.056560 192.481007
963.319482 430.133603 142.652938 192.140607
963.557659 430.141885 142.475771 191.493132
963.615705 430.168449 142.477130 191.181078
963.770896 430.168449 142.140788 191.181078
963.841111 430.200373 142.466556 192.011876
963.402004 430.141885 142.631427 191.964047
963.324096 430.141885 142.799930 192.152860
963.881796 430.401417 142.212865 191.515975
963.538030 430.168449 142.554805 192.027268
963.790744 430.141885 142.333282 191.399113
963.693312 430.428026 142.763554 191.862021
963.945852 430.141885 142.359868 191.681306
964.080641 430.038399 142.193891 190.749701
964.138681 430.329456 142.378040 190.658435
964.067382 430.458357 142.147960 190.342066
964.831286 430.357227 141.229853 190.250838
964.650018 430.514654 141.500786 191.211590
964.677762 430.584874 142.114114 190.666231
964.441646 430.455372 142.167670 191.640478
964.629267 430.557507 142.070027 191.261529
964.222567 430.941589 142.718565 190.111366
964.763980 430.972155 142.085917 189.811754
964.579087 431.000311 141.728604 189.406018
964.957874 430.643370 141.554824 189.492449
964.804047 430.771882 141.708650 189.643363
964.957874 430.771882 141.827836 189.923330
964.734027 430.613017 141.663313 191.006690
964.829426 430.584874 141.421168 191.416884
964.995203 430.584874 141.763551 191.416884
964.918189 431.071081 141.658867 190.823026
964.984152 430.839689 141.445508 191.330145
964.751983 431.200369 141.498611 191.634077
964.454926 430.805020 142.303827 192.290824
965.015239 430.881517 141.412172 192.413214
964.615698 430.908137 142.115465 192.004994
964.861024 430.777655 142.020239 192.890249
964.479864 431.011797 142.372852 191.811381
965.246175 430.914616 141.726277 193.253019
964.713131 431.107421 142.049401 192.358764
964.706580 431.002775 142.174683 192.931418
964.494903 431.107421 142.053914 192.641927
964.783825 431.271740 141.553263 192.496006
964.551909 431.524984 141.695038 191.937492
964.145009 431.160590 142.432047 192.768245
964.360521 431.758718 141.989603 191.142833
963.989732 430.767411 142.496680 192.126715
964.255429 431.141871 142.232532 192.436468
963.868332 430.620433 141.714357 193.052564
963.966572 431.011797 141.623556 191.999829
963.634339 431.298333 141.514427 191.426685
963.332140 431.195840 142.600455 191.805912
963.753054 431.271740 141.154622 191.457327
963.215857 431.065748 142.300870 191.466403
963.157936 431.038392 141.934906 191.686626
963.088269 431.298333 142.063272 190.957449
963.215857 431.200369 142.300870 191.163181
962.989736 431.168442 141.955903 191.838837
962.925889 431.038392 142.166953 192.157318
962.694331 431.524984 141.895822 191.373402
962.422925 431.551996 142.509674 190.967694
962.604077 431.686777 142.250872 190.662743
962.984165 430.935498 141.445508 191.315601
962.674485 430.412431 141.308588 191.651616
962.841116 430.455372 141.464424 191.358337
962.609575 430.325711 141.695965 192.052780
962.627997 430.686783 142.067276 190.944276
962.686816 430.325711 141.618724 191.581999
962.422925 430.811893 142.044730 191.082215
962.241182 430.551978 141.994796 191.248441
962.377534 430.551978 141.837815 191.435909
962.300067 430.421691 141.645577 191.097981
962.300588 430.584874 141.792548 190.385723
962.590805 430.098816 141.233125 191.071009
962.358984 430.098816 141.914588 190.696291
962.447057 430.228123 141.614094 191.411548
962.300067 430.195846 141.735358 191.523997
962.377534 430.071086 142.199530 191.952105
962.118751 430.298339 141.866001 191.520696
962.178601 430.168449 142.361095 191.274861
962.088276 430.428026 142.218349 191.862021
962.319496 429.740430 141.211450 192.251825
962.774383 429.647020 140.956800 193.210233
962.397014 429.608978 140.956384 192.383278
962.456184 429.682042 141.393726 192.058084
962.389511 429.551982 141.431860 192.471209
962.080654 430.038399 141.740718 192.251648
962.389511 429.777661 141.522185 192.229624
962.080654 429.647020 141.650529 192.172016
962.268790 430.298339 141.650506 191.051187
962.120002 430.065755 141.741260 191.372673
962.300588 430.329456 141.483549 190.940091
962.292989 429.709783 141.496592 192.873885
962.057035 430.264280 141.533097 191.634097
961.784620 430.551978 142.225632 191.811572
961.907148 430.133603 141.395298 191.670987
962.054304 430.195846 141.955948 191.900004
961.997791 430.428026 141.612670 191.485112
961.694430 430.029694 142.238173 192.145889
962.290945 430.141885 141.312050 191.964047
961.874674 430.029694 141.902720 191.958193
961.907148 430.038399 141.780443 192.724160
961.785225 430.133603 141.496653 192.140607
962.233344 430.168449 141.466537 192.215973
962.389511 429.908144 141.161749 193.233508
961.868336 429.608978 141.356401 193.608982
962.421052 429.582822 140.856975 193.261045
962.201669 429.871700 140.937312 192.685010
962.620580 429.777661 141.110603 192.229624
962.686816 429.811897 140.990529 192.968798
961.907148 429.871700 141.780443 191.745497
962.620580 429.385076 141.110603 193.566869
962.718132 429.620446 140.954426 192.202745
962.763988 429.551982 141.451361 193.323675
963.267271 429.751091 140.830944 193.586257
962.572580 430.002765 141.875503 192.553945
963.015221 429.871700 141.502633 194.010426
962.754518 430.594595 141.351879 192.325876
963.250946 430.122376 141.756303 192.696653
963.237494 430.524975 141.429882 193.833333
963.259684 430.187291 141.013138 192.902212
963.448683 430.524975 141.780352 192.787638
963.572566 430.358527 141.258139 193.030634
964.022635 430.264280 141.580333 192.764419
964.022635 430.394730 141.657805 192.823230
963.603254 430.227266 141.448001 193.067466
963.783793 429.832319 141.283249 194.505016
964.099634 430.463767 140.933643 192.834452
964.157929 430.122376 141.124618 195.066632
963.980717 429.897255 141.148119 194.423517
964.267276 430.463767 141.100852 194.164118
964.113239 430.319319 141.074798 194.377789
964.651385 430.319319 140.357110 194.472908
964.685998 430.451165 140.904130 194.055934
964.507043 430.451165 140.928822 193.866108
964.178114 430.227266 141.494440 194.777327
964.366223 430.557439 140.852422 195.194186
963.845232 430.674487 141.569225 193.151682
963.785221 431.011797 142.191479 193.706450
963.845232 430.674487 141.646404 192.493418
963.938099 430.516144 141.398956 194.291178
963.845232 430.277171 141.646404 193.266558
963.868332 430.095800 141.535082 194.622448
963.826106 430.425819 141.302730 194.370452
963.804526 430.144328 141.114427 194.627397
964.047266 430.332732 141.289051 193.914019
963.649849 430.319319 141.808598 194.758584
963.239366 430.781573 141.394350 192.952187
963.718153 429.948763 141.496630 194.174554
963.804526 430.594595 141.114427 193.557077
963.948773 429.964151 141.175278 194.278070
964.036152 430.070044 140.972343 193.417414
963.629235 430.002765 141.888605 193.215195
963.881796 430.238050 140.858529 193.363980
963.629235 430.394730 141.617679 192.823230
963.397000 429.964151 141.312028 195.231629
963.530525 430.029677 141.293204 194.006585
963.417400 430.463767 141.144846 193.592829
963.641181 429.964151 141.301815 194.754097
963.438652 430.293970 141.154491 195.841510
963.375937 430.119375 141.088892 194.560322
963.585497 430.187291 140.759487 195.655037
963.356011 430.384842 140.343731 195.055995
962.991513 430.409808 140.433786 195.791513
963.139723 430.098409 140.263389 196.461672
962.980377 429.719683 140.180534 195.721154
963.188135 429.764604 140.303531 195.604173
963.628366 429.764604 139.554996 197.044928
962.781379 429.586031 140.852376 196.236752
963.198603 429.872650 140.258347 196.459625
962.891628 429.986343 140.887267 196.507269
962.693666 428.997510 140.929919 198.720451
962.624757 429.759245 140.463528 196.424715
962.607750 428.779967 140.589570 197.330000
962.236293 429.848853 140.670294 196.005449
962.317983 429.452196 140.778612 197.233653
962.104115 429.025331 140.995057 198.242957
962.050191 429.490606 140.821285 195.929065
962.223530 429.119376 140.870945 196.662661
961.661261 429.607203 141.026662 195.478212
962.300250 428.830546 140.613605 196.060945
961.980751 428.719683 141.058447 195.816514
961.480970 429.252224 141.206952 194.048374
961.721990 429.582822 141.164775 192.883358
962.169267 428.990717 141.348599 193.771842
962.421052 428.700273 140.947066 193.783468
962.057035 429.358540 141.533097 191.245740
962.292989 428.674329 141.406401 192.892920
962.417318 429.655062 141.250037 190.681414
962.351508 428.963608 141.405901 192.596371
962.774383 428.871702 140.866793 193.156999
962.312382 428.740432 141.328794 192.627885
962.927913 428.647003 140.533659 193.304926
962.927913 428.647003 140.803269 192.926380
963.081262 428.516134 140.469999 193.341102
963.157845 428.253804 140.935003 194.648838
962.804521 428.319321 140.757720 193.713694
963.102217 428.227281 140.750483 194.205228
963.036147 428.582829 140.972343 195.451201
963.057959 428.498735 140.802360 194.537533
963.267271 428.582829 140.473049 196.124118
962.903463 427.964578 140.600965 195.166496
963.200769 427.878054 140.682743 195.940767
962.748784 428.119376 140.933292 195.607864
963.146764 427.986344 140.497240 195.932122
962.903463 427.719684 141.046253 195.912012
963.389193 427.740018 140.412291 196.495973
963.235020 427.853106 140.924056 194.921540
963.431116 427.806529 140.824604 194.725954
963.970430 428.070040 140.732982 194.557840
963.494944 427.390826 140.978536 195.496521
963.221097 427.781574 140.976200 194.563903
963.574659 427.674487 140.613373 194.287073
962.790768 427.832335 141.433989 194.125016
963.574659 427.542262 140.703373 193.850527
963.332676 427.871704 140.981353 193.725373
963.487054 427.435585 140.826976 194.806651
963.662584 427.806529 140.771755 193.965197
963.409900 426.903809 140.547955 195.148473
963.739626 427.319316 140.605358 194.282715
963.718153 427.451161 140.685286 194.436181
963.795102 427.714281 140.697928 193.602988
963.629235 427.608982 140.901697 194.749331
964.277429 427.806529 140.067554 194.440218
963.783793 427.832335 140.925235 194.219947
964.267276 427.832335 140.562271 195.267845
963.980717 427.897255 140.612426 195.662831
964.289228 427.631770 140.392808 195.832639
964.135075 427.897255 140.458068 195.471522
964.443173 427.631770 140.238862 195.928317
964.212163 427.897255 141.096475 195.758555
964.066072 427.986344 141.131247 194.788301
964.750377 427.897255 140.648345 196.334316
964.086205 428.649529 141.383284 194.315103
964.893534 428.144335 140.451435 195.007341
964.816583 428.187292 140.528385 195.272322
964.565615 428.938395 140.771755 193.265299
964.620567 428.081188 141.110603 195.181741
964.748750 428.029677 140.844399 194.196243
964.487029 428.227281 141.275481 194.395685
964.893534 428.451166 140.899814 194.150870
964.881755 428.451166 140.503056 194.150870
964.871935 428.345482 140.980760 193.305518
965.092279 428.751093 140.706057 192.449224
965.302735 428.674329 141.093123 192.515688
965.466575 428.647003 140.637499 192.172016
965.677756 428.543466 140.305305 191.894946
965.742587 428.969362 140.802485 191.013025
965.888989 428.969362 140.598136 190.919346
966.423805 428.997890 140.423995 190.231027
965.948650 428.900313 140.614111 191.462860
966.129853 429.098829 140.604571 190.602747
966.264854 429.385753 140.347564 190.589940
965.957879 429.127396 141.373539 190.008440
966.188189 428.613020 140.962621 189.886263
966.410695 429.028330 140.774560 190.228408
966.025808 428.641918 141.518449 190.316451
966.351502 429.000314 140.866697 190.338509
966.494532 429.256676 140.566177 189.972242
966.025808 429.414759 141.428485 188.892616
966.247290 429.057648 140.960812 190.003759
966.264854 428.900313 140.795855 189.871767
965.948650 428.900313 140.880037 189.964889
966.034702 429.029195 140.935997 189.185419
966.094040 429.185570 140.664106 188.572034
966.154037 429.087725 140.570527 189.033166
965.693771 429.215664 140.673417 189.090986
965.470620 429.316119 140.770821 189.169650
965.623952 429.444454 140.349263 188.763154
965.612406 429.470936 139.933145 188.928728
965.307059 429.474965 140.597035 189.559656
965.017331 429.801202 141.100441 188.771121
964.940560 429.187626 140.549445 189.856038
965.017331 429.414759 140.651296 189.171259
965.006374 429.572587 140.866089 190.031130
964.572924 429.514671 141.128821 189.621165
964.717642 429.542874 140.916700 189.508751
964.333792 429.415095 141.300550 189.249849
964.256883 429.670809 140.928357 188.915209
964.240251 429.187626 141.270696 190.229197
964.043185 429.643387 140.996489 189.492449
964.170687 429.156708 141.218367 189.972240
964.188178 429.514671 140.692725 189.156660
964.629445 429.700518 140.308257 188.878091
964.307071 429.702797 141.048592 188.677227
964.240251 429.828246 140.554950 188.379362
964.000871 429.603069 140.723717 189.152622
964.017325 429.444454 140.920378 189.692410
963.633019 429.670809 141.035602 189.008195
963.623954 429.801202 141.067437 188.771121
963.393877 429.316119 141.027086 189.727545
963.410694 429.670809 141.043597 188.915209
962.932238 429.187626 141.040979 190.229197
963.034730 429.514671 141.026007 189.435182
962.863754 429.286440 140.804861 189.671928
962.940548 429.542874 140.460381 189.508751
962.623977 429.543985 141.157849 189.677944
962.333822 429.029195 141.030610 189.836007
962.487528 429.157919 140.966778 188.871354
962.623977 429.057648 140.260155 189.443578
962.393900 429.316119 140.757962 188.891489
962.317088 429.187626 140.567044 189.298142
962.170720 429.444454 141.218367 188.948519
962.400336 429.440851 140.988751 189.620557
962.256912 429.157919 140.660672 190.360757
962.034725 429.385753 140.756563 190.122771
962.111502 429.256676 140.590272 190.251848
961.881011 428.900313 140.820763 190.337916
961.881011 429.029195 140.642187 190.583099
961.804076 429.256676 140.897698 190.065368
961.717641 428.997890 141.097396 190.417371
962.118521 429.129020 140.638912 189.742789
961.786932 429.029195 140.792343 191.145886
961.735705 429.228136 140.931491 189.913447
961.947288 429.157919 140.867749 189.800449
961.717641 429.286440 140.916700 190.138708
961.804076 429.127396 140.630106 189.729557
962.023725 428.900313 140.700852 190.337916
962.111502 428.641918 140.590272 190.409708
962.341496 429.286440 140.539441 189.671928
962.247311 429.415095 140.870488 189.899859
962.487528 429.029195 140.966778 190.022430
962.641010 429.029195 141.083597 190.022430
962.572958 428.512450 140.950246 191.193507
962.658946 428.969362 140.828160 189.893040
962.870815 428.900313 141.034804 190.151312
963.264882 428.512450 140.705845 191.099844
963.428468 428.613020 140.611230 190.258789
963.333807 428.512450 140.940961 190.725780
963.197471 428.613020 141.199872 190.165567
963.418054 428.385747 141.459010 189.564101
963.947304 428.286433 141.139898 190.700819
963.822136 428.613020 141.091382 189.329238
964.017325 428.285975 141.190765 190.401708
964.111468 428.256670 140.949230 190.625438
964.034691 428.127390 141.568825 189.915404
964.351505 428.513963 141.225518 189.824861
964.102860 428.127390 141.261542 190.381128
964.965499 428.257523 140.342171 191.208151
964.197447 428.093899 140.753166 189.755725
964.629445 428.414751 140.850383 189.730168
964.179905 428.029187 141.094848 189.742885
964.487499 428.157911 141.237078 189.987008
964.109188 428.127390 141.147293 189.265956
964.629445 428.185564 140.669059 189.595454
964.256883 428.157911 141.287359 189.521085
964.564274 427.641910 140.620965 189.851159
964.640981 428.185564 140.723422 189.315656
964.547321 428.316120 141.053815 188.798873
964.700563 427.671634 140.451297 189.258354
964.700563 427.572589 140.540901 190.031130
964.794237 427.543974 140.301624 190.050407
964.640981 427.285969 140.365682 190.308412
964.333792 427.543974 140.406087 190.237045
964.170687 427.900305 140.767015 189.407062
964.170687 427.543974 140.408555 190.143703
964.247278 427.543974 140.331964 189.957246
964.017325 427.672661 140.651296 189.177693
964.158943 427.058933 140.532448 190.451272
963.804042 427.385742 140.719123 189.750083
963.947304 427.415084 140.867749 189.806834
963.717657 427.286447 140.916700 190.325853
963.880977 427.127385 140.110028 189.451215
963.700542 427.316121 140.810384 189.820745
963.794251 427.029202 140.750005 189.092748
963.547299 427.440862 140.604540 190.276781
963.487514 427.385742 140.876903 189.007599
963.853559 427.316121 140.298280 188.613867
963.989920 427.470938 140.128136 189.768321
963.470622 427.415084 140.770821 190.365935
963.418054 427.900197 140.913393 189.608316
963.487514 428.157911 140.341172 190.173747
963.094023 427.900305 140.933638 189.871767
963.188218 428.029187 141.143229 191.710793
962.674485 427.935494 141.130974 192.537351
963.310851 428.557497 141.054747 191.073552
963.206629 428.613020 140.706903 191.852653
962.822149 429.357240 141.271086 191.188357
962.899158 429.195830 141.374414 191.994187
962.841116 429.811897 141.194309 191.175994
962.745095 430.098816 141.438196 190.977284
963.052996 430.098816 141.492102 190.977284
963.061449 429.839680 141.368224 191.799991
962.841116 430.458357 141.554751 190.905197
962.899158 430.714172 141.555295 191.005672
962.829438 430.843265 141.600234 191.064445
963.138687 431.613744 141.290986 191.331706
962.751996 431.972149 141.588030 191.406336
962.918197 432.329470 141.297152 192.072033
962.995211 432.941604 141.040213 191.515967
962.976100 433.065736 141.027216 192.974378
962.706561 433.655066 141.091755 191.619149
963.137712 433.714153 141.014220 193.085642
962.861005 434.914630 141.295872 191.453700
962.763988 435.455363 141.451361 190.889372
962.667972 435.455363 141.425263 192.111894
962.609575 436.071083 141.695965 192.141163
962.629248 436.815861 141.707821 191.852033
963.225934 437.168448 140.989416 192.027268
963.072179 437.065733 141.504885 193.924558
962.649844 437.855723 141.090476 193.105837
962.629248 438.524982 141.798144 192.503724
963.015221 438.394737 141.593230 195.112585
962.833066 438.781581 141.186594 194.373366
962.881791 439.463778 141.216425 194.833368
962.516261 440.332728 141.433455 194.390596
962.816614 440.557440 141.338123 194.429408
962.739641 441.070048 141.596691 193.986551
962.804521 441.594599 141.653921 195.278498
962.848621 441.781579 141.490148 196.000463
962.926007 442.005102 141.322824 197.487225
962.723107 442.672123 141.267936 196.923757
962.483842 443.050087 141.884561 197.189110
962.896139 443.160706 141.142952 198.729072
962.765959 444.004837 141.301987 198.011689
962.818595 444.248025 140.775679 199.094417
963.297065 444.979392 140.167257 197.136485
962.771189 445.474164 141.928804 198.601430
962.610415 445.688150 141.368324 198.489395
962.602384 446.382048 142.033774 197.311533
962.507751 446.782890 141.979812 200.324665
962.247402 447.156936 142.402086 198.471099
962.545368 448.027218 142.286815 198.610348
962.537669 448.092003 141.866293 200.920705
962.247402 449.105685 141.856235 198.488636
962.298655 449.063930 141.858684 202.287450
961.922052 449.895815 142.047595 199.824029
962.110361 449.717809 142.128452 201.116858
961.493429 450.731474 142.271649 200.652120
961.275900 449.875983 142.273166 203.933714
961.229061 451.405227 142.360273 200.970446
961.534050 452.137033 142.426598 202.621270
961.409870 452.877583 141.486398 201.403472
961.215337 452.875982 142.141294 202.450269
961.012651 454.743434 142.581568 200.975748
961.377697 454.814445 141.952860 202.202572
960.740478 455.950437 142.853740 200.099636
961.215337 456.376693 142.050964 202.333654
960.698871 457.576818 142.213391 200.608772
960.275877 457.969884 142.541022 202.740462
959.623300 459.014182 143.334449 200.482111
959.976655 459.357217 143.351507 200.280328
959.907299 459.187831 143.053365 201.786110
960.485542 460.203153 142.025963 201.516042
959.858020 460.131354 142.920833 202.984630
959.743978 460.682742 142.032525 201.850763
959.460305 460.027662 142.383835 203.495285
959.653943 460.957773 142.357406 203.354042
959.201387 460.991525 142.653319 204.519124
959.205476 460.770155 142.220878 205.285721
959.115477 461.049266 142.703683 204.707875
958.572333 461.049266 142.697316 205.106315
958.872371 461.401852 142.549418 204.604490
958.538027 460.909817 142.286303 206.446953
958.216851 461.107057 142.544179 206.192090
958.090463 461.246918 142.540031 206.152555
958.270196 461.665264 142.438971 205.133256
958.025354 461.490149 142.557961 205.765189
957.819689 461.894110 142.496729 203.174658
957.292196 462.053675 142.797493 204.206646
957.266613 461.835743 142.792855 204.971154
957.059887 462.511702 142.968533 202.405415
957.257035 462.466555 142.465031 205.999685
956.910079 462.614609 142.720405 204.244273
957.076756 462.974598 142.061227 204.632902
956.987359 462.557443 142.307766 206.752996
956.847436 463.386554 142.542753 206.113280
956.757809 463.334230 142.632380 204.722770
957.385062 463.743492 142.119777 206.015705
957.090453 464.033553 142.618704 204.122584
957.432950 463.835759 142.098314 204.771748
957.432950 463.696700 142.256071 206.010661
957.359851 464.033553 142.270633 205.517480
957.025373 464.401869 142.793825 204.108427
957.166035 464.327588 142.444084 202.550899
957.076707 464.191529 143.038445 202.680687
956.532171 464.053683 143.425578 202.129090
957.076707 464.641762 142.881041 201.778382
956.649418 463.795508 143.336906 200.729980
957.193294 464.357216 143.819251 198.524530
957.153226 464.291730 143.887848 198.045612
957.876220 463.936536 143.181309 198.434709
957.180515 464.606532 144.200579 197.183223
957.730541 464.177555 143.650553 195.952793
957.726788 464.049117 143.669164 196.355345
957.829334 463.916128 143.778348 196.199752
957.985991 464.049117 143.897940 196.162926
957.885345 463.916128 143.933319 195.911679
958.825251 464.049117 143.268376 195.874669
957.866426 464.071775 144.328457 195.372747
958.089830 464.314538 144.339904 194.271441
958.574532 463.981240 144.510683 194.819551
958.420586 464.090398 144.323878 194.329283
959.018994 463.601841 143.406467 194.842680
959.172368 463.583366 143.470339 194.740945
958.781780 463.245490 143.402386 194.937518
959.016308 463.377293 143.626399 194.518914
959.016308 463.113481 143.626399 195.836960
959.277903 463.049109 143.085546 195.587013
959.175839 463.071775 143.249622 195.947335
958.695584 463.997301 144.206418 194.160735
958.815837 463.997301 144.108921 193.779615
959.309567 463.095180 143.360007 195.539153
959.488858 463.204603 143.118572 194.762734
959.465856 463.113481 143.203718 194.878281
958.996342 462.716206 144.039826 194.608105
959.410713 462.733839 143.105686 194.901936
959.231353 462.625298 143.346953 195.104682
959.488858 462.469637 142.936603 194.688399
959.465856 462.493092 142.930372 194.568720
959.465856 462.360655 143.021364 194.891706
959.147498 462.889158 143.777786 193.223311
959.365631 462.137349 143.274310 195.330591
959.488858 462.601842 143.027541 194.747123
959.387735 462.095184 143.099486 196.017877
959.332475 462.601842 143.183924 195.225462
959.723109 462.317133 142.702352 195.007178
959.543909 461.962172 143.125665 195.576568
959.254192 462.071776 142.899378 196.139327
959.274050 462.071776 143.213570 195.563999
959.175839 461.938739 143.158869 195.219297
959.172368 461.981240 143.562481 195.297507
959.097440 461.672113 143.237268 195.772409
959.274050 461.693163 142.939011 195.682513
959.175839 461.716206 143.158869 195.180001
959.094338 461.716206 143.089828 195.658326
958.940480 461.538476 143.122752 195.619560
959.172368 461.469638 143.011798 194.879328
958.760849 461.228015 143.817457 195.981015
958.963960 461.314537 142.948041 195.609247
958.703496 461.469638 143.755296 195.933688
958.806653 461.446924 143.195305 195.765119
959.039847 461.560370 143.264610 195.527888
958.783289 461.601842 143.642172 196.283193
958.907726 461.649464 143.333775 195.795158
958.648383 461.693163 143.382440 195.299397
958.956806 461.204604 143.292459 195.910433
958.648383 461.027094 143.564678 195.487902
958.726782 461.090392 143.122358 196.343933
958.726782 461.027094 143.213153 195.392574
958.723109 460.938740 143.434016 195.601340
958.491400 460.825800 143.448536 196.126428
958.199542 460.515865 143.986033 196.311942
958.436734 461.068080 143.079561 195.981084
958.488859 460.538477 143.301188 195.906046
958.019131 460.693169 143.468448 196.066599
958.591027 460.782907 143.045131 196.044899
958.018995 460.693169 143.588436 196.837733
958.303295 461.292594 143.338669 194.291490
957.996346 460.474158 143.581963 196.473350
957.985991 461.068080 143.255493 195.115689
957.860017 461.113480 143.507095 196.029406
958.117998 461.049116 142.731149 195.299867
957.703496 461.113480 143.207427 195.452760
957.878938 460.805519 142.911109 196.117666
957.491405 461.204604 142.726662 196.102610
957.801047 461.204604 142.533661 195.335475
957.239072 461.493095 143.529605 193.998359
957.777752 460.872650 142.983236 195.499593
957.625167 460.583366 143.104332 195.408395
957.410714 460.450341 143.105686 196.211868
957.199511 460.825800 143.073317 195.549882
957.254193 460.583366 143.262208 195.599642
957.254193 460.337202 142.989854 196.066123
957.352044 460.693169 142.952424 195.682513
957.175840 460.583366 143.249622 194.740945
957.387741 460.493098 143.190571 195.045648
956.907079 461.377292 144.017679 193.472105
957.387741 460.625304 142.827061 195.200326
957.621922 460.757350 142.683550 195.164062
957.855597 460.757350 142.813983 194.590432
957.993677 461.283458 142.706315 195.117645
957.785258 461.757346 143.611250 193.165957
958.287511 461.176465 142.716563 195.605569
958.328243 461.601842 142.947327 195.129675
958.561595 461.625301 142.897198 195.583728
958.801047 461.583366 142.806384 194.931361
958.777748 461.625301 143.258424 195.679740
958.695584 462.354237 143.577652 194.447113
958.541188 462.245490 144.304849 194.937518
959.507768 461.693163 143.071665 197.224779
959.279305 461.468398 142.878045 196.619542
959.507768 461.382051 143.255799 197.408067
959.302597 461.761003 143.089195 196.066192
959.422245 462.354237 144.270779 195.213389
959.805129 461.248020 142.862924 196.196602
959.569909 461.427346 143.370021 196.044259
959.961650 461.427346 143.251405 196.236348
960.039841 461.427346 143.082049 196.428623
959.961650 461.427346 143.160240 196.717521
959.392310 462.049101 143.465243 195.013277
959.878937 461.050069 143.370327 196.612140
959.829368 461.271869 143.503491 195.720259
959.648377 460.625015 143.747563 195.985355
959.412350 460.782907 143.499636 196.140877
959.747230 460.515865 143.254573 196.600014
959.669133 460.649479 143.608514 196.274306
959.829368 460.649479 142.867306 195.699505
959.488858 460.583366 143.209834 194.931361
959.465856 460.095190 143.386670 196.017877
959.255526 460.579140 143.232048 194.578714
959.231353 460.095190 143.346953 195.443556
959.018994 460.204605 143.406467 194.667500
959.328243 460.113480 143.222461 194.878281
959.309567 460.113480 142.544068 194.687310
958.753784 460.532829 143.721707 193.600382
958.837515 460.005108 143.226035 194.698678
958.703496 459.981239 143.207427 194.628765
958.855594 459.757353 142.088115 194.019012
958.656000 459.688895 142.047428 194.966912
958.616118 459.781571 142.447443 195.136893
957.996346 460.137349 143.127967 193.711380
958.227512 459.649526 142.744916 195.364665
958.172367 459.981239 143.011798 194.438256
958.149621 459.757353 142.640999 194.781396
957.759359 459.889168 142.850097 195.032248
957.465863 459.848838 143.662318 195.047369
957.801047 459.733840 143.080539 195.381199
957.703496 459.716205 142.845132 195.658326
957.332477 459.981239 143.366217 195.106122
957.410714 460.113480 143.470872 195.933160
957.277887 459.916120 143.085546 195.050844
957.483841 459.583365 143.066862 195.695381
957.723110 459.733840 142.520937 196.151196
957.488859 459.938741 142.755188 195.888565
957.175840 460.204605 142.977731 195.239918
957.406065 459.981239 142.961047 196.450754
957.434569 460.027100 142.747841 195.678743
957.561594 459.538477 142.805517 196.672626
957.512829 459.916120 142.669581 196.488333
957.429935 459.759247 142.691972 197.000521
957.747215 460.314529 142.616219 197.249810
957.512829 459.844785 142.489113 198.041927
957.224108 460.091991 142.806385 198.570650
956.932905 460.042539 143.519304 199.851319
956.858024 460.357226 143.077700 198.815757
957.272237 459.717817 142.933588 198.975220
957.406554 459.936552 143.194588 199.996160
956.823648 460.646884 143.586420 198.334730
957.506690 459.854034 143.156189 201.274974
957.045145 460.441013 143.544944 199.084460
957.280598 460.646884 143.286390 199.502608
957.371511 460.511905 143.667543 199.930959
957.435331 460.187838 142.947238 200.509830
957.162639 460.460063 143.298431 200.237605
957.344598 460.595871 143.037971 199.418918
957.098280 460.751304 144.019654 199.362528
957.676033 461.002056 142.868068 199.110121
957.851408 460.615704 142.977578 198.238349
958.011231 460.446986 143.532564 198.861811
957.958891 460.426327 143.704000 197.911016
957.297128 461.250392 144.374739 196.701856
958.245976 460.581376 143.573483 195.548973
958.488859 460.427352 143.301188 196.140281
958.669148 460.560376 143.058217 194.193714
958.367707 460.137349 143.241738 198.133208
958.484968 460.849596 143.298259 194.141432
958.231356 460.493098 143.621173 195.236889
959.034582 460.733840 142.572849 194.328825
958.521643 460.781571 143.484980 195.041211
958.723109 460.848838 143.341969 193.905789
958.524524 460.401209 143.356942 195.546310
959.034582 460.469638 143.306961 193.927177
958.915614 460.401209 143.056803 194.017037
959.383100 460.532829 143.046503 193.505478
959.443683 460.438741 142.922849 193.906733
959.365631 460.045041 143.183035 195.352567
959.332475 460.337202 142.911571 192.924983
958.953684 460.201479 143.382633 193.380701
959.131156 460.307684 143.691885 194.324010
959.387735 460.508933 143.373246 193.530236
959.209368 460.176465 143.522077 194.264370
959.387735 460.414493 143.373246 194.219854
959.387735 460.664242 143.740440 192.806065
959.365631 460.307684 143.549142 193.656946
959.289207 460.664242 143.774332 193.754004
959.231353 460.664242 143.896822 192.900556
959.287534 460.438741 143.903404 193.430895
959.602841 460.532829 143.369564 193.221179
959.755314 460.307684 142.976130 194.324010
959.915602 460.795494 143.330618 191.826791
959.717112 460.107429 143.286209 194.447768
960.321444 460.152222 143.083714 193.719234
959.817733 460.176465 143.186341 193.124130
960.283313 460.212668 142.933166 194.730767
959.917895 460.401209 143.478330 194.588715
960.328243 460.508933 142.855923 194.769814
960.074737 460.493098 143.412480 194.283263
960.074737 459.962178 143.686240 196.246855
960.199512 460.314529 143.527822 194.652434
960.777742 460.377292 142.891829 195.188948
960.703497 460.360662 143.298323 195.369325
961.034581 460.469638 142.938681 196.801875
960.883384 460.248035 143.329665 196.771774
960.750918 460.271875 143.399416 198.230624
961.184747 460.849596 142.960810 195.853716
960.842889 460.538477 143.668244 198.023493
961.249564 460.177556 142.808978 198.936717
960.666839 460.532137 143.848183 197.774731
960.912712 460.581376 143.783337 197.081762
960.417183 460.761004 144.830727 197.804495
960.823646 460.646884 143.586420 197.754110
961.275147 460.715579 143.420902 197.140221
961.928331 460.226184 143.009985 198.242218
961.272565 460.715579 143.872969 197.816612
961.761234 460.801962 143.303921 197.987804
961.697460 460.312364 143.299005 198.510612
961.851440 461.339165 143.134925 196.774944
961.829356 460.032734 143.048318 198.564455
961.775972 459.801965 143.402315 200.032713
961.907265 460.002049 143.143967 199.110121
962.037330 460.156947 143.259592 199.151616
961.958891 460.021931 142.974534 198.897379
962.194020 460.156947 142.648927 199.054233
961.775972 460.261520 142.678655 199.206885
961.876251 460.396922 142.634065 199.071483
961.719929 459.990065 142.338614 200.062393
961.696907 460.646884 142.658470 197.754110
961.380992 460.198951 143.010798 199.595842
961.006875 460.646884 142.933835 199.014933
961.506737 459.990065 142.336246 201.532242
960.908989 459.581144 142.756516 200.397564
961.221134 459.731462 142.739513 200.750349
960.985832 460.357226 142.974815 200.574883
960.671325 460.187838 143.018360 199.438059
960.880464 460.105680 142.962519 201.122154
960.620044 459.758986 143.276901 199.669380
960.903064 459.595865 142.907456 202.069613
960.727294 459.603766 142.478375 202.367196
960.408904 460.112790 142.788509 200.934386
960.616379 460.324067 142.609379 201.354397
960.435335 460.405194 142.633890 201.330485
960.162644 460.268368 143.063115 200.196438
960.220168 460.460063 142.951135 200.433268
960.455914 459.640931 142.323969 200.959022
959.858020 460.595871 142.999220 199.516305
959.885142 460.479871 142.999125 199.828681
959.733738 460.511905 143.463123 199.735300
959.767091 460.595871 143.011762 198.738988
959.489693 460.936548 143.260775 200.192460
959.616394 461.086231 142.452846 199.573397
959.580341 460.033560 142.621531 200.921374
959.796805 460.731469 142.507422 200.455848
959.913952 460.013435 142.183024 201.527327
960.155848 459.994106 141.600887 201.447346
959.733738 460.187838 142.676329 200.901437
959.525942 460.187838 142.386905 200.021725
959.964770 460.071206 142.154801 200.529869
959.589950 459.424590 142.857174 198.879860
960.032418 459.667146 142.659715 199.775911
960.037353 459.615716 142.625083 198.721627
960.011230 459.396926 143.076054 198.780272
959.958914 459.667146 143.155956 197.929259
959.932881 459.446987 142.972860 196.735448
959.997968 459.649471 143.274120 195.508383
960.410712 459.071777 143.105686 197.199736
960.224105 459.004840 142.986687 196.370848
960.117986 458.625026 143.186465 196.558941
960.356263 458.916112 143.007170 195.241734
959.938186 458.317132 141.804134 196.729508
959.723109 458.183692 142.249969 195.999315
959.811226 458.848837 142.328760 195.142923
960.088759 457.671747 141.674988 196.892005
960.034581 457.938742 141.489901 195.505783
960.221121 457.474168 141.422884 196.185465
960.088759 456.805999 141.674988 196.757764
959.567003 456.244082 141.868203 195.795086
959.848608 456.095180 142.032858 196.979976
959.645079 455.490608 141.523178 197.173092
959.809429 454.867341 141.434618 198.017697
959.150878 455.515849 141.411499 195.928772
959.376501 454.940032 141.864224 196.432220
958.541188 454.647974 142.123009 196.057399
959.720906 453.916236 141.099213 196.938049
959.172368 453.109028 141.303857 197.169718
959.034582 452.647996 141.579316 198.170387
958.636538 452.844776 141.374575 197.463467
958.809429 451.098592 140.894021 199.112515
958.292139 450.657640 140.728208 200.039650
958.317627 450.191723 140.643274 200.665444
958.081857 450.500424 140.583254 198.838153
957.196056 448.938638 141.045058 201.014251
957.129452 448.934545 140.816770 199.693478
956.610405 448.249494 141.190328 199.282644
956.064239 447.738717 141.294078 197.131325
955.871938 446.702689 140.959386 199.309245
955.142434 446.385729 141.215865 198.085935
954.740958 446.086106 141.566771 197.385509
953.604055 446.001975 141.342813 195.205118
953.356015 445.098405 142.122339 195.317347
952.289193 443.671742 142.068585 196.892005
952.663288 443.001977 141.197416 196.633807
951.330453 442.428066 141.499220 195.919724
950.699814 441.132755 141.527632 197.718738
950.196049 440.462236 141.309718 197.941099
949.118002 439.271621 142.010524 197.338747
948.961667 439.248032 141.632635 197.542097
947.883412 438.191131 141.357706 198.212206
947.274072 437.950884 141.765058 196.183180
946.699827 437.695511 141.795083 196.034478
946.309563 436.485555 141.298953 196.195764
945.309566 435.671739 142.995899 195.556402
944.704620 435.317149 143.088529 195.961614
944.255519 434.490601 142.605178 195.453351
943.625163 434.450357 142.563565 194.209516
942.739299 434.649538 142.904713 192.989973
942.422350 435.116030 142.732357 191.427698
941.853198 435.044100 143.393803 192.552988
941.659609 435.082003 142.469243 191.071185
941.538038 435.587056 142.193140 191.341766
940.600511 436.586294 143.249391 191.176255
939.836136 437.814892 143.591266 191.047662
940.090053 438.303629 143.033995 192.700975
939.875376 439.116038 143.370090 193.607294
938.895881 440.609201 144.167651 193.980515
938.130366 441.554814 144.447911 194.299490
937.704624 443.172931 145.287308 192.794418
938.311243 444.201997 143.781698 192.885382
937.896184 446.636241 144.944496 191.423527
937.480677 448.403563 144.919103 191.869635
936.713843 449.891031 145.661972 193.469462
936.861273 452.331214 144.994549 193.296356
936.522574 454.588060 145.304550 193.200547
936.152343 456.842816 145.281627 193.525459
935.756190 459.204467 145.217084 195.134801
934.772505 461.926192 146.111436 195.748905
934.027904 464.623748 146.305307 196.014953
934.458220 466.984310 145.943912 196.105596
933.820282 469.236185 145.750942 197.976832
933.077894 471.415255 146.216958 197.910488
932.390012 474.036148 146.509907 197.739649
932.351174 476.166477 146.570288 200.192675
931.917924 478.967399 146.270853 198.844929
931.184500 481.231265 145.770325 200.328096
930.452541 484.344841 145.802424 199.614806
929.818406 487.377729 146.662014 200.331175
929.400649 489.932545 146.896656 200.922627
928.623576 492.159939 147.233743 202.552129
928.490779 495.392715 146.785286 201.001410
927.380620 498.159926 147.569248 201.645152
927.370382 501.143888 147.300994 201.758074
927.137798 503.612862 146.928889 201.385730
926.663070 506.253811 147.638791 203.209935
925.864811 509.182879 148.038681 202.708245
925.795599 512.049039 148.252385 202.238055
925.389727 514.316494 148.095703 202.776460
924.375516 516.780824 148.621168 202.205155
924.226961 519.049044 148.539018 202.539799
923.946152 520.870069 148.331062 203.265580
923.095586 522.734998 148.692810 203.804105
922.407394 524.586621 149.646552 203.843865
922.030213 526.167342 149.384670 205.778367
921.917314 527.831238 148.727472 204.418120
921.767040 529.944899 148.273968 205.046137
921.174424 531.073506 148.053248 205.854581
920.079601 531.877400 149.128030 206.393890
919.753859 533.132848 148.516111 206.218469
919.359031 533.866430 148.121025 207.514901
918.179955 534.665835 148.717713 207.955087
918.442196 535.310417 148.035322 208.946804
917.579828 535.745430 147.897540 208.288570
916.707472 536.178647 148.303691 207.563940
916.394139 536.741212 148.479574 207.915331
915.625567 536.955644 148.385603 206.724314
914.949941 537.246105 148.623101 206.345973
914.031878 537.665850 148.355304 207.140444
912.933156 537.259303 148.779320 209.565922
911.792772 537.236605 148.704762 207.707794
911.215113 537.451167 148.703319 207.887749
910.461585 536.823851 148.179378 208.159294
908.968080 536.673966 148.950318 208.120462
908.497712 535.957436 148.440996 207.103347
906.850791 535.259309 148.769294 208.546988
906.333385 534.672853 148.235945 207.387933
905.262163 533.262052 148.450339 207.525559
904.297295 532.328383 148.435994 206.802060
903.097740 531.259298 148.614720 208.039942
902.050480 529.891531 148.406269 206.823685
900.933146 528.975414 147.953488 206.111702
899.915915 527.348607 148.079780 205.016479
899.046355 525.786105 147.835208 205.782192
897.834004 523.854094 147.519965 206.358052
897.243082 522.774816 147.660528 205.184942
897.346528 520.927759 146.997534 205.640536
896.535617 518.501448 147.253891 205.777551
896.376672 516.996417 146.551981 205.023571
895.998480 513.875656 146.998241 204.986222
896.674670 512.433732 146.437663 203.907641
896.448354 509.891183 146.339271 205.358988
896.555189 508.020381 146.303921 205.022450
895.756501 506.162515 147.147029 204.979159
895.708516 503.150872 146.569778 206.773564
895.355002 502.138501 146.458645 206.073664
895.259897 498.562853 146.466982 208.404384
895.839469 496.178435 145.460665 208.665164
896.043829 494.697360 145.855976 207.104013
895.841451 491.490260 146.247797 207.481658
896.918817 489.346582 145.055480 205.721992
897.709217 486.669554 144.768271 204.550987
897.975107 483.762474 146.170434 204.022242
899.101969 480.319594 145.891074 203.869083
900.822874 477.540408 145.574883 204.278545
901.829120 473.817836 145.921758 204.146938
903.011175 470.467411 145.739726 204.861455
904.709198 466.949226 145.333312 204.490184
906.357261 463.682972 145.121578 203.962354
907.668009 460.189968 145.355591 203.619962
910.134845 456.481614 144.575644 202.913430
912.008744 452.496553 144.922561 202.523184
913.385032 449.927705 144.579441 202.483435
913.572368 447.011675 143.483117 202.368784
913.019308 444.028383 143.699517 201.682313
912.074211 439.897243 143.412751 202.172230
911.284861 437.311357 143.101444 201.302940
911.012637 433.690970 142.659901 200.587766
909.849576 429.514711 142.528126 200.966847
909.253725 425.281553 142.035947 201.290156
908.493436 421.218694 142.116513 200.808028
907.401915 417.014448 142.829904 200.232554
907.462284 413.507522 141.623057 199.497958
906.364445 409.542587 141.991517 199.353890
905.821699 405.329594 141.534286 199.377990
905.094200 400.697811 141.493553 198.430766
904.363836 396.216369 141.185307 198.855214
903.545801 392.129448 141.234129 198.676264
903.446419 388.481290 140.256495 198.230114
902.270535 383.537608 140.395306 199.649427
901.483673 379.421803 140.283716 199.289602
900.602414 374.861625 139.885189 200.154643
899.483685 370.362783 140.130491 199.991592
898.573686 366.066015 139.734673 199.834145
897.602384 362.287146 139.732461 199.539704
897.139297 357.670553 139.348282 199.780120
896.386107 353.016677 138.588439 201.212523
895.177831 348.429532 139.149044 201.586736
894.773648 344.126660 138.449897 201.171994
893.357033 338.940624 138.742204 202.193438
892.773650 335.484021 138.373985 200.814643
892.097337 330.090587 138.255975 203.067459
890.814282 325.536190 138.326898 202.118376
891.087334 320.918644 138.205019 201.928744
892.650679 315.850744 138.057158 203.020891
895.266302 311.100853 139.062213 203.985638
900.349013 306.133514 138.788530 205.170938
906.406224 302.114504 139.590511 202.505071
914.427080 298.739020 140.123964 204.180278
923.475621 297.120108 138.924603 203.575402
932.099904 297.600486 139.475859 203.218674
941.453062 298.287744 138.410647 202.630203
949.232672 300.581367 138.706827 198.144594
958.747211 302.649534 136.953590 195.940180
967.185912 306.613731 136.297981 193.332828
974.027122 311.342562 136.077944 190.953373
982.307346 315.436354 134.505635 189.767126
989.853930 320.734554 133.597855 187.783856
996.176706 325.323955 132.459348 187.132987
1002.483684 329.879581 130.965787 187.748656
1007.530175 335.517403 130.581151 186.990907
1011.133057 341.506211 129.987784 186.163518
1013.758674 346.947583 128.651736 186.697042
1014.318318 352.275849 129.238601 186.961527
1014.787736 358.770500 128.555990 186.535753
1014.350936 364.980059 128.467359 187.583544
1013.614792 372.290690 128.129726 187.592174
1012.787344 379.756944 128.278350 187.125926
1012.176151 387.277307 127.684834 187.041153
1011.350982 394.913940 128.147811 186.649664
1010.990900 402.606827 127.827427 185.198503
1010.690565 410.377085 127.326008 183.512908
1009.748466 418.705490 127.180440 183.805456
1009.498762 426.621788 126.873311 183.606613
1008.677681 434.665849 126.623397 183.430142
1008.377103 442.891060 126.428193 182.455202
1008.372267 450.683005 125.761128 180.758174
1007.478574 457.999248 126.039787 180.455763
1006.688985 465.299167 125.907291 179.121596
1005.827282 471.983051 126.113764 178.923176
1005.570932 478.793585 125.299151 177.950750
1005.105202 485.665990 125.819410 176.094586
1004.780047 491.466703 124.945617 177.225764
1003.479009 497.355389 125.229922 174.660153
1003.060991 501.787517 125.113391 173.568657
1002.304467 504.822442 124.577728 171.820969
1001.130456 506.231403 124.508617 169.747655
1000.008364 505.263201 124.871653 169.403853
998.927024 502.314397 125.020467 169.441029
997.927013 498.594921 125.087913 168.706848
997.251752 495.492573 124.965740 167.457000
996.439766 490.714322 125.002994 167.406730
994.851259 487.439054 124.681570 168.204079
994.105569 482.943027 125.022131 167.892564
993.771591 479.908877 124.803813 166.689083
992.316328 477.495258 124.877255 165.308198
991.462518 472.428886 125.586605 165.031961
990.785687 468.973004 125.233579 165.636552
989.558671 465.149305 125.280752 164.568122
988.729951 461.737583 124.997357 164.839278
987.798280 458.733810 125.007867 162.872536
986.600836 453.810188 125.464149 163.416115
985.723219 450.496507 125.162410 163.729359
984.928873 446.096994 124.878511 162.944183
983.256982 442.790117 125.729478 162.148001
982.211559 438.859875 125.168313 161.669897
981.022483 436.301340 125.852240 159.349160
980.108620 432.365965 125.629552 159.632368
979.040119 428.670986 125.461284 160.077554
977.490738 425.252194 126.089468 159.058481
976.651919 422.472940 125.795125 157.434435
975.963336 420.268201 125.128745 157.327850
974.848216 419.326910 125.026681 156.323828
973.937918 418.889682 125.113794 155.544117
973.479083 418.529314 123.943618 155.805806
971.960770 418.274734 124.401418 156.349026
971.023690 418.418938 123.402569 156.561099
970.372780 419.010814 123.460334 155.612946
969.052272 419.287074 124.015229 154.903843
968.069621 419.806165 124.250298 154.384752
967.270997 420.132945 123.812624 154.573037
966.672366 420.770700 123.254360 153.682123
965.102811 421.046201 124.152426 153.435731
965.426506 421.511733 122.752432 153.302947
963.866882 421.909293 123.403613 152.990885
963.664706 423.442787 122.293775 151.078090
962.933150 423.204228 122.133010 152.033485
962.302370 424.583162 121.596715 151.217934
961.816600 425.492536 120.799889 150.995696
960.583051 426.162549 120.968043 150.518676
960.496134 427.101694 119.978379 149.940396
960.394338 428.211950 118.798111 148.838309
958.903231 428.763800 119.396252 149.026626
958.453786 430.175031 118.831012 147.745787
957.260584 431.228176 119.120661 147.801338
956.869343 432.228185 118.726919 146.988192
956.512888 433.500735 117.799561 146.658043
956.538128 434.382868 116.647991 146.131408
956.560824 435.682115 116.093927 145.863867
956.109286 436.954655 115.347287 145.237413
955.318009 437.995019 115.313100 145.566192
954.380706 438.995010 115.762043 145.275964
953.893935 440.323178 115.345726 145.462825
953.643195 441.382492 114.742283 145.834516
953.377870 442.863501 114.180635 145.499733
952.554178 444.174018 114.035469 146.123169
952.788751 445.632947 113.016879 145.650501
952.248881 447.598503 112.876257 145.289242
952.041466 448.895317 112.046358 145.255628
951.711492 451.128072 111.982338 144.099477
950.505138 452.449312 112.082078 145.070455
951.045586 454.775814 110.756372 144.458228
950.636436 456.849121 110.947137 144.316197
950.629063 459.132202 109.930856 143.815691
950.274411 460.546762 110.234357 143.536367
949.795024 462.209227 109.945219 143.160957
949.847775 463.469675 109.515113 143.615117
949.312647 465.375078 109.145554 142.280242
948.723122 466.740202 109.885116 142.835446
949.218628 468.107794 108.770774 143.045110
948.886067 469.869974 108.634470 142.372967
949.278835 471.576730 108.383437 141.538108
948.788711 472.829599 108.235474 142.455468
948.468704 474.921307 108.176370 141.881949
948.632524 476.970100 107.580611 141.982216
948.155188 478.577957 107.959842 141.444730
948.219134 479.919947 106.926165 140.736690
948.010004 481.949676 106.710171 142.098029
947.710016 484.335119 106.824979 142.175509
947.660090 486.628766 106.441775 141.633679
947.099859 487.350109 106.837558 142.212869
946.224937 489.765705 106.676622 142.192451
945.847561 489.706185 106.976938 143.028433
946.368444 489.723737 106.112428 142.447857
946.389284 489.636133 105.735614 142.420726
946.130950 489.139504 106.191494 142.951087
945.826758 488.425991 106.375490 142.602561
945.660093 488.692740 106.615395 142.296993
945.523500 488.003680 105.773023 143.149557
945.811122 487.033488 105.795660 142.786524
945.840210 486.617342 105.356645 143.734434
945.638258 486.621339 105.430028 142.407211
945.504726 486.650371 105.286369 142.496720
945.570644 485.969168 105.015280 143.738049
945.013595 486.459768 105.449324 142.904103
945.136870 486.265386 104.987984 142.958414
945.022303 485.909441 105.102551 143.723989
944.393244 486.776190 105.336483 143.545105
944.603713 486.641207 104.864736 143.445537
944.134652 486.929218 105.219136 144.041604
943.998516 487.630591 104.616794 143.392116
943.470861 487.909418 105.049483 142.322713
943.009920 487.843654 105.648708 142.653172
943.142412 488.296809 105.237567 142.493700
942.649392 488.393297 105.936526 142.958467
942.638288 488.653554 105.698359 143.766423
942.522852 489.493176 105.746559 142.373644
942.331473 490.350107 105.860507 143.274812
942.233515 491.422886 105.834801 142.502991
941.782359 491.777757 106.015593 143.492063
941.219165 492.781174 106.187340 143.355136
941.090112 493.300465 105.919903 143.835847
940.626745 494.043386 106.518589 143.383686
940.626745 494.947214 106.722471 143.126177
940.277530 495.976653 107.003634 142.105827
940.257511 498.198371 106.799315 141.024772
939.925553 497.573237 106.742966 141.530369
939.719187 498.530986 106.949331 141.268827
939.925553 498.837462 106.742966 141.576725
939.372981 499.669172 107.353396 140.553055
939.591504 498.940103 107.012314 142.067418
939.417968 499.039369 106.851441 141.139705
938.365633 499.159902 107.556796 140.655315
938.342693 499.159902 107.390095 142.121561
938.510525 499.522092 106.906854 141.847300
938.110982 500.731589 107.512843 141.838700
937.692188 499.913240 107.588986 143.164137
936.789910 500.790892 107.416211 142.506750
936.147082 501.330105 108.475530 142.497450
936.348194 502.244618 107.728511 142.907161
936.162884 502.837172 107.950335 143.473603
935.740527 503.616332 108.765248 142.169402
935.945415 502.826937 108.029584 142.907401
934.975854 503.981913 108.145645 141.682183
934.546306 503.947208 108.176194 141.513718
934.406167 503.754396 108.433056 142.264702
934.651710 502.982882 107.979350 142.690035
934.061110 503.144338 108.433200 142.863358
934.043433 503.310730 108.194453 142.704917
933.886745 503.020907 108.226656 143.135634
934.023947 503.214293 108.235536 142.660596
933.474939 503.599251 108.846886 142.205328
933.572455 503.503226 108.567435 142.865033
933.257720 503.475725 108.932344 142.198705
933.337728 503.886453 108.802162 142.693935
933.257720 504.532524 108.863061 142.478598
933.455168 504.599251 108.266013 142.981137
932.866305 505.437180 109.063717 142.644732
932.601321 506.150295 108.904431 141.734103
932.592835 505.469412 108.659441 142.833761
932.391740 506.532517 108.701682 141.913798
932.769355 506.881154 108.552510 142.271706
932.117305 508.921297 109.821661 140.706289
932.592835 507.662985 108.798721 142.569973
931.603814 508.054346 109.794788 142.462411
931.853519 509.174696 109.556727 141.411734
931.578589 509.745233 109.791830 142.174274
932.593007 509.605664 108.274125 142.341370
932.179559 510.240204 108.864634 142.979744
931.886079 510.087040 109.050714 142.587397
931.435174 510.437195 109.454177 142.715594
930.934117 510.413609 110.072441 143.453380
930.763581 510.587988 109.856598 142.929607
930.443904 510.772835 110.310758 143.453011
930.208300 511.717121 109.921798 142.158451
929.814367 511.027656 110.825379 143.131014
930.513127 511.429579 109.925179 142.799657
930.283946 512.061319 109.927584 142.456612
930.514702 511.736699 110.162475 142.577976
930.372291 511.869158 110.202150 143.285683
930.431884 512.132051 109.720520 142.885911
930.396389 512.386134 109.781615 143.131798
930.073739 512.772836 110.148705 142.815688
930.514702 513.804436 109.947839 142.850873
930.550915 514.157178 110.378460 142.784993
929.834141 513.841701 110.108798 142.894182
930.099874 513.354786 110.291353 143.310711
929.464432 513.588012 110.225709 143.000304
929.312621 513.200370 110.261778 142.964523
929.610344 512.647389 109.964055 142.456430
929.886109 511.899455 109.541574 142.774963
928.993952 510.460290 110.292895 143.574469
929.772795 510.005659 109.837409 142.948086
929.742694 509.256962 110.223088 142.636953
929.563544 508.841694 110.261365 142.192087
929.802341 507.605661 110.022567 143.349226
929.644048 507.060847 110.116168 143.253225
929.729150 506.256972 109.916014 143.267834
929.966209 505.744604 109.891908 143.414667
930.519462 505.452476 110.557258 143.072322
932.210440 505.005687 110.714830 143.370714
934.573112 505.406572 110.401202 142.742914
937.127726 504.628397 110.672401 142.758522
939.607163 503.559970 110.814606 142.798213
942.870279 502.844586 110.927009 143.278250
946.382866 502.202556 110.494888 143.850019
949.956356 501.845538 109.921434 142.980637
952.960874 501.982045 110.452286 143.079316
955.119082 501.415679 110.615913 143.452277
956.637715 500.344748 110.597069 143.272334
958.347186 499.417365 111.066605 142.845898
960.278858 497.824924 109.978977 143.358256
961.265483 497.354792 110.502308 143.522041
962.872557 495.781729 110.215772 143.899844
963.595585 494.280307 109.729408 144.172356
963.810510 492.881742 110.194639 143.451125
964.727957 491.824944 109.927624 143.847982
965.239951 490.626062 109.801645 144.117034
965.772743 489.379556 109.623344 145.489145
965.595652 488.391537 109.636644 144.565813
965.334123 486.881740 109.753652 144.641272
965.143547 485.934372 110.114772 144.723037
965.084001 484.536828 109.891770 144.555221
964.528493 484.526163 110.387489 143.495447
964.513138 482.981614 110.278564 144.330412
964.606017 482.427894 110.299403 143.593712
964.214657 481.712483 110.364675 144.442925
964.536010 481.329470 110.259745 143.833060
964.035069 481.168257 110.827679 143.143767
964.094966 480.656329 110.625831 142.726011
963.352929 480.394475 110.869519 143.193849
963.214622 479.908088 111.005013 143.397792
963.453483 479.656329 110.837890 143.007555
963.524334 479.684524 110.446799 142.974524
963.404481 479.200368 110.637177 142.683117
963.610347 478.938616 110.176697 142.867710
963.491369 479.035405 110.437966 141.718832
963.826898 478.892716 109.883806 143.045340
963.372252 478.841689 110.202150 141.982346
963.708388 478.605679 109.931382 142.765011
964.099892 478.289104 109.096846 142.455337
964.139189 478.117632 108.912362 142.827582
963.826898 477.833820 109.530273 142.691239
963.826898 477.833820 109.249566 142.200930
963.629606 477.765709 109.370261 142.118693
963.435189 477.669184 109.524764 142.285291
963.198502 477.087029 109.130527 142.308036
963.376069 477.150303 109.162215 142.648681
963.139227 476.930827 109.120278 141.894474
963.161318 477.172336 109.189586 141.281395
963.474916 476.566256 108.500070 141.202662
963.633439 476.426638 108.472003 141.173546
963.397967 475.754383 108.707476 141.567430
963.201186 475.497737 109.001834 141.047674
963.083564 475.139433 109.119456 141.251900
963.201186 474.566267 108.791401 140.787966
963.280001 474.331058 108.548876 141.478398
962.906798 473.367012 108.668029 141.469355
963.142383 473.111888 108.501792 140.673052
963.124715 472.589303 108.511153 141.230691
962.926784 472.426655 108.807612 140.478930
962.875012 472.941303 108.181773 140.086276
963.492434 471.556709 107.534978 141.138212
962.616359 471.135463 108.689295 141.390756
963.219136 471.072028 108.094859 140.196251
962.814403 470.200179 108.123049 140.785980
963.026342 470.067783 108.001071 139.853025
962.563520 469.991229 108.368148 139.423797
963.010019 468.164500 107.869515 140.838962
963.180049 469.277215 107.560268 138.867098
963.337687 467.938067 107.318391 139.855418
962.981925 467.726895 107.774995 139.667315
962.703450 466.871202 107.937174 140.178633
962.693014 465.585818 108.213019 140.400333
963.143124 464.943142 107.539117 140.889925
963.201455 464.585830 107.412090 139.714320
963.430153 463.679461 107.117717 139.616618
963.543816 463.632389 106.880473 139.692857
963.199700 463.156573 107.282469 139.065762
963.285780 461.774030 106.965240 139.721167
963.575667 461.418288 106.811976 139.306956
963.356747 460.774030 106.575003 139.584652
963.424752 460.726023 106.449168 138.769174
963.707669 459.677689 106.180296 139.605711
963.760294 459.156574 106.102652 138.793538
963.840463 458.251738 105.807545 138.963551
964.044589 458.179309 105.889706 138.192548
963.921410 457.157306 105.739800 138.170032
963.765936 455.678337 106.108724 138.986422
964.144467 455.631555 105.691890 138.040856
964.281758 454.896303 105.592902 138.263995
964.737494 453.705827 104.732274 138.657285
964.680683 452.991316 104.856301 138.574977
964.509933 452.464291 105.229331 138.441509
964.907728 451.130940 104.831536 138.222076
964.188634 451.481823 105.240306 137.376359
964.668265 449.898872 105.057250 138.116660
964.145142 449.294579 105.784131 138.650881
964.978306 448.442950 104.841535 138.831811
964.964406 447.227140 104.910254 138.394322
965.401219 447.294587 104.260438 137.902171
965.558731 446.162199 104.356263 139.158494
965.452953 445.419038 104.615909 139.215076
965.737491 444.896318 104.264953 138.941508
965.514426 443.776160 104.549303 139.420589
965.471201 443.157310 104.404695 138.575021
965.853151 442.445011 104.076122 138.819588
965.951641 441.898877 104.236234 138.927926
966.060590 439.220690 104.202947 141.247727
966.333479 439.225744 103.961507 140.107797
965.902322 438.098763 104.441453 140.243976
966.374382 438.084607 104.108624 140.824484
966.485771 436.513811 104.202976 141.110496
966.485771 436.129643 104.202976 140.822015
966.311279 435.869610 104.203009 139.550039
966.391003 434.550830 104.081117 139.137804
966.514430 433.100258 104.280824 140.640522
966.599205 432.773698 104.089541 139.509686
966.737487 432.254630 104.198635 139.281788
966.794282 431.419034 103.877630 139.691007
966.907721 430.896314 103.830076 138.331543
966.840523 429.875009 104.074465 138.165141
966.896770 430.588137 104.152782 137.646603
966.543648 430.578785 104.696293 137.133381
966.543648 430.961791 104.363000 137.873623
966.840523 431.780625 103.673351 137.015782
966.477228 432.971799 104.347423 136.711398
966.829172 434.423416 103.802859 136.631268
966.929939 436.152640 103.696233 137.077608
966.760451 438.242830 103.931749 136.713516
966.929939 440.602289 103.498739 136.559427
966.199319 442.060970 104.483756 137.141008
966.615341 444.326776 104.095862 136.235382
966.199319 446.150583 104.617898 136.707946
966.547731 447.964532 103.950950 136.021976
966.312328 449.609542 104.103807 136.056534
966.142750 451.862498 104.206937 136.064661
966.312328 454.048487 103.772581 135.839517
966.426458 456.055966 103.715041 135.814639
966.594261 458.144840 103.480371 136.341525
966.086147 460.410639 103.998761 136.350549
966.548166 462.596534 103.475903 136.674247
965.745648 465.565664 103.815012 136.188121
966.043093 468.303010 103.841355 136.519954
965.703832 471.039079 103.790498 136.231699
965.875055 473.685338 103.741109 136.104618
966.258279 476.938540 103.483657 135.342178
966.417973 480.096030 102.518845 134.538281
965.907544 482.418631 103.058516 135.105458
965.802291 485.383771 103.050394 134.945598
965.522006 488.537113 103.068557 134.076882
964.953164 490.855652 103.553494 133.787128
964.739997 491.889743 103.491046 133.211403
964.795894 491.364511 103.170212 133.348677
964.905051 491.277298 103.251085 133.190302
964.679002 490.275816 103.466784 133.275205
964.403745 490.005850 103.233680 133.593377
964.571864 489.275836 103.316405 133.405651
964.516215 489.005838 103.238766 133.002462
964.455150 488.375026 103.163025 133.190178
964.348975 487.733130 103.140754 132.817916
964.455674 487.288528 103.280177 133.358069
964.627498 486.459164 102.796202 133.026711
964.400018 486.198126 103.269309 133.251307
964.516215 485.459151 103.105931 133.287571
965.015801 485.096469 102.805759 133.371150
965.069226 484.192925 102.548949 133.963117
965.291999 484.096456 102.529562 133.964713
965.069226 483.367555 102.548949 134.100051
965.015801 482.824201 102.341964 133.775033
965.069226 482.284066 102.614518 133.806154
965.013597 482.005844 102.670147 133.791113
965.013597 481.550622 102.083894 133.916991
965.010224 480.918719 102.196494 133.450343
965.175809 480.561593 102.162541 132.842762
965.342065 480.210371 102.125272 133.613370
