894.000000 253.000000 77.000000 102.000000
891.218449 252.291582 80.064049 101.860042
891.129944 251.701671 81.009051 101.625718
890.672716 250.839185 80.694869 102.212888
890.985909 250.410185 80.546325 101.603624
890.973315 249.981467 80.214297 101.445507
890.991662 249.483300 81.003331 101.009296
891.511265 249.244210 80.515420 100.595669
891.143277 248.471344 80.643137 100.830868
891.454558 248.037957 80.635360 100.504149
891.762797 247.124825 80.938506 100.731797
892.306730 246.673519 80.832304 100.853205
893.102035 245.969005 81.344964 100.920639
893.646518 245.051141 81.149605 101.625408
894.675151 244.757953 81.192644 100.807727
895.129959 244.190200 80.618070 100.839169
895.506156 243.540315 81.503107 101.010587
895.882833 242.827186 81.438160 101.136702
896.882797 242.445556 81.042567 101.119487
897.492416 241.827186 80.996184 100.490670
898.153306 241.175558 81.029614 100.465678
898.216857 240.517757 81.528451 100.921185
899.496232 240.034255 80.692612 100.780066
899.999160 239.471345 81.227681 100.781240
900.440885 238.742138 81.267185 100.485770
901.408562 237.761473 80.994330 101.028686
902.069342 237.051149 81.402183 101.027810
902.934411 236.673520 80.947178 100.753452
903.799803 236.106818 80.864307 100.435291
904.510074 235.263741 80.672869 100.395653
905.320009 234.609194 80.821681 100.198068
906.370207 234.020255 80.550941 100.232328
906.915768 233.386455 80.741688 100.328107
907.454578 232.883647 80.940323 100.121216
908.118583 232.292205 81.067348 100.258688
908.762794 231.677963 80.763213 100.326898
909.299280 231.020257 81.051906 100.431063
909.792465 230.244212 80.952885 100.645433
909.947635 229.761480 81.016138 100.286878
910.454557 229.106816 81.290686 100.385775
911.102003 228.721810 81.300877 99.919433
911.558562 227.883647 81.628586 100.121216
912.251978 227.175567 81.730830 100.366546
912.599000 226.604785 82.061989 100.573451
913.337018 225.965337 82.151532 100.402038
913.858466 225.171784 81.846268 100.146076
914.683543 224.535948 81.678741 100.344843
915.025605 223.879076 81.946883 100.597743
915.727538 223.171782 81.637527 100.443586
916.646491 222.742142 81.502868 99.793118
917.195361 221.815194 81.418218 100.239153
917.636506 221.037960 81.283483 100.059639
917.895979 220.175565 81.506928 100.267537
918.543849 219.397968 81.384455 100.088038
919.050645 219.156441 81.484600 99.749563
919.660374 218.244210 81.481310 100.050613
920.255683 217.861150 81.456457 99.743620
920.999189 216.952011 81.052153 100.250948
921.299295 216.761258 81.270496 99.577006
922.297138 215.815193 81.221026 99.893489
922.915788 215.945642 80.873386 99.089539
923.261776 215.026278 81.650506 99.656668
924.153305 214.449527 81.205539 98.766887
924.313725 213.703457 81.335407 99.176365
925.116312 213.334973 81.278581 98.732206
926.032549 211.957988 81.364990 99.528597
926.506171 211.697022 81.856907 99.258390
926.986488 210.883650 81.627102 99.236098
927.711632 210.292208 81.033607 99.317983
927.961735 209.727282 81.126051 99.149553
928.157546 209.675324 81.491585 98.493665
928.777699 208.366164 81.266564 99.120420
929.053009 207.862873 81.377704 98.769343
929.981744 207.230519 81.150678 98.718650
930.726488 206.703456 80.791499 98.930355
931.175046 205.937444 81.275479 98.913428
932.119873 205.298391 80.729775 99.090173
932.261752 204.966491 81.387380 98.698422
932.693044 203.957987 81.481159 99.137376
933.211489 203.088402 78.413344 98.836046
933.270352 202.460696 78.091075 98.549964
932.796694 201.830734 78.155327 98.591589
932.416435 201.370964 77.548345 98.003054
931.967182 200.591238 75.957038 97.833012
930.551922 199.438862 76.273382 98.267420
929.581758 199.726062 75.374033 96.970846
928.695141 198.515184 75.232997 97.470688
928.075004 198.030833 75.465384 97.679984
926.906515 197.654492 75.195517 97.024381
926.579992 197.606214 75.157147 96.557559
926.474341 196.849969 75.720677 96.581186
924.828291 196.754121 75.192034 95.715771
923.769760 194.669109 79.986038 97.144527
923.622096 194.464954 79.786132 96.631123
923.348280 194.300634 79.244959 96.066010
922.205327 193.959046 80.112478 95.671283
922.005467 191.570384 81.458582 97.528646
921.056648 190.778372 79.515647 97.036128
921.246674 190.822949 79.725629 96.792961
920.452155 189.438026 79.331432 97.598681
919.975813 188.865168 79.990392 96.944419
920.027707 188.265945 79.853278 96.734491
920.388614 187.904638 79.534957 96.034505
921.168071 186.983770 79.987924 96.447617
921.947413 187.274729 80.268129 95.234982
922.663357 185.584546 80.146503 96.799292
923.648781 185.169041 79.460696 97.301629
924.816189 184.638610 79.187749 96.966644
925.857479 184.439376 79.223077 96.459502
926.825989 183.383567 78.585179 97.286167
927.909788 182.316367 78.598765 97.784348
928.937954 183.107416 78.113621 95.425738
929.757440 183.160454 78.248309 94.129733
930.847093 186.138260 78.940100 91.001070
932.145121 188.484307 78.731222 87.830667
933.078440 189.867330 78.673073 85.910270
934.304324 188.270246 77.266712 86.443369
935.810860 177.473508 76.728093 97.037301
937.245748 178.017324 77.959420 95.986002
938.442413 177.475236 78.050791 96.364308
939.540082 177.064256 78.038108 94.645550
940.854376 176.310409 77.748308 95.559731
941.563182 175.409606 78.808344 95.907489
942.388663 174.358041 79.318108 95.402104
943.488989 173.655594 80.535592 96.698966
944.538397 172.959364 79.728819 95.959741
945.457226 172.313664 79.925335 96.165347
946.507493 171.543327 79.745421 96.570572
946.588877 171.037039 80.405694 97.482028
947.268416 170.178349 80.098118 98.235438
947.188918 169.314792 79.634580 95.404402
947.192112 168.291547 79.380936 98.818720
946.992805 168.122088 79.102242 97.145949
946.066726 167.278048 79.190795 94.625593
945.420647 166.746744 78.687476 95.587026
944.784070 166.091527 78.324035 95.270253
943.774050 165.055999 78.640684 95.671488
942.700884 164.655594 78.438093 95.648422
942.092241 164.163382 78.893582 96.027387
940.927291 163.689017 79.152190 95.587514
940.032998 162.910768 79.004916 95.782966
938.874285 162.196363 79.039191 96.345093
937.714794 161.689016 78.744572 95.870776
936.330983 160.865319 78.356435 95.919039
935.105828 160.130358 78.547627 96.031537
933.648285 159.328077 78.738441 96.834364
932.098642 159.272337 78.353589 95.802115
930.681238 158.269694 78.684670 95.903562
929.331013 157.837567 78.602292 96.181824
928.295805 157.064257 78.245894 95.814302
927.784039 156.488476 78.158284 96.709040
926.962468 156.162960 77.970816 95.769956
926.603064 155.343879 77.894372 96.591052
925.835627 154.732198 78.438660 95.958056
925.683746 153.998048 78.285136 96.495869
925.014528 153.393785 78.455009 97.201624
925.017502 152.718035 78.216098 96.570757
924.683770 152.130357 78.578367 96.363559
924.273631 151.424440 78.278853 96.562288
924.275091 150.820699 78.473027 96.739198
924.122474 150.490730 78.206861 95.785799
923.628806 149.835805 78.645491 95.833061
924.038240 149.130357 78.434183 95.654001
923.368364 148.488478 78.326257 96.084218
923.397499 148.098077 77.835175 95.807552
922.959024 147.278050 78.413679 95.238955
922.551892 146.736754 78.277479 94.920802
922.368895 145.786470 78.390669 95.330601
922.599355 145.032663 77.966941 95.778179
922.143387 144.671527 78.006227 95.362165
922.260894 143.918061 77.902254 95.245837
922.062919 143.273261 78.237912 95.134315
921.705187 142.442022 78.249139 95.348333
921.756130 141.540767 78.198195 95.257599
921.654172 140.801872 78.300153 95.942395
921.599337 140.293723 77.716580 95.469739
921.520746 139.475233 77.531316 95.511332
921.520746 139.114677 77.572705 95.049220
921.333831 138.097099 77.770846 95.292323
921.318090 137.505228 77.858211 95.034482
921.062911 136.884328 78.030540 94.879070
921.780718 136.180022 77.868718 94.890222
921.676565 135.569970 77.888281 94.687673
921.265114 134.819277 78.382484 94.944121
921.571200 134.375446 78.021144 94.788451
921.671860 133.558069 77.463003 94.738137
921.290246 133.014137 77.786973 94.890018
921.383810 132.180023 77.887951 94.937048
921.419589 132.082538 77.549789 94.388197
921.341162 131.132715 77.818711 94.529682
921.681974 130.458525 77.715435 94.997604
921.621572 130.143545 77.679251 94.526165
921.644869 129.588157 77.680689 94.867971
921.879132 129.078882 77.476370 94.637660
921.745442 128.781855 77.621618 95.098048
921.267222 128.593354 77.413660 94.593114
921.307627 127.974671 77.363984 94.716564
920.981657 127.328492 77.956408 94.241122
920.574213 126.846225 77.949314 94.141923
921.094845 126.918482 77.189207 93.470551
920.933578 125.858316 77.834364 94.550018
920.368488 125.593354 77.825468 94.123188
920.695171 124.846225 77.299463 94.609903
920.594433 124.503624 76.989140 94.196704
920.156884 123.930199 77.226209 94.581209
920.005354 123.542970 77.625029 93.851823
919.597617 122.858316 77.539217 94.550018
919.795601 122.428411 77.116611 94.588867
919.644864 122.071473 77.267348 94.266737
919.407774 121.584466 77.553875 93.890637
919.407774 121.162895 77.181288 94.002357
919.257473 120.705107 77.372877 93.589423
918.979271 120.149998 77.385409 94.061965
918.751107 119.823685 77.508695 94.240483
918.945584 119.254822 77.131605 94.205446
918.719457 118.676716 77.380978 93.961160
918.160905 118.325603 77.857122 93.867521
918.656659 117.889722 77.305003 93.681847
918.314226 117.681075 77.621486 93.448624
917.800207 117.162134 77.725706 93.535013
918.119502 116.461373 77.353326 93.526857
917.618720 116.180159 77.481787 93.365064
917.365244 115.551293 77.817787 93.254924
917.669165 115.228170 77.431342 93.303072
917.820021 115.012339 77.528412 93.168709
917.870139 114.623675 77.561169 93.055612
918.282309 114.055736 77.659625 93.250987
918.830229 113.605392 77.485761 93.150773
919.268080 113.004466 77.495829 92.992388
920.319821 112.942193 77.582687 92.907867
920.382653 112.370350 77.683703 93.070404
920.977935 111.920656 77.756412 93.199062
921.465186 111.362815 77.507652 93.224766
922.124935 110.704114 77.358035 93.447168
922.681754 110.510187 77.301610 93.228513
923.416772 109.980071 77.443651 93.413307
923.977924 109.548731 77.840444 93.865103
924.557323 109.298244 77.570676 93.674396
925.563224 108.966034 77.451459 93.710033
926.069789 108.197045 77.237260 93.691975
927.526248 107.994392 76.986016 93.600485
928.409787 107.543922 77.174269 93.405938
929.531136 107.342830 77.156424 93.403314
930.773059 107.084840 76.914497 93.111561
932.314807 107.331841 76.386230 92.203090
933.997047 106.606029 76.569952 92.790135
935.255410 106.232496 77.256485 92.460338
937.548026 105.666678 76.795669 92.397204
938.971469 105.594788 76.739562 92.036973
940.863545 104.948538 76.523721 91.934017
942.722991 104.237586 76.278200 92.754861
944.627121 103.797235 76.150799 92.706319
946.329261 103.812656 76.310265 92.038985
947.737942 102.444093 76.540449 92.765192
948.828461 101.548363 77.387227 93.165005
949.830297 102.308379 77.946107 92.685225
950.681834 101.930699 78.010605 92.570929
951.532648 101.420236 77.658461 92.519079
952.655193 100.910101 77.416299 92.921906
952.845356 100.575200 77.814104 92.023065
953.491000 100.092350 77.794824 92.285743
953.185913 99.623388 78.018354 92.452101
953.532641 98.961923 78.159787 92.384158
953.260614 98.408568 78.433280 92.887285
953.568176 97.844304 77.946131 92.575276
953.156605 97.518906 78.167102 93.187211
953.607023 97.149010 77.813221 92.488564
953.390326 96.726672 77.239609 91.935944
953.358512 96.364295 77.232271 92.181465
953.308265 96.046900 77.241454 91.414031
953.962236 95.356210 76.853937 92.268070
953.693958 94.502198 77.233967 92.477766
953.532437 94.652656 77.260098 91.905021
953.487534 93.813095 77.142451 92.204635
953.244597 93.337861 77.246665 91.984671
953.326979 92.909141 77.516070 91.590837
953.321879 92.502041 77.556165 92.017004
953.244597 92.169807 77.246665 92.036285
953.573455 91.807936 77.118355 92.528351
953.614415 91.166703 76.976947 92.488403
953.778056 90.892131 76.863495 92.513250
953.981928 90.448332 76.659623 92.545257
953.899655 90.280585 76.928625 92.481659
953.408690 89.834838 76.731688 91.974063
953.880903 89.285223 76.683430 92.064468
953.636245 88.794034 76.777991 92.579937
953.757594 88.538701 76.464402 91.972979
953.685471 88.211778 76.596628 91.927514
953.883838 87.830701 76.439106 91.631833
954.331165 87.221665 76.469411 91.291578
954.453086 86.694022 76.849223 91.830296
954.636242 86.409930 76.877963 91.444212
955.124555 85.874663 76.742223 92.403097
955.320608 85.524510 76.166918 91.484651
955.839589 84.990703 76.360541 91.693794
956.493717 84.674929 76.456555 91.603311
956.839657 84.230220 76.196541 91.657863
957.596758 83.823240 76.647123 91.160691
958.060152 83.522753 76.648061 91.678389
958.397862 82.999595 76.802289 91.535566
959.129953 82.425099 76.070577 91.847097
959.936864 82.148504 76.181217 91.900174
960.760543 81.894468 76.013269 92.154210
961.178743 81.381704 76.021453 92.080831
961.298839 81.226577 76.410735 91.704841
962.274895 80.530504 75.925278 92.128954
962.574762 80.067200 76.525872 92.688531
963.004337 79.877744 76.217614 92.288949
963.616204 79.354138 76.446347 92.185514
963.933193 79.226688 76.145222 91.815657
963.961561 78.702905 76.053438 91.984483
964.513892 78.435211 75.317900 91.626746
964.574830 78.167513 75.867506 91.582792
964.624018 77.578938 76.102130 91.906257
964.936931 77.325713 76.099263 91.347997
965.256414 76.997578 76.165384 91.411864
965.402738 76.615552 75.815332 90.946657
965.228214 76.152448 75.971953 91.278005
965.574805 75.625150 76.436501 91.448659
965.936908 75.219052 76.017447 91.120131
965.813124 74.762577 75.838243 91.784304
965.912206 74.329521 75.779466 91.660818
966.109400 74.072328 75.461469 91.478406
966.111510 73.625533 75.452295 91.395169
966.432384 73.115632 75.436970 91.458272
966.237002 72.577605 75.551696 91.730762
966.207510 72.261544 75.686060 91.506208
966.596758 71.686483 75.014349 91.367003
966.285964 71.503387 75.543028 91.431781
966.626481 71.273384 75.202511 91.284031
967.058586 70.897581 75.093916 91.448720
966.492972 70.834575 75.654660 90.884209
966.819315 70.522285 74.848616 90.939001
966.705766 70.523135 74.896784 90.101101
966.289040 69.647275 75.064438 90.451561
966.511870 68.598224 74.731090 90.686773
966.657414 68.793235 74.825025 90.101797
966.592334 69.651380 75.063263 89.118849
966.689321 69.469519 75.126644 89.167616
967.312093 68.109981 74.624431 89.865517
966.861986 70.533608 73.985272 87.167278
966.760577 71.763637 72.928816 85.289377
966.825662 66.654351 72.655120 89.696039
966.430139 65.544619 72.719601 90.816130
966.245083 64.897353 72.430664 91.278321
966.299645 64.164036 72.635680 90.059296
964.988026 64.213905 73.354359 90.696157
964.986956 64.065341 74.197337 89.391605
965.245089 63.334744 74.373564 89.605957
965.947731 62.830880 74.931331 89.596588
966.169585 62.644871 74.847483 89.518348
965.766591 62.229217 75.675399 89.771968
966.414453 61.507816 74.948122 90.002231
966.510130 61.530764 74.719426 89.336295
967.577226 60.745903 73.864763 88.999336
968.051533 60.483289 73.642855 89.727645
968.059487 60.111055 73.892402 91.033378
968.359433 59.666022 73.857431 92.457327
968.621662 59.082626 73.321878 89.324267
968.615939 58.350285 73.189046 87.553210
968.782144 57.965490 73.391891 89.889045
968.672062 57.523038 73.667124 89.752971
968.957116 57.120835 73.500194 89.210629
969.284692 56.781582 73.520319 89.216940
969.474450 56.444522 73.369844 89.427220
969.850270 55.985861 73.230351 90.264278
970.472536 55.700193 73.103252 89.775879
970.093703 55.176988 73.476182 89.881255
970.628522 54.712535 73.205091 89.997260
970.719801 54.256924 73.266451 89.728840
970.624319 54.069652 73.401048 89.653113
970.719801 53.514475 73.149284 89.972724
970.719801 53.329732 73.501520 89.714355
970.624319 52.895348 73.244766 89.358373
971.036345 52.444107 72.926027 89.790545
971.051544 52.193229 72.973822 89.084152
970.322297 51.505282 73.674392 90.261348
970.316688 51.341812 73.665762 89.702544
969.572659 50.719613 74.081984 90.217125
969.011295 50.163955 73.650052 90.074705
968.173359 49.591183 74.198180 90.053629
967.195135 49.470247 74.273793 90.298943
966.143925 48.911461 74.261028 90.198237
964.554638 48.723337 73.863737 89.501415
963.053477 48.347098 73.887069 89.594060
961.937085 48.029828 73.881834 89.898842
960.029041 47.598027 74.481392 89.622610
958.410257 47.411544 73.980529 89.501678
956.637372 46.790328 74.181579 89.721214
954.818368 46.406842 74.493570 89.598069
952.788236 46.220893 74.488527 89.651853
951.251526 45.720826 74.398107 89.364353
949.152488 45.025710 74.428868 90.026610
947.149878 44.777123 74.461162 89.350148
945.563893 44.477161 74.477725 89.386099
943.665921 43.898842 74.684716 89.805856
941.532933 43.328651 74.502075 89.840176
939.996732 43.095707 74.229579 89.505029
938.536834 42.613449 73.896793 89.637892
937.135288 42.345719 74.149629 89.171116
935.986746 41.854427 74.415278 88.829014
935.085867 41.626086 73.733050 88.667068
934.020628 41.275001 73.888278 88.757467
933.317077 40.736867 74.135586 89.038860
932.354246 40.369199 74.203564 88.618444
931.701508 39.837509 73.895132 88.892738
931.576388 39.713561 73.605623 88.886254
930.804845 39.180830 73.686871 89.247416
930.142150 38.642878 74.157700 88.782384
929.947087 38.115988 73.960988 88.490509
929.317066 37.718090 74.409464 88.892231
928.947113 37.505059 74.392101 88.656035
928.898152 37.168600 74.127205 88.784248
928.415229 37.045454 74.311276 88.733172
928.190772 36.666837 74.662220 88.753142
928.044837 36.484268 74.176500 88.716102
927.610714 35.784848 74.469945 88.904501
927.527946 35.599666 74.266305 88.784696
927.480453 35.213890 74.213900 88.848951
926.947075 34.826128 74.274199 88.684455
927.093501 34.396501 74.167022 88.895538
926.898114 34.131856 74.205502 88.914076
927.059487 33.311400 74.169279 89.502484
927.202796 33.003477 73.788551 89.019339
927.237071 32.620082 74.001655 89.029158
927.239202 32.309201 73.942823 88.516886
927.141558 31.831789 74.097168 88.439463
927.332261 31.404776 74.064979 88.387235
927.141558 31.035096 74.057595 88.410553
926.853178 30.501418 74.623495 88.809014
927.440093 30.138953 73.788674 88.015340
926.735956 29.577424 74.066007 87.950070
926.370698 29.224298 74.293296 87.924174
926.176828 28.982805 74.172196 87.817865
925.883654 28.435614 74.113096 88.433828
925.610664 27.815328 74.233618 88.424016
925.415243 27.282998 74.507697 88.682230
925.287658 26.976134 74.130290 87.991485
924.637092 26.367568 74.242664 88.411564
924.267908 26.187339 74.458675 87.678202
923.438471 25.954183 74.675435 87.813187
922.821355 25.588208 74.475408 87.661766
922.464234 24.796900 74.537488 87.957391
921.620790 24.675787 74.210845 87.904666
920.686588 24.144446 74.271135 88.123832
920.169230 23.776548 74.753762 88.016877
919.304307 23.513443 74.447811 87.747021
918.087717 23.170380 74.095540 87.435724
916.605218 22.827942 74.623760 87.857821
915.671072 22.499212 74.160591 88.063785
913.834785 22.217784 74.773111 87.929386
912.368293 21.728167 74.811833 87.896921
911.215784 21.414778 74.964317 88.037896
909.952593 21.167977 74.955527 87.871096
908.698828 20.357037 74.626669 88.344773
908.169196 19.929563 74.322502 88.337040
906.821310 19.535368 74.242368 88.733165
904.857124 19.185251 75.323004 88.717379
903.767582 18.964808 74.932720 88.490626
902.536801 18.637069 75.139501 88.521033
900.977847 18.575687 74.841107 88.234930
899.340253 18.125267 75.178802 88.257974
898.131287 17.765900 75.075744 88.588219
896.720513 17.887610 75.059836 87.963208
895.781403 17.384402 75.120040 88.586638
894.665931 16.721966 74.491396 88.198184
892.908576 16.878407 75.388171 88.256714
892.020439 16.463062 75.149651 88.433679
890.772098 15.790696 75.434889 88.662334
889.868917 15.605536 74.870372 88.196942
888.647911 15.159085 75.377474 88.279149
886.926539 14.831746 75.749772 88.122140
886.356689 13.924824 75.680755 88.905875
885.251545 13.955902 75.372480 88.383557
884.334713 13.535553 75.263126 88.528595
883.587153 12.987031 74.619886 88.508292
882.947143 12.498587 74.392101 88.582943
881.237061 12.206396 75.088510 88.640881
880.029028 11.651014 74.867304 88.514063
879.404131 11.437039 75.053226 88.483578
878.131239 11.005540 74.649056 88.524295
876.901979 10.550124 75.084244 88.119418
875.902005 10.250484 75.123359 88.221631
875.003115 9.894081 74.944067 88.455378
873.901968 9.463010 74.772348 88.064580
873.204233 9.067559 74.664837 87.987789
871.494418 8.953187 75.648395 87.647408
870.800604 8.335460 74.951551 87.896876
870.304326 8.108923 74.447811 87.561565
868.783947 7.838481 74.901506 87.647547
867.570459 7.289349 74.765231 87.851487
866.871272 7.436464 74.620420 87.132588
865.250515 6.919411 74.823567 87.508364
864.338661 6.542264 75.128252 87.078896
863.520026 6.423092 74.698932 86.809158
862.250482 5.914816 74.900991 87.094482
861.188311 5.733982 74.419531 87.275315
860.288643 5.308829 74.591141 87.015756
859.394494 4.782171 74.906961 87.583609
858.318706 4.321201 74.737861 87.398343
857.037306 4.179565 74.725789 87.150142
855.783914 3.734423 74.901506 87.418697
854.620798 3.284090 74.637042 87.829648
853.871301 2.982837 74.581380 87.178525
852.756088 2.908392 74.667195 86.866408
851.806218 2.653747 74.656039 86.776765
851.154733 2.483862 74.816184 86.770662
850.453700 2.010124 74.504413 86.984675
849.605268 1.881674 74.546226 86.470638
848.919279 1.523143 75.187022 86.359463
848.338635 1.335412 75.010340 86.100947
847.324100 1.095268 75.623566 85.961596
847.037877 0.742008 75.906567 85.972411
846.394514 0.860135 75.717090 85.428794
845.811749 0.797227 75.541122 85.199545
845.495351 0.620503 74.905532 84.786992
845.621995 0.672869 74.282108 84.526823
844.648111 0.727600 74.874909 84.177577
844.298255 0.727600 74.679576 83.430028
843.786518 0.666240 74.660179 82.747027
843.465918 0.343613 74.736042 83.029575
843.071070 0.399813 75.033529 82.267796
843.280496 0.453636 74.744355 81.432124
843.166130 0.395814 74.915880 80.997290
843.066090 0.614353 74.885199 79.885341
844.077992 0.665889 73.906997 79.385351
844.492786 0.442238 74.029175 79.266852
844.920095 0.550838 73.832207 78.644197
845.403278 0.494015 73.594658 78.058282
846.116809 0.383820 73.527030 77.451831
846.283189 0.058555 73.769995 77.448565
846.587572 0.040732 74.189573 76.918475
847.017300 0.000000 74.235556 75.840231
847.573207 0.091868 73.499246 75.291351
847.551762 0.000000 74.301707 74.718034
847.932547 0.040089 74.572160 74.153245
848.251444 0.803770 74.076091 72.555588
848.519108 0.089913 74.861195 72.547402
848.545753 0.832479 74.334922 71.362791
848.250480 0.282949 74.765757 71.402676
848.349238 0.604665 74.641791 70.465980
848.979721 0.487297 74.712941 69.717395
850.496442 0.484605 75.077157 69.287975
852.459564 0.521350 75.167356 68.725671
854.741257 0.627912 74.243093 68.191328
856.621683 0.660644 73.832508 67.349417
858.202480 0.653221 74.177058 67.012622
859.528969 0.760556 74.875013 66.402150
861.284054 0.037086 74.991265 66.259115
863.141296 0.000000 74.628499 65.549271
864.448421 0.000000 75.260787 64.921527
866.817065 0.000000 74.531670 64.179265
868.285698 0.000000 74.543369 63.558980
870.449899 0.070893 73.362932 63.076021
872.329480 0.238206 72.415244 62.337477
874.068257 0.372177 70.869073 61.225981
875.692460 0.431401 70.361795 60.542850
877.323696 0.556094 70.297891 59.563653
879.058987 0.488134 70.367114 59.150786
880.642639 0.485102 70.432975 58.747174
882.239312 0.288882 71.055538 58.176782
884.003721 0.475455 70.611242 57.230569
884.991458 0.000000 71.626901 56.812659
886.773412 0.221132 71.489424 55.949849
888.489275 0.822913 70.444945 55.209754
890.253644 0.095453 69.964645 55.645960
891.653096 0.714973 70.292982 54.294771
893.521520 0.000000 70.154409 54.564824
894.712075 0.461302 70.587370 53.460176
896.744698 0.685025 70.350867 52.969035
898.339662 0.418266 70.362642 52.817637
900.244915 0.473535 70.272565 52.025826
901.567392 0.499171 70.614850 51.587365
902.931709 0.556698 70.570623 51.373675
904.658893 0.441568 70.310963 50.344026
905.997853 0.596286 70.263206 50.300200
907.976516 0.515628 69.926032 49.982653
908.977968 0.560255 70.352979 49.340253
910.776570 0.492726 70.204664 49.279864
911.977955 0.235862 71.028557 48.688599
913.938785 0.268155 70.268119 48.656306
915.723669 0.395896 69.988799 48.130152
916.969371 0.264456 70.577347 48.114614
918.493715 0.327350 70.760236 47.507915
919.737359 0.145297 70.381492 47.663735
920.814432 0.053214 69.837964 47.343469
920.755364 0.143265 69.575270 46.356633
919.352149 0.201858 69.393343 46.094528
916.756743 0.376779 68.987571 45.239055
914.040847 0.374068 68.249339 44.618683
909.807170 0.167161 68.457373 44.197641
905.771817 0.140274 68.049227 43.343872
902.040001 0.088501 68.077934 43.311371
897.546677 0.038135 67.852493 43.067315
892.581013 0.257403 68.383663 42.717756
888.709489 0.381894 68.262274 41.840047
883.647208 0.483804 68.368351 41.771142
878.790032 0.971892 68.668943 40.334234
876.090910 0.582214 66.778010 40.348548
870.342652 0.596374 67.224591 39.543537
864.708292 0.751863 66.276080 38.782619
860.233295 0.829732 66.192781 38.594793
854.325226 0.604964 66.295849 38.505105
848.721030 0.537210 67.040025 38.265903
845.066010 0.715464 66.736585 37.580985
840.160753 0.664294 67.052405 37.368702
836.082843 0.755029 65.899002 37.192182
832.718597 0.499391 66.620202 37.235949
828.782950 0.816033 66.586719 36.319918
825.519476 0.675961 65.873525 35.463385
823.331537 0.000000 65.503632 35.666219
819.144029 0.321423 65.795680 34.977523
816.618077 0.173491 65.889978 35.003701
814.500183 0.045257 66.193766 34.650378
812.276162 0.002196 66.349629 34.244618
810.050566 0.000000 66.217850 34.168518
809.247124 0.108619 66.550108 33.328009
809.197415 0.459941 66.614481 32.435502
809.050296 0.130833 66.553187 32.331176
810.064703 0.339399 64.650983 31.248048
810.563809 0.312138 65.625591 30.666832
811.662812 0.566874 65.875688 30.593235
813.195026 0.326123 64.994583 30.223462
813.786396 0.790750 65.841932 29.486327
814.519856 0.894656 66.320145 29.417576
815.638508 0.703316 66.461983 29.820902
817.179744 0.656341 65.381413 29.437492
817.920705 0.783626 65.819702 29.325325
818.772013 0.790750 66.458671 29.486327
820.327817 0.664801 65.767785 29.342774
820.891015 0.980415 65.687550 29.121782
821.383362 0.783626 66.011176 28.875368
822.745442 1.022212 66.054288 29.051812
822.749253 0.946204 67.223709 29.260758
824.692523 0.998895 64.946340 28.736430
824.428877 0.810630 67.265698 29.550241
826.355140 0.638514 65.208015 29.982312
826.772013 0.615107 66.037994 30.123064
827.643031 0.602756 65.987335 30.089261
828.394597 0.385559 65.910915 30.521334
828.884036 0.275238 66.144013 31.399471
830.476467 0.147645 65.316465 31.458095
830.275661 0.240328 66.333626 31.567709
831.890592 0.370481 65.018588 32.399279
832.092087 0.625463 65.821309 33.701856
832.376429 0.997876 65.376465 35.440992
832.786249 0.817876 64.643391 38.011180
832.024003 1.092757 65.575816 40.038092
831.127562 0.477296 66.650963 42.664817
830.847458 0.519640 66.556866 45.001605
830.299561 0.369433 66.098251 46.932101
828.984419 0.615593 66.904965 48.873402
827.850011 0.718904 67.139292 50.900112
827.303744 0.606853 66.668454 53.136464
826.483656 0.400513 66.523286 55.340672
824.837541 0.444901 67.339416 57.872133
824.155977 0.501012 67.091253 59.677655
822.842869 0.000000 68.095255 62.839569
821.280593 0.000000 68.123922 65.724517
819.234206 0.381377 69.369564 67.714228
817.237763 0.337493 70.028689 69.785169
816.012480 0.491588 69.864385 71.819579
815.093591 0.796181 68.972019 74.151583
813.693203 1.477633 68.416663 76.306578
811.866902 0.930947 68.179839 79.890832
809.979594 1.379215 68.979832 81.893056
808.640937 3.498880 68.805243 82.149557
806.062911 6.011373 69.952367 82.539438
804.975352 7.857674 69.985103 82.777497
803.499378 10.420408 69.378786 83.012090
802.904515 12.664332 69.642533 84.028345
802.070661 14.856917 69.746074 83.440117
800.549184 18.184495 70.085680 83.387207
799.976522 20.714655 69.513270 83.251702
799.628922 23.256923 69.258690 83.086928
799.041302 25.903862 68.882727 83.043435
798.791238 28.694840 68.849796 82.787555
798.539577 31.389497 69.519290 82.559778
798.610191 33.661431 69.140583 83.147105
799.024220 36.498800 68.228738 82.409786
798.943529 38.921718 67.608987 82.319864
798.731802 41.784270 67.932369 82.244278
799.718865 44.236559 67.237243 81.719564
799.999603 45.770555 67.582404 82.397817
799.992880 49.043143 67.999828 81.844835
800.561026 51.740041 67.308620 82.241180
800.690395 53.724934 67.287785 82.817271
801.208531 56.511046 66.948680 82.713097
801.300376 59.343608 66.744610 82.637614
801.517773 61.567025 66.848342 81.998564
801.350966 63.979388 67.256965 82.036820
801.474438 66.414452 67.648846 82.134626
801.644180 68.454769 67.046628 82.550518
801.690405 71.064535 67.469215 82.332926
801.862660 73.497005 67.294531 82.688362
802.634482 76.066587 67.211951 81.810940
802.207376 78.525181 67.654679 82.133954
802.861881 81.115406 67.479729 82.368255
802.992902 83.169068 67.453396 82.087939
803.256702 85.841172 67.612971 82.397382
803.600271 88.256340 67.269414 82.720378
803.992882 90.640445 67.200356 82.305221
803.948815 93.531102 67.632498 82.316969
804.718846 95.997808 67.127588 82.140755
804.738060 98.521132 66.874319 81.868551
804.869706 100.988752 67.062190 81.962389
805.387018 103.659794 66.977889 82.215643
805.904559 105.810094 66.175961 82.060441
805.740956 108.584254 66.616461 81.813851
805.697911 111.338167 66.874175 81.469346
805.783930 113.396346 67.075781 81.821520
806.042951 115.884901 67.141859 81.860396
805.869194 118.432855 67.568014 82.083158
806.776302 120.824201 66.697311 81.682074
806.481649 123.454841 67.162217 81.588752
806.087826 125.943574 68.133686 81.806061
806.022849 128.491145 67.775196 81.959298
806.169091 130.547387 68.063266 81.726393
806.169091 132.903070 68.209055 81.954603
806.512208 135.472166 67.934051 82.207023
806.819081 137.942448 67.808700 81.389318
806.869169 140.432854 68.076576 81.607103
806.502860 142.766444 67.899033 81.919128
807.464916 145.452126 67.199218 81.288059
807.869667 147.982467 66.846019 81.118188
807.876801 150.764840 67.225810 81.219598
808.094148 152.748728 66.509250 81.235104
807.525349 155.338165 67.434144 81.469346
807.606360 157.904661 67.434707 81.254540
807.869667 160.041978 67.170611 81.236511
807.569524 162.357067 67.282883 81.510245
807.997758 164.943576 66.861955 81.627993
808.209839 167.081367 66.362249 81.323498
807.920410 169.616414 66.682988 81.311397
808.266743 172.025891 66.336655 81.546954
808.007426 174.338167 66.454230 81.176211
808.176914 176.772339 66.563081 80.980980
807.878576 179.391887 66.718056 81.182483
807.920410 181.577368 66.612076 81.408776
807.657683 184.065031 66.311011 81.216462
806.650534 186.499203 66.395452 81.721158
805.701639 188.790598 66.689300 81.259403
805.051425 191.104118 66.905132 81.061448
803.717625 193.764841 67.461729 81.815153
803.956183 196.120372 66.727406 81.158116
802.808542 198.648780 66.880599 81.394813
802.034535 201.104118 66.689462 81.293645
800.944349 203.454839 66.954303 81.059536
799.626397 206.044211 67.588146 80.941933
798.688141 208.748724 67.919789 80.713646
797.778859 211.098976 68.364778 80.943215
796.958079 213.549619 67.767794 80.670899
795.963077 216.253988 67.579709 81.317581
795.956175 218.592374 67.120789 80.985266
794.808514 221.299221 67.230261 80.635544
793.899127 223.648778 67.280192 80.574688
792.626372 225.966647 68.048008 79.982791
791.119428 228.265065 68.095087 80.897087
789.881206 231.052876 67.814657 80.575201
789.008969 233.485712 68.277124 80.265481
787.871144 236.137778 68.130510 80.555482
786.360028 238.743701 68.112575 80.709180
785.207029 241.176544 67.909795 80.574655
782.935053 243.726164 68.292572 80.555326
780.552129 246.754885 69.272547 80.404310
779.449303 248.570547 68.382719 80.261145
777.310307 251.176542 68.396384 80.056344
775.174451 253.869857 68.829279 80.701710
773.452640 256.388956 68.432092 80.127382
771.696300 258.678121 67.529163 80.539750
769.556067 261.265061 68.447642 80.956527
767.645100 263.609769 69.080799 81.195565
765.209001 265.825716 69.098635 81.090163
763.119997 268.685875 68.092885 80.587909
760.935036 270.826744 68.642923 80.178081
758.442623 273.639686 67.638568 79.593198
755.449945 276.401522 68.369216 79.534244
753.222433 278.571285 67.024759 79.007827
749.749992 281.273055 67.890775 79.835243
746.787889 283.584155 68.037781 79.822582
744.461112 285.764834 67.364547 79.769382
741.986761 288.781531 67.356685 79.851388
740.403845 291.325191 67.450681 79.899516
738.969323 293.276227 67.599953 79.901169
738.380057 296.042938 66.979273 79.826595
737.478648 298.875066 67.045065 79.531799
737.192830 301.646004 67.247990 79.645914
737.276045 303.749600 67.172894 79.614786
737.104570 306.287011 67.300681 79.879742
737.059810 308.711034 67.425120 79.766937
737.447759 311.325199 67.109232 79.380998
737.888664 313.684240 67.232879 79.665110
737.621996 316.057326 67.361157 80.051567
738.303739 318.160332 66.941084 80.017058
738.575798 320.595142 66.586001 79.882827
738.629849 322.813696 66.775399 80.063784
738.888660 324.720477 66.409963 80.058553
739.059792 327.146517 66.559286 79.689162
738.807818 329.185082 66.806850 79.935116
739.482756 331.069267 66.530697 79.823134
739.412220 333.531116 66.638543 79.818237
739.888656 335.698284 66.481000 79.664953
739.631597 337.698300 66.666149 79.438637
739.802660 339.736796 66.887912 79.683255
739.974362 342.030642 66.751977 79.466480
739.631597 343.928893 66.912463 79.776404
739.802660 346.416000 67.282827 79.419667
740.362027 348.416012 66.943135 79.590118
740.888652 350.339130 66.730418 79.214198
740.631585 352.709820 67.373118 79.465763
740.621980 354.865200 67.432555 78.992335
740.845694 356.836952 67.492672 79.112270
741.148725 358.569432 67.577607 79.607932
741.533442 360.903661 67.458386 79.460726
741.311278 362.672437 67.743278 79.241074
741.797976 364.865194 67.579010 79.442529
741.929208 367.325198 67.268407 79.152775
742.883464 369.069281 66.622019 79.259710
742.939219 370.967236 66.428786 79.113335
743.578643 372.864973 66.562105 79.349859
743.329598 374.736790 66.782021 79.513124
743.671826 377.082097 66.761812 79.054825
743.813743 379.120354 66.612101 78.960219
744.536729 380.748799 65.960166 78.802660
743.862766 382.699569 66.877909 79.130333
744.586679 384.928894 66.524928 78.815296
745.028472 386.803142 66.539568 78.548831
745.037792 388.572605 66.421043 79.224134
744.770586 390.557132 66.761869 79.333310
745.501292 392.466785 65.937065 78.999418
745.341329 394.737598 66.825042 78.697014
745.466540 396.747923 66.746802 78.915939
745.770622 398.518901 66.584323 79.201483
745.813775 400.557134 66.434932 79.333310
746.326205 402.862084 66.348785 78.858285
746.598729 404.687987 66.425354 78.941322
746.335156 406.900110 66.772242 78.258981
746.938066 408.956322 66.228286 79.008611
747.113916 410.726399 66.311957 78.460173
747.124876 412.737611 66.509948 78.697014
746.686643 414.938101 66.948181 78.444474
747.326202 416.595333 66.313120 78.508105
747.168307 419.078686 66.784791 78.187798
747.298177 421.032779 66.797012 78.485358
747.641408 422.803133 66.205381 78.714986
747.853671 424.918068 66.028522 78.655597
747.214627 426.927349 66.911825 78.507261
747.422812 428.747920 66.825888 78.690734
747.770614 430.671690 66.372047 78.431754
748.211794 432.889451 65.809149 77.932459
748.395653 434.501697 65.642397 78.258753
748.397371 436.138344 65.660798 78.541607
747.962859 438.024150 66.444215 78.600047
748.384387 440.223431 66.285683 78.741509
748.853652 441.841497 65.781153 77.962106
748.578919 443.805518 66.109718 78.231944
748.311026 445.851535 66.236275 77.915164
748.483421 447.441817 66.028799 77.849565
748.311026 449.517411 66.131070 77.663724
748.267755 451.479620 66.244465 77.977774
748.440436 453.290271 66.036703 77.835834
748.354238 455.592920 66.404182 77.975579
748.267755 457.517400 66.349827 77.718807
748.267755 459.138332 66.174341 78.153034
748.006623 461.304971 66.435474 78.073537
748.381437 463.191958 66.098288 78.242677
748.569206 465.138363 66.083537 77.714023
748.354238 466.653804 66.193063 77.886562
748.697345 468.743652 65.920237 77.437496
749.218893 470.434691 65.379461 77.355775
748.854331 472.513391 65.954294 77.183914
748.839607 474.670047 66.004749 77.256368
749.310863 476.245644 65.447478 77.165345
749.069863 478.438689 65.808450 77.148476
748.854331 480.476040 66.163630 77.331706
749.395644 482.258205 65.782846 77.337039
749.151435 484.445789 66.271904 77.204448
749.183167 487.115820 65.995323 76.921628
749.540731 489.072719 65.326675 76.554602
749.427070 490.992029 65.732168 76.953247
749.283641 493.333331 65.909426 76.730643
749.705996 495.289052 65.487072 76.969795
749.383834 497.438708 65.602346 76.657077
749.622076 498.880069 65.676371 76.792343
749.599302 499.115668 65.179983 76.807041
750.151390 498.451182 64.216744 76.876940
750.042408 497.672870 64.612982 77.075781
750.151390 496.930432 64.353419 77.491856
749.813031 495.813575 64.418796 78.051191
749.956128 495.335371 64.644038 77.434339
749.599302 494.544408 65.076875 78.051414
749.754562 494.598667 64.734212 77.690623
749.789653 493.974081 64.637453 77.583438
749.831374 493.451162 64.630274 77.722443
749.622076 492.495713 64.908791 77.541773
749.198339 491.972304 64.918766 77.875874
749.177026 491.120474 65.141602 77.611120
749.326181 490.548993 65.066363 77.642048
749.831374 490.124096 64.320059 77.816322
749.495676 489.335397 64.827862 77.129832
749.855868 488.556318 63.923397 77.617306
749.596861 488.192963 64.193469 76.807396
749.751149 487.620476 63.325598 76.898618
749.893753 487.048228 63.500375 77.333312
749.710001 486.672893 63.570186 76.541515
750.057050 485.942891 63.473175 76.562589
750.178829 485.264660 63.215299 76.532536
750.136231 484.528828 63.239917 76.759527
749.646788 483.947296 63.476333 76.721713
749.605395 483.423409 63.214620 76.524478
749.911011 482.832460 62.768153 77.168334
749.563924 482.290848 63.055084 76.437029
749.383457 481.608472 63.228187 75.953739
749.506205 481.145900 63.071717 76.018718
748.928240 480.332651 63.246850 76.124454
748.667305 480.014568 63.940304 76.534619
749.074915 479.257878 63.188404 76.588839
748.975540 478.843148 63.350698 76.825843
748.934682 478.105192 63.256052 76.880406
748.646792 477.790963 63.476333 76.459463
748.770572 476.904299 63.352554 76.825227
748.480806 476.158433 63.811532 77.016216
748.751169 475.410083 63.495070 76.880342
748.563928 475.048220 63.289684 76.419486
748.383473 474.062445 63.498820 76.780747
748.485954 473.633932 63.487605 76.920613
748.485954 472.784335 63.215787 77.062378
748.363338 472.370586 63.304555 77.107799
748.485954 471.837257 63.249692 77.085545
748.648488 471.423383 63.121083 76.978880
748.271789 470.755360 63.213672 76.374465
747.969979 470.393260 63.574275 75.901784
747.844599 469.532626 63.263692 76.462487
747.605403 469.219887 63.483942 75.794829
747.708693 468.532641 63.021927 76.500520
747.465390 468.277867 62.310256 75.619086
747.059382 467.831036 62.914237 75.528971
746.771864 467.755857 62.602284 74.772198
747.315563 467.547676 62.011065 74.661859
746.818977 466.742051 62.148306 74.626030
746.737786 465.845339 62.130518 75.224087
746.632193 464.998452 61.703809 75.445903
746.041945 464.206061 62.937878 75.312552
745.977577 463.183535 62.429697 75.455548
745.522803 461.189504 62.620266 76.963751
745.991200 460.532372 61.950473 76.482352
745.032707 461.267805 62.787192 75.342758
745.018525 460.183534 62.455048 75.344519
744.689127 459.618727 62.191220 75.236982
744.713607 458.825475 62.082142 75.030208
744.407744 458.102417 62.205741 75.193692
744.205185 457.670529 62.044750 75.036977
744.245826 456.998460 61.971195 74.892008
743.795076 456.206068 62.094064 75.275405
743.754135 455.773893 62.140651 75.007638
743.608702 455.279961 62.004821 74.996950
743.407783 454.507136 62.338650 74.720415
742.836429 454.033774 62.413544 74.540935
742.980558 453.620377 62.152197 74.508677
742.615494 452.577805 62.285762 74.625433
742.000971 451.999617 62.446917 74.478607
741.587508 450.899406 62.268964 75.082466
741.345237 450.360948 62.648880 74.566300
741.164519 449.668571 62.349572 74.664582
740.836431 448.742046 62.545424 75.253129
741.036478 448.306892 61.858344 75.537448
740.303981 447.602909 62.294161 75.506701
740.262798 447.393438 61.519431 74.209269
739.517945 446.293716 62.092307 74.863181
739.528539 445.922762 61.853319 74.447449
739.189318 445.660138 62.132064 74.075980
739.230064 445.417655 61.665679 73.493826
739.126956 444.648688 61.877413 74.190802
738.695168 444.008085 61.392810 74.099594
738.485220 443.121804 61.883250 74.597805
738.060964 442.893441 62.005539 74.496758
737.574607 442.258120 62.293695 74.385059
737.245033 441.958836 62.360281 73.925298
737.513398 440.999648 61.807953 74.810392
737.459072 440.559392 61.872991 74.213651
736.860916 440.044851 62.394714 73.946924
737.141127 439.819073 61.727191 73.824117
736.803988 438.858269 61.740923 73.936512
736.559013 438.277001 61.725368 73.898501
736.230052 438.238036 61.828939 73.333751
735.512022 437.123832 61.999528 74.124651
735.392394 437.045444 61.928998 73.622552
735.642786 436.234407 61.493641 73.801087
735.337617 436.053504 61.109524 73.420076
734.667743 435.249558 61.458503 73.371153
734.700419 434.856414 60.682332 73.416241
734.630986 434.543852 60.656921 73.130746
734.182592 433.752850 60.688471 73.281121
733.648072 432.928036 60.930953 73.643264
733.393736 432.993937 60.764828 72.824617
732.736840 432.341283 60.529881 73.131741
732.182605 431.900518 60.656468 73.279094
732.007088 431.336068 60.571965 73.332340
731.202125 430.478500 60.452344 73.706560
730.688261 430.002444 61.019807 73.279355
730.748805 429.777891 60.701384 72.939176
730.699164 429.268078 60.784270 73.204966
731.321810 428.336072 60.840606 73.235221
732.014995 428.143503 60.771121 72.965636
733.503000 427.520600 60.915030 72.905634
734.812836 426.680812 60.820070 73.250861
736.052854 426.243397 60.931897 72.459156
738.011510 425.722343 60.871980 72.245813
740.585885 425.065040 60.534121 72.629787
743.248343 424.669871 60.348059 72.055067
746.039629 423.708136 60.683453 72.172461
749.956362 422.620109 60.051941 72.749500
753.189382 421.859055 60.537902 72.697039
758.144378 421.612398 60.013901 72.213293
762.268468 420.498689 60.895560 73.105120
766.421144 419.940184 60.914938 73.120393
771.635570 419.393996 61.424286 72.738481
776.067308 418.841522 62.649770 72.833070
781.452583 417.982583 62.346259 72.540443
788.664796 417.816786 61.066161 72.255459
794.958546 416.982011 60.662228 72.267755
797.980069 416.219449 61.322023 72.327758
801.468124 415.444010 61.550933 72.329952
804.926300 414.693049 61.358301 72.908960
808.169128 414.501316 61.025845 72.155432
810.645181 413.917429 61.254873 71.665290
813.949737 413.309571 60.379806 71.665181
815.872221 412.945735 60.953903 71.586052
817.545636 411.959314 60.884797 71.991979
819.179010 412.120970 60.383059 71.500143
819.924023 411.345164 60.364308 71.818718
820.843804 410.961475 59.930281 71.552602
820.956963 410.337023 60.231569 71.633127
821.228766 410.032426 59.831669 71.320870
820.900185 409.596972 59.631630 71.647408
820.139012 408.984004 60.243927 72.116282
819.492166 408.469411 60.410918 71.960876
819.292685 408.179240 59.380879 70.915269
818.276377 407.081517 59.894663 71.558473
817.602972 406.888421 59.885404 70.483455
816.692395 406.837458 59.898420 70.389778
816.526595 405.859575 59.723908 71.550863
816.099355 405.561122 59.714391 71.158263
816.106918 405.090409 59.472546 71.566052
815.956685 404.668664 59.553698 71.240602
815.492881 403.802452 59.636226 72.154451
815.146426 403.780203 59.763800 71.620620
814.917917 403.381403 59.633652 71.575496
814.687196 402.534508 59.759385 71.683283
814.725875 401.974428 59.720706 71.599120
814.570772 401.632803 59.875809 71.161157
814.609640 401.883107 59.519426 70.836259
814.682268 401.447429 59.347255 70.590945
814.369869 401.260070 59.691141 70.379924
814.053382 400.763158 60.039169 70.268680
813.950915 399.875132 60.328353 70.928830
814.073831 399.309382 60.211023 70.987080
814.531842 398.918789 60.106309 70.471151
814.793881 398.126245 60.485409 70.912134
815.459304 397.319396 60.505414 71.264994
816.076548 396.583690 61.098281 71.210262
817.676596 396.408112 60.398904 70.974624
818.611743 395.924457 61.009629 71.145152
820.252808 395.093388 61.245037 71.050567
822.104934 393.598581 60.989665 71.791859
824.372295 392.669860 60.544952 72.269102
826.372240 392.603522 61.326779 71.738347
828.329639 392.600500 61.535762 71.267047
831.279946 391.917416 61.305992 71.488013
834.540361 390.719522 60.773767 71.509220
837.505678 390.044257 60.161164 71.029500
840.824874 389.416854 59.444342 70.745302
844.303709 388.883790 59.238775 71.317395
846.116291 388.712919 60.126035 70.261742
849.055586 387.586734 60.028535 71.357639
852.088388 387.319264 59.669915 70.797440
854.044987 386.516331 60.297566 70.770185
857.272649 385.851741 60.127019 70.345474
860.615492 385.054046 59.421467 71.998974
862.246184 384.337021 60.560273 71.987242
865.609669 384.048960 60.158790 71.812402
868.890375 383.237829 59.798514 71.275398
871.511627 382.659199 59.497784 71.279595
874.541372 382.221632 59.902055 70.730648
878.157248 381.221627 59.689649 70.975588
880.965593 380.761869 59.808986 70.420485
884.820144 380.439457 58.954501 70.370976
887.830482 379.725143 58.873847 70.779829
890.395829 379.328451 59.368385 70.565684
894.106711 379.265360 58.634508 70.157497
896.833966 378.628411 59.237954 70.736401
899.271162 378.135449 59.748621 70.096677
902.642050 377.691242 59.537907 70.207315
906.040633 377.424499 59.678251 70.155026
908.576869 376.835777 59.519160 69.993271
911.319477 376.135442 59.552642 70.934270
913.987445 375.663876 59.927154 70.483798
916.116248 375.150855 59.793254 70.764965
918.399020 374.810765 59.643381 70.929509
920.678000 374.582747 59.430926 70.087453
922.080560 373.892526 59.882512 70.166760
924.258121 373.548445 59.287969 70.439378
925.637595 373.376505 59.828484 69.510501
926.779845 372.853098 59.710203 69.970963
928.329278 372.472415 59.139505 70.002649
929.354303 371.965639 59.077108 70.154774
929.527279 372.280870 59.584487 69.536758
930.025949 371.718808 59.469968 69.773130
929.949202 370.859786 59.420003 70.230877
929.590560 370.506528 59.326702 69.985424
929.831458 370.061336 59.312170 70.689788
929.369877 369.497513 59.471105 70.296815
928.985319 368.548788 59.399707 70.855838
928.487530 368.908053 59.605054 69.849218
927.590624 368.079471 59.482081 70.505157
927.369858 367.369546 58.570890 70.755066
926.128166 366.745861 58.808665 71.113232
925.291175 366.351401 59.050920 71.212151
924.436728 366.837459 58.713847 70.060049
923.466502 366.073331 58.435252 70.136546
922.586398 365.779559 58.893472 69.770260
921.705713 365.213798 58.896855 69.647754
920.745431 365.025228 58.918674 69.385634
920.099371 364.765341 58.595499 69.476006
919.637358 364.097073 58.201668 69.445842
918.663417 363.947771 58.686994 69.426479
918.021144 363.192457 57.790044 69.350457
916.503627 362.467220 58.968785 69.843682
916.332456 362.299247 58.547458 69.197836
915.124752 361.924561 58.592471 69.432739
914.559206 361.939123 58.770436 69.115823
913.861729 361.287540 58.763672 68.066486
913.281898 361.070189 58.185552 68.715860
912.242222 360.467233 58.618963 68.674561
911.675396 360.066101 58.155388 68.981437
911.177471 359.796194 58.543966 69.271898
910.323180 359.476862 58.333284 69.100426
909.636291 358.971819 58.530157 69.523734
909.062703 358.618087 58.607343 69.512219
908.164529 358.758648 58.461556 68.956345
907.400630 358.300555 58.888571 69.022252
907.291564 358.037826 58.815638 69.301385
906.831645 357.665011 59.212849 69.257242
906.677937 357.589123 59.107516 69.001826
906.831645 357.711868 58.869542 68.693779
906.791521 357.440351 58.794329 68.710231
906.867379 357.253810 58.593384 68.931179
906.867379 356.877241 58.593384 69.170297
906.600786 356.805352 58.704075 69.082289
906.600786 356.805352 58.985064 68.771929
906.600786 356.393825 59.330837 69.032567
907.353770 356.357204 59.034853 68.852677
907.600786 356.084100 58.797546 69.115753
908.130947 355.805349 58.769130 69.116899
908.705312 355.711863 59.001884 68.386238
909.205697 355.253810 58.662868 68.451669
910.113572 355.075344 58.802205 68.785454
910.742597 354.898553 58.901106 68.472827
911.428493 354.486808 58.819746 68.939584
912.130947 354.671919 58.832258 68.033561
912.818184 354.028998 59.161348 68.762908
913.593202 353.851983 58.955325 69.278311
914.390733 353.618075 59.318537 68.821841
915.353773 353.310586 59.066822 68.452462
916.649100 352.924561 58.567383 68.576765
917.575806 352.796196 58.292759 68.277628
918.244766 352.385685 58.203232 68.532232
918.253742 352.029011 58.529740 68.659727
918.706374 351.889543 58.576892 68.218256
919.430654 351.664193 58.142086 68.493250
919.780948 351.339030 58.345534 68.647206
919.929379 350.796192 58.416753 69.202711
919.942993 350.671919 58.831124 68.823635
920.428493 351.089556 58.915170 68.146406
920.966389 350.419947 58.727069 68.247959
921.743727 350.213959 58.226564 69.027452
921.600786 350.075351 58.517744 68.613382
922.186848 350.029007 58.379997 68.453939
922.556492 349.842899 58.915634 68.366947
923.280204 349.579503 58.368304 68.777797
923.481159 349.671919 58.645332 68.272766
924.259826 349.213957 58.624105 68.406074
925.003231 349.489253 58.311436 67.891117
925.797851 349.391259 57.993934 67.859121
926.372621 349.114718 57.927079 67.864515
927.116796 348.842729 57.406242 67.774246
927.594948 348.660885 57.562511 68.069747
928.413831 348.750624 57.928196 67.461779
928.899219 348.932701 57.547413 67.050868
929.624035 348.569719 57.636923 67.178410
930.450300 348.341003 57.769534 67.583210
930.936362 348.298974 58.034570 67.521492
931.802023 348.389380 58.161612 67.397131
932.397010 347.750628 58.378601 67.900219
933.006190 347.756004 58.012319 67.426455
933.874954 347.478275 57.900687 68.115732
934.299767 347.207188 58.758106 68.247486
935.150259 346.655639 58.638366 68.012259
936.223382 346.802468 58.851910 67.979075
937.223367 346.761981 59.076094 68.236912
938.354466 346.718018 59.662571 67.953387
939.055943 346.718018 59.287720 68.021572
940.003280 346.671919 59.199989 67.761536
941.657134 346.625935 58.418152 67.413932
942.545167 346.345345 58.512823 67.667717
943.697203 346.160991 58.074880 67.852072
944.263288 346.208302 58.445528 68.021550
944.783478 346.490134 58.359779 67.387221
944.870852 346.071745 58.936037 67.680819
945.724912 345.571637 58.857946 68.039919
945.714361 345.619628 59.412126 68.305004
946.816855 345.160095 58.573538 68.956116
947.018354 345.300555 58.818717 68.609898
947.024122 345.347229 58.790480 68.392360
947.443463 345.121616 58.589260 68.532749
947.594091 345.075341 58.501148 68.579024
947.594091 344.655635 58.532450 67.944931
948.170032 344.848415 58.060600 68.309023
948.541479 345.252503 58.125034 67.715993
948.520873 344.934540 58.063755 68.022013
948.783480 344.710351 57.955636 68.378535
948.754316 344.478810 57.799715 68.200684
948.633783 344.647564 58.043479 67.869565
948.140487 344.715622 58.228764 67.801507
947.831710 344.647564 58.231668 68.099108
947.524497 344.198590 58.213086 69.027469
946.753342 344.756114 58.413166 68.354362
945.821303 344.385689 58.398394 68.806060
945.097578 345.129545 58.405387 67.702639
944.162149 345.354484 58.476576 68.027556
943.214467 345.422361 58.738118 68.145368
942.753334 345.517046 58.413166 67.993681
941.979311 345.579421 58.422445 67.892004
940.939888 345.681602 58.492277 68.019020
940.292320 345.705194 58.691038 68.126725
939.042787 345.892197 59.277140 67.664250
938.082824 345.926174 59.421975 67.676044
937.636350 345.722009 59.178250 67.697523
937.002735 345.722009 58.858485 67.971959
936.321534 345.585460 58.998370 68.154506
935.361119 345.482800 59.267317 68.395556
935.058428 345.469814 58.998143 68.445958
934.281925 344.842739 58.609705 69.027570
933.559196 345.055315 58.770436 68.180647
932.781601 344.931904 58.498670 68.442153
931.939883 344.897293 58.736396 68.250356
930.962545 344.739583 59.051020 68.688775
930.124733 344.918134 58.866994 68.043169
929.321571 345.013765 58.844919 68.275880
928.479484 344.608639 58.748356 68.363395
927.440043 344.994055 58.360308 68.069851
926.979326 345.150324 58.270651 68.139321
925.821278 345.082092 58.946914 68.069497
924.882081 345.035640 59.192598 68.292992
924.281939 345.396694 58.792755 68.070121
922.962528 345.722009 59.820932 68.341881
922.346000 346.031203 59.195188 68.472234
922.136658 345.952471 59.106018 68.329511
921.383109 346.328596 58.512817 68.370850
919.922361 346.379952 59.675142 68.452219
919.480787 345.805362 58.879696 69.394504
918.824517 346.388336 58.747390 68.573840
918.019209 346.551260 59.316799 68.466133
917.715224 346.746155 58.892729 68.628095
916.503627 346.952471 59.275269 68.283491
915.782593 347.157968 59.304967 68.077994
915.162663 347.192139 59.188047 68.135934
914.262006 347.260411 58.997114 68.485788
913.703212 347.448550 59.229736 68.383623
912.623570 347.160095 59.433001 69.093741
912.099367 347.310600 59.371780 68.830286
911.947463 347.731252 58.815936 68.463382
910.760866 348.123779 59.436280 68.112183
910.244014 347.918134 58.962459 68.134426
909.636291 348.089556 58.775949 68.100455
908.939903 348.258774 58.705806 68.208228
907.841719 348.121622 59.386079 68.946462
906.964828 348.628612 59.860869 68.011130
906.623570 348.594351 58.787789 68.183134
905.582290 349.027954 59.247249 67.300685
904.622337 349.082090 59.856846 67.932065
903.723088 349.123779 59.915981 68.112183
903.283599 348.711865 59.015171 68.796684
902.543675 349.396694 59.143058 67.655866
901.821290 349.167830 59.069761 68.315114
900.782593 349.803388 59.304967 67.709795
899.922319 349.517055 59.397578 68.407585
899.044885 349.697065 59.377298 68.450934
897.924691 349.608163 59.528425 68.581848
897.676331 350.037974 59.274271 68.016977
897.042803 349.815020 59.709648 68.374991
896.283635 349.962435 59.886359 68.310159
895.884517 350.202718 59.910046 68.069875
895.715279 350.594356 59.675175 68.091223
894.844275 350.560078 60.168927 68.125502
893.940165 350.181486 60.719280 68.966517
894.257822 350.240376 60.141457 68.884230
894.088304 350.330492 59.934190 68.993363
894.371092 350.709039 59.100029 68.428118
893.703212 351.260411 59.945295 68.021572
894.291553 350.851994 59.130462 68.485151
893.623570 351.430708 59.930961 68.036107
893.870306 351.037828 59.394008 69.196835
894.025954 351.123456 59.980397 69.363288
894.906854 351.368903 59.332458 68.863223
895.518153 352.037979 58.998698 67.970550
895.639704 351.525273 59.214911 69.010781
896.062762 352.339504 59.644477 69.105421
896.677915 352.076506 59.710685 69.133374
897.556243 352.948506 59.610794 68.610343
897.715249 352.758652 60.055562 69.025339
898.539142 352.816281 60.182171 69.304144
899.141452 353.365030 60.097914 69.146681
899.831485 353.420485 59.503804 68.205150
900.742540 353.731265 59.219624 68.650669
901.593245 353.780596 59.177590 68.547477
901.639064 353.952471 59.609174 68.329511
902.518187 354.284994 59.475984 68.584695
902.519999 354.560069 60.123672 68.681271
903.216762 354.617258 59.821716 68.793608
903.980742 354.962429 59.954255 68.726981
904.293794 355.168450 60.222808 68.614371
904.678659 355.192163 59.976233 69.225465
904.977495 355.094580 60.174346 69.656536
905.865018 355.322373 59.784295 69.501690
906.174005 355.368900 60.195653 69.420148
906.237260 355.415357 60.573350 69.338730
907.143336 356.078575 60.066336 68.692320
907.867606 356.002099 59.841609 69.292773
908.216781 356.048377 59.565628 69.281446
908.715961 356.777570 59.259073 69.113371
908.371081 356.450193 59.953640 69.699943
907.985345 357.078579 60.606665 69.021055
908.927363 356.875392 60.167926 69.688162
908.867562 357.106752 60.435709 69.597843
909.330561 357.564096 60.429023 69.565885
909.643475 357.689004 60.533902 69.209563
910.047165 357.968155 60.885013 69.384510
910.176389 357.921814 61.171625 69.325706
910.556330 358.382312 60.947807 69.393014
910.944528 358.613479 61.348729 69.832460
911.169453 358.703533 61.701994 69.951558
912.321782 358.930388 61.168981 69.617852
912.950934 359.326256 61.103926 69.298630
913.604551 359.643922 61.092125 69.488711
913.912611 359.797096 61.711958 69.684345
915.606284 359.741555 61.175833 69.806680
916.336198 360.534205 60.978729 69.327473
917.184616 360.713486 61.066153 69.703763
918.841307 360.935959 60.783298 69.401733
919.400094 360.968149 61.151063 69.560187
920.199031 361.196069 61.135454 69.369223
921.230687 361.335849 60.980423 69.650354
921.688685 361.979602 61.236943 69.395352
922.135520 362.242743 61.447443 69.778695
923.162891 362.536013 61.369264 70.216283
923.682086 363.029851 61.511433 69.758700
924.775926 363.164764 61.261032 70.124000
925.425764 363.582090 61.528268 70.313637
925.352530 363.812748 62.427237 70.145329
926.808364 364.181845 61.837636 70.088800
927.197106 364.438925 62.416424 70.590537
928.740433 364.737507 61.316757 70.452273
929.885752 365.276368 61.024684 69.840336
930.257490 365.697484 61.546864 69.598973
931.035425 365.469321 61.372690 70.221150
931.811416 365.599164 61.803792 69.669663
932.483777 366.216603 61.840973 69.231844
933.393841 366.672380 61.395299 69.236893
933.976405 366.567384 62.110739 69.878550
934.948015 367.101360 62.160578 69.838206
935.383828 367.361954 62.263698 70.435139
936.390495 367.735960 61.856739 70.137140
936.947998 368.031392 62.160578 70.003532
937.690009 367.977901 62.237531 70.404837
938.550401 368.135199 62.304330 70.635973
939.429499 367.984234 62.218624 70.954733
939.353446 368.559164 62.694502 70.504318
939.642861 368.597704 62.873717 70.844014
940.678471 368.731625 62.373550 70.375634
940.312344 368.994821 62.657512 70.992263
940.531528 369.005002 62.671179 70.661876
940.665309 369.410277 62.803097 70.314664
939.821140 369.363234 63.020572 70.970366
939.872745 370.111919 62.979495 70.073972
939.144157 369.888747 63.376568 69.883373
938.608482 370.339727 63.265933 69.767525
938.525486 370.410268 63.060798 70.207955
938.572736 370.644374 62.629984 70.366145
937.398998 371.153009 63.023476 70.252643
937.407599 371.221668 62.993188 69.971821
936.786083 371.737514 63.312555 70.023038
936.586189 371.542007 63.264857 70.140048
935.863493 372.060607 63.273391 70.153485
935.985132 372.432199 63.279862 69.924654
935.485873 372.316109 63.324114 69.806911
934.886808 372.783966 63.177237 69.834257
934.186791 372.644374 63.432359 70.545405
933.497079 373.217243 63.454522 70.023214
932.899568 373.524359 63.692842 69.725381
932.221401 373.879603 63.849744 69.961157
931.933129 373.920058 63.742261 70.579946
931.107398 373.940815 63.800080 70.643916
930.929692 374.267094 63.856747 70.606249
930.524565 374.420798 64.054427 70.626885
930.216758 374.658279 63.635804 70.926459
930.004413 375.267101 63.331721 70.896369
929.831265 375.194751 63.120316 70.722336
929.412842 375.971173 63.406311 70.166885
928.693739 376.388477 63.773223 69.738470
927.872555 376.564411 64.231405 70.036573
927.452648 376.289153 63.817240 70.735502
927.626804 376.658276 63.645659 70.639355
927.043462 377.034407 64.042407 70.514352
926.761337 377.405849 64.318430 70.359093
926.795068 377.451760 64.284699 70.548508
927.046380 377.927023 63.655462 69.809113
925.828653 377.542004 64.539065 70.458635
926.470089 377.997681 63.581955 70.022487
925.798768 377.825986 64.127117 70.495138
924.976760 378.236592 64.625057 70.152493
924.441917 378.501022 64.776934 70.282244
924.108070 378.536642 64.973879 70.246624
923.631376 378.357954 65.279482 70.750326
923.329589 378.885140 65.495110 70.589392
923.386302 378.621738 65.340252 71.387430
922.940149 378.886886 65.872618 71.092529
923.040849 378.934430 65.478442 71.008849
922.594235 379.265551 65.620886 70.919422
922.862392 379.326127 65.036865 71.132396
922.492051 379.278383 65.787115 70.964096
922.457667 379.373806 65.802080 71.048657
922.610733 379.516387 65.416614 71.304159
922.492173 379.468931 65.638711 71.460691
922.595503 379.791563 65.449846 71.007435
922.420475 380.357869 65.435517 70.863689
922.794667 380.182663 65.191363 71.131734
922.595133 380.278385 65.900666 71.324662
922.664272 380.305104 65.681703 71.303332
922.911845 380.667269 65.458201 70.925460
923.997555 380.516389 65.119112 71.705171
924.177130 380.743784 65.560417 71.344149
924.556835 381.308955 65.472650 70.661729
924.903126 381.350331 65.942955 70.836282
924.836658 381.416707 66.411358 71.031348
926.237662 381.447838 66.060022 71.524535
926.695964 381.825137 66.556265 71.205388
928.102769 381.689692 65.968395 71.634529
929.345243 381.980560 66.079218 71.391551
930.996328 381.630133 65.570237 71.761070
931.525398 382.344902 65.570378 71.103151
932.065028 381.893690 66.029280 71.999561
933.186899 382.485837 65.874473 71.272166
933.899787 382.209580 65.723803 71.872429
935.136527 382.495243 65.799600 71.440626
935.763963 382.825125 65.993109 71.253650
937.013243 383.092822 65.636332 71.211230
937.448501 382.600007 66.406731 71.851267
938.453291 382.771346 66.331993 71.575412
938.907745 382.675774 66.471615 71.416251
940.283427 382.627884 66.051183 71.974815
940.667234 382.579909 66.136084 71.730394
941.113074 383.016805 66.087817 71.595914
941.593695 382.483567 66.252760 72.270164
942.633020 382.611114 65.878698 71.818669
943.283467 382.866607 65.695802 71.699467
943.559557 383.100616 65.886940 71.594287
944.279037 383.318980 65.327361 71.519299
944.556882 383.324541 65.559815 71.588834
944.698682 383.305105 66.038883 71.740342
944.889428 383.608798 66.417159 71.038463
945.320074 383.500288 65.819341 71.290124
945.801552 383.261905 65.892195 71.573131
946.491273 383.542600 65.735535 71.796125
947.170253 383.680994 65.408962 71.591551
947.785590 383.358886 65.216181 71.910416
948.211098 383.551937 65.790635 71.644756
948.627792 384.004757 65.121767 71.316408
949.065049 383.356831 64.964493 72.029602
949.919781 383.551937 64.426243 71.935809
949.760769 383.813373 65.138495 71.267975
950.031315 383.765571 64.781475 71.460441
950.039388 383.765571 65.067750 71.171505
950.175283 383.813373 65.364097 71.267975
949.767488 383.695928 66.045285 70.923249
949.972608 383.791559 65.808787 71.332619
950.320089 383.648009 65.863015 71.548684
950.457102 383.648009 65.595223 71.512399
950.354103 383.886881 65.991920 71.418781
950.865892 383.872905 65.669036 71.699271
950.975906 384.017654 65.602264 71.518293
950.561120 383.791559 66.088956 71.405134
950.315474 383.934426 66.736839 71.117313
950.632738 384.056258 66.258394 70.854517
950.284904 384.416704 66.452655 71.176022
950.770435 384.447840 66.430414 71.196890
950.490088 384.352763 66.475383 71.255680
951.044925 384.447840 65.963920 71.561065
950.802937 384.542606 66.032826 71.722669
949.929216 384.627880 66.777440 71.355323
949.938571 384.723593 66.689827 71.477453
949.693385 384.819014 66.978638 71.382032
949.317451 385.161555 66.974369 71.258524
949.352514 384.998391 66.983147 71.540225
949.000858 385.237975 67.247179 71.519006
947.665441 385.461406 67.853281 71.492162
947.555267 385.424761 67.933750 71.642646
948.956087 385.457653 66.641264 71.409844
948.903627 385.435544 66.681251 71.620179
948.944842 385.787288 66.259469 71.846128
948.944842 385.771349 66.128821 71.904697
948.632103 386.125409 66.182101 71.342718
947.964389 385.776028 66.914490 71.651338
947.071380 386.206578 67.308176 71.603220
946.836864 386.425066 67.118667 71.576566
945.916121 386.425066 67.995413 71.769593
946.321779 386.430860 67.609462 71.976834
946.602254 386.467659 67.017402 71.512258
946.910186 386.642683 66.601495 71.358948
947.425514 386.435533 65.985943 71.874761
946.833665 386.290495 66.405441 71.946945
946.701753 386.533993 66.328486 71.709107
946.425526 386.653235 66.509674 71.814880
945.798656 386.798943 66.656080 71.862110
945.352512 386.766969 67.027043 71.852207
945.082004 386.687558 67.050247 72.185887
945.082004 386.654276 66.829557 72.269038
945.256388 386.724096 66.262389 72.100733
945.460068 387.023843 65.821970 72.170816
945.390847 386.703474 65.719671 72.171120
945.020691 387.016796 65.458201 71.887158
945.113855 386.991099 65.251560 72.039410
945.182686 386.872888 65.140370 71.953611
944.567495 387.164959 65.187436 71.670392
944.437189 387.252037 65.317742 71.709446
943.998296 387.402707 65.451888 71.567989
944.082417 387.366141 65.047510 71.746981
944.378246 387.402707 64.444630 71.758034
944.021178 387.410644 64.499139 71.775970
943.978471 387.592603 64.239316 71.546274
944.398381 387.519890 63.331421 71.666724
943.659435 387.566367 63.829610 71.884857
943.444468 387.882506 63.907570 71.785482
942.849970 387.788010 64.033878 71.958833
942.318227 387.882506 64.067436 71.882669
941.417071 388.134909 64.201295 71.776584
941.148861 388.006507 63.768263 71.836238
940.254753 388.079139 64.180213 71.715618
939.504182 388.151678 64.081067 71.787286
939.209212 387.721863 63.847354 72.417191
938.624892 388.134685 64.171520 71.758562
937.892838 388.151678 63.924446 72.029158
937.479667 387.843081 64.329007 72.130023
937.487713 388.143112 63.811075 71.963193
936.547641 388.260311 63.806627 72.262321
936.233692 388.592601 63.351567 71.930183
935.640121 388.566367 63.166730 71.933131
934.918071 388.530102 63.373832 71.776743
934.886882 388.258023 62.767066 71.814227
934.420981 388.773912 62.782830 71.528963
933.751171 388.651325 62.959764 71.630464
933.830938 388.999744 62.737604 71.596524
933.338245 388.872909 62.865614 71.945667
933.051724 388.981810 62.867242 71.788744
932.553985 388.872909 62.869263 72.090176
932.421003 389.071647 62.948251 72.062224
932.510972 388.915370 62.602178 72.373421
932.899721 389.457497 62.118967 71.657932
932.366181 389.506706 62.541013 71.727115
932.324488 389.470489 62.362538 71.859388
932.242946 389.542897 62.378169 71.786980
932.527208 389.506706 62.225822 71.871289
932.808246 389.939432 61.911764 71.777653
932.818484 390.032201 62.187001 71.904998
933.204213 390.235079 62.180305 72.019016
933.283813 390.361694 61.845998 72.016288
933.365228 390.361694 62.255947 71.968169
934.164968 390.687406 61.753498 71.787090
934.061812 390.705986 61.845375 71.990683
934.501810 391.047064 61.865941 71.718731
934.738500 390.887451 62.094251 71.761314
934.927757 390.939418 61.825320 72.169698
935.709420 391.068314 61.374994 71.676295
935.717424 391.168164 61.770519 71.668782
935.777680 391.176554 62.162227 71.954426
936.477597 391.289053 61.673339 71.753529
937.548855 391.571615 60.918141 71.462334
937.452377 391.693754 61.419485 71.751819
938.036503 391.846128 61.418719 71.456975
938.546184 391.881995 61.204538 71.277114
938.807947 392.077564 61.096563 71.878183
939.312259 391.940736 61.306881 72.065645
939.933953 391.820372 61.202917 72.546397
940.747843 392.176566 60.840432 72.149419
940.475396 392.341422 61.556238 72.106393
941.396619 392.615200 61.302769 72.150605
941.777686 393.104420 61.457973 72.221558
942.282658 392.996043 61.338483 72.183576
943.011677 393.320545 61.488415 72.005433
943.302733 393.284589 61.506269 72.435007
943.262734 393.687402 61.907008 72.274110
944.204213 393.185357 61.515797 73.110113
944.787906 393.981809 61.581336 72.272296
944.768350 393.674009 62.150115 72.875033
946.061781 393.767385 61.391599 72.557591
946.670948 394.212590 61.082128 72.015730
946.797567 394.341422 61.298978 72.203208
947.396652 394.320538 61.636745 72.201649
947.848157 394.651318 61.608645 72.065755
947.654921 394.814939 62.056214 72.122263
948.399797 394.581444 61.784420 72.381629
948.161143 394.795557 62.724157 72.610761
948.740433 394.897369 62.545310 72.429513
949.709564 395.311995 62.159359 72.187506
950.194182 395.216325 62.075730 72.306534
951.708024 395.397991 61.127451 72.076511
952.076077 395.558276 61.085479 71.889529
952.429505 395.522200 61.058434 72.168232
952.462095 395.666403 61.151308 71.926742
952.342682 395.702388 61.629981 71.648876
952.620402 395.774303 61.385031 71.625195
952.353452 396.025260 61.580946 71.713934
951.695879 396.140502 62.211263 71.796694
951.967449 396.107045 62.116958 71.792926
951.283028 396.212595 62.525988 71.772943
950.748122 396.271180 63.037967 72.227520
951.337637 396.675038 62.514934 71.969710
951.462266 396.872893 62.346823 71.563604
952.204252 396.687417 61.614912 71.835447
952.222676 396.887448 61.684466 71.333702
953.036455 396.953682 60.865587 71.590947
953.225317 396.868491 60.577607 71.848497
953.499486 396.904631 60.432399 71.956717
953.212436 397.012906 60.914894 71.945057
953.312238 397.084968 60.784287 71.824651
953.690020 396.759935 60.954014 72.392182
953.738448 396.851201 60.972654 72.425898
953.777681 396.923659 60.900816 72.255952
953.957128 397.104412 60.751276 72.221558
953.837569 397.232675 60.967558 72.070445
953.797592 396.818636 61.266495 72.514967
954.164920 397.248590 61.226275 71.931022
954.507358 397.594361 61.046148 71.756921
954.611059 397.702406 61.163017 71.504645
955.080924 397.738373 60.563107 72.000839
954.690016 397.701486 60.986503 72.213530
955.777758 397.738373 60.514087 72.049674
955.412553 397.976835 61.166569 72.175279
956.050522 397.814938 60.758547 72.267508
956.194425 397.774321 60.999632 72.209792
957.083015 397.814938 60.832576 72.413392
957.623624 397.722882 60.668239 72.462182
958.127869 397.477812 60.877604 72.707251
958.342716 398.068323 61.335821 71.868878
958.933974 398.248601 61.334690 71.882388
960.045129 398.284593 60.639757 72.139351
961.158749 398.702397 60.361963 71.842232
961.106867 398.648208 60.760507 71.965165
961.969012 398.702397 60.584447 71.793779
962.768608 398.863312 60.727263 71.798746
963.427281 398.940745 60.607998 72.114151
963.729356 399.048957 60.914640 72.298502
965.158711 399.522218 60.526110 72.070945
966.030590 399.594360 60.366190 72.242593
966.541678 399.868498 60.690516 72.089472
967.003280 399.976845 61.261797 71.836329
968.120953 400.346249 60.860831 71.687061
968.531877 400.192897 61.079721 71.959227
969.312235 400.377624 61.241223 72.021883
970.204968 400.377624 61.162772 71.973649
970.507355 400.449957 61.540641 72.094671
971.887674 400.506706 61.279931 72.503950
972.046662 400.705993 61.938141 72.182955
972.787889 400.615203 62.081036 72.493926
973.393712 400.727366 62.208108 72.332421
974.175989 400.836552 62.009414 72.223235
974.353965 400.872904 62.247881 72.283883
974.904952 400.909229 62.468911 72.199021
975.512624 401.162840 62.022594 72.434240
975.688206 401.090503 62.396172 72.408197
975.544672 401.384796 63.090460 72.454693
976.681999 401.421959 62.254645 72.181573
976.503536 401.397984 63.031733 72.514477
977.006350 401.678459 62.662115 72.453878
976.928141 401.819594 62.891231 72.117735
977.174597 401.638848 62.611620 72.544355
977.051669 401.788018 62.800839 72.199185
977.459118 401.711213 62.559553 72.422664
977.499500 401.783486 62.452639 72.548195
977.378150 402.275557 62.540760 72.515141
977.859976 402.421154 62.292034 72.223596
977.379616 402.690917 62.331318 72.368865
977.092706 402.617964 62.462183 72.538819
976.512016 402.638849 62.944074 72.841974
976.187102 402.641887 63.314458 73.028373
976.327884 402.851566 62.904471 73.187845
976.066691 403.374184 62.917112 72.684333
975.570133 403.715004 62.850025 72.417339
975.435650 403.568675 62.833226 72.758218
974.809664 404.224140 63.062943 72.396856
973.936053 404.042848 63.365986 72.825319
973.570100 404.628919 63.147590 72.429596
973.311697 405.079139 62.725659 72.345458
972.427982 405.311999 63.159876 72.429983
971.297859 405.592597 62.986550 72.811627
970.682619 406.115421 63.091440 72.407214
969.936040 406.224128 63.167286 72.743451
969.191305 406.846346 62.965910 72.261315
968.553927 407.224131 63.066937 72.249443
967.809659 407.493817 62.898817 72.837866
967.435624 407.897375 63.099222 72.674404
966.767355 408.260321 62.973876 72.657516
966.311693 408.737755 62.824749 72.865743
965.340909 408.970158 62.878612 72.700103
964.469558 409.368753 63.337332 72.449811
963.597587 409.447087 63.340834 72.857988
963.021151 409.558499 63.201632 73.035493
962.275956 409.924599 63.045411 72.866587
961.402452 410.374186 62.951832 73.030045
960.486446 410.483497 63.397417 73.320468
959.953161 410.668577 63.179618 73.671281
959.378269 411.146259 63.168920 73.130658
958.742648 411.447082 63.423296 73.306651
958.462138 411.924604 63.250951 73.214647
958.203591 412.337685 63.095244 73.116231
958.066697 412.595219 63.050674 73.394398
957.827066 413.033963 63.305745 73.055325
957.528315 413.483508 63.023885 73.119997
957.492603 413.851573 63.006166 72.989121
957.353037 414.592594 62.849540 72.564310
956.851850 414.933778 63.383857 72.247072
956.318156 415.187934 63.665600 72.680232
956.203549 415.301182 63.496051 72.512686
956.189300 415.447091 62.994967 73.206415
955.653531 415.924613 63.097342 73.114809
955.444439 416.191487 63.074700 73.113571
955.036898 416.447070 63.129037 73.206415
954.444460 416.705220 63.706354 73.484064
954.378237 417.146254 63.268410 73.279210
953.869174 417.411402 63.363167 73.231791
953.959950 417.705241 62.819739 73.085963
953.486445 418.044904 63.098830 73.210702
953.203598 418.191483 63.429026 73.262419
953.162031 418.448192 62.970787 73.293571
952.860918 418.778447 63.390360 73.360802
952.712237 419.035981 63.435049 73.339876
952.167278 419.292940 63.779116 73.632746
952.179819 419.550892 63.515287 73.708714
952.304000 419.962350 63.156319 73.512790
951.827015 420.631914 63.272578 73.357703
951.251905 420.851571 63.594419 73.538630
951.427600 421.402694 63.133203 73.221915
951.327844 421.778435 63.004216 73.460957
950.911181 422.154893 63.420879 73.100740
950.784868 422.558511 63.116410 73.183262
950.318208 422.741864 63.134944 73.247758
949.995077 423.374173 63.336999 73.030045
949.911198 423.595208 63.420879 73.295046
949.587535 423.961065 63.258791 73.028541
949.451568 424.556269 63.181046 72.649966
949.640982 424.532029 63.262078 73.237023
949.369173 424.888107 63.263442 73.251155
949.286516 425.595212 63.312633 73.295046
949.697131 425.741852 63.170510 73.497549
949.574653 426.109519 63.225720 73.615119
949.670765 426.374560 63.275669 74.268525
950.156464 426.770793 62.943745 73.773590
949.670765 426.962343 63.610932 74.114903
949.977602 427.440312 63.875223 74.172112
950.303264 427.807831 63.857581 73.886173
951.116509 428.292506 63.153499 73.667756
950.959915 428.741878 63.659291 73.901212
951.468652 429.218446 63.428633 73.741804
951.336222 429.587698 63.777552 74.177047
952.222216 429.918843 63.256693 74.076534
952.304000 430.255500 63.593273 74.205258
952.835175 430.659503 63.231194 73.984537
952.918795 431.072751 63.497589 74.055164
953.055016 431.698017 63.405291 73.561596
953.688557 431.925491 62.761583 73.849289
953.615557 432.189979 63.184826 74.049420
953.167315 432.703861 63.912944 73.970716
953.468628 432.770798 63.530008 74.325682
953.397405 433.292521 63.878808 74.218719
954.059447 433.770786 63.318056 74.427085
953.929601 434.292509 63.297035 74.067503
953.753720 434.661282 63.561599 73.849947
954.205210 434.814777 63.143790 74.262462
953.803587 435.255478 63.423049 74.306294
953.522856 435.473546 63.719657 74.622937
953.271349 435.839854 64.139948 74.841565
953.459446 436.281187 63.944362 74.782248
953.165575 436.542910 63.934127 75.235393
953.301311 437.093495 63.682851 75.071091
952.823541 437.468243 63.864750 74.797832
952.570302 437.839854 64.050629 75.352738
951.996166 438.356098 64.103551 75.525624
951.464810 438.647807 64.315814 75.304726
951.079431 439.246400 64.431151 75.169123
950.760713 439.421704 64.257468 75.377902
950.079446 440.059999 64.464835 74.943656
950.177608 440.430875 64.147691 75.399086
949.379687 440.947869 64.536580 75.209636
949.313691 441.428074 64.421316 75.159997
948.933759 441.947892 64.630505 75.209636
948.244508 442.390590 65.013893 75.351662
948.189597 442.796157 64.784002 75.478968
947.200869 443.428066 65.465807 75.159997
947.060583 443.946359 65.254832 75.277247
947.103632 444.532323 65.006374 75.282213
946.805892 445.320210 64.963349 75.109882
946.418513 445.615109 65.043600 75.178679
946.783137 445.901075 64.429486 75.635771
946.275184 446.577779 64.732433 75.164495
946.729392 447.165187 64.142701 75.269439
946.294227 447.610171 64.792031 75.444688
946.397410 448.014404 64.749863 75.573676
946.530405 448.418844 64.956860 75.907825
947.729370 449.314966 64.346558 75.492579
947.251392 449.459441 65.073861 75.544213
947.741174 450.208307 65.160887 75.690948
948.710022 450.343092 64.669601 76.138774
948.950302 450.937341 65.021280 76.077092
949.168893 451.304620 65.175973 76.138296
949.638950 451.442681 65.287155 76.364843
949.973383 452.266578 65.127106 76.176331
950.461665 452.595342 65.057067 76.160691
950.427733 453.352595 65.707726 76.237301
951.109286 453.900363 65.258377 76.022526
950.915301 454.494392 65.464340 76.000292
951.043080 454.975211 65.674577 75.987383
951.300110 455.683550 65.730526 75.707646
952.014866 456.615264 65.295628 75.816707
952.792250 457.050895 65.040980 75.859937
952.915262 457.796148 65.533875 75.789590
954.118479 458.652691 64.784883 75.569844
954.605378 459.089833 65.306472 75.807299
954.787546 459.721323 65.557356 76.033470
955.485318 460.342599 65.583447 76.152080
955.848511 461.203592 65.743420 75.770997
955.999999 461.721348 66.030639 76.190482
957.326715 462.382742 65.253714 76.123167
957.385257 462.937337 66.030610 76.285216
957.513303 463.762102 66.168694 76.370941
958.198359 464.000866 65.889584 76.869481
959.367603 465.017951 65.425381 76.331035
958.956866 465.456483 66.318594 76.718637
959.881984 466.547774 66.351327 75.801211
960.495661 466.900344 65.767606 76.490910
960.770414 467.572743 66.298390 76.193049
961.579982 468.344647 66.142015 76.735687
962.260653 469.131926 66.186068 76.637975
962.626479 469.406442 66.358991 77.099822
963.011941 470.387360 66.767750 76.966270
963.951772 471.042950 66.480910 77.363740
964.006639 471.947876 66.857652 77.042407
964.224431 472.641798 66.994375 77.136262
965.370268 473.411168 66.420827 77.103425
965.447630 474.119671 66.766024 77.180974
965.909542 474.986015 66.809676 77.004264
966.397385 475.449673 66.928258 77.328383
966.170469 476.737606 67.593717 76.782687
966.869231 477.126151 67.396388 77.394124
967.641397 477.856619 67.242331 78.038364
967.774864 478.787571 67.534222 77.791505
968.684017 479.649555 66.911628 77.667628
969.126579 480.495543 66.887685 77.929121
969.384436 480.953360 67.247148 78.096514
969.379052 481.748812 67.331625 78.475534
969.813798 482.554693 67.435088 78.291801
970.243339 483.389404 67.586620 78.255515
970.684075 484.234380 67.420696 78.141000
971.578650 485.250510 67.213950 77.865459
971.375646 485.797518 67.790739 78.519652
972.356583 486.720477 67.090546 78.290976
972.727370 487.437894 67.341451 78.462306
974.009600 488.698299 66.748070 78.055056
973.642404 489.418420 67.559585 78.060169
974.629318 490.311918 67.345514 78.713914
975.501249 491.195555 67.148179 78.287400
975.813775 491.942283 67.651919 78.499830
976.714289 492.844910 67.115676 79.071670
977.458492 493.531551 67.190991 79.113394
977.586425 494.564815 67.751913 78.989724
978.745570 495.408699 67.209608 79.310399
979.440730 496.095270 67.370486 79.514015
980.059749 497.051252 67.423638 79.361535
980.236800 498.323856 68.065338 78.813748
981.016337 499.012220 67.540638 79.180246
981.368524 499.973176 67.609009 79.274251
981.972822 501.284966 67.946050 79.183109
982.749668 502.051279 67.785829 79.251212
983.232887 503.323843 67.794984 78.813748
983.845724 504.055977 67.783166 79.280308
984.533172 504.973163 67.750010 79.274251
984.710141 506.168259 68.136151 79.079177
985.059799 507.440260 68.186852 79.027823
985.359114 508.460073 68.285801 79.370337
985.701632 509.499184 67.832745 79.166294
985.797999 510.541726 68.048315 78.997841
985.929231 511.384039 68.062311 79.480449
985.334696 512.303358 68.729295 79.970582
984.825047 513.631492 68.962622 79.753210
985.394655 514.648491 68.594793 79.873786
984.963105 515.526118 68.537324 80.193955
984.732897 516.924191 68.999354 79.764421
984.777515 518.199672 68.771755 79.906624
984.822073 519.199673 68.946839 80.129189
984.711662 520.766823 69.343716 79.921813
984.666161 522.159520 69.279598 79.808029
984.711662 522.978941 69.124701 80.515122
984.637423 524.570528 69.180464 80.148237
984.322455 525.963504 69.421884 80.398185
984.186373 527.097730 69.411196 80.172944
984.140862 528.304724 69.456706 80.472707
984.556316 529.428337 68.951541 81.099565
984.110415 530.942465 69.553785 81.042697
984.318104 532.088699 69.399533 81.207291
984.363260 533.598954 69.538785 80.890840
984.543112 534.558972 69.395861 81.268132
984.363260 535.518970 69.612701 81.421250
984.429961 536.646735 69.461231 81.762256
984.539594 537.928390 69.407982 81.480620
983.781744 538.888223 70.146126 81.804713
984.327296 539.747910 69.533467 81.880771
984.449948 541.217172 69.386570 81.773387
984.153949 542.257498 69.517920 81.789809
984.314940 543.338039 69.743944 81.937004
984.851048 544.458662 69.543104 82.045547
984.444357 545.545824 69.913494 81.856120
985.015850 546.828575 69.882324 82.028263
984.860067 547.707575 70.384764 82.436448
985.759641 549.158034 69.904987 82.510266
985.674992 550.707574 70.353438 82.263879
986.626339 552.117602 69.812854 82.206342
986.610174 552.983980 69.989573 82.821426
987.103256 554.446623 69.876661 82.458316
986.950181 555.707558 70.301973 82.436448
987.357880 556.996040 69.969022 82.442334
987.715292 558.360016 70.175623 82.481699
987.069568 559.730482 70.884527 82.577299
986.687292 561.141499 70.918313 82.574228
986.536790 562.343942 70.795587 82.836100
985.976570 563.816157 70.944939 82.726905
985.782107 565.222555 70.827460 83.250597
985.359560 566.512099 71.175284 83.074542
984.931820 567.841830 71.216454 83.384238
984.784585 569.130261 71.052292 83.559808
984.445747 570.637256 70.852522 83.297859
984.060418 571.781568 70.773901 83.578654
983.406827 573.226579 71.053410 83.652325
983.025909 574.473109 71.010066 83.694585
982.173213 575.800961 71.513303 83.895313
982.494639 577.004490 70.955843 84.324474
981.604072 578.418101 71.808642 84.798901
981.230741 579.991782 71.794408 84.792056
980.939997 581.818236 71.775669 84.742518
980.561712 583.530235 71.511519 84.550611
979.939590 584.911954 71.596890 84.587954
980.065408 586.953204 71.340521 84.368535
979.365089 588.459292 71.372896 84.757691
979.405981 589.994461 71.538224 84.924374
978.561704 591.622373 71.888488 84.937124
978.325190 593.323687 71.851904 85.357971
977.897914 595.230938 72.051492 85.070704
977.040850 596.901333 72.483078 85.422604
977.048047 598.726770 71.822394 85.275206
976.710322 600.611064 72.041885 85.591605
975.553256 602.309610 72.592353 85.632218
974.855599 604.306377 72.816864 85.456973
974.326696 605.931084 73.076892 85.832235
974.339249 607.928089 72.638604 85.903580
973.266786 609.679677 73.025458 86.144277
972.913512 611.217980 72.986873 86.186104
972.189985 612.796502 73.056366 86.729271
971.827591 614.504220 73.106592 86.540627
971.155063 616.462042 73.126985 86.400388
970.327143 618.335233 73.531256 86.345609
969.962284 619.959158 73.552182 86.421901
969.200705 621.789867 73.578479 86.530609
969.165505 623.499141 73.187933 87.011652
968.298016 625.244875 73.558625 86.836911
967.924779 627.202388 73.196355 86.818475
967.200717 629.001435 73.966848 87.549375
966.253620 630.985556 73.936643 87.437650
965.984930 632.642837 74.064697 87.352601
964.756130 634.326427 75.097045 87.591219
964.070191 636.154638 74.813421 87.734801
964.141509 637.940757 74.335115 87.886619
962.834744 640.069175 75.396542 88.194530
962.370880 641.854935 75.710528 88.253589
961.919526 643.897910 75.644986 88.649601
960.842907 646.072052 76.294587 88.380470
960.754945 648.072050 75.660891 88.759316
960.519893 650.140148 75.561527 88.797108
959.904423 652.140137 75.751135 88.986103
959.098894 654.444975 75.959272 89.283565
959.021571 656.601568 75.741537 89.006192
958.302266 658.900072 76.193419 89.185819
957.583158 661.186026 76.246461 89.096781
957.422595 663.405220 75.780550 89.519602
956.786518 665.384502 76.523379 89.412834
956.220265 667.601576 76.703802 89.641444
955.296662 670.017335 77.120466 89.357482
955.139434 671.864723 76.891615 89.897127
954.215912 674.083970 77.632227 89.741139
953.598639 676.002940 77.863962 89.785260
953.084729 678.353431 78.033378 90.007722
952.721618 680.374985 78.273627 90.179524
951.946241 682.374984 78.376703 90.306908
951.725391 684.340279 78.461341 90.557509
951.160625 686.340278 78.186684 90.943755
950.954420 688.428572 77.981911 91.049900
950.314399 690.296100 78.115444 91.443016
950.408643 692.579924 77.843446 90.701365
949.364155 694.259195 78.450853 91.383868
948.980168 696.402128 78.265381 91.458024
948.233846 698.491080 78.769397 91.239757
947.980122 700.460683 78.389260 91.331721
947.129615 702.179207 78.956489 91.745748
947.212108 704.100876 78.551811 92.040802
946.225064 706.100868 79.372309 91.845807
945.818598 708.248504 79.060028 92.043886
945.172260 710.202403 78.969426 92.384488
944.852042 712.247484 78.911925 92.080077
944.172330 714.202401 78.969426 92.254625
943.800242 715.931202 78.922018 92.785946
942.923550 717.799102 79.622353 92.821139
942.212825 719.678022 80.184622 93.026729
942.232265 721.959080 79.737014 92.600529
942.109474 723.496733 79.919985 93.142148
941.702029 725.457277 80.225270 92.779146
941.337231 727.095284 79.968992 93.184150
940.808709 728.959089 80.286668 93.651594
940.244864 730.793729 80.549141 93.568220
940.628836 732.565063 80.119725 93.664955
939.841117 734.473417 80.779660 93.954674
939.910373 736.399676 80.453505 94.043432
939.064297 737.982254 81.043567 94.352283
938.608059 739.771149 81.157053 94.377756
938.838358 741.540085 80.627264 94.409958
937.960254 743.399657 81.124954 94.242315
937.714794 744.938013 81.178656 94.703933
937.267349 746.910926 81.427117 94.944266
938.027709 748.724997 80.711025 94.930487
938.386682 750.401048 80.944974 95.014398
935.947368 751.725003 81.813408 94.731697
936.399328 749.303793 81.123802 95.135667
934.214207 753.390847 82.496631 95.439110
934.820819 755.017733 81.589170 94.936923
935.346424 755.908324 81.262869 95.253369
935.610174 757.861549 81.301537 94.969459
934.115203 757.588264 81.729883 96.197266
934.276100 758.970505 81.519251 95.509252
933.761425 759.151700 81.519010 96.101527
934.241183 760.459429 80.995284 95.449072
933.919928 761.155555 81.388421 95.609586
933.731572 761.570598 81.319807 96.030672
933.678418 761.446373 81.200806 96.904119
932.636064 762.645048 81.441933 96.422236
932.820801 762.550738 81.893908 96.805686
932.292567 763.379613 81.824042 96.394603
932.287529 763.756874 81.992289 96.624544
932.628434 763.475002 80.962127 97.299220
931.833437 763.605435 81.455094 97.608823
931.056662 763.839433 82.017289 97.619916
930.978959 763.874180 81.881836 97.635163
930.278164 763.874180 82.192151 97.635163
930.204171 763.568375 82.182917 97.624601
929.934333 764.050854 82.105086 97.118145
929.386947 763.378433 82.083367 97.447680
929.560436 763.539232 81.693315 96.929697
929.312742 763.371895 81.842601 96.827798
928.509940 762.687625 82.384098 96.932759
928.272174 762.100195 82.061993 96.979478
928.218422 761.687252 82.028856 97.017273
927.235762 760.711207 82.320958 97.390920
927.471785 759.703442 81.654342 97.374644
926.730706 759.344714 82.386559 97.165861
926.169032 758.263907 82.301279 97.430163
926.257866 756.937467 82.260146 97.460878
926.042521 755.837636 81.435997 97.192349
925.725978 754.643901 81.691817 97.027214
925.646044 753.148271 81.557891 97.034440
925.206868 752.148266 81.556946 96.227944
924.525563 750.314813 81.967390 96.714669
924.699088 748.401024 81.635083 96.598757
924.394860 746.883421 81.496078 96.913158
924.047349 745.282792 81.198142 96.377020
924.381963 743.314774 80.852918 96.667466
923.471293 741.683713 81.378538 96.621272
923.125838 739.751779 81.679028 96.977817
922.887036 737.674240 81.660260 97.222791
923.120498 736.033635 81.040070 97.304007
922.714839 734.382640 80.746929 96.883392
922.434763 732.955349 80.972037 96.443758
922.329091 730.955356 80.862898 96.538020
922.010038 728.955363 80.626903 96.726908
921.943326 727.460700 80.593004 96.402103
921.411324 726.112444 80.741569 96.167642
921.414782 724.052497 80.507434 96.061807
920.973543 722.162937 81.249112 96.298267
920.525576 720.493670 80.899225 95.952551
920.767354 718.663413 80.540983 96.105408
920.662637 717.064382 80.175735 95.902105
920.381013 715.261341 80.099983 95.705151
919.642806 713.640082 80.667966 95.682548
920.079528 711.742600 79.546447 95.952584
919.576093 710.046533 79.994902 95.506021
919.470601 708.046520 80.015894 95.552419
919.276606 706.114185 80.119232 95.068553
919.190933 704.224939 80.318363 95.115471
919.612372 702.316354 79.639019 94.820248
919.211051 700.531761 80.070251 94.486024
919.273612 698.998062 79.962065 94.157579
918.787854 696.726075 80.408885 94.118216
919.118425 694.598678 79.904272 94.007172
919.139421 692.638078 79.612342 93.659594
918.983343 690.309781 79.599660 93.828461
918.774058 688.442003 79.682688 93.504510
918.960296 686.600147 79.472865 93.300530
918.650302 684.097084 79.782859 93.406184
918.598347 682.177441 79.961913 93.319901
918.074091 679.910742 80.401405 93.499306
918.368367 677.609164 79.701782 92.956617
918.625426 676.055306 79.066102 92.573289
918.340031 673.714184 79.122079 92.894169
918.745412 671.448516 78.752851 93.137408
917.660540 668.897830 79.759718 93.060310
917.908830 666.937459 79.270835 93.081788
918.239231 664.448525 79.005831 93.491666
918.005222 661.951531 78.932840 93.498694
917.983032 659.806352 78.926032 93.762659
917.650294 657.563784 79.109284 93.649938
917.981652 655.358252 78.878607 93.306344
917.983032 652.854763 78.633559 93.773795
917.931002 650.709408 78.887045 93.210747
917.568740 648.012625 79.298445 93.573322
917.753969 645.937432 78.921934 93.379928
918.433701 643.881985 78.257825 93.535849
917.983032 641.737777 78.926032 93.202436
918.137000 639.737773 78.604758 92.789449
917.955293 637.283115 78.475945 92.792410
918.257488 634.828877 78.037371 93.031091
917.644363 632.251201 78.621240 93.313621
917.903893 630.235024 78.140886 93.017263
918.106438 628.116036 77.938342 92.625568
917.775602 625.899854 77.918244 92.449115
917.775602 623.518561 77.794584 92.417781
917.694392 621.017255 77.633651 92.115669
917.185856 618.421061 78.059632 92.141935
917.288225 616.107596 77.792454 92.073903
917.134543 613.754547 78.028482 91.924838
917.339282 611.255569 77.618099 92.228096
917.106438 609.112644 77.731510 91.846122
916.903284 606.564169 77.810963 91.998825
916.647486 604.303102 78.025581 91.597806
916.647486 601.897007 77.820123 91.782377
916.795159 599.516519 77.450376 91.757143
917.072141 597.301623 77.069340 91.691261
916.720846 595.163055 77.461740 91.711425
916.619735 593.039212 77.112177 91.292112
916.883866 590.707242 76.643632 90.842518
917.010928 588.275144 76.329298 91.412427
916.413535 585.898161 77.130853 91.556508
916.335240 583.421485 77.028554 91.769987
916.133281 581.301586 77.353256 91.575405
916.171775 579.462436 76.969707 91.192535
916.149609 577.038367 77.132699 91.153083
915.899351 574.962404 76.973256 91.063399
915.899351 573.009327 76.891669 91.132911
916.099725 570.915448 76.569076 90.994243
916.354015 569.116453 76.067754 90.454488
915.892070 566.559252 76.341621 90.868305
915.713672 564.743712 76.423048 90.249410
915.291418 562.652629 76.942272 90.601106
915.110408 560.416049 76.823568 90.864839
915.496594 558.416033 76.253656 90.405519
915.190172 556.709641 76.598582 90.523065
915.028339 554.381705 76.535426 90.352315
914.927943 552.894845 76.716926 89.757258
914.892076 550.652617 76.422891 90.658941
914.624755 548.697013 76.898459 89.953786
915.089700 546.709615 76.225268 89.884924
914.957700 545.219009 75.937414 89.520646
914.673540 542.889741 76.250538 89.875890
915.093361 541.585525 75.972812 89.444281
915.021539 539.167716 75.942840 89.942086
914.623502 537.167719 76.139574 89.769619
914.653998 535.444628 76.249259 89.607600
914.898881 533.665638 75.760797 89.901009
914.723498 531.896742 75.919127 89.497702
914.321571 529.843340 76.200829 89.524906
915.141779 528.264948 74.993608 89.474723
914.954056 526.127400 75.302512 89.551290
914.487723 524.357873 75.902532 89.549593
914.881336 523.268954 75.831732 88.840848
914.654911 521.311815 75.800781 89.196193
915.318060 519.222510 75.072194 89.430237
915.102533 517.862307 75.193802 88.759406
915.108654 515.861453 75.293173 88.961282
915.108654 514.045058 75.454019 89.004290
914.954056 512.456553 75.342279 88.649686
915.446830 510.684118 75.035364 88.707900
914.837530 508.868865 75.114342 88.778532
914.913675 507.228221 75.407874 88.481657
914.766612 505.410941 75.314800 89.038478
914.864740 503.953655 75.376644 88.384539
914.962543 502.051019 75.278841 88.368992
915.060033 500.187337 74.742470 88.919161
914.717419 498.868886 75.604131 88.381515
914.864740 496.815449 75.296591 88.782003
915.157208 494.953313 75.004123 88.925906
915.446830 493.182492 74.834626 88.753350
915.085908 491.457358 75.261953 88.512145
915.542740 489.593180 74.498736 88.856240
915.963528 488.368653 74.265221 88.392966
915.610680 486.962622 75.184788 88.168643
916.392775 485.278071 74.594393 87.859723
916.119764 483.421561 74.763888 88.079331
916.576420 481.781744 74.316221 88.292537
915.721237 480.646898 74.809546 87.910880
916.332252 479.188097 74.703496 88.867190
916.184692 478.729919 74.727715 88.318854
916.672069 477.860122 74.419555 88.020135
916.707938 476.014098 74.768751 88.034795
916.949628 474.511784 74.527062 88.677832
916.602637 474.089331 75.012563 88.365250
917.202773 472.864922 74.224601 88.473257
917.379755 471.285986 74.375788 88.500298
917.480444 470.323028 74.451910 88.094511
917.756363 468.511790 74.363707 88.045998
917.949564 467.196254 74.328686 87.958800
918.474415 466.095425 74.002210 87.633615
918.659132 464.431446 73.965397 87.695867
918.984919 462.925150 74.182908 87.655665
919.557235 461.241130 74.046114 87.971098
919.322313 459.835976 74.658399 87.527989
919.515231 458.375685 74.544937 87.438205
920.039325 456.745634 73.941387 87.118907
920.415180 454.802173 74.347368 87.359757
920.659069 453.151322 74.242265 87.719202
920.467092 451.386398 74.434243 88.137392
920.804861 450.274034 74.433892 87.684557
920.949639 449.241133 73.973352 87.178770
921.415162 447.964350 74.069034 87.327809
921.309680 446.742357 74.243429 87.549805
921.754644 445.509981 74.504666 87.816857
921.756375 444.599342 74.363707 87.612891
921.611251 443.955688 74.687954 87.601457
921.804797 443.762823 74.473465 87.080827
922.128996 442.946146 74.394864 87.209538
922.176879 442.310183 74.346982 87.131615
922.462573 441.813840 73.823674 87.226146
922.695009 441.626042 73.976185 86.781121
923.169683 440.734682 73.738391 87.443598
923.033058 440.538188 74.016572 86.926580
923.451751 440.086605 73.879988 86.687712
923.829079 439.654550 73.502660 86.814987
924.017865 439.436675 73.423173 86.510207
923.970426 438.810393 73.588188 86.676010
923.779882 438.698052 73.661156 86.422250
924.017865 438.332546 73.697925 86.677322
924.261178 438.436680 73.481504 86.165814
924.441904 438.289185 73.228140 86.312918
924.536890 437.490024 73.055334 86.709531
924.346623 437.272085 73.557490 86.695733
924.499134 436.679207 73.321722 86.807186
924.103100 436.261852 73.560144 87.266202
924.117474 436.349305 73.352408 86.482416
924.065239 436.158940 73.219368 86.327460
923.865503 435.663885 73.455245 86.886021
924.206867 435.611044 73.038686 86.163258
924.008644 435.558391 73.319051 86.122196
923.913961 435.577019 72.982877 85.534484
924.232039 434.675430 72.596929 86.254136
923.961109 434.082588 72.553596 86.597999
923.481492 434.039171 72.688421 86.122044
923.480626 433.805201 72.536210 86.298023
923.666101 433.632111 72.505898 86.124608
923.145677 433.371614 73.024960 85.758140
923.245209 432.603373 72.616548 86.329306
922.770264 432.125983 72.898464 86.554604
922.725878 431.923792 72.866310 86.217696
922.770264 431.533537 72.476139 86.146612
923.046097 431.588742 71.970821 85.824643
922.663062 431.441023 72.664045 85.395819
922.289778 430.704584 72.727140 85.344814
922.095474 430.311661 72.461423 85.354985
922.048011 430.248422 72.624133 85.239380
922.190185 429.472869 72.674576 85.787147
922.000472 428.718696 72.479702 86.095548
922.092707 428.545379 72.270818 85.584367
921.761579 427.791641 72.412869 86.045202
921.575710 427.371600 72.402837 85.814700
921.519252 426.878597 72.152921 85.901419
920.952876 425.878583 72.642444 86.243661
920.961131 425.545382 72.746082 86.557837
920.865823 425.140988 72.495381 86.310655
920.528243 424.865190 72.565497 86.010601
920.623090 424.328084 72.470650 86.313815
920.670389 423.908727 72.538832 86.309836
920.480695 423.632116 72.574639 85.838301
920.528243 423.441019 72.297062 85.452719
920.237480 423.076868 72.473202 85.582695
920.284631 422.441026 72.119008 85.225616
919.945699 421.947905 72.383743 85.425815
919.945807 421.484103 71.959172 85.239209
919.945807 421.033898 71.806447 85.396820
919.851869 420.712692 72.167908 85.254698
919.710369 420.248422 71.965684 85.699214
919.710369 419.818681 71.927626 85.498142
919.425314 419.712700 71.947032 85.311861
919.699762 419.627020 71.820661 84.773596
919.370706 419.220379 72.041670 85.112194
919.230773 418.712687 71.794408 85.140651
919.325176 418.412333 71.737942 85.213939
919.372275 418.305826 71.652905 84.969868
919.452157 417.963326 71.530245 84.916554
919.544293 417.899223 71.361749 84.515855
919.461102 417.194774 71.792674 84.811642
919.498263 417.134791 71.828983 84.632790
919.590259 416.728633 71.813924 85.025928
919.372275 416.627001 71.880915 84.661308
919.544293 416.731469 71.859890 84.374062
919.366979 416.177619 71.924793 84.702274
919.359722 415.926387 71.584479 84.474218
919.508041 415.557596 71.783730 84.576984
919.319805 414.877423 71.744317 84.778239
919.266977 414.689034 71.715425 84.416488
919.461102 414.323778 71.792674 84.373972
919.319805 414.111843 71.782184 84.190778
919.319805 413.771308 71.593042 84.029535
919.586788 413.109366 71.090610 83.894360
919.362661 412.874509 71.624832 83.827853
919.216375 412.747273 71.536898 83.865859
919.076220 412.365277 71.677053 83.528771
919.262941 411.577778 71.490332 84.203394
919.216375 411.194793 71.385276 83.918961
919.309433 410.492860 71.557822 84.400752
919.272557 410.026891 71.981220 84.331926
919.773332 409.900940 71.170869 84.148049
919.173192 409.662589 72.041153 83.950554
919.414078 408.984348 71.272655 84.262152
919.770183 408.831850 71.363949 84.005483
919.644583 408.280093 71.342910 84.054748
919.906959 408.042842 70.960295 83.850780
919.784511 407.553941 71.052292 84.127126
919.315408 407.171444 71.672086 84.256695
919.319805 406.728626 71.517564 84.016891
919.678635 406.237447 70.998764 83.931447
919.268080 405.874518 71.081781 83.994030
919.564736 405.340492 71.029835 84.087637
919.494634 405.044344 70.918076 83.768736
919.445706 404.723124 70.814976 83.678842
919.630322 404.043756 70.480429 83.861241
919.166506 403.171684 70.906846 84.509387
918.831072 402.789413 71.156480 84.301925
919.178480 402.109374 70.841107 84.953561
918.554845 401.386093 70.607938 85.085330
918.448440 400.938231 70.888873 85.011753
918.262930 400.514750 70.811352 85.353660
918.157254 400.041809 70.755557 85.260816
917.788073 399.728629 70.861056 85.196862
917.414042 399.386100 71.122467 85.254963
917.174010 398.619053 70.786691 85.884720
916.653256 398.841005 71.107162 85.183555
916.452230 398.643176 70.998030 85.054584
916.476325 398.429024 71.082212 84.649733
915.935342 397.723647 71.289073 85.057511
916.203038 397.263127 70.823125 85.183507
915.694991 397.111839 70.766538 84.870804
915.169681 396.813978 70.942081 84.827074
914.648375 396.535321 70.963175 84.754620
913.982343 395.981045 71.129408 85.081889
914.019393 395.643165 70.817954 85.111384
913.225201 394.912224 70.714641 85.785525
913.033859 394.532707 70.478842 85.572818
912.413996 394.257208 70.711539 85.782690
911.940040 394.049122 70.609832 85.684204
911.406028 393.186192 71.271688 85.862796
910.663036 393.369331 71.369613 85.484016
910.277978 392.963324 70.919203 85.597705
909.751504 392.055787 70.984705 86.562587
909.503054 391.990912 70.604888 86.188775
908.561742 391.532716 70.765387 86.431544
907.992643 391.369326 70.777277 86.289902
907.513092 391.326271 70.572211 85.985450
906.704166 390.662193 70.622954 86.418058
906.041021 390.455337 70.709916 86.203900
906.023533 390.498295 70.099037 85.986791
905.601627 390.643161 70.264045 85.454062
905.402200 389.739090 70.559787 86.129312
905.773357 389.920393 70.601265 85.640644
905.727701 389.171130 70.949990 86.156284
906.069484 388.980894 70.766403 86.043654
906.972885 388.920388 70.547524 85.870539
907.890762 389.049121 70.168116 85.340431
909.539465 388.594584 70.170883 85.411847
911.710088 387.723644 70.504518 86.139985
913.582116 387.686650 70.519247 86.135737
916.462080 387.038236 70.740939 86.315185
919.848603 386.894264 70.536967 86.244862
922.951167 386.803390 70.410887 86.147480
925.990954 386.686667 70.822497 85.666771
929.232028 386.730263 70.650097 85.285378
932.633579 386.440952 70.785141 85.235251
935.702746 386.149392 70.627586 85.569155
938.991011 386.496214 70.719827 84.729909
942.434355 386.136362 71.287841 84.610490
945.832419 386.188549 71.082194 84.360859
949.235362 385.653083 71.202923 84.599630
952.750989 385.710052 70.525272 84.500366
955.590386 385.852741 70.638036 83.891229
958.590361 385.180666 70.955362 84.090330
961.590092 385.003543 70.697450 84.319138
963.736999 384.831328 70.483120 84.114531
966.410278 384.411139 70.605674 84.739152
969.047913 384.251799 70.832903 84.369212
971.146701 384.174969 70.448598 84.063793
973.133764 384.094087 71.134150 84.309630
975.624931 383.993581 70.823923 83.963582
977.292708 384.542392 70.929061 83.439470
979.583488 384.094087 70.638321 83.719809
981.872558 383.754187 70.694176 83.892188
983.401962 383.122828 70.722008 84.523546
985.661832 382.426396 70.625654 84.519476
987.549899 382.571864 70.764382 84.383795
989.367759 382.231926 70.613569 84.638971
991.374017 382.060771 70.566293 84.725491
993.337980 382.003550 70.701168 84.151394
994.757039 381.754189 70.937669 84.059710
996.191138 381.345591 70.824699 84.610064
997.455164 381.366906 70.292199 84.212225
997.025937 380.809841 69.937107 84.686429
996.352968 380.640200 70.347718 84.890624
995.315427 380.653071 69.563650 84.854053
994.166580 380.867842 69.540740 84.493581
992.735503 380.991231 69.727631 84.355213
991.454032 380.529648 69.826509 84.524089
990.312274 380.976056 69.931817 83.873510
989.122197 380.995870 69.614388 83.583689
988.023649 380.775562 69.357655 84.011869
986.596942 380.514297 69.316732 84.113224
985.304649 380.436871 70.098415 83.763771
983.930809 380.105743 69.733609 84.366579
982.312240 380.820997 69.749975 83.449740
981.262711 380.757609 69.330442 83.298631
979.975360 380.017327 69.803130 84.258367
978.828722 380.503758 69.197250 83.175587
977.356788 380.073889 69.522434 83.866312
976.164464 379.742936 69.325324 83.926327
974.929385 379.775579 69.235589 83.885682
973.499420 380.388416 69.417805 82.937531
971.928106 379.903933 69.416265 83.494746
970.780829 379.606625 69.680992 84.180823
969.595082 380.064929 69.285940 83.702001
968.215142 379.493561 69.557763 84.125687
966.929393 379.953381 69.271592 83.560941
965.734131 379.775579 69.509173 83.759725
964.357583 379.775579 69.487371 83.927717
963.023642 380.083245 69.611209 83.586018
961.734114 380.026744 69.472826 83.935433
960.452217 380.083245 69.645931 83.795113
958.976502 380.539148 69.876658 83.264875
957.692329 380.095042 69.221385 83.358974
956.022481 380.476763 70.010909 83.280172
954.739895 379.628801 69.605282 83.998732
953.264850 380.247179 70.125151 83.444429
951.976541 380.252236 70.095908 83.542409
950.692283 380.364452 69.580682 83.388379
949.687344 380.467446 69.519629 83.305644
948.262696 380.467446 69.187065 83.305644
946.785887 380.299292 69.378672 83.473797
945.404953 381.132263 70.020394 82.849773
944.119846 381.256659 70.050843 82.354934
942.833376 381.195259 70.090660 82.479321
941.642941 381.097119 69.449835 82.828991
940.309317 381.103177 69.858764 82.867280
939.116670 381.222289 69.880286 82.894973
937.928070 381.222289 69.886748 83.187312
936.499388 381.504726 70.660564 83.058396
935.549187 381.372465 69.759910 83.431547
934.310203 381.580742 70.188146 83.336021
932.976549 381.372465 70.685092 83.657384
932.122133 381.144148 70.377539 84.444727
930.982528 381.635298 70.479963 83.680224
929.689905 382.154543 70.444958 83.511781
928.595086 381.841503 70.865159 84.221426
927.365118 382.337056 70.449738 83.725885
926.122170 382.946268 70.818704 83.493479
925.074448 382.904528 70.718963 84.046962
924.030321 382.933978 70.542279 83.915586
922.884579 383.604129 70.704766 83.698650
921.695160 383.987971 70.598568 83.792132
920.790040 384.645771 70.725271 83.316558
919.641565 385.029673 70.638998 83.297303
918.405328 385.279177 70.813799 83.273697
917.264822 385.362130 71.195406 83.704042
916.362668 385.803157 70.652665 83.400082
915.359576 386.154539 70.766197 83.568635
914.264262 386.437238 70.515926 83.187828
913.026647 386.476315 71.321879 83.611803
912.409914 387.095856 70.753909 83.445228
911.501135 387.320662 70.773059 83.975942
910.216014 387.719294 71.262267 83.821794
909.268160 388.054136 71.268550 83.999634
908.172527 388.420870 70.972782 83.755395
907.362689 388.812106 71.474142 84.065074
906.793803 388.916327 70.832510 84.373612
905.402921 389.169082 70.986236 84.406607
904.508743 389.886942 71.415860 84.052311
903.651639 390.671649 71.160927 83.846731
902.790543 391.095854 71.150750 83.957909
901.742427 391.378959 71.906616 84.369223
901.319740 391.871564 71.404560 84.803833
900.370709 393.414713 71.402806 83.510784
899.408612 394.220903 71.515397 83.263671
898.742612 394.812100 71.668422 83.719345
897.934664 395.420861 71.303516 83.812184
897.220691 396.262509 71.616136 83.448691
896.604083 396.629919 71.283154 84.003188
895.841100 396.803166 71.647128 84.538511
895.035152 397.825169 71.463909 84.081228
893.881364 399.045975 71.819397 83.702220
893.317077 399.713350 71.832244 83.805022
892.651604 400.546384 71.648052 83.857613
891.888238 400.879881 71.524433 84.041614
891.075767 401.796663 71.290986 84.124820
890.124171 402.755028 71.875176 84.050827
889.317034 403.081019 72.020230 84.711096
888.609592 403.478759 71.737256 85.064272
887.993402 404.616277 72.107690 84.405932
887.130245 405.699915 72.055819 84.091014
886.311243 406.248083 71.591507 84.194968
885.888258 407.122827 71.675544 84.436231
884.987427 408.289781 71.887651 83.979963
884.124191 409.164599 72.025118 84.047551
883.505982 410.122816 71.656793 83.802664
883.262890 410.838290 72.024279 83.794820
882.408781 410.913522 72.090236 84.703665
881.464369 412.068383 72.447172 84.707399
880.754088 412.942504 72.804624 84.484711
879.846809 413.436865 73.326404 85.093586
879.375334 414.046721 72.646893 85.347753
878.229226 415.099982 73.289366 85.068218
877.904167 415.805325 72.959400 85.010994
877.131338 416.847491 72.852877 85.261829
876.131367 417.466934 73.310538 85.583621
875.626201 418.542270 73.662540 85.080257
874.846263 418.961847 73.056942 86.081262
874.529785 419.995865 73.177393 86.145130
873.670854 420.718838 72.996097 86.359265
873.107020 421.825525 73.059181 85.783083
872.626224 422.329651 72.926953 86.591295
871.816922 423.825516 73.542525 86.315483
871.200703 424.782853 73.077652 86.537259
870.523991 425.569138 73.449610 86.157119
869.865432 426.311773 73.185121 86.591678
869.200716 427.108113 73.501138 86.491982
868.970419 428.150921 72.808782 86.988174
868.005160 429.364615 73.120018 86.895308
867.395033 429.850606 73.036980 87.773910
866.876412 430.930124 73.128962 87.365929
865.924838 432.110713 73.042046 86.890497
865.103118 433.108119 73.598760 87.394496
864.695022 433.800884 73.858075 87.798842
864.253612 434.691057 73.090362 87.701286
863.633340 435.324742 73.565075 87.971320
863.224729 436.168672 73.393537 87.584421
862.695027 436.821697 73.505306 87.753028
861.968346 437.592861 74.075879 87.620312
861.499326 438.385084 73.885052 87.837191
860.686578 438.728283 73.998849 88.391327
860.218558 439.402648 74.156083 88.680985
859.701497 440.707291 73.817548 88.082327
859.128112 441.579866 74.260109 88.176591
858.610672 442.519587 74.272947 88.117227
858.119731 443.036383 74.293899 88.453659
857.756414 444.270953 74.127225 88.262361
857.366215 445.152980 74.008440 88.516168
856.464223 446.156359 74.695379 88.557658
856.332260 447.359351 74.383316 88.614123
855.995977 448.293959 73.912095 88.833811
855.756408 449.642590 73.774356 88.753102
854.970903 450.686274 74.015324 88.464833
854.513150 451.752409 74.409831 88.555704
854.142154 452.810383 74.354612 88.318078
853.561936 453.461170 74.086186 88.757055
853.239243 454.461173 74.060636 88.712175
852.849117 455.344045 73.864125 88.919110
852.317090 456.810395 74.527228 88.587738
851.750765 458.119754 74.588434 88.153997
851.366198 458.694336 74.635520 88.838977
850.737583 458.898730 74.430483 89.236345
850.381298 459.971352 74.649514 89.208334
850.108665 460.912931 74.614401 90.042002
849.537218 462.162991 74.697769 89.428451
849.350613 462.971357 74.850762 89.983587
848.978963 463.926954 73.902245 89.755235
848.479141 465.428661 74.393829 89.247975
847.887358 466.835714 74.828226 88.840915
847.479147 467.603662 74.948231 88.846824
847.036394 468.487091 75.113102 89.098990
846.766596 469.045147 75.115451 89.727900
846.487725 470.045146 74.668457 89.500948
846.350585 470.560511 74.810735 90.578070
845.623526 471.956461 75.380907 90.094019
845.414455 472.897320 75.429113 90.658077
845.007909 474.205063 75.014295 89.753893
844.783409 474.986087 74.966570 90.702070
844.463182 476.155440 75.139349 91.023626
844.138867 476.846662 75.088455 91.118279
843.654036 478.085970 75.201063 90.786959
843.258044 479.145554 75.198908 90.635432
843.070925 479.846666 75.251693 91.256560
842.693140 480.906647 75.494305 91.473996
842.028369 481.275465 75.850482 91.968568
841.862684 482.672989 75.587583 91.803533
841.771107 483.939023 75.469376 91.583547
841.327667 484.578486 75.912815 91.388094
841.228229 485.031351 75.570594 92.027603
840.763410 486.365933 76.008863 91.796983
840.312811 487.492068 75.737386 91.798368
839.961580 488.065301 76.175157 92.471738
839.735182 489.340525 75.938014 92.056216
839.348365 490.127681 76.239136 92.956858
838.821572 491.224967 76.301270 92.671031
838.585802 492.042120 76.249166 93.230402
838.408642 492.852722 75.600590 92.793988
837.585806 494.588194 76.655524 92.508611
837.358480 495.467437 76.375349 92.946756
837.419404 496.552360 76.516897 93.178478
837.005002 497.231512 76.526635 93.306059
836.995587 498.689406 76.430539 93.041425
836.358495 499.469248 76.741079 93.255152
835.945600 500.216980 77.011816 93.534878
835.928824 501.385594 76.723800 93.429833
835.390304 502.514632 77.321305 93.561950
835.332563 503.319860 76.745630 94.278013
834.920143 504.567493 77.304166 94.077996
834.568160 505.133125 76.835405 94.846413
834.507551 506.050597 76.875497 94.923528
833.903866 507.050599 76.824788 94.779888
833.607039 508.057175 77.313111 94.659727
833.290249 509.547209 77.048117 94.235434
832.802122 510.874892 77.375642 93.961323
832.517541 511.933590 77.541695 94.400029
832.493356 512.674075 77.625155 94.822284
832.183382 514.160723 77.671549 94.309857
832.307671 514.737074 77.281406 95.429005
831.727620 515.742348 77.630891 95.273954
831.671894 517.069972 77.670517 95.341675
831.011663 518.116664 78.081821 95.560558
830.756143 518.893890 77.907043 96.243848
830.245296 520.443749 78.321003 95.635714
830.092300 521.764017 78.140406 95.288832
829.705201 522.836091 77.875064 95.443352
829.520763 523.275619 77.738546 95.931360
829.245277 524.585324 77.779866 95.600904
828.756147 525.592401 77.741317 95.952492
828.448073 526.951958 78.201873 95.973052
828.245259 527.750492 78.029014 96.134987
827.989858 528.638218 78.076728 96.189358
827.886862 530.014420 78.333308 96.105781
827.530617 530.750465 78.563811 96.280446
826.962513 531.940734 78.922893 96.381929
826.660119 532.862288 78.962033 96.595382
826.356503 534.373136 79.003443 96.243300
825.994685 534.473084 78.861625 97.149254
826.102599 535.758722 78.658220 96.992220
825.640635 536.948311 78.742321 96.668120
825.407822 538.090232 78.825778 96.459139
825.459087 539.060835 78.900829 96.981645
824.994655 539.790550 78.945284 97.064673
824.692276 541.124514 78.816335 97.200270
824.433106 542.409532 79.327678 96.379007
824.356490 542.886092 79.130000 97.169731
824.079531 543.694850 79.208075 96.827998
823.537036 543.938198 79.773748 98.356376
823.397414 544.321587 79.978847 98.942820
823.120505 545.810622 80.051161 98.480424
822.837167 546.605414 80.150826 98.298408
822.680750 547.212890 80.008139 98.789949
822.690954 548.360244 79.608796 98.930835
822.241194 549.760117 80.007069 97.957091
822.604564 550.683868 79.430959 98.273740
822.319092 551.885065 80.130797 97.956921
822.397429 552.827987 79.850834 97.925192
821.767855 552.865407 80.055658 99.044014
821.690943 554.464318 80.123866 98.297673
821.365593 555.201552 80.280686 98.551630
821.484690 556.367646 80.200948 98.667064
821.224966 557.416017 80.374712 98.618705
821.277080 558.512613 80.322599 98.453719
821.068112 559.420539 80.617525 98.837235
821.182937 560.051279 80.460615 99.146752
820.976783 561.198002 80.536796 98.932225
821.028454 561.953312 80.571741 99.448705
820.631347 562.807063 80.933107 99.440462
820.598110 563.169438 80.319100 100.009477
820.440969 564.562897 80.476242 99.809657
820.417465 565.415301 80.665297 99.763615
820.283063 566.757537 80.462593 99.476079
820.365651 567.904641 80.630452 99.000919
819.872081 568.198009 81.081367 100.098835
819.934043 569.389776 80.895628 99.795012
820.038826 570.123136 80.964210 100.739128
819.973314 571.168681 80.558559 100.364323
819.828902 571.945650 81.087389 100.445145
819.792422 573.000776 80.909294 100.446177
819.688541 573.408315 81.056765 100.969040
819.604835 574.464769 81.577745 100.974092
819.727554 575.384640 81.110244 100.306499
819.584326 575.995147 81.379405 101.229164
819.257154 577.285214 81.318637 100.201038
819.427358 578.246295 81.230793 100.410099
819.111091 579.168661 81.721496 100.226554
818.951792 579.523192 81.488976 101.009809
819.151680 581.126140 80.989874 100.463657
819.058078 581.059832 80.864092 101.642077
818.763312 582.334957 81.419301 100.768747
818.710589 582.970649 81.384877 100.839157
818.498813 584.119238 81.814782 100.899314
818.540040 585.047391 81.953202 100.282247
818.178544 585.672620 82.004069 100.791456
818.257140 586.781028 81.843750 100.530361
818.309746 587.781041 81.879078 100.322680
818.232138 588.334938 81.602584 100.493251
818.204447 589.563197 82.116516 100.177262
817.963287 589.921072 82.175741 100.474171
817.939659 590.235474 82.249165 101.424215
818.087391 590.850115 82.326509 101.957908
818.049467 592.342959 82.183420 101.110203
818.087391 593.013572 81.753930 101.508501
817.981517 593.848615 82.123445 101.804103
817.981517 595.076595 82.079426 101.577063
817.875291 596.063559 81.790906 101.180674
817.961043 596.699265 82.017027 101.601566
817.608179 597.327535 82.320906 101.764704
817.529186 598.277354 82.674945 101.954608
817.544650 598.992924 82.254727 101.949479
817.687531 599.691611 82.338912 102.040492
817.918177 600.792192 82.543139 101.870048
817.971194 601.842365 82.092121 101.750038
818.087391 602.427870 82.636976 102.084826
818.677355 603.106056 83.021741 102.055917
819.466333 603.904145 82.562568 102.118453
819.811899 604.641247 83.452937 102.583013
820.772984 605.238888 83.063349 102.271852
821.200561 606.005126 83.498568 102.507205
822.014543 606.834409 83.253285 102.465935
822.502459 608.074533 83.721699 101.937156
823.024234 609.524655 84.257604 101.627863
823.802593 609.732947 82.882807 101.461584
823.598245 610.327540 83.756434 102.467536
823.816567 611.339660 83.391565 101.960660
823.932580 611.954646 83.452875 102.067921
823.721617 613.074566 84.187170 101.656738
824.049637 614.024365 83.903902 101.706925
824.049637 615.074538 84.218200 102.007527
823.987798 616.208519 84.779329 101.941651
824.755289 617.458968 84.945895 102.187221
824.546780 619.126742 84.482141 102.952510
823.423850 619.715487 83.887772 102.303326
823.436911 620.806139 83.860583 102.273600
823.272860 623.205359 84.248636 101.942148
823.253804 624.238887 84.583191 102.061443
823.538754 625.308806 84.117820 102.480050
