911.000000 322.000000 89.000000 241.000000
908.581002 319.576745 89.435388 235.293604
908.929768 317.373519 89.060307 228.595131
907.378126 312.087276 91.373779 223.345319
906.780082 307.391941 91.307461 224.935573
906.782104 303.176021 91.173732 223.290634
906.929421 300.658689 93.231570 225.199613
907.578599 297.594558 92.093653 226.967052
907.578599 295.230502 92.241978 228.706274
907.405143 291.818172 92.657404 231.874460
907.982687 290.005630 92.640619 232.811187
908.420060 288.611997 91.709344 234.664318
909.086031 285.715421 92.126520 235.812340
910.952223 282.161277 91.476763 237.399678
911.947229 280.803617 90.508451 234.544371
912.440318 278.688336 91.614627 233.972522
915.527503 274.677360 90.757190 232.562609
918.736533 271.004454 90.108081 228.626808
921.590216 266.700477 87.486528 226.788678
925.266310 263.197007 85.803137 223.042566
926.866560 260.614098 87.274087 220.142264
928.376155 257.114420 85.900613 221.747056
929.761621 254.723394 85.736090 224.524494
929.757423 252.872530 86.943894 225.571210
930.675746 251.212713 86.049810 227.866613
931.080719 250.554493 86.493495 228.980021
931.813832 248.466894 86.287507 230.703218
932.788588 248.086980 86.269496 232.415445
933.958035 244.316474 86.425870 233.393896
936.125544 241.185968 84.849050 233.573624
937.818330 236.911682 84.720732 234.387411
940.010477 233.470156 82.989164 234.610564
941.217134 233.240404 83.440320 233.486605
943.542851 238.966112 81.996394 230.373639
944.155781 248.003593 82.600402 222.156568
945.398431 257.068194 83.122975 220.114140
947.989546 267.678513 81.927469 218.564878
948.406977 278.354262 83.083775 218.145909
947.908827 290.474789 85.481459 219.768553
947.689581 301.719154 88.188567 225.021541
948.330300 311.107906 89.878220 229.880635
949.259291 326.515435 91.926182 227.802382
952.994555 335.322706 89.384420 229.198299
955.863611 348.031066 88.331101 227.798072
958.584700 359.620652 88.942864 228.705970
960.912554 372.639828 91.310644 226.878359
963.135201 383.163959 93.511761 225.345068
965.941186 392.888318 95.589756 224.642318
969.474944 404.596207 95.190688 219.199750
974.419802 408.442216 89.806023 216.184050
978.978725 407.757181 87.299702 216.100842
983.208217 405.979826 86.730989 218.153888
988.981421 404.782462 83.198126 217.496973
993.785294 401.735842 81.127322 220.074642
995.800974 399.274423 81.610824 223.294436
996.352779 397.852076 84.330726 226.219192
999.386531 396.637119 83.653514 226.108926
1000.783742 395.008085 82.998481 226.561243
1003.456154 393.142776 81.217103 226.442767
1005.079694 391.181224 81.498324 228.907779
1007.184053 388.303808 82.506431 226.560129
1008.349534 385.323480 81.728596 228.083940
1010.031590 381.009812 82.137092 228.152680
1011.386540 377.291130 84.310873 226.752772
1011.904253 375.400070 86.360076 218.838657
1014.348249 371.009989 83.962157 214.660384
1017.269153 366.486740 83.676291 212.844511
1018.990649 362.990646 81.931651 212.696621
1018.762169 360.275337 84.471030 213.649874
1020.514089 357.078392 85.519099 217.521976
1021.677988 354.992934 86.420262 219.533043
1023.210909 352.804412 89.298877 220.231362
1025.435383 350.485236 92.079175 221.502976
1028.286021 348.976427 91.300887 219.815232
1030.499983 347.606392 92.224405 220.690754
1033.231627 345.656452 91.576971 219.168094
1034.275716 343.596342 93.122767 219.934383
1034.641300 342.348884 95.077396 216.811314
1038.137876 340.392725 95.132008 210.551996
1041.775834 336.607644 93.367971 207.117571
1045.398937 334.420827 93.164089 207.964102
1050.540933 330.964231 89.198684 210.802396
1057.568776 329.660530 83.391655 212.046763
1062.777950 328.673318 81.314156 215.966448
1067.608948 328.868922 78.737747 216.436185
1069.802877 329.599544 79.055273 220.470796
1072.870649 329.935313 77.001198 221.866117
1074.944483 330.168761 77.150856 223.351587
1076.215656 330.728534 78.852597 224.148247
1078.778818 330.605950 77.227941 223.604686
1082.310450 330.235812 75.589947 225.262967
1083.554187 330.961765 76.189595 224.714633
1084.469453 330.344663 77.274361 226.335540
1086.587498 328.174224 77.301252 225.148470
1087.930361 327.977002 79.310102 217.508246
1088.338787 327.208639 81.154536 213.856367
1086.370806 327.992254 84.487339 210.326178
1084.543448 327.599802 86.638643 208.721315
1079.643983 326.500801 89.506306 212.108736
1075.608625 328.808614 90.148341 214.236801
1070.351174 328.607454 91.240655 217.662327
1064.216525 330.147099 91.268685 218.857766
1061.159383 332.049306 93.308817 219.999509
1057.383662 333.374928 92.858976 220.947591
1051.923479 334.876966 94.104881 222.213483
1047.308803 339.008155 94.011660 219.576117
1042.505306 339.551293 94.523093 221.146417
1038.185816 341.304926 95.222151 220.280968
1034.997811 342.024930 93.302724 219.347220
1033.331888 344.381341 89.245124 210.465116
1030.740404 341.869675 86.493562 214.414069
1028.287488 343.688401 80.036892 212.826551
1021.101355 346.692174 78.792662 210.148819
1013.160436 347.904054 79.896781 215.009613
1003.421421 350.504908 82.595678 217.724028
995.295086 353.196504 81.392681 221.118624
986.321505 356.580885 80.117260 223.487979
978.158329 359.630075 79.727239 225.235016
970.904950 363.292128 80.469640 226.343899
965.546795 365.420478 80.440328 228.015552
961.597271 369.356901 80.020437 228.269680
958.381915 371.554338 78.125736 228.862529
955.340817 374.657701 78.702014 227.406436
952.261834 378.182478 80.055190 225.045117
947.647340 381.336293 83.761046 222.342803
944.904582 382.025322 85.273215 217.734909
942.345265 383.888314 85.230780 215.834135
940.953884 385.231568 85.746186 212.058734
941.364536 386.411243 84.572562 212.798824
941.616323 390.580446 85.567598 212.092343
942.682905 391.771569 85.540869 218.058001
943.052403 394.913446 86.674383 221.620331
943.897606 396.138179 94.506529 227.516024
944.418234 401.194516 92.776951 224.368102
946.994730 406.256248 92.794567 228.275146
948.893996 412.795922 92.597770 223.455976
950.910407 417.384244 92.886741 225.002518
952.522386 422.106882 93.520622 222.325462
954.693671 424.753967 93.526023 223.613625
957.967933 428.905514 91.064281 220.325757
961.044136 432.272637 89.188938 216.525496
966.281302 434.486108 86.074536 214.944058
969.369540 436.613558 84.874728 215.355777
969.723446 439.542858 86.559696 215.142438
970.796356 442.734927 85.599211 216.204781
972.918906 447.659503 84.704401 220.562176
973.309007 451.064086 85.478713 226.237266
972.830269 454.953493 85.643944 229.429780
974.137529 459.298081 85.763191 233.662304
975.272885 463.831614 84.011141 235.766818
976.240702 468.436074 85.950087 238.032277
977.284146 472.881514 83.649969 238.540458
976.118573 477.333383 86.905737 238.428664
976.373139 482.704712 86.912725 237.008384
976.403366 485.294385 88.308420 238.238882
979.008714 489.566140 87.114915 232.603233
978.596527 494.139395 88.497397 228.948694
980.142491 497.919269 88.104937 225.049076
980.542119 502.346534 87.796011 225.227818
981.341768 506.225602 87.091412 222.831357
980.990475 514.002425 88.661861 223.825125
980.131458 522.873449 91.330028 225.923571
979.488989 528.742180 92.367237 232.246913
977.766387 535.741783 94.929540 234.579736
977.440894 544.086996 96.666920 234.282629
977.842975 551.033055 96.775455 236.632577
978.880400 557.694921 95.138169 237.085422
980.032817 563.958812 95.598533 234.682048
980.510646 569.329660 97.497607 232.591572
982.599272 572.224639 97.253570 232.073311
985.323629 575.284732 95.651555 229.521310
986.528791 576.808965 95.115854 225.251718
989.463814 577.497106 93.570922 221.194000
994.380977 576.632211 89.364005 219.571625
998.151633 575.472099 86.961761 220.632984
1001.082335 573.985281 85.868272 221.679978
1002.498717 574.513713 86.652692 225.084880
1003.377320 573.598904 86.805278 227.236836
1003.752919 571.921148 87.379923 230.951488
1004.316588 571.641622 88.339941 232.707771
1006.236291 570.779952 87.800285 233.781481
1006.785557 569.971977 86.482742 234.274994
1007.142118 568.204037 85.773666 235.307116
1008.673268 564.955414 85.667840 237.238380
1008.971715 562.533469 85.434068 237.653162
1008.750586 559.950727 85.827707 236.769457
1009.206403 557.221620 85.461660 232.925688
1009.190637 555.473027 85.802454 230.840019
1008.910987 553.532396 87.515843 224.922425
1008.131421 550.103690 88.823057 223.164919
1007.591014 547.446932 90.796128 220.364041
1006.988276 545.375260 91.186374 220.829958
1007.928057 543.939561 91.313718 222.812525
1006.763699 543.451778 92.503432 223.925423
1006.347095 542.207941 95.839982 225.748688
1007.891452 540.807104 96.532736 227.486257
1008.623836 539.645028 95.511852 227.835591
1008.268088 539.117475 95.936478 227.672936
1007.416850 538.559225 96.196981 226.014254
1007.469891 537.158382 95.942232 228.106909
1005.149979 536.832938 98.292102 226.395176
1007.003608 535.243235 96.195195 222.952873
1009.580712 532.888632 93.237931 220.303854
1015.776304 529.414837 86.490813 218.161835
1015.996253 526.249821 87.268823 216.451827
1016.925137 523.003245 85.022469 218.149625
1017.330122 519.997328 83.518029 221.020242
1017.056480 519.094736 84.031196 222.554466
1015.766012 517.427273 84.683778 228.226421
1015.784361 517.000996 85.444739 229.502436
1016.706223 515.391936 83.548221 230.507478
1016.298398 514.523597 83.492359 231.349051
1015.074763 513.917756 85.033796 231.432635
1013.926125 511.653773 82.415951 231.376128
1011.330305 511.209143 82.311403 228.723605
1008.738870 509.288197 84.133583 231.194442
1007.064688 506.204715 82.854060 229.603646
1004.486366 503.984179 84.437082 226.266432
1001.971069 500.576922 85.575116 222.415466
1000.280657 497.750318 83.277753 216.292263
998.138362 496.010888 84.483868 212.679374
996.443812 492.373250 85.091682 212.285267
995.018602 488.688071 85.096723 216.265112
994.146294 485.815448 83.217240 221.546009
993.530572 484.172706 83.273009 222.381712
992.124620 482.647697 83.297874 224.668414
990.362210 481.591758 83.681901 225.070810
988.746724 481.232564 84.605487 225.198435
988.669974 481.098126 84.031074 224.386750
988.764165 479.299288 84.446070 224.423137
986.920458 477.379192 85.859393 224.124162
986.751120 474.929411 86.589646 224.332676
985.298184 472.558044 87.430102 222.873925
984.063776 469.243742 86.023501 218.423595
983.123867 466.095556 84.165646 213.943373
981.296684 462.244826 85.484948 213.006847
981.220553 458.317698 84.773183 215.072306
981.090386 454.795369 84.508721 218.264235
980.437385 452.444846 83.218851 221.294441
980.019472 451.088595 82.950225 224.077437
980.243683 450.277073 81.542091 225.406243
979.811259 449.026997 80.510095 226.274492
977.850001 447.556459 80.102731 227.249012
976.034752 446.632482 79.935063 227.655800
974.676185 444.443485 80.812474 227.837642
973.327297 444.611220 81.098404 227.035554
971.358479 441.100659 82.201271 227.044980
969.131495 438.083964 82.441415 226.519070
967.131497 434.201647 84.447026 225.418044
966.539163 433.553982 81.787805 219.290002
964.615141 430.733722 84.088850 215.500003
963.001162 428.250641 85.510704 213.774920
961.369464 426.586084 87.554026 214.247744
960.312903 425.445874 88.323527 217.315664
958.003086 424.630805 89.878529 219.590816
956.123686 424.479941 90.095689 220.781621
955.212321 424.748371 90.270533 221.854136
954.137967 425.316732 90.618100 221.435360
953.563276 424.935907 91.638240 221.214060
953.859610 424.257348 90.581109 221.068674
954.345678 423.614466 89.838426 221.760925
954.152166 422.850064 89.919752 219.140003
952.836304 420.476148 90.599460 221.330868
952.236596 419.553724 90.407096 217.732442
954.356704 417.456832 87.051418 211.639257
956.317851 415.639078 84.210836 210.756143
957.618947 414.261490 82.275029 210.300103
957.388073 413.523648 81.630466 213.595930
956.219858 412.155974 82.020995 217.458952
954.329956 412.660532 83.209660 221.539171
952.065862 412.781340 84.209631 222.768548
950.203362 414.496936 84.030136 223.804061
948.723219 415.833164 82.872833 223.116431
946.679365 417.101184 81.818482 224.334088
943.899197 417.188945 81.420021 223.526254
939.270363 416.780722 83.610000 223.884368
935.736125 416.599874 82.705872 224.062703
932.219767 413.790127 82.203939 225.689392
929.391547 412.123653 81.997892 223.823382
927.445814 409.145816 79.701200 223.113452
924.440685 407.122994 80.514607 216.556070
921.330581 405.681957 81.265972 213.150854
918.766778 404.153022 81.832365 212.188948
915.367271 402.837067 82.138163 214.015654
911.735801 402.456088 83.067017 215.677253
908.501988 400.921464 82.404910 217.749267
906.044359 400.547704 83.559320 219.840832
902.932022 399.601297 85.432875 220.205627
901.123501 399.404148 83.618572 221.511086
899.397382 398.487825 83.192614 222.345213
898.124584 396.712291 82.672523 222.137550
897.138399 395.249826 82.404709 221.216591
897.248090 392.136169 81.535549 222.488021
897.615693 389.212528 81.589304 223.091502
896.020023 387.072485 84.234281 218.725031
894.892742 384.066718 85.171651 211.070166
894.572870 381.491426 86.855467 210.539132
895.935618 378.483498 86.429463 210.848436
897.147640 376.609187 85.786129 212.896843
899.700424 375.861151 84.860571 215.809568
901.714866 375.657401 84.977471 217.526903
903.768739 375.638495 84.475569 220.472242
904.309011 375.463738 84.656136 222.086152
906.297709 374.975168 83.109832 224.313108
907.731870 375.292639 81.352099 225.389691
908.452640 374.884726 81.091522 225.215515
910.831610 374.879954 78.934282 225.442231
911.515638 375.003291 78.874533 224.277429
911.440378 373.980683 79.867759 224.333130
911.331130 371.898270 81.654142 222.718386
911.710503 370.626468 81.889668 216.212186
910.788732 369.813637 85.529478 211.801312
909.641395 368.387641 88.153855 208.213712
909.064767 367.116133 88.472678 210.711701
908.383713 366.774999 89.467998 214.063903
909.748122 364.352443 89.489022 219.334522
912.221015 365.433535 87.092667 221.870896
912.801596 366.459234 86.728717 221.746808
914.220120 366.304841 86.809269 225.565871
914.726218 367.706743 87.805257 224.882509
917.504323 368.016534 86.049229 225.777033
920.076590 368.761434 85.332325 223.538666
922.817757 370.156444 84.492565 223.768570
923.740216 370.235114 85.329276 222.687487
926.597377 369.050403 84.233035 221.981906
928.623092 368.886910 83.368045 212.491709
930.149515 367.249743 83.589131 212.461412
930.043635 367.165967 85.484718 209.977252
932.800284 366.210484 83.154324 213.073164
932.523975 366.777722 85.112734 213.774050
935.150593 366.230259 82.734628 215.051250
935.708742 366.370273 83.246538 218.170521
936.312508 366.605675 83.428042 220.146539
935.539835 368.107690 85.377207 222.194437
933.924188 368.665402 86.256186 223.307462
932.589022 369.172886 86.112058 224.436559
931.680231 368.979659 87.022589 222.738255
931.769851 368.727783 85.826553 224.347071
931.539150 368.274915 84.338845 223.365216
929.612840 366.902909 85.288159 224.558930
927.636537 365.400053 85.355021 221.654139
926.092316 364.975174 87.004315 212.597566
923.310251 362.829570 87.336304 212.766348
920.937714 360.520770 88.553008 213.802097
919.189058 359.976337 88.585862 215.478331
918.210008 358.822151 88.278100 218.556421
917.254123 358.496023 88.005781 221.367539
915.285142 358.552913 89.927905 224.872436
915.055015 361.275703 89.102101 222.203206
915.157937 361.899726 89.007261 224.345064
915.672396 363.947999 89.680118 224.519444
917.285990 365.746839 88.525652 221.414185
920.534364 365.263982 86.599292 224.013502
922.134340 365.583701 87.007287 224.579741
924.145074 365.297875 86.039006 219.429452
927.266958 365.311215 85.037211 215.412035
932.007143 366.037368 82.441519 214.035166
934.744724 366.412229 82.109314 212.982255
938.170480 367.717989 80.779831 213.533248
941.368733 368.742894 80.290759 217.261633
945.652396 371.971928 79.055000 217.090306
948.784744 372.743709 79.524005 223.220988
951.608607 375.393672 80.280307 223.859307
955.193006 377.600061 79.512480 224.910842
959.154277 378.165438 79.779885 227.648590
963.184121 380.445965 79.852372 228.308101
966.511124 381.838850 79.997779 229.399340
969.491905 383.238145 80.596486 230.692065
972.520907 381.970296 81.743381 229.747852
975.734739 384.892323 83.319568 225.977054
978.276354 386.867933 84.370906 218.442649
981.629906 385.904853 84.585618 216.605193
985.134700 386.347755 85.912411 211.888871
990.323968 385.222966 84.462002 215.181276
995.145018 387.209857 82.281937 216.483572
999.128602 389.766662 82.369344 219.445111
1003.247658 390.850408 82.928552 223.102557
1006.249283 392.932286 85.221400 225.544159
1010.404164 395.350568 84.873828 227.613534
1013.783716 397.247070 86.140334 229.472790
1019.209617 400.708705 85.518574 229.305240
1022.342451 403.773606 87.585737 227.883251
1028.652228 405.091532 85.665456 228.109692
1032.467032 407.578776 88.187183 227.022277
1039.178075 408.710344 86.993566 225.536679
1043.021868 409.644263 87.834175 222.383589
1049.503756 410.194330 86.099908 218.661869
1054.706768 410.292113 86.035364 216.213328
1059.816527 410.285305 86.136331 217.849298
1064.682899 411.099689 84.373328 220.481482
1070.139118 411.765715 82.834424 223.194253
1073.680763 412.873464 83.762545 226.397854
1078.506500 413.969670 82.968317 230.660216
1081.394529 416.964728 84.871704 232.451861
1086.072634 420.441156 83.631748 234.077336
1087.701728 424.518804 86.252363 234.534358
1091.417142 425.546919 85.145034 231.815515
1092.006292 427.974181 86.420515 232.103536
1094.467625 428.197466 85.617653 230.545098
1095.572926 428.847248 85.869588 229.313891
1097.779428 429.368763 86.951325 225.469867
1100.709618 430.477149 86.701360 216.540330
1102.264521 429.432348 88.363167 214.884135
1102.748135 429.445884 91.138011 215.003556
1104.437460 426.799096 92.986868 220.898973
1106.519764 429.069457 93.021465 221.123126
1109.301444 430.426332 94.535031 224.407991
1113.512614 431.274614 95.449449 229.285476
1117.176147 435.318954 93.617189 226.959830
1122.713123 437.340118 96.102202 230.814282
1127.442584 440.567030 97.656115 230.177918
1133.198141 442.527084 97.688843 230.197070
1138.360227 443.200321 96.333784 232.587627
1145.173785 444.771456 96.516309 229.775417
1154.432426 446.771121 90.142264 228.337372
1161.461805 446.148160 88.832609 224.290379
1168.722245 446.490478 86.951660 221.136533
1173.435304 446.076469 86.502668 219.459107
1175.534947 445.252771 89.562166 221.862836
1178.752904 446.653470 88.251438 222.570533
1179.656762 447.728261 88.171002 223.730127
1179.597492 449.524754 89.105095 226.570016
1178.127937 451.479075 90.956675 229.429962
1175.511828 456.753242 91.317614 232.040118
1171.086368 458.401887 91.957884 234.011028
1165.460292 460.881527 92.495092 234.743464
1160.222570 462.137607 93.161356 234.823194
1154.643137 463.937184 92.370386 234.598952
1147.921323 464.134281 91.610711 233.597405
1139.984870 464.735581 95.644653 233.329303
1133.072534 465.264301 96.523091 229.610909
1126.167360 465.204940 97.268117 224.743349
1118.499608 466.777506 101.201962 218.815810
1112.886032 466.603128 99.643130 216.419138
1106.702853 467.197154 99.844723 218.761713
1100.814249 466.942534 99.339629 221.702991
1094.421248 469.010999 101.280700 223.775508
1090.272344 469.353090 101.589116 227.868249
1086.843139 471.385338 100.402832 229.098765
1083.237256 473.748150 100.728405 231.297641
1079.683267 477.265987 101.354956 231.760377
1078.512174 478.439129 99.506393 232.576913
1076.091347 480.470021 99.542919 232.511369
1074.495496 480.726320 97.481438 235.436332
1072.089690 480.682849 96.989090 233.315383
1069.520270 480.871849 97.295323 231.807466
1064.909175 481.938350 100.293360 225.717108
1059.458387 484.989783 101.960760 220.467824
1056.945941 484.104259 99.127017 223.409876
1051.876906 485.699028 99.166767 223.566267
1049.756417 485.951146 97.201442 226.352179
1047.005639 487.987761 96.978359 229.407662
1043.643950 490.413191 96.609886 231.829003
1041.568333 493.569482 95.853065 233.732796
1038.724500 495.973097 95.252162 236.786392
1035.977263 499.828490 95.270151 237.017630
1033.678506 502.124970 94.676947 237.968291
1031.334910 505.124971 93.791819 238.406210
1028.387323 507.681996 95.303201 236.555112
1026.419731 508.360598 95.521604 235.585050
1024.454557 508.635363 94.075687 234.989612
1024.013408 510.542507 92.728302 229.527298
1023.455855 510.600726 90.168269 228.091051
1023.485754 514.634133 91.598842 222.743067
1023.820132 517.176332 91.479179 222.835279
1024.723439 519.726866 90.028609 226.389754
1026.350409 520.816056 88.640418 229.733256
1027.787809 522.870893 88.946419 235.906672
1029.197243 525.333043 88.697168 240.000040
1031.302850 528.782200 89.401904 242.979887
1033.243540 532.957549 88.266534 242.532566
1035.671673 535.290768 88.555906 245.351921
1038.294822 540.812930 86.887326 242.633100
1041.052414 544.703803 86.636784 236.556701
1043.608830 546.735733 86.810358 239.301981
1044.694549 549.360264 89.520235 236.335254
1047.867268 549.850018 89.513905 232.685949
1049.598777 551.207072 90.192169 230.773882
1050.724187 551.850356 90.334879 227.398911
1051.847874 554.090566 90.663148 226.799746
1052.151215 556.929136 91.128450 227.734387
1051.578583 560.490214 92.241978 230.190023
1051.455855 563.084108 92.198345 233.775460
1053.111435 566.303590 90.155210 236.497494
1051.111680 569.528304 91.738580 239.936179
1049.390264 575.221561 92.916849 240.380476
1049.766594 577.844599 90.540464 241.141571
1048.103854 580.876993 92.483152 243.815118
1048.508717 582.797116 91.128748 243.087172
1047.961004 585.021367 90.428775 245.448358
1046.959965 588.476040 89.016479 239.332358
1043.248248 590.336165 91.778574 236.882277
1041.941397 592.302188 89.298392 234.314113
1041.869145 594.881502 90.890112 225.649345
1040.974342 595.983889 90.685226 222.955236
1041.054805 597.800421 88.741953 223.631569
1040.721453 599.620437 89.598902 229.777285
1040.343566 602.122696 89.595947 232.451011
1040.950468 604.121841 89.408956 236.340620
1041.265424 607.793713 88.965087 236.846894
1044.269753 610.927472 87.194795 238.694503
1046.751189 613.014482 86.138864 240.826228
1047.977657 615.892163 88.091445 242.131854
1050.481706 618.377589 89.315999 242.356121
1055.356270 619.696648 87.612706 242.355167
1059.739421 622.570216 87.417651 243.577926
1063.294364 624.262000 88.462462 241.769972
1066.234420 626.317968 90.220853 232.590741
1071.830537 628.393791 89.749398 229.326392
1074.961578 628.259753 92.087943 227.677024
1080.631590 631.230430 91.983028 223.870802
1084.018400 632.946554 92.553498 226.768445
1088.478032 633.985635 91.662885 232.277173
1093.911017 637.678186 90.824655 233.492190
1097.264488 640.822459 92.617208 239.465664
1098.170677 644.092733 96.560514 241.896862
1101.305560 647.033248 95.480938 246.107569
1105.297766 650.067424 95.109302 248.418103
1110.525692 653.204251 93.071283 248.273694
1114.886418 657.944384 92.036808 242.880724
1121.032236 660.933087 88.615494 244.155794
1124.005099 663.231593 88.151924 240.570412
1125.218738 666.053856 90.911377 234.172950
1127.925049 666.840406 89.834878 226.109138
1129.589487 666.740013 90.306225 225.395667
1130.926128 667.045574 91.229690 225.090106
1131.890497 668.044752 89.861555 226.557512
1131.440171 667.639035 92.263117 230.807787
1130.343828 669.060097 94.241334 233.105164
1130.438092 669.951174 95.264291 238.561320
1128.988372 672.004286 96.550090 240.085677
1128.798270 673.095004 98.996816 243.461584
1128.555877 674.873686 99.514117 245.580853
1129.314884 677.100024 100.169099 243.712677
1130.334543 678.224337 100.388507 243.096949
1131.704537 679.449097 100.298216 241.430576
1132.765267 680.312807 102.163075 241.692386
1135.439474 683.500513 101.117716 233.820480
1138.295481 682.884305 100.437317 231.718638
1138.922055 682.728369 102.484130 228.159891
1141.274777 683.614412 100.301426 228.548170
1140.766475 686.087996 101.375782 229.337944
1139.477708 689.135539 102.725081 230.421107
1138.048631 690.900002 104.666867 235.240321
1137.355754 693.811993 104.091639 236.938998
1136.621448 696.266699 103.047665 242.188943
1136.664334 698.766478 101.716090 242.430063
1137.339314 703.344989 99.129965 245.580485
1137.066071 705.275505 99.171174 242.172904
1137.081072 707.820780 99.469041 243.371555
1137.601221 708.987614 96.862467 243.109897
1137.418473 712.303701 95.603305 241.769520
1138.090382 711.279545 94.898824 238.953727
1137.607162 712.010112 95.144184 237.724506
1138.628155 715.491842 92.807805 228.382434
1139.199434 715.520292 90.932008 224.080248
1137.895850 715.291106 90.865702 224.732622
1137.094372 715.937554 90.854777 228.722256
1134.918093 716.321013 91.149722 234.221359
1133.828017 717.990021 89.887942 236.803454
1131.639425 720.308264 89.838313 240.138189
1129.462649 722.004564 91.275696 240.610393
1127.509622 723.904140 92.751085 245.152249
1128.741566 727.074693 91.154111 243.196213
1127.367793 729.489180 92.457311 246.724341
1128.273485 730.479072 91.993941 247.173503
1128.804769 732.460235 91.468657 247.352320
1128.096229 732.845422 92.551388 247.876229
1126.880239 736.218682 95.712417 243.345832
1124.622615 737.112565 97.597520 238.872095
1122.325796 738.917635 99.942679 230.044053
1121.595545 738.957353 100.044433 233.229175
1119.759196 739.300850 101.472783 231.036405
1120.651291 742.717942 101.991399 229.831063
1119.202318 744.931373 103.654075 232.275399
1119.505849 746.595546 103.296162 234.071028
1119.693089 747.997733 104.285954 238.058228
1120.441716 749.658661 104.546237 242.947329
1121.181851 753.119091 104.245935 243.911151
1123.018642 756.153495 103.377018 245.317307
1125.744359 759.175201 102.228206 247.353486
1130.370876 761.649995 97.977760 246.270942
1136.393920 760.917395 93.517586 248.041480
1139.962721 762.468846 91.476529 249.089546
1144.537018 763.803208 90.290838 245.726251
1148.872063 764.804017 90.849050 243.763875
1152.445726 765.793425 92.670205 235.331313
1160.284668 767.003255 89.571573 226.429090
1166.205075 766.522039 89.555202 228.893742
1172.103866 767.333288 89.000728 231.584425
1176.736539 767.827280 89.591327 235.082158
1182.743011 766.972122 88.536542 237.938668
1187.010839 769.239636 91.109549 242.313802
1192.087692 769.802208 91.297996 246.892842
1196.778982 771.691275 91.367331 249.100397
1202.739280 774.090185 90.833980 250.451902
1207.752146 776.093677 92.225238 251.933948
1213.431412 779.289130 93.841758 250.557349
1219.354642 780.471805 95.411803 249.245103
1224.518963 782.645652 97.487630 249.573865
1231.842618 782.778662 95.475777 249.705801
1238.826557 783.084948 94.835045 247.890539
1246.052183 783.392038 96.230845 238.060095
1253.367308 782.020576 94.164456 234.721595
1259.938615 781.893254 94.616193 231.543726
1267.122285 780.562382 92.882252 230.384340
1272.051495 778.970681 95.788841 236.727861
1279.081862 779.425677 93.489682 238.264345
1284.742156 780.514839 95.725298 242.459748
1289.905802 782.385557 94.755491 240.886639
1296.131856 782.342005 96.391294 247.711963
1300.937298 785.177281 95.804627 249.540091
1305.991828 785.619410 97.909376 250.579284
1311.444398 786.983517 96.193771 250.039781
1317.620573 787.674227 92.791233 248.694615
1322.889260 787.880455 92.743718 248.942037
1327.110522 789.389430 92.793930 238.733381
1331.130244 787.103341 94.549921 243.475174
1335.361093 789.034376 95.440889 234.361785
1341.164887 786.613497 96.303492 231.951796
1345.921802 786.004829 97.696865 229.447547
1349.965491 784.688639 100.005172 232.815775
1356.089141 784.167513 101.363436 237.462036
1361.277810 785.676778 101.728658 240.053375
1367.285100 785.841431 103.312838 243.605372
1375.119277 786.357493 103.056407 246.651858
1380.639071 790.032521 103.312871 247.199938
1387.611118 788.411855 104.077627 250.317774
1394.490462 788.256447 104.471005 251.403968
1401.627286 788.844788 107.741476 252.621708
1409.775011 789.946937 103.848220 252.853461
1418.558498 790.589136 107.315609 248.227461
1426.029386 791.172986 101.422130 248.983628
1433.200972 792.812098 103.207080 240.864150
1439.087009 792.708003 104.437509 239.152498
1443.072898 793.117070 105.413366 232.819665
1445.654273 793.446225 108.526799 232.406283
1448.253380 792.476728 110.307930 238.625090
1450.383369 793.081712 113.974666 239.657158
1454.781374 795.537405 114.870080 240.701049
1458.959274 796.692607 111.079726 243.711522
1462.469502 798.146097 107.842003 245.293218
1466.355400 798.040546 109.101710 248.823931
1470.522670 800.326426 105.596853 247.465465
1473.925969 798.559122 103.129771 249.495349
1479.724089 797.848110 96.838116 250.924907
1483.057940 798.341316 94.885280 246.578516
1486.517419 795.953874 93.301527 246.439461
1489.896194 794.007113 92.152561 241.506286
1491.510564 791.536188 94.250322 237.499379
1491.057103 790.226872 97.468304 232.595329
1491.575578 788.866713 102.912256 236.160383
1493.002649 786.663912 100.823421 240.304406
1493.902645 787.307513 104.800976 239.783715
1496.693406 785.094260 103.796331 244.537461
1498.053328 783.965961 104.050261 248.521432
1501.369051 783.350819 103.065372 248.520910
1504.507599 783.439168 101.238038 251.645296
1507.418074 783.319535 102.292113 250.114849
1510.244961 784.117553 100.182928 248.659634
1511.984849 783.351774 100.148660 250.703630
1512.027346 784.229600 102.567591 247.152364
1513.598884 782.464194 102.078123 247.897231
1515.845227 782.742713 103.738666 239.575942
1520.009636 781.272448 101.384782 235.173656
1522.701780 779.238202 99.028697 232.854553
1526.123384 775.755939 97.574906 232.423643
1526.378809 778.106347 100.119690 227.796359
1528.039284 777.341715 99.941862 234.492253
1528.413576 777.436584 101.965060 234.979681
1529.104820 778.954704 101.894832 237.996859
1529.954950 778.863143 102.209648 242.069832
1528.852932 781.348530 103.230000 241.968287
1528.656613 783.967869 101.851531 242.195121
1528.734945 784.617853 101.173467 244.760111
1529.401173 786.751992 99.826656 243.020914
1529.183468 786.312556 98.468566 243.390268
1526.998059 785.721200 98.539457 240.354752
1525.073462 784.606457 96.603325 238.667119
1520.464040 784.308116 100.139153 232.118477
1517.448682 782.567703 97.016301 226.091697
1514.352044 780.932434 96.374770 226.237864
1510.756404 780.029167 96.742956 229.593378
1505.545240 780.382394 98.598353 232.699618
1501.822557 780.855841 99.429554 235.677372
1497.518926 780.076967 99.952193 238.255399
1494.491736 780.436639 100.466820 244.643384
1490.631032 782.660958 100.736246 244.727914
1486.320291 783.884206 101.977205 248.932177
1482.995555 786.892320 102.558165 248.248751
1482.026839 790.264485 99.634710 244.090912
1481.411004 790.474248 98.924815 245.031622
1480.371382 789.046254 97.703044 248.927809
1480.695684 789.673746 96.103914 248.362275
1482.080798 791.540963 96.799764 242.721251
1481.786464 790.607686 94.437030 238.035633
1479.427141 789.154106 97.966437 235.127353
1474.842606 788.367396 101.004829 231.896652
1470.724617 786.928899 108.710499 229.454222
1471.793606 788.888740 101.218292 227.963235
1465.963414 789.200241 106.101029 230.542388
1467.579828 789.148671 105.434163 234.163120
1463.189752 791.372863 105.657564 237.811926
1458.500203 794.032064 109.484019 238.628883
1451.265026 797.086918 116.448461 237.422159
1448.229389 798.913650 117.008979 241.016216
1449.215165 799.902406 112.988763 242.032666
1446.758384 801.882189 113.315008 242.567374
1446.649243 803.628086 108.514055 237.765818
1447.077014 803.434838 108.189178 240.074886
1448.902222 801.571794 103.379098 237.891349
1449.756367 799.102243 100.526201 237.246232
1449.777913 796.063424 96.776110 229.182696
1449.806055 796.130938 95.659463 225.126345
1448.224983 791.862856 94.450078 229.033436
1448.503737 791.610854 92.815645 229.101110
1447.399245 790.973467 95.660582 232.809112
1446.749990 791.211168 97.208149 233.713275
1446.759961 791.375454 97.858446 236.699933
1446.045561 790.440109 98.634443 241.517767
1447.274464 789.639114 98.905441 245.278547
1446.962775 789.467972 100.044492 246.372616
1446.975935 790.091037 100.356655 247.265438
1447.456933 790.080431 100.566467 246.160956
1448.648733 790.838557 97.784145 244.941102
1450.305744 789.765742 97.445666 245.581706
1450.847023 788.260126 97.376390 245.340009
1450.354689 786.476093 98.543905 244.383678
1448.733408 785.980547 100.007929 241.737406
1445.811176 785.515973 101.077052 236.241893
1442.832049 785.220920 101.158170 230.838930
1442.585031 785.457730 101.771675 228.492852
1441.125065 784.297774 101.601060 227.621861
1441.414061 783.926071 101.305486 233.735082
1440.488752 783.883541 102.404496 236.206652
1439.678928 785.818116 102.743522 236.463252
1438.698095 787.441121 103.804692 238.283884
1436.180262 786.817914 104.885470 238.410856
1437.077867 787.450549 103.037528 237.674996
1437.022696 787.226634 101.060549 236.260464
1435.545580 787.484964 99.774202 236.261056
1432.806724 786.219893 102.295964 236.774475
1430.635679 785.616691 100.194094 223.338723
1425.898628 784.708822 101.129101 223.212077
1421.408466 782.766813 105.360188 225.691589
1418.902597 778.100108 105.257603 232.601622
1417.342224 776.858322 104.429664 233.566148
1414.762112 775.743695 104.716420 236.696202
1413.739548 775.584617 104.433552 238.439512
1412.426248 775.395166 105.685972 240.173142
1412.486917 777.310002 104.480151 241.136298
1411.877685 776.194799 104.709731 244.292707
1411.103729 777.675800 104.941830 245.556567
1411.026840 778.677651 103.901782 246.536125
1409.766627 779.153610 104.346033 246.267302
1408.690366 783.958596 104.886576 243.280378
1409.671348 780.293094 101.310013 247.951127
1409.540936 781.362383 101.943710 245.908009
1409.880026 781.412878 100.370982 240.537502
1406.520254 780.453667 103.726573 234.020285
1406.083551 780.660072 101.985511 227.296136
1403.727227 780.301439 102.639801 224.368820
1402.412755 778.705010 102.751421 226.479501
1400.969558 780.214966 103.874063 223.532923
1400.951378 779.961673 102.780286 227.068934
1401.316051 779.873498 100.692166 231.265361
1400.724255 779.373486 100.481394 234.099836
1401.089294 780.714265 100.901439 235.848597
1401.703438 780.613566 98.565055 239.338936
1401.088856 781.482444 100.382614 241.017189
1405.084594 782.176289 97.153971 242.125591
1405.174001 783.166771 98.419425 242.231037
1404.327114 783.901084 99.399481 242.495553
1404.382876 783.458108 99.423454 242.874274
1404.555880 782.715868 98.509147 244.621121
1403.734956 782.139712 97.979711 242.109899
1403.663979 781.601481 97.748666 234.610140
1404.291744 779.950633 97.978911 235.295191
1406.126617 779.183422 100.760411 233.044704
1407.991031 778.285432 101.190969 233.961797
1410.272191 777.516071 100.501500 232.114995
1411.824868 777.969166 101.837460 236.349627
1415.519992 779.508040 101.916301 235.579243
1419.336803 779.938728 100.997264 239.120537
1424.531189 782.178030 99.441430 239.544385
1432.063623 784.217994 97.611636 236.744698
1437.604829 786.631129 96.926938 230.849425
1441.673425 789.117705 97.820866 231.810028
1448.313218 790.657752 92.735680 230.729432
1452.411688 792.774325 93.483188 227.833169
1460.592589 792.499422 88.253698 226.505452
1462.324210 790.618338 91.487296 227.978209
1465.730667 792.047642 91.082689 229.955783
1470.108070 794.127431 91.403415 231.889708
1474.079430 795.367012 91.590722 232.879252
1477.151679 796.530640 91.823838 237.088428
1480.134274 798.731654 90.756431 238.310257
1484.163711 800.007697 88.348544 239.324430
1487.280778 801.094822 87.398554 245.393990
1489.966671 802.975832 88.548018 245.056480
1491.610412 802.548573 90.891279 246.545363
1494.305650 803.309971 90.805524 248.102463
1495.472115 804.282762 92.903886 248.046719
1498.081768 804.894057 92.458984 247.378977
1498.018796 805.287659 94.990229 247.940140
1497.933153 806.172935 96.219854 248.005627
1499.560123 807.091215 94.967783 246.075573
1501.219675 806.755096 93.943973 237.432398
1499.790526 807.610048 92.739755 230.239407
1498.987146 805.294450 93.663753 230.316293
1498.349124 805.911279 93.212903 228.791176
1496.305854 806.582132 96.058878 230.189213
1494.536422 806.118012 94.722214 233.653822
1491.187427 807.051600 95.661833 235.956042
1487.721256 807.689354 96.125972 238.174228
1483.542999 808.346702 96.278135 238.779335
1478.668193 808.669288 98.218069 242.753601
1473.969086 809.354495 96.794639 244.144877
1469.098924 809.721674 95.488194 244.443382
1462.867348 810.419333 95.089815 243.851570
1456.244865 809.737978 94.873760 242.818271
1449.594592 809.239974 93.559339 241.128829
1441.586154 807.055640 93.470826 234.096555
1431.453344 804.159937 95.461933 238.249898
1420.735368 804.389651 96.316063 237.387056
1407.343093 803.161819 99.807317 231.331513
1398.271865 799.967029 100.064217 231.175826
1385.014510 798.598846 102.033598 228.144233
1375.972986 795.274564 101.542475 229.562942
1363.547520 793.218088 105.536056 230.859417
1354.391198 793.101964 104.109328 229.237164
1344.268592 790.682708 104.857513 233.294671
1335.290143 789.899528 109.359309 236.626275
1326.658579 787.833179 113.405941 242.463440
1317.121400 786.864706 112.473376 244.730939
1308.612303 782.715607 113.155349 247.255603
1303.189436 781.054115 102.688079 241.858604
1296.207303 776.350575 101.408969 244.859454
1291.539189 773.693995 98.189627 242.886394
1283.793503 767.774706 96.233495 243.003086
1274.192550 764.155655 96.850603 242.416321
1266.661635 758.233083 95.765510 240.916556
1259.124747 753.723010 93.078855 239.400429
1249.122661 747.887928 91.765265 230.496887
1240.615679 743.642936 92.393524 225.799145
1229.597545 738.816129 93.239246 223.737811
1221.187942 732.547648 91.635447 226.014502
1212.955166 727.965017 89.647389 230.476994
1203.411630 722.240891 91.666827 231.819431
1194.988380 716.251377 91.392983 235.730525
1185.646897 712.343119 91.209403 236.347960
1177.133413 707.898460 92.756300 238.370539
1168.985202 702.565775 89.380277 240.946729
1161.072535 698.263021 89.851225 239.702300
1152.727171 693.536295 87.706504 242.321980
1145.329644 688.109104 85.008893 243.065847
1137.342866 683.546163 83.429565 240.616459
1128.105105 677.246773 83.841173 239.748046
1118.857824 670.745964 82.586628 239.028486
1107.434820 663.040053 85.258158 237.839302
1097.081544 656.930177 87.783127 233.647283
1085.731612 650.789486 88.575267 226.357814
1074.600130 645.041496 89.696531 220.248198
1062.528014 639.690728 92.590449 217.539960
1051.377997 633.479087 93.298167 218.567213
1039.447184 629.389321 95.711105 216.215455
1029.005087 625.234753 99.885902 218.772143
1021.398000 621.270285 101.660779 218.566805
1011.368335 616.635293 105.172935 223.458784
1005.923034 612.901333 106.114106 225.065282
1001.667370 606.576757 111.930116 227.453164
998.131150 601.018609 112.225496 228.777086
994.748154 595.312656 114.097408 228.891819
991.840189 592.124704 112.729953 225.278000
988.526788 588.518391 105.668402 214.007480
985.016782 583.957746 96.870733 214.025109
983.285649 578.529868 89.333203 218.024343
978.333077 575.456288 87.744052 222.785650
973.867199 572.164880 87.776921 225.575525
970.107571 569.049991 87.122515 225.952321
964.622036 564.320088 89.873638 228.262323
961.154692 562.641634 88.484780 229.081361
958.215998 560.367249 88.327415 232.567733
955.003884 558.007103 87.745831 233.931874
952.134525 556.890900 86.684703 233.520098
950.009260 555.459069 84.789991 233.326436
947.975154 553.016756 83.723912 235.262074
944.495022 550.319747 83.796012 234.897567
940.495009 547.796010 83.414448 234.191187
935.488979 544.856387 82.083420 229.558535
930.832155 542.314763 82.613498 225.297739
925.028590 538.864264 82.535447 224.293995
917.860979 536.791967 86.906194 222.134696
911.385259 535.639714 88.202741 217.621165
905.127908 532.881121 94.192724 215.971575
898.505499 530.725908 95.330969 216.461748
889.462111 529.676884 104.746379 216.986279
878.096292 530.456524 115.755510 216.239030
872.710583 528.500272 118.086982 218.146773
871.574681 528.289733 116.948178 216.521057
868.510233 525.665598 119.893992 214.658345
864.875857 526.974010 118.768125 212.828870
861.874381 525.251474 115.140578 211.250090
857.413416 522.825329 114.353662 213.434334
852.136684 521.422188 103.581556 214.220305
849.014458 519.841567 98.022318 214.585441
843.754798 515.272160 90.860612 220.730807
840.303671 514.538242 86.702199 220.934635
834.583681 512.290636 89.214035 222.374604
830.547462 509.837995 90.749060 227.783710
826.861459 510.481646 89.457353 225.793380
823.259261 508.135678 88.345604 228.111339
820.520612 507.558734 87.208784 228.357112
817.898382 507.608147 87.426308 228.253730
816.353907 506.582048 84.503340 226.832864
813.285346 505.895709 82.634012 226.009744
812.465223 503.251019 82.541758 228.989596
812.028106 500.556890 81.552533 229.146537
809.309563 497.774906 82.841172 229.273910
804.912261 496.232464 84.778335 224.647293
802.452607 493.513843 87.403701 221.828689
799.871797 492.013447 89.162524 217.189544
796.213052 490.421347 93.048257 216.031971
794.553617 488.459672 96.478961 215.092471
796.570508 486.451355 96.940744 212.345153
797.837411 482.857196 97.531486 214.298947
798.791514 481.425210 101.859303 213.592262
802.566656 479.977719 104.014595 216.401259
806.298089 478.410762 105.990311 218.146671
810.641214 476.940090 106.430158 219.899495
818.441903 473.252609 105.369811 222.957792
824.176894 474.401779 105.606358 220.789775
828.350487 473.561633 108.984745 221.157683
830.710691 471.346971 112.772296 222.573202
835.676278 469.739391 115.332286 221.784149
843.352453 466.362339 108.129085 222.175295
850.793045 465.583147 101.976594 217.607290
857.576964 462.463509 96.412009 213.621439
861.727081 462.302344 91.588634 210.364982
867.455974 459.433204 83.534374 211.386253
871.476772 458.554399 79.898249 212.671139
873.834669 456.631269 81.025010 216.671662
876.188604 454.390124 79.482358 220.380751
876.580310 452.264454 81.100040 224.224550
875.840466 450.697463 82.264403 225.651889
874.603763 448.202366 81.731617 228.969219
872.623325 447.071678 79.329449 229.508396
868.920982 446.000222 80.818320 229.310732
864.992124 443.726432 82.396250 230.638153
862.009080 442.217475 79.765995 230.393223
858.890149 441.862264 79.547050 227.871606
855.848599 441.800526 77.787162 221.681033
852.651381 440.089782 81.374288 217.853392
849.602798 436.800151 83.362762 213.835255
846.196606 433.541935 86.023513 215.390733
843.399807 429.202916 87.647622 213.757936
841.175055 425.500630 87.741504 211.427715
839.815188 423.106157 87.836637 211.625396
838.016080 420.586079 89.788772 214.536486
834.399644 417.691328 95.454122 218.505914
830.578020 414.759940 100.654773 223.300151
830.289224 413.467913 102.136008 222.512812
833.528498 415.970124 103.516841 217.162649
837.349432 414.931644 103.156478 216.758345
840.181456 415.316799 103.762885 213.025605
842.829594 413.557495 104.368749 211.726354
844.589232 412.264756 104.921448 207.009681
847.732575 410.420655 100.967194 204.150160
851.694115 406.048318 97.304667 205.418352
854.208670 402.621551 93.957899 206.106959
858.401932 401.155226 92.751719 205.947749
864.131861 397.578449 93.257960 208.077222
869.289023 393.890337 93.111446 211.542507
874.309021 389.991628 91.577075 215.251126
879.206083 387.421346 89.708947 217.593094
884.253581 385.741180 88.440866 218.440853
890.255075 383.062170 85.256501 220.514161
895.284158 381.188946 82.313604 220.060777
899.378174 378.289780 81.917276 221.170679
904.240310 375.680023 80.434897 220.872488
908.868172 372.890239 78.453112 220.235742
911.991873 368.848483 77.248535 220.880712
913.381763 365.149034 78.289193 220.707847
913.756508 357.411125 80.483915 223.745122
913.081303 354.029727 82.264577 223.097622
914.202884 352.320899 82.942768 215.190302
914.837575 349.548696 85.345499 212.891103
914.794227 346.153857 87.934292 211.534903
915.218314 344.549967 89.574190 210.045983
916.319284 340.904170 92.354507 211.363913
917.012150 338.545575 93.300609 214.025299
920.381927 336.418254 94.291828 214.895356
923.659237 334.760258 94.698516 216.943631
927.359691 333.146392 95.206495 218.337381
931.862370 330.593119 92.422582 221.184394
937.376545 328.433994 90.461781 223.144258
943.393060 326.959700 88.500299 224.350310
950.440530 325.079608 85.746451 224.546871
954.828145 324.492533 85.460083 222.172618
958.516144 323.917138 84.036630 220.732423
960.768365 321.708870 83.820919 218.243854
962.356581 319.521447 84.262988 219.939004
964.411077 316.848672 84.391425 216.318622
965.949706 314.868964 86.334111 211.002936
967.569743 313.737631 86.778955 208.373460
969.430414 311.627490 86.119012 208.243935
971.105993 309.672539 87.836829 208.367117
973.919086 309.155180 88.184217 209.708453
976.429790 306.984087 87.939052 212.207358
979.829113 305.706599 88.184066 213.193203
982.386033 304.520080 86.211265 212.965168
984.828397 301.010886 86.704141 216.208019
988.383867 300.182468 84.603548 214.713078
989.817317 298.305733 85.509182 215.302042
991.949702 296.181637 83.827462 214.150510
991.258725 294.364773 82.377448 212.723003
989.543050 291.363569 82.084474 212.632706
986.413610 290.208545 84.337377 209.363073
984.467862 287.206206 85.285095 205.881480
983.248698 285.002639 84.651678 204.839067
982.446631 282.830235 80.821309 204.543775
979.441640 280.537512 81.615594 204.684056
976.480747 277.592083 82.504578 205.982388
974.642499 275.977862 82.084141 205.609658
972.605462 273.983046 81.386000 206.451603
969.117867 273.627226 82.675361 207.388481
966.783921 271.932532 82.077516 209.298001
964.344158 270.305223 80.153261 209.271338
961.586561 269.138952 80.484858 211.049792
958.581480 267.939845 80.206578 209.730397
954.446316 266.163429 81.429141 208.517471
950.329872 264.746145 81.428130 208.400087
947.063694 264.076776 79.923879 207.188134
943.231672 262.946292 80.336953 206.902897
940.040195 262.521989 78.953853 206.161346
936.962056 261.364586 79.073637 206.290018
935.557594 260.427076 78.236944 206.495221
933.006669 259.221428 79.778676 207.823750
932.451603 258.808710 78.478994 208.837461
933.289786 258.378368 76.739214 209.173860
934.278958 256.114434 75.839538 211.703157
935.342236 257.306496 75.880165 211.420840
936.518884 257.729591 74.905471 211.048652
938.085578 257.769924 75.867192 210.577313
939.820782 257.447218 75.264503 210.302177
942.494015 258.178162 76.361054 209.203679
945.425882 259.252618 75.933142 207.661748
948.577409 258.342876 76.710309 208.676169
952.600643 260.033614 76.513463 206.507761
957.153460 259.885929 77.988104 205.506907
964.652744 260.848515 75.488804 203.906303
972.879393 259.187716 74.895829 206.539697
981.749406 259.502855 74.245108 209.142148
990.753133 258.621666 75.910861 212.026460
1000.148335 260.341427 74.408233 210.406398
1010.516428 259.342688 75.813440 212.802900
1018.659828 259.706502 76.616436 212.346628
1029.012019 259.240476 76.957486 213.546601
1038.285266 260.932537 75.481193 211.477698
1048.130154 261.341433 77.304788 213.417978
1057.947134 261.771381 75.623389 213.307800
1067.692484 263.474037 77.093962 213.464953
1075.866394 263.405922 77.266824 212.242993
1085.090825 264.614311 76.348163 212.066576
1092.294659 265.506541 77.512441 213.647742
1099.082569 265.868101 77.532466 213.896334
1104.588891 268.434535 79.026177 212.592602
1107.743062 271.364214 81.540296 209.936368
1110.568745 273.396264 83.514075 209.587601
1113.985077 274.506185 83.388810 209.664755
1115.579176 276.777927 84.152741 211.382893
1119.934666 277.904757 81.890326 210.905444
1119.041452 279.614038 83.831221 213.054215
1121.497294 281.909460 81.886346 211.840635
1120.008660 283.329203 83.431653 214.006449
1120.165501 286.235168 83.054614 212.557170
1119.658744 288.120112 83.376281 213.301897
1119.026711 291.265598 82.584947 213.506882
1118.170462 293.083126 82.614376 213.731126
1116.755417 296.229936 82.138720 214.052389
1116.437363 300.434572 81.400955 211.867711
1116.327890 302.292659 80.717400 213.550426
1114.024114 305.223035 82.646095 215.077341
1113.856541 308.273945 80.966589 213.299984
1112.676020 311.578872 82.542906 214.032805
1112.087679 315.052671 82.576408 214.015067
1113.177527 318.798634 82.954864 213.091031
1111.763750 321.834669 85.437933 213.662658
1112.759608 327.438021 84.553689 211.249325
1113.994963 328.227168 83.993829 213.879751
1113.129636 334.914759 85.611658 211.078041
1116.142901 336.768083 84.605591 212.730614
1115.103916 342.677140 85.958290 211.160814
1118.378278 344.732879 85.169573 212.548056
1120.164450 349.778840 84.631620 212.433587
1122.422813 352.803774 85.103993 213.556831
1123.024185 358.174286 86.017705 212.542635
1127.409893 360.352512 83.734335 213.491145
1129.298593 365.420940 85.026473 214.118644
1131.909367 367.994215 86.171174 215.722709
1136.419627 373.982505 88.379879 214.033258
1141.743058 378.341409 87.928823 214.683296
1146.629945 382.741418 86.872243 213.771331
1150.610136 386.931323 87.228424 213.637521
1156.333662 390.790388 87.129271 214.275568
1159.021686 393.839344 88.051782 216.012627
1163.936518 398.303932 87.071462 215.962501
1167.182543 402.433049 87.856673 215.462849
1170.493798 407.000347 88.820856 215.195947
1173.611877 411.683318 89.396089 215.399649
1176.616813 415.561454 90.790286 216.088786
1182.005534 420.656625 90.139826 214.524164
1183.644834 425.819482 92.998136 214.938365
1187.764216 428.438685 92.665541 215.784596
1192.325222 433.832167 92.085163 214.273250
1195.681742 437.688775 93.121635 216.520892
1196.611637 442.972815 95.720996 214.975040
1200.803237 445.880145 95.885192 217.052461
1204.391510 451.740843 95.006453 215.293870
1208.600913 456.447584 94.278753 216.297141
1212.211171 462.081767 93.886565 215.053518
1216.756674 466.953372 93.810765 215.337968
1220.605818 470.646701 94.109197 216.732114
1224.121051 476.767472 93.613919 216.068290
1228.225907 480.646702 90.789594 216.935118
1234.252695 485.037304 92.661101 216.710567
1236.158180 492.040810 93.577308 214.845817
1239.244944 497.673810 92.396791 214.541453
1241.912910 502.762884 92.461754 214.402546
1245.495566 507.341129 91.865404 215.834174
1249.142684 513.376467 91.742816 215.078483
1251.843079 517.278873 90.402239 215.685198
1254.742328 521.759646 88.677390 216.652427
1257.415673 524.378027 87.953796 219.979159
1259.142641 529.678083 88.851874 218.995423
1261.788134 533.955890 87.401684 219.005779
1263.710511 539.378133 87.330312 220.582174
1266.850602 542.863058 87.762697 221.524997
1269.726651 547.135156 88.046785 222.829762
1272.239490 553.087212 86.999882 222.357201
1273.217798 558.230240 90.975982 223.494876
1275.835551 563.687480 92.439986 223.428250
1278.245492 568.015934 95.032916 224.219913
1280.006282 571.989205 95.475337 224.470264
1282.323018 577.199885 96.843744 225.842157
1284.000095 581.300401 98.716997 226.518294
1286.566189 585.559893 97.314537 227.353518
1288.358009 588.559910 100.533955 228.882487
1290.509582 594.385398 98.096830 228.520646
1291.590721 599.374063 98.165339 226.945194
1292.172658 604.302363 97.112087 226.291625
1293.738418 608.635320 97.564547 226.866052
1295.475772 613.116076 98.156637 228.346765
1297.185083 618.374089 98.133321 229.405679
1299.513339 622.043663 98.362013 230.024153
1300.176233 626.540500 101.273383 231.077362
1301.549696 632.467077 102.783368 230.101100
1301.031928 636.057053 106.199669 230.677779
1301.070449 640.158034 103.002568 232.763245
1296.780411 646.246214 106.814360 231.672622
1289.512746 652.048572 107.867154 232.373055
1282.518487 654.623266 108.379772 234.005087
1276.391282 657.845311 108.761666 235.144129
1268.794767 663.055574 112.063969 233.639794
1262.732332 667.405866 112.668518 232.106797
1257.780345 669.609039 119.461116 233.561624
1248.963494 671.675539 119.264857 236.254135
1241.334747 675.881741 118.824648 236.388747
1232.838278 680.037188 117.280020 237.560503
1223.671620 684.572219 118.333445 237.206391
1215.159460 688.902189 124.497280 237.686287
1204.901020 692.442202 125.939668 238.899824
1194.715572 698.592049 127.799615 237.145738
1185.022812 702.478762 126.726788 236.446923
1175.425992 708.234201 125.503946 238.213534
1165.644746 712.922068 126.050652 238.831921
1156.026913 716.351699 124.402838 241.019264
1145.698556 720.421042 123.779519 240.179127
1137.086586 725.880858 122.070222 238.192110
1129.118905 729.805345 120.598447 235.805592
1120.415150 732.280328 113.912478 238.330931
1115.851052 739.313175 112.106319 235.735023
1108.688810 743.748076 112.623110 236.239893
1102.924559 746.869048 110.698621 237.680810
1096.657482 750.912989 106.426097 238.408499
1091.758517 756.141955 101.191937 236.972331
1085.928877 758.996630 103.479901 240.322436
1080.249315 764.196806 104.221597 239.591500
1073.692335 769.431502 103.644856 241.386503
1069.325609 773.136125 102.086162 240.779456
1064.844128 778.544823 100.947073 241.733936
1061.522473 782.929793 100.452528 242.728011
1056.516719 787.990535 101.787725 243.885900
1053.048287 792.517110 102.060519 245.052198
1050.221430 798.263652 99.547728 244.281240
1047.137806 803.012995 100.609437 245.292696
1044.251372 808.684523 98.465250 245.777719
1039.667417 813.831316 98.553037 247.173206
1035.769623 819.206459 102.984572 245.423751
1030.253206 824.354292 102.410292 244.597742
1026.019848 830.156004 105.451269 244.337149
1020.448354 834.360829 109.602153 241.013364
1015.349270 838.357099 115.258435 240.328352
1009.917057 842.604970 115.725578 237.395030
1004.183367 850.095432 114.684586 229.055273
1001.609935 852.120552 113.006419 227.879448
998.438736 858.292146 109.979558 221.707854
994.531231 861.623546 108.780980 218.376454
987.391613 867.142521 111.472733 212.857479
982.874206 873.612024 110.718262 206.387976
979.335382 879.007720 106.683214 200.992280
977.266301 883.328332 107.453958 196.671668
974.517029 887.621652 108.108909 192.378348
972.501462 893.155676 106.462370 186.844324
968.890735 896.718374 105.239229 183.281626
969.241565 899.443332 103.422433 180.556668
966.727549 901.961202 104.579872 178.038798
967.220444 902.913284 104.233049 177.086716
965.572784 904.851385 105.254957 175.148615
965.159229 906.933156 106.693748 173.066844
965.021739 908.832919 107.610821 171.167081
965.389181 909.884629 107.722662 170.115371
967.194374 911.809926 106.942330 168.190074
968.866609 911.743881 107.309186 168.256119
970.453674 912.423505 108.640344 167.576495
973.326060 911.187001 107.121921 168.812999
976.035544 910.332254 107.163416 169.667746
980.071879 910.533511 106.259718 169.466489
982.559175 909.284227 106.569022 170.715773
985.318232 909.869206 107.512194 170.130794
988.018302 909.788571 107.659143 170.211429
992.122893 909.627150 107.711353 170.372850
994.489576 909.949803 109.860560 170.050197
1000.090107 909.498045 108.967188 170.501955
1006.922548 909.900941 106.918262 170.099059
1008.282394 908.404000 110.213894 171.596000
1014.523324 909.311514 108.354627 170.688486
1022.176967 908.752196 106.360756 171.247804
1028.151442 908.735701 105.965254 171.264299
1034.842672 908.802753 105.042376 171.197247
1040.210777 908.287214 105.546293 171.712786
1045.289735 907.460596 103.618983 172.539404
1051.986955 909.006712 100.930092 170.993288
1056.284315 908.295978 99.996118 171.704022
1062.749483 908.527786 97.263727 171.472214
1071.088255 909.508289 93.465537 170.491711
1076.876810 910.078022 91.635688 169.921978
1079.749457 911.595082 91.872996 168.404918
1084.001663 912.848652 89.037621 167.151348
1088.409112 914.293195 86.483310 165.706805
1094.723886 915.458968 81.684327 164.541032
1096.696566 915.807732 81.606906 164.192268
1098.884449 917.131207 81.166948 162.868793
1102.030693 918.022639 80.226961 161.977361
1102.379073 920.960394 82.488538 159.039606
1106.429429 920.661280 79.933567 159.338720
1108.952308 922.498557 79.416421 157.501443
1108.598726 925.325122 81.697296 154.674878
1110.929030 925.354344 81.000639 154.645656
1112.999973 926.886735 81.106779 153.113265
1116.201543 927.916401 79.629040 152.083599
1118.563204 929.636758 80.276784 150.363242
1116.646966 932.447379 83.303780 147.552621
1117.001287 932.558252 84.639544 147.441748
1118.758234 933.122903 84.197602 146.877097
1121.306151 930.186276 82.875638 149.813724
1120.689616 922.979844 83.622570 157.020156
1123.088356 910.005242 81.642548 169.994758
1124.102874 893.576583 82.825157 186.423417
1121.841172 875.419750 83.080101 204.580250
1118.969475 852.060805 84.022940 227.939195
1113.506363 832.044128 86.818772 247.084748
1111.557972 813.738171 86.018906 249.892575
1108.945759 793.456613 85.879032 249.293677
1107.781049 773.648408 84.700334 249.010713
1104.418262 753.130945 85.294389 250.143880
1103.774587 734.460458 84.362050 248.004761
1102.233958 712.829036 85.062995 251.405547
1099.210925 693.058807 85.583296 250.706753
1097.780549 674.347550 84.604672 250.772530
1095.029950 654.293666 85.527794 249.777310
1090.558015 635.625308 87.446097 250.132833
1088.134931 616.237764 87.416654 249.171961
1086.094389 599.295208 86.033547 248.094715
1085.478829 587.295879 83.989485 246.620506
1082.026563 579.029728 85.838016 246.342769
1076.958587 574.816394 89.683043 247.495771
1074.961700 575.517618 93.378061 246.182052
1073.236141 576.707817 92.940779 245.964943
1072.381037 576.968561 98.485086 246.688098
1071.192833 579.586441 95.965969 245.809841
1068.456426 579.894289 99.672971 246.969483
1066.713117 581.965915 99.490939 247.270727
1066.026078 583.882443 99.202336 246.789029
1065.423245 584.894239 97.326246 247.640115
1064.016407 587.669443 100.619151 246.628739
1060.812723 589.873845 101.662201 246.478772
1059.862169 591.189593 104.315731 247.752144
1058.909931 593.716511 104.573183 246.507284
1055.947304 596.145047 103.352907 245.495563
1055.198073 598.837432 100.804954 245.104976
1053.905309 600.151087 103.625124 245.259626
1051.238010 602.095585 102.714751 245.394171
1051.245332 604.023360 103.132278 245.448268
1050.644260 606.837425 101.916079 244.313541
1051.297821 608.140928 101.949190 245.174215
1050.883477 609.382609 102.401916 245.275426
1051.790326 611.454794 103.321091 245.333347
1053.605403 613.194459 103.105592 245.613000
1055.340244 615.034945 102.203753 246.450709
1058.197425 617.226919 101.252843 246.775847
1062.118492 619.264803 100.487324 247.685882
1064.236689 621.458046 102.501098 246.543500
1066.744373 623.942968 103.947803 245.274248
1070.123333 626.111961 104.819722 245.620219
1073.310213 629.236571 103.366201 242.707332
1075.880747 630.482642 106.062479 243.293057
1079.545937 633.581741 105.209111 240.505065
1082.240404 635.041865 105.107876 241.329421
1085.351026 636.093270 107.184123 241.377905
1088.365501 639.056287 108.491132 238.592388
1092.326714 641.107113 108.710631 239.004726
1094.477250 643.319538 106.180143 237.214653
1097.317569 643.825338 107.935397 239.565730
1101.271358 645.549331 106.199498 239.264218
1104.078581 647.450911 106.740981 239.094272
1104.837159 648.275304 108.578721 240.735533
1103.433993 650.294274 110.837583 240.559807
1104.384078 651.942616 112.659783 241.697420
1110.264341 653.829813 110.155443 242.677396
1109.438527 655.036021 109.227120 241.905007
1110.142685 656.083518 111.556532 241.917594
1109.405914 656.537933 103.087074 242.770692
1107.792285 658.169798 106.035946 242.347122
1105.905589 658.591728 107.579458 242.977740
1103.377535 659.109419 107.053244 243.533437
1101.525978 661.870353 111.032884 242.920022
1101.340475 661.165826 107.159275 244.634183
1100.723868 661.773563 103.677013 245.732595
1100.047590 664.250612 103.132853 243.851504
1099.112854 663.642086 101.733183 245.936899
1097.666215 666.515175 100.677573 245.329622
1096.458168 666.968522 103.934111 245.631877
1093.816304 668.272901 103.427320 246.610300
1090.908004 671.998050 106.014423 243.181890
1088.371111 672.693186 104.090395 245.404177
1086.573281 675.184961 106.249731 244.118855
1083.381119 676.287163 107.859245 244.463768
1081.893206 679.087773 108.459032 243.415450
1079.891559 679.681057 108.546639 243.568559
1077.828008 681.231183 106.684458 245.426873
1076.444314 683.379912 106.218285 243.749670
1074.167400 684.951981 105.737618 244.038055
1072.084242 686.704053 107.443466 243.770913
1069.860959 687.656778 107.015278 243.516611
1068.320075 689.770640 107.264848 242.988269
1065.830465 691.192447 107.922459 243.505056
1063.733458 692.567931 104.882696 243.392089
1060.405176 694.015606 108.079840 243.550733
1058.216960 695.558988 107.231951 243.825940
1055.412698 697.271544 108.102706 244.722699
1052.928085 697.948891 106.523360 245.097086
1048.317312 700.905920 108.370092 244.291636
1045.310888 700.467323 110.393147 246.186507
1042.798700 703.099282 109.510279 244.697223
1041.626209 704.741232 108.342006 244.825536
1040.093068 705.189969 107.927167 245.472832
1038.228363 706.799866 107.346058 244.642666
1036.521393 708.851859 107.407137 244.490608
1033.029125 708.646027 109.180994 245.994573
1032.318168 710.527148 107.052442 245.846911
1030.498160 711.410556 107.354163 246.238040
1028.242252 713.963839 108.016410 244.594127
1027.880419 712.275902 107.823641 248.704371
1026.836505 715.480196 108.604183 247.235282
1025.701768 717.552406 110.970630 245.750480
1025.853459 717.322177 112.345912 249.181276
1027.682749 718.925624 109.776834 249.013145
1026.948047 720.594607 112.699432 247.863638
1028.451438 721.001346 112.192037 249.058242
1030.642527 722.170802 109.271321 248.582059
1031.710882 725.095331 109.199673 246.805257
1030.971028 723.417292 111.905524 250.016618
1032.262708 724.771262 111.541312 250.509236
1032.313907 725.962756 112.109860 250.652800
1032.463446 727.515611 113.239574 250.309220
1033.992092 728.613545 112.039796 250.371206
1035.397394 729.223459 111.790863 250.506551
1036.397419 729.981321 110.900564 251.727872
1036.956443 730.521759 112.461491 252.165162
1038.654706 730.286611 111.723343 254.470496
1041.383322 732.769531 110.023921 251.753806
1043.174464 732.749796 110.306207 253.515390
1046.985339 733.012774 108.554675 255.907453
1047.584807 732.923172 109.546885 255.704004
1051.439206 735.609283 108.289251 255.214000
1053.063757 735.578474 107.808047 255.621697
1055.406099 736.610064 106.618125 255.767202
1054.715360 738.925561 108.484407 255.224378
1054.860611 738.666750 108.220905 256.070484
1055.527302 738.763308 107.569434 257.904486
1055.206317 741.881055 108.578987 255.022513
1057.175076 743.386643 105.946341 254.419651
1057.059550 744.364552 105.912218 255.093642
1058.528679 746.194363 104.194994 254.375625
1060.859285 745.169198 101.775121 255.960204
1060.939033 746.464834 100.510531 256.389019
1060.826882 746.425515 100.877066 256.280624
1061.203566 748.166109 100.054674 254.772267
1061.472736 749.940612 100.200036 253.409841
1061.831371 749.819650 99.437003 254.057885
1059.998879 750.684789 100.077289 253.422882
1058.425618 752.056659 100.842742 253.785167
1058.046366 752.037734 99.488556 254.462111
1057.365709 754.095912 97.615232 254.038475
1056.481743 753.873109 98.010661 255.819702
1054.672506 756.034343 96.494200 255.276066
1054.600286 755.611383 97.139718 257.070381
1054.954697 757.385008 94.331665 258.443251
1053.710826 758.770581 98.548179 258.644180
1053.347224 759.351567 96.979072 260.516163
1052.187467 762.967775 96.705482 257.955664
1051.350088 765.386931 97.492242 257.118673
1050.004926 767.151730 97.666021 256.853673
1047.555338 770.827399 97.415940 255.260914
1046.650616 770.224453 97.609330 256.265462
1045.100996 772.603801 96.786284 256.377429
1042.546549 774.757654 96.252613 254.976093
1038.793428 775.610459 99.637472 255.429819
1038.117568 777.518609 97.022397 254.914957
1035.691488 779.102892 98.020025 255.057681
1033.654930 782.809704 99.918660 252.451569
1031.924178 782.545729 100.758903 253.057687
1031.183069 783.862517 98.431621 254.084741
1029.035025 783.942880 101.400186 254.940759
1027.080264 788.689890 99.272319 250.290278
1025.847094 787.406957 101.485598 252.964303
1021.579243 791.728393 104.204260 248.964172
1022.492196 788.482572 102.872923 253.238942
1020.849727 793.163505 99.866530 249.770208
1021.033621 790.670942 99.171148 252.975544
1018.023500 794.066746 100.053991 249.941338
1015.807769 793.615863 101.594665 251.726289
1013.930958 793.643579 101.642607 251.838653
1011.952972 795.083341 101.197331 250.858922
1005.960694 795.944457 107.488235 251.165657
1006.438084 794.126941 105.812352 253.539593
1008.124842 796.501213 103.611308 252.609304
1010.563671 797.630883 103.170119 251.548129
1012.831301 797.106703 101.255160 251.849105
1012.977650 796.697639 103.950597 253.977769
1014.533631 797.164974 102.962796 252.994189
1015.652388 799.031864 103.496421 251.474520
1016.311168 800.552423 104.788985 250.069412
1020.638514 799.534717 100.216357 252.162327
1020.709365 799.965503 102.728791 251.573581
1018.802266 801.566731 106.458809 249.629712
1021.983957 800.482177 102.007451 251.214867
1019.952977 801.024327 105.504492 250.918211
1021.396928 800.959347 103.728782 251.486593
1021.354392 801.374474 103.361260 251.639134
1021.299074 801.924068 103.545880 251.372419
1020.860991 801.068818 104.410732 252.687666
1018.458938 800.052428 106.939552 253.023173
1017.967212 801.620435 105.633089 251.371558
1014.183012 800.824926 110.220356 252.712247
1013.747531 800.876681 108.431941 252.937620
1011.236732 800.474191 111.253882 254.554409
1012.448653 799.949368 109.102446 255.391025
1012.769032 802.009661 106.628036 253.578224
1008.871542 802.022996 112.100392 253.267624
1007.595276 803.165659 112.869209 253.040417
1007.972019 803.702175 111.275414 253.018007
1005.786085 804.350191 113.098483 252.577054
1004.747829 804.196843 112.384198 253.684448
1002.747270 804.542928 113.560732 254.389625
1002.549558 805.469855 111.643798 254.834488
1002.532719 806.728417 111.229859 254.043290
999.216123 807.199790 113.704620 254.233761
1002.251171 808.334743 108.161900 252.519954
997.370767 809.111166 114.448330 253.905613
999.596730 810.747051 112.471503 252.713138
999.988404 812.170804 114.661876 251.662329
1001.669964 812.769423 114.388881 251.633309
1004.335113 813.890884 112.617256 251.124321
1006.462286 814.877752 110.918200 251.154778
1008.244189 815.020569 109.851627 250.172341
1010.173425 817.321368 108.611602 249.284406
1011.814699 816.314473 107.140555 250.283949
1013.041316 817.332786 106.913979 248.464523
1016.502213 819.566629 103.882055 246.743607
1016.400170 820.984981 104.702795 245.548769
1015.649260 818.083135 106.660430 248.337125
1016.684192 821.202739 106.124064 244.822607
1017.801568 819.593283 106.816428 244.453976
1020.757936 819.836463 105.875542 244.377197
1021.519828 819.542310 106.976407 244.591357
1022.369455 818.722508 107.951119 244.783108
1025.149553 817.854322 106.721688 243.154299
1026.949489 816.118366 106.572567 245.292513
1028.911061 816.001642 106.249433 242.937921
1032.295828 813.605931 102.436146 243.272143
1032.920376 811.309716 103.300620 244.331864
1034.006371 809.111855 104.772292 245.215625
1034.821234 810.191316 106.087992 242.587613
1034.549704 808.057010 105.261977 241.800717
1034.743018 806.450756 106.021954 242.527373
1036.479906 805.080105 104.258894 242.253503
1036.375577 805.049867 105.029187 239.492554
1037.196097 802.347040 104.197060 240.656582
1036.699289 799.294507 103.738044 242.153482
1034.170497 796.598972 106.693718 241.769751
1033.668246 793.062109 105.106668 242.632748
1033.472981 789.485740 103.647022 243.547769
1031.638035 786.279032 103.280081 244.447558
1030.706138 782.302008 103.921246 247.119138
1027.812581 778.853773 105.873329 247.635145
1028.010888 776.751358 103.772866 246.308952
1025.207207 773.852436 106.289037 246.316356
1023.988028 770.764453 106.765123 246.180308
1023.944282 768.500071 104.649978 246.330173
1022.418543 765.487691 103.124243 246.053689
1019.118539 762.155864 102.973932 247.330185
1017.883683 759.300556 102.462511 247.299088
1015.210407 757.280129 101.759446 247.485864
1013.094041 756.278462 100.875819 246.218118
1011.031757 752.993670 100.581576 247.679630
1008.472973 751.371391 99.339772 245.380161
1005.159288 748.238805 100.242203 246.563318
1003.375576 745.561635 99.385582 245.690811
998.134758 742.711071 101.320796 245.234070
997.515067 740.100899 99.896242 245.794804
994.486945 737.947660 100.865240 245.339745
990.835233 734.494250 101.964423 246.070082
988.647996 732.722079 102.967785 245.076454
987.649261 730.298697 102.413105 245.049345
986.455863 726.766194 101.838247 245.809465
984.879896 724.146971 101.365324 245.503107
983.996453 721.647761 101.099683 246.791490
983.785876 719.067875 100.704357 246.282256
983.823633 715.894152 99.775162 246.930938
983.416284 713.467072 100.180229 247.081804
984.049666 710.816698 98.054872 246.120865
982.798168 708.794629 98.577095 245.509228
982.803612 706.067085 97.449242 245.744413
983.586188 703.939810 95.108007 244.726312
983.129392 701.786298 94.939553 244.827899
981.483248 699.659341 95.558018 243.763632
982.546989 696.356833 92.569902 243.854048
981.603949 694.517355 93.220921 242.725846
980.370180 693.153417 93.186188 240.615639
980.175556 688.585173 92.122681 242.591915
980.187192 685.625378 90.667109 243.402697
978.457644 682.697731 93.110122 243.129912
980.736353 678.131937 91.271768 245.224198
981.544298 675.166380 91.893629 245.382630
981.905265 672.025437 94.607704 245.821004
984.296622 668.408957 93.122063 246.322308
987.168520 664.944250 91.864480 246.062267
990.305665 661.171767 91.780378 246.886088
992.721623 657.765576 91.290242 247.021896
994.948210 655.884389 91.855988 247.666124
996.604666 653.622526 91.344634 247.436389
998.340867 650.685818 90.947871 250.528316
1000.194608 650.755233 91.308361 249.341469
1001.648751 648.586519 90.604537 250.338522
1003.167409 649.676009 91.040755 248.641441
1005.844344 647.443936 91.067489 249.037650
1007.774737 647.418248 91.224499 248.459213
1010.010222 646.484613 90.418845 247.500087
1012.016777 645.416028 90.131627 249.215866
1013.561524 646.766504 90.937763 246.907418
1015.597634 646.346026 90.073835 244.958387
1016.390713 646.462036 90.315608 244.749720
1016.903433 646.545767 89.866430 243.241939
1015.563972 645.503600 90.588278 244.792522
1015.049613 644.694924 91.055462 243.519223
1012.860031 643.223975 91.509260 243.667156
1011.217146 642.881742 91.973354 243.739394
1007.852127 642.793474 93.215031 242.763861
1005.959136 641.784573 94.180159 243.254664
1004.858521 639.591646 94.812947 244.847701
1004.871862 638.835619 94.918992 245.619713
1003.377320 640.164263 96.192055 243.771056
1002.115725 640.171348 97.124865 243.951686
1001.390716 639.996350 97.355413 243.957428
1000.237208 640.080357 97.351532 243.906548
1000.643492 639.913258 96.066208 243.963065
999.691194 639.583984 96.428614 243.687016
999.428703 639.000946 95.062206 243.277761
996.654313 638.438122 97.874729 245.688113
993.661634 638.743798 98.523829 244.238353
991.295201 637.818523 97.304247 243.805746
987.446941 637.489449 98.350243 243.444992
986.341746 635.303817 96.497161 244.557828
984.109778 634.315506 99.002605 244.787029
984.685347 633.635092 97.119373 245.045216
985.576900 632.464381 96.189298 245.727712
983.664055 631.194257 96.771973 245.339087
981.929914 629.958641 97.436093 244.850657
977.458238 629.368245 100.338323 244.801695
977.439808 627.177584 98.261021 245.870982
979.331848 626.503738 96.333633 244.352573
977.969850 625.129805 98.387669 245.791256
979.174721 624.328661 97.684013 244.905471
973.858215 623.681480 102.968910 244.659685
974.785885 623.392498 103.252868 244.615441
975.567584 621.295012 102.442278 245.507744
974.565830 620.875200 104.602394 245.189648
974.266063 619.614950 105.729096 246.047641
972.224309 616.655219 107.380220 247.520298
972.709793 617.054438 105.915017 246.002754
972.616136 614.986580 104.738374 246.660725
973.163507 613.972766 106.889179 245.003382
974.868662 613.049349 105.038757 245.735601
976.696451 612.869874 102.398700 244.129772
976.967234 611.029703 104.955757 244.612653
978.587847 612.178225 102.193664 242.394393
980.066870 610.068704 102.527188 243.988691
982.028500 609.300598 100.975064 243.672790
984.908163 610.013367 100.159786 244.692802
987.598512 610.920126 99.148767 243.130038
990.949580 609.387908 98.466847 245.584086
993.649242 609.681416 97.686339 245.120749
997.443281 610.878378 96.860606 245.009448
1000.202768 611.900871 97.886983 244.403614
1004.707383 612.806473 96.420438 244.289489
1007.806747 613.352984 96.844419 243.800164
1011.851937 614.102776 96.027336 243.050372
1015.547317 614.806493 96.880703 243.408201
1020.082189 614.362991 97.200275 244.440921
1024.257662 616.477653 96.774669 242.937846
1029.280508 616.461579 96.205039 243.001285
1034.199399 616.628460 96.129608 243.054288
1039.656185 616.461579 95.032393 243.992717
1044.573847 617.557497 94.605945 242.225691
1049.636197 617.362237 94.929186 243.565186
1054.906784 617.987556 94.843946 242.884352
1060.548601 618.334617 93.858292 242.856477
1065.869713 617.873871 93.509609 244.371123
1071.172832 618.598347 93.488464 243.570938
1076.486367 618.023475 93.657430 244.793892
1082.293103 618.415532 93.201239 244.435590
1088.413916 618.845425 92.797139 243.445626
1094.606101 619.057737 93.408009 242.847189
1101.461475 619.723316 92.909201 243.168791
1107.352204 619.723590 93.791156 242.090284
1114.132043 620.550175 92.727369 242.012356
1120.252677 619.586175 93.087758 242.519957
1126.912228 618.819488 92.751438 243.513256
1133.856701 619.224462 92.130193 242.680464
1140.285018 618.586179 91.586281 243.392642
1146.499025 618.753564 91.752508 242.570391
1152.880464 618.185272 91.539293 243.877084
1158.975220 617.314902 91.473924 244.127194
1165.344811 617.238432 91.302548 244.300450
1171.415940 616.146248 91.611065 243.858880
1177.733017 616.322030 91.548133 243.229425
1185.043787 615.766201 90.913542 243.748943
1192.750187 616.185285 89.669533 242.566322
1201.004855 616.848778 88.480589 241.579771
1208.769138 617.083556 88.025955 241.262230
1215.726506 617.202473 88.162084 241.099796
1221.866748 616.954328 88.275548 241.781230
1228.012562 616.103819 88.089378 242.017877
1233.438391 616.849434 88.295248 242.115003
1238.913938 616.902227 87.906326 241.802255
1243.775038 617.104348 87.863801 240.693951
1248.965361 617.981040 86.805918 240.276313
1253.679449 618.538746 86.729829 240.310161
1258.585980 619.019233 86.130650 241.490768
1263.636291 620.253447 85.178566 240.318935
1267.778144 619.945489 85.393890 240.738314
1271.374594 620.894406 85.239874 241.240753
1274.742683 622.549813 84.631229 240.368873
1277.696501 623.619757 82.698841 240.668876
1278.172429 623.221602 83.289715 242.607076
1277.860395 625.181054 83.024130 242.314114
1275.700311 625.198110 83.903306 242.670227
1272.883689 626.317975 83.670389 240.307023
1270.500581 626.235571 82.729839 240.934812
1265.273105 626.443688 83.295245 240.031244
1262.409077 627.755700 83.248053 241.303966
1257.916071 629.549859 82.060743 239.298263
1253.667120 627.456720 84.078236 242.766163
1250.741404 630.193444 83.264685 241.172160
1246.920212 631.058704 81.801659 239.574936
1244.343020 632.007116 81.788988 239.752277
1241.683368 631.120790 80.121588 242.499922
1237.406916 632.157893 79.296527 241.335443
1234.170589 633.236841 77.966283 241.001645
1231.239157 633.409301 76.482392 242.399248
1230.844853 633.519669 74.301782 245.295814
1228.665228 634.745381 73.571490 245.114402
1227.854868 634.595441 72.996182 245.380738
1227.273735 636.376520 72.316630 245.612578
1227.308418 638.154795 70.845821 244.295151
1228.303336 640.061010 69.588191 241.793147
1229.351394 641.254518 70.112617 242.285764
1230.621673 642.196218 70.259354 243.276668
1231.658120 643.314011 69.272089 240.822270
1232.544579 643.926431 68.877017 242.690713
1234.531921 645.090142 67.948889 241.917197
1235.885799 647.518247 66.769268 241.398700
1236.815349 650.192054 65.586403 238.933321
1237.325879 651.432316 65.475124 237.187807
1237.801465 651.975098 65.335096 238.034983
1238.851452 652.419169 64.378551 237.222070
1239.010761 653.045529 64.281931 237.668386
1238.466718 653.397056 64.553412 238.732825
1239.753562 654.278396 62.654572 238.118976
1239.711957 654.225418 62.305031 239.542819
1239.703733 654.908466 61.973245 237.459677
1240.162833 657.330845 62.269638 237.996630
1240.288646 656.864234 60.430335 235.571141
1241.227580 658.556427 60.348815 228.027393
1241.242961 659.716703 60.314723 230.393485
1240.878294 661.773686 59.499931 220.412714
1241.319127 662.625905 59.575908 224.073444
1241.289680 663.460604 58.874127 223.656389
1240.899983 664.389410 58.910483 216.220738
1241.643267 665.146935 58.620510 217.787108
1241.592011 665.239173 57.601120 213.582894
1241.450337 666.749834 56.996173 208.432323
1241.360578 668.167983 57.044075 213.983372
1241.469236 668.077439 55.575907 204.378779
1241.764057 670.974092 54.553564 204.943305
1241.328251 671.568424 55.428339 201.927375
1241.163809 672.600457 54.377592 196.697368
1241.465435 675.951719 52.081633 191.488691
1240.542314 678.807136 49.440147 184.105534
1240.229089 681.462210 50.344059 184.076040
1239.953141 682.281169 49.126800 182.780366
1239.810635 683.203550 49.334927 183.204015
1239.800191 683.256370 48.691154 182.812409
1239.749597 683.963049 46.373789 181.867307
1239.086173 688.434753 46.635759 177.523181
1238.638504 687.480754 44.700072 178.944695
1238.028073 690.851162 44.583863 175.496890
1236.588013 690.633060 44.700453 176.416813
1236.440987 692.900829 42.641216 173.326774
1235.159090 692.935468 43.307012 174.616898
1233.798566 691.457995 42.948544 176.457139
1232.118710 693.284379 42.785797 175.199917
1230.995704 693.481839 41.967298 175.660870
1229.303887 695.784017 41.322107 173.882041
1228.009361 699.629703 41.345487 167.110607
1225.487740 697.921253 39.459404 175.016103
1223.780012 699.381721 39.217171 170.409704
1222.221524 698.654354 36.341615 173.319597
1219.995078 699.507206 38.847308 174.668101
1216.890162 701.119891 36.590045 170.614870
1214.451147 697.585029 37.088792 174.599396
1210.675100 705.256208 34.796826 168.634948
1206.748125 704.195631 34.490780 168.925200
1201.656809 708.225815 32.346128 163.220361
1203.001342 713.461882 34.065785 162.278268
1199.078139 716.084201 33.383053 158.090079
1196.891591 720.807234 36.623799 156.507658
1199.024566 731.489418 40.914427 157.796064
1186.601338 740.225054 64.878064 151.696070
1191.179788 728.236353 51.945994 142.092173
1194.686655 729.393279 55.790338 155.899693
1176.413548 719.214961 60.348838 154.636020
1156.258771 730.666261 77.523604 162.209052
1187.768692 723.157588 78.078320 156.688280
1166.248137 734.225869 93.157564 161.639862
1148.262121 723.997093 86.795472 171.874269
1012.658793 722.313671 107.147214 155.591091
1035.300620 729.051268 86.324016 129.654277
1025.889117 716.238267 93.371918 131.445023
1025.765559 714.036546 88.660744 125.851666
1022.379364 733.407954 90.491993 123.001125
1022.516705 718.375438 83.956943 125.776392
1013.252826 728.344536 88.704038 130.217822
1019.693453 715.332520 91.927695 135.323762
1013.042746 717.107488 95.876559 137.102668
1011.278525 706.286998 93.588978 129.553571
1017.277125 736.213230 86.731816 137.124577
1006.710007 718.089737 96.463058 152.236069
1009.349145 723.055748 90.739900 143.363801
1003.943867 723.703180 94.957664 136.202549
1000.815913 710.769004 94.866834 141.416738
1000.100909 719.834601 89.807100 142.490741
1008.596531 728.527183 88.593177 138.189751
1010.566004 719.704245 79.013638 137.168355
1001.220221 710.589244 86.334149 140.403511
999.409058 707.843516 83.283780 135.528550
1007.052548 713.418905 81.894810 132.371254
1001.207583 715.082128 80.699078 142.937990
991.482245 700.088097 87.437650 143.228308
999.714815 725.793609 88.968268 128.419169
993.355569 708.066729 87.646281 149.437831
989.759785 709.533341 89.124590 139.382351
989.741119 721.102120 81.757786 137.355890
998.832296 716.322314 82.082759 130.627586
991.960092 693.057803 83.028610 151.091903
987.950879 721.112550 83.029676 143.046828
986.691246 709.038520 83.070843 137.104689
984.093522 719.775166 78.092318 146.392352
982.619659 707.684006 87.942993 142.411423
991.031139 723.147581 78.347707 143.922990
979.734981 720.865628 87.433760 146.497812
977.163765 717.946758 92.965818 157.075656
982.833628 720.541942 80.681049 157.109363
983.476627 717.657905 78.757470 150.356596
978.046061 716.741131 89.533572 151.365987
977.728465 723.977583 85.334707 149.762534
978.685892 720.159173 82.748451 148.124044
967.900386 722.734569 93.640286 146.099542
975.389209 724.963365 82.670141 148.573640
974.080348 717.407493 84.124874 151.768395
972.889117 719.728901 83.283652 151.862127
970.475783 726.578198 83.219090 152.884886
972.321787 709.327858 77.525277 138.440680
975.518466 722.385263 80.247080 139.287101
965.606989 703.839706 81.481290 148.772286
966.508709 724.966340 75.756690 132.291275
967.345612 705.975580 78.640486 139.989900
962.176722 721.354115 78.608470 142.862874
970.260580 701.019209 80.173337 142.956073
964.649978 723.567417 72.604960 146.548532
963.485568 705.540654 75.146253 142.754568
965.701292 717.954531 70.067984 144.165847
960.054236 673.112471 72.600889 170.784573
1130.148591 684.477865 68.456063 194.248884
1121.028995 674.964706 75.557230 192.567660
1136.119507 700.253827 60.156858 183.588040
1118.066836 684.524665 72.898984 198.466968
1115.962268 688.566252 74.892023 209.640410
1112.375692 681.510394 80.165605 209.369767
1110.036631 674.085926 84.418326 214.475486
1110.321111 681.418415 82.665870 204.876045
1113.719698 679.341421 76.271783 223.705365
1108.682520 676.979279 80.156168 220.548107
1107.784549 677.680094 77.767077 230.663615
1105.427633 669.517772 80.281750 234.525968
1107.161561 675.671223 78.334879 225.230952
1102.101034 674.995191 78.452180 231.691059
1102.709964 676.120211 77.513061 232.703234
1089.451163 670.675872 93.710270 237.891884
1084.248138 683.872058 98.411549 221.612969
1082.351236 671.528613 97.953003 238.902276
1080.000257 672.758553 97.751289 232.691469
1078.374186 676.750844 95.382649 234.999722
1074.124726 668.053362 98.422501 241.964856
1072.730045 667.866837 92.573015 241.942612
1072.980410 664.128886 88.950670 245.378784
1071.666678 662.626294 87.325169 247.768075
1069.057720 659.728599 88.137735 242.787408
1065.415340 656.667426 91.228952 256.400585
1062.817001 654.998797 93.183925 250.071915
1060.354655 653.491906 93.956031 244.952191
1059.659043 649.458937 94.997080 250.655433
1057.990847 648.443436 95.664153 243.902211
1057.967034 646.333218 96.614879 246.188302
1058.214265 644.589650 94.932675 247.779202
1057.784937 644.260022 94.322786 247.821025
1055.989464 642.544099 96.735209 250.385075
1056.018555 642.543476 95.965241 253.951782
1055.907477 644.563882 95.289993 253.331646
1056.102070 640.615152 96.216423 255.621801
1055.507612 638.917205 95.436647 258.285566
1054.230506 638.292714 95.981998 264.007448
1053.778227 636.952392 97.423495 263.907872
1052.944937 636.940972 97.532142 262.165665
1053.529238 636.077395 96.926199 253.714683
1053.027427 635.926701 98.871202 261.042878
1053.208929 635.109834 98.110693 251.271904
1053.907481 633.878805 98.592375 261.986566
1053.133726 633.696416 99.154928 252.785581
1051.678468 634.551445 100.410553 259.296116
1049.830538 631.625201 101.983000 255.649087
1050.025013 632.810484 98.153933 251.793984
1051.152557 632.142545 95.188960 255.718644
1052.714089 631.841497 90.803132 244.364062
1053.346395 631.345949 90.661397 253.396294
1053.288724 631.053740 89.251639 256.705557
1051.902449 630.671184 89.310117 257.242294
1050.573530 629.615723 90.297045 255.439922
1050.297080 630.825691 91.321720 254.970875
1049.304862 630.258413 92.283806 253.031352
1048.872731 630.323542 90.232726 255.181426
1048.627690 630.653351 90.335481 255.488270
1047.304843 628.996095 91.044427 255.040398
1048.908186 627.912867 88.657340 257.646616
1049.035873 631.267212 91.990610 254.352884
1051.456399 630.695464 91.083279 254.294504
1053.994753 631.939984 92.242487 255.587632
1056.577409 632.223611 92.592427 255.519452
1060.187483 633.093763 91.610857 255.568712
1063.069905 634.349308 92.454427 253.856835
1064.384704 635.795567 93.825174 253.499543
1067.682682 637.331507 92.668602 249.233064
1071.289832 635.574236 90.905456 251.084680
1071.202748 639.872564 93.850358 250.182316
1074.543279 636.190723 92.674000 249.233781
1076.373968 637.681310 96.145811 251.037290
1079.270062 638.592640 94.995280 249.035892
1081.896154 634.619936 95.660208 253.598588
1084.716341 637.500912 96.981310 248.706786
1087.377200 636.899597 99.570153 251.576722
1090.786304 637.317795 97.757394 247.983609
1093.454604 635.216838 99.590807 251.491098
1095.906005 634.359534 98.652257 251.629781
1099.400090 635.957509 99.966764 250.680615
1100.869240 637.153333 100.844884 248.784798
1104.966277 638.624318 100.486430 248.244044
1108.018521 638.612479 101.705185 245.082599
1110.874771 639.900054 100.324736 244.880967
1113.478929 639.425433 97.525120 243.817674
1114.531991 638.889589 103.454296 245.213517
1117.117023 638.172242 98.138637 242.483218
1117.824931 637.877648 100.807007 241.864206
1120.214294 636.322241 101.424008 243.279727
1121.390432 637.289178 101.985350 242.129248
1124.195257 638.716057 99.920091 236.702711
1125.364457 637.144107 101.456742 238.973702
1127.946438 636.086421 101.575758 235.228012
1128.377453 637.103731 101.522882 234.724599
1130.911134 635.987334 107.902940 233.908404
1132.270182 634.991883 97.696906 233.704346
1133.747921 635.426236 108.194590 234.446223
1133.681367 634.756339 102.402716 234.913947
1136.646161 635.341386 102.186261 229.979597
1136.565840 633.928147 106.443314 234.168746
1138.402124 634.917575 102.711580 231.792643
1139.056838 633.012315 110.203571 233.785109
1138.860669 629.758293 105.611485 237.167681
1140.481067 628.995950 108.234995 236.711417
1147.095479 631.935000 107.528469 233.261033
1144.884732 631.830389 104.799190 229.652201
1146.055945 627.645912 111.419795 234.730472
1148.742441 631.450289 104.246332 226.813198
1147.694452 624.944299 110.773794 234.715970
1150.559737 624.481409 112.449722 231.318654
1151.327590 623.063221 113.609332 230.326873
1153.417684 627.432264 110.121168 223.873546
1153.717234 619.497257 113.904041 231.267789
1155.519036 619.448048 113.443425 227.284924
1157.211160 617.516753 112.962118 227.655659
1158.416094 615.358064 111.763763 226.978464
1159.139183 615.916361 116.978899 224.596206
1160.090619 615.312626 113.356890 222.376363
1163.146711 612.545182 117.246204 223.714918
1167.941593 612.362979 111.817228 223.324390
1169.418726 609.551052 114.862559 222.851514
1171.762106 610.542505 103.128785 217.778007
1171.614618 604.964591 111.907176 229.293210
1173.680987 608.738108 108.870386 225.315564
1175.531400 605.867026 111.739027 220.202317
1178.080908 605.410179 108.638961 221.637977
1178.890247 601.860946 110.451980 222.638316
1181.434184 601.720880 107.069489 220.455952
1182.811921 601.084640 108.865515 222.155334
1185.669744 597.265783 108.488247 217.911175
1185.570470 601.629357 107.852388 217.558572
1188.093979 598.985800 107.692501 217.433742
1189.568900 597.212376 107.560491 218.334513
1190.633256 595.770297 105.319035 218.960900
1191.787463 596.160431 105.490227 212.926624
1195.163677 593.892388 103.406055 216.152907
1195.424730 593.280979 101.265808 214.716276
1197.765491 585.324634 103.744731 219.751463
1200.479755 590.952138 99.482864 215.272821
1202.389101 585.156889 101.588416 210.714725
1204.867335 592.083923 98.949856 203.351319
1204.140592 578.490399 104.580341 213.738902
1206.194592 588.186756 100.208619 204.129096
1206.047047 577.398632 106.706063 212.765021
1208.422451 581.643831 108.493295 207.403907
1207.491858 585.725562 111.547810 199.086238
1208.521604 582.004691 111.333604 204.084055
1209.402458 580.656674 108.598370 202.226775
1205.769926 578.609828 111.547612 203.333973
1204.812675 582.446108 109.563610 204.844141
1203.598808 578.478001 113.720741 201.717594
1200.489809 580.386350 114.245624 207.906295
1199.617818 579.918658 111.312537 201.413043
1197.265238 576.725133 114.636702 207.185816
1195.269681 582.825155 112.048764 193.107276
1193.642199 576.579648 113.615230 198.624159
1189.844743 578.172019 115.399198 198.143955
1188.465316 580.226551 116.065739 199.602513
1184.287578 581.009094 115.133791 195.468040
1180.147231 576.442323 118.163940 205.443058
1178.433009 577.873152 118.504875 210.754181
1176.690458 580.355214 113.369884 202.502142
1172.685804 580.966970 118.076977 201.766193
1170.522061 581.854345 115.008355 205.965885
1167.626871 583.870736 118.499983 206.844354
1168.420122 580.873999 113.412600 222.030429
1167.975163 577.827990 110.034608 222.400741
1168.463635 579.057423 109.584517 222.168102
1167.053963 578.848741 111.018895 225.602564
1170.620625 580.317335 106.934532 217.809671
1163.553231 579.795203 113.614849 222.785201
1169.879397 579.109205 107.688924 220.071458
1159.736134 581.824557 117.556616 219.445434
1172.940192 579.442720 104.507943 226.273334
1168.471413 581.749795 107.308270 234.471668
1175.593019 583.211520 102.044962 229.797541
1170.216392 592.627637 104.445606 226.455404
1177.664255 578.554370 97.750316 239.602556
1175.007488 598.161992 99.260579 225.136750
1191.117658 598.025726 85.270881 226.012341
1194.797677 604.860219 79.573694 221.981197
1192.600204 600.214840 82.290417 228.662170
1190.300901 600.337241 84.459590 229.976307
1194.544158 597.736218 82.927796 234.539432
1200.547721 608.688820 78.678147 224.151687
1200.386236 609.474632 81.317236 224.700914
1201.461589 607.259942 82.739639 227.948101
1202.252654 608.951192 82.476289 226.647569
1201.963943 609.379502 84.140072 226.615990
1205.035894 617.795411 81.124167 217.922726
1205.192473 620.555491 81.947718 214.772943
1204.428276 619.185731 84.277382 215.989373
1204.023656 617.597156 86.221979 217.584390
1202.406471 619.067987 88.190277 215.238179
1203.880678 621.298421 85.824770 212.564342
1202.387864 619.267978 87.784240 211.979211
1201.019585 616.005321 89.197163 213.971954
1199.320498 616.182200 89.922266 213.682847
1196.471026 614.311532 91.561818 214.325152
1197.740048 613.652215 90.392343 216.068961
1195.909121 612.848795 91.093861 214.313374
1196.933052 615.049484 90.510281 213.589409
1195.269761 612.069548 93.241159 215.016724
1195.069676 614.046904 93.022625 213.375660
1198.413021 614.575341 89.294973 212.656752
1200.145232 614.973804 86.937628 211.860449
1201.975819 614.358877 84.768950 212.474956
1201.499895 612.943219 86.067429 213.371469
1195.963123 612.533057 90.423204 213.557268
1202.901509 612.562168 80.940568 214.929601
1198.281298 610.514082 84.989524 215.999412
1194.867210 610.360615 86.391991 215.572368
1192.885464 609.019997 85.554100 216.268255
1188.162705 608.401641 88.022926 216.890074
1188.672584 607.837447 83.749917 217.029254
1187.406203 607.465516 82.199743 217.540573
1184.623162 606.779434 82.244848 217.864352
1183.749646 605.930055 80.827406 218.495673
1178.193253 603.795595 84.412921 221.618238
1177.237941 602.957778 82.196077 220.373697
1176.461803 602.739869 80.227530 220.295855
1170.526615 601.422426 84.704194 223.554628
1168.018952 600.927602 84.338118 222.295436
1166.530019 600.886921 83.190198 221.611793
1166.442449 601.009320 80.914355 221.041914
1159.845431 599.823795 86.301834 222.916792
1159.515020 601.534892 83.700752 220.849486
1152.454704 601.311794 89.043905 220.660404
1151.235605 600.187513 88.655586 222.374971
1143.645371 599.134139 93.974755 222.383829
1141.077418 599.899317 94.598398 221.533278
1140.215994 597.654090 94.147809 223.296384
1138.524942 597.476642 94.180117 222.699623
1136.949544 594.981389 94.756878 224.823227
1133.586713 593.871021 96.979245 226.282800
1130.759422 592.850293 98.871159 226.719295
1129.209490 591.170690 98.815056 228.388664
1128.999923 591.729504 96.914759 227.552005
1127.552761 588.775275 98.277002 229.229587
1127.237318 585.368636 96.491519 232.722319
1125.842222 584.300224 96.581408 233.132624
1124.690514 582.296409 96.826628 234.763463
1123.209233 581.795916 98.193701 234.867093
1122.852257 580.842956 97.345880 235.317507
1121.432932 579.789172 99.224876 235.269147
1121.840710 579.053426 98.050490 235.067514
1120.747548 577.216919 98.875415 237.121361
1121.126370 576.779857 97.935980 236.118824
1122.318341 577.055529 96.472195 235.779117
1121.392456 576.911475 98.483101 235.970665
1120.622978 574.351209 99.577485 237.948145
1120.984290 575.507109 99.663258 236.442398
1121.545483 575.996132 98.762112 236.819827
1121.839569 574.961465 98.308213 236.937206
1121.533100 577.056157 99.612855 236.954917
1121.595423 574.860516 99.162805 236.677616
1121.364434 576.636259 99.247014 238.389427
1122.280919 574.251336 97.633916 237.632704
1120.389314 576.949860 99.893569 238.062891
1122.082403 576.206624 97.576692 237.768861
1119.829412 576.057233 99.478368 239.538878
1120.808261 574.961506 98.676963 240.099126
1120.134344 577.907502 98.327602 238.437968
1121.942509 575.945447 96.979162 240.381904
1120.129201 578.397406 98.467870 238.090272
1120.184456 578.131490 99.066498 238.443554
1120.075185 578.535137 99.256459 237.821927
1120.553344 579.104435 99.069126 238.703954
1119.060082 579.426835 100.599013 239.161297
1117.811384 579.613568 101.263563 239.844246
1119.519692 578.507623 98.457557 241.345921
1118.203793 580.045766 99.377794 240.755092
1117.574862 580.936954 100.073288 240.697376
1116.725652 579.086297 100.124315 242.002716
1115.215147 580.706203 101.476972 240.619133
1114.722743 580.304972 102.095368 241.470351
1113.941019 581.930214 103.235841 240.199320
1115.214050 582.274147 100.956966 240.965625
1113.102429 582.312641 103.519433 240.785608
1112.276181 584.480796 103.083296 238.571820
1113.880728 586.086746 100.877206 237.901855
1113.953684 586.267396 99.732083 237.359703
1115.036443 587.858328 99.378819 236.254410
1114.278899 586.967722 100.030807 237.005836
1113.503784 587.807354 100.471203 235.657385
1113.828103 587.265661 99.360956 236.308521
1112.534493 586.779859 101.186604 236.870307
1110.620356 587.992872 102.477331 235.823728
1110.483628 588.348213 102.237942 235.173835
1109.081341 589.739965 102.194126 234.832024
1109.802785 588.888845 99.480214 235.177247
1109.181139 590.708064 100.033592 234.125926
1106.425078 590.540655 101.710276 234.865640
1105.239276 590.482765 102.765940 236.059622
1103.393773 592.758803 103.402794 233.007429
1102.944369 592.210864 102.706720 234.502246
1101.366178 592.746699 104.463589 234.315809
1100.334192 593.368750 104.466075 234.502027
1098.671483 593.806744 104.876683 234.418195
1097.446576 595.166866 104.882742 233.596062
1097.183708 596.112402 104.949401 233.302115
1095.057697 596.633947 106.376091 233.673227
1096.217839 597.471900 104.180689 233.342058
1095.699221 596.131788 103.017149 235.394117
1095.015992 597.793630 102.057368 233.084490
1093.972965 596.833557 102.142257 234.710847
1093.297041 598.376890 102.560895 233.118249
1092.013031 597.724690 103.564757 233.886308
1091.211229 598.066975 103.446391 234.318239
1090.633518 596.806114 103.431647 236.256406
1089.256220 598.654723 103.377103 234.214669
1089.603119 599.066981 102.793726 234.103045
1089.802015 597.807660 102.504864 235.365639
1089.270075 598.586210 102.516448 234.691367
1088.846822 598.212896 102.419819 235.282258
1087.377626 598.345091 102.804435 235.687178
1087.325923 598.835409 102.710025 235.361022
1086.505608 597.234027 102.513579 236.506305
1085.734097 598.158205 101.895461 234.930527
1085.126437 599.333214 101.878766 234.346770
1084.450852 598.807363 101.704965 234.157149
1083.395091 600.006354 102.295166 233.460577
1085.388570 600.201225 99.686875 234.019140
1083.453660 598.431069 101.936464 236.833747
1083.953742 600.520143 101.186684 233.891753
1081.915111 597.826576 102.299587 237.899912
1083.722742 600.424647 99.976876 234.362750
1081.238774 598.645897 102.079977 237.726597
1083.295418 598.428265 100.272970 237.549317
1080.313237 598.969057 101.604383 237.712496
1082.845683 597.293678 98.159564 239.550109
1080.927763 598.726461 100.249509 238.254609
1081.026558 598.228124 99.509402 239.782978
1081.374722 597.790153 98.674045 240.249567
1079.577618 597.385521 100.853645 241.178388
1081.906818 598.624211 98.217115 239.493141
1080.178702 597.750075 99.115697 241.127613
1079.354602 598.259906 99.578253 240.682717
1081.309894 598.351676 97.951799 241.920338
1079.552681 600.182647 100.384504 238.554114
1081.174023 600.698479 99.466958 238.663679
1078.120772 603.549946 102.202842 235.647354
1079.848191 601.741411 103.018914 237.751487
1079.258474 603.616338 104.140110 235.734343
1079.028746 602.428266 103.989560 234.969534
1079.116579 604.801343 101.673437 232.208794
1078.184307 601.997528 101.195943 234.811153
1078.828148 603.041410 100.437150 234.178984
1079.004123 603.267669 100.677050 234.600798
1078.605643 605.155700 99.489312 231.674642
1077.716257 603.876993 100.015324 233.577655
1077.579217 607.175871 99.218718 230.234059
1077.074782 604.944259 99.077425 232.428237
1077.246651 606.659120 98.149023 230.795528
1077.572634 607.332851 94.876920 231.049632
1078.137770 609.069044 94.341292 230.405519
1078.475820 607.614793 93.819067 231.775310
1077.021697 609.978499 96.598098 229.816833
1077.947931 611.069026 95.192592 229.458728
1078.475820 613.872155 94.473733 227.145357
1078.561284 612.570473 94.560425 229.375758
1079.633693 613.666188 94.463581 227.952991
1081.036577 615.105190 92.995725 227.928245
1081.981293 615.035367 92.634181 227.818346
1081.397457 616.401599 94.571530 226.509056
1082.134527 618.052771 94.310108 225.284820
1082.737716 618.924277 93.831750 226.134659
1082.970537 618.936552 94.738538 226.664470
1083.795235 619.667631 94.429824 226.600084
1084.017505 620.281143 95.418637 226.469273
1085.608236 620.837415 94.885858 227.420367
1086.920844 622.797789 92.611335 224.950682
1087.723225 620.592727 90.229231 228.130248
1087.150938 621.793159 92.545606 227.742511
1087.002923 625.242511 93.301316 223.843722
1087.720326 622.746195 94.320703 228.119278
1088.339208 624.702918 96.222067 225.369451
1089.911868 625.685415 95.690379 224.916723
1090.473840 625.337082 95.921252 225.501943
1090.723179 631.012017 95.067787 218.888161
1091.743351 632.296951 94.302521 219.590331
1093.388107 631.898218 94.153079 220.255685
1093.099713 629.914067 96.592092 223.955401
1094.180677 629.034538 95.644890 225.317404
1095.711405 630.359878 95.650222 225.597255
1096.490473 632.124012 94.772592 224.833138
1096.683334 629.815953 94.164112 228.106986
1097.714576 630.851179 95.680283 227.254684
1095.640574 629.053389 96.944616 229.626384
1092.047732 625.162775 97.672926 234.568912
1089.724248 626.124960 97.722517 234.177861
1088.529349 624.003532 95.411986 236.233799
1085.244806 624.054562 94.071778 236.444326
1080.173168 622.882291 95.009074 237.667496
1075.279325 620.234027 94.830375 239.854982
1072.622997 619.929976 95.730824 241.148492
1068.295312 618.778324 95.102450 242.395238
1066.875334 618.431424 92.996381 243.078820
1063.090210 619.729332 95.698755 242.723826
1058.910638 618.481897 98.305987 245.051014
1053.081894 615.964284 101.580732 248.011344
1051.035830 615.058095 102.668272 249.225521
1047.839578 613.613855 102.115724 250.737773
1047.015386 611.984999 100.491702 251.713968
1043.203520 610.990618 104.357696 252.295694
1042.390506 613.340112 104.012839 249.171016
1039.866588 609.533578 103.831810 252.071879
1037.008403 610.890882 103.858244 251.423680
1035.593209 608.866164 104.607320 253.155759
1031.730574 607.649659 108.798529 252.891797
1032.467514 605.678760 105.781853 254.575555
1031.830543 606.967072 104.703484 253.399976
1030.122642 606.911089 105.552486 254.389262
1030.420907 604.399359 104.190905 256.010815
1032.043528 603.224996 101.789405 258.191539
1026.731201 609.401558 105.491165 253.995302
1030.430847 602.201000 101.442213 260.681389
1028.223578 606.909950 102.589429 254.591915
1027.801557 605.925089 103.115908 255.438005
1027.249245 607.084565 103.385165 255.260813
1027.632727 606.189485 103.001683 256.233161
1024.573773 605.250964 106.465370 257.094414
1027.525490 605.735319 102.439189 255.408057
1026.378194 603.959910 103.683929 257.827903
1025.479059 602.284106 103.165345 258.121641
1027.976143 606.739689 100.183244 253.121846
1026.091849 602.103871 102.437358 258.731386
1027.322054 603.371308 101.654031 258.130557
1026.488870 605.153456 102.129858 256.965644
1028.617647 606.238120 100.072067 255.797624
1025.712073 605.816534 102.658576 256.786244
1028.446253 607.964696 100.723202 254.421020
1028.381599 604.170929 98.846430 259.400887
1029.296430 606.214737 97.975170 256.363526
1030.497474 604.616504 97.466284 258.491529
1026.571095 604.674252 99.989111 258.393925
1028.779920 607.948398 99.024023 252.197085
1026.960500 609.527895 98.737799 251.642085
1031.439089 609.210531 93.345483 249.678346
1029.906196 609.173097 94.858999 249.933920
1030.621834 610.663685 93.057295 248.050823
1028.390747 610.903346 97.355413 248.377102
1031.547158 610.963727 92.750313 248.776688
1029.541675 612.157779 95.805766 247.898982
1027.585549 613.654769 96.645288 247.796416
1029.386058 612.296163 95.851214 248.952976
1026.798148 612.386202 97.361833 248.431789
1029.432469 612.492786 94.777426 248.055791
1029.502759 612.345891 94.983924 247.653363
1026.056723 611.771886 97.708474 247.880635
1026.634752 612.897476 97.870313 246.609732
1026.012710 612.239282 98.362557 246.797499
1026.231874 611.558874 97.591292 246.489163
1030.036844 611.089393 92.850024 245.380353
1032.038143 611.583168 89.205810 244.488472
1027.130556 608.825210 94.704445 248.406302
1032.868586 610.467010 87.987205 243.418224
1029.239902 606.117582 92.679819 249.123581
1030.790660 610.078846 90.720750 243.213277
1029.884132 609.113944 91.557922 244.374601
1029.155128 608.293196 92.601157 244.830688
1030.075563 607.939277 90.742638 243.999620
1031.292736 609.019238 89.379462 242.824010
1029.810897 607.843323 89.748862 246.871981
1031.030246 608.285245 88.543219 244.849843
1027.793761 606.964217 91.119014 247.021967
1029.102950 607.658421 89.259723 245.523549
1031.309772 607.092701 87.264649 245.408514
1029.925257 607.073356 88.746098 245.238737
1035.515601 607.209047 81.947061 246.022471
1035.727594 606.930364 82.830941 246.066637
1037.136300 606.990796 80.259242 246.807731
1037.306766 606.543951 81.139198 247.005221
1036.695357 607.475946 82.441576 245.605575
1040.636320 606.580071 79.046794 244.965748
1040.342986 608.426251 79.967538 244.194518
1039.280193 608.153418 82.544514 243.339755
1041.743017 607.589603 81.217365 243.641992
1041.043589 607.990477 83.127330 245.322265
1044.486585 608.409027 81.540263 244.693874
1042.942904 608.757587 83.049864 243.906532
1045.239167 608.800500 82.537622 245.327825
1045.376875 609.699353 81.655865 243.810655
1046.879989 610.862649 81.201454 244.068565
1047.245314 611.968727 82.164457 242.968393
1046.799279 614.706883 83.155308 240.428655
1047.051449 615.800435 84.087256 240.604037
1048.540743 616.750867 83.296917 240.197337
1049.411442 617.183477 84.954164 245.265013
1048.138907 618.253192 86.465115 242.808648
1051.831780 618.589501 82.990239 243.375443
1051.460272 621.873450 84.853504 240.973616
1051.984031 621.845408 84.541957 241.560588
1053.758895 622.317977 83.883167 242.467945
1053.295413 622.904529 86.139695 241.689922
1057.014240 622.263290 84.037948 242.633015
1058.290252 621.655938 85.509212 242.507026
1059.853004 622.179481 85.171703 242.474768
1062.072536 621.196526 85.181294 245.730586
1063.315218 620.296537 87.617072 245.712340
1066.634800 620.809701 87.382136 246.396952
1068.919813 620.786657 87.785600 245.785232
1071.996680 619.624390 86.650924 246.482175
1074.862513 618.544530 87.390830 246.877135
1079.129050 618.192885 86.741688 247.589988
1082.772899 617.937576 87.697553 247.404064
1085.993494 619.837139 87.661091 243.689042
1089.807977 621.296400 87.110374 242.397882
1093.538390 622.614967 87.567232 242.863447
1094.522487 623.151519 90.370871 246.711483
1095.234884 624.474130 92.132465 251.380069
1098.723384 627.501857 91.429547 248.846160
1102.732958 626.565056 90.236235 254.115184
1105.591871 630.187493 90.457847 255.263849
1107.622542 630.653351 90.917185 258.269211
1110.264036 632.646923 92.172560 257.771211
1112.980316 634.906203 91.604599 256.482074
1115.986058 634.988777 92.932086 257.541131
1120.171644 643.983801 91.728597 249.735473
1120.305087 643.386471 95.241271 251.065860
1119.342708 649.263734 99.533218 246.069423
1121.095473 653.828373 98.797375 241.999147
1122.253858 656.883858 101.667067 241.255003
1126.576325 659.870190 102.739263 238.951278
1129.233778 661.429062 103.380288 237.795792
1132.682816 664.170419 103.982962 236.523387
1135.519694 664.609598 103.870015 237.691306
1137.880677 668.913691 102.366678 234.146356
1140.425937 669.272065 102.551703 241.312533
1142.334496 669.347092 102.578351 250.016318
1144.301645 672.544389 101.257036 257.306915
1143.753081 677.008988 104.349523 261.095686
1151.502341 683.110115 97.276589 259.381134
1147.095471 686.375033 100.711634 266.465550
1149.492638 689.831987 101.536557 263.099874
1148.544431 693.026576 102.492179 264.903145
1142.942698 698.623035 109.553770 259.216181
1147.870888 698.960154 104.293538 264.643999
1151.326815 702.331816 102.445325 260.523493
1141.721760 706.673541 115.861817 255.726384
1146.181282 710.936686 111.945886 251.845735
1141.197917 711.128725 117.631038 251.410426
1139.680852 715.334640 118.767276 245.948380
1141.980014 716.101889 114.413970 245.119773
1141.339934 719.324382 114.686850 240.958762
1143.144952 720.385463 112.087149 241.231664
1144.281508 721.943067 111.476298 246.720726
1144.661044 726.510766 108.905241 254.455978
1141.329086 728.541165 113.102236 255.152228
1141.249735 735.415303 110.870413 252.734682
1138.024920 735.767041 111.168294 254.655815
1134.621619 739.815521 112.284258 257.168518
1133.816492 743.626506 109.798693 257.182938
1130.337235 744.772714 111.425182 258.729892
1129.467282 746.104044 110.036678 258.303851
1126.851956 748.881954 109.609533 256.632732
1126.752577 749.996601 108.171411 254.509253
1121.415944 750.683511 108.794182 255.170460
1117.225955 753.343342 109.293476 253.682711
1113.525438 755.585598 111.118199 250.560719
1110.814749 761.830787 112.276350 243.987485
1110.252073 761.620086 110.046788 251.119247
1111.912104 765.969976 103.989393 260.894738
1111.234031 768.777563 103.118846 267.876707
1103.947373 772.533858 113.635518 274.041402
1105.868402 777.826796 111.205589 278.230669
1105.734852 779.304376 110.246387 277.410933
1099.841307 785.754097 115.542338 277.115913
1095.638636 788.936648 118.771721 277.443662
1100.133201 793.785406 119.315500 274.724432
1096.828564 798.859019 119.868361 269.385836
1102.139506 801.516491 114.567527 267.129145
1099.940183 806.911583 118.438165 261.925378
1101.249877 809.338956 114.803707 259.947372
1101.965951 812.975482 113.726282 254.307350
1103.388926 815.256891 111.670234 251.731311
1102.546159 817.522503 109.470441 247.064822
1084.780208 819.455195 130.196317 242.532727
1081.963402 814.234170 127.406475 245.159076
1091.110051 811.716649 113.622263 249.156247
1077.002856 808.181828 127.937316 254.435991
1080.553082 804.892928 122.598354 258.122676
1078.185539 800.433124 124.607777 259.437985
1081.550717 796.712675 120.154520 260.978894
1080.771651 796.316434 117.718262 259.542588
1081.882516 793.267636 118.561737 260.116287
1078.690384 789.105897 119.067278 258.773179
1069.723467 784.066072 128.429998 256.594940
1054.718167 778.123849 141.758715 255.774309
1050.039868 771.417852 136.007844 256.362360
1046.770533 766.407241 143.010610 253.549500
1038.372796 760.968297 142.218470 253.036353
1034.296109 756.134777 150.495847 252.343167
1027.851837 752.616607 153.361901 251.259394
1020.655367 748.990039 157.557828 253.766534
1015.789154 745.954358 156.054519 260.780892
1011.279726 741.380733 164.313292 269.064200
1008.019453 739.941034 167.512879 268.426179
1005.432799 737.449840 166.395374 272.193646
1005.825717 732.337300 167.410301 272.600693
1002.981274 727.680904 164.552514 274.375487
1001.702611 722.676096 164.953845 276.032242
998.107084 717.458786 164.060245 277.766118
996.903929 715.073715 168.174609 274.013885
994.742048 710.647871 166.572775 270.403492
996.750311 705.631696 166.637671 270.003333
995.080614 701.501709 160.134026 265.169716
998.395484 695.472660 158.122524 265.748668
999.290468 691.234622 154.631905 263.632065
996.321860 685.219262 150.577723 262.050153
992.671212 682.632676 150.044530 256.897232
985.453447 676.956006 153.802640 252.914419
976.961512 674.163775 157.713053 255.088290
974.899200 668.615629 157.734221 261.358842
969.536490 666.255175 159.030439 264.114022
967.765625 660.268696 153.749738 266.994570
971.098008 656.608255 152.570599 264.731886
969.451792 651.091318 149.113662 266.369425
975.742326 643.070662 143.059657 271.840811
975.496499 637.578858 141.478307 272.859097
970.930183 631.915429 148.265101 276.660465
962.152159 628.367494 151.172755 271.367343
959.209946 621.260612 153.716676 271.068119
950.421361 615.142174 162.889343 267.914262
943.841921 610.250097 165.523221 266.174859
943.326220 603.228861 159.787201 265.655196
942.968895 596.408389 157.791964 262.868817
938.491896 591.754147 165.403081 258.885647
936.906651 588.747517 164.649600 259.503282
934.062195 582.435779 159.608845 270.583742
933.814103 578.939360 170.398474 274.048744
934.356639 571.799312 157.086970 283.830165
931.099019 566.067123 157.184042 286.425950
937.137016 561.810683 148.628379 285.650635
942.671681 558.013076 131.370241 282.981481
944.445856 552.582870 127.573737 285.693411
949.450916 548.120260 119.239832 283.276632
950.125056 540.772513 115.195494 284.807010
953.406931 537.090533 115.551870 279.635928
956.142859 532.850181 105.599012 273.109562
952.537930 528.712064 106.424098 266.749695
946.353090 522.336260 109.685407 266.425288
936.844712 514.872821 118.597744 266.958516
941.292146 510.525706 118.378003 261.422919
945.480952 508.540556 111.380750 255.400642
942.602032 507.753919 111.100590 249.218859
932.163871 504.994507 113.939110 255.529175
918.207626 502.518722 124.308560 262.884243
916.267203 500.988557 119.854048 264.322234
882.435624 497.811294 154.394925 267.898777
907.291528 493.308141 127.557111 274.948205
909.835028 485.830340 120.776691 277.503405
920.082217 474.801224 106.620508 286.960654
923.896415 473.802272 102.066357 284.877721
920.838621 473.410094 101.754955 281.137939
913.521326 471.627153 101.892735 278.793200
904.092723 472.358040 109.442854 271.173694
892.290773 471.155856 121.800899 263.406861
877.618708 467.178722 133.504634 262.037563
872.173608 470.649008 133.777505 257.912459
870.666667 463.495984 130.434470 257.361622
870.171566 466.542591 131.085059 253.016818
870.722118 462.732769 126.131164 262.612565
876.463875 460.940491 120.626010 271.609136
877.425957 459.743878 115.842910 278.146590
881.119208 456.293852 108.158597 284.790284
883.546305 454.982489 106.772682 285.162772
884.060726 454.625027 107.261616 284.241865
888.007617 453.034995 106.678973 281.669213
884.612306 454.043696 112.264674 276.596016
885.306812 451.428680 113.697578 274.603140
889.602836 448.659956 114.682605 271.078279
891.041700 448.458333 117.341914 265.449786
892.222491 444.036809 122.094624 263.444779
898.444144 443.005431 116.311238 260.655389
910.113162 439.032687 108.863754 259.395574
916.879511 438.745009 106.964453 254.641781
923.335947 436.550781 104.006178 251.915220
929.438743 434.853239 102.501636 249.919168
929.594440 433.004253 109.604033 256.582280
929.867961 431.543830 117.560845 259.911003
929.980848 428.422907 127.010974 262.699157
935.649189 428.687241 127.070118 262.183192
942.150987 429.342237 130.565586 261.831524
949.517153 424.570359 136.397132 267.397135
959.858408 423.907478 126.852128 262.871724
968.568782 421.166650 129.173593 260.127609
977.590914 418.269003 121.915476 257.259444
985.656904 416.655761 120.504933 252.393772
992.599841 413.752039 113.271424 249.699594
999.354813 412.986410 106.542692 243.668989
1004.399241 413.158836 106.400916 238.494112
1011.007169 409.576411 99.479481 237.631488
1013.371666 409.833226 102.387837 236.523922
1014.783669 410.241960 101.396103 240.654544
1021.848272 409.567286 100.502171 249.248133
1029.695132 407.221774 100.542352 255.487390
1036.074145 405.947315 95.641513 259.162475
1037.788245 403.324084 99.467708 263.016593
1038.060519 408.100826 108.801372 254.874511
1041.245023 408.423147 111.919046 251.764324
1038.150477 408.206253 110.216513 249.952104
1036.531662 409.037353 108.014095 243.846607
1035.636143 408.292155 99.315317 243.773059
1033.974059 408.116649 99.791049 243.233368
1030.986181 408.295420 101.603703 242.487291
1027.785858 408.606710 97.342136 238.701445
1024.682099 408.938953 99.955841 236.957409
1017.659078 408.506704 105.268512 234.075629
1009.478828 410.526236 109.490345 230.551598
997.348296 412.426054 119.586394 232.226528
988.074708 414.784933 131.101064 236.069582
981.620278 414.725002 135.153796 242.587184
978.094464 415.415341 137.531754 245.854147
978.615532 411.693362 132.356763 252.901679
978.325555 412.995914 132.400450 253.903463
979.308351 413.573769 129.581528 253.299879
980.294448 415.226476 130.276728 251.038003
977.966338 420.055703 133.998706 245.668615
979.309565 420.556158 131.430193 243.782725
977.963815 422.418074 132.082169 241.343082
973.588887 425.909393 134.054427 237.752604
964.185342 425.868325 147.619063 238.808431
962.295881 427.843955 144.318592 236.438815
958.751172 424.577671 148.615700 238.190268
942.408204 426.244542 154.833444 240.295979
934.656932 428.750197 159.998520 246.475591
931.255939 432.528280 145.659661 251.902764
959.271489 434.691302 132.093436 256.071133
964.389191 440.883341 105.239317 253.233584
968.912929 436.543210 99.948252 262.352952
969.706211 441.091556 94.043872 258.645734
968.244967 442.107406 92.555526 257.794538
966.505538 444.916587 94.214046 260.157871
966.877742 448.166324 90.634009 255.744777
962.798317 449.815149 94.115417 255.244211
959.742110 451.077717 95.042657 251.412026
958.036142 454.139969 96.588202 247.086090
953.371624 454.877234 103.595541 245.593694
949.308103 455.249699 109.635779 244.887043
945.615472 458.986909 110.656241 238.546013
947.270060 460.042643 107.937770 236.013557
944.778606 463.636509 108.101402 233.104546
940.138766 462.113279 110.923818 241.065566
932.420480 465.728023 117.855678 246.742511
923.466614 467.217634 127.601538 253.775122
920.287431 469.189752 133.212542 257.033151
922.066751 471.058990 132.311465 260.785470
925.544052 473.296849 131.197096 263.582329
924.059118 474.350916 139.112630 268.300261
925.630064 478.691695 143.448870 266.439417
918.566796 479.137788 155.244029 268.682706
928.494700 480.556646 148.102157 268.273369
941.799857 484.335223 139.712959 265.842750
944.417035 488.903899 141.512529 260.717595
947.045199 490.848727 140.156481 260.249783
947.128701 495.347743 142.852428 257.004655
952.029928 499.175019 144.367808 254.383731
956.952506 505.025331 145.950690 253.931609
968.226942 510.040533 134.536368 261.740139
971.701711 515.151620 137.164083 271.756511
979.046186 522.834687 134.592131 278.256886
969.553492 529.803318 140.480631 283.081277
973.537576 536.574172 142.292453 284.632392
987.106295 543.496607 129.896766 285.005306
995.802971 551.814610 123.514592 283.116282
996.619175 559.321162 124.048008 281.137349
995.079704 564.213904 126.120160 280.501867
996.292850 570.321695 127.600685 276.549822
1001.205700 577.140159 124.205297 272.466732
1002.974175 583.611985 122.282975 268.677143
1005.418442 589.960271 120.075105 264.513235
1011.185252 596.273416 116.710245 260.265541
1011.136291 602.946026 120.785776 256.933698
1010.140014 607.461104 124.846057 253.962659
1013.033030 610.696461 122.971094 253.799095
1016.136251 616.425312 119.751263 258.806471
1014.768753 624.034076 122.275390 270.328829
1017.587042 630.870215 123.102720 280.900720
1019.172461 639.455577 123.331034 285.178438
1027.594532 647.843296 115.574605 287.398890
1025.256733 660.073622 121.121525 286.245156
1031.324866 668.538675 116.387441 288.999792
1036.079220 675.314040 116.427105 287.554143
1031.955537 685.832809 126.740013 280.076249
1033.306681 693.076903 127.222910 275.620809
1033.614386 701.159662 132.653349 272.419892
1038.289071 708.942676 129.792770 269.479577
1043.834249 718.612831 128.640146 265.454081
1048.055297 726.092477 132.430627 261.642006
1053.065181 732.944994 130.896153 263.286949
1054.369462 745.365998 134.811728 272.954246
1057.813956 753.725481 134.948247 284.588645
1057.914715 764.259115 142.063249 296.142530
1062.248317 776.319447 144.220890 301.419459
1080.609009 786.327373 130.752739 291.931264
1088.705753 797.383365 129.326445 282.616635
1098.633106 808.903767 125.350217 270.394988
1099.494310 820.549066 132.131093 259.450934
1112.628939 831.434549 125.957811 248.565451
1114.419526 837.511864 128.324572 242.488136
1117.201898 846.790028 130.472774 233.209972
1123.461412 853.343528 128.257123 226.413621
1129.961038 859.374570 127.411673 220.625430
1136.007187 864.586142 122.058036 215.182148
1140.308917 868.963138 119.229326 211.036862
1142.463727 879.865977 117.430751 199.317459
1142.190893 885.404618 119.646096 194.595382
1146.894250 889.064513 115.780470 190.935487
1151.996952 897.117875 110.208588 182.882125
1153.476690 899.509756 111.817769 180.490244
1153.877242 901.479634 111.447591 178.520366
1149.053737 906.910077 112.615755 173.089923
1145.575636 908.662095 113.249186 170.823438
1147.727541 911.059764 108.107609 168.016328
1142.724852 911.396876 108.564448 168.603124
1136.974297 913.374355 110.591051 166.625645
1128.929228 912.828014 114.052775 167.171986
1125.341197 917.857423 114.167490 162.142577
1126.270102 919.932928 108.822069 159.962680
1119.776003 922.532153 113.264335 157.141121
1113.142171 928.133215 115.335339 150.839618
1109.050109 933.042078 115.964155 145.650547
1096.734686 935.434912 125.051647 142.179737
1102.270343 938.273100 113.596445 138.274021
1095.193878 941.534267 116.964843 136.871850
1085.337769 944.299507 121.789646 133.371525
1079.253236 944.796949 122.270455 132.922936
1072.710045 942.058060 122.456179 135.577535
1078.054212 935.443262 110.573654 143.658410
1070.248187 929.213182 114.169398 150.546897
1069.353144 922.709766 110.665177 156.485374
1061.844872 916.444760 114.405301 163.555240
1056.946247 908.622893 117.425611 171.315510
1054.563998 899.669370 116.655343 179.895811
1049.540129 891.942538 118.302092 187.316221
1043.886611 883.980746 117.852918 192.660166
1030.997810 876.273792 130.293946 202.455943
1019.193411 869.113742 135.349593 210.886258
1032.708603 857.871659 114.050345 216.045955
1026.542346 852.983207 113.383103 218.663604
1023.610241 840.788395 110.176658 217.015408
1016.467891 833.755503 114.940446 216.692408
1008.218540 822.753067 117.000228 213.916053
1006.514757 811.460807 110.619558 209.250794
997.933136 800.788825 115.164231 213.158372
993.630061 791.026519 116.549898 234.756508
990.172051 780.546468 110.511046 225.622705
984.287031 769.870248 109.859494 234.707818
978.967347 760.687625 110.965458 244.889525
974.759826 751.512943 109.737341 250.502646
970.953041 742.085803 108.406841 264.173173
965.761519 731.801386 112.629118 276.813994
955.846931 724.177254 121.710053 289.954877
942.284510 714.824610 131.231682 309.684096
940.778014 705.026939 138.279523 308.992703
932.969609 692.880881 135.874585 316.998711
931.770933 687.376173 128.233210 315.589941
932.391689 681.128177 123.554532 318.560896
924.218294 681.818510 127.985253 307.964292
921.655527 679.691015 131.988614 299.995828
924.626455 672.247186 126.079796 300.073784
927.629551 668.263867 122.662962 290.976631
921.001542 672.856199 128.488518 277.188954
910.889834 663.034109 138.855488 276.216308
909.661137 657.097724 142.486680 273.066817
915.108999 655.667414 139.660460 259.694231
915.185864 649.279025 141.483233 251.742635
913.598855 640.297153 145.386614 262.265263
916.199616 630.312995 141.394040 276.183204
916.399135 622.268447 142.762615 283.234221
914.596621 613.686624 148.512471 289.353913
917.698488 605.579691 150.159986 293.044748
921.293534 597.963698 151.191183 297.065070
922.868786 590.865482 158.614740 295.956410
923.772269 581.872709 161.199107 290.581900
919.795492 575.086876 168.633386 285.065764
930.087955 563.499435 164.543386 278.322902
943.875414 555.826953 152.791030 273.628858
957.142170 548.369257 142.686258 267.878514
959.612741 538.527068 142.178415 262.518720
966.678706 526.809920 136.197215 258.070051
969.861206 517.081274 134.563085 256.935872
979.162858 508.419412 132.833703 266.516269
977.184681 501.322473 142.176494 279.146451
957.844123 494.901995 164.581779 289.438914
996.517032 487.348739 133.908511 297.292374
1005.049009 481.061137 125.882279 301.758567
1013.530718 471.384151 125.103358 303.403265
1018.728027 465.722576 125.090857 300.134507
1024.161004 456.373977 126.914757 301.339258
1027.472968 449.106644 122.023360 297.924508
1024.731060 439.096802 129.620626 292.601920
1034.164226 431.147727 123.632104 287.206091
1039.266304 424.906499 120.598888 279.094666
1048.124454 416.200057 112.395943 278.792906
1048.337436 409.750840 117.279642 278.250622
1039.190539 404.969900 128.883839 271.725147
1046.320822 395.159853 121.866532 270.009108
1043.345786 391.140666 131.255793 248.011995
1032.599828 382.631875 141.219761 252.225691
1040.319629 377.884058 132.945514 257.475510
1028.081640 374.974929 147.093590 263.368098
1021.688649 374.359373 152.769519 270.065089
1018.630879 371.794603 151.542897 275.802125
1014.284587 371.993176 154.889925 281.259499
1014.937011 375.167873 153.438266 275.736341
1019.457161 374.212632 148.832818 280.719323
1020.426662 377.959898 144.889128 274.786462
1017.557732 377.279660 145.927613 272.901695
1019.261449 379.602320 142.176084 277.778987
1021.992006 381.477796 138.617608 270.315719
1017.968352 382.448787 145.016179 267.655269
1013.190412 383.077066 150.522780 262.721240
1019.600291 382.685513 145.262951 260.172723
1017.215176 386.011763 149.036266 248.689119
1015.537674 387.748377 150.375753 249.413660
1016.633040 390.053854 150.805771 244.754369
1015.200176 396.214566 155.300328 239.823797
1016.861751 398.109887 154.638786 234.237989
1018.925639 400.625703 152.901245 240.330470
1020.813475 402.259375 149.192246 235.515419
1016.114877 403.594842 157.689962 240.617166
1017.903577 404.402590 156.458273 241.797318
1020.222053 406.537588 157.371392 237.872968
1024.799737 408.891484 153.139649 238.742481
1028.404516 410.389628 151.684474 238.333321
1031.184523 413.428296 149.374602 237.343030
1030.723702 414.199946 149.043596 235.271343
1028.171378 410.960646 150.615527 239.960353
1027.856410 409.821672 154.468470 243.696006
1029.500564 406.804908 150.773459 252.616960
1036.128353 408.075659 149.499531 253.087569
1034.083228 412.307226 151.573693 247.081373
1033.719937 401.184816 156.398402 264.746032
1031.546822 402.527542 154.164648 263.789156
1032.049411 407.048517 158.041214 257.174455
1033.137932 413.879884 152.837161 250.188386
1031.916083 412.157595 158.560819 249.856473
1030.381892 408.827622 162.884055 250.274546
1032.392163 406.951404 162.144471 252.943279
1031.608234 419.354100 162.767236 243.742910
1029.415564 415.883305 165.778110 246.754353
1025.033437 418.216191 168.170509 248.787042
1026.191740 418.733220 160.073891 252.776616
1022.189223 418.072998 165.014730 255.339456
1021.824409 422.122226 161.215388 256.649567
1022.223016 417.725465 156.227429 263.806704
1021.601116 418.620103 154.424743 261.291964
1018.804207 419.779360 149.924109 263.878247
1020.631736 420.087506 152.054722 262.550961
1023.019463 420.578419 149.320227 259.779218
1024.562548 421.031450 144.962667 257.798004
1025.051165 422.852763 146.349989 260.892029
1028.526136 424.400522 144.112555 254.748107
1027.616697 427.849697 147.909928 249.314703
1025.914887 426.576419 148.131457 257.470528
1026.462158 426.991543 149.441816 249.167282
1029.748826 429.526973 143.247661 245.856672
1029.141119 429.201539 146.757799 241.897035
1029.073105 429.952600 145.824344 237.671587
1027.256138 431.764678 150.435615 244.514669
1028.844374 428.981277 146.334885 238.894691
1028.245210 431.119941 145.828242 238.979979
1028.740016 429.054048 150.029619 240.408043
1028.599394 429.403143 149.429207 241.493546
1024.978746 427.677771 149.314744 240.541451
1025.249287 428.383970 153.398474 248.524785
1024.988510 427.321499 150.564179 244.363333
1022.839831 428.338501 150.006513 243.100955
1020.538884 430.120157 153.404689 240.429022
1020.707025 430.549491 146.416121 238.467669
1019.972099 428.634152 150.968809 242.345726
1016.573390 428.305993 148.549723 242.243186
1015.136167 427.917334 145.101086 241.135554
1013.596530 426.828472 145.353740 240.028031
1011.880761 426.059704 145.048306 242.117322
1011.001914 425.597615 143.566377 240.909332
1007.968043 423.460603 146.346031 238.195321
1007.436750 419.464561 148.102666 248.472974
1006.192744 418.947204 144.243856 244.666173
1004.439931 419.125936 144.653556 244.420528
1001.273092 420.291775 150.221581 243.138722
1002.400591 419.806080 147.764013 243.321736
1003.879889 419.834232 148.189255 242.253528
999.480930 419.157296 151.362132 248.717048
1001.309254 419.708653 145.622634 251.090689
1001.398613 419.276016 142.830028 248.750429
999.908779 420.012164 146.622039 249.777417
999.064355 419.407238 147.058659 255.388550
998.126729 421.064418 151.683558 251.743583
998.389351 423.383430 154.544559 253.102723
998.293134 422.627251 155.244339 250.343279
997.644491 423.711769 151.439494 247.059842
999.006803 427.129143 155.559466 245.551908
997.962046 426.996917 159.444451 247.004882
999.338075 430.298401 161.222229 246.506661
998.776540 431.121106 161.675680 241.867223
998.971456 432.488998 160.987052 242.007187
1000.838389 434.712259 159.419383 242.406279
997.605017 434.688969 164.300558 243.435336
998.062515 436.236625 161.135582 241.884183
995.690032 438.871973 163.310979 242.493135
996.774220 439.156422 160.685021 239.503529
997.468481 438.061998 155.614171 237.616511
994.977638 438.905061 157.083962 235.550248
992.769623 442.232494 156.321077 233.750026
986.703678 442.441296 162.410162 230.760230
979.247935 442.915330 166.073209 231.740815
981.870283 443.087643 164.086745 233.600505
971.616541 443.138558 176.239926 234.435353
968.674883 441.433905 178.030814 239.862413
967.651623 439.757954 179.782786 239.285596
962.763380 437.326064 183.713403 245.378237
962.611608 429.406386 181.012930 254.150428
958.606510 428.627736 175.908374 255.775635
957.353583 427.012576 169.318813 254.008054
958.000246 425.846186 158.494636 249.029607
958.465650 423.970706 141.893358 247.143631
958.359719 424.706682 134.197792 241.278032
959.342488 422.680674 127.407104 241.247824
961.533147 424.737462 123.194462 241.552252
962.345589 423.666180 116.114671 244.286615
965.045271 427.998248 109.989105 231.362481
965.698491 433.351478 104.544964 210.946040
969.290662 440.512887 93.841951 205.112381
973.006963 445.663583 86.053477 197.684863
974.656699 452.542034 76.960895 186.383336
976.290351 455.293418 72.667245 183.432676
979.093029 462.094112 70.871799 176.957137
979.998128 466.544422 71.407582 172.537226
982.362114 476.352386 69.582698 164.050540
980.905616 491.599098 71.772560 149.904182
972.459426 508.279948 79.135520 130.007991
971.009917 490.346115 71.905583 145.003205
964.756433 510.146750 76.210647 136.772106
958.179134 541.008019 93.275955 132.889693
957.705837 740.921133 93.381192 92.722246
952.762580 737.390032 102.024219 177.772290
955.810217 736.262667 105.836099 208.990574
961.514799 733.879768 106.063656 220.465451
969.286992 741.572508 103.539924 220.452484
973.577036 750.956670 101.226947 216.537429
978.096572 746.045235 97.975805 221.951279
984.084255 748.019757 97.989270 219.755179
987.495019 756.255217 99.050188 211.605595
990.111342 767.639666 99.373716 200.150462
993.835492 771.438583 99.190681 194.171816
995.566933 769.983774 99.662642 195.679321
999.401833 769.119185 95.439715 192.560745
1002.497542 772.118434 91.911329 187.289907
1005.012339 770.675431 92.449306 186.362883
1007.052343 769.127774 98.129942 187.100205
1011.171387 764.846418 90.854440 188.368027
1015.712365 756.619752 82.213584 192.878680
1018.234248 752.313190 80.825076 195.334286
1021.772194 745.901656 81.320885 197.495082
1024.734767 739.653315 79.860596 199.379638
1028.795972 733.293995 88.045172 201.299619
1030.773019 728.919061 88.477550 199.022536
1036.540712 719.829026 83.822523 204.354577
1042.412864 713.302789 83.701830 208.389500
1043.682000 705.307542 86.056033 209.079829
1045.745150 698.031899 90.398496 211.003317
1041.010110 690.461792 107.461186 211.725740
1043.791217 681.991186 118.502396 213.767676
1047.546184 673.425624 123.654245 216.776186
1049.464325 665.390834 129.718103 218.149601
1052.225777 657.570196 137.577252 220.140406
1058.902775 646.461486 143.260610 225.002978
1066.281450 636.615967 145.838134 229.773157
1076.032512 625.518551 145.784477 234.131808
1083.856135 614.625468 148.662061 239.393146
1090.670297 601.973274 151.706684 243.264652
1096.564972 591.086470 156.376397 245.498736
1102.878632 581.576211 160.777290 240.056831
1114.228626 569.325103 159.897268 238.459527
1131.228713 557.084105 151.723812 232.275639
1145.893262 547.487201 144.343249 222.791102
1156.440143 534.602426 144.074292 215.663852
1165.373096 525.316870 145.957877 218.505931
1173.184583 516.093456 146.656236 220.429846
1188.018885 509.843359 140.140352 219.900034
1202.059533 502.894909 134.152626 220.484513
1209.340585 495.787636 133.882767 218.219206
1217.093125 489.155155 133.648209 213.979775
1225.480826 483.538454 134.573402 205.955342
1231.849011 477.170366 137.043831 197.189552
1242.385526 470.207484 129.294894 186.264393
1250.103237 462.405420 139.268278 183.921499
1262.859444 460.412705 137.361759 173.791051
1269.317146 451.764672 137.779540 181.720837
1273.046875 443.294806 140.496632 187.662513
1277.775541 440.913986 142.217744 186.813818
1284.072702 422.506283 136.010566 201.686719
1292.648513 425.740017 130.340433 195.632225
1299.090814 429.438339 127.228030 187.729079
1303.899834 430.509149 123.677856 184.914146
1309.820093 425.267423 119.204720 188.837605
1313.142249 417.798152 113.911705 193.100298
1315.706120 413.723912 111.896581 195.260146
1316.022655 410.929869 111.320018 196.513571
1317.534923 414.020813 112.873098 193.834079
1321.987589 416.622314 108.296792 192.562022
1321.707909 423.164748 109.951573 189.140830
1321.310642 421.600126 109.645166 195.137714
1322.184039 414.644597 112.505975 206.823547
1322.016747 421.945625 113.627504 202.878168
1321.966425 426.294393 113.009460 203.192204
1322.872246 427.573520 108.981783 205.461358
1321.765560 432.101980 108.833443 200.913262
1319.611084 434.408160 111.171517 199.061735
1314.757182 439.502764 114.291979 193.090971
1308.225077 445.489575 119.451321 185.585275
1305.403357 450.132305 117.184753 177.880800
1297.602702 454.701987 118.198186 172.123427
1291.811663 457.712612 113.134617 167.607881
1282.013276 461.345455 114.008940 161.338235
1274.099435 464.087022 113.224485 155.241749
1272.390747 465.704219 110.994669 148.592095
1257.611583 471.477069 125.174806 140.650158
1254.191336 474.649088 127.949645 134.667348
1244.459288 478.509390 137.620383 138.645076
1234.952829 480.687211 146.362674 151.064008
1225.787400 483.965164 152.782327 159.640600
1217.263156 489.328772 151.924353 152.749876
1207.596616 493.808449 149.601771 143.362761
1199.534667 499.304161 143.935771 133.748446
1194.770680 503.946273 134.838341 126.719407
1191.179119 504.083190 121.635578 135.743378
1197.277704 505.355141 98.352511 153.765450
1174.061919 511.054369 110.448695 168.119572
1181.285723 516.346660 94.511336 175.504597
1156.028686 524.625627 113.536330 183.433694
1161.278569 528.092151 103.358727 182.037995
1145.082907 540.329440 108.881116 168.873899
1144.048658 542.875516 97.114556 165.890402
1130.456793 551.728592 101.748505 154.168636
1112.423375 558.183507 112.224016 144.691982
1104.587396 568.500727 116.469584 133.078788
1092.139449 568.567923 126.590112 129.985107
1078.647559 570.907324 137.895333 128.226934
1067.853055 575.632263 149.680942 140.095457
1060.048381 580.045650 152.699260 147.460566
1045.148271 582.838351 159.493983 140.413503
1035.463199 589.062613 153.724172 130.956356
1013.792074 592.473365 150.533433 129.282022
998.664021 594.256736 142.633569 137.072180
982.762036 599.766951 136.779192 144.272001
971.602821 604.783220 139.084301 157.010730
961.553392 609.417723 140.329913 164.335302
952.260695 616.074366 139.277524 168.150298
948.755532 620.930247 127.199980 166.369939
943.676067 627.239284 115.018865 166.424821
940.811037 635.510363 99.790200 162.084131
928.083162 641.994330 101.287958 150.354510
910.408938 646.883561 113.230058 134.951230
893.689068 648.466517 129.115602 129.289401
883.586624 651.987210 136.588027 139.320129
872.166379 655.470399 142.502352 153.423037
864.302056 661.694284 141.266510 155.302997
855.026246 668.445365 133.074905 144.271331
842.844749 676.094785 123.912923 134.200642
821.157618 679.847092 123.022435 140.165313
781.916832 681.164181 137.277466 154.397978
809.461096 684.241876 105.061376 163.807950
743.225172 684.280037 165.653485 169.477318
748.007928 687.356546 146.150569 169.540950
703.287658 690.404274 170.840782 168.915471
702.167234 690.594117 173.343500 171.638560
706.075374 695.120148 141.098170 162.038166
701.801211 697.306536 119.697068 158.966779
693.571281 700.215309 116.370674 145.485507
684.140821 700.028803 125.329584 141.744277
679.307534 700.564708 125.806109 132.619731
666.524351 701.856083 136.940410 130.219372
648.594766 702.642334 145.636440 140.490151
646.797485 704.531495 136.201602 134.105742
638.394886 705.853428 124.665625 131.947855
635.055039 708.211469 111.628672 133.188235
607.898272 708.314255 124.414045 143.505804
593.039760 709.500493 120.938760 153.260313
580.375129 711.885301 130.525099 163.747234
571.917411 713.730320 130.427829 170.986468
560.494651 719.129592 133.653609 171.871388
550.645463 723.662814 140.833861 174.190743
543.068649 728.304466 122.081127 173.221667
537.990179 733.124719 125.337110 167.593327
540.661490 736.135100 123.849382 162.457962
547.951299 739.357183 77.738664 155.950763
522.944406 727.569683 94.926515 164.616069
487.973056 710.034953 133.012721 180.368171
476.698985 714.055279 148.416044 177.228296
473.799540 703.723764 155.280496 184.248530
461.921856 731.609948 154.695800 152.627089
456.990497 734.551055 152.018838 151.009576
454.877468 733.980842 146.509036 153.132824
446.010159 728.795177 147.250434 164.068707
436.474991 727.296561 148.406524 174.227097
433.055996 736.428067 139.897691 171.891602
454.281316 739.341387 112.810629 178.239150
434.920841 738.471548 133.332205 186.202721
402.554000 738.444062 171.758338 191.940420
434.632455 748.872667 130.422152 184.114125
426.891386 760.133371 137.401582 171.365720
425.242108 758.090389 139.521931 171.990731
423.058648 756.550424 135.130412 171.049676
416.614735 757.944081 131.814092 166.537104
406.415218 754.709421 135.435139 167.112057
401.414654 745.816120 131.863791 174.857457
402.889358 747.216767 125.943067 170.415321
395.814621 745.628690 125.908374 169.087376
389.181282 747.643920 124.423278 163.713908
381.021319 752.195277 125.602444 154.914351
382.001291 760.268001 119.035698 145.546434
375.788159 759.550709 122.112874 143.140823
369.199158 766.534558 127.176020 131.216684
368.923117 770.335930 129.481119 124.629608
353.701222 773.401601 143.387136 125.508139
350.747452 769.110993 149.070558 138.441033
345.422216 769.494015 150.588695 145.956089
339.723673 767.024104 160.755933 153.672178
342.631229 769.391606 154.118224 156.205287
344.008836 752.894795 152.571658 169.032812
344.305690 742.285473 150.330021 179.634299
346.012972 756.568168 143.281304 161.580171
343.749499 735.411247 138.054101 177.979924
337.092963 747.906684 139.578568 159.636669
332.142621 753.025716 137.452391 150.158285
326.207059 758.343408 134.686632 137.388234
332.101347 748.845768 120.222581 148.633683
335.255169 747.204242 110.699720 160.877016
340.482403 765.374917 102.719281 151.895576
342.847453 761.619694 107.285692 164.990222
353.324503 770.866049 95.896233 164.980309
357.118585 767.680943 99.785197 169.715424
361.748071 764.098503 94.929298 180.791279
370.546219 756.502478 83.143230 187.627230
379.089065 748.416592 85.930439 189.887446
389.812178 743.781530 87.623273 187.432285
399.860767 736.354847 88.697296 186.645369
409.481908 734.956322 92.903493 181.173517
419.755053 732.587351 87.402466 175.680973
427.223332 734.712969 85.526774 166.416548
434.278767 721.872580 87.227445 171.296630
443.960072 726.186098 88.123453 160.378640
452.220568 720.869573 94.788585 158.400254
462.095151 722.772759 96.316783 150.236983
459.799285 728.179079 116.467267 139.505094
458.739711 723.036935 131.056536 141.762172
456.255020 720.092131 148.257682 141.518211
464.980799 717.198909 154.883917 141.427071
476.572908 720.874387 155.920111 136.220715
490.378268 717.971170 154.533131 134.633732
506.114380 711.860083 149.423192 140.046056
511.815807 708.609918 150.515883 139.393720
521.847373 705.336037 143.385075 138.339123
533.907395 699.142869 130.647252 138.399091
541.587171 683.957489 119.012058 153.235472
554.089052 664.578753 102.639108 170.991766
557.725515 668.556425 100.754070 165.571135
564.095963 665.637197 91.511990 166.206684
564.230245 684.162066 96.501248 155.705257
572.590155 688.007327 95.981007 157.365279
572.827180 692.671406 98.391744 156.995369
569.607306 694.303469 111.114271 160.081714
565.172117 696.600992 124.928623 157.481553
563.984084 695.967682 139.380967 156.739420
567.658020 699.226396 145.028307 151.858098
572.524712 700.073002 147.989734 150.406668
581.980862 700.293047 145.287121 148.450737
593.155524 697.814193 137.955862 147.234940
599.624856 700.260735 128.972016 143.564661
605.965278 705.395925 116.254887 134.704641
613.801738 691.580909 110.444014 148.765509
614.149675 689.063856 100.054665 147.930759
607.942405 694.673745 98.689551 140.878932
611.861194 695.008079 101.438288 136.769469
618.932403 697.613484 96.222273 131.655890
622.592625 697.402648 97.117201 129.234572
610.375076 699.627899 115.497079 124.845634
600.677730 703.435446 135.447122 121.577337
599.034972 709.056297 145.381727 120.275428
600.529469 711.431832 150.428631 117.630340
605.115025 705.681625 153.377976 127.274221
615.665371 705.951066 151.641894 126.430388
623.911971 705.366835 145.926577 125.486700
631.163309 704.290801 141.367824 124.213056
642.547990 705.380032 126.768451 121.067559
649.555544 701.938272 115.854253 125.163825
655.095362 696.030617 103.029338 131.861351
658.007009 696.552198 96.385032 134.398519
658.125710 704.726530 92.161546 133.299208
660.769194 700.566624 89.075495 145.191274
661.850505 710.946909 90.449804 143.435696
655.227555 713.604690 102.938000 155.171386
646.813717 714.931723 117.536870 159.135570
644.911228 724.210333 128.135678 152.209268
646.921318 725.309724 135.624580 154.075067
646.538671 733.345583 142.758279 146.452450
653.015916 734.264487 143.767071 145.107843
658.187923 736.236249 143.917668 144.115657
666.928497 739.159536 139.848268 142.406885
674.559980 743.394658 125.255731 138.275264
684.246296 741.045844 113.259207 142.318844
691.348964 745.606184 99.736415 137.906267
693.796658 746.341300 94.979014 138.421688
694.782608 750.205707 88.368597 134.608475
686.699430 751.964690 99.909505 132.850645
699.090868 752.762696 84.178486 131.417921
687.450815 758.401836 104.208086 124.753906
680.942808 761.532787 116.821242 121.189758
670.809321 764.923883 133.958022 114.352482
667.404221 767.203068 144.608354 111.381333
665.189832 762.723458 153.465621 118.327846
662.348528 761.092349 164.107851 120.185821
662.315381 756.888440 173.268810 123.169415
679.161354 751.880013 160.766170 127.384592
687.012451 741.352860 163.238244 133.696519
694.266448 730.329491 156.845751 142.168101
700.903029 724.687062 146.727533 139.951090
708.764023 724.075136 132.560758 132.882159
714.616805 711.367778 120.221382 140.240283
722.490724 696.295542 104.403543 150.858917
723.059956 692.275212 99.434337 152.595458
724.901957 686.868715 96.302272 158.638746
724.686511 688.954566 96.050437 155.639821
723.051920 678.475383 96.422522 163.225249
704.108444 674.780542 116.137216 163.454945
694.760636 670.364525 128.525827 161.233310
691.043067 665.617783 142.270279 157.947377
689.907695 660.923368 151.754353 154.887899
691.593615 656.474073 156.396938 150.353078
699.303820 650.022655 153.100027 146.698683
704.058161 638.219095 147.398083 152.011136
710.862041 626.628866 136.626659 154.893800
716.448838 618.958757 120.517184 153.755531
720.040197 613.238358 114.175180 151.231621
716.928622 604.348038 114.063672 152.106561
733.190859 598.203878 90.370827 146.293557
733.081749 591.830082 90.555294 145.212832
734.469706 588.780721 90.694084 141.049900
727.197145 586.121687 99.946083 138.136973
711.534073 583.041349 116.473076 139.241294
700.523211 580.241943 130.549752 137.278390
691.014730 589.023392 148.061462 126.417255
688.332098 592.484057 155.357407 120.555990
689.281964 595.628810 161.774930 115.198116
694.899132 595.881914 163.313846 113.592600
698.365612 593.433946 166.446152 116.730348
703.787279 593.115369 167.196118 115.167394
711.367214 590.978766 161.138664 116.799116
715.870946 587.012019 154.394508 120.215409
720.145525 586.325076 142.114679 122.769262
725.133712 586.599006 131.483922 123.051241
729.440677 582.393398 120.812358 129.677061
733.094961 571.472633 108.135301 145.157878
735.358046 580.899934 97.027668 138.907877
735.885330 579.915174 92.698773 143.337852
735.714601 584.556611 93.712315 139.766106
730.176616 584.334184 101.418248 139.144479
719.508566 585.806962 113.917445 134.055714
711.270608 584.312458 126.454702 128.907173
709.907106 587.685617 135.653897 122.384521
714.139997 582.960936 137.027968 124.595580
718.782104 585.601138 139.697687 120.085662
727.455926 587.352507 136.397894 116.279965
733.923772 585.720051 133.593206 118.232315
741.765898 585.975324 125.191311 116.718629
750.904601 586.265911 111.906223 116.569553
754.812106 584.566150 106.076832 119.945514
758.562783 586.536042 97.893953 116.229820
759.632768 586.585610 91.819471 114.855678
758.596983 587.505336 95.696010 113.976092
760.375976 588.348918 95.492935 112.766348
765.577504 589.180238 99.539933 112.245835
758.001803 588.279710 110.663087 113.007018
753.482361 589.549408 124.256892 108.886963
749.494283 588.758806 136.555121 111.004684
746.152342 585.222866 148.641839 115.074239
746.978540 581.967534 156.836608 116.600879
752.969732 577.817188 160.467484 123.260692
760.685155 581.497367 160.076537 118.279833
769.658149 578.012030 155.910853 122.269849
779.661796 572.267557 145.400825 129.182197
785.500508 570.261344 135.851881 133.030483
789.612355 572.543388 127.676574 127.509661
790.745353 571.893708 122.053873 127.817287
788.883196 573.159683 118.532123 127.836997
800.681979 576.977408 105.198592 128.747820
801.057392 578.682757 104.048557 126.903566
801.370636 579.860805 110.268405 125.480935
779.272946 578.700088 137.268238 129.222199
785.297942 579.802792 136.184178 128.166647
783.884453 580.779962 141.831127 130.145967
784.543834 582.502461 148.995579 127.190495
786.132986 583.848581 156.331627 124.231316
788.043291 582.869368 160.857755 123.122164
792.405225 583.710992 161.699904 122.993248
798.986160 583.240682 159.026648 124.951105
807.792170 585.481086 146.460054 121.821183
814.173556 587.094438 133.859566 120.199058
817.423563 587.889749 125.677273 118.372964
816.062063 587.509334 118.301228 120.596271
825.033333 590.186394 97.790298 118.768123
822.434806 591.173615 100.146190 118.607341
824.144207 593.648531 100.106038 117.321132
825.351734 594.885200 104.066526 115.816095
824.567463 598.510059 112.707717 113.204951
816.291571 599.874134 128.593163 111.546428
811.504525 603.383804 142.007524 108.473582
801.459811 602.514759 158.321519 109.992345
804.085839 603.034068 164.337282 109.449978
806.231103 602.208341 169.388920 110.305967
815.616634 601.015869 165.410535 113.342393
822.432604 599.662612 159.520076 114.281034
823.316757 597.548159 154.479017 115.438405
822.898088 594.963926 148.416332 118.034910
822.044658 589.628640 143.192716 123.699363
823.912415 587.599564 130.787783 128.384302
824.056546 589.754576 119.588109 123.845146
830.234157 586.965982 112.523436 126.405115
828.464189 585.047265 114.501305 126.561448
824.918965 576.226265 120.761809 131.774375
817.499217 586.179087 129.964550 119.127753
808.148538 586.830840 147.510551 115.186200
806.232078 583.277974 157.762190 115.838113
809.101800 578.880590 164.118456 118.602345
812.396799 576.909447 169.635411 121.049961
813.506035 576.059109 175.782456 121.325158
817.568674 579.155366 177.449117 118.334707
816.200223 570.892873 176.902272 125.148432
813.102945 564.611445 176.486469 130.328632
810.572685 563.526171 173.539823 129.858053
810.345426 556.476822 167.896400 138.642043
807.900604 578.336285 162.298130 116.467055
805.454255 581.664986 152.337550 112.469290
805.227283 580.130498 138.437669 114.137799
801.347236 579.492333 135.116525 115.184865
798.536341 580.755130 142.383160 114.568413
796.566238 577.882941 150.311445 118.085156
794.244772 574.404189 158.434844 120.025385
792.262595 571.278317 165.268470 122.485553
789.258564 569.901951 168.599072 124.930898
788.253831 566.132200 169.529139 129.643663
786.562533 562.334224 166.082473 135.647979
782.632570 560.364471 160.086528 137.318284
778.094848 557.626219 153.618367 139.889397
775.529271 554.444742 143.017196 143.031676
773.771608 532.194722 128.344868 162.454064
770.238866 551.199053 127.994063 139.954536
767.659969 539.148980 139.627544 144.018616
764.612120 552.586189 148.982636 127.807662
758.829302 553.094489 159.325120 121.815482
755.098996 553.263408 171.106262 119.367250
749.673012 551.765808 181.770486 117.530578
745.964934 548.586030 186.456770 118.365761
744.490980 547.958576 183.650136 117.529913
742.819829 547.441786 181.198158 116.016321
739.661851 543.921651 179.102200 118.036661
738.218131 542.372670 175.485370 116.353675
737.968428 538.448819 162.459540 118.280609
736.472223 534.044795 149.653081 119.055242
733.608648 529.627279 132.295506 125.050429
731.638521 523.270597 121.195324 131.574137
730.275348 513.593410 123.608056 141.556949
731.745319 508.631782 119.247479 145.993107
729.556890 504.176556 121.445660 149.450615
725.729281 497.787219 121.481384 154.686923
728.464723 494.863479 110.508316 155.827202
727.846958 491.925049 103.356310 157.029357
726.390400 491.416207 94.184125 151.206260
724.869834 486.018848 82.298383 149.029829
718.125714 485.188648 86.825910 137.815683
712.994894 483.513653 94.506412 129.734247
701.682223 481.130512 109.582929 123.141003
685.492148 477.757403 133.882862 121.762127
684.170173 477.604876 138.291249 116.766078
684.297607 474.994728 137.448847 118.280321
687.948138 470.459682 128.089181 118.731515
695.690644 468.774734 118.270118 114.707462
701.286588 466.264325 105.712403 115.705396
701.591681 462.919447 96.085900 118.247074
701.434216 459.723271 89.050402 120.218484
701.166436 457.734729 84.281769 121.279261
699.781881 454.604689 81.679600 123.081586
698.081147 447.460809 86.494650 129.807218
685.798682 446.773949 102.731860 129.682720
678.473473 445.599682 115.932946 129.125759
666.000996 440.060936 133.158036 134.109111
659.974820 434.445759 144.458668 138.652351
666.275990 433.413255 141.949549 138.427598
667.623942 431.088869 141.575572 137.967379
674.776620 426.992315 128.892267 137.658213
679.926339 421.640153 116.342600 142.137434
683.360653 418.888797 106.804163 141.009621
683.942183 415.029966 100.981480 140.703458
686.241910 412.379008 91.731381 139.955028
686.047573 405.958033 90.506505 139.787896
684.565755 405.523754 94.554753 135.391387
681.966883 404.541817 97.029122 132.835032
672.215265 402.913572 106.642871 128.101267
659.974517 401.197362 118.024693 130.671304
652.700106 398.038061 128.514018 133.235220
648.078855 391.885426 139.280952 137.691715
653.018757 397.750178 139.506313 129.644294
657.058477 396.401288 140.497595 130.053396
660.971155 394.796479 140.166980 129.708123
666.162068 394.797906 136.946921 129.231295
671.918255 392.022495 129.612037 128.685753
677.829281 389.904093 119.994033 127.426900
683.541871 386.315580 108.964748 125.128416
687.005813 384.758120 100.633538 123.758611
688.285198 382.867228 93.236005 122.212467
690.030415 379.883658 86.399934 122.561547
690.483461 377.809897 85.449963 123.089902
691.834067 374.981222 84.426038 125.575133
692.960393 371.987438 83.055249 128.774922
681.686628 369.903246 96.666853 128.906729
686.970316 368.537010 89.515223 131.579521
671.084959 366.795667 109.921108 133.903673
672.164811 363.916153 112.286767 138.562729
674.693375 362.717191 116.479320 141.165405
679.122006 359.474544 117.707488 145.739488
678.643514 354.060985 120.869100 151.686217
683.464004 351.776777 121.008134 154.635729
689.637303 348.945445 113.486421 155.485222
691.978898 348.224536 108.105433 153.783079
691.906642 350.131944 105.008234 149.884053
692.466470 352.624237 103.280639 153.861343
692.065339 359.755928 99.685052 152.197431
692.030366 364.475724 100.074479 152.661156
692.390349 373.148398 106.010053 147.936778
694.298439 385.258099 107.498441 141.095866
691.776346 393.758170 109.837167 138.716375
691.075825 402.975761 98.477626 143.103098
684.777717 414.814393 110.980584 141.769026
678.629002 421.776285 121.887147 143.807519
682.629748 429.743846 118.468918 149.781953
679.295551 434.209216 124.488750 151.159551
684.752506 442.664006 124.205459 152.484299
692.806055 452.568551 120.712866 151.724843
696.163414 460.504554 119.949669 152.547345
699.847131 466.856002 117.645377 149.466660
700.766954 472.827419 115.256231 144.905380
701.481723 480.584548 111.280569 135.915687
703.385602 484.052668 107.954392 130.813682
705.473118 482.618388 101.163660 126.687104
705.555033 477.792042 94.123114 126.168312
708.383537 475.130980 87.256376 127.359991
709.794320 472.333346 83.596952 129.626450
711.735211 469.088939 81.535226 132.096114
713.481512 463.696781 85.047257 138.786748
715.425018 463.496811 87.210114 138.158829
714.439529 458.235996 92.993858 141.658850
709.062195 452.503992 102.666695 148.028732
706.573953 442.633441 111.503439 156.438477
709.139516 442.736069 113.839367 155.526601
720.019460 432.713592 110.592956 164.722639
725.092675 425.636061 110.958025 167.511886
729.426570 423.261387 112.918266 166.607085
731.464642 423.872701 112.418211 160.087117
734.723179 420.039831 107.984767 154.978503
738.406538 420.130674 104.145323 148.310476
741.816655 413.203510 97.174305 149.549422
744.251793 409.739955 89.963746 147.329357
747.195738 410.649034 90.138783 140.626079
748.659877 408.086475 93.955974 138.035096
750.518119 405.111158 94.564974 136.568673
742.992117 404.311954 111.544727 129.469057
735.100013 401.232874 122.866831 126.721388
738.107938 400.491958 129.973933 125.905237
742.881173 398.120630 131.418945 126.568778
747.073248 396.048090 133.423176 126.924993
753.672603 391.733391 132.332394 128.226251
759.800227 388.034326 128.527127 129.661708
763.753901 384.176350 124.701725 132.599673
765.013101 379.938087 117.763095 134.004627
767.164061 377.195815 108.955638 137.105872
768.152047 372.529094 102.008913 139.735607
772.410760 371.520619 94.201732 138.955348
774.100622 366.544543 93.692820 142.683563
774.683887 364.955784 94.031518 142.650185
775.943388 360.908382 93.061582 145.441501
774.058783 362.632833 91.778491 142.731080
768.350609 356.977888 101.547729 148.486131
767.056629 355.722263 106.959050 149.418009
768.793836 351.883143 108.884701 152.564153
769.167268 347.642580 112.563417 155.742387
771.900970 341.328779 113.377468 160.220581
775.946034 338.129063 112.433438 160.226999
777.719762 332.593432 111.366795 161.140149
779.989614 329.097123 104.175241 158.811997
782.170765 321.899763 96.688124 159.480835
783.360159 318.575531 92.364967 155.217379
784.668243 314.003732 87.862790 152.648212
784.883813 308.534720 85.234698 151.157166
786.188639 303.344240 85.413681 151.598893
789.975729 298.058065 85.275650 151.979524
793.951324 294.635642 79.375647 149.714231
798.154583 289.397761 74.035425 153.534289
801.671777 285.747323 69.532904 155.783681
805.553931 281.093134 67.242795 162.137386
784.417514 277.523159 92.194774 164.588769
804.936136 269.334788 75.250394 167.122002
782.628996 265.381514 100.285808 172.165664
781.078904 264.838772 106.629029 168.102888
783.868368 258.434128 107.906080 170.079903
784.015363 254.870026 108.986871 166.350650
783.585744 246.956949 109.057064 164.825060
784.857889 247.111594 104.085858 152.157904
773.434387 70.470283 118.223339 201.457979
778.880059 44.638657 108.285695 192.727385
776.329954 58.531428 111.787755 161.889817
790.556467 225.806879 86.613805 152.193658
788.773388 221.873742 75.705328 152.527504
792.564734 219.971265 78.742842 154.025271
792.410256 219.350885 84.424502 154.934288
791.012799 216.598336 89.455995 159.399603
791.634380 213.245943 87.140988 165.392097
792.406626 211.862457 89.414771 169.232075
793.906356 211.017105 91.088173 172.127361
791.951196 210.682485 95.964966 169.568115
789.668565 212.836226 99.658193 168.227821
793.945201 215.750216 89.496002 159.119648
794.447175 217.062724 85.264500 157.628401
793.804899 217.922769 86.530782 154.125341
793.141578 219.936116 89.980588 149.081424
797.316592 222.531203 85.744228 142.995188
794.919691 226.809728 86.118570 143.648580
780.270353 228.574276 106.127823 146.341003
775.806671 232.764611 127.115635 149.700618
769.273262 233.983212 136.341901 154.996813
776.703362 237.594228 130.262679 157.861016
777.434518 240.261785 127.416959 160.803829
778.255128 243.954419 127.832924 162.602387
780.374919 247.166672 129.243237 164.216327
783.522191 250.481371 128.045011 163.447523
788.789399 254.250745 122.448885 161.416599
792.226293 256.649749 115.674357 157.370347
790.824058 260.553643 115.115154 151.574674
792.777947 267.762631 111.406031 143.192753
801.073587 273.393391 96.482592 136.769156
805.588310 279.046119 86.055176 133.666717
806.198938 271.480425 86.872557 145.955489
806.321583 269.128298 89.812302 155.638151
810.494243 275.045162 89.154359 155.285045
812.256056 279.355953 91.343730 158.093314
814.120416 281.379834 92.759624 163.806619
807.157175 286.840242 96.467656 168.197952
805.874649 288.764182 101.898108 172.130317
809.806432 291.647441 98.664134 175.961663
814.945859 294.383759 98.190318 179.274535
817.732793 294.876394 99.858536 182.833354
820.426172 294.478988 98.554603 186.885791
822.847604 294.590201 96.202380 191.800923
824.393935 296.795141 96.470358 191.088386
826.966007 297.027372 97.050468 191.706550
828.898034 299.220214 92.719582 188.692007
832.182649 299.911148 91.694651 187.345727
834.693802 304.588981 93.295218 180.441095
837.078941 308.253520 95.913626 175.396904
840.324307 310.460758 92.401775 172.196696
843.980068 314.116612 90.373418 163.396900
847.957971 317.815696 81.430682 155.328631
847.556819 321.697206 87.630085 157.510601
844.065142 326.493519 91.658740 162.761251
834.887702 332.819543 100.736255 167.713981
836.274019 340.909103 101.874909 165.503679
828.934159 347.370443 110.783771 166.876802
828.560575 353.576639 115.700944 173.662457
833.423952 360.091428 115.084245 177.623977
838.622370 366.175998 115.067280 179.670842
842.176380 370.434430 114.034484 182.437952
849.880968 374.677549 110.672831 184.734736
850.529511 380.734115 112.008769 182.325017
856.464288 385.792501 105.418949 176.562309
856.348812 390.633627 102.720626 170.615556
861.409919 398.370719 98.644049 160.507844
864.100188 403.320707 91.527499 154.878682
867.341570 406.257350 84.782534 153.553014
869.391141 409.995672 83.875795 151.116760
872.857116 415.415348 82.125960 154.059602
873.446930 421.056879 84.401657 158.829786
875.892193 427.935657 81.010468 161.139519
878.050509 432.416754 83.102484 166.762242
879.968667 438.527178 82.776055 170.913327
880.944428 443.762923 80.850052 175.495407
883.423607 448.770447 78.780541 180.259008
885.308908 453.562692 80.028615 182.845385
887.010699 458.537740 83.080857 184.407936
888.587166 463.649893 82.417471 184.352679
891.440620 469.827352 82.254179 181.588927
892.938701 472.261572 79.930853 179.789058
894.402049 478.215945 81.542123 174.515923
896.184175 481.833866 82.422723 169.147991
897.069873 488.538544 83.714598 162.742612
895.700620 498.312690 88.309205 152.093910
896.814485 505.165406 89.212269 145.871464
863.149529 504.105059 124.825833 155.040409
835.250270 370.094326 132.051755 220.893997
887.916283 521.250179 103.074252 158.427990
887.180532 533.846200 107.061253 158.431869
889.700434 538.918666 108.599278 163.654136
892.263750 544.300057 110.452195 168.899929
899.585019 549.062986 107.559452 174.430546
905.561189 552.406409 103.718936 177.065702
909.752312 558.154950 103.241703 177.820070
915.390830 568.210400 94.660183 170.204218
918.425556 581.500603 88.699778 158.334450
920.556783 583.920568 86.969769 153.511750
920.839066 586.516505 84.790355 149.894481
921.680202 591.143806 80.524714 145.650753
921.733367 593.742274 78.307751 145.507650
922.508972 598.648857 76.952087 146.006425
923.575121 602.082177 76.122086 150.756544
923.595395 605.121613 75.021997 155.006975
923.686702 607.628932 73.227719 160.513395
920.874505 610.264592 77.433990 165.886040
914.057754 611.867385 86.043182 170.205184
911.546875 610.583374 88.998535 177.416940
910.506522 611.518174 92.424558 179.651230
910.175197 610.851810 91.865654 181.988333
912.320994 609.302601 88.147266 182.852057
910.649087 607.224580 86.362869 182.768652
908.094107 607.051399 85.221489 181.194454
907.449710 609.414977 81.065773 172.635717
905.439668 602.748170 81.364083 167.556188
895.780007 601.573620 87.444536 160.315744
897.170596 599.386861 84.232817 154.194338
893.256125 594.540897 86.907573 157.884504
879.306943 598.663365 98.128900 156.560549
877.184618 597.044421 100.432162 161.162457
874.597342 594.567199 103.998688 165.190367
867.129213 591.217312 110.057960 169.487818
865.955832 589.651500 113.599177 172.730844
867.758376 586.770771 111.635057 175.451918
869.985164 585.656726 109.068913 173.856695
872.811912 578.317558 103.985353 177.232482
876.865074 579.893939 93.853652 169.166360
877.542981 572.415594 89.865937 167.761459
876.468456 571.941897 86.436252 156.954109
876.589693 567.818216 81.490999 151.793520
875.774617 561.360835 78.053390 156.044499
875.073677 559.038402 76.664218 156.923597
874.960191 556.149409 76.377788 162.555790
872.805831 552.443980 77.971352 166.489734
869.028959 550.110890 79.782535 170.668235
865.023501 547.008707 82.661337 176.057713
859.744722 543.745092 87.339640 182.799673
861.212355 541.542634 84.410116 186.230499
860.633859 536.974837 85.283361 190.981228
859.531174 534.045985 84.683547 190.027139
858.481518 530.542422 84.991874 187.344241
857.379643 524.085100 84.079465 189.570345
856.637592 522.107316 82.406186 182.248164
856.069780 517.087319 79.675839 175.579605
855.792695 513.495600 78.510613 167.054148
854.174902 508.781518 79.118216 161.299669
853.912922 507.370407 76.856346 157.960248
850.670444 505.025157 80.047138 162.654948
841.223132 500.845214 86.968445 171.621586
833.413019 503.505283 94.396942 171.522284
827.794588 500.244768 101.617618 174.176279
824.668452 496.270351 103.489267 176.875693
824.941539 492.816807 102.922282 180.557465
827.440382 490.415427 98.139508 179.205319
829.039714 487.498985 93.524992 175.738393
827.960753 483.067620 89.849728 176.722970
827.594485 479.540750 87.551144 170.533641
823.714811 477.728733 87.118220 158.064505
819.246550 474.466681 87.328801 154.768678
817.903001 471.588303 79.624296 151.623861
816.025492 467.235732 79.621653 156.689193
811.111209 464.397238 80.846529 160.558880
808.571543 461.339936 80.215206 165.180893
807.491741 461.269200 79.084987 167.620257
805.223759 461.546459 80.441429 170.823427
798.925540 457.608983 83.956960 179.834760
795.913584 456.200545 84.591377 181.020574
796.519453 452.946669 79.976921 185.707902
794.388661 451.493309 79.183153 185.657520
791.968253 447.492513 79.777393 186.398828
790.012811 444.965595 78.594974 185.187572
788.132419 442.328603 77.729149 183.401831
783.262075 440.957400 77.192635 172.566117
779.414039 439.529258 74.781581 165.635769
775.759601 437.519526 75.231367 157.837924
772.410924 437.407355 74.972642 157.468843
764.892288 437.731496 81.777353 158.930120
755.719874 437.411526 89.191791 165.153632
745.309905 437.446497 98.851265 170.380191
740.157450 439.118228 101.392929 173.671377
736.661807 438.537798 103.734194 180.931940
740.299589 432.047733 97.395396 177.842798
739.546822 432.216347 95.367636 176.494362
737.542938 434.640206 92.766002 171.087915
734.352538 429.200546 94.764380 170.051303
730.272573 428.372384 88.609942 158.705487
728.272647 426.151788 80.701136 154.319813
724.999931 424.720373 78.043722 153.856093
720.766491 423.888174 78.349679 157.974088
718.679526 422.730896 76.769807 163.400192
716.049889 419.904867 85.650591 170.505674
711.075858 419.526943 96.308419 174.096104
707.907180 420.592494 84.625157 175.735019
707.392795 416.398725 87.301986 185.692370
708.007994 415.728302 80.336035 189.410403
706.505368 413.686797 81.334670 194.175988
704.427778 411.727138 84.170085 193.800309
705.145051 405.062748 81.883199 196.868796
707.483166 408.921205 76.451335 189.328706
709.964215 407.603495 74.709374 183.813364
712.904642 409.290679 70.723611 174.317128
715.048972 409.124306 74.650014 164.623634
719.791791 408.407411 73.515060 157.306989
723.328699 408.540917 73.550313 156.152309
725.957421 408.715885 75.028404 160.081505
723.393932 408.795831 86.499455 166.047436
724.023756 410.418643 95.205656 168.899722
727.166914 413.139555 100.954542 171.917808
732.523141 415.325916 102.099980 175.433738
741.423537 418.677296 98.866106 176.651828
750.724980 418.337918 98.216028 180.239385
759.992991 420.233186 97.114599 177.598492
769.293716 417.236168 92.313949 177.321929
776.716213 419.552637 83.779952 167.833640
781.297850 422.525478 81.259965 158.564373
786.336550 421.892872 83.081358 156.982597
793.026038 425.333059 79.134864 156.906570
797.751109 426.211833 81.398217 161.721689
802.984767 428.391810 83.851755 168.482308
807.816513 431.096526 85.998350 171.404347
814.477863 432.448132 80.597563 179.278008
820.203127 435.670565 82.052164 182.715072
826.708954 436.942612 81.035919 189.799161
833.823619 438.769052 81.327161 195.703688
840.524916 443.022654 76.951289 195.427513
845.522408 443.874568 77.143083 198.756917
851.371525 447.470267 76.439214 196.558424
856.760155 449.660985 75.508831 193.907545
862.729109 453.786986 80.877990 188.069999
867.086797 458.212928 79.942224 175.507776
872.207675 461.398580 78.730767 168.811364
876.185664 465.947505 78.726920 161.174353
880.336499 469.967475 79.770856 164.687317
883.637448 473.882080 80.773755 169.484358
884.036667 479.672352 91.897229 174.459764
882.844835 484.779694 99.255455 180.196401
885.258555 488.606542 105.020945 185.659658
885.755210 494.680358 100.729411 188.775761
894.095798 498.216237 94.002055 194.450317
903.297453 503.754994 86.011059 195.809632
908.925523 508.629412 83.505527 192.895157
912.232144 515.697652 83.477132 185.526336
915.722121 519.649272 82.155624 182.313535
917.363621 525.533825 81.505344 171.753941
923.657312 530.355191 78.980137 170.454370
924.871822 535.565366 80.932057 162.732989
928.851033 541.529437 83.527001 162.549178
932.815458 546.743460 85.594792 167.302726
937.214185 553.344510 85.143093 173.407593
940.783833 557.789141 85.117133 178.819619
944.134017 565.349831 84.769072 182.182608
948.340345 568.000791 84.242116 190.297435
953.755019 574.280247 82.461919 193.598544
958.053508 580.948381 81.509401 196.694354
962.737491 588.544637 80.692541 197.246778
968.781215 594.578906 77.034100 197.271237
972.550976 603.016221 75.545669 193.125846
976.206776 612.150127 72.218729 186.967168
980.636083 616.728914 74.943331 181.733951
985.696167 626.162716 74.996565 169.682625
989.107603 633.176689 78.572529 166.530807
992.512817 642.075535 76.201609 163.191717
995.646861 650.829363 76.437970 167.778942
993.919069 659.593628 81.056565 173.095264
992.258502 668.890170 84.468404 177.683296
991.235617 679.497044 86.823930 180.529342
992.479396 689.767557 90.120140 186.393656
996.459456 697.652154 86.367621 191.215034
999.608795 706.460435 85.005277 192.977963
1001.533247 714.666147 83.377278 189.050788
1002.130179 720.966622 80.476279 184.190868
1002.461525 723.207453 79.064254 175.596168
1001.266303 721.406377 77.397235 173.941799
997.975877 720.140939 79.644498 167.728060
995.556761 719.526882 78.672085 162.215265
992.979026 718.685885 78.735804 165.029991
992.787351 715.727945 79.670728 171.466824
989.758301 715.771047 82.202546 175.910961
987.897394 713.355528 83.120673 181.511801
987.783261 715.249039 81.840522 183.879041
985.413822 714.166208 83.569731 189.970520
983.640381 712.975437 84.817884 192.681438
982.429708 712.903018 83.638823 195.839252
982.583207 711.267308 81.651711 198.589584
981.640189 708.283869 82.855644 201.196664
981.242339 705.922320 80.731660 200.109110
979.950154 704.301389 80.081333 195.573224
980.025800 702.911174 74.883953 194.202056
977.734071 700.947661 76.948484 183.004185
977.497636 699.252775 76.986036 173.381712
976.962570 698.541211 74.370586 167.120452
975.722805 696.991876 74.477557 168.361898
974.563984 695.227720 78.840734 173.921838
970.782038 694.685143 80.865846 178.118950
969.743990 693.765020 82.294933 183.070616
968.502203 693.007532 83.640710 186.110703
964.962181 691.180589 95.078603 190.353972
962.103924 688.865047 90.023506 194.266395
962.027364 687.462286 83.071626 195.149784
960.273954 684.984632 81.442604 196.436995
956.215150 681.322040 80.576571 191.622254
953.898490 678.746869 84.150834 188.582360
953.055929 676.462228 83.882543 184.444432
949.836729 674.079699 86.301573 186.177481
949.274367 671.188953 79.416742 175.462523
947.366665 667.917031 78.554937 166.922138
945.785443 666.285273 77.460968 166.377672
942.837692 662.242226 80.243017 174.287215
941.174975 662.786426 79.677861 176.502949
940.170044 661.439176 79.837943 181.544804
937.120983 660.043808 78.581369 185.730469
933.008585 658.850480 85.708227 193.124542
931.202052 659.072516 84.170820 193.407492
929.264885 658.628612 87.115802 197.183835
926.705716 656.673107 85.119499 199.691874
924.437078 653.926510 86.944633 200.087671
923.666844 651.018404 84.046170 197.602872
922.442914 647.840976 84.067414 195.734374
922.479582 647.453201 83.312061 193.116052
920.954796 645.773047 84.569368 186.756733
920.641402 644.413507 88.284442 175.384126
920.966742 643.645866 88.821681 169.181750
920.551088 644.161264 84.864263 169.055100
920.738670 641.565494 83.785774 176.067344
920.062536 642.620276 81.398184 178.038992
919.963438 640.068217 81.292722 185.761117
917.967537 640.960803 82.087724 188.148009
915.860753 640.570587 82.764999 190.311570
915.960349 638.784791 81.852057 191.050296
917.758061 636.996887 81.377912 189.532977
918.288099 635.112994 82.302401 186.298201
917.933138 632.554635 84.375986 183.122612
919.913248 630.465568 81.448161 178.693559
920.176270 627.081809 78.061361 173.939581
921.740356 626.131011 76.248249 163.685991
922.284073 625.529957 77.156973 166.657861
924.426250 624.629878 74.092066 166.729786
925.123490 623.576886 71.957173 174.144319
925.297458 622.040716 74.210560 178.125397
926.215632 621.622754 74.144499 180.829118
926.078357 620.854444 78.364593 185.172530
926.670737 619.174758 79.268591 188.060452
926.685825 617.473922 80.285335 192.837978
926.464710 615.248729 80.388248 195.614819
926.925704 613.228127 83.152613 196.640722
927.912604 612.178805 77.715164 192.842753
929.255926 609.713794 76.269196 192.292938
931.189108 607.182593 75.295184 184.207812
930.924255 606.036047 78.024101 180.430564
932.496920 604.541799 75.590455 170.114038
934.475638 604.113573 77.541778 160.033819
935.811975 604.489701 77.313711 152.626767
934.411362 604.189512 78.317767 154.526848
929.557278 603.819839 81.589329 158.537579
926.590817 603.525906 87.570076 163.399216
925.971708 604.792891 90.621238 165.908836
930.662329 604.915636 86.146547 171.380495
937.015087 603.577038 80.905559 175.087468
941.919747 604.359576 77.603906 176.159452
944.590713 604.120789 76.715159 179.311629
944.809453 604.669375 78.315248 178.501062
946.132202 605.603237 78.790196 174.282959
947.308396 606.559909 79.061792 169.400273
949.024907 607.456088 78.025615 163.167498
950.184321 607.142757 78.857581 162.261686
950.931273 609.187365 79.862856 159.401169
954.042727 609.802735 79.325999 159.231359
955.619897 610.414189 81.133623 161.878013
960.091635 611.198039 82.017419 165.489320
964.190388 611.248492 80.806068 170.154413
967.076155 611.765676 81.099071 171.931476
970.056998 612.673307 82.797468 174.664394
973.274586 612.648308 82.999718 179.206178
978.361571 612.945047 81.677711 182.848453
982.236085 613.200560 82.306728 186.161602
987.561136 612.597167 81.977006 190.815634
990.787762 611.130078 81.408604 193.206870
995.038769 611.424937 81.085817 195.072199
999.151172 609.979244 80.891140 198.740566
1002.755361 609.218978 80.128277 198.025524
1007.208250 607.502523 80.121221 194.902407
1010.755051 606.677638 78.176881 193.176739
1013.255481 606.166465 79.039583 189.183343
1016.375408 606.403439 76.305503 182.020681
1018.091295 605.035011 75.946295 177.577857
1021.303252 605.430872 75.048227 170.335263
1023.208093 606.363566 74.779281 166.164477
1023.763679 606.341253 76.156862 166.951591
1024.367102 605.419049 75.766001 172.651348
1023.946993 606.739585 77.236859 173.460257
1023.004364 607.594307 77.506983 175.437010
1019.974335 607.767483 80.897964 177.595944
1019.337814 610.110581 81.566927 178.095346
1019.062420 610.076695 81.085470 182.054819
1017.491030 611.457917 82.105778 183.850332
1016.637110 610.827438 80.431932 187.552917
1015.361423 610.958482 82.724026 190.993171
1014.681926 612.078347 79.876289 190.805233
1012.520084 610.740716 80.188990 193.999813
1010.000811 609.564250 80.792570 192.857273
1008.052805 608.707131 80.442561 188.288709
1005.537473 606.896686 81.771553 184.769399
1006.044429 606.834330 80.863530 179.025716
1004.481513 606.462891 82.084336 173.667496
1004.331981 604.480955 81.846458 169.279431
1004.203795 605.648014 81.565549 165.392869
1003.841674 605.461395 78.422411 167.126289
1003.614754 605.153350 78.416614 173.813640
1003.228349 606.758298 80.212938 175.881756
1004.139069 608.383248 80.632351 176.301386
1006.097060 606.582162 80.336096 183.433200
1007.386266 607.537092 80.465520 185.358115
1009.382949 607.755508 80.221918 188.322275
1010.810321 608.625808 80.546288 190.873949
1011.884029 608.868524 81.659598 194.923502
1012.653259 607.854835 82.858949 199.425795
1014.268579 608.070178 82.078654 201.279689
1014.640804 606.797696 82.563402 206.185576
1014.865575 606.651321 81.838295 208.889493
1016.000487 603.615817 80.372578 214.287512
1017.842556 601.511146 77.575361 215.162007
1017.739608 599.283520 79.028919 212.782824
1018.972650 597.540145 79.370728 206.874426
1019.714360 594.719783 79.397490 200.746700
1020.048271 594.193286 79.138477 196.244563
1020.392435 592.772639 80.295090 189.027414
1021.372863 593.265156 79.065605 180.860587
1021.243162 592.265407 79.305893 176.388107
1020.987539 593.092946 77.984010 172.163123
1020.004377 594.467410 77.303475 174.072667
1016.559585 595.178110 77.755867 179.160963
1013.667219 596.701730 77.895844 180.731236
1010.805393 597.930164 79.141403 183.383967
1007.851768 598.723624 79.918401 188.092413
1006.510848 599.462564 76.628304 189.743673
1003.243923 601.657854 77.782478 190.566944
998.870989 600.793775 76.732903 191.807895
994.394092 601.756886 78.485946 187.619697
990.199394 602.318074 79.054937 180.499311
985.494773 601.940354 81.110434 175.051991
983.158622 601.535983 80.709194 173.798541
978.827430 601.013532 82.638463 176.295095
976.600937 601.093929 81.937119 177.976726
973.718258 601.321933 81.408525 180.475666
970.019063 600.889878 82.302832 185.614533
967.881063 600.974236 81.446469 187.658827
964.605098 599.423426 83.833416 191.189030
963.007599 600.127574 85.316137 189.032339
961.533247 599.082558 82.500242 186.749620
959.433313 599.208179 80.267247 182.020710
957.664577 597.881982 78.832628 177.565409
954.138759 596.991322 80.209490 171.433732
952.075599 594.746232 77.735778 174.567716
949.802563 593.313796 77.341724 177.880152
947.980731 591.425619 76.189461 184.529881
945.598582 590.752002 76.392537 184.030481
942.084710 590.339297 78.168042 182.942902
938.596395 590.331423 79.035085 180.648698
936.263764 588.849656 79.481723 176.574346
932.899529 588.073036 80.826274 170.960345
931.264884 587.706687 81.698358 169.763886
928.801606 587.158884 82.679020 171.859253
926.744204 586.273948 83.208273 175.828658
925.835913 584.929367 82.734486 180.065179
924.251785 584.549252 83.559897 183.375486
925.426738 584.411165 81.404596 185.898025
924.424307 583.967103 82.285546 187.406594
924.814469 584.191587 81.497678 188.237787
924.364367 583.071797 83.266350 189.812749
924.349919 581.329514 81.717763 189.628140
925.088252 580.694339 80.473973 186.119944
925.243024 579.873807 79.451521 182.209965
924.837822 578.474951 78.901057 176.213663
923.686142 577.260207 79.293567 170.398518
923.068157 575.412203 78.806763 170.906631
922.003624 575.195024 79.232864 172.615321
921.361463 573.874590 78.415766 176.398146
920.663066 572.609950 78.106906 179.911604
917.201410 572.784119 80.517987 184.106225
914.833859 573.187702 80.903842 184.422865
912.877495 572.329772 80.559628 184.188996
909.944012 572.019453 80.406908 181.896460
907.029009 572.050050 81.217113 180.062271
904.401070 571.646026 80.981997 175.429884
901.832833 571.050040 80.837367 172.305944
901.121892 569.650659 82.248352 175.984268
900.049828 566.983255 83.745160 179.659055
899.767620 564.740209 83.701068 184.817229
897.451983 562.079798 85.210371 190.891566
895.940720 558.094534 84.434916 195.392703
895.537333 555.193248 83.630110 201.248980
893.681135 550.745285 84.498026 203.570889
893.355916 547.610134 86.053900 202.804467
892.887650 544.566144 88.396109 202.322136
891.110963 542.256983 91.614986 202.108338
889.628316 541.381963 95.042794 194.734987
889.411675 539.136292 94.158859 189.048581
888.298291 537.744375 94.612879 186.370327
886.478289 533.573471 95.319064 192.593423
886.554061 530.518973 91.646137 197.710865
884.768546 526.012804 91.161434 202.153166
882.452119 521.911821 92.176369 205.759599
878.335032 519.233537 94.754875 203.577603
875.013585 518.592511 97.394953 200.952557
872.178106 518.465455 99.957819 198.272132
869.796313 513.709564 102.452966 194.260833
869.269382 511.695996 102.116769 189.404789
869.975587 508.906778 103.187630 191.006646
869.716980 506.304605 105.052809 194.665385
870.893859 500.578593 106.404706 200.812265
872.623808 496.007084 105.821103 205.429163
873.296267 493.748412 109.145562 205.547312
872.731696 493.320731 110.631619 199.704724
871.643863 492.021179 113.927329 196.524903
871.505020 490.621914 115.188018 190.430152
870.830749 486.673661 113.798047 189.262899
868.426397 482.908142 111.273131 189.792516
868.882294 478.735524 103.040258 194.092853
866.792503 473.657001 99.893204 200.328907
864.157709 469.722801 100.141429 202.141545
861.305502 469.723868 99.930360 200.410257
857.563056 467.944988 101.547636 195.844254
855.349303 467.280512 102.731348 190.060763
853.325284 464.822945 104.268102 188.065419
853.398966 462.123076 103.433604 194.771765
853.348957 455.562896 101.425824 201.577639
853.044950 451.105634 101.741785 205.427557
852.797072 447.301578 101.654624 211.720777
852.744674 442.671081 101.112748 213.304514
854.114852 439.146589 100.269401 216.804106
855.264785 437.080938 99.045937 216.898470
857.110985 434.289870 96.956446 218.637117
856.726148 430.890525 98.362874 218.700784
857.533690 428.079160 95.093285 211.935778
857.491538 424.533222 92.997703 200.918803
857.636250 419.135775 89.596970 194.511725
855.330384 413.006423 88.585967 191.879069
854.892783 405.796388 86.728378 196.012780
854.314944 401.054000 88.365755 200.212057
852.281038 396.439839 88.429833 205.362347
851.087509 390.782042 88.357487 210.957675
849.919285 387.605368 89.188379 216.551426
846.020193 382.414948 89.903648 222.311598
845.224905 379.763268 87.196585 222.691790
841.028650 375.981368 89.696845 223.594654
839.963250 371.571222 87.674697 225.133006
836.962955 366.731422 86.892588 216.558501
835.210015 361.759916 87.522595 208.202949
831.086941 357.789164 91.333148 201.148929
829.317154 352.012810 91.491065 195.902156
827.968234 345.228726 90.141775 195.274894
826.630457 340.026283 88.808351 200.375814
825.368643 334.090338 89.463748 208.033882
826.444340 330.483507 86.939705 214.566021
826.650582 324.512475 85.982241 220.000399
826.055535 319.377914 85.097195 221.894261
825.232325 317.742718 85.702637 222.243354
824.445654 313.572558 87.941481 223.977947
824.753569 308.832624 88.880914 229.260102
826.223985 307.083191 89.086348 220.446640
826.345354 302.693152 89.223211 211.169892
825.940164 298.260531 91.295058 204.148064
825.827834 295.544900 93.702433 197.295952
825.008479 289.466029 97.370707 191.771282
825.939330 284.707196 97.837585 192.228966
827.102211 280.922015 98.322485 196.368685
827.308793 275.865471 98.973445 199.859223
827.814286 270.958418 100.533412 208.204339
827.166184 266.358925 102.278903 214.387704
825.905801 261.138012 103.630888 220.484417
826.194599 255.494710 101.329127 225.243723
831.746170 249.347077 93.807272 227.547145
834.657542 243.503850 92.386542 226.754285
835.533678 237.432501 92.388411 227.346808
836.153668 230.088953 92.225328 223.476823
833.834418 227.710369 96.117723 211.933300
834.600329 222.395807 97.228925 202.828519
834.744856 217.347954 100.340836 195.144537
835.020652 212.504985 103.095015 187.708402
836.562196 207.490499 104.382511 189.060442
837.854286 201.680783 106.058947 193.308774
840.259024 196.903481 108.000368 199.985338
842.255562 190.392653 106.083599 207.371844
848.693413 179.251324 100.725666 215.172537
853.440200 173.996801 95.686431 218.543314
857.842880 171.449062 91.528299 214.100869
861.740456 164.713396 91.272067 210.354857
865.643941 160.772629 89.699025 203.946198
867.768823 155.752340 90.346797 196.504808
868.666789 153.046662 90.206813 187.593937
869.684879 146.733940 90.995009 184.297182
873.507674 140.818339 89.495981 187.727876
875.089638 134.915216 90.366151 194.274676
876.296929 129.995420 91.818771 199.082409
875.940335 125.125031 93.812675 200.450588
879.836608 121.576652 91.104022 202.413800
880.048389 118.503501 93.176264 203.371020
881.914615 117.565457 92.415674 197.621513
885.674595 115.007586 89.317559 189.863075
887.926381 111.137680 88.650587 178.390673
893.200192 106.746478 84.664357 174.408783
895.983729 102.785548 81.372789 177.639646
898.048991 98.403257 79.806493 184.373659
899.132624 96.017000 81.044422 187.450482
900.095229 94.755687 81.890871 187.863178
902.620514 94.963192 81.518736 184.740496
903.964866 95.924276 83.147761 179.600402
905.501546 96.614013 84.701727 170.521996
907.792665 95.717198 88.108751 165.177285
909.439670 94.830288 90.849266 169.023297
911.983776 92.270001 89.886248 175.786736
914.542861 90.301941 88.855104 181.532607
917.249156 88.325152 86.830521 188.982373
919.692505 85.323747 88.340218 194.201423
920.748456 86.360423 90.242103 192.822031
923.296232 87.275941 89.952227 194.382772
925.407782 89.224796 89.401412 185.556911
927.427804 88.646790 89.764476 182.175367
933.034564 86.320761 87.825888 175.996119
936.826827 85.767012 87.470390 168.001017
942.517993 86.337073 83.875377 165.611580
945.284710 87.501541 83.927268 170.407844
948.864999 89.363189 85.042238 176.520967
951.666834 90.190238 88.864670 180.866142
954.605195 92.057669 94.854664 184.354147
956.943139 95.313253 94.134566 187.526298
960.971800 97.913855 92.195529 183.860929
966.275170 100.499660 87.128140 176.832415
969.052429 103.670555 87.721229 169.531102
975.642317 105.352132 82.917415 166.894529
979.275282 107.212917 81.097512 169.426317
980.750173 110.703737 82.006844 172.971828
982.529631 111.910853 86.198826 180.883457
984.991832 114.582625 86.428187 183.942905
987.132064 119.072319 86.180574 187.670005
988.221145 120.313831 88.910746 193.646097
990.641006 123.742177 85.434409 195.154620
991.516529 125.770861 85.521068 199.130246
993.006594 127.780811 84.373789 199.686216
993.449841 130.980015 87.305058 201.803355
994.821039 135.322084 86.350752 198.380929
994.633426 139.696128 85.690183 190.048065
994.890571 140.364401 85.772182 183.939237
996.742247 142.782830 82.549544 176.298197
997.128609 145.368645 85.309121 173.182528
995.439841 146.945561 85.438261 179.524325
995.244904 151.942847 83.558284 181.460109
993.974646 153.704021 83.054845 187.404806
992.174796 158.495573 83.388481 193.494445
990.178528 161.916325 83.242028 194.608453
988.850004 165.555216 83.819249 197.197336
987.720990 169.085660 83.270816 199.580598
987.491259 172.088957 81.911596 200.211170
987.077487 176.041571 82.341533 198.788579
986.375870 178.659616 81.073416 196.817492
983.851780 181.941222 82.012379 187.302092
983.364386 184.364780 80.067336 180.797723
982.125714 187.233112 80.589243 174.429607
979.511774 188.402054 82.631577 177.047284
977.353422 192.821428 84.385535 180.101971
976.210246 194.916364 82.558321 184.506650
974.461787 199.822680 83.347294 186.582009
972.159768 202.836113 83.236499 190.270982
970.428644 207.173313 82.583125 193.192682
968.969855 210.880761 80.359127 196.589825
967.040127 214.327189 80.885754 198.590990
965.529520 216.538205 80.066639 201.540377
962.762091 218.559026 80.715683 200.197367
961.065297 220.855275 79.832820 198.266994
958.271300 224.220498 78.405451 195.953134
956.335726 226.757016 78.637463 191.582733
953.928268 227.765014 77.646247 184.647836
951.865501 230.718363 76.610618 177.692151
949.327291 233.502155 80.372152 170.927015
945.408580 235.958238 82.167616 172.432755
943.461642 238.980686 82.296273 177.284947
940.841110 241.911278 80.226486 182.739542
940.548133 245.426726 79.014806 187.172898
938.627139 248.851399 77.995026 191.512893
935.580723 252.653879 78.459672 193.427411
933.845484 255.943164 79.085580 196.035403
932.469634 260.875779 80.080800 196.147816
930.385038 263.799466 80.675902 195.936534
930.852766 267.346206 77.510575 192.540164
929.059323 271.388189 78.400842 189.007457
927.580503 274.422004 78.220677 185.274658
926.893718 275.936325 77.617816 180.531906
924.244461 278.740913 79.725108 173.556174
923.095423 280.709391 81.282444 172.218663
921.165393 284.307535 82.920457 171.261587
921.280229 288.219171 82.069696 175.016207
920.887573 291.349023 80.027668 177.019330
918.748518 294.242253 82.420846 181.900199
918.920908 297.670648 80.813498 185.553544
919.002987 303.070014 79.672511 187.120559
917.331567 306.216132 78.522676 194.990068
915.568042 310.497741 78.016728 193.337189
914.586743 314.895868 76.937569 193.067594
913.922514 314.073116 77.498211 198.207931
912.961437 317.338208 79.141241 197.233115
911.653165 319.530624 80.693599 194.668186
911.021555 323.328247 81.006927 189.600347
911.734261 326.658373 79.939979 182.609370
912.529516 328.624871 79.390023 174.835554
914.045270 330.309487 81.301584 170.553994
915.453038 333.528632 82.569010 171.233304
916.341507 337.694498 81.999397 175.200012
917.587910 340.400921 79.866972 179.835960
918.363590 344.790139 81.473156 182.995471
919.387941 347.109738 78.663202 187.652830
920.387777 350.184072 80.505215 192.105404
921.268753 352.879726 80.195477 197.302549
923.264203 355.340533 79.339613 198.213128
925.189033 357.237545 79.132578 202.016230
927.595125 358.554606 77.801017 200.430009
929.466221 363.195023 79.630355 196.095558
932.157318 363.065829 80.205765 195.038789
933.541162 367.119660 79.664191 186.872468
935.291883 367.299228 79.337165 184.020643
936.770143 371.192738 80.176257 173.143669
937.782147 374.106054 81.704821 172.365011
939.777912 377.471367 80.997886 173.878758
940.498828 378.942745 80.324687 179.264545
942.599480 383.017106 78.450403 182.810620
943.917168 386.985729 80.086346 185.682166
944.995488 390.606667 80.890409 188.548823
945.088270 392.988629 81.867156 192.334869
945.517065 396.781505 81.986730 194.731778
944.662125 398.697246 79.042859 195.927488
945.356201 400.418147 77.777866 197.107763
943.771189 402.550765 77.732156 197.065376
942.544568 405.604918 78.813151 196.011227
940.862284 407.885770 79.184424 192.394352
939.181204 412.016239 82.128254 184.685053
938.655813 412.841377 81.182211 179.491758
936.674989 415.122741 81.168103 173.503175
935.223061 419.136170 82.314467 170.029680
933.730029 420.471751 82.100744 175.775670
932.820472 424.099969 80.723495 177.694503
932.312050 426.843833 79.711424 183.363791
930.118472 430.105813 80.829844 186.755504
929.444506 433.167719 80.672793 191.029163
928.251205 436.053455 80.066289 195.199989
927.312507 439.169707 79.413590 196.218984
926.707541 442.519715 78.490877 197.233564
926.556816 445.404252 79.217582 196.895489
926.640102 446.999050 79.634914 193.429024
924.889488 448.910154 78.600131 193.189175
922.800215 451.341006 80.003727 189.769504
922.011150 452.105746 78.848794 186.207670
920.699526 455.440119 80.186663 180.531435
920.302127 456.036892 77.598769 172.654654
919.750168 459.723300 79.535771 170.180569
918.791241 462.158069 80.720782 173.367168
917.612922 464.474570 80.609142 177.590013
917.786940 466.993581 80.610831 179.712151
917.180193 470.214265 80.437326 181.834021
916.945570 472.788245 78.566231 185.162824
915.076482 474.435236 79.923523 189.235162
914.918928 477.533544 77.402004 190.853593
913.537155 479.786262 78.555591 193.563175
911.709551 482.169845 77.981998 194.296865
911.435003 483.667786 81.356468 193.221375
910.526566 484.292839 81.302241 193.428188
909.797781 485.866617 84.091541 191.562050
909.065881 487.492997 84.426449 188.165305
907.959230 489.093120 87.295165 182.650454
908.384710 491.379521 87.697451 177.288444
907.085024 492.487727 90.015407 171.714357
908.226328 493.668395 87.848229 168.680558
908.858991 496.503557 85.697719 168.329276
910.057325 497.414437 85.956328 173.607006
910.400663 499.344218 83.140717 175.971786
910.691578 501.016316 83.548958 179.755244
910.727777 504.326668 82.562075 181.698202
911.284472 505.322081 83.668318 185.986307
911.236025 507.877886 83.665999 185.309859
911.205465 508.168185 84.257078 189.168833
911.889512 509.625344 83.132689 189.740241
912.478614 509.887429 81.933954 190.251288
913.720309 510.454771 81.968061 187.246509
914.474795 509.986789 79.544861 186.105660
915.575742 509.910805 80.689638 184.156251
917.816555 511.153261 78.319015 178.842706
919.694458 512.052138 78.274292 173.864516
919.968917 512.548346 79.942868 169.119737
920.731401 513.557536 79.586903 166.926222
922.102784 514.129818 78.894064 171.192207
923.295223 513.937220 78.774129 175.872764
924.391808 515.608688 80.820683 177.916086
925.590564 516.517779 80.885934 180.876175
927.679883 515.693027 80.614386 185.950129
927.337236 515.682530 79.425532 189.353028
928.722109 515.986190 79.427696 190.932678
929.055674 518.505551 78.033495 188.967711
929.440620 517.810281 76.935725 189.830633
929.522630 516.240928 78.118513 192.187228
930.587026 514.790708 74.538216 190.407970
930.007744 514.284777 76.756188 186.438643
931.478150 514.013373 76.885573 178.482731
930.664936 512.613155 78.749857 172.289542
931.341756 509.776020 81.382579 169.453908
932.036729 510.287461 79.191188 167.864162
931.555464 510.544414 80.146456 169.289888
932.509914 511.229460 80.294667 171.239228
933.102835 511.040938 81.622653 176.730102
933.448774 511.375460 78.148229 178.333883
932.206281 512.154657 78.370072 180.078192
931.698773 511.680489 80.107778 181.448782
931.969278 510.613642 79.119883 180.585971
932.329799 511.444423 78.850276 177.907308
932.165737 512.508998 80.199254 173.138323
931.095428 513.420051 81.969022 171.566944
930.243625 512.889736 83.814346 172.654271
933.713588 513.878052 78.163435 168.716570
934.102782 515.518352 77.402880 170.207610
934.148504 516.003267 75.711648 171.133071
933.960306 516.733552 76.403377 172.310206
933.238002 516.419449 76.643967 175.459578
932.755272 516.757835 77.634868 178.120588
933.144418 519.625023 76.909644 177.762677
933.637921 519.266836 74.004031 179.426636
932.112795 520.976670 76.484738 179.270123
932.373811 522.524228 78.854080 179.863464
934.480471 522.973792 76.350901 179.493280
934.714902 523.362059 77.309357 179.543656
933.510690 524.299194 82.231498 172.530675
933.587570 524.884024 77.648097 169.972909
931.716558 524.299941 78.166915 168.720692
930.298101 526.142322 80.838652 163.455084
929.465436 526.477614 79.501570 162.173032
929.178747 526.313057 76.939178 164.330982
927.299137 526.587966 78.306198 167.247366
926.924464 527.182991 78.082277 170.144648
926.132528 529.238873 82.700479 170.443097
928.122693 528.444971 78.422133 174.449116
927.364474 529.323575 80.433662 177.819891
927.298033 530.011643 79.245894 178.945039
928.404331 529.911047 77.816389 181.538744
928.114119 530.005468 79.554246 184.315689
928.016491 530.434625 80.058140 183.617360
927.972527 531.559518 79.905393 181.486800
927.297114 531.430500 80.180129 181.830563
927.875207 530.892331 79.275252 179.828426
927.632779 530.624880 80.035585 177.650257
928.669714 531.106922 79.558608 175.239554
929.162532 532.013556 79.563444 171.177640
929.962572 532.357592 78.955478 170.752322
928.976931 532.725868 81.116734 168.502140
929.841289 533.349112 81.036191 167.966114
930.911001 534.871871 80.117085 166.929777
932.992169 534.486764 78.633487 167.636381
934.165284 535.057049 77.756904 170.948818
935.303826 535.630521 77.975593 172.723204
937.203327 535.378116 77.587006 174.845094
938.816458 535.984424 75.077527 175.701769
941.008266 535.817300 77.866688 176.888835
943.995245 536.112973 77.495184 177.848745
947.233860 535.362084 75.200105 178.320252
950.894590 534.636561 75.565462 180.683328
953.600136 533.558436 75.186013 182.251161
957.574845 532.772932 73.880047 181.996946
959.953707 531.484260 74.413274 183.738040
963.243784 529.691401 72.056114 184.844132
966.933228 527.577567 70.123134 187.587646
970.140247 526.306557 69.686752 184.642711
971.532941 524.549059 70.615800 183.653903
972.214366 523.830904 72.256002 180.265825
972.397461 522.948751 73.031034 178.289548
974.058095 522.301085 71.184110 182.103062
974.426949 521.954202 73.757388 186.361216
975.842919 522.251574 72.187871 188.369257
975.840555 522.092562 72.841402 189.016536
975.667116 523.150309 71.493734 183.613330
975.086198 522.211863 69.408399 191.771622
974.343263 521.970425 69.373294 191.761985
972.885127 522.102231 71.057991 191.716007
972.912277 522.075936 68.343460 189.972729
972.827041 521.424296 68.096756 195.816166
971.686071 521.206199 69.360833 196.864266
970.964180 520.593222 68.417869 196.645630
969.653737 520.618555 69.008610 198.222235
969.471633 519.433562 68.539729 203.229291
968.253775 519.689320 68.922628 203.783403
966.245646 518.642566 69.258162 202.913753
965.524436 518.732179 69.744567 202.487775
963.213072 517.683813 72.092692 199.350095
960.241836 518.095573 76.561535 196.018785
958.890424 516.909357 76.748201 195.663052
957.202656 514.429378 81.464087 197.283555
955.736033 510.463129 84.208941 200.016875
954.013463 508.207972 86.161111 199.179877
953.476597 505.829710 81.657285 199.708472
951.715044 504.011937 82.546109 199.396340
950.044240 502.610027 83.496205 198.311122
948.421434 501.165736 82.312832 195.897231
947.111949 501.561674 81.525967 189.338712
946.351150 500.237909 81.293798 189.146027
945.959817 500.284163 83.525169 184.045099
945.387702 499.992273 80.746579 180.362065
944.723827 501.390439 79.315674 175.490468
942.893804 501.233596 78.537837 167.787690
941.975765 501.844937 78.259848 164.694535
940.299080 503.369235 78.151824 160.829277
939.679621 506.492559 76.971427 157.461428
939.007889 507.032925 78.015945 157.423084
938.351793 508.234942 76.164878 155.006776
937.970710 509.348610 75.494324 156.693221
937.084785 510.577243 74.965686 156.697233
936.336033 510.808105 73.786675 157.794070
935.145170 513.296018 72.781392 157.629617
933.796046 513.286819 71.064239 159.288521
932.979167 514.610379 71.148065 159.554994
931.612110 516.904573 71.409153 158.124852
929.848947 516.654374 71.025024 159.864065
929.507503 517.993853 69.910376 160.441964
928.184357 519.717939 70.347977 159.891736
927.401169 519.762350 70.684893 160.800315
926.814195 521.861784 69.764086 159.805051
925.185588 522.217193 71.622559 160.890021
925.020569 523.547797 71.243604 161.025444
923.867921 525.415705 71.388989 159.563692
922.820018 524.752121 71.115848 161.645928
921.956747 527.123806 71.623168 160.573338
921.032168 529.460890 72.177899 159.362294
920.198922 528.851376 70.547704 161.592634
918.702465 530.273454 71.554444 160.995639
917.909045 531.000370 69.989886 161.870786
917.628035 531.132538 68.191420 163.429265
916.714803 532.575668 68.452537 163.285835
916.060358 534.016312 67.932223 163.070398
916.062642 535.304830 67.207260 162.428997
915.872847 535.790233 67.182068 163.418537
915.383066 536.881255 67.778964 162.942191
915.231324 537.150093 67.180657 163.951516
914.910464 537.480913 67.987421 164.996335
915.022566 539.725239 67.715939 163.419680
914.234433 539.466247 68.964419 164.641065
914.705462 542.696854 68.214627 162.127645
914.552133 541.878221 69.030999 164.393084
914.705462 544.314832 68.034259 162.660210
914.553642 544.368819 68.769624 164.208698
914.682343 544.207968 68.128353 165.616143
914.534363 546.875948 68.494734 163.476214
914.232366 546.336441 68.795684 165.204426
913.874482 548.875930 69.133244 164.005954
913.159811 549.996956 69.478840 164.356357
913.190587 551.157447 69.317690 164.648637
913.705471 550.853992 69.065454 166.177012
914.668252 552.804708 67.716581 164.736143
914.000260 554.172012 68.785855 164.879472
914.300189 554.644179 67.728916 164.954837
914.696646 556.116489 66.264886 164.556491
914.147039 556.983309 66.393537 165.172704
913.404213 559.139415 67.331912 163.492543
912.553653 560.427293 67.680952 163.299763
911.807662 561.150114 67.787901 164.026563
910.974195 562.630886 68.053261 163.606196
910.060364 564.304838 68.212537 162.578256
909.211649 565.316542 68.058288 162.887880
908.553614 565.983320 67.822742 163.594203
906.311658 566.585584 69.946160 162.850239
905.960619 568.982967 68.426523 161.411150
904.838402 569.556903 69.713381 162.512857
903.964417 570.122709 69.165416 163.117813
903.225181 571.727590 69.413268 161.765058
902.687187 570.522579 68.993467 164.809339
901.757892 573.040814 69.454220 162.558217
900.677809 572.842822 69.305025 162.462046
899.454190 574.563684 69.757886 163.654819
898.879780 575.107417 70.527239 162.028073
898.474938 575.171998 71.665105 163.371952
899.726194 575.136998 71.714214 163.589845
901.156414 575.910227 71.118765 163.341556
900.750713 575.644968 72.521910 163.432572
900.837233 577.345962 72.324070 162.505558
901.189541 577.693836 71.378631 163.033022
902.641068 577.138589 70.720214 163.838051
902.519318 577.475210 71.569433 165.083060
902.627801 578.732761 71.244345 162.966616
902.920438 578.644984 72.034532 164.556040
903.479825 579.453265 71.359531 163.621368
903.592104 579.519973 71.519458 163.906946
904.030975 580.970767 71.634855 163.357982
904.898653 580.124862 70.488334 164.376982
904.606596 583.068910 71.442136 161.808164
905.333480 580.791204 70.435617 165.283131
905.273239 583.290187 72.600946 161.811405
905.805407 581.969696 71.361632 164.231721
906.466506 584.235465 71.079405 163.072555
906.542252 582.512669 71.201187 164.266933
907.497228 584.081281 71.356364 164.231459
907.717660 584.351412 71.445113 164.427401
908.142603 584.733892 70.731653 164.872386
908.553211 585.183049 70.952875 165.276519
908.121256 587.510871 70.701434 161.964921
907.283542 588.657594 70.172535 162.114373
902.983542 588.401793 72.331795 161.607834
898.155595 589.588993 74.109778 161.563149
893.832663 591.330141 73.560776 161.521403
890.843874 590.576264 71.651420 163.178354
888.893475 591.587277 71.240759 163.215452
887.047215 590.913334 69.804108 164.288085
886.321836 593.260126 70.676893 162.489159
885.106702 590.839933 69.425894 165.409127
884.080709 593.850512 70.688366 162.704675
881.995317 591.905430 70.378569 164.200114
879.124202 592.921932 74.951260 163.129599
876.984018 592.660051 77.879840 164.058587
875.549712 592.810037 77.752361 164.757603
874.105096 593.309288 77.775262 164.167220
870.731498 593.641646 81.291441 165.538444
868.420254 594.536891 80.917773 165.586276
865.024253 594.922064 81.829714 165.300299
862.003568 594.745828 83.131661 166.145717
859.656474 594.921131 82.646729 166.849401
856.541145 594.291730 82.028246 168.257619
853.269854 595.823372 82.999941 166.226878
850.112902 596.148791 82.921759 166.932718
849.029205 594.988027 85.059785 168.684340
846.614289 595.727990 83.228521 169.769831
844.528065 596.714413 85.747302 167.948439
844.024784 597.471365 85.116656 167.289203
844.134979 596.862466 84.359121 168.838765
842.610563 597.278465 85.247512 168.207987
840.626814 597.736500 84.848729 168.379727
838.095895 597.063640 83.360275 168.405819
833.998538 598.217783 83.729674 168.207934
830.379250 598.009268 85.065565 167.697929
826.762548 599.138316 84.877746 165.899706
824.666180 601.014376 85.884198 163.591278
823.532355 600.262361 84.076270 164.198954
822.964519 600.772804 87.684869 163.967058
823.720028 600.913018 86.302004 164.716639
824.004027 602.348675 87.354507 163.410742
824.790371 603.626168 87.186246 162.979484
825.821051 603.844011 86.515203 162.714851
826.496357 603.389333 85.290556 163.148307
825.913662 604.216948 84.608145 162.832277
826.424046 605.155592 85.737500 162.534091
826.317910 605.327605 83.322791 163.258470
826.544207 605.259179 82.058805 164.119001
827.808022 606.317276 81.778304 163.060904
829.572878 606.368996 80.760565 164.613375
828.856483 606.862217 80.718870 162.817077
829.463835 606.867367 80.773793 164.485869
829.933844 607.591490 81.085701 163.451854
831.238402 607.756720 80.003417 163.483945
831.934926 608.645390 78.791216 162.547149
832.630123 609.147743 78.983071 163.367359
834.027401 608.746644 78.471092 163.668880
835.112885 608.753936 77.022830 163.446073
836.432726 608.705910 75.932023 164.836283
837.853840 608.751638 74.917457 164.043257
838.439496 609.213359 75.752824 164.916064
839.519802 609.582021 74.500056 163.760849
840.665735 609.660058 72.503433 164.209532
841.216077 608.983971 73.086133 165.015531
841.842326 609.603822 74.056237 164.795352
843.355497 610.995084 73.178374 162.943979
844.577932 610.113848 72.524911 164.812966
845.329323 611.116492 71.741071 163.331117
845.855851 610.744886 73.299973 163.831900
846.226980 610.047623 73.112561 162.831521
846.791879 609.339862 73.438929 163.611681
847.107890 610.228187 74.026884 161.873862
847.750021 608.943877 73.646003 162.521487
848.083995 607.943872 74.018869 163.262411
848.262330 607.104226 73.988235 163.221116
848.076730 606.892617 75.442075 161.986505
848.992571 605.882441 74.467690 162.815463
849.081091 605.499384 74.378847 162.231333
850.039529 604.154867 73.728555 163.128407
849.359907 605.005604 73.866409 161.022063
849.614719 603.181447 73.867196 163.275476
850.107883 603.506703 73.069449 162.116917
850.213602 603.360197 72.636539 161.503379
849.840663 603.093537 73.031563 161.206538
850.328179 602.706212 72.632770 160.520309
850.459933 601.095526 72.789068 162.343519
850.613033 601.136993 72.772271 160.621516
851.693807 600.107425 71.512102 162.546507
851.528265 599.532471 71.376631 161.107365
851.768057 599.116491 71.106743 161.567054
852.168034 597.545788 71.543164 162.401018
852.381884 597.817112 70.773457 161.368635
852.032997 596.842833 71.439799 162.019423
852.303207 596.656181 71.726261 161.046390
852.651691 595.503044 71.135490 162.032775
852.682357 594.827418 71.769810 161.571057
852.642636 595.052219 72.339337 161.157183
853.848079 592.962497 71.446250 161.207347
853.247414 592.886304 73.067609 161.249201
853.911275 591.419797 71.482097 161.733247
853.402914 591.163341 72.137215 161.235137
853.801045 590.264121 73.436105 160.998600
854.004277 588.687491 72.690811 161.988949
853.992569 588.587133 74.450696 161.310097
854.750045 586.830410 73.815433 162.192479
854.443654 586.627365 73.383439 161.430396
855.189550 586.192859 74.617413 160.639056
856.011190 584.688726 73.016785 161.216597
855.881638 584.261096 73.257205 160.598439
855.717107 583.205277 75.047417 160.727547
856.732791 582.014167 73.183249 160.861556
856.675836 581.428283 73.730899 160.357941
856.634449 580.037612 73.504431 161.188914
856.518079 579.136995 73.420865 160.474906
856.922633 578.372595 73.573653 160.121006
857.865502 577.650689 73.320495 160.282133
858.126282 576.488405 73.459687 159.681442
857.833540 575.497787 73.237183 159.948885
858.079280 575.217775 73.886659 159.521011
858.172321 574.046328 75.371854 159.997070
859.750016 573.575637 74.417946 159.338409
859.542555 572.595166 75.823012 158.952000
860.255191 572.520345 75.903311 158.276766
860.167368 570.706194 75.904487 159.058713
860.326067 569.693842 74.258288 158.751371
860.833538 569.052212 75.041267 159.103083
860.876814 568.479189 74.440494 158.285733
861.288802 568.421329 74.639070 158.171313
861.956739 567.107456 74.826522 159.120632
861.748172 566.534101 75.378880 158.230810
863.004295 565.972081 73.312987 158.229537
862.779608 565.126116 74.176324 158.166390
863.453425 565.037214 74.022013 157.739687
863.909100 563.630885 74.983263 158.734006
864.174287 563.314820 74.591489 157.637622
864.368045 561.780346 74.797039 158.270914
864.709682 562.239343 73.806932 157.877128
864.785326 562.700721 75.107023 156.014103
864.718602 561.017589 74.479594 157.388951
865.405852 560.219031 73.818338 157.091806
865.653866 559.886009 74.258658 157.243618
865.948196 559.164591 74.545418 157.218452
866.535825 558.219025 76.092566 157.525504
867.258605 556.875922 74.237646 157.498584
867.325870 557.138880 76.302507 156.750597
868.122951 556.149452 74.662839 157.425115
868.577620 554.670083 76.236227 157.875726
868.834008 555.002465 75.839071 156.182604
869.325908 554.415706 76.395170 155.914101
869.115556 553.145543 76.139969 156.688817
870.418118 552.800390 75.091489 156.124071
871.115666 551.235713 74.558306 157.623260
871.785301 550.711276 76.681816 157.123088
873.174305 550.786695 72.817883 155.893307
873.301916 549.869415 75.462389 157.806178
873.796332 549.095692 73.675247 156.919039
873.820015 548.886025 75.823962 157.606732
875.295874 548.587904 72.645576 156.068069
875.295927 547.869426 75.254125 157.298966
876.453397 548.070017 73.662509 155.494772
876.973543 547.305516 74.965372 156.668437
878.032146 547.192656 74.951723 155.327036
878.872606 546.771651 75.302607 155.965928
879.570289 547.342908 75.065216 154.010738
879.562621 547.154339 76.299193 154.504788
880.087483 546.262874 77.176213 155.281534
881.362199 546.433708 76.850694 154.250504
880.890149 545.316541 78.617295 155.084793
881.873144 545.601331 78.656042 154.222771
882.182076 544.979539 78.801574 154.585222
884.053847 544.259519 78.839882 155.620514
886.704232 543.925861 77.059688 155.419396
887.973633 543.499385 77.572008 155.569209
889.964001 543.099365 76.698060 154.915374
893.051479 542.674846 74.964970 154.486969
895.357731 541.467461 74.363224 155.860529
897.378198 540.633673 73.546220 155.078552
900.305042 539.433654 72.414379 155.699278
901.722615 537.967137 73.138808 155.857509
903.259536 538.207420 73.225682 155.960955
905.070365 536.708805 73.543998 155.621047
906.485822 536.138928 72.238672 155.591668
907.413732 534.423590 72.905219 156.655524
908.446260 534.629048 73.441073 155.985621
910.191862 533.326733 72.998144 156.786696
911.105286 533.655747 73.910433 155.126046
912.328729 532.598999 74.442460 155.703520
913.750872 532.548805 72.938908 156.167547
915.166421 531.761366 73.617275 156.614185
916.694732 532.039682 74.019743 155.410484
917.452394 530.217183 74.256000 156.468219
918.944165 530.423810 74.309311 155.766665
919.646491 528.981096 75.385041 157.374918
920.214255 530.191985 76.649565 154.804497
921.820605 529.246359 77.041916 155.992375
923.662209 528.149447 75.791662 155.770571
924.909398 528.555798 76.573825 155.303199
926.731648 527.490736 76.610694 155.456789
929.125181 527.380459 74.386589 155.093286
930.589060 525.052631 74.962356 156.561566
932.104890 525.396179 74.240871 156.258761
933.173017 525.477361 74.676854 155.497368
935.271421 524.878989 73.149975 155.786676
936.424969 524.514601 73.626630 155.502183
937.705824 523.381928 73.508722 155.991821
937.855192 523.697622 73.895002 155.276316
939.446298 523.461062 71.661464 154.912708
939.624176 522.962245 72.848366 155.488370
940.719388 522.487581 71.668598 155.004812
940.859834 522.069334 71.614359 155.595427
941.475671 522.046330 72.150119 155.317993
941.382506 521.616933 72.845868 154.681390
940.491627 522.477860 75.785489 152.820463
940.349237 523.395974 75.506423 151.529940
940.318193 522.109342 75.597488 152.483551
939.532783 523.936027 74.417275 150.393845
939.103736 522.510653 74.450605 151.263742
939.916747 523.724966 74.968668 149.589257
937.937932 522.247081 74.532361 151.501194
937.222936 522.595089 74.901246 149.966589
936.623282 521.768659 73.533233 150.491713
935.079675 522.518295 74.349284 149.701920
932.243011 522.261072 74.990692 150.709695
930.962655 521.847809 73.663416 150.815447
927.668106 520.023727 75.480087 152.545853
925.409276 520.019557 74.756050 152.380912
923.468774 520.053300 74.632866 151.188420
920.855982 518.379810 74.173723 152.283448
917.888012 519.187039 75.315896 150.809538
915.855987 519.724970 75.286226 149.380287
913.890859 517.879779 73.901485 151.033294
910.654266 517.664640 74.645742 150.665287
907.681855 516.472239 75.537472 151.245624
906.334226 515.303260 74.275815 151.644622
902.702421 514.591303 75.158115 152.351927
900.044858 514.530343 74.971045 151.151633
898.735865 514.180044 72.286428 151.149850
893.617116 512.892300 75.529802 151.714534
891.515478 512.635226 74.586167 151.396276
888.808901 512.326835 74.390574 150.917689
886.349803 510.997973 74.612953 151.511347
883.903053 510.553067 73.788839 151.078202
881.357908 509.932376 73.687706 150.911364
878.479050 509.508321 75.184250 150.821610
876.031178 508.762656 73.899954 151.008001
873.584481 508.089894 73.280094 150.892554
871.037308 506.695567 73.094681 151.370402
869.357303 507.057007 72.099146 149.745239
866.512973 505.591602 71.833084 151.467897
863.568567 505.204560 73.169279 150.818847
861.486146 504.690896 72.569681 150.861439
858.561759 504.204559 72.260922 150.958024
855.748918 503.472535 73.063885 150.926594
853.761712 502.916916 71.798655 150.538193
852.632141 502.854562 70.698435 149.832425
849.913317 501.300119 70.710301 150.920019
847.843696 500.583865 70.583355 150.285177
845.772920 500.296609 69.459266 150.006238
844.147224 499.638519 69.389554 150.137088
842.938278 499.223375 68.537062 149.454312
839.978941 498.413818 68.742916 149.746163
838.633490 498.751241 68.665974 148.477224
837.674880 497.294042 67.424003 149.662168
835.644057 496.343342 66.622633 149.534726
834.275516 497.078040 66.754952 147.741284
832.517177 495.515628 66.824110 149.228401
831.742304 494.382041 66.594525 148.282616
830.479535 494.484032 66.491289 148.068259
828.963320 494.025153 66.849431 147.309549
827.863499 493.980707 67.248560 147.091035
826.303487 493.778493 67.330251 145.815509
824.313258 492.972446 67.745186 146.553021
820.908310 491.953448 71.493459 146.510263
819.546624 492.029216 71.331155 145.900098
818.303279 491.345104 72.942135 146.052267
818.308003 491.447248 70.888751 145.207321
817.978034 490.482933 73.929122 144.580120
817.392705 490.885833 73.246405 144.105999
816.915239 489.193251 74.372925 145.800930
816.752568 489.943597 72.104747 144.435427
816.684364 488.179482 74.134380 145.282765
815.726335 488.975473 72.470422 144.276745
815.015545 487.457766 71.037119 145.136727
814.394409 487.085965 70.084714 144.176505
813.963326 486.063561 71.036378 144.598776
813.394423 485.804665 69.428969 143.859234
813.006793 484.451151 70.909658 145.008876
812.768507 483.583778 70.291024 144.545705
812.898894 482.693655 69.500272 144.970121
812.020600 481.611491 70.630451 145.183994
811.846162 480.393833 71.509401 146.203814
811.857439 479.115773 69.751709 146.141584
812.189992 477.368963 70.923590 147.698464
809.983282 475.724631 70.240775 147.736146
811.207590 474.603290 71.532884 149.023328
810.690110 472.825064 69.258592 149.232426
809.870713 471.948292 72.869762 150.156592
809.988009 471.152502 70.666044 149.763384
810.227093 469.300119 73.680632 152.024900
809.433630 467.795127 72.529152 152.101574
810.411016 464.770920 70.401365 153.822952
809.974094 464.060050 72.151732 153.330647
810.264011 462.556911 72.913827 153.788987
811.058805 461.235862 72.116267 153.270185
811.609008 460.254151 70.994561 153.442093
812.277496 457.988312 70.048492 154.861542
812.683717 456.203092 68.189958 154.894998
813.995129 455.125168 67.594330 155.896302
814.356728 453.635473 68.549537 156.918098
815.965406 452.088510 68.638141 157.232575
816.516758 450.520919 68.938275 157.828911
817.983762 448.668022 69.597074 157.599325
819.904363 447.386667 68.884491 157.878313
821.079087 446.991522 69.792076 157.749360
822.338397 446.314219 70.362532 157.837728
824.264642 444.756097 70.482292 158.852205
825.362902 444.217199 70.498808 158.261524
826.700025 443.122180 70.617541 158.757313
828.210203 442.507724 69.742661 158.950261
829.940651 441.356108 70.006085 159.863723
831.378127 440.603895 69.215183 158.968200
833.105985 439.422625 69.381790 159.617659
834.035155 438.122130 69.785574 160.408327
835.734143 436.653620 69.254753 161.660452
836.742195 436.027846 70.479165 161.414016
838.673211 435.513176 68.913402 161.054886
839.126061 435.002407 69.706314 161.810057
840.190614 434.351107 68.749012 161.544011
841.720955 432.635261 68.810396 163.191466
841.935285 433.234552 70.047516 162.737101
842.340648 432.771296 70.097295 162.512092
843.153166 431.941304 71.232177 162.964074
844.473240 431.363352 71.864705 163.267485
845.198982 431.463516 70.769988 162.442685
845.036498 430.827411 72.390620 163.570802
845.499714 430.958192 72.952980 161.803039
845.669984 429.687480 73.136636 162.800422
845.896405 429.798802 69.315339 161.810300
845.418865 429.251396 73.490050 163.110005
845.195827 429.397240 71.800405 160.926125
845.060520 428.893962 71.551761 161.347034
844.616877 428.163334 71.821057 161.750594
843.838376 428.157442 71.884901 161.651458
843.130570 427.432384 71.249471 161.343639
842.164531 426.110243 71.926325 161.616409
842.058537 425.767854 73.784604 161.819017
841.561705 425.351430 71.855145 161.223187
840.418083 425.272887 69.459185 160.493563
838.844914 424.437004 71.134797 161.243054
838.113868 424.559674 71.057147 159.435777
837.399583 423.703539 70.369104 159.845736
835.605245 422.603888 70.842681 160.272436
833.948228 422.359884 70.714171 159.205622
832.730551 421.997713 70.886408 158.625614
831.681815 421.980600 72.513642 159.024787
830.352810 421.563092 71.478183 158.689370
829.399629 421.253109 72.602382 157.844682
828.126957 420.471896 72.064328 158.858589
827.190712 420.235619 73.039337 158.184424
826.444433 419.304830 72.698409 158.897338
825.266584 419.180925 72.329575 158.256398
824.360144 418.798889 72.089847 159.115881
823.444429 418.304829 70.393733 158.318201
822.905136 417.011670 70.669871 159.736543
822.171503 416.923817 70.788664 159.042823
821.508926 416.542989 70.447671 159.333335
820.599839 415.832679 69.272854 159.588939
820.069210 415.781978 69.416627 158.821022
819.913460 415.253753 68.322291 159.800262
819.060913 414.533939 68.096420 159.506342
818.183991 413.267354 70.521571 160.039294
818.224654 412.593161 70.080634 160.248406
818.183613 411.659428 69.943633 160.362657
818.186550 410.704569 70.292145 160.771748
818.610890 410.083803 69.325021 160.408959
818.108820 408.611988 69.785060 162.274077
818.377244 407.449255 70.605548 162.265840
818.728160 406.377371 71.253782 163.350815
818.307724 405.856947 72.498909 162.187689
818.652547 404.630939 73.002137 163.301783
818.440858 404.170375 74.132953 162.221114
818.276866 403.116552 74.626787 162.612232
818.209714 403.116487 75.789800 161.688416
818.811980 402.556349 76.620861 161.547131
818.651740 402.052477 76.700483 160.979319
818.594887 402.218193 78.938753 160.331633
819.665045 401.444604 75.836810 161.621984
819.551052 400.779680 78.982568 162.552229
819.902111 400.242681 77.560603 161.836737
819.690182 399.320297 79.515082 162.746288
820.543524 399.130836 80.065454 161.621797
820.364917 398.469139 79.238978 161.336089
821.635254 397.882525 79.799374 161.744825
822.499139 396.788532 79.338457 161.471331
822.715184 396.514088 80.242444 160.899193
823.857515 396.865658 80.166379 158.978420
824.188377 396.266547 80.783632 159.286985
826.128388 396.088582 79.817059 158.722850
826.989259 395.156341 80.974024 159.692222
828.838176 395.143398 80.993135 158.520698
830.439745 394.645607 81.925319 158.648844
832.088352 394.198165 82.923025 157.805115
833.804823 393.367172 84.163282 157.348425
836.361207 393.119586 85.634642 156.841639
839.933362 391.801487 85.587258 156.605599
843.424444 391.387150 86.392502 156.456652
847.337674 390.778696 85.917605 155.119566
854.527980 389.497115 80.633142 154.789553
856.831963 390.503981 82.664201 152.945941
859.899049 390.136098 82.737722 152.741245
861.394724 389.998663 81.579381 152.254309
864.314466 389.410708 81.450586 151.505652
868.663672 389.155015 78.285119 150.089661
871.263001 389.272159 78.070959 149.738828
874.174531 389.320013 77.094935 148.084125
876.120103 389.809320 77.669997 147.214678
878.204532 390.771582 77.397668 145.420344
881.231434 390.524800 76.617089 144.479070
884.308955 389.268117 75.714784 144.886418
885.341411 390.116310 77.271300 142.847530
889.395458 388.806335 75.679926 143.158698
890.849257 389.812253 77.368473 140.972339
893.520587 388.689171 77.917533 140.648029
896.312805 388.081899 78.077940 140.320667
898.806656 387.423722 78.963977 140.766432
901.766844 387.069966 78.625634 139.911053
904.289821 386.812252 79.195693 139.524946
906.878568 386.916828 79.536602 138.420365
910.602343 386.433362 79.288260 138.050900
914.101581 385.854920 78.951445 138.037211
918.267592 385.941816 78.187600 137.943332
920.810671 385.929866 78.686472 137.378464
926.189459 386.118748 75.600187 137.254383
928.642211 385.617792 76.564450 136.869642
931.764345 385.842544 76.210579 136.414973
933.438282 385.233044 77.636505 136.254396
938.746503 384.475652 74.707337 136.392874
943.386209 384.504357 73.433527 135.539566
946.552852 384.570647 73.698006 134.531478
949.519768 382.885831 74.270881 135.079833
953.755472 382.792455 73.228435 134.060332
956.134580 381.706808 75.053143 134.078907
960.552887 381.008352 73.834425 132.975203
963.181556 379.435357 74.493045 134.096984
966.008765 376.933941 75.558703 136.003879
972.214669 376.310784 73.180565 136.478822
974.820433 374.734760 74.529555 135.936690
978.956143 373.270942 73.853498 136.558178
983.250538 371.727388 73.973633 137.130096
985.847041 369.735241 74.195653 138.246175
988.449387 367.632415 75.379260 140.076596
991.436283 365.603089 75.411830 141.328191
994.576302 363.933162 76.196876 141.513096
997.254802 362.003290 76.991390 142.764615
1000.052056 359.105175 76.820808 145.163285
1002.971987 357.105150 77.515635 146.961364
1005.694016 354.480840 77.785257 148.350118
1007.047180 352.189507 80.020155 151.188153
1009.694869 350.129443 81.342548 152.456372
1013.258585 349.607723 79.183085 152.795930
1014.443712 348.454206 79.509358 153.117044
1016.038557 346.948741 78.225458 154.194464
1015.165327 346.382130 78.493540 155.343981
1013.788714 345.433308 78.701755 155.597170
1012.153244 345.076063 79.285039 156.105262
1011.839076 344.524415 78.120909 156.991013
1010.220368 343.866162 78.013526 158.244127
1007.901478 344.043887 79.128447 158.621454
1006.576895 344.040347 77.918361 158.475517
1003.862310 343.879507 78.899312 159.923676
1002.307740 344.003596 78.797910 160.448920
1001.864073 344.632990 78.835009 160.433599
999.769967 345.336946 79.558193 161.906861
999.271989 345.520783 78.957125 162.674306
997.958094 346.670305 79.041745 162.637730
995.740445 347.819664 80.209037 161.533502
996.454775 349.714109 78.243157 159.750284
996.526499 350.851309 77.061116 159.372545
995.914531 353.284468 76.932531 157.490298
996.081005 354.871056 75.174388 156.010802
994.746506 356.930979 75.807758 154.046536
993.617741 358.979357 75.860924 151.832470
991.740858 361.458219 77.308688 149.417350
990.727480 363.160494 78.146510 147.626641
989.237115 364.849578 78.467452 145.314642
987.225319 366.012804 79.860667 143.941297
986.668106 366.217484 80.242142 142.922195
986.066376 366.941789 78.893441 142.220426
985.377843 367.512464 79.770429 141.350283
985.351155 367.112016 78.523994 141.460241
985.340743 367.432798 78.178339 140.868266
984.473568 366.858611 77.960047 140.793094
983.585893 366.374986 77.548407 140.815162
981.754341 365.130851 78.379924 141.653734
981.149551 364.582746 77.921384 141.387032
980.187154 364.245056 76.916162 140.801848
978.768553 363.213580 76.580616 141.117578
977.795517 361.673885 75.100198 141.854971
976.283576 360.115935 74.356605 142.815615
974.714059 359.099432 73.761543 143.627362
973.667949 356.531570 73.219352 145.660501
972.223109 354.258931 72.146807 147.059442
970.220191 352.379329 70.904370 147.200293
967.578375 350.205885 70.819321 149.135379
964.184762 348.706677 69.373941 149.297448
960.354063 347.218350 69.547668 149.791127
956.361207 344.379628 70.075978 151.914352
953.153628 343.117859 69.823599 151.487135
950.098544 343.002483 69.705576 152.013847
948.817246 341.580111 66.880372 154.066940
945.254796 342.204350 67.717579 153.190617
939.859672 341.520112 70.880170 152.545612
935.514745 341.209342 77.176987 152.651555
930.098548 342.125642 77.511878 151.586587
925.046535 342.479852 87.985630 151.566361
921.155442 342.385644 90.101940 152.430256
916.495893 343.511408 91.674080 151.895669
911.065145 343.634138 95.426254 153.016969
905.335231 344.594605 99.261878 152.789883
900.461762 344.912885 101.659789 153.237750
897.272884 345.140551 102.505210 150.887844
895.762699 345.354681 102.556551 151.496273
895.345737 343.361639 94.993112 151.873898
895.859044 342.932231 92.534950 151.397840
896.530282 341.614558 88.163051 152.301962
895.682518 341.433061 88.172275 151.261082
894.817898 340.470468 87.240874 152.183120
891.644586 336.371218 80.292435 155.725260
890.486233 338.431098 85.044079 152.632706
883.612535 337.454620 80.382285 152.224150
877.602733 337.245015 87.759627 152.318278
872.897388 334.715635 87.731988 154.759581
877.293098 334.101623 72.634197 152.356020
872.090869 332.766937 72.672353 151.938248
866.069295 330.798218 72.670350 153.561615
861.257407 329.367057 73.531527 154.138147
856.881569 328.428261 74.780029 153.972196
854.471356 327.461057 72.255324 152.304582
850.511374 326.879786 72.949857 151.868498
845.882843 325.827164 75.333099 151.642057
842.323692 325.928253 75.689243 149.880522
837.837134 324.786797 76.955272 150.098926
834.028042 324.417114 75.884948 148.121026
830.632980 323.878028 76.686386 146.582681
828.263847 323.508946 75.812561 144.885720
828.371732 322.533208 72.727278 143.029262
828.931113 320.900905 69.784572 142.202548
826.773624 320.091565 66.524125 138.571100
825.007024 318.203960 66.847930 136.520912
819.896627 318.134725 68.855201 137.209804
817.870054 316.597093 68.375201 141.651384
812.839437 316.488307 71.395823 143.470679
808.935395 316.092325 71.689624 142.385202
805.527594 315.500837 72.888403 143.695097
800.003160 315.462708 75.071902 145.687015
792.990696 316.031851 79.917003 146.581699
787.177648 315.922273 81.826808 146.435670
781.807685 315.440707 83.287943 145.389420
772.561326 315.167836 87.760041 146.714109
763.335770 315.599833 93.081672 145.217042
753.783399 314.920776 96.506798 145.345243
745.317561 314.336516 99.849836 145.399823
739.174713 313.701113 102.555005 147.772029
731.489580 314.215962 105.159252 147.742479
732.093511 316.270162 100.302015 144.517967
730.445452 318.139242 95.970420 139.010627
730.788209 319.073316 95.038212 136.272078
729.505440 319.377578 93.397888 155.285672
741.982552 319.813484 91.444810 154.765949
743.866014 318.982913 94.733279 164.729256
740.605652 319.435126 95.276123 164.478921
735.768703 317.086750 91.372946 165.239299
727.569242 320.518930 90.994515 163.860780
721.469513 316.481679 90.043598 166.955138
715.943308 320.789199 99.013600 159.942379
710.125504 316.900451 88.007391 172.251958
711.867804 321.709054 89.539695 171.315873
700.122160 313.802638 91.829485 176.997227
693.840516 310.484620 91.884485 175.485288
691.752297 321.251662 91.584550 175.974827
681.353736 306.940769 92.737749 190.807067
679.179510 306.260434 85.771988 188.303285
673.661525 307.092324 84.733027 191.603087
669.216814 305.788855 82.445730 194.110339
663.910378 308.924606 77.446880 192.220563
658.338113 307.873151 82.511188 194.144198
652.692397 299.572954 102.110966 205.239045
645.619916 297.007086 104.472400 212.151012
638.639807 294.631935 109.914654 215.073916
636.383532 292.960172 111.446406 218.710648
635.321794 293.791734 111.433383 219.783350
633.289343 293.030659 112.735127 219.537206
639.975962 293.743469 105.157842 226.331106
630.111587 290.405117 112.996311 219.160358
632.175833 290.211525 109.544010 208.437926
645.151913 292.081263 94.604899 208.935675
642.285297 285.156299 97.105601 216.834560
638.253370 282.757870 100.674815 219.399011
634.026007 281.110838 102.799547 223.625715
627.728116 281.485475 106.641717 228.197166
621.790118 279.954793 111.873559 228.933651
615.740794 279.070259 115.999153 236.229110
613.217840 279.252375 118.159827 230.888523
612.167222 277.342024 117.442799 236.919756
609.660814 276.986900 119.046170 229.142762
612.825927 275.874303 113.437565 218.780664
613.070903 277.665728 114.295324 211.381583
618.630911 277.907285 108.573596 205.150048
616.303722 278.730403 109.225349 203.661402
625.528077 279.954421 101.509566 202.685474
614.154121 281.273677 115.113266 205.100501
621.872526 282.857513 111.825171 206.027966
624.089275 284.872666 113.052714 206.455855
629.014602 285.573725 112.093627 204.845312
635.500585 287.186746 112.606846 199.642873
643.560004 288.115807 113.753299 190.249115
658.664228 286.848846 111.544097 188.509311
677.895246 285.134599 104.066310 195.480904
689.517424 282.068084 105.525624 202.928728
702.098297 281.798149 108.297423 209.316175
719.900017 281.073545 105.771747 213.434682
731.345953 280.794086 111.245704 214.854363
748.425273 282.544892 111.436974 212.843123
752.788973 282.880571 121.873811 214.114509
778.278939 282.483985 110.595877 214.075921
797.255381 278.902454 105.315350 210.134956
815.594146 280.403086 102.753773 206.264829
837.280645 286.656954 99.275685 195.052624
848.512008 284.209477 101.790726 189.799581
865.936503 285.179381 99.564627 187.161775
878.577627 287.511076 102.726097 184.017951
890.208988 288.199190 106.660595 184.942651
903.523298 287.478546 111.660613 188.923661
912.233337 287.746930 115.482530 191.328033
924.701050 288.655866 115.536210 193.993985
943.134579 288.076890 110.266908 191.271498
959.132971 289.563416 105.038237 185.976398
972.168276 290.240739 104.091894 175.517125
986.008004 291.945768 98.684205 179.296567
998.505555 290.423535 95.835585 183.916818
1005.769958 289.755152 96.931606 188.618231
1011.947173 289.365230 98.366914 193.659569
1014.072900 284.593057 103.338860 203.190200
1017.084951 287.476637 107.118312 202.672542
1021.690229 286.771024 109.090855 208.159920
1029.225446 286.243697 107.877887 209.633728
1040.520594 287.528492 100.950193 199.132177
1049.752231 286.814744 97.948101 195.130664
1057.663514 288.368799 94.984954 189.953510
1060.423166 289.612539 97.110199 183.687859
1065.384506 290.816519 98.598669 179.894930
1065.770133 291.982390 102.790395 183.326892
1066.719837 290.198155 106.675627 186.843046
1064.758057 291.239600 114.517129 189.544312
1070.770031 295.639253 114.312242 187.596176
1077.915836 294.854358 113.150655 181.907234
1087.110998 300.318140 109.333519 171.984408
1097.543853 297.951197 104.104072 172.517572
1106.089684 299.405328 99.161638 177.171476
1106.720338 300.105483 102.254134 182.045425
1115.149730 299.373507 97.660305 187.704354
1109.936328 299.060896 105.078421 191.743302
1115.845244 298.585072 101.844925 196.969408
1116.313811 300.054945 104.051804 198.580463
1119.924764 301.552108 102.597045 197.229451
1123.700852 302.740648 102.775038 201.536550
1126.072982 303.836395 100.066798 191.613210
1132.201809 305.131098 98.797475 189.110395
1135.615960 306.807813 97.711440 183.439510
1134.596102 308.312076 100.521342 181.611265
1132.921890 308.329789 105.291867 183.707330
1133.554702 310.571111 107.569642 183.887847
1131.725717 311.803112 111.786962 187.588247
1136.015063 314.016437 110.410337 189.374434
1142.295906 318.746385 108.129475 177.543582
1147.936622 322.984006 105.492508 170.504949
1152.304529 324.267777 103.119037 168.068511
1158.595757 325.001145 98.246027 169.929644
1160.603310 325.928050 99.418948 175.325288
1160.777557 326.738707 99.716254 182.312684
1159.815042 325.396574 101.717872 189.644230
1157.519689 327.010557 105.629364 191.086095
1159.350654 327.842487 102.458645 193.516895
1159.221844 329.715406 103.137245 196.960926
1160.437039 332.522927 102.256893 195.086127
1165.579366 333.742538 97.937064 192.803004
1168.993622 337.067280 94.375087 185.412213
1171.821062 338.743930 91.920391 183.056777
1173.916626 341.868790 90.420019 178.046322
1169.865682 344.955182 93.579841 175.156840
1165.939158 347.185821 98.622068 177.456011
1162.061237 349.706538 105.435772 178.633945
1158.462113 351.634859 110.250987 183.431160
1156.008807 357.322016 111.998112 184.280089
1161.650586 360.098820 107.936269 179.827763
1165.432948 361.788666 105.874563 185.102538
1169.373725 364.484025 101.427241 177.257901
1168.691943 365.534600 103.234210 174.874819
1169.885094 368.257334 102.633481 178.356338
1180.738825 369.627036 93.891188 184.710548
1179.184230 372.491854 97.036502 188.719141
1176.948254 375.497107 97.337726 191.548909
1173.241613 376.762091 102.300433 195.112303
1169.942070 375.920209 108.523996 200.049773
1169.594003 376.015827 102.852309 201.979135
1171.512294 379.396926 99.903574 201.641371
1173.263015 382.812408 96.124567 193.109236
1176.558622 388.004345 92.900818 187.621693
1179.285280 388.192610 85.235690 186.789643
1174.973316 386.992904 88.829852 191.531628
1170.362585 389.627836 98.763028 191.326152
1166.042670 390.680331 102.643550 195.131847
1158.569300 393.792216 110.171854 197.082389
1153.035640 397.469044 115.662752 200.465237
1148.326624 401.936301 119.302590 201.784624
1145.433206 405.682177 116.951077 203.320673
1148.861540 409.387912 114.024878 197.472102
1147.845997 413.456286 113.352292 185.527092
1154.523087 415.509901 104.373381 183.520576
1159.723669 418.038186 97.440431 182.983233
1158.581098 418.419226 97.799568 185.702764
1157.514360 418.761819 97.539371 193.999619
1153.971566 421.243327 99.836032 194.414363
1151.000835 424.888740 102.339590 197.066637
1146.106772 427.002246 105.953836 202.264230
1143.476998 430.412564 108.572671 203.067054
1142.070637 432.431673 108.744067 205.856234
1144.293305 430.567050 106.121800 211.132293
1142.900384 434.606517 107.213651 208.990748
1143.823610 436.392055 106.508751 212.173229
1142.399030 438.399008 105.968144 210.660552
1144.201141 442.161054 103.989163 203.789579
1142.122694 442.129989 104.546034 197.490822
1146.148738 443.899278 98.748539 191.253870
1144.277888 447.600238 99.557509 187.831154
1138.477432 450.924712 103.164285 186.105708
1141.843073 454.157140 96.745929 185.937533
1137.302867 454.742590 101.398815 191.795834
1129.083908 458.611731 105.904185 195.203842
1119.058462 459.088142 115.297671 201.304478
1114.117163 466.061755 117.668497 200.709156
1115.398045 473.740984 114.260283 196.373069
1108.796567 474.957469 118.322172 198.504830
1110.092590 481.315609 116.576972 193.845448
1111.228122 483.332218 115.730502 187.966426
1105.676638 485.925742 119.201299 183.958014
1099.308215 484.366912 125.437183 183.578298
1094.521977 485.072009 127.391496 181.287829
1089.470775 489.710167 130.213024 183.269314
1086.651806 493.835103 131.270679 184.474773
1084.824289 494.467695 131.530316 192.034344
1085.694885 498.433046 129.167834 194.371335
1087.289482 501.922380 125.794348 194.818636
1088.798157 501.601895 122.043224 201.284580
1090.277795 499.208331 119.502199 209.853709
1088.423681 502.748125 117.447808 211.526654
1086.092157 503.814769 117.458262 213.874961
1081.745852 501.991623 119.864403 217.296304
1077.431430 504.142346 122.299799 218.832475
1070.032661 506.684698 128.223713 216.446668
1065.488038 508.260478 129.470326 211.305122
1072.264921 513.054447 121.808517 203.551342
1084.205259 514.568463 105.526358 195.696112
1074.402764 518.098547 116.469392 192.285760
1067.848586 520.323264 120.938113 192.421160
1063.446394 523.257271 121.977388 193.216259
1059.113236 524.436051 125.057470 199.876988
1060.574673 526.869594 122.405342 202.859054
1060.799759 527.362471 122.667709 205.574320
1061.792719 528.572128 120.358360 207.532760
1059.164709 527.703892 121.275281 211.038393
1056.084246 530.054322 124.381883 211.154434
1055.764740 531.965270 124.170403 207.534999
1050.338824 535.367147 128.936630 205.991254
1045.042153 535.112549 134.183986 201.370455
1038.572017 536.317655 140.752692 199.743982
1041.871666 534.875724 137.500211 210.328736
1044.092703 535.711971 134.623468 203.146595
1043.720881 536.859562 134.032281 206.826140
1045.270525 533.683997 132.819821 216.730004
1048.722233 533.115407 127.388271 227.280063
1038.695724 532.362942 134.529630 218.251275
1035.637985 535.638504 133.768531 224.853182
1030.232329 532.736060 135.477074 226.344951
1025.572992 534.959799 136.700538 227.911784
1029.930967 534.343228 130.515866 225.562915
1029.788976 537.214025 127.501299 219.090383
1044.507305 539.351359 111.381113 214.251369
1045.586305 537.747780 108.928527 210.522238
1048.223034 538.231313 103.944744 203.182868
1043.274507 536.575952 105.905768 196.865802
1041.723229 535.921649 105.813360 196.179061
1046.729673 532.891417 99.904914 198.069536
1042.740857 531.412722 103.686949 199.348162
1037.952463 530.286177 106.238053 201.948625
1033.424360 528.048434 109.265605 204.859623
1030.878024 526.758119 110.533163 206.882003
1032.827094 525.708398 108.675393 207.197373
1035.904572 523.946395 105.554754 201.596257
1034.743571 524.133380 105.194641 193.288453
1039.975495 520.837427 99.323284 190.322834
1036.042674 520.299933 103.048256 193.378994
1040.530801 518.036095 99.199810 195.529603
1039.836116 514.899252 99.307518 203.159079
1043.784454 510.879670 95.533861 208.280338
1042.220913 509.624536 96.404110 210.722336
1042.325760 507.211392 96.267659 212.943717
1043.599205 504.929791 94.488556 214.584434
1044.936691 503.506874 93.690251 215.431375
1043.207786 501.309048 95.493302 214.177476
1042.632135 499.007731 98.669523 207.052990
1039.876283 497.683553 100.800631 199.862188
1036.563079 495.369239 103.545815 193.544805
1041.407969 494.923687 99.779634 194.150059
1039.146153 491.519470 102.571065 198.688733
1042.888145 489.601925 100.066804 201.820216
1043.909628 485.890420 100.530486 207.269578
1044.766787 484.263873 100.253887 209.939111
1045.699356 482.262113 101.018211 208.492020
1046.445974 479.828613 100.611605 209.022548
1046.525392 477.375585 98.842461 207.714981
1045.612343 475.917067 99.106254 199.576765
1048.266533 472.675764 94.408239 187.812337
1045.982503 468.242628 95.500009 190.646629
1041.322987 466.735885 98.706272 193.006704
1044.425860 464.566118 94.018963 197.701657
1040.043907 459.078275 97.068043 204.384221
1041.691267 457.451974 94.790309 207.409647
1040.775079 453.976333 92.088027 211.706723
1039.482428 453.781279 91.122376 211.883948
1037.265868 451.331860 91.743022 213.503561
1035.111379 449.248709 92.522060 213.938946
1033.536699 446.194233 93.153225 213.561531
1035.830559 443.571217 89.096512 209.537856
1036.055385 441.082755 87.689443 204.381382
1033.692517 438.792294 88.185299 198.166462
1032.475112 440.661058 88.527911 190.416445
1032.480611 436.720843 88.893306 191.683275
1031.105026 434.922327 89.616889 194.869522
1029.449371 435.344098 91.548237 196.292438
1030.242379 432.576378 92.581303 201.183509
1029.099734 433.693919 95.164185 201.948703
1032.108291 430.248033 94.625161 205.653932
1032.425931 428.481075 95.104526 207.236124
1033.783091 427.024713 96.062879 206.064241
1035.155246 424.771913 95.398823 205.556864
1035.260373 422.662945 95.387567 201.771960
1036.426851 420.554565 95.348776 192.247464
1035.145874 415.208437 96.495865 188.482760
1037.985013 411.934444 92.416241 186.431954
1035.052001 409.135673 94.629603 190.930578
1038.786291 404.678708 89.134935 196.470088
1035.071420 400.307957 92.945238 201.535553
1036.997495 397.083233 90.685247 206.537220
1034.780031 394.468535 89.114890 210.378543
1034.367665 392.037586 88.522511 212.391497
1033.311125 388.030650 89.835267 214.110496
1030.957287 383.395633 88.066816 217.753598
1030.359887 380.573996 85.722913 218.600718
1026.884680 380.069541 87.775603 211.868097
1026.243051 378.706603 86.783777 205.755061
1024.593124 376.897906 88.133171 196.350405
1024.288249 373.299012 87.516338 192.968817
1022.105011 370.280947 90.474127 193.831517
1019.163913 369.000559 93.363365 195.030501
1019.857939 368.108507 91.884095 197.009000
1016.433736 366.332174 93.991783 200.133498
1015.557293 364.241328 94.332908 203.187524
1013.564195 362.047729 94.337428 206.647271
1009.610383 360.993969 97.102076 206.713096
1009.509645 359.158380 94.887300 205.368052
1004.466320 357.532394 97.445981 205.137695
1001.988473 357.359427 96.802899 199.741288
998.936855 357.080773 95.284482 194.060357
994.052456 355.230855 95.441788 188.184085
987.852056 352.414148 96.741987 188.910480
980.928999 351.844452 98.818855 191.482532
982.816920 348.627890 93.592964 193.849533
977.666283 346.910668 95.596513 200.801898
974.940610 343.981573 95.034884 205.534495
969.846433 342.910878 96.189066 209.764234
967.949823 341.884949 92.957241 211.410834
965.206413 338.890669 91.665781 213.965474
958.937278 337.501621 92.408368 213.508081
949.819251 335.003748 95.421746 214.485503
942.229820 333.454503 93.132596 214.440354
934.358976 331.717571 91.300919 209.713858
924.798853 329.864214 88.430397 204.639897
910.063767 329.496717 89.590640 196.342054
896.306461 328.509837 87.514305 191.520457
879.291610 326.196987 89.809783 193.306734
863.439207 326.283154 91.485514 193.387073
849.548154 323.783171 91.640208 198.346782
833.693770 323.618646 95.750956 203.611892
819.558105 324.459831 95.561245 205.995390
804.387056 324.447463 95.546345 206.985387
790.019016 326.822023 96.474650 205.821418
774.899370 326.811924 101.117789 206.584429
761.831552 326.580709 101.328891 206.129175
748.331137 327.656276 100.337849 204.195901
736.311182 329.263744 98.003755 198.984903
724.244081 327.306709 97.874892 194.692670
713.841416 327.037950 96.396180 186.248545
703.556078 326.425581 88.986613 186.004736
690.635316 323.206031 87.968737 191.234288
676.119150 326.969954 86.790052 192.974907
662.549658 325.328905 87.134947 199.115229
650.802220 326.386588 86.283472 201.215725
636.899279 325.905263 88.052216 205.918267
623.288854 327.475060 88.545767 210.040597
610.720849 328.277572 89.630278 212.901457
597.369186 326.606369 90.593924 215.067817
583.192786 326.649894 90.187508 214.622281
572.393260 327.577027 89.843921 213.604713
556.302849 328.310806 93.105922 211.487174
542.516974 331.239300 99.866941 204.278042
531.914144 334.841514 97.212695 195.276344
521.919753 337.025268 93.220638 190.038465
510.174150 339.942385 90.319802 189.042205
498.405104 340.488168 93.281274 194.274100
487.580159 342.897027 94.241399 198.331939
475.203565 345.306508 95.459318 202.482401
461.912321 349.990529 99.867172 205.657120
454.565943 354.193027 97.884507 207.718397
445.022779 356.932385 94.605850 212.966909
432.907248 362.757085 95.958676 212.096050
420.666652 362.042255 98.861476 215.888909
411.659033 365.305713 97.963636 222.918277
403.179645 368.830845 95.331594 222.851784
393.928016 371.438164 92.251130 213.929102
381.260715 375.161349 92.418631 200.501213
371.990576 379.566283 91.432749 195.989504
360.035024 382.887661 91.550168 194.614911
349.506393 387.883347 91.734735 195.864200
341.480567 392.633462 87.479431 208.543015
329.719765 397.349978 91.045886 211.313543
318.236110 405.755685 92.265393 213.927437
306.760191 411.027070 91.389720 214.980399
297.953131 418.508437 89.818961 218.003249
289.410463 423.180634 85.634895 218.085782
279.192523 426.820100 85.064175 218.363373
267.819251 435.582691 86.981770 214.933385
263.572657 438.204656 81.119153 215.524678
251.195266 443.223000 86.615439 215.234554
241.286839 449.617105 87.906399 211.428305
229.233245 455.837065 91.310727 203.473401
221.465805 463.277063 87.750533 188.139590
210.122663 470.064409 90.471974 188.693334
200.168673 475.444282 95.301574 193.913626
193.759264 482.182614 100.457701 196.829381
179.282536 486.335209 103.939067 204.416192
168.765620 495.211370 107.889720 205.296845
162.686722 503.637393 105.594597 208.311845
150.878822 511.152272 104.401525 210.322308
147.784807 515.755620 101.603935 213.230457
141.817641 523.295502 95.794035 210.829672
135.537673 529.208295 96.089779 209.825041
128.679239 536.336796 86.201768 207.863188
120.225245 544.054099 90.393896 201.811006
109.847528 551.819666 88.726574 192.539681
100.626963 559.416599 91.028269 186.902183
91.689131 565.030131 89.511560 189.462672
82.696010 573.168921 87.452967 190.544588
73.716601 582.478869 88.011386 196.020377
62.790748 592.870474 90.917735 199.930183
55.155442 601.214081 94.110156 205.195402
44.061274 610.434538 87.700131 207.866476
37.318301 618.306819 92.137945 212.678274
25.849573 625.394653 88.428321 213.691994
19.480291 631.484444 85.786526 214.470731
7.791279 638.966642 91.283983 213.698588
0.000000 645.891849 88.103241 210.553026
0.000000 653.074004 80.482934 203.796781
0.000000 659.879188 75.743326 198.787310
0.000000 667.059865 69.770248 191.123924
0.000000 666.325356 62.186930 201.158750
0.000000 679.070737 55.185134 199.454058
0.000000 685.432464 54.088108 192.592177
0.000000 692.793758 53.816921 198.106548
0.000000 701.298300 55.638874 199.161472
0.000000 707.363058 58.983124 205.437550
0.000000 711.149655 63.390590 213.665321
0.000000 720.693071 59.885593 209.101385
0.000000 726.265674 57.092702 216.090657
0.000000 726.345411 59.183941 220.203689
0.000000 733.477735 58.571131 208.337421
0.000000 736.846982 57.650056 205.460193
0.000000 744.139391 58.302586 195.341674
0.000000 750.174815 58.929973 196.147037
0.000000 751.142940 61.129619 194.966044
0.000000 758.359877 62.925120 198.832784
0.000000 760.286879 69.329728 202.069894
0.000000 767.377328 74.684523 198.369557
0.000000 772.634065 82.041581 204.324633
0.000000 776.636312 90.054134 211.269115
6.660072 782.434762 92.414983 212.139894
13.774809 785.895586 93.331423 217.033740
18.767638 789.528224 96.998166 218.922082
26.228529 792.270211 98.789143 219.494146
33.021756 796.533780 98.072705 211.156314
40.424525 798.637590 100.036476 210.917869
49.755805 803.012871 99.125367 204.887531
60.417289 806.209147 95.667136 198.789566
69.129461 808.851757 93.656832 197.999159
74.872611 812.461789 93.748405 201.190935
80.586151 815.218589 94.021305 204.004041
85.068933 819.643515 93.698716 208.326601
88.139347 822.726626 95.195764 213.095508
90.063846 826.777783 93.908540 217.777758
88.648292 830.999387 93.306076 220.985740
88.811184 834.776447 91.937245 224.024017
88.730764 839.704582 91.708524 220.455903
88.931111 842.102450 93.505114 222.588449
88.496599 845.406519 94.369608 220.860369
91.480865 848.038134 92.708041 218.298970
92.597080 850.541565 93.101758 214.753373
92.491835 853.090304 94.790397 208.441952
97.574200 853.445979 90.715366 200.001764
99.805020 856.304477 90.882152 199.118000
100.917624 857.785214 90.617457 205.655944
99.474434 858.292977 92.318562 212.532900
99.194941 859.289600 92.662006 219.480052
99.581879 860.466266 94.479688 219.479478
100.547407 861.428566 96.682551 218.571434
103.122910 861.574148 96.986604 218.425852
107.336120 860.545900 94.345829 218.615929
110.625249 859.792806 92.994781 216.503525
115.415134 859.301152 90.124376 211.872808
118.904423 858.200177 90.553774 208.084879
122.039505 857.695105 91.605660 200.300836
127.284971 856.547633 90.333362 199.817836
130.485610 855.930463 92.663852 202.283782
135.545835 855.308918 93.243404 204.895508
140.905302 853.972617 95.515327 209.543778
145.735553 853.853895 97.470538 213.578489
151.450505 854.003712 98.879225 216.761721
157.951249 853.918120 99.641601 217.627996
163.746879 853.020737 102.018012 219.596169
172.213349 851.381358 99.944477 220.822496
179.802014 847.643112 100.575980 220.069900
186.720608 845.880020 100.756972 216.968680
193.790966 843.526619 100.637296 208.494860
200.738796 842.223554 100.072270 195.690899
208.186096 837.913138 99.859386 192.518750
215.484760 834.219223 101.149222 195.889794
224.679989 831.874805 101.586175 198.512274
233.295569 830.674072 104.036436 200.007324
242.737011 826.494079 104.887781 205.431124
253.594249 820.680329 104.842171 212.766191
263.192040 816.889674 103.533783 215.846231
273.347997 811.761874 106.338549 220.972328
283.198133 809.052348 109.951134 221.562275
293.529858 807.211766 111.194248 217.905718
304.564274 798.864866 109.442763 216.115262
315.897075 793.843228 112.191884 211.619753
327.248442 789.525514 114.120664 199.318850
339.270759 785.159983 109.144231 184.497784
350.515575 780.221626 111.729425 192.079269
363.042403 777.795004 110.854030 187.343951
376.187336 773.986406 119.008561 188.118764
390.021586 769.907908 119.798723 191.684040
402.963838 766.262302 120.457797 193.916078
423.614209 762.176409 108.575168 195.379252
438.461622 759.824143 110.028097 196.024407
451.599520 755.504400 109.129661 199.061189
464.298877 751.123532 108.444499 201.268621
481.487417 746.371250 110.536686 204.944365
498.190615 739.313972 107.774760 209.256373
515.957871 732.452092 108.858711 212.578732
532.836593 724.578263 109.561636 215.905446
546.768630 716.403827 107.983334 218.056754
562.193212 711.173568 114.050002 217.025056
580.295592 701.914819 112.799948 217.025677
598.338813 701.632451 112.959154 212.427916
614.421824 696.804879 114.355760 212.454149
631.808811 691.786242 109.722296 208.171747
645.367565 686.213122 120.041880 205.521706
663.880831 681.599017 113.528850 201.066182
680.393043 676.987305 113.674352 196.189601
698.959642 672.642699 110.749013 193.908055
712.847263 667.833813 114.775527 193.024261
728.544572 662.113510 115.798629 194.644635
750.552218 654.397915 105.977841 200.071516
766.261883 647.551925 106.409141 205.403156
783.732103 643.894953 106.023485 205.957362
802.189246 637.675908 100.445495 210.541760
821.824708 632.293028 100.705350 212.409926
839.787092 626.516194 97.314314 215.179715
856.724552 618.497056 98.333500 220.508995
875.948357 612.192028 97.052507 222.901803
895.027505 603.644045 94.081059 226.981426
914.919667 597.092862 93.399703 226.767495
933.013227 591.890254 97.936857 223.199092
950.200517 585.125073 100.436403 216.968336
965.735923 578.671665 101.533837 212.004901
986.702605 571.356308 100.461631 207.173959
1005.229102 568.335720 102.008150 198.594553
1023.140447 559.531196 99.221277 196.405342
1042.207228 550.898453 101.355106 195.694889
1064.480174 541.590834 100.071245 201.924896
1081.533978 539.317259 102.359889 198.620201
1101.935177 529.326677 100.582052 206.108230
1117.726597 522.571232 103.647666 208.976344
1133.977393 515.655272 103.029260 210.386948
1148.060814 509.067962 102.285278 208.495145
1160.704563 499.286909 99.397072 213.054968
1167.121381 490.607067 94.671927 213.963747
1165.896949 484.471288 96.450869 208.349397
1165.365350 473.195811 98.349412 208.073594
1161.010973 464.665228 97.030228 202.122000
1152.077410 452.801162 90.087271 194.768403
1141.995854 444.528222 94.317496 194.013151
1134.165678 434.213868 95.968753 192.217015
1125.445928 423.581643 95.347025 194.263641
1116.390336 413.892214 91.836612 192.897087
1106.092588 402.702015 93.572754 196.770589
1098.122492 392.855224 92.348991 199.594416
1094.566461 382.444026 86.911894 201.282413
1089.691083 373.295885 87.066861 206.527650
1083.977779 365.487909 84.039066 207.011605
1076.439733 356.086446 84.436866 208.288491
1069.547589 346.803144 83.257874 209.565107
1062.926458 336.583016 81.249591 206.839633
1059.951768 326.078978 79.232458 206.675510
1059.476859 317.034692 77.061661 207.470831
1061.120608 306.409703 76.792503 204.652363
1065.772191 296.211172 80.914344 201.652581
1078.198138 286.752723 80.859676 191.974255
1095.471856 277.558768 80.401829 189.093833
1113.836797 268.112496 81.519004 188.393286
1131.803750 260.159623 78.734873 192.004228
1148.437533 252.510357 78.946408 192.900831
1169.314720 245.269517 74.778489 194.396207
1185.005808 237.714785 78.528037 198.602283
1203.695581 231.934141 79.356819 200.087625
1218.138721 225.808995 81.890806 198.767339
1232.961350 219.028713 84.013117 200.415707
1250.083619 211.801078 86.392812 198.462980
1267.261843 204.356139 88.438064 196.653817
1283.562843 196.048137 89.739453 195.152442
1301.737352 188.781699 87.105669 187.301614
1320.503291 182.794030 86.161139 179.952858
1336.963209 175.444181 87.256970 174.501172
1355.192682 168.598651 83.753545 174.807968
1374.752302 163.244832 79.318819 176.190503
1393.165376 157.744040 78.958246 179.857317
1408.178903 152.469481 80.586353 185.189313
1426.838331 147.662196 80.425217 186.915812
1439.648453 143.445726 81.170009 189.486637
1453.885115 139.560843 79.953312 193.307013
1464.945591 136.590376 80.790632 196.829233
1476.691801 136.426927 81.998616 198.268198
1487.142794 140.597149 81.046365 199.276038
1497.597038 144.858168 81.395624 198.811754
1507.838590 151.211187 83.229040 196.782142
1518.142636 161.449429 75.749330 195.715892
1526.757046 176.058681 73.702674 192.153192
1534.883069 196.479659 71.857904 185.154546
1542.254883 215.647827 71.606341 181.636980
1548.026562 236.933938 70.777427 179.848052
1554.057330 258.854995 71.099540 184.573001
1555.053281 281.477454 72.845921 181.550823
1554.397492 304.878636 76.110590 182.843760
1555.112065 326.527842 79.565163 187.611106
1555.555173 351.751362 83.908192 188.586777
1554.393009 376.206113 89.869990 191.902961
1549.540217 401.603789 93.982130 193.743590
1544.920647 424.234900 97.352556 195.564573
1541.708826 449.042051 97.687838 195.946782
1540.808541 472.926726 95.857082 192.952665
1541.535481 497.977095 94.923905 191.166238
1542.812654 522.354658 92.274421 191.583178
1543.349061 546.748045 92.249382 184.667754
1546.571671 570.506447 87.056811 182.700925
1549.312711 590.914816 79.974100 180.477776
1549.958706 608.882519 76.526393 183.405643
1546.738167 621.401720 76.148471 190.811485
1542.766191 632.239991 77.786975 189.337103
1538.363652 639.338029 77.211594 191.321839
1533.884044 640.338212 80.438578 194.850482
1530.051127 641.272165 81.333523 196.846853
1529.026442 642.628611 79.188652 198.997951
1527.255556 642.873834 81.108699 199.028783
1529.967830 643.045800 77.780886 199.578124
1530.675536 641.758693 79.252210 197.931713
1533.313449 641.547896 76.605611 197.679065
1536.974650 641.699408 73.723383 191.600028
1538.803063 641.207452 73.093762 187.858161
1541.492795 641.313233 77.836593 184.956816
1546.411956 640.691450 77.740203 183.842425
1550.501570 640.107305 76.126799 186.429379
1553.276578 640.049120 75.154258 189.132619
1556.210154 640.140123 79.058977 191.380998
1560.035128 639.652213 80.098521 194.368152
1563.926724 638.961962 80.965035 197.161614
1567.354584 638.807020 79.325541 199.319342
1569.862298 639.194913 79.082666 202.307293
1571.725666 638.312383 79.369441 203.444006
1574.119746 637.406966 79.435404 204.759037
1575.927442 636.333499 78.696923 204.264492
1578.415785 635.028191 79.872340 201.639329
1580.067657 634.290455 80.130782 196.103365
1581.416371 633.026230 78.059515 188.847054
1583.254114 631.088242 75.800174 187.070442
1582.653360 629.617590 74.739263 184.675164
1581.747735 628.652716 75.567871 187.409540
1580.858774 627.725005 75.533826 189.109566
1578.085865 625.577952 77.859982 192.213586
1575.923914 625.206174 77.778535 194.425859
1572.690380 623.591115 81.016003 198.606964
1569.331354 623.791010 83.546603 199.334222
1568.733199 621.929620 81.938200 200.728849
1566.325049 620.229467 81.780185 200.438031
1563.710730 618.510120 82.221776 199.619518
1559.928348 617.359946 82.242544 198.244595
1557.520188 616.204001 80.094603 190.796646
1551.803650 613.705158 82.846696 184.655273
1546.885477 613.360691 77.026220 180.974580
1543.098655 612.220355 77.715266 177.681674
1536.956124 611.300457 78.600662 178.625712
1532.406867 609.024668 79.000397 182.653394
1528.067484 607.493544 77.833842 186.979048
1522.665757 605.809381 82.517693 190.490756
1518.002239 605.188960 78.533431 192.235660
1511.499703 604.192629 79.932308 195.209106
1506.351287 602.043120 76.065041 198.599097
1500.631389 601.175700 78.747011 200.486730
1494.275600 599.583918 80.342239 200.416357
1488.210258 598.165134 80.267386 200.508353
1482.423053 596.536711 81.626706 198.101636
1475.568740 593.971264 78.607233 197.499355
1470.079284 592.609417 82.153850 190.948977
1464.840998 590.663112 84.715271 181.894850
1459.392008 589.326515 79.425949 177.513672
1455.319894 586.953491 76.877930 176.773420
1447.656181 585.636431 79.184690 178.971074
1440.114837 584.045748 81.107042 181.581210
1431.560310 583.343219 83.616081 183.610339
1426.402190 583.224465 83.761837 183.605573
1419.907333 582.804928 84.663558 184.626135
1411.718407 581.602601 88.296898 186.094299
1405.520665 580.706736 89.408108 185.040606
1395.910306 578.062438 93.018415 186.692169
1389.517829 575.253431 92.526054 185.392572
1382.794434 573.850490 91.942133 181.085790
1377.078893 567.917575 88.681047 179.689471
1373.617743 565.966584 84.988045 174.476565
1366.383126 564.847589 87.928456 172.410004
1364.264463 560.416889 85.003777 175.007361
1359.401139 556.280212 85.366378 179.253068
1352.528898 551.643634 87.654557 188.119172
1348.967320 546.774929 86.392597 194.775301
1343.617257 544.740073 85.508314 196.953612
1338.807853 543.177887 84.813085 198.849250
1332.599078 544.163890 84.291816 199.083791
1326.070681 542.613784 85.461651 198.772870
1320.468985 541.902539 85.903408 198.968734
1315.450841 540.203243 84.522615 193.187330
1308.761154 539.024761 85.265606 186.323860
1301.134992 539.042286 87.412000 182.145104
1294.406866 537.982849 88.435707 179.760861
1287.880246 537.418831 87.871037 175.172193
1283.023046 537.337306 86.348371 173.743795
1277.152672 536.781576 82.440351 174.536712
1270.080535 535.663906 84.138919 177.040475
1264.507753 533.617945 82.006336 181.809340
1256.732100 533.825352 84.074678 182.397033
1249.825693 532.770994 83.567974 183.387681
1241.496382 531.588554 84.698741 185.423519
1234.077033 531.121621 84.167512 186.333012
1226.143417 531.216100 84.497054 186.425126
1218.608282 530.581832 85.704108 187.217731
1209.138204 531.486454 88.189305 185.299931
1200.778759 530.056230 91.007927 186.300299
1192.653129 527.679754 91.691223 186.793078
1184.512291 526.864906 92.841131 186.953470
1178.232537 524.187327 87.517563 183.950259
1170.629102 523.318964 85.252372 178.058080
1162.634685 521.108728 82.695707 178.399886
1154.900020 518.613619 78.796309 179.120186
1147.676790 518.462086 79.650711 178.588803
1139.842571 516.464466 78.563381 183.691298
1132.800114 513.626014 79.301046 188.336811
1125.511695 512.452425 79.566877 190.027642
1118.489180 511.547539 77.971802 192.178324
1111.732938 510.792396 77.908806 193.029709
1105.472148 511.435044 77.498254 191.541862
1098.164513 511.094555 78.386444 191.084861
1092.117785 509.952459 77.375764 190.954496
1085.713386 508.582429 76.863697 191.144541
1077.469883 507.462766 77.425827 190.759651
1069.360939 505.395853 77.725073 187.847327
1062.942734 503.669367 76.598253 182.039096
1056.457788 502.225357 76.317104 175.651808
1049.638035 499.930954 76.788527 173.033408
1042.388892 498.915856 76.742023 171.367371
1034.483333 497.617919 77.465644 171.388752
1027.258246 495.484403 78.028402 171.540430
1020.493644 495.725886 80.442048 172.266875
1012.303423 494.625157 86.508081 174.693225
1004.990415 493.956000 90.953868 174.878284
999.885526 492.305991 92.864023 175.161519
993.456825 489.221597 96.292058 177.310871
985.244251 485.210058 98.530029 179.287893
976.476235 483.610665 98.868072 178.397163
971.927567 480.842523 94.657940 175.964180
965.139934 476.819821 90.495826 189.752036
962.922509 474.256850 84.878145 181.506244
958.489537 473.673354 85.991311 186.450980
956.326980 472.492099 85.233852 188.043321
954.660144 469.722402 84.321986 189.843746
952.631308 471.476272 85.236534 187.444675
951.168891 469.386198 84.246388 187.291915
949.853798 469.487964 87.413588 186.898161
949.850321 468.776856 89.579259 186.746577
951.690047 465.776499 90.113632 189.163694
950.970293 463.538212 91.867456 189.532108
944.790405 462.687431 97.273261 187.760345
951.089714 459.135190 87.925308 187.762878
952.683557 456.993346 85.734136 184.382201
952.613910 455.431242 84.661624 181.435109
954.736870 452.977529 83.181744 179.592094
956.816281 452.220265 82.324433 176.896047
953.529373 449.940353 86.711126 177.402042
956.908471 450.281100 84.187288 172.739189
955.147548 449.914586 88.153198 175.626093
957.851502 446.364229 88.752572 178.571453
960.409533 447.706260 90.012658 175.889525
959.014476 447.400679 95.102642 175.610986
956.967294 444.937517 98.176629 177.573858
955.249968 442.395396 97.925618 177.487964
950.399193 439.081483 101.413114 179.734702
949.915895 437.413696 97.353292 174.206269
945.777550 434.927018 93.889152 173.816534
943.752716 432.751464 87.826211 173.355230
944.107023 430.800359 83.086643 176.816528
942.423225 428.921720 83.302160 177.577285
940.365627 428.718462 82.518999 177.688294
937.013628 426.467989 83.808112 179.309599
934.131910 425.609447 83.755050 181.597205
930.463713 425.917644 85.647409 183.159360
928.129609 425.041298 88.447883 182.037921
925.386035 423.850972 91.278862 181.977613
925.617274 421.570856 93.263664 182.742146
925.048111 418.219330 93.933156 183.310451
924.289719 415.461921 91.492927 186.267328
923.211291 413.921212 87.559488 190.909352
922.560834 411.482663 84.245471 183.710281
923.198983 409.187130 80.869948 182.711330
925.366791 406.368961 79.623644 179.367055
926.456425 403.285741 79.719473 174.483867
925.043807 401.511697 81.427021 171.766566
926.835861 398.374291 78.664226 171.037698
926.260483 397.368349 82.644145 171.024866
926.354368 394.370008 85.924589 173.195013
926.322834 393.450574 90.512450 173.317912
928.112335 392.824115 91.638585 172.995813
929.378355 388.793177 92.789191 175.547848
931.129662 387.765584 90.086217 174.228629
932.023991 387.398410 88.386812 172.842523
934.183697 386.797746 83.269961 169.272800
936.744403 384.491220 77.843130 170.936974
939.648412 380.023925 76.770949 176.223999
942.278731 376.823567 77.649804 179.378344
944.711757 375.463480 76.751622 180.077205
946.251500 371.862955 77.394531 183.906936
947.206236 370.021965 80.070493 184.156119
949.864848 368.463664 81.936908 185.506983
952.576027 366.262278 81.592045 185.980317
954.954926 364.626606 81.290914 185.790563
956.858250 362.196846 78.759937 183.802342
958.200788 360.370424 77.587019 178.623401
962.118388 357.816168 74.560267 174.413392
963.468219 354.465946 75.309748 172.048748
966.524511 350.945174 72.856859 172.638126
967.475659 348.366153 75.913803 171.925325
969.792730 344.024238 78.203336 176.786454
970.010684 345.282458 83.118075 174.274651
971.545070 342.396685 85.371808 175.838194
972.014862 342.745179 88.775597 173.698669
973.173625 340.156326 89.311139 173.861249
974.797949 337.424659 89.165371 174.094490
977.932670 334.725926 84.826123 172.787650
980.565903 332.501354 79.557646 169.311424
983.576488 327.775020 76.010928 171.633279
987.631427 324.694002 75.919595 176.311837
991.216518 320.877244 74.908795 179.248136
993.912341 318.906786 73.640461 180.239111
996.303239 314.976421 74.328801 183.224161
997.961957 311.763119 78.215297 184.513832
999.955019 309.854446 79.793235 186.099096
1002.055154 306.922208 80.985361 190.191762
1003.906470 304.445111 80.319542 186.134896
1006.287123 300.909743 79.960700 184.101921
1010.099430 297.778254 77.046815 182.640018
1012.826844 295.419557 75.062070 178.472113
1014.071341 291.878864 76.564220 175.537338
1015.112632 288.504478 77.956986 171.971423
1016.800285 285.704247 79.554455 171.033641
1016.810999 283.300561 85.040635 172.509920
1018.378920 282.218332 88.546216 173.911831
1018.611569 279.458429 91.336659 175.496976
1019.774759 279.432010 93.231714 173.631218
1020.382260 277.753294 94.917991 172.405269
1020.483618 275.524409 93.414529 171.716959
1020.602004 272.588476 91.685826 168.151548
1021.276870 268.872885 85.873355 163.511828
1020.809473 264.166206 80.068499 163.727230
1020.724757 262.185631 77.890416 165.955334
1022.122454 257.758741 76.038928 168.873643
1021.527134 254.637077 75.324634 166.207215
1021.642315 252.642653 75.493052 168.688970
1021.199082 250.422812 76.788566 175.102068
1018.187035 248.533723 82.631251 180.218508
1017.097872 246.539026 86.178855 183.038946
1015.971465 244.705614 85.618732 189.623845
1013.731576 241.065834 84.475363 190.526986
1011.098576 238.335960 80.997557 196.718505
1010.904185 236.527902 73.964273 196.131552
1008.995711 235.016406 70.942135 198.925418
1007.959610 232.777056 72.088001 199.606121
1005.232984 230.835105 72.657513 202.123046
986.504917 229.395495 90.613021 206.385777
986.900495 227.365251 86.529756 206.050361
985.939142 225.754081 87.145947 204.551547
976.176189 226.333778 96.401810 203.398373
967.001376 225.250425 105.996893 201.764181
969.931093 227.763654 105.812403 196.245971
972.317041 223.282756 106.252145 198.222387
972.806347 220.431105 103.007711 197.888975
976.541287 219.718433 97.497683 196.443000
979.213455 217.865464 89.056708 195.314558
977.349429 216.091427 82.974449 200.166232
975.120085 214.477713 77.885966 199.635227
972.040067 210.465026 80.492776 199.141396
969.690648 209.193266 82.187290 196.244563
967.749900 207.372894 85.451251 200.481548
965.751961 206.081048 89.623257 198.781762
965.463612 205.542164 91.700582 198.666132
957.448502 203.775724 103.214974 197.387304
951.810731 202.786844 109.104190 197.104957
950.571703 200.978771 107.271290 195.843506
954.048955 198.146324 104.755109 194.870539
958.351885 196.801309 100.709130 194.317252
961.838741 195.767026 95.379070 192.397062
964.664373 192.830874 88.321022 196.351765
966.571369 190.203225 77.701731 198.572782
967.519893 187.955031 72.560961 198.060200
967.883658 185.229510 72.256674 200.550548
966.716903 184.814881 75.021779 200.755726
965.459277 182.783317 77.755060 200.559281
963.063625 181.809774 83.769680 204.190678
956.970775 182.903413 91.439017 200.370724
945.571840 181.007306 105.115399 201.295331
937.461078 179.482465 112.996842 201.609451
935.729938 179.453144 115.063684 198.835230
939.734833 178.504385 111.786931 198.511558
944.061551 176.993491 108.462758 200.250445
949.974971 176.782593 101.995938 198.629286
954.610139 176.375448 93.542494 202.371826
959.506660 175.769684 82.233750 200.058933
962.894749 174.634650 84.959970 200.530708
965.332850 173.488152 86.455314 198.500751
964.574238 171.121390 91.785169 199.224588
959.970297 169.669195 101.630372 200.281980
958.732109 167.766896 109.375587 202.208103
958.278816 166.260010 112.938818 202.519453
957.248896 164.732378 114.331989 202.352471
952.039510 162.530085 115.576933 204.237703
947.302684 162.400570 114.055409 201.065670
945.330618 159.184537 113.693022 202.909960
948.374081 158.511020 108.437985 203.699821
949.883801 155.452295 105.391002 207.394440
954.464410 154.089793 103.262879 208.313073
959.131741 152.745700 98.691142 206.781711
962.105397 151.712786 88.368253 207.869019
966.422840 149.855326 87.466211 208.637049
968.782069 148.718842 92.028545 207.834421
968.988638 145.324219 97.389988 213.865804
968.897341 144.624675 102.675070 215.205639
970.621019 143.294301 104.845303 215.049883
967.277678 144.341756 109.794219 213.944856
958.379886 143.157283 116.868287 209.211346
950.116530 142.991035 122.245492 206.178365
945.084662 141.402374 122.365854 205.332862
943.528243 140.909832 120.446707 202.773241
949.186175 141.836504 112.096268 198.878844
954.194511 141.772910 106.627498 196.929953
960.568941 140.514571 99.473388 198.997047
964.926367 139.588731 89.592962 196.077404
968.686420 140.059234 88.466003 191.443177
972.813247 138.938939 88.241515 194.142571
972.319269 136.738551 94.971499 195.665366
968.651450 135.346614 105.082465 195.981044
969.277700 132.761264 109.385179 197.495768
972.264492 131.676193 110.859980 198.843934
975.464412 130.435416 111.507095 198.466554
978.107969 130.519442 106.825401 198.632923
976.493812 128.584899 105.309575 199.723874
978.245424 128.970730 101.393246 199.238456
964.735095 129.656574 113.662637 198.995860
965.703292 127.031107 107.375728 201.723890
971.496639 126.812105 101.514550 202.155953
975.783125 126.432419 100.705329 198.965955
984.043569 124.654763 90.298199 198.786203
987.679051 124.098555 86.541700 198.768555
992.548318 120.990535 89.464232 201.552861
994.845388 120.227312 94.432735 199.681818
996.248192 118.842003 100.323677 198.715853
997.114052 118.386969 105.390331 199.529080
998.276147 117.579910 110.427751 200.509278
997.079746 115.650499 114.040802 200.928265
999.871964 115.960128 111.255281 196.668389
988.864970 116.980260 118.855350 192.359471
983.627376 116.210585 123.526926 192.379389
982.715684 116.110680 120.969784 192.075547
989.696587 114.541282 111.365296 191.432140
997.222046 114.232239 102.095923 193.457153
1003.490094 114.488023 95.280986 193.851837
1009.036604 113.452974 95.356044 191.222878
1016.356683 112.825977 95.230748 189.717630
1019.869250 111.416021 98.873238 188.860028
1023.505063 112.493482 102.101612 188.360834
1024.148910 112.904927 105.919859 188.051907
1026.222094 111.973722 109.271311 189.110461
1028.089728 109.480777 109.163661 189.585220
1026.555946 107.297993 106.247071 189.322584
1001.766379 106.676992 124.810244 191.347448
1000.139607 106.061614 120.489630 190.803754
996.671957 106.911425 120.364793 188.875846
996.772209 106.577301 116.181685 188.952426
1001.759571 105.926601 110.402667 188.845547
1008.001736 102.740935 104.015416 191.663024
1011.076665 100.357481 105.367209 190.747230
1013.256356 98.670409 108.294895 190.524891
1015.723351 97.845259 112.024789 189.475116
1016.841275 95.423424 115.512420 192.343847
1014.406314 93.888882 121.462952 191.640368
1011.467752 94.111135 126.312494 190.216386
1013.820688 92.725490 122.064249 189.286661
1006.685917 95.356243 125.549930 184.943277
996.102966 92.810994 128.847505 183.988736
989.182388 94.352577 133.806302 182.552272
989.379476 95.996727 127.464406 178.723775
991.714688 97.192319 121.750851 180.788875
997.902977 96.418144 117.092501 180.086895
1005.117628 95.679354 116.499233 179.948976
1012.169540 94.528555 116.368555 182.271643
1020.079643 93.672205 118.687654 181.757059
1023.937997 92.402329 124.945865 182.528264
1031.200035 92.053207 127.737872 183.795430
1040.473145 90.640085 124.900576 183.937700
1051.632752 90.124271 119.896510 180.368135
1055.181121 90.696718 115.035323 182.934012
1059.720097 93.365398 114.341774 180.725159
1056.589199 95.472528 119.580660 180.482038
1057.197123 97.540115 122.761866 180.946359
1067.202003 100.813195 120.374193 176.046524
1074.875261 103.804356 125.600693 173.953533
1086.518027 104.970206 120.857517 174.424460
1098.306655 107.449228 110.931104 172.388759
1109.661584 107.162454 99.578090 175.296571
1122.334579 107.075851 95.519022 175.789789
1133.308428 108.447786 92.431478 176.095932
1140.957099 111.223521 96.355045 182.675676
1147.768075 115.659482 110.043046 179.265212
1152.734110 118.356067 104.768348 180.164075
1156.942797 122.697013 101.139032 179.347425
1158.478261 125.941244 101.352960 184.615720
1150.838091 127.979900 116.406851 186.770440
1145.222613 130.178459 125.863777 188.449608
1145.648263 133.721516 129.623374 186.098888
1152.840337 136.864511 125.678732 184.113540
1159.475655 140.233492 121.839643 185.887240
1160.743058 144.937416 116.064905 183.287235
1162.496419 148.799215 104.814527 180.851624
1160.007987 150.085169 100.387856 183.195349
1158.334923 152.313879 96.325773 182.647248
1155.502426 153.166393 95.660352 181.301688
1152.375581 151.893285 97.527884 180.471013
1148.002593 149.364020 98.356258 179.473901
1138.054987 150.194140 103.947415 179.714610
1123.589194 150.564729 111.249432 177.302034
1106.937844 149.512835 117.603915 177.214773
1096.433577 147.871413 114.218456 178.862541
1076.838167 148.206172 117.040412 177.027170
1067.573474 148.912488 109.462088 176.764846
1059.369207 148.998867 105.932873 176.661256
1054.832605 148.556181 97.610945 180.849538
1048.195247 147.508723 90.727319 183.162409
1040.110812 148.650360 96.136822 184.764930
1026.770881 147.580596 103.220971 188.796991
1021.963778 150.449113 101.501624 189.185150
1014.668104 150.722012 98.389134 189.244317
1006.259977 151.611709 89.966037 188.810032
994.393829 154.169457 89.056403 185.616626
977.202160 154.688978 96.556191 183.850213
967.219576 155.957645 91.832873 182.909766
958.859433 159.630145 97.238967 179.222027
953.939313 158.053243 100.516538 178.088152
955.395920 162.299238 100.163381 172.614661
956.948454 165.496357 100.244018 169.847243
957.882362 164.904865 101.743910 171.101435
956.312884 166.510649 107.245238 171.553082
953.118670 163.248430 110.917046 179.238854
950.523488 169.514690 113.734097 175.035610
947.252694 168.165535 110.289332 178.542049
943.085656 169.268169 110.459523 180.598227
960.201940 182.092881 87.587562 172.287931
925.766832 176.651453 114.373217 180.779657
914.354064 183.818786 118.980435 181.449440
912.772003 189.533541 118.470097 184.780670
923.564501 197.038079 109.733803 186.353476
917.250468 198.852928 119.676367 191.115954
921.395783 204.868604 121.213673 191.191932
939.321340 214.482902 106.770629 186.544820
928.851263 220.313837 119.501081 186.625430
929.737882 229.736899 118.949040 181.890733
930.044407 230.673882 115.154184 185.515026
930.472339 232.769135 109.296760 187.210239
932.810342 236.241234 102.775265 186.083523
934.105308 241.256071 100.874270 184.854129
933.750169 244.829842 105.849342 183.340996
929.501312 249.137934 115.103825 183.161962
929.284424 255.953512 122.291985 180.983111
934.585795 261.516611 124.011525 182.517863
940.356244 266.094099 123.943361 183.794344
945.451743 273.485852 122.611283 182.101578
950.032999 279.466819 119.463205 180.782169
951.073817 285.112405 115.583283 177.847255
952.230246 288.672755 110.209529 178.380585
951.119422 293.706048 107.463518 177.912885
954.866814 295.292786 100.416498 182.724043
956.599065 299.607024 102.415785 189.551815
955.502902 303.616972 110.758655 193.283513
956.525754 309.582801 114.687809 194.027861
950.762441 313.314532 125.010190 196.257849
950.246208 319.878151 132.744229 195.330894
955.353468 325.640603 131.516590 193.884414
960.495715 330.364364 124.134782 192.555094
964.657564 334.072644 116.291836 191.571983
965.472620 335.146243 109.795643 191.335705
965.808629 338.554857 108.322375 189.358644
966.739850 339.661852 110.388756 187.831031
968.534607 338.829686 114.913737 188.621831
971.132694 342.423668 120.107916 184.529575
971.862117 344.547115 125.999880 183.217972
970.909680 345.870830 132.141927 184.116702
966.775108 347.943595 141.572897 185.509956
966.664122 351.796370 146.548456 185.917087
968.752004 355.347619 152.920960 186.766178
972.722319 358.743426 142.288796 186.106498
977.072029 362.800782 134.512144 183.596176
978.553981 366.669641 128.334239 178.967121
982.490259 367.936547 127.315438 177.271694
979.395542 367.591784 129.063122 177.589932
982.423220 368.013222 119.573932 178.006193
984.982085 372.648483 113.378861 180.389510
986.028163 370.265824 113.281409 187.393858
981.234327 373.241962 124.098553 186.308387
972.337255 372.365459 139.318120 190.477150
967.804393 376.094568 151.895818 186.020434
963.484258 368.665078 131.848634 192.458094
965.010314 374.004106 143.449459 190.798443
968.377838 376.058918 155.223658 191.257786
972.795906 377.165075 92.911563 169.645101
973.000980 382.631279 97.600076 170.585943
980.760726 383.870546 75.824116 164.071309
984.807414 385.668279 119.222665 180.536097
985.772378 389.172505 116.959382 178.651611
987.718696 387.682059 119.279768 176.092195
986.797537 386.278802 92.437494 172.013427
985.975463 383.734886 61.331139 165.348085
981.630271 384.179708 66.673653 165.424173
969.695175 387.672695 80.850605 164.458107
962.187354 393.614614 88.734891 160.192818
958.894603 395.864334 92.811808 160.542322
952.762650 393.248661 84.980098 164.210191
953.803680 395.974736 87.856551 163.496516
949.987042 397.682979 84.631750 163.281383
949.064729 398.269645 84.854178 161.898012
947.120712 399.480208 80.496038 160.286163
944.600170 398.870863 77.986751 160.792164
943.283733 400.305644 77.244937 157.953470
943.581720 400.860712 73.035566 158.377955
944.541180 401.269550 71.970677 155.870264
944.628789 404.113493 67.990837 152.849703
934.089419 406.778586 76.579672 149.078640
921.309745 408.797088 89.304553 149.201977
915.249319 408.886570 99.959103 150.898450
911.024986 410.401083 99.269038 150.075404
909.117413 412.934981 102.306720 151.917079
908.482850 414.981608 94.526193 152.334506
910.807207 417.180898 89.294503 152.599284
912.271699 418.411362 79.424791 150.667308
912.848626 419.387642 73.624279 150.281349
912.522638 420.793666 74.773339 148.133731
910.083194 420.698045 70.627742 148.286744
908.218368 422.393095 66.647329 150.271884
906.190823 423.101074 66.133283 155.190793
904.393908 425.193259 66.302570 157.811573
902.685514 426.419173 66.635249 162.680169
898.202906 429.568142 71.897030 165.038825
887.829363 433.150460 80.133452 162.208108
881.980513 436.350487 82.352834 162.661238
880.334179 440.852474 81.109182 161.756152
880.855619 444.168009 83.412267 162.519336
880.215221 447.425385 78.293590 163.687852
882.156155 450.834240 71.333326 160.063788
883.232365 453.342906 66.645757 157.259263
883.109876 456.619619 62.921267 154.147168
881.834251 458.175707 62.728215 153.618860
880.095097 462.035930 61.187671 148.083234
877.544721 463.335017 62.702931 147.567085
876.048557 463.028230 62.293021 145.212571
874.912671 466.076106 60.333514 144.580403
866.373508 468.705632 68.970817 147.476715
857.999364 471.156652 75.350302 147.485470
852.024444 473.544865 81.798817 149.792383
853.758673 476.520636 89.960632 149.718122
853.946911 480.793970 75.988175 149.943089
856.105224 482.497632 73.194908 150.709256
859.357378 484.196826 67.688526 152.462411
862.933022 484.810677 64.532285 153.149297
865.599230 489.339016 61.659514 148.938177
863.432420 493.354171 64.330870 146.042654
860.440357 494.230044 69.063627 143.869936
861.295340 496.565243 71.611046 140.962675
863.149473 496.169070 69.852842 147.913948
864.421522 497.029235 69.309500 155.216110
863.753204 500.057007 70.737854 158.981659
866.292379 501.548807 66.733742 161.622838
864.919862 503.674079 69.783399 162.741989
865.852687 505.656819 70.982794 163.091784
868.065576 507.479170 70.176068 165.227397
871.018649 510.344890 69.083742 162.207814
873.564252 510.696629 69.330156 162.813607
874.848972 512.288128 69.996384 162.652717
877.030613 513.559672 70.223740 162.386052
878.107244 515.928732 71.189428 160.421504
879.660063 518.182858 73.042446 158.668876
881.745207 520.206970 74.435033 156.628477
884.660090 521.117271 73.586961 155.217205
886.596682 523.041312 74.414951 152.903894
887.243985 525.365494 77.093563 152.257774
881.640522 526.947717 86.210731 154.147299
879.211829 528.350403 89.089661 155.720410
881.519076 532.678828 85.949305 153.099114
885.496802 534.637890 83.651266 154.173438
890.953956 536.279059 79.878569 155.642096
896.238569 538.130332 77.380214 155.297163
901.191855 538.878151 75.182134 154.913857
907.052259 541.383579 69.647224 154.129070
909.665587 542.638841 66.764801 151.751843
913.026602 544.166836 64.122728 150.390313
915.425882 544.984603 63.513378 149.189304
917.851544 547.223805 65.167360 149.262992
918.286875 549.562507 65.360373 154.740408
918.685734 551.173641 66.391214 162.449418
921.754157 552.511028 63.305228 168.730430
922.233523 555.854339 63.926231 166.276469
923.629003 560.089073 63.602243 151.950043
923.691977 564.203193 64.889346 149.159891
923.162086 568.043160 67.816936 172.033080
924.387223 570.561484 65.055043 170.104086
927.294933 575.874200 64.232608 165.526123
926.118590 579.251788 66.682019 165.163862
926.006705 583.215477 69.423189 159.488624
926.362887 584.917685 71.462178 157.229604
924.993265 586.313465 74.292792 154.918452
929.127303 586.815114 71.508621 151.727799
931.353488 587.209112 71.890953 143.305845
931.767130 589.906405 70.799367 143.333080
928.560906 592.239790 74.712993 157.017143
924.170436 592.674842 81.539164 156.359682
923.602132 596.587522 81.529835 156.650300
927.912799 598.999094 81.124589 158.922737
931.916418 599.733462 80.123219 161.070557
935.906167 600.957194 79.643241 165.726358
938.207466 602.814528 81.694476 172.694272
940.865003 603.863839 79.530566 169.188577
944.015155 605.439098 71.532683 154.360742
944.288279 605.007084 71.055569 153.249023
945.784042 607.141911 69.821365 155.780337
948.863695 609.256100 66.418054 163.734020
947.788211 610.501629 63.763775 169.036754
945.933101 616.199677 66.081070 167.711645
941.993452 625.493774 73.876026 159.072280
941.393821 637.971090 75.656455 149.501793
941.822130 629.783213 71.715661 158.422817
943.972481 629.744481 71.492689 161.310992
947.196844 637.182621 64.014638 152.776988
947.078467 627.504140 66.394345 159.509640
944.316185 627.581043 72.203609 158.242634
940.182096 630.102389 78.052450 155.429097
942.945716 627.101911 75.903832 158.056639
945.880274 627.135725 73.159590 156.041248
946.705883 626.521357 73.960397 152.349185
949.393707 627.904781 72.078830 153.046025
949.061369 629.079820 74.447975 156.241993
943.004366 629.891066 81.626241 157.978984
938.729315 633.418094 87.047676 160.933413
941.261966 635.022300 86.041014 163.031994
942.606956 637.525404 85.851855 165.080237
947.610956 639.352310 80.152397 164.544191
952.136882 639.473569 73.965376 163.295529
954.463196 639.388396 73.833169 162.906726
957.122200 641.115666 73.187232 158.913848
960.601653 640.837071 71.910571 157.762743
961.872793 641.197370 72.461447 156.130617
966.330028 641.024792 69.737207 157.704054
969.948521 642.579725 69.083823 164.338621
970.956764 644.712389 67.499320 168.184418
973.671337 644.614464 64.857202 162.715303
977.127736 647.563095 63.842604 145.625738
974.256465 648.473660 68.688705 143.812404
946.514560 643.085116 94.649661 160.662294
739.036691 944.730704 68.842503 34.245170
730.017074 947.362727 88.234569 115.219966
719.216033 947.451703 97.770182 132.548297
730.686126 946.787458 86.295131 125.116276
722.895031 954.284088 104.074446 125.715912
741.734114 959.825587 87.562799 120.174413
758.347004 960.836041 76.959482 119.163959
770.775858 975.397282 69.023244 104.602718
775.241142 967.792351 69.464145 112.207649
782.054975 968.189511 67.267648 111.810489
783.180486 969.275318 69.526247 110.724682
776.569286 979.180001 76.909020 100.819999
783.027329 977.937998 77.403662 102.062002
780.658579 978.696867 85.314230 101.303133
796.358376 985.729104 68.328866 94.270896
794.922614 980.053260 79.282766 99.946740
805.014194 982.679466 74.633782 97.320534
811.737020 982.777326 72.389427 97.222674
817.020420 986.108909 72.475059 93.891091
821.914848 989.103454 73.822367 90.896546
828.706292 993.619272 71.030953 86.380728
833.018482 997.300816 71.147026 82.494952
838.778753 1000.549137 69.259587 79.450863
843.221922 1003.411961 69.520742 76.111168
845.593292 1005.643663 71.773308 74.356337
856.266900 1007.242240 64.207275 72.757760
856.795081 1008.118307 68.021956 71.881693
856.453948 1010.140902 75.581428 69.859098
851.950381 1011.905998 86.222123 68.094002
856.533805 1013.610120 86.298943 66.389880
861.359774 1015.096388 87.665489 64.903612
867.069265 1016.213533 87.802782 63.786467
872.651669 1018.714083 87.860485 61.285917
880.386137 1021.956856 85.315043 58.043144
886.370847 1025.203217 85.372155 54.796783
893.098601 1027.790311 83.959690 52.209689
899.846317 1030.172667 81.762882 49.827333
907.834108 1033.683395 79.694362 46.316605
915.814001 1037.023855 76.122938 42.976145
923.730089 1039.465859 73.266351 40.534141
930.853228 1042.158636 69.830411 37.841364
937.243439 1044.975971 68.345539 35.024029
945.814498 1046.854780 64.467976 33.145220
958.195212 1050.196208 65.196803 29.803792
975.469201 1052.968085 62.604833 27.031915
1001.098867 1055.613419 50.316205 24.386581
1016.053187 1058.070031 36.694004 21.929969
1027.591842 1063.225713 30.792469 16.774287
1037.960887 1067.767364 26.964057 12.221455
1047.833787 1072.612228 23.728246 7.387772
1056.853769 1074.572891 16.605124 5.427109
1054.486482 1067.560656 15.579585 12.321090
1050.303904 1061.471935 16.054824 17.783831
1042.156312 1058.644758 19.792155 21.005993
1028.193338 1063.389365 23.300975 16.610635
1012.450056 1061.203527 27.491447 18.796473
1006.132435 1058.237785 27.606505 20.467366
1000.986542 1057.170841 29.581876 21.610701
995.733239 1048.986532 31.809602 27.967928
985.715668 1041.054470 35.463264 35.661704
978.963135 1031.385730 41.010877 41.892977
971.830647 1022.220871 43.768574 48.213913
957.258395 1014.347949 47.396101 58.304856
945.218119 1014.222861 58.908181 61.957634
943.198622 1008.099367 64.341759 64.843214
930.289624 997.991069 66.432062 76.676852
911.042371 984.183573 70.232076 88.942934
887.468047 981.789873 79.318855 89.334571
870.029763 960.682284 85.332566 111.443207
824.407394 920.671832 122.763426 112.506354
803.097951 892.662767 147.207736 133.756985
763.375903 906.602667 132.600894 123.674507
723.851930 944.949777 98.129133 109.942662
739.063083 970.683007 95.580296 99.695945
755.491810 988.427991 89.529655 81.788036
764.347887 990.541148 76.310032 78.602646
786.035305 995.966702 64.517295 76.472640
798.391551 987.792762 60.542948 85.397522
791.120353 979.556395 60.535450 88.186707
784.289455 984.083658 72.444426 90.089082
780.917554 991.456948 67.847785 82.205304
794.849104 998.004789 72.120598 76.303414
799.293263 984.874766 63.140168 90.587282
798.371908 986.294279 65.365611 84.898378
816.082232 1000.696946 62.383947 79.258703
822.426911 1001.826326 63.695369 76.887299
828.585322 994.066018 58.182263 83.365381
838.823602 987.752638 57.983473 85.575256
838.413573 972.238182 56.537782 100.176070
835.202936 974.631487 57.858910 95.449441
837.812031 964.721036 62.128343 110.227689
837.371642 970.200413 65.771061 102.488831
831.717689 967.317327 68.370289 100.291133
843.991097 967.654105 54.908277 111.306152
851.421975 971.521829 69.906499 103.918312
855.320947 959.275427 58.119750 117.424440
843.244259 963.756258 66.321557 108.845093
846.272015 969.186562 80.856612 108.414892
851.347465 961.263024 67.012766 114.649509
846.942277 950.791972 77.802005 123.831694
860.510242 953.891876 77.948665 124.063251
873.471448 953.787633 77.233166 117.344495
868.948983 944.002621 67.361630 134.108219
865.121453 937.607418 77.442510 139.782592
866.271764 936.881361 73.501765 135.433006
876.557147 931.859339 70.646477 146.228553
848.447175 937.124067 79.523883 129.938953
847.512151 912.912749 63.419496 147.102670
844.914850 905.043063 74.315039 137.623153
833.360672 896.600823 70.218310 138.701407
820.051909 921.527994 72.808873 155.825708
782.304085 939.032221 111.478284 130.784466
756.777455 948.756816 134.356020 116.307034
753.396891 942.342093 153.948088 126.532530
742.226860 960.420861 148.743836 112.352179
681.727435 983.562384 189.814770 96.437616
685.828676 1001.750150 162.552720 78.249850
694.880951 1024.942648 117.768647 55.057352
671.008009 1020.014310 103.181647 59.985690
668.765117 1021.323121 67.182428 58.676879
675.539735 1024.324972 61.017396 53.576150
659.975390 1023.267344 57.186965 56.732656
668.724252 1015.187599 53.174957 64.812401
651.431043 1012.936144 54.968301 64.879251
647.877900 1007.999836 68.927429 61.568310
630.391736 1007.660703 63.511924 72.339297
607.496309 1020.550954 84.015217 59.449046
614.948957 1018.668564 77.397192 61.331436
601.621362 1021.141892 84.327778 58.858108
582.467120 1003.469359 83.934987 71.653525
547.931658 1027.666906 105.139118 52.333094
554.567783 1049.191828 86.283132 30.808172
562.204678 1041.506367 65.848608 38.493633
550.750382 1040.961994 68.069538 39.038006
551.461321 1035.773149 68.076144 43.246822
537.032044 1034.253475 86.223570 45.746525
520.436890 1012.882315 85.796184 62.985170
519.304001 999.600157 95.760811 78.612932
501.695394 989.135417 103.484812 82.915084
480.629171 985.689466 110.558819 86.487985
451.500026 987.750910 119.557436 85.704158
437.402749 998.383927 120.647360 79.153003
424.080343 998.477757 104.846232 73.728728
396.063550 1027.105831 90.535064 52.894169
392.826140 1042.765578 67.361903 37.234422
389.026891 1059.117903 44.653276 20.882097
385.994881 1056.157021 36.213182 23.842979
386.852389 1054.260071 32.743858 25.173914
391.213453 1050.448658 35.973155 27.518105
371.453033 1040.074336 37.098057 39.925664
349.666540 1045.986147 48.829096 34.013853
338.311652 1037.716451 50.892053 42.283549
333.230727 1029.262909 57.013950 47.674126
297.762461 1037.186670 92.563089 41.688878
321.404675 1048.589324 92.810348 31.410676
365.035397 1041.944172 66.112121 38.055828
375.799327 1026.232526 64.437175 53.767474
387.310326 1007.663528 60.639971 71.670363
394.001793 987.028852 60.750533 90.802951
401.415200 963.548790 57.566015 111.845250
414.529773 934.714586 52.700761 145.285414
418.317290 915.449332 65.980284 164.550668
427.681163 895.410267 63.975065 176.473590
342.245036 961.574786 104.710113 112.019952
331.840245 1004.555500 67.237639 75.396620
341.624017 981.579448 60.941322 98.160528
350.912720 958.928738 59.219412 121.071262
357.054799 942.151091 72.245304 137.848909
366.430616 924.751158 79.811950 155.248842
371.379682 910.558080 78.426444 169.441920
376.731001 900.831351 69.155547 179.168649
385.673770 895.567357 66.094502 183.443053
394.658369 886.494850 63.982344 192.102587
403.598920 880.865202 63.224632 197.512583
412.119681 874.560128 62.637129 200.167451
417.964708 871.443833 61.427148 199.768796
423.976746 864.653576 60.970072 199.455483
426.974823 861.464186 61.189696 202.720139
430.058017 856.244032 62.151503 205.677013
432.631419 851.383061 61.668551 205.830571
434.663336 848.235700 61.565780 203.985727
436.150508 840.791066 62.481341 204.677742
438.564776 839.817370 62.615314 199.448579
441.098292 831.387813 63.116442 202.971944
443.952123 825.255477 65.569138 203.205612
447.686436 819.035959 67.544778 203.619157
451.213457 813.168493 68.391973 204.736467
454.596385 807.972525 69.583795 202.096149
457.839243 803.694448 70.101356 202.844421
459.943284 798.798940 71.530208 199.976936
461.426515 793.800681 74.215028 197.102704
461.813438 790.058066 79.234414 192.246920
461.781653 784.298964 80.431076 194.522581
461.982917 776.891943 80.648321 194.271684
462.575281 771.407100 81.072926 195.265942
463.473277 764.974421 83.521894 195.908224
465.042466 760.152633 84.157422 195.661180
468.967803 756.070121 82.883105 193.301904
472.558893 750.240535 83.413155 193.509528
476.529491 745.656580 82.699694 192.455235
480.342816 741.996224 82.237029 190.173233
483.168269 736.105282 81.140693 192.024321
485.778541 731.995817 79.243641 190.443749
487.906657 726.517184 78.707448 190.561343
489.151427 721.858241 79.160750 191.630658
490.026969 718.011808 80.013234 190.279862
490.116855 714.097549 80.570387 189.324338
490.374236 710.597118 81.630000 188.232344
488.048111 707.806420 83.940733 185.445495
485.704981 703.952478 84.982261 184.717825
482.615434 699.604320 85.871514 183.988558
478.203819 694.592871 86.825233 186.736360
471.358121 690.506444 87.038640 186.806574
460.926665 686.707130 84.572836 187.950547
450.793264 682.672326 85.365567 189.252536
441.934601 678.880039 86.904896 189.194517
431.868208 675.248711 81.734959 190.593844
419.842744 672.605102 86.645756 189.999102
406.588443 668.345707 85.635039 189.358096
396.457936 666.285370 86.411851 190.442126
389.399020 663.230202 83.436976 192.156920
380.825459 661.212896 83.965320 194.912347
371.970672 661.678982 83.479591 192.855528
361.999685 657.372649 81.930735 195.976974
354.647223 657.962400 82.389309 194.344390
347.535444 657.378439 84.784820 195.909571
340.891337 656.979446 85.477942 194.217536
334.005501 657.925595 84.829311 192.040748
327.246600 656.445477 84.603127 191.966153
320.718891 656.600558 86.274120 192.544218
314.599845 654.806049 83.742497 192.503219
308.579369 654.659937 83.799060 191.820656
302.126771 653.630913 83.011525 192.898839
294.957561 651.712130 83.286703 194.360498
288.005196 650.892194 87.392508 192.905864
282.304163 649.762228 86.650087 191.699477
276.829809 648.727393 86.241783 192.068363
271.242122 647.687094 86.883183 191.039595
265.772038 645.693203 85.722437 191.780000
259.366385 644.722865 85.994777 191.209365
255.191427 643.368831 86.009431 190.084328
