213.000000 7.000000 62.000000 100.000000
213.534517 7.466181 64.684960 111.636258
213.243487 8.594217 65.820329 112.285529
219.735443 11.386530 60.787520 112.635442
212.465394 13.721957 68.732481 115.620176
216.697360 15.827724 66.122790 117.742663
217.140446 17.399621 67.297371 119.514575
217.098896 19.506963 68.226615 120.407060
220.313252 22.079862 66.509883 120.784230
220.325067 24.245465 67.550593 121.798027
218.059156 26.738878 69.850104 122.479504
219.003728 28.823376 69.612542 122.629999
220.563911 30.904253 69.174724 123.325557
221.333844 32.475665 69.590022 123.605295
222.587586 33.999555 69.831750 123.337323
223.481774 35.865007 70.490427 122.330808
224.785916 37.778397 70.220943 121.699241
227.624628 39.169050 69.111749 120.875618
230.490080 40.161640 67.640937 120.884314
227.579311 41.583256 71.986478 120.111463
228.962797 42.930050 72.057788 120.178591
229.505795 44.077538 72.917335 119.443130
229.257525 46.233668 74.326603 119.603534
229.694241 47.305168 74.944393 122.234900
230.575000 48.499781 73.853245 124.071575
230.753061 50.502616 73.526876 125.435328
231.188369 51.594906 72.897430 127.302362
232.024940 53.477024 72.189686 128.295452
232.529015 54.932737 70.586158 128.065002
232.891050 56.485850 70.636375 127.397534
233.314336 58.643817 70.004459 126.460080
234.239761 60.127709 69.596786 125.315921
234.839863 61.302436 69.267494 124.865537
235.387025 62.639155 69.049426 124.074428
235.704206 63.670424 68.962806 124.050547
236.679654 64.834386 68.790119 124.563612
236.413156 65.505160 68.678908 124.615568
236.699777 66.257245 68.682357 124.343865
235.615982 66.843140 69.373429 124.034907
235.195373 67.051375 69.900835 124.421309
235.434866 67.584409 69.918316 125.659419
234.570797 67.927355 69.919389 125.627547
233.700959 68.524741 70.793355 125.911402
233.656930 68.901504 70.646735 126.549662
233.229732 69.242783 70.747865 127.042154
232.682105 69.487629 70.802823 127.930661
231.953482 69.164683 71.502505 128.910100
231.657991 69.417715 71.317092 129.251447
231.312567 69.292691 71.786475 129.666480
231.175726 69.610614 71.769294 129.212785
231.807570 69.878941 71.426589 129.300831
230.857333 69.889087 72.484685 129.397913
230.463954 70.391885 72.559940 128.938698
230.556913 70.527143 72.796267 126.822260
229.687179 70.593019 73.410047 124.342928
228.334998 70.974094 74.112588 120.891828
227.806560 70.701549 73.666181 116.038492
226.134304 70.499369 73.615596 114.229188
225.102302 70.913383 73.051860 113.847382
224.492319 70.412658 71.879965 115.784717
223.543354 70.516964 72.017315 116.994995
222.792014 70.034586 72.061860 117.379995
222.017933 69.625915 72.812950 118.233280
220.848684 69.639947 73.500824 118.479009
220.302924 68.573340 73.811865 120.189921
219.420335 68.400222 74.229339 120.428805
218.730159 67.599906 74.222481 120.043123
217.962835 67.116603 74.406685 118.995319
216.786623 65.864585 75.106569 120.044140
216.806564 65.409135 74.688423 119.730547
216.104229 64.448585 75.246662 119.051731
215.829929 64.455562 75.114739 116.276355
215.442153 64.567562 74.834170 114.873940
214.476806 63.371228 75.648419 114.143693
214.155923 63.976767 75.433608 112.059297
214.135201 63.124667 75.012366 112.519662
214.028792 62.972362 74.938330 112.307926
213.703095 63.167034 74.976724 112.381643
213.735907 62.589854 74.491870 113.541323
213.135200 62.904176 74.599229 113.800729
213.454938 63.399510 74.060534 114.544815
217.650085 63.479142 69.409368 114.142549
225.759502 63.876408 61.084719 114.063846
230.752420 63.934491 56.050004 115.577908
233.943239 64.900266 52.158707 115.058079
228.018977 65.457362 58.229322 115.438510
234.549277 66.103521 51.652060 115.393852
228.470298 66.780913 57.510232 114.710159
219.514847 67.269484 65.872853 115.548346
212.429448 68.203078 72.017053 115.657206
208.944486 69.757712 73.782962 114.778862
209.569289 70.397998 72.788745 115.036960
209.762049 71.385228 72.526256 114.905775
210.293172 72.555717 71.384699 115.023189
210.700046 73.712262 70.187431 115.244977
212.257206 75.522594 70.871961 113.882305
211.078628 76.888846 69.844733 113.942797
216.420906 78.601900 69.146450 113.648725
215.915284 79.359605 70.099065 114.337373
217.538780 81.389215 69.699292 114.355235
237.852600 82.734879 53.127599 113.717963
239.932310 85.862685 52.889208 112.135718
237.020547 86.450391 58.606480 113.509825
238.149618 89.160648 62.177259 112.301444
235.864243 90.803102 68.664562 112.348228
228.155763 93.159330 73.757472 110.372079
222.903419 97.392017 80.319965 107.735816
223.590305 98.809452 74.443732 108.088182
215.997752 101.425421 64.489093 106.864322
231.705612 101.933604 76.956190 105.234816
244.523124 103.172993 71.140717 103.938861
237.975400 105.511964 77.664007 104.753698
248.632955 106.599528 66.973245 111.128856
241.697387 109.435556 73.171003 114.229619
248.863983 111.011970 67.432921 117.727829
254.095259 114.498968 63.897432 118.539096
254.282823 116.250528 63.151057 119.439957
254.944631 118.374465 63.101726 119.684304
255.507451 120.949678 62.438712 119.488035
256.092351 123.336929 62.193999 119.683924
257.174961 126.744003 60.459936 118.200930
258.874141 128.729072 58.359613 118.069279
259.364774 130.778971 57.683114 117.083414
259.995759 133.103978 56.488628 116.485582
262.536697 135.425571 54.181138 115.626951
264.365008 137.831363 52.508250 114.024393
264.849924 139.874801 51.270751 112.602662
266.970702 141.985622 49.430358 111.897603
268.334443 144.734169 47.778032 109.396213
269.409912 146.751379 47.225201 108.637783
270.337963 149.676689 46.784758 106.652524
270.743893 152.144498 47.466520 109.903400
272.174224 154.814943 46.997891 112.362376
273.598451 157.309400 46.332507 114.217673
275.795969 159.496371 45.285504 115.392834
275.816099 162.971723 46.366281 114.769027
276.465314 166.001327 46.534894 115.262161
278.412836 169.066126 46.105388 115.492077
280.958749 171.825012 44.434288 115.172754
281.583065 173.979262 44.713324 114.309929
284.214839 176.276831 43.539210 113.724093
283.632446 178.149153 45.395603 112.718566
285.394296 180.275614 45.315641 111.092320
285.886844 182.489275 46.145650 109.643928
287.608447 185.136972 46.176277 108.047911
289.390316 185.933255 46.033262 109.010583
289.911445 186.916425 46.890378 113.046959
288.228465 186.337889 49.761807 120.777984
283.235247 180.809290 56.574651 131.216854
291.533970 189.645167 49.669072 125.632912
286.866028 184.198980 55.010543 133.463776
285.634345 188.219532 57.947790 131.979205
284.036737 188.112937 60.858535 135.328119
286.717603 193.722242 58.963061 132.513988
284.700096 190.552570 61.901084 138.981944
278.136566 191.914733 70.607860 140.138529
281.739513 192.463609 67.524562 140.918174
288.062408 193.863108 61.612970 140.909942
294.487876 194.774240 56.517453 141.314315
298.468652 196.057289 52.727342 141.491936
299.953493 196.681645 52.124997 140.301591
301.222815 197.117900 51.993375 139.640175
303.991896 198.319997 49.877765 138.817513
304.856582 200.166144 49.926001 137.740304
306.990818 201.942847 48.917968 138.091880
307.937917 204.438752 51.149386 139.746495
308.885100 207.119146 53.768313 141.574716
310.236341 209.453346 55.629806 142.948756
311.808406 213.456970 58.167442 142.658141
313.360635 215.953608 59.286962 144.091319
315.160303 217.853535 59.817976 145.640125
317.529084 219.967191 59.440662 144.797596
319.663104 221.922278 58.205501 143.702244
322.871122 223.247095 56.195443 140.719507
324.735122 224.520903 55.482522 139.784675
324.981987 226.922780 55.508535 141.919886
326.354686 228.797848 54.565953 141.154174
328.002304 229.885975 53.499648 140.656175
328.983482 231.870496 53.855510 139.049316
330.799424 232.801733 54.390082 139.259864
331.734474 234.667052 54.573904 138.077817
333.681281 239.053941 51.852515 135.198033
334.893619 242.821228 48.697265 132.988663
336.700000 239.756221 50.558454 137.956744
337.644409 246.002832 45.736424 136.161694
340.450481 243.649936 56.160515 141.217516
340.856604 243.890834 64.827625 144.133905
341.308336 248.691049 49.449917 139.585689
343.291120 256.715912 47.901718 131.501270
344.487363 256.717110 50.479846 132.119684
344.976347 269.130536 47.334434 118.553386
346.144826 272.938862 47.697397 117.541731
347.438925 273.438491 47.517938 117.748296
348.507846 276.225270 46.476666 115.768574
349.247069 276.067122 46.124984 116.518179
349.104083 278.913431 46.680824 112.826639
349.838953 280.007249 46.195879 112.798031
350.266845 281.957554 46.369733 112.121004
350.400912 282.839810 46.254265 112.144360
350.344832 283.953350 46.528594 111.773815
349.332400 285.703429 47.923118 110.143010
348.087230 286.704228 49.525379 110.715446
347.013261 286.712150 50.970667 111.223070
346.662847 287.837319 50.525276 111.592043
346.207783 288.099818 50.693860 112.446148
345.077079 289.009632 52.045238 111.158409
345.002797 289.293760 52.453760 111.951476
345.309675 287.396034 52.373149 115.155754
345.290736 285.402018 52.684112 117.623032
345.665029 282.492091 52.945121 122.212626
345.336421 280.666836 54.323853 124.637573
345.213142 277.565004 54.888813 128.315565
345.146527 274.872603 55.367464 131.706793
344.499331 272.688769 57.281081 132.653447
344.553903 270.349476 56.474637 134.900145
344.434745 268.274168 50.017567 137.251216
343.549659 266.951721 45.809894 138.094815
342.994540 269.221393 40.959039 133.859901
342.746525 281.824864 43.121499 118.242187
342.319413 283.858164 43.387510 114.789273
340.973774 264.854573 46.865459 129.780289
338.729652 262.168749 48.370872 132.518601
335.694870 263.372286 50.502407 131.290668
332.197078 262.606237 55.643249 133.038239
329.811105 263.185795 59.616616 133.129240
327.471256 265.051657 62.087551 130.661694
326.322621 265.116108 70.604997 131.353996
324.965951 265.223902 65.523256 131.665431
325.108531 267.659464 65.796275 128.760191
324.270618 267.004880 65.711256 128.939627
323.841822 266.068524 68.056129 130.020936
323.896631 266.415402 63.974980 129.118736
323.533009 267.743539 59.433315 128.187030
322.700091 268.571339 54.925921 128.165026
321.702186 269.827995 51.890595 127.899414
320.416828 270.445249 51.062355 127.559432
319.076823 270.997913 49.694034 127.839364
318.142177 271.789887 49.455733 126.873969
316.575772 272.620167 48.895825 126.893291
312.962277 274.356872 49.829532 127.123180
307.336607 275.662987 55.691340 126.734652
304.186185 275.852592 58.614256 127.490960
301.042552 276.709544 61.212015 127.835565
298.400118 277.043456 63.038673 128.532793
297.166525 277.254346 65.116519 129.390782
296.182413 277.537753 66.896885 128.705850
295.430179 278.209701 70.173631 128.151392
295.501219 278.105826 70.868327 130.170969
295.436468 278.682396 66.087748 128.729621
294.841813 279.088031 66.819973 128.366354
294.570910 278.294286 64.112676 130.309133
294.930675 277.843620 58.055838 132.434700
294.403778 277.983461 55.338865 134.055952
294.732600 277.999092 51.752789 135.289317
294.660483 277.932788 49.560217 136.072519
293.346948 278.552272 48.854621 136.389273
292.519957 279.470120 48.446360 136.681265
290.544747 280.087263 49.286962 138.117813
289.030710 279.808312 50.252894 139.536919
286.526817 279.092390 53.054399 141.291418
284.800021 280.302401 54.484572 139.427365
283.782571 280.696136 55.368448 140.048735
282.379650 281.230873 56.830467 139.989151
280.671044 281.340392 56.865999 140.285007
279.161106 281.710642 57.772623 139.893272
277.550142 282.272975 59.445656 140.073081
276.746304 282.382812 59.690008 140.291464
275.248649 283.137956 61.129849 139.892486
273.844553 283.309853 62.206632 140.302602
272.963859 285.120464 62.064985 140.201124
271.266523 284.623894 64.198937 140.305227
270.205772 286.113936 66.232004 139.861367
269.347768 287.464118 65.465280 139.229449
268.408231 289.066309 65.835735 138.278192
268.334652 290.318860 65.486528 137.400523
268.029336 291.776064 65.682839 136.744602
268.055646 293.107224 65.603313 136.213645
267.321169 294.398829 66.131217 136.393043
267.076826 296.127160 66.844754 135.865298
267.632195 297.379096 66.212579 136.422736
268.181716 298.504166 66.245837 136.919066
268.209021 300.213899 66.566770 136.833849
268.151683 301.799402 66.819239 136.440361
268.733617 303.836230 66.312454 135.398640
269.263550 305.763531 66.272294 134.412614
269.406932 307.691682 65.806917 132.451670
269.785373 308.797983 65.973167 131.719592
269.197207 309.278582 66.012043 128.870759
268.570909 311.006083 67.068666 128.293723
268.096748 311.698330 67.033864 128.844275
267.748040 314.368463 67.999675 128.801020
267.575406 315.276940 67.783064 130.812267
267.175900 318.732445 68.513597 132.364168
267.370193 319.929171 69.843519 134.207888
267.519640 321.856357 71.299520 133.902230
267.426298 324.426815 74.301435 133.796908
267.458900 327.073995 77.373703 133.643775
267.033735 329.461109 80.805932 132.091672
266.345712 331.999768 82.514249 127.656133
266.266985 333.917997 83.113524 127.031919
266.420142 335.436544 80.621132 126.846170
267.378180 337.434900 84.197295 125.709686
266.853142 339.576913 77.473439 122.420004
270.283085 341.794394 85.423646 125.004713
267.973263 343.037998 79.769795 117.764110
269.359574 345.252835 84.212557 119.586547
270.120712 347.560647 83.211047 117.094372
270.416468 348.956883 82.415019 115.581800
271.485663 350.767230 85.749961 116.387666
274.031099 353.456373 89.873043 115.681667
274.417141 354.321633 88.610291 116.066842
276.973223 356.351808 92.040826 115.445928
276.511203 357.663023 90.174262 115.613300
279.080150 361.584748 93.878753 112.173490
279.317167 362.682414 93.363658 113.190132
280.796294 365.150926 95.730559 111.576820
284.680601 366.339305 93.517580 110.971421
286.129575 367.963931 92.511234 110.974755
300.531948 368.547306 79.438014 110.268157
308.938430 369.336982 72.393285 108.637557
317.892198 370.453743 65.536003 105.051812
315.853796 370.597561 70.661137 105.425664
315.035700 370.391728 74.225215 106.764124
319.262256 369.551069 72.314522 108.456356
323.677983 368.410050 69.701265 109.423859
321.293293 367.911592 73.940900 108.379088
323.154054 369.422231 73.120908 107.217786
325.400695 368.350128 71.793011 109.480945
327.250714 367.565865 70.517447 110.916672
327.109656 367.706608 71.886146 110.282651
323.847554 368.114662 77.352883 110.245015
327.399321 368.694536 77.886550 111.418318
329.963396 368.845140 77.706637 110.769349
330.806800 369.298684 79.519227 110.650610
332.131683 369.526242 80.237316 111.597840
330.830695 369.985866 83.151322 109.771955
333.354059 370.442835 80.490999 107.658756
336.703435 370.422499 77.279774 105.661986
344.337624 369.869200 70.471078 105.854235
350.159157 369.851723 65.324880 107.302206
354.172490 369.925201 62.589090 105.907441
352.348319 370.712363 65.872609 106.254687
355.508671 370.017902 62.996667 103.265606
356.940670 369.887338 64.901502 104.202389
359.405057 369.953640 68.077023 102.947021
364.990336 369.647837 65.294755 98.256573
362.479817 370.175017 72.232574 98.274571
359.382034 370.327189 77.772582 98.137333
366.833417 370.244349 73.007274 99.897173
362.370117 370.174072 78.439315 101.458816
360.612908 370.734083 81.177396 104.166388
360.288297 369.487769 81.017772 103.538079
362.863716 370.099528 79.591658 106.512671
364.181424 369.184291 78.577879 104.425714
366.623589 370.048424 77.103211 101.953327
373.183228 369.748614 70.621522 101.441198
377.515239 370.034952 66.735047 100.635239
377.835514 369.856204 67.072996 102.902162
379.032978 369.350921 66.537100 104.945075
379.097096 369.442584 66.665219 105.239157
377.911164 370.173592 67.921273 120.453158
381.051246 369.475868 66.471143 118.955724
384.319127 369.111163 65.892888 119.441765
383.870820 369.020157 66.163656 120.851331
385.093054 368.833525 68.949097 120.092074
387.318675 368.646340 70.767160 121.091771
389.618356 368.686928 72.624484 122.364864
393.040827 368.449615 75.269775 123.268455
397.658768 368.548110 73.514964 122.403447
401.803798 368.309895 71.312857 119.949002
404.696325 369.477162 69.767569 123.533582
406.794373 368.963428 68.396787 124.200483
409.146344 368.800882 65.843070 125.195951
413.465797 367.403825 61.975767 126.728411
418.352564 367.347535 57.111620 126.392903
422.305971 368.087357 53.478712 125.240525
426.074116 367.839583 49.782731 125.250978
430.039356 368.182689 46.272885 124.177967
433.084656 368.238058 44.380065 123.518134
435.630909 368.234655 43.076169 124.085141
437.529969 367.724073 45.535112 124.853765
439.783789 368.110652 49.380250 124.877109
441.668241 367.854997 51.799605 125.729453
442.591872 367.789896 56.195618 127.104526
444.465504 367.155796 58.440957 128.129919
445.706498 367.693624 60.894757 128.407779
446.487736 369.026592 62.778883 126.322735
447.442852 368.593053 64.075355 127.227846
448.043022 368.968353 65.083666 126.991959
449.456820 368.824800 64.535499 128.041418
450.305971 368.711409 64.039424 128.490912
451.127371 368.187534 62.692402 129.406616
451.715227 367.426796 61.224214 129.928088
452.896377 367.572937 59.327072 129.911649
453.706665 367.678603 58.387738 130.918463
453.054428 367.558797 59.651744 130.929976
453.475904 367.302864 59.454522 132.380995
454.391859 367.147643 59.410712 132.464292
455.320186 366.644462 59.414312 133.088947
455.959275 366.428689 59.663180 134.080213
456.304495 366.177818 60.302868 134.370222
456.935858 366.200677 60.761404 134.262131
457.128900 366.200677 61.781703 134.508647
456.794600 365.621962 62.894280 135.185100
456.931501 365.238219 63.485620 135.180315
456.896588 364.939162 64.440390 133.478603
456.731007 364.785150 65.262339 130.064956
457.084624 364.490270 65.615598 128.176017
456.845919 364.027222 66.411741 126.950517
456.705452 363.599520 67.086271 126.084727
457.455992 362.826020 67.294258 126.607645
457.898682 362.459366 67.906209 127.664506
457.509821 361.939054 68.523847 129.240874
457.242435 361.679826 70.422825 130.161808
457.313055 360.695212 70.773012 131.460618
457.217923 360.220823 72.860970 132.465837
457.309186 359.744051 73.594491 132.921144
457.063742 359.699220 73.059705 132.968863
456.997902 359.611320 73.739344 133.536731
457.161452 359.249415 74.469904 133.511886
457.112244 358.206569 74.655348 133.761320
457.048846 358.155944 75.400880 133.038084
457.695221 357.558411 74.938205 132.842235
457.940458 356.713978 74.600642 131.738047
458.963323 355.887497 73.807054 129.645761
460.284360 354.978753 72.569863 126.588897
460.374477 354.108513 70.744796 122.163564
460.116278 354.254123 69.533705 117.260990
459.352023 353.638160 72.521915 114.418662
457.892026 352.866393 77.507337 113.944871
456.407531 351.387581 78.619357 114.529963
456.099687 349.515457 79.508951 117.489476
454.651163 348.868226 79.847856 117.805708
452.774396 348.709485 80.866047 118.143905
451.809783 347.223260 81.092691 119.613019
450.290404 346.104229 83.007371 121.726910
448.587131 345.314296 83.972044 123.012992
447.496051 344.329185 84.935627 124.357182
445.414787 343.460229 86.319661 125.289941
443.596331 342.641089 87.548887 125.803846
441.919261 341.692801 88.726946 124.756690
440.461497 340.736167 89.113017 123.996337
438.529274 339.896951 90.614569 123.372931
436.905438 339.903111 87.706600 117.901565
434.881667 337.601747 93.494392 118.545216
432.486772 338.886520 86.150900 112.947018
430.453359 336.622585 85.822392 114.588821
428.708999 335.882491 89.661574 112.900816
426.680288 335.003771 92.690987 111.047928
424.332484 335.433887 91.092199 107.726240
422.274895 333.938982 87.273485 107.406322
420.025985 333.581577 89.536340 107.352075
418.058485 333.792369 90.185319 106.960395
417.121413 332.656601 81.981785 105.724209
415.459371 332.529732 82.050605 105.681067
414.073260 332.503306 76.123599 105.237041
411.819061 332.496272 76.961287 105.644262
408.511471 332.207798 74.932949 107.168246
407.228788 331.639720 73.680095 107.011074
406.729370 331.634279 70.494789 106.946784
406.822119 331.543680 66.732840 107.568139
406.550985 330.733273 64.481751 107.778390
405.857359 331.078453 60.573980 107.572023
405.273788 331.264654 58.654047 106.653851
404.413095 330.811150 59.063736 106.646874
403.602876 331.254565 58.988863 107.152548
402.602877 331.904371 56.571312 107.540080
401.400291 331.842776 55.208236 108.204460
399.721681 332.273419 51.746967 107.999743
397.756479 331.687953 51.809081 108.506066
395.003026 332.121642 55.078420 106.499014
391.711944 331.166901 54.400060 106.580561
386.422677 329.684903 54.263650 107.372505
381.268649 328.343370 54.721398 108.538091
377.786726 327.346002 55.382356 109.398458
375.194683 323.639285 59.614408 113.717042
373.775933 322.830537 59.914684 115.518041
372.719404 321.292579 60.303715 118.004541
371.180152 320.558910 61.059224 119.866528
370.217083 319.549348 61.373181 121.298573
369.780949 318.874000 60.769354 122.018004
369.456889 319.979936 60.099166 120.847224
368.975764 318.386997 57.557168 123.233087
368.482539 320.635889 55.850171 122.253534
367.896999 321.582611 53.047808 121.474486
366.717656 322.657524 50.323146 121.254178
365.168113 323.546825 49.976792 120.625785
363.583680 325.016153 47.570273 119.964165
361.740625 323.488681 49.780490 122.177687
357.444216 328.097236 47.389555 118.367665
354.154463 328.680279 50.637098 118.185859
349.088111 331.009310 52.759096 117.481617
345.219360 330.813255 56.390791 117.984010
342.305830 333.708603 56.559616 116.306611
340.065335 336.490234 56.783991 114.090248
338.418210 346.435694 57.358793 104.579628
336.973603 348.076028 57.863653 103.526773
336.629747 349.010131 57.014875 102.930325
336.052731 349.666476 56.700222 103.145272
335.160659 349.095378 56.247124 104.453192
334.808515 349.774846 53.692517 105.202572
333.933056 350.936948 47.740907 105.769490
332.883383 351.570589 44.444781 107.353085
331.364246 351.951057 41.916721 108.535038
329.031197 353.642615 41.722369 107.721039
326.676977 355.173847 42.255920 107.202878
325.128298 356.418962 39.379533 107.537843
323.890546 353.493345 41.688737 112.558329
322.075273 359.750775 41.154834 106.365806
320.655905 360.222213 41.825302 107.333092
318.537023 361.848862 42.545429 106.806782
316.620181 363.371284 43.899694 106.246826
315.098713 363.982424 44.053599 106.608354
313.520447 366.679658 44.925938 104.308984
312.105034 368.031381 48.205998 104.215959
310.126033 370.132752 48.855942 102.859910
307.694652 371.366369 52.247170 103.159794
305.762273 372.764629 53.343207 102.954486
303.316054 374.773118 55.823924 102.302631
300.806183 377.308030 57.407629 100.867826
299.098584 378.218230 58.217518 100.893207
297.615080 379.780037 57.899837 100.657027
296.396096 381.762962 57.403827 99.478795
296.009329 384.557159 57.395184 97.653391
294.956384 385.151002 57.474796 97.945423
293.929622 387.195903 57.923710 96.479768
293.967842 388.946631 57.159374 96.298001
293.700409 391.473688 56.788250 95.625419
293.118211 393.611863 56.683073 95.825859
292.818047 395.329475 57.458895 96.577178
293.174454 396.468033 58.013246 98.147320
293.422408 397.989002 59.902810 100.113134
293.570143 398.047405 65.708241 103.233928
294.737290 399.254922 63.783935 104.511432
295.670111 396.800883 63.030263 107.733750
300.622372 397.136517 63.576159 109.180367
296.885095 398.283256 70.396461 109.680605
303.893069 403.005023 62.674744 106.273311
294.309222 401.662173 73.311652 107.327982
312.483145 407.868826 53.665143 103.399532
314.663243 410.762791 51.199123 98.498137
315.588374 414.150584 49.930329 98.015499
316.978091 415.932614 48.280695 102.001898
317.805064 416.629333 47.091702 106.577130
319.436904 418.715506 45.857320 108.659000
320.097930 420.321024 45.259494 110.582729
321.474325 423.379251 44.256824 110.508275
321.433508 426.762478 44.977165 109.869177
323.849075 429.844855 44.404244 110.396254
324.445083 431.051304 45.174569 110.753418
325.383044 433.893982 44.865138 109.606792
326.921472 435.540857 44.717711 109.910062
327.979996 436.916431 44.888707 109.598740
329.735710 438.687699 44.422135 109.261345
331.079721 438.935362 44.062087 109.533319
332.864080 441.281853 44.026797 108.100610
334.815975 442.522287 43.688224 107.230193
336.535070 444.733211 43.465441 106.032652
337.618198 446.088901 44.172978 106.233855
339.428798 448.607906 44.121122 104.344511
342.008935 449.684592 43.610002 104.404145
342.053224 451.326820 46.261320 103.818136
343.467684 453.294609 47.840534 103.074319
344.284607 454.434536 49.768524 103.572308
347.202317 455.475284 50.052834 106.301735
349.210038 456.529554 53.121019 109.495630
350.860637 458.685275 54.831746 109.897733
352.625235 460.485748 53.660844 109.079904
355.994087 461.723835 51.363471 109.444219
358.233914 462.703349 50.393994 109.637546
358.819057 464.976159 51.895708 107.940647
360.489313 466.953307 52.297227 106.778087
362.613477 469.717481 52.290389 105.109862
367.503149 471.266537 50.801005 103.926649
373.698680 471.596152 47.377748 104.316747
379.132206 473.674815 44.970619 102.175884
383.204251 470.631697 43.510568 106.717347
385.820653 470.193823 46.981532 108.077849
389.639489 472.862566 50.530890 106.452899
393.378399 472.195840 55.616365 108.277485
398.552736 472.943749 58.771221 107.466586
402.983499 473.585420 62.739429 106.270790
407.644039 474.989149 65.184220 105.913073
416.004997 476.439797 63.988148 107.137555
412.320819 473.141200 73.407918 109.664186
433.170414 479.705690 57.642966 107.548742
423.902367 475.243254 72.598221 109.363711
441.541725 478.830770 59.506486 110.155264
439.587791 479.564756 66.252551 109.067387
445.494420 479.445429 64.361262 108.681455
444.908977 481.729963 68.639728 106.928102
451.651349 484.089147 66.381493 106.516740
459.409654 485.295751 63.515343 107.557240
467.307982 486.597560 59.858603 107.496386
469.588967 487.780142 62.189456 106.464876
473.867089 488.862101 65.945208 105.517261
484.717229 489.346479 63.914791 105.440908
494.998012 489.554996 62.583042 105.539062
499.150737 489.716844 66.661571 107.971807
502.254681 490.981280 71.309177 109.416869
511.886777 490.798594 67.848428 115.592048
517.055453 491.942863 69.777418 116.823762
520.741957 492.797964 71.836374 121.091526
527.234496 494.251834 69.507096 114.728350
532.420904 494.580222 67.955018 117.556390
534.234011 495.336259 70.758628 120.140824
543.130326 495.396058 66.959140 114.778838
544.093263 497.141055 69.369885 112.438163
555.544957 496.743991 62.293280 111.621560
555.857929 498.191549 65.260926 104.043245
561.948107 498.407683 63.732184 102.680597
569.104724 498.574352 61.075187 103.192618
573.024664 499.165716 61.594921 103.613261
579.610962 499.607700 58.800809 104.625998
584.012410 500.136812 60.421168 104.257686
590.458663 500.313240 61.638965 103.518322
595.311612 501.096144 64.159197 103.665776
599.745042 500.835785 67.206491 103.204259
606.746572 501.820684 66.067530 103.028747
607.478784 501.937009 70.449147 102.910322
609.015671 502.694957 74.960371 101.711213
614.617139 503.421204 74.676584 102.410842
619.278803 503.709492 74.179030 102.113189
624.833437 503.995651 72.953218 100.891160
629.462124 504.091523 74.052940 102.058048
633.796461 504.651981 74.589792 102.332430
638.015824 505.489708 75.826437 101.238837
642.460408 505.502440 76.921079 102.773648
645.466618 506.255916 77.309709 102.687783
649.423153 506.477044 77.409844 103.520187
652.746758 506.564927 78.376996 106.600552
656.210177 506.558352 78.005189 112.224244
661.083742 506.259928 76.993743 110.998728
664.851974 506.227521 77.217395 116.883273
668.035543 505.854039 75.876399 116.271171
672.304750 505.910173 74.510862 120.551073
674.505678 506.814046 75.460085 142.803835
677.459588 505.513355 74.459537 151.323671
681.721143 506.825136 74.071342 152.700560
685.575806 507.157750 72.981453 154.017462
688.170898 507.732669 73.927020 151.258432
691.717763 508.251707 73.216718 146.400540
694.640982 508.268576 73.907406 143.903035
698.602290 508.070690 73.161955 141.315846
701.827581 507.930450 74.269688 139.348126
704.754460 507.783379 75.000497 137.105372
708.653791 507.462050 74.311293 138.154727
711.667626 507.952009 74.641600 138.482718
714.261666 507.901973 74.361752 139.293536
716.177083 508.174701 73.126082 139.540992
717.593441 508.174944 73.912835 140.079950
719.261228 508.512340 73.958365 140.546716
720.159108 508.784545 74.411775 141.038329
720.816832 508.601456 74.569106 142.455686
721.754588 508.474430 74.944365 142.941287
723.084683 508.613619 74.835127 143.082015
723.737876 508.680430 75.550252 142.720906
724.218358 507.612695 76.670511 142.709456
724.959378 508.753533 77.014918 140.516049
725.329634 508.074046 77.806034 137.345402
725.648802 507.253149 77.720975 134.002355
724.725605 507.210568 78.409779 130.712057
724.156617 506.372795 78.581111 124.552127
724.175565 505.958488 78.647071 122.374830
724.562046 504.759568 76.882115 118.388901
724.159996 503.990848 76.753814 118.819478
723.647184 503.589608 77.005327 119.545261
723.371161 502.994048 76.695467 121.853994
723.829495 503.017046 76.074399 122.226477
724.551488 502.260075 74.603383 125.714096
723.651681 502.033295 62.815532 124.086880
722.891873 501.321009 67.275046 116.698383
723.478685 500.757197 65.817600 113.416358
721.251862 499.760489 62.331311 112.981785
717.692485 500.418748 52.606567 109.725090
714.866351 496.667771 74.792315 125.353894
727.665392 500.957824 69.705191 126.596629
714.241809 499.610394 69.781184 126.070119
715.108164 496.142689 62.311250 121.730297
714.774795 498.313568 54.875858 115.779695
716.349645 497.529794 50.687011 111.050156
717.372918 497.180085 48.978381 110.093633
717.853979 497.460250 49.521851 109.141675
718.879252 497.353119 49.810501 108.979961
718.809471 496.680200 48.605183 110.154555
718.930710 496.581743 49.453683 110.597435
718.715278 495.329991 51.476903 111.957879
717.513879 494.223305 51.096882 111.723567
715.188075 492.859253 56.673365 111.572758
713.124609 491.071071 57.593533 110.968741
711.593515 489.620301 61.811203 110.520910
709.616161 488.271671 63.298376 111.925549
707.837892 487.176039 64.103644 114.256843
707.010624 486.275989 65.148918 116.566298
706.384804 485.742011 66.476531 117.969733
706.280180 485.583335 63.817581 119.389707
705.481165 485.756394 64.410234 120.014142
705.634295 486.219141 62.172811 120.606609
705.311210 486.438399 61.167359 120.609702
705.612968 488.699780 60.212067 119.202073
705.771864 487.405941 59.425870 120.480487
705.668737 493.155015 55.468890 112.849410
705.005079 490.309323 56.439244 114.058350
704.666846 494.050482 52.758159 109.911005
702.981916 494.875548 54.087770 108.962183
702.188060 498.215046 52.592609 105.979262
701.392049 495.783891 61.191766 109.386664
699.988169 501.513599 58.858735 106.028837
697.793436 502.613052 55.937093 105.956188
695.534527 503.158028 51.330601 106.288806
692.413818 502.450328 52.967436 107.826645
689.976627 504.611576 51.730115 106.892045
686.892948 508.137616 49.356511 104.234919
685.616552 509.038174 52.394990 103.728221
685.433473 509.975441 52.809297 103.702108
686.098451 510.968917 52.623235 103.614443
686.003528 511.963986 50.815029 104.131680
685.941765 512.383708 47.625176 105.321858
684.987233 512.227998 45.679472 106.591736
683.623924 513.138401 44.949332 106.329585
682.017202 514.156678 43.641206 106.140068
679.984630 513.678772 44.188943 106.337564
678.463265 514.786156 42.010505 106.039983
676.411793 515.448290 42.141329 105.418854
674.467947 515.793354 42.444145 105.796308
672.946107 516.771850 42.924590 105.227255
670.444088 517.873860 45.167116 104.192770
667.875342 519.495276 47.239959 101.944297
665.140719 520.926293 49.441554 99.823039
662.800564 522.465032 51.344414 98.942022
661.153001 523.935994 53.556022 98.856302
659.337207 525.463843 54.676904 99.293838
657.131806 526.788981 55.959106 99.781103
654.290292 528.594852 57.390087 99.920527
652.849196 530.292332 57.800238 100.218388
651.127446 531.853614 57.577888 99.775096
650.728954 533.061424 54.891106 99.772519
650.024676 534.806460 53.193845 99.378700
648.809818 537.245497 52.501950 99.805749
647.925264 538.957311 52.102909 100.759223
647.005764 540.475499 52.006984 102.861981
646.909823 542.503613 52.041296 104.544190
646.461023 545.840077 51.318716 104.797697
646.740350 548.047670 50.859093 106.520658
646.578442 551.123107 50.747312 106.046581
645.294417 554.019775 51.280863 105.817366
645.639494 555.251076 50.772883 107.394557
645.661714 558.701411 50.767482 106.337153
645.761319 562.019767 50.307243 105.587685
645.679597 565.102911 50.314030 105.264343
645.742660 568.557106 50.992656 103.304949
645.047968 570.789074 57.593083 102.533358
645.432075 569.557265 72.821787 106.120564
646.006887 570.857830 71.925227 107.710793
646.166113 571.642358 72.451006 108.201313
646.189199 574.904905 72.665867 105.190290
646.708056 579.045339 72.046636 102.216567
647.276107 580.905164 70.845042 104.674538
647.866183 583.718034 69.910253 108.823181
655.523268 589.344136 62.626693 110.338935
651.767920 592.646325 67.492959 111.722072
658.616832 594.854137 60.725894 114.539808
657.017615 595.925356 64.457740 117.662301
659.601165 597.159434 62.846989 119.070423
655.830211 601.066069 66.566716 116.950578
667.904590 605.030791 56.277078 114.501947
667.708565 608.375978 53.754710 111.678866
669.219922 610.203761 55.806636 110.470843
672.870120 614.280638 52.104110 107.927685
674.739686 616.485410 51.476191 107.209409
677.804665 619.178536 49.530417 105.453506
680.321694 621.889713 47.560703 103.473966
682.378571 623.237140 46.571889 103.662301
683.590515 625.735716 46.523717 102.246420
684.094152 627.963136 46.360457 101.314706
686.543833 631.053893 45.417794 101.999330
686.404062 633.547189 47.032805 106.682770
688.229501 636.499211 48.209153 109.819551
689.981312 637.772576 48.638759 112.139401
690.806121 639.543463 49.619771 114.064626
690.647882 642.912270 50.988101 112.608836
691.464031 646.569252 50.820804 110.733907
692.114594 643.908247 51.143038 116.053063
692.358160 644.925773 51.909833 116.114726
690.533903 636.085697 54.248781 126.524845
687.188115 631.864858 57.613162 129.835104
687.295266 634.048382 57.641034 129.726787
688.201027 635.178262 56.735273 129.872807
689.322355 637.599534 56.425293 128.218042
690.411615 639.304672 56.054765 128.197331
689.332171 640.700572 60.109911 127.968925
691.069938 642.792869 62.109119 126.259962
694.466540 644.928857 62.506233 125.855605
694.391916 646.508895 64.871475 125.978394
693.933830 647.817097 69.272221 126.165797
688.136457 649.375436 78.312655 126.577278
689.279200 651.982924 79.055389 126.463233
691.895704 653.999976 79.528964 127.852343
693.133578 656.903840 78.599597 127.216663
699.597590 659.674873 74.295247 128.409780
698.967028 661.397324 74.968266 128.209498
702.246137 663.804752 73.180693 127.587498
703.325188 666.464998 73.388590 126.445244
709.148963 670.955274 68.790449 123.196710
709.989334 672.892754 67.885779 121.751290
708.089829 675.576894 69.998868 120.093134
710.961884 679.029867 69.209427 116.714287
712.783267 681.562759 68.980850 115.380437
714.551148 684.058458 68.644170 114.398739
714.455144 685.882749 70.751368 114.564181
721.234467 690.059155 66.710057 110.888357
721.878882 692.161944 68.729707 109.897836
727.085766 694.582276 67.406362 107.318396
727.924804 697.240785 69.269408 104.903235
733.353329 698.747846 69.226074 106.475506
735.179715 699.969917 70.681988 107.372674
736.346630 700.945773 72.636280 109.701970
739.561327 701.401301 72.241319 110.671140
741.874346 702.456867 72.183087 111.487501
742.967008 703.530865 71.559547 110.909482
742.972607 704.679210 71.958781 111.102430
744.874386 705.434087 70.210835 111.406823
744.961790 706.085620 70.926192 110.154607
747.741771 706.275572 69.111187 109.819863
748.127331 706.547056 69.406606 109.781635
748.449356 707.080839 70.646931 109.163073
749.770617 707.018193 71.457724 110.142239
750.558087 706.102940 73.228857 112.422344
757.099384 706.259839 68.546476 113.177576
756.685935 707.483134 71.543328 109.543359
758.777430 708.108416 73.535082 107.852698
760.079575 707.828746 76.184401 108.302604
761.671830 707.974528 78.100726 108.517518
765.107882 707.538641 77.525531 108.955343
766.503701 707.833700 78.755217 109.677010
766.978465 707.302594 79.679850 109.754011
770.655549 706.964731 76.889885 109.703739
769.768034 706.416226 79.137189 109.706206
769.481811 706.328655 81.613831 111.266814
770.787007 706.473880 81.914352 112.762427
768.437685 704.880266 86.200300 111.679595
769.121615 704.992861 87.733302 110.957200
769.583697 703.953251 89.122929 110.798228
770.223968 702.976737 89.832169 111.101269
771.869799 702.001432 89.253653 110.747708
774.158847 701.129496 88.512447 109.220401
774.155799 700.030212 88.997896 112.661271
775.639378 699.053877 88.391799 112.428689
777.969256 697.873566 86.896964 112.334336
778.162374 697.157748 87.071952 114.388002
778.356197 695.895418 87.812373 116.638853
779.038755 694.458360 87.901240 118.815719
779.904155 692.387639 88.067898 122.170437
780.599807 691.013275 88.254875 127.490988
782.121042 689.187563 87.701240 128.124582
783.550491 687.943538 87.442453 143.584377
785.122139 685.343952 86.130726 142.114872
786.740125 683.826865 86.297273 141.664840
788.951385 682.417235 84.996786 141.705699
789.627894 681.189964 84.838476 141.401096
790.515706 681.204816 85.058270 143.211604
792.095348 679.659580 83.977469 144.328511
793.893449 677.408882 82.008648 145.627701
796.047668 676.350955 80.721669 146.647968
798.138582 674.373372 79.520852 148.073603
799.339600 672.176829 78.741296 148.883859
800.516179 670.281489 78.282889 149.191416
801.604006 669.617950 78.759940 151.485235
802.864277 668.479368 77.843899 152.059220
804.097331 667.647172 77.397676 152.485995
805.011606 666.549852 76.831839 153.404213
806.026121 664.396102 76.791779 154.090700
806.546058 662.942830 76.260968 153.794329
806.980904 661.613256 76.511307 152.845932
807.652223 659.143217 76.164289 150.183038
808.430393 657.543674 76.192412 148.427932
809.179774 656.461070 75.686711 144.083092
810.427820 654.722525 74.975090 141.561034
811.577723 652.933150 73.684608 138.248119
813.340833 651.204989 71.817491 128.034399
812.553430 649.569195 71.219144 128.991849
814.115712 647.584081 69.170843 114.191913
813.433100 644.803979 67.609678 123.407620
812.692255 643.985494 67.437809 123.507968
811.402556 641.503728 67.883001 110.910480
809.806340 639.149620 67.420421 107.769516
807.127962 637.236824 66.600025 107.216885
804.075387 635.973826 67.687658 112.055282
804.228495 634.806140 67.737724 117.127410
803.501397 633.154248 66.288061 120.024745
803.000538 631.118096 62.551703 111.899199
801.275746 629.875418 61.957265 113.119600
801.379758 627.784751 59.642519 115.181646
801.679927 626.137984 61.671556 114.554025
801.617322 624.887986 53.688627 115.051304
800.785734 623.146469 51.902229 115.152734
801.049837 621.810026 53.480923 115.061447
801.060406 620.552762 55.067857 114.279419
800.121184 619.518935 54.204421 113.726072
799.666362 616.764622 55.093104 113.920032
798.232219 614.633716 56.756954 112.912671
794.113601 612.770371 61.939118 112.332691
789.993847 610.785339 64.707530 111.383168
786.606398 608.651499 67.817415 110.803203
783.034182 607.231462 69.011639 110.999098
781.745421 604.687699 68.213839 114.537101
779.995523 602.878051 67.948750 116.611030
778.851640 601.483644 70.415080 118.584596
778.618483 600.946449 72.083307 118.259268
777.894784 599.708984 69.937527 119.786994
777.911913 598.529166 59.638399 121.297306
777.175994 596.543632 65.290433 122.506810
776.751618 595.445679 64.204308 123.427752
775.440729 594.419765 68.846535 122.465172
774.039945 594.479135 62.674657 117.479286
772.474499 592.891044 63.337360 115.732563
771.023404 591.153601 63.446614 112.827914
769.706428 590.711855 58.449730 111.709926
768.169420 590.961640 56.102394 110.382840
766.449062 589.596690 56.623725 110.815154
764.877074 588.665324 56.940625 111.379671
763.522086 587.503088 54.840739 111.967616
762.122786 586.752717 55.273003 112.710581
759.421795 586.015978 56.683741 113.451516
756.908000 586.045503 57.766962 113.407996
753.160550 585.077975 60.262513 115.184934
750.733051 584.184906 61.595666 117.303441
749.705022 583.521954 60.214181 118.203317
749.419253 583.391138 58.431256 117.834567
748.407166 583.277568 57.053162 117.495615
747.088860 582.777910 57.280157 117.977834
745.197587 582.763745 57.076515 117.079964
743.446243 581.899747 58.525282 116.989772
742.117233 581.053715 58.324351 116.647004
740.307109 580.473493 58.961011 116.275422
738.452856 579.823761 59.476520 115.609120
736.865644 579.691316 59.675254 114.177385
735.783283 579.657208 56.636277 113.418675
733.899122 579.783010 56.970849 112.041760
731.897197 579.883253 56.492104 110.838078
729.159418 581.274299 54.453228 108.716612
727.035147 583.122542 53.376849 106.004034
725.055376 584.243134 51.745879 104.018301
723.245953 585.499351 49.422964 101.492852
721.314162 584.632307 54.236216 102.340008
720.874368 586.472842 52.168556 100.514968
719.422379 587.868557 53.241536 99.415224
718.134621 588.868571 53.648861 98.569165
716.252136 590.055802 53.979708 97.951522
714.512613 590.561179 55.305187 97.933702
712.062134 591.082690 55.743106 97.979775
710.774512 592.831444 53.731822 97.032949
709.285368 593.566284 52.523680 97.437754
707.684517 593.804197 52.603595 98.894231
706.300610 594.353144 52.193239 101.161829
705.190718 595.907521 51.630160 102.643623
704.086105 596.836339 51.551190 104.707371
702.378016 598.010425 51.626932 105.990728
700.941804 599.321301 53.802912 107.334260
699.150121 600.556149 56.126723 109.156140
697.397933 602.777006 58.626514 109.868816
696.593499 604.496538 58.997035 110.801895
695.755216 604.624533 58.236846 111.723903
695.534634 606.001427 59.404213 113.015411
696.343836 607.637343 60.066753 112.220208
696.997664 609.257943 61.320028 110.586095
696.881662 610.503113 65.914704 109.534826
697.862709 610.628612 77.384740 109.401635
699.635113 613.020731 83.061017 108.479221
699.179572 614.735774 81.443353 105.448350
701.342535 607.089984 80.120158 112.270044
702.889176 593.178262 79.085188 127.299043
703.945133 596.522698 78.144970 123.076727
706.054408 598.821302 77.463902 126.550232
706.015568 593.278369 78.272343 138.890550
709.019759 591.926194 77.442486 145.166547
711.444578 593.205102 76.438833 147.897613
713.618576 595.518677 76.245377 149.168854
715.787523 599.585096 75.240038 148.000765
719.187168 600.496785 73.298065 149.402803
721.513206 602.024522 72.688603 149.569721
723.165601 603.415588 72.596406 148.781438
725.914627 605.495639 71.572566 147.003869
726.964168 607.412973 72.903620 144.823557
727.772113 609.405143 73.739424 142.365694
729.603253 611.519582 70.720389 138.645164
730.914022 613.771269 67.992445 136.532431
729.849194 611.848472 62.206135 123.382075
732.329669 612.951211 55.337693 115.507514
734.864515 614.464555 58.328800 113.183917
735.482605 616.229818 56.539831 110.981374
736.201758 617.311471 59.556728 120.903736
736.154621 619.345295 61.916086 120.985429
745.463474 623.973957 78.865425 139.332562
749.189934 628.109484 76.265053 139.514900
764.487189 635.603257 63.199035 133.393399
762.320324 633.426046 65.477090 135.427413
764.221805 632.775902 65.822985 135.658218
765.075887 634.276299 65.328511 134.076791
757.203267 634.146484 73.983650 134.300315
760.884079 634.645295 72.188462 134.556444
756.592135 634.986772 76.075599 134.607347
763.051996 636.012692 72.274299 133.309065
760.035090 635.835494 74.034718 133.392154
767.285430 637.938748 67.711298 130.930826
763.752605 637.858400 71.616539 131.620797
769.248165 639.530677 68.760687 130.420503
769.563092 640.928694 71.187088 129.296951
777.859340 641.517852 67.220913 128.598342
775.527250 643.752783 72.989791 126.129477
779.080294 644.015892 72.777780 126.875614
777.281575 645.342975 78.221135 126.572073
779.353529 646.467261 77.706292 126.749631
782.945026 648.215807 76.778756 128.249843
783.577991 650.731940 77.577706 128.734492
783.710080 653.364838 79.139148 127.448375
786.979827 654.797334 77.239272 127.231311
788.855314 656.670466 76.430230 126.501083
790.797741 659.413408 75.562881 125.394227
791.563356 662.821288 74.637208 123.347883
795.691920 666.136737 71.053032 120.780879
797.618370 668.876522 69.625451 118.759761
797.692756 671.391265 71.007464 117.060100
803.212862 674.497991 66.842341 115.691240
808.279516 678.401328 63.010638 113.972213
809.513628 681.228849 63.857756 112.112257
811.392815 685.111302 65.130423 108.983798
815.554109 687.094791 63.433578 107.484059
816.247812 688.874126 67.180062 105.947363
817.106455 691.175824 70.904248 104.725289
821.014160 692.039398 71.793702 105.138976
824.193399 693.015633 71.841675 106.612045
826.741922 693.945782 72.522204 108.045405
829.288366 695.429083 72.522276 108.731969
831.530099 696.207669 70.851341 109.501090
833.082309 696.979450 69.928969 109.913950
833.686432 698.057936 69.966293 109.367384
833.729141 698.854125 69.968233 109.182148
833.857750 699.854137 70.714842 108.600390
834.426437 700.006589 70.468593 108.504404
836.391134 701.011006 68.981305 107.318689
837.385168 701.390114 68.074337 107.249653
838.492246 701.349953 68.158991 107.533015
840.285459 701.203327 67.955792 108.719667
842.808510 701.476800 67.318018 109.207232
845.359628 701.860751 66.926407 107.243946
845.357228 702.343493 69.472382 106.682801
849.597196 701.734227 68.327892 107.801814
849.277598 701.513663 71.457363 108.751123
851.990243 701.921277 71.865923 108.205666
849.403772 701.392041 76.714841 108.769390
847.486421 701.608643 80.396347 108.752822
847.725346 701.411061 81.746532 108.245094
848.314554 701.431038 82.434078 108.881293
848.842547 700.761590 83.072339 113.626063
846.320066 699.973354 87.824308 110.930776
846.536758 700.461704 90.751157 113.174945
847.396575 700.339015 92.636256 110.053693
848.747572 699.810663 92.987230 110.038126
849.156805 698.885699 94.700447 111.564605
850.516674 697.989688 96.230437 110.831752
853.861938 696.868872 95.328985 111.326162
855.194865 696.400134 95.290383 112.357720
855.024677 695.901714 97.858822 112.506913
856.254933 694.491186 98.816902 116.042835
857.718133 692.967321 98.589031 118.487537
857.933549 691.349985 100.463052 121.068714
856.958158 689.921518 105.274996 123.602922
856.565741 689.201161 105.168180 129.832693
855.640865 687.386646 107.319500 138.111425
855.623508 686.759252 106.469322 149.874055
857.372946 686.390513 106.306205 147.975077
857.955129 685.098391 104.950263 146.472051
859.031177 684.203939 103.313524 145.100958
859.063953 683.517256 102.605916 142.190321
860.550065 682.201441 100.737619 141.587102
860.702392 679.979459 100.390114 141.508565
862.277925 678.379005 98.498631 141.842521
863.562162 677.132138 97.025045 142.589293
864.988498 675.243781 95.081569 144.835219
866.765779 673.530559 92.365951 146.545371
867.270820 672.771730 91.757640 147.331523
869.023050 670.975202 89.694418 148.382235
870.154002 669.591547 88.859085 149.257336
871.350467 668.305429 85.741933 150.765079
871.557534 666.850551 86.214120 151.758988
872.198718 665.064428 83.123569 152.545434
872.363314 663.368108 83.285866 153.180231
872.872221 661.702204 80.805968 152.992492
871.993608 660.307691 81.271055 152.146364
872.376512 658.235086 79.244847 151.114642
871.352716 656.190481 79.271836 149.176101
870.612334 654.578572 79.261151 146.398549
869.098613 651.916532 79.938787 139.413215
869.022302 649.555116 78.754665 130.654204
867.924797 646.537370 79.030803 117.549935
867.032331 645.149474 79.693763 120.271957
866.449284 643.364563 79.436724 114.300223
865.299434 641.412504 78.938365 111.032652
864.260438 639.121875 75.215055 105.518813
864.153868 636.788176 74.018331 100.782873
862.882395 635.686018 70.878245 98.998275
861.622102 634.124071 73.967673 100.561125
860.931320 632.490327 70.383121 102.316920
859.705205 630.474777 76.185381 106.477137
859.097613 629.148185 63.552070 109.842577
858.381133 626.770328 74.074001 107.846692
858.664863 626.031811 57.389712 106.312169
858.202160 624.386620 69.789763 109.482336
858.556610 622.570968 59.434453 107.971017
857.416429 622.975137 59.798267 109.181708
857.569255 621.826293 51.670306 113.615123
857.411153 620.453947 54.075119 114.320773
856.366951 620.073159 51.419217 113.147788
856.391458 619.709349 54.995976 110.227914
854.888586 616.919253 45.364540 110.956271
851.464533 616.251091 47.224893 108.426475
846.957286 615.234339 50.125280 106.663904
841.960334 613.825937 56.891043 104.825692
837.821516 613.734198 56.686717 104.622001
835.060659 611.614728 58.800894 104.819019
832.592390 609.915683 60.467530 107.037015
830.803510 607.575233 61.023499 109.500196
829.471785 605.807467 61.119846 111.279041
828.580173 603.469536 61.184374 112.997042
828.006552 600.859169 60.194893 115.269526
827.572858 599.298020 59.139825 116.349050
826.484345 597.149051 60.317427 117.605292
826.726502 595.748255 58.170353 118.812961
826.137292 594.174994 58.111273 118.298440
824.922073 593.509452 55.853969 117.949811
823.329807 591.636613 55.672290 119.179525
821.608415 590.871615 60.088804 119.389508
820.166679 589.615254 56.013232 120.715340
818.265816 590.205321 55.506906 120.004597
815.343494 591.651286 52.739228 119.097736
812.430037 591.131240 53.750577 118.333961
807.197468 593.316323 56.492930 117.105242
803.303030 593.691090 54.732960 116.395832
799.913237 591.724441 56.005680 118.393220
797.080487 592.061765 59.026087 117.639578
794.834761 594.099390 57.643713 116.000565
792.997884 594.968000 57.004216 115.040564
791.169666 593.847599 59.180538 115.445051
790.502950 592.594938 59.005458 115.833183
789.343470 593.071233 59.471871 114.410265
787.367845 592.970840 57.756106 114.542285
785.179022 594.431834 56.580886 113.594817
782.653063 593.099603 55.568957 115.199230
780.382415 592.747306 54.469760 115.914728
778.133207 598.503425 51.629379 109.686043
775.526629 599.919108 48.628609 108.097654
773.906698 596.368610 50.389496 110.222744
773.198253 597.152229 50.046832 109.578452
771.016927 597.247934 49.694596 109.141393
770.624171 597.081671 47.161004 108.587549
769.321299 596.874709 47.202011 107.623519
768.022733 596.473234 47.279575 108.076312
766.902250 597.209859 47.735123 106.800220
765.722987 599.233184 47.808260 104.409489
764.671784 600.041041 48.209873 103.530643
763.791745 600.534111 48.654365 102.789684
762.718572 600.817358 49.611645 102.360868
762.014238 601.570922 48.367063 101.950689
761.123746 602.522024 49.978627 100.956139
759.808132 602.996007 51.461572 100.419744
758.449741 603.521743 51.581254 99.954351
757.352465 604.788890 51.737542 99.161893
756.561893 605.780917 51.475047 98.878502
755.747498 606.944429 50.222995 97.976929
753.568470 607.492437 51.051791 97.655304
752.172098 609.402699 54.372876 97.754566
750.957793 612.923430 55.118404 97.024621
749.141078 611.208197 57.197236 101.170141
747.023567 611.196768 59.078413 104.073083
745.023415 614.152465 61.322939 104.246273
744.486860 615.197296 63.102730 106.144288
743.464564 618.037595 64.972724 104.998338
742.409114 618.650590 71.041854 106.669522
741.016325 618.955679 81.477795 109.497624
738.864732 614.965580 79.474242 116.156168
738.224807 601.005144 93.173677 130.856861
738.424716 606.935086 90.935884 125.949321
736.503000 593.929163 92.755539 138.263449
737.805789 620.853394 90.330674 113.275766
736.690363 604.869353 90.672736 127.136632
737.946499 596.885822 89.463054 135.598915
738.282732 602.204783 87.683572 131.332792
740.908834 605.079067 84.042432 128.183300
739.230941 603.879270 84.425344 133.200582
738.948646 604.650226 85.152153 139.158576
740.638050 606.946648 83.805807 142.941481
742.299321 608.602508 80.885050 144.833590
742.740700 610.345442 81.403363 145.844400
742.588748 614.300148 81.434293 144.750818
743.173592 615.665764 82.376025 145.687233
743.387896 620.472511 83.391909 144.057620
743.230689 622.649536 80.721654 144.312260
748.436765 623.835499 79.911205 143.063554
751.543522 632.024610 77.839361 135.664771
752.017500 636.613247 78.441599 131.485503
769.640181 644.609308 62.699787 123.738621
747.993279 635.780634 74.540667 132.859790
764.087794 644.476185 70.590626 125.337623
770.917477 649.211679 62.640496 121.327444
758.448361 643.997759 69.044774 126.765488
776.203872 654.143923 60.773324 115.651499
763.665910 644.787935 64.060711 125.613136
784.318770 658.418648 53.316752 112.010401
788.206477 658.095609 51.682832 115.143345
793.528033 665.882686 47.773496 111.113174
787.043659 660.955821 56.525808 119.533902
795.122549 666.277022 52.737751 116.549691
796.427393 670.176132 51.833717 114.191562
775.780439 652.651526 74.101025 129.782293
794.349986 666.451364 56.050726 119.511703
790.903368 656.358597 59.027017 130.009096
793.969910 671.005099 56.832620 116.665690
793.295859 659.681456 58.529331 127.972581
795.750381 668.030232 55.447875 119.868190
794.299769 662.874547 58.236183 125.541046
797.538258 665.315964 55.247670 123.825393
800.144663 667.481148 53.423085 122.342076
803.402919 672.342107 51.650945 117.752745
802.377686 668.880179 57.119070 122.194276
802.570078 671.170970 62.427404 120.909668
804.652496 672.942743 64.147378 120.006023
802.711362 674.001123 70.600583 119.477503
805.504699 675.004747 70.509497 119.652681
804.273897 677.161341 74.807882 119.591281
802.889094 678.801083 78.616135 119.167123
810.399885 682.181506 72.948320 117.724681
813.341379 683.917186 71.659450 118.463625
813.612111 685.476070 71.568122 117.609970
820.624925 688.707120 66.086879 114.816125
825.113005 691.238237 61.515724 111.676609
818.459615 692.506545 68.614944 110.773635
828.446191 696.690940 58.188095 108.331214
823.554137 696.892608 64.694131 109.053279
835.522631 701.038972 54.392066 107.862411
831.695021 703.303684 59.516653 105.093267
833.810742 704.697195 60.894588 104.428133
837.830738 706.893588 61.761904 102.673335
838.304575 708.218449 65.852718 101.811680
843.047640 708.859373 65.805483 100.935571
845.456660 709.021900 68.614822 103.192111
849.030849 710.702587 69.434514 103.462386
852.587535 711.139145 69.565379 106.176880
854.179704 712.252266 70.313325 106.513946
855.587771 712.955023 70.465000 108.041675
858.419663 713.721669 68.552445 107.922201
857.969813 714.606805 70.316190 108.024735
859.845811 715.225625 68.381408 107.244043
860.735832 715.678305 67.736555 106.946631
861.803003 716.233722 67.243291 107.377245
862.357211 716.763870 66.711443 106.915786
861.056082 717.427810 68.265435 106.767684
861.392398 717.216126 67.922570 107.360723
862.167273 718.192264 67.861611 107.022569
863.564105 717.699365 66.558839 108.083262
864.799328 717.513518 66.554143 108.630481
868.577619 717.599272 64.668895 108.876668
867.336139 718.009653 67.935986 109.277742
868.560711 718.022191 69.529494 110.186079
871.851009 717.521601 68.785962 110.347730
870.810244 718.780984 70.966104 110.054969
869.496567 718.750486 73.884851 110.239071
870.583250 718.733964 74.370457 110.496091
870.893479 719.085532 75.326910 110.044782
872.254095 718.335722 75.762734 109.497275
875.216686 718.959018 74.616771 108.703434
876.920309 718.583930 74.738009 111.473198
874.899852 718.989346 79.653844 109.647006
876.375464 719.568931 81.819686 110.840993
874.068946 719.473872 86.971968 111.057803
874.890632 719.632693 89.102973 107.084681
873.501811 719.216128 91.903053 109.885228
872.793311 718.721160 94.889586 112.945328
873.270291 718.461349 98.030515 111.144012
874.688806 717.528868 97.725156 124.724000
876.615544 716.650949 96.357605 130.910031
874.435690 716.074328 99.174179 139.372649
873.196952 715.396607 101.031125 144.308024
873.059228 715.538634 102.364192 147.722244
872.121815 716.287385 102.943156 153.259939
870.742426 716.282384 104.763840 158.522757
871.308371 716.049028 104.583020 156.688555
871.049419 715.759491 105.060413 155.541273
870.987460 715.220784 104.630520 154.637428
871.645492 714.627482 101.943918 152.831417
870.946247 714.111978 101.608319 148.758186
871.318597 714.499355 100.522241 143.483076
870.311431 714.201622 100.652019 141.039447
869.555269 713.579779 99.861441 138.273613
869.376937 712.454162 100.324032 137.646795
870.196184 711.184887 98.468647 138.602546
870.773550 710.384435 96.401750 140.548843
870.863443 710.203334 93.882942 140.699076
871.192817 710.007810 90.153000 141.585758
870.201420 709.699617 91.469427 142.505192
870.577517 708.532539 90.694561 144.630162
870.604740 708.262540 88.757656 145.660996
869.845991 707.832305 88.118137 146.231968
869.188284 707.349601 86.047928 146.357419
868.626958 706.764343 85.836078 145.386846
868.162357 705.663505 84.820535 143.638782
866.394272 704.964268 84.758314 137.039759
866.245521 704.246365 85.230934 133.850350
865.038325 703.242656 85.505310 130.849255
864.713451 701.771844 83.906411 128.343301
864.127167 700.691717 82.683474 127.543257
863.103483 700.178302 81.794091 123.104921
862.204795 699.178353 81.164115 120.770151
861.083462 698.509584 80.471315 119.646387
860.259513 696.880498 80.710353 120.091962
858.107268 696.752954 78.085192 118.945016
857.088189 696.264536 78.109057 117.657653
855.939632 695.682073 78.363980 120.301106
855.085438 695.425476 77.679991 120.741181
853.834536 694.378214 76.575844 120.851597
853.231332 693.569610 75.487710 117.982959
852.330775 693.088723 73.596543 115.460318
851.856668 692.524480 74.349340 117.000132
850.585683 692.218569 73.382645 120.896057
849.489542 691.630225 73.454766 122.598356
849.349909 691.660793 72.067881 121.045088
846.833932 691.311784 59.979508 117.203314
846.154194 691.057552 67.575186 114.963500
847.809205 690.676265 65.579646 112.926497
847.350124 690.943652 61.205703 110.194873
844.916528 690.655436 57.630666 108.733017
844.822151 690.704639 58.088873 109.729156
844.067308 690.083697 54.003420 109.790821
842.406229 689.928074 49.673707 110.775595
842.560036 689.735750 54.167841 111.224882
841.282626 690.921014 51.558761 109.743131
840.868040 691.352831 53.971636 110.229538
839.099409 691.764968 55.328152 109.311267
838.255158 692.621473 56.912271 107.998310
837.183984 692.697746 59.385072 108.738886
835.899294 692.983683 60.446627 107.751660
833.173494 693.278757 61.021006 106.749226
829.575861 692.909640 63.633074 107.219029
827.042687 692.319458 70.464622 108.094079
826.147750 692.384024 74.344399 107.929806
823.646484 692.548361 62.943568 108.021558
821.657026 692.572408 60.770898 105.322413
820.282333 693.443955 59.987188 102.713436
819.276634 693.256765 58.160112 102.702033
817.830115 692.985581 62.632674 104.292492
817.343403 693.744846 60.297076 104.117717
816.423357 694.107390 59.927998 103.760458
815.542008 694.164461 59.296717 103.945494
814.682423 693.913137 59.940746 103.606324
813.365953 693.647204 59.573329 104.892482
812.564370 693.285824 58.464560 105.888270
811.367380 693.585531 59.468924 106.059627
811.044575 692.811133 59.523871 107.414100
810.444536 692.722703 59.466698 108.008857
810.448127 692.162331 61.478120 109.236385
809.387970 692.094363 67.824710 109.600550
809.700058 690.931578 63.573452 111.668487
809.426249 690.999505 70.995719 111.275353
809.826607 689.327747 66.910701 113.690694
809.245461 689.570479 62.092211 113.093113
808.056076 689.307490 66.693393 113.037589
807.820288 688.362697 65.806150 114.560901
807.777294 687.657376 66.754009 114.932348
807.469911 687.000872 62.072005 116.212428
806.733430 686.493516 63.867530 116.289543
806.265502 685.945105 59.918597 115.801093
806.766539 686.150872 58.270243 114.167024
807.134187 685.681162 53.798927 112.527805
806.470300 685.228596 51.114289 110.319482
807.043206 683.973751 47.903235 110.005678
807.860181 684.553449 47.807438 107.489784
808.786117 684.588658 50.757114 106.042446
809.244896 684.743538 54.831732 105.896903
810.135255 684.606201 57.881877 106.242209
811.201299 684.798136 60.939877 106.554155
811.413347 684.827456 63.307491 106.705166
811.247880 684.889056 62.397902 106.719324
811.771464 685.327647 65.155297 106.117380
811.842570 685.719762 65.878635 106.197071
812.098697 685.848555 66.845082 106.113424
813.241842 686.192450 64.612276 105.063906
813.551483 686.538303 64.945224 103.960496
813.415929 686.442036 65.402118 103.405311
814.398669 686.060129 65.203406 102.448646
815.478034 685.823527 57.897879 101.824765
818.236850 685.166834 60.915503 100.958755
820.834204 685.353810 56.410835 100.052948
823.700458 684.521987 56.476749 100.657843
826.943328 684.624060 51.209037 99.978895
829.866439 684.366346 49.363141 100.303247
834.362691 683.964724 44.868432 100.831243
838.717080 683.458934 41.441637 101.180107
843.847955 683.912244 37.899768 100.198553
846.268917 684.035750 36.671799 100.321898
847.906248 683.737040 36.507918 100.662898
849.166016 683.469239 36.778396 100.974366
850.604592 683.746150 39.355766 101.698242
851.914554 683.805021 38.505218 101.550922
852.564063 683.784049 39.331462 101.804296
853.105346 683.595641 40.544335 102.036057
853.453257 683.435393 42.023853 102.597981
853.809325 683.319906 42.682977 102.919576
853.817027 682.503426 44.050235 103.764435
854.326529 682.077597 45.322573 104.142914
854.629489 681.659304 46.161693 104.539505
855.237878 680.559696 46.678018 105.712769
855.717029 679.830781 48.068634 106.399829
856.418682 678.902873 48.581998 107.019103
857.726278 678.717775 49.070195 106.345670
860.476698 677.887155 47.505700 106.162539
863.394859 677.790595 47.307177 105.823070
866.865926 677.438425 45.797963 106.236669
870.564971 677.024561 44.122447 106.987392
874.105944 676.716591 42.643692 107.866714
878.629474 675.967554 39.634177 108.014774
882.185450 675.922888 37.487996 107.483025
883.621842 675.864615 37.841887 106.676786
884.344614 675.836283 37.347394 105.085855
885.445964 675.527732 37.328522 103.743691
885.962773 675.674901 37.728748 100.640519
886.711512 675.823319 39.058747 99.969605
886.966537 676.088329 40.775798 99.764058
887.229766 676.684961 42.108022 99.449347
887.464898 676.792720 42.737535 99.447517
887.553494 677.470028 43.565796 98.260388
888.255531 677.918334 45.857066 98.185435
888.213695 677.514514 46.610634 98.295431
888.505365 678.156091 47.708139 97.762376
889.055984 678.172743 48.800307 97.206520
889.698894 679.115159 49.276049 95.963125
890.291212 678.803619 48.976264 96.179069
891.238282 679.508288 49.283705 95.285288
892.715888 679.846429 48.739479 94.441892
894.232798 680.131217 48.117537 94.799753
896.370688 679.922211 47.009867 98.554949
898.508417 679.910019 45.828047 93.539666
901.525288 680.242266 43.898965 93.407250
904.449413 680.017638 41.614203 94.279146
907.761460 679.974700 39.398614 93.290256
910.735975 680.178653 36.952157 94.324866
912.294081 680.024146 35.534997 96.518088
912.584235 679.831015 35.974536 99.287566
912.892365 679.789011 36.419710 100.037060
912.963054 679.630959 37.178004 100.265117
913.115323 679.607872 37.560001 100.250061
913.452702 679.373600 38.215177 99.270334
913.835546 679.124464 38.575279 101.963123
914.336143 679.137210 38.722810 100.132893
914.554466 678.939662 39.369595 100.873488
915.190883 678.865718 39.017362 101.221741
915.553528 678.609544 39.611863 101.612522
916.396819 678.630576 38.848212 101.131118
916.950869 677.812991 39.526163 101.607942
917.280959 677.276173 39.413630 102.023385
917.860418 676.668235 39.666344 103.108672
918.206470 676.084852 40.421221 100.891289
918.860399 675.668253 40.342181 100.863381
918.810435 675.368668 41.094818 100.117766
919.364693 675.537531 41.429336 102.173696
919.472500 675.211620 42.148677 101.043524
919.837914 674.890319 42.639222 102.494493
920.028015 674.877119 42.377675 103.910854
920.199643 674.681184 42.923594 102.954455
920.349972 674.000921 43.053152 102.224590
921.027997 675.308275 42.799872 100.628505
921.061609 674.848375 43.942609 101.061491
921.391138 675.191256 44.683057 100.746327
921.708924 675.499802 45.288470 102.003427
921.875141 675.357966 46.302855 103.431109
922.031170 675.307307 47.192911 105.868088
922.433787 675.096514 48.148831 107.587273
922.805679 674.658183 49.182424 109.217874
923.050595 674.778748 49.959099 110.640934
923.319162 674.523915 50.667540 110.814712
923.648713 674.635280 50.814281 110.692236
923.614242 673.946658 51.654759 111.177526
923.877740 673.849213 51.924924 109.814989
924.404482 673.908395 51.688973 106.884484
924.088700 673.479339 52.183855 109.649052
923.197551 672.693839 53.054018 109.506152
922.163848 673.207429 54.155980 108.456792
920.243910 672.525884 55.830641 110.092633
921.185710 672.995797 54.306631 112.536348
920.145309 671.913249 54.991737 113.292137
920.319231 671.231983 54.137851 116.215221
920.090162 671.222216 54.424243 116.761637
920.123021 670.911109 53.513599 113.619906
919.720824 669.868558 52.538504 111.459803
919.508739 669.931352 51.981640 111.561906
919.342899 669.365019 50.716300 108.202942
919.386939 669.081686 49.396114 107.301848
919.159361 668.570346 48.670007 108.453694
918.583448 668.048815 48.271275 109.051712
918.304929 667.222608 47.526697 109.662134
917.603747 666.545365 47.252280 110.190492
917.018262 666.172126 47.360287 109.937157
916.663227 665.444327 47.047090 109.175440
915.818279 664.948722 47.361116 108.512721
915.159508 664.374911 47.672544 108.232551
914.699950 663.475112 47.529719 108.682164
914.100280 663.448674 48.275846 107.976064
913.818257 662.846567 48.401742 108.205472
913.342831 662.348889 48.583575 108.259572
912.943311 661.372817 48.990085 108.612891
912.666077 661.275625 49.341336 108.758713
912.508216 660.648271 49.521526 108.650401
912.687267 660.102044 49.455593 109.380481
912.810492 659.327360 50.083664 110.279832
912.894128 658.886515 50.085712 110.617083
913.462390 658.272441 50.195032 111.155674
913.709520 657.494186 50.782960 111.870514
913.815458 657.245149 50.580397 112.869312
915.008560 657.004695 50.225355 112.992602
915.648387 656.377804 50.057604 113.894596
916.434939 655.788897 50.260296 114.104732
917.408193 655.755907 50.210035 114.224351
918.468261 655.651162 49.829210 114.094782
919.134092 655.691009 50.150713 113.498615
919.586745 655.064377 50.640320 113.198670
920.314951 654.326035 50.740280 112.139054
921.042260 654.141889 50.760353 110.464820
922.359884 653.825025 50.340630 107.871019
923.585368 654.112761 49.453327 105.529161
924.538753 653.439887 48.983396 104.361918
925.377330 653.040448 48.396533 103.639708
926.585024 652.225292 47.690559 102.735339
927.341345 652.100168 46.919954 103.357250
928.311954 650.689058 46.939771 104.858320
928.922438 650.097989 45.210727 104.797174
929.165199 649.330277 45.417058 105.927225
929.719376 648.518842 45.829050 106.270012
930.312114 647.575076 44.385376 106.730612
930.841541 647.031015 44.093458 107.012244
931.433003 646.220790 43.247836 108.136588
931.865017 645.145950 43.644528 108.226246
932.456119 644.563453 43.925160 108.706662
933.100825 643.433767 42.272423 109.476737
934.040680 642.948067 42.074567 109.423337
934.921705 642.152049 42.442005 109.183507
935.660666 640.951923 43.861533 109.273829
936.100782 639.851168 42.293770 109.588270
936.723127 638.366790 40.854481 109.571911
937.312037 637.024628 39.351143 109.830267
937.797778 635.706322 38.449078 108.492453
938.722537 634.421681 37.606870 107.807562
939.753227 633.841715 37.920660 107.346657
940.835397 632.949189 37.889801 107.847841
941.751242 632.066954 37.312891 107.134235
943.054600 631.056903 37.024600 107.547410
943.539352 630.258207 37.563295 107.052898
944.115045 630.004717 37.582796 106.212189
944.599888 629.306033 37.023007 106.111169
945.135436 628.895066 36.419473 105.984098
945.363427 628.392973 36.039304 105.874146
945.312177 628.081723 36.483754 105.608784
944.782296 628.165669 37.967242 104.956759
945.410359 627.177133 37.933752 105.463005
945.230848 626.588723 38.543914 105.578555
945.714187 626.140560 38.898488 105.529639
946.596376 625.704669 39.704236 104.855770
947.285995 625.121451 40.027545 104.872093
946.965153 624.533006 42.169197 105.069437
946.738730 624.174448 44.366038 104.712608
946.574134 623.712726 44.374705 104.029119
946.503871 622.815058 44.727037 104.149118
946.739911 622.083082 46.626859 103.664925
947.087519 621.642604 47.985761 103.340874
947.707450 620.763990 48.917563 103.353399
948.438291 619.997010 49.206514 103.210380
949.033325 618.852143 49.973593 104.516680
950.128266 617.604239 51.172087 105.205624
951.299928 616.940796 51.486163 105.143286
952.781914 616.234172 51.238576 104.465424
954.513294 615.501781 50.780518 104.300589
956.090417 614.257548 50.775000 105.214783
957.059267 614.195078 51.413172 103.745379
957.720940 613.611609 51.768189 102.843178
954.370783 612.660105 55.428792 102.450200
952.464423 611.139542 58.278488 101.188130
953.224626 609.416627 57.525675 100.439117
955.342895 609.032587 55.333845 97.296644
957.543397 608.074865 52.748405 96.230003
958.977984 607.254054 51.661951 96.620464
961.874030 605.817856 49.671770 96.298625
964.052412 603.873362 45.579241 96.940972
967.386977 602.805963 43.312667 97.500852
969.712557 602.053928 39.447085 98.564190
971.074401 600.371596 38.043387 102.580304
972.004933 599.442486 37.255687 100.739031
974.406242 598.508460 34.662447 102.514139
975.732556 596.166071 33.823752 103.957666
976.008204 594.282925 34.551988 106.445141
977.141998 594.741317 34.275401 107.056843
977.652083 594.130652 34.343650 107.780616
977.952700 593.341143 34.355500 108.963671
978.334239 593.321329 34.073213 110.548786
979.067304 592.872008 34.065345 110.630847
978.918516 591.883366 34.446278 111.122048
979.921990 591.681065 34.666880 109.815995
980.538489 591.699252 34.970708 109.954767
980.903147 591.170928 35.899023 110.298650
980.100226 590.541724 37.348298 110.515982
978.215238 590.159878 39.791825 109.392996
978.848103 589.941041 39.525203 109.489785
978.342386 589.871059 40.400595 108.914383
977.977804 590.716040 41.799028 103.644362
977.604696 590.732142 42.369793 102.599013
977.390076 591.341570 42.580558 100.864633
979.071116 591.674091 41.031018 99.636025
979.734585 592.637789 40.506769 99.175573
980.495149 593.584677 40.158261 96.005645
983.838607 594.529321 36.565173 95.607109
983.664745 595.290771 36.551314 94.304540
983.419238 596.026857 37.139968 94.113041
984.126325 597.190885 36.446567 94.259776
984.694550 598.782244 35.945001 92.225849
984.671919 599.664978 36.343218 93.297878
984.694699 600.382957 36.146256 93.165085
984.760313 601.352322 36.490725 94.151470
984.711772 602.363538 36.603988 94.868471
984.664297 603.517997 37.065522 94.304447
984.803640 604.306447 36.808244 94.188609
984.803640 605.740513 36.808244 93.661929
984.758086 606.823987 36.519506 93.119956
984.760313 607.717097 36.471630 92.669661
984.898399 609.301324 35.686403 91.985510
984.834890 610.012730 35.760719 91.776931
984.517930 610.896312 36.173077 91.338686
982.639354 611.914774 37.730776 90.811313
981.336855 612.770111 38.711419 90.936052
979.782260 613.669193 40.756488 89.485766
979.000829 614.351555 41.409079 89.614206
978.788348 615.497574 41.801615 89.142374
978.481097 616.009640 41.993983 88.945991
979.122509 616.473967 41.120850 89.211614
979.023070 616.816975 40.965389 90.385833
979.314551 617.353616 40.807738 89.509467
980.100206 617.776163 40.003498 90.363207
981.479081 618.407741 38.525828 89.790590
982.809998 618.688477 37.354030 89.866054
983.879903 619.141777 36.876643 88.531012
984.211537 619.574033 36.365303 88.590754
984.175245 620.008807 36.162876 89.124455
984.146531 620.252268 35.992826 88.789954
984.083821 621.122804 35.957011 87.838537
984.065339 621.081694 36.499808 88.261982
984.266398 621.444688 36.533983 88.394663
984.402584 621.684782 36.338923 88.154569
984.493024 621.804515 36.307357 88.617354
984.538143 622.008832 35.856665 89.529324
984.665267 622.161531 36.027207 89.539755
984.844796 622.404641 36.122426 88.899218
985.011258 622.687235 36.205716 89.601344
984.889747 623.090847 36.310479 89.012639
985.191468 623.090847 36.006041 89.166093
985.415164 623.080302 36.259080 89.101993
985.620234 623.413350 35.975802 89.245103
985.920731 623.606603 35.970150 89.713102
986.200549 623.807442 36.379067 89.696149
986.211526 623.966270 36.597854 89.907285
986.295357 624.341693 36.139505 89.122793
986.415160 624.606599 36.137980 89.156157
986.211526 625.090001 36.269862 89.033158
985.829927 625.140968 36.504531 88.970509
985.371661 625.171436 36.767686 89.673135
983.744755 625.677888 38.776125 90.383594
982.709169 625.622582 40.010766 92.577958
982.161079 625.904571 40.796454 91.886741
981.860527 626.154343 41.210948 91.594656
982.260652 626.012013 40.925795 92.241910
983.326504 625.758643 39.760729 92.283803
982.186810 625.439529 40.858946 92.089252
984.744411 625.400820 38.840598 93.886526
986.001414 624.724414 37.523123 97.574478
986.674896 624.463678 37.266166 98.542861
987.201387 625.114790 37.172159 95.722831
986.907230 624.613924 37.144389 97.400784
987.708221 624.287024 36.220095 95.911666
986.860389 624.043653 37.225428 96.995773
987.977755 622.947559 36.690415 96.836470
988.425014 624.217004 35.592510 93.380544
988.559863 624.222341 35.875775 92.814410
988.741697 624.113390 35.619817 93.167688
988.786978 624.531110 35.798517 93.299453
988.741697 623.972321 35.843799 95.295822
989.012410 624.561393 35.702386 93.001591
988.877321 623.788783 35.764948 93.542603
988.806379 623.714577 36.124632 92.321269
988.764038 624.351484 35.666670 94.443665
989.011653 623.518163 35.790944 93.223316
988.944245 624.653742 35.498264 90.455997
988.529863 623.653983 35.838129 92.448886
988.490801 623.668605 36.083871 92.547878
988.468530 623.878662 35.782779 93.632272
988.980009 623.968876 35.680049 92.784129
988.809998 624.798919 35.908709 92.003963
988.834898 624.464054 35.703891 93.361302
988.832189 624.773084 35.829058 95.142727
989.147585 625.688640 35.796331 94.977742
989.489269 625.104406 35.506263 94.553610
989.143261 625.354885 36.100005 92.017065
989.084229 625.305646 35.634478 92.012440
988.860845 625.495653 35.701327 91.863896
988.789822 625.640445 36.036180 93.832277
989.011653 624.866589 35.695619 94.889315
989.080195 625.186226 36.140320 94.337326
989.308164 625.316067 36.122901 93.868292
989.189609 625.456323 36.366899 92.722317
989.238914 625.348748 36.403340 93.260812
988.910435 625.011197 36.608713 93.470471
989.080195 625.367997 36.428480 93.185284
989.050344 625.095723 36.431587 93.194748
988.391811 624.870232 36.671637 94.568716
988.430611 625.221658 36.536518 93.754196
988.150328 624.433560 37.242145 96.011851
988.525857 624.335042 37.429887 93.275573
988.051959 624.241244 37.401670 93.120524
988.187890 623.732121 37.289989 94.400380
988.234190 623.368525 37.067117 94.833790
988.280680 623.457892 36.843514 93.842254
988.094833 623.050302 37.222126 92.172226
987.965562 622.852258 36.983990 91.743891
987.633564 622.134831 37.613493 92.877531
987.292120 622.111169 37.885931 93.185393
988.080464 621.196736 36.788629 94.265621
987.813940 620.836354 36.863146 96.596842
988.223392 619.853442 36.994858 95.451500
987.716183 619.453167 37.612866 95.462764
988.048385 619.162180 37.061225 95.465389
987.575259 617.433152 37.592667 97.260356
987.530678 617.639941 37.840181 96.596541
987.578669 616.749413 37.930565 96.907764
987.530678 616.109964 38.445676 96.572317
987.482613 615.507804 38.146625 96.761523
987.434476 615.384693 38.235039 95.135830
987.624036 614.116945 38.457155 94.965907
987.570100 613.857303 38.587027 94.839762
987.811827 612.912168 37.887521 94.723962
987.860016 611.406616 37.249595 94.190670
988.234190 610.858769 37.067117 94.345060
988.147758 610.210408 36.874680 93.389718
988.055750 609.412028 36.486439 92.674470
988.489293 607.662433 35.761702 93.985230
988.235882 607.966234 36.301928 91.942630
988.355913 606.996844 36.003078 90.808751
988.111857 606.352034 35.614575 91.442392
988.583038 605.891876 35.161631 90.396848
988.725410 604.990208 35.127741 90.201801
988.944960 603.726888 35.059877 90.062641
988.941047 602.892278 34.669595 89.597512
988.776001 603.442568 34.878464 86.662338
988.882804 602.660580 34.699662 86.404225
988.934708 601.736992 34.531016 86.652626
988.804790 601.758875 35.038669 86.762754
989.014889 600.346396 34.567576 86.257350
988.808137 600.791072 35.011738 84.271192
988.441131 599.944475 35.336742 84.706441
988.381564 599.292638 35.742261 85.208963
988.146035 598.877514 35.813412 85.203105
987.653168 598.021381 36.423503 86.040934
985.767302 597.729726 38.127103 84.696072
985.886992 597.294143 38.708332 84.587064
985.979723 596.826178 38.503927 84.764108
985.652882 595.673676 39.233485 84.134069
985.694421 594.902968 39.022482 83.633567
985.949405 594.777662 39.221517 83.394815
987.062606 593.388661 37.799730 83.206160
986.313305 592.377691 38.514635 83.160481
986.342430 593.461881 38.645870 81.316512
987.938915 591.537059 36.858902 82.091151
988.615375 592.250682 36.800833 81.838979
989.788517 590.654822 34.912348 82.013620
990.120192 591.050953 35.044814 82.314208
990.759956 589.813244 34.104754 85.035046
991.216737 588.653718 33.815348 84.805458
991.532216 589.917449 33.856941 81.857362
991.710803 588.710798 34.081705 83.558344
992.178859 588.313666 33.408505 84.845425
992.061220 588.041514 34.025843 85.094711
992.386159 588.159035 34.219200 86.823172
992.932149 587.883321 33.979883 88.245122
992.793624 587.119678 34.341272 88.719112
993.303750 587.039300 33.810935 88.087780
993.277245 587.118714 34.041669 88.510101
993.441015 586.677769 34.592055 89.603160
993.863586 586.878052 34.319107 88.635371
994.174751 586.438243 34.282203 88.790235
994.266818 586.116023 34.510252 89.816820
994.556676 586.075936 34.302644 90.066883
994.378463 586.075936 34.354144 91.483873
994.551811 585.580079 34.428825 92.784812
994.493729 586.176077 34.557441 91.050670
994.595419 586.248389 34.205832 89.944164
994.378463 586.011943 34.541993 90.767903
994.325854 586.451981 34.406269 89.224310
994.432664 585.788516 34.198389 89.773251
994.257905 586.000104 34.025810 89.688002
994.126128 586.274386 34.226042 89.698493
994.037928 586.227760 34.194755 90.184092
994.211232 586.439648 33.640455 89.271082
994.001789 587.044132 33.816456 87.797903
993.717789 586.676176 33.860828 87.884818
993.364148 587.760797 34.094449 87.155610
993.278185 588.144250 34.187511 85.683015
993.259517 588.110763 33.833851 88.040052
992.926916 588.145606 34.220219 86.919183
992.934680 588.909951 34.238424 86.212503
992.643900 589.498417 34.513231 87.932224
992.442942 590.112977 34.709830 87.891956
992.266839 590.947071 34.766208 87.133285
992.364145 590.600682 34.692362 86.609152
992.367301 590.162832 34.574198 85.877504
992.245836 590.421039 34.574049 86.657417
992.367301 589.925234 34.177479 86.115101
992.289234 589.955052 34.366918 87.427212
992.146381 589.600678 34.277103 85.594797
992.302731 589.401195 34.033646 85.163321
992.174197 589.429574 33.966367 85.803765
992.389010 589.673194 33.585100 88.756429
991.310317 589.859032 34.788947 88.260767
989.226980 589.678935 36.625653 87.826290
986.950922 589.163557 38.829777 87.711816
983.513964 588.656881 42.691694 86.239053
981.042976 587.709999 45.620388 85.994699
979.091396 586.872217 47.335451 84.097761
979.743976 587.732743 47.367849 84.857212
976.276344 587.428346 50.407527 81.345474
975.448837 586.216449 50.127455 83.419309
974.322610 584.559970 51.626645 86.098329
974.430061 583.416232 51.116905 85.192370
974.382352 582.905209 50.765232 84.796855
972.881381 581.813765 52.052420 84.852446
972.704735 580.401050 51.874059 84.821810
976.062574 579.345417 48.176541 84.045234
977.409223 578.191557 47.236648 86.900368
979.250440 577.748240 45.335415 88.125845
980.501332 575.665019 43.786783 92.313995
980.969899 574.962166 43.093598 94.484883
981.856031 574.285955 42.134977 96.250349
981.398842 573.668837 42.083829 95.905907
980.977046 571.716758 42.154179 96.948130
979.976524 571.482150 42.543417 98.637144
977.727527 570.969756 44.268476 98.517374
976.341113 569.384141 45.567258 97.788753
973.462374 568.182080 47.640798 98.361239
972.205940 567.195537 48.642881 96.715071
970.017071 566.231457 51.250435 96.082564
969.195409 565.289809 51.353347 95.734978
967.753861 564.456650 52.033566 95.710630
967.416007 563.943094 51.540017 94.707466
968.286624 563.076591 49.567149 95.301673
969.178327 562.353520 47.583380 95.975714
967.803961 561.773776 47.846312 96.310352
968.514885 561.104001 46.556134 96.744289
967.155877 560.458010 47.010734 97.217360
967.605106 560.290473 45.606756 97.380015
967.089029 559.131582 45.017806 98.040919
967.616134 559.060930 43.700795 98.807476
967.356924 558.408214 42.843972 98.032749
966.831314 557.565436 43.024761 99.245526
967.307106 557.049651 41.929911 99.063351
966.490881 556.117489 42.228471 100.099548
966.786110 555.289052 41.342548 100.548347
966.789932 555.018066 41.433428 100.017640
966.314781 554.229364 40.990567 100.211941
966.504130 553.887719 40.507500 100.552837
966.452801 553.264200 39.728680 100.584370
966.438908 552.575113 40.373134 100.470742
966.432652 552.048242 39.556542 101.170225
966.382051 551.244763 39.526968 101.608098
966.400993 550.703467 39.636445 100.963819
966.580119 549.645721 39.617929 102.120741
966.238845 549.444196 39.297414 102.227527
966.461619 548.452669 38.628827 102.666763
966.501844 547.635472 38.295366 103.493577
966.328497 546.769019 38.676474 103.488115
966.578203 545.442144 37.981498 104.368226
966.144114 544.202402 38.430624 105.742603
966.121031 543.119274 38.171558 106.557346
966.197849 541.900758 37.942990 107.750048
966.313275 541.260428 38.492888 107.891413
966.402681 540.322246 39.176407 108.343423
966.301331 539.387893 40.195222 108.868494
966.754146 537.836460 39.723861 110.323185
966.466356 536.724133 40.289057 111.298339
966.869657 535.399343 41.141056 112.180474
966.799357 533.570637 41.832564 113.638811
966.797491 532.723926 42.288576 113.821036
966.878693 531.523406 42.408329 114.393078
967.895707 530.928080 41.632424 114.429207
968.669665 529.378681 41.557057 115.151529
970.166954 528.473092 40.429817 113.742215
971.130322 526.664216 39.978808 112.170193
972.734645 525.926030 39.396197 112.356496
973.483689 525.029001 39.336485 111.676910
974.508854 525.256204 40.150918 109.376055
975.187692 525.579453 41.048467 107.230760
976.269595 524.896046 39.802883 107.139471
976.150626 524.267914 40.380821 106.946935
976.097226 524.935152 40.023218 106.949812
976.817557 523.905767 41.262971 106.340130
977.063947 524.982887 40.199844 106.050342
977.670543 523.662425 39.868558 107.635844
977.424876 523.675719 40.095236 107.596237
977.734376 523.724109 39.975158 107.510913
977.685089 524.174431 40.414789 106.378427
977.977380 523.703402 39.585410 106.439047
978.203154 525.013669 40.187964 105.189060
978.114496 524.186940 39.998915 106.487457
978.283422 525.242679 39.864689 104.982434
978.885319 524.385683 39.172804 105.891302
978.784357 524.713031 39.433395 105.658882
978.632317 524.604144 39.525302 105.483239
978.784357 525.038381 39.677243 105.143754
978.985967 525.504805 39.537419 104.346202
979.566981 525.258101 38.962369 104.371390
979.787797 525.084860 39.171689 104.883873
980.444683 525.042334 37.890122 104.822309
980.838355 524.940652 38.304445 105.216397
980.839232 524.416515 38.027889 105.859615
981.071379 524.970213 38.310503 105.035818
981.383136 523.625144 37.829054 106.437689
981.021105 523.741246 38.087873 106.327290
980.251618 523.788654 39.931114 105.815632
980.698776 523.786687 39.083626 105.537971
980.703333 522.720692 38.728022 106.566255
980.669596 523.230636 39.299442 106.177388
980.918742 522.467097 39.153267 106.466122
980.951943 521.938205 39.565350 107.140665
981.181678 522.280702 39.381061 106.847269
981.232559 521.686253 39.232347 107.295629
981.232559 521.866713 39.349862 107.020578
981.283371 521.723080 39.358286 107.312457
981.028538 521.461743 39.593347 107.961742
981.097206 521.190275 39.461897 108.377984
981.140194 521.580103 39.203309 108.035118
980.918990 521.655136 39.715217 107.694321
981.045977 521.316401 39.650793 108.107084
981.504218 521.245718 39.272010 108.320954
980.840228 520.874375 40.342041 108.382005
981.422452 520.261590 40.277872 108.841061
981.703004 520.017913 39.734856 108.693030
981.683209 520.622414 40.404364 108.341734
981.961763 519.671881 40.462286 109.319407
981.878250 520.190894 40.557642 108.960137
981.878250 519.496413 41.070635 109.450515
982.516414 519.998787 40.141133 108.722141
982.651650 519.478369 40.174042 109.344415
982.722492 519.334462 40.122560 109.358740
982.722492 519.088806 39.867607 109.830250
982.877708 518.248422 39.593854 110.444781
983.984228 519.043976 38.343152 110.015422
982.806801 518.721197 39.924760 109.979355
983.503600 518.601781 38.823780 110.457616
983.715570 518.512246 38.943172 110.497428
982.826436 518.347707 40.178537 110.458321
983.471802 518.294153 39.267479 110.570536
982.981749 518.404530 40.246916 110.350430
983.363277 518.223563 39.614950 110.647916
983.260740 518.305736 39.717487 110.259784
982.786828 518.157347 40.866371 110.483880
982.869662 518.581004 40.465169 110.200766
983.157886 518.074013 40.415188 110.759782
983.018352 518.531600 40.769657 110.326179
983.280219 518.333695 40.365298 110.524084
982.965739 519.024434 40.801797 109.795331
983.755298 517.986180 38.881445 110.799632
983.341306 518.774943 39.683824 109.712827
983.136330 518.182671 39.888800 110.353694
983.157886 518.503201 39.961082 110.062318
982.839590 518.651010 40.532309 109.876707
983.260740 518.896819 39.618046 109.593116
983.084881 517.984999 39.760171 110.249775
983.861889 518.453871 38.414133 110.225240
983.320625 518.127889 39.751859 110.086383
983.136330 518.383516 39.629634 109.686651
983.136330 518.677241 39.768423 109.468622
983.084881 518.232016 39.940249 109.927639
983.084881 518.601781 40.205576 109.624371
982.628040 518.503201 41.106853 109.535323
983.003002 519.047578 40.095745 108.748565
982.651079 518.182671 40.299880 109.752171
983.558175 518.547827 38.769204 109.948972
982.651079 518.379898 40.380756 109.704718
983.521818 518.207075 38.754203 110.339055
983.612444 518.501460 38.633361 109.725506
982.651079 518.799981 40.219589 108.917040
983.354998 518.501460 38.737716 109.431784
983.221613 518.721519 38.789788 109.331937
983.334850 518.683881 38.524942 109.271993
983.145422 518.683881 38.865979 109.516130
983.240563 518.759128 38.518592 109.294329
983.183573 518.759128 38.525364 109.392012
983.126281 519.133814 38.532518 108.870831
982.511442 519.170824 39.442217 108.438145
982.893939 519.171141 39.066852 108.735981
982.011747 519.384774 40.055188 108.444077
982.863611 519.299443 39.277777 108.804494
982.696423 519.543035 39.163369 108.364088
982.504215 519.743632 39.493510 108.333489
982.426584 519.855313 39.313893 108.318839
982.768052 519.407215 38.879778 108.379451
982.097203 519.896265 39.880214 107.898841
982.148362 520.019816 39.910536 107.976314
981.959539 520.454616 40.205360 107.578625
981.994654 520.468854 39.922021 107.855406
982.148362 520.320179 39.707911 108.004081
982.199441 520.468854 39.737441 107.952286
981.943264 520.092851 40.177157 108.252991
982.013270 520.230770 40.059190 107.921781
982.115951 520.044100 39.776888 107.786379
982.148362 520.152036 39.951501 108.362558
982.167298 520.468854 40.089949 108.146346
982.371543 520.617097 39.947968 107.707163
982.529481 520.431718 39.596121 108.329313
982.271629 520.724084 40.071837 107.658774
982.219823 520.869112 40.469010 107.144877
982.219823 520.869112 40.224129 107.218426
982.250430 521.030948 40.547249 107.039424
982.375019 520.820803 40.272619 107.193186
982.529481 521.174442 39.854074 106.673528
982.460138 520.751640 40.010142 107.082407
982.305754 520.799871 40.266695 107.180915
982.402937 520.813753 39.945893 107.311873
982.357299 520.703399 40.359754 107.240682
982.683230 521.078812 40.150912 106.806168
982.562657 520.751640 40.112881 107.265910
982.320205 521.269962 40.456015 106.615018
982.817564 520.848072 40.003885 106.985975
982.918966 520.799871 40.242984 107.034176
982.685070 521.078812 40.333008 106.769157
982.788590 520.944384 40.168525 107.109930
982.477058 521.280674 40.299163 106.626702
982.969552 521.312259 39.999663 106.599029
982.512938 521.663389 40.676686 106.501399
982.891780 520.892480 40.187581 107.364264
982.736870 520.691078 40.281208 107.488075
982.788590 520.985976 40.539278 107.193176
982.788590 520.530356 40.455845 107.446879
982.788590 520.578816 40.750525 107.361685
983.013294 520.801863 40.389779 107.232422
982.994650 520.875583 40.291442 107.014077
982.840220 520.908827 40.741603 107.146745
982.907253 521.254650 40.822928 106.832888
982.959561 521.734133 40.812097 106.537799
983.615351 521.262882 39.699579 107.523781
983.202454 521.695228 40.619022 107.300898
983.167949 521.917423 40.729063 107.391487
983.167949 522.279288 40.708084 107.287383
983.063915 522.781962 40.959817 106.786297
983.323386 523.158427 40.679146 107.224435
983.219845 523.254653 40.782687 107.350743
983.529503 523.378307 40.200678 107.482814
983.219845 524.222205 41.148572 106.885305
983.683252 524.059479 40.685165 107.361685
983.494645 524.638484 40.866603 106.670428
983.424853 524.557370 40.757404 107.277647
983.913524 524.728029 40.126908 107.547848
984.199434 525.059460 40.254722 107.264806
983.788586 525.068203 40.922278 107.558288
983.858564 525.745409 40.544533 107.261319
983.840216 525.617124 40.300775 107.901023
983.599031 526.206589 41.165959 107.398831
984.288165 526.193843 40.321899 107.764355
983.802437 526.718818 41.392418 107.235429
984.134478 526.796807 40.985690 107.765375
985.223794 526.992042 39.330388 107.745912
984.460193 527.854104 40.319437 106.978300
984.664913 528.413039 40.432515 106.917939
984.581211 528.261634 40.601042 107.291245
984.887150 529.258479 40.073073 106.682455
984.720154 528.703421 40.021032 107.757102
985.446914 529.352355 38.972273 107.457359
984.668477 529.675162 40.562801 107.695407
984.755018 530.206595 40.690112 107.696965
984.651127 530.525456 40.689276 107.870707
984.858588 531.038811 40.544533 107.709394
984.910256 531.477642 40.598157 107.625046
984.961834 531.481882 40.378568 108.012160
985.116105 532.059490 40.017683 107.896401
985.576167 532.373500 39.485889 107.558278
984.994806 532.896267 40.910863 107.824314
985.741296 533.230759 39.453396 107.824553
985.305758 533.743258 40.369784 107.513116
985.426568 534.638498 40.118759 107.115800
985.254134 535.126624 40.359445 107.129746
985.199430 535.336649 40.233594 107.643523
985.375003 535.912408 40.190700 107.848624
985.375003 536.206101 39.908603 107.701004
985.199430 537.068888 40.086654 107.153789
985.097191 538.423634 40.356961 106.259715
985.476496 538.129298 39.138750 106.878186
985.186489 539.000905 39.653720 107.281208
985.079732 539.567436 39.721554 107.164648
984.771771 540.758802 40.501318 106.590636
984.994642 541.413029 40.501918 106.213484
984.838237 541.854094 40.311244 106.643468
984.633182 542.901734 41.077678 106.299963
984.840213 543.603420 40.827489 106.096806
984.785885 543.280686 40.623543 106.590017
984.788583 543.376529 40.857580 106.714602
985.199430 543.152028 40.275911 107.056667
985.538159 543.336658 39.724964 107.160548
985.202430 543.001314 40.766789 107.187244
985.696407 543.352374 39.722722 106.923528
985.098783 543.194385 40.998593 106.994172
985.683215 543.607333 40.192780 106.475252
985.147103 543.591746 40.734787 106.733104
985.893924 543.115017 39.782656 107.141723
985.460141 543.275726 40.298550 106.635574
985.850450 543.055897 39.843723 106.807361
985.094521 543.424401 41.032843 106.446302
985.162600 543.358167 40.978384 106.755038
985.580799 543.206593 40.570994 106.587284
985.529177 543.280686 40.611807 106.553373
985.320194 543.184743 40.986755 106.502976
985.424845 542.724116 40.778082 106.960041
985.267742 542.675726 41.039206 106.826086
985.785309 542.675726 40.409488 106.753301
985.372565 542.983078 40.997239 106.312899
985.424845 542.887238 40.965987 106.518668
985.529177 542.406396 40.673751 106.852971
985.685058 542.358171 40.559365 106.682119
985.840209 542.358171 40.259639 106.974436
985.994638 542.068218 40.523176 107.154580
985.633178 542.013908 41.056069 107.184204
985.858531 541.675705 40.713472 107.633193
985.806792 541.044110 40.638282 108.154002
985.703051 541.670623 41.214169 107.172539
985.598998 540.896066 40.909359 107.947096
985.442288 540.505544 40.981776 108.093793
985.356075 540.990453 41.163780 107.683275
985.546845 540.623200 40.772682 108.017288
985.546845 540.213279 40.982683 108.163551
985.565923 540.164491 41.081018 108.175336
985.826398 540.407253 40.714538 107.836937
985.961778 539.847419 40.483297 108.069740
986.116048 540.090347 40.350077 107.863872
986.167933 539.524391 40.095811 108.433780
985.961778 539.359515 40.357749 108.557644
985.872841 538.429142 40.268008 109.021732
985.618184 539.697537 41.287090 107.733287
985.662069 538.724017 40.715691 108.247209
985.609164 538.660186 40.299882 108.713990
985.651660 538.921259 40.748688 108.174094
985.546845 538.114566 40.982683 108.507115
985.408662 538.358776 41.153417 107.997325
985.513591 537.773064 41.112076 108.789120
985.574960 537.601764 40.658956 108.214250
985.958097 537.512048 40.226159 108.665880
985.598998 537.942089 40.888228 107.806101
985.494612 537.114542 41.270345 108.470296
986.187660 536.924027 40.353276 108.934046
985.925342 536.133269 40.472386 109.058796
985.618184 535.891741 40.734351 109.277968
985.743219 535.945885 41.063762 108.942967
985.892279 535.811407 40.539305 109.144618
985.722454 535.510056 41.380265 109.544040
985.595059 534.637531 40.929732 109.608929
986.002989 534.578999 40.782533 109.750301
985.951195 534.616366 40.517061 109.268004
985.733981 534.058303 40.858346 109.199092
985.892279 534.239800 40.263556 108.873697
986.084843 533.625805 40.973724 109.684203
986.018333 533.445613 40.526480 109.284617
986.049824 532.793072 40.401721 109.339425
986.033322 532.650993 41.135939 109.612741
986.614384 532.256187 39.949292 110.064087
986.940995 531.749485 39.335010 110.108563
986.513632 531.496382 40.511501 109.747803
986.533903 531.256301 40.871899 109.819687
986.376077 530.819257 40.824069 109.714017
986.270444 530.621131 40.991020 109.501607
986.323301 530.460117 40.775401 109.411341
986.154443 529.521885 41.147598 109.936523
986.332331 529.369941 40.620737 110.445092
986.643377 528.989941 40.668491 110.527928
986.450311 528.387595 41.238763 110.827471
986.563212 528.421394 40.914875 110.312844
986.660672 527.737300 40.965092 110.440161
986.713048 527.686795 40.438682 110.464266
986.533903 526.986181 40.666243 110.947527
986.344643 527.166333 40.807088 109.960092
986.540026 526.223555 40.413042 110.197469
986.376077 526.361834 40.988292 109.811997
986.594118 525.684081 40.402865 110.193262
985.951573 525.472240 41.642536 110.211089
986.563305 524.736121 40.442244 110.749963
986.643377 524.997577 40.711436 110.012492
986.323301 524.372882 41.103274 109.861544
986.332331 523.737298 41.022482 110.103157
986.488223 523.630360 40.590206 109.961854
986.376077 523.173746 40.988292 110.434525
986.665177 523.103162 40.465179 109.948770
986.795309 522.074009 40.364160 110.384416
986.690984 522.016942 41.073091 109.967718
986.595080 521.152041 41.631389 110.219355
986.563212 520.817417 42.082741 110.084346
986.723112 520.283850 41.577003 110.372488
986.776250 519.617445 41.935658 110.359119
986.724999 519.383844 42.601180 110.460539
986.747821 518.650748 43.081432 110.347391
986.963657 518.168708 42.525236 110.320625
987.155037 517.700889 42.433399 109.961343
986.886680 516.731870 41.624201 110.178637
987.198353 516.662434 41.848763 109.201935
987.112498 515.936563 41.654979 109.643263
987.132277 515.501199 41.019423 109.349782
986.898183 515.066312 40.842931 109.317347
986.892255 514.157363 41.175350 109.619554
986.648287 514.066302 41.304801 108.759815
986.997363 513.058288 41.304654 108.794385
986.681041 512.256277 40.992508 109.148997
986.786811 511.819286 40.907147 109.006854
986.468504 511.404538 41.919913 109.074879
986.754437 510.848959 41.536045 109.187324
986.754437 509.487666 41.665118 109.685009
986.860247 510.031043 41.051341 108.941291
986.892255 508.311837 41.281323 110.056463
987.070895 509.079942 40.944710 108.142281
987.082332 507.786897 40.701903 109.849636
987.312010 507.223543 40.537987 109.787770
986.892255 506.868745 41.539596 109.927419
987.132277 506.700077 40.487613 108.966256
986.930069 505.198728 40.155740 109.970998
987.002958 505.305729 40.055425 109.995655
986.733957 504.859817 41.333648 109.954349
986.965741 504.451411 41.070769 109.920010
987.018354 503.086789 40.893235 110.493030
986.860247 503.933128 40.785271 108.775470
986.618226 502.198726 40.796823 110.306937
986.503027 502.778347 41.101711 109.624994
986.638709 501.587609 40.955400 109.880853
986.270444 501.778326 41.135359 108.764338
986.154443 501.058297 41.321020 109.347003
986.270444 500.372864 41.644386 109.601375
986.079016 501.079940 41.845105 108.105025
986.111381 499.461608 41.674110 109.501125
986.238645 499.884134 41.859383 108.487265
986.004921 499.410988 42.328793 108.786147
985.649675 499.096530 42.580445 108.385782
985.541507 498.580995 42.600390 107.352700
985.628048 498.337521 41.760393 107.332214
985.396733 498.115981 42.179330 107.021724
985.396733 497.310824 41.659714 106.858355
985.442288 496.603823 41.807750 105.958874
985.273241 496.925204 41.519199 105.540209
985.267742 496.328641 41.905922 106.213131
985.546845 495.965695 41.725674 105.383687
985.575694 496.234214 41.141390 104.944394
985.512887 494.830600 41.651262 105.239093
985.628366 495.470931 41.469038 103.739617
985.601570 494.704400 41.966719 104.113497
985.718563 494.248536 41.606434 103.442967
985.704971 494.363158 41.586524 104.825199
986.254162 492.710918 40.821776 105.505526
986.893307 492.201482 39.975969 106.584189
986.512923 492.472285 41.494442 105.923934
986.477042 492.840787 40.439613 105.382006
986.545967 491.106480 41.181295 106.425795
986.633174 491.446809 40.446172 106.127875
987.181735 490.848078 40.260101 106.730120
987.766807 490.122227 39.744277 105.207944
988.501545 490.074416 38.063437 104.024592
989.186256 489.119025 37.719262 105.025081
989.692989 489.048844 36.848007 104.404151
990.031846 488.088764 37.058576 104.819591
989.895990 488.021909 36.791862 103.973685
990.262239 487.576630 37.016776 103.144072
989.920243 487.256243 37.080838 102.831219
990.031101 486.728109 37.600102 102.448274
990.303049 486.680958 37.132903 102.452448
990.318893 486.200689 37.307760 102.430682
990.486886 485.834685 36.520728 102.524542
990.696226 486.028599 36.895220 102.330288
990.796775 485.590531 36.829879 102.589490
990.814718 484.915343 36.667956 101.360481
990.787507 485.279680 36.456571 99.901042
990.850089 484.353433 36.374486 98.771217
990.909381 484.500954 36.778301 96.679605
990.760184 484.379554 37.768592 93.424246
990.477460 483.966719 37.452961 92.956206
990.572355 484.119482 38.126363 92.056493
990.626525 483.620823 37.537336 90.930370
990.539367 483.623727 37.707715 89.453421
990.906522 483.589627 37.443641 88.808940
990.611365 481.717603 37.422609 91.193758
991.053986 482.400661 37.539291 90.207815
991.059138 482.012739 37.121941 89.392239
990.927211 480.604948 37.028069 89.848172
991.065808 480.448366 36.889471 89.449052
990.927211 479.910112 37.307970 90.409901
991.243526 479.621899 36.699594 92.153523
991.468555 480.565106 36.619216 92.986021
991.557825 478.688830 36.244783 94.920722
991.383649 479.179252 37.169741 93.699932
991.147752 478.325632 37.232046 96.525985
991.191626 478.221373 37.619391 96.813253
990.909247 477.483915 37.970066 98.568298
991.301000 476.969462 38.476715 99.270672
990.462875 476.279688 39.429808 97.927832
990.135380 476.309369 39.830403 100.043545
990.404610 475.640758 40.196266 98.666092
990.417850 475.409962 40.462287 98.855936
990.845415 475.139623 40.368616 99.704997
990.801901 474.279292 40.535783 101.304711
991.238894 473.926411 39.808296 101.210225
991.514260 472.952960 39.624093 100.631427
991.947255 472.917149 38.715734 99.635027
992.363769 471.960169 38.222093 101.348527
991.825540 472.414968 38.536744 99.494203
991.831353 471.460993 38.550772 99.484078
991.977474 470.645088 38.184735 98.924244
992.018674 470.455658 37.887400 97.669713
992.152433 469.653425 37.987585 98.103495
991.964506 469.453895 37.861632 97.836363
992.056480 468.965663 37.983612 96.612576
992.101230 468.463677 37.428948 97.766833
992.343465 467.781401 37.003174 96.284471
992.289686 467.379546 37.083255 95.501411
992.430351 466.346858 36.080378 94.601332
992.511332 466.773334 36.053472 93.748807
992.876258 465.735534 36.456225 94.343389
992.482921 464.696180 36.716148 94.827356
992.849986 464.959550 35.898886 94.886726
992.831216 464.101483 36.307492 94.956060
992.757305 463.781733 35.991567 94.447235
992.665346 463.084039 35.460542 94.928853
992.848116 463.412039 35.837248 93.297103
992.760317 462.907700 35.524617 93.575366
992.696354 462.396467 35.757902 93.448260
992.877330 462.165768 35.632974 92.523450
992.671919 461.279002 36.028538 93.039071
993.012325 460.680684 35.349198 93.592625
993.057186 460.590210 35.509481 92.587681
992.718018 460.528817 36.353673 94.109593
992.572363 459.990831 36.094723 94.873431
992.511332 459.234281 36.374876 95.331770
992.741547 459.078898 36.150948 94.784327
993.118981 458.892804 35.973181 94.758329
992.387678 457.868268 36.865404 95.273792
991.812346 457.495029 37.630904 95.431659
991.718005 457.274164 37.766351 95.218343
992.282238 456.846029 37.282647 96.165013
992.666669 456.280401 36.725189 97.078269
992.003855 456.198188 37.872346 99.193617
991.921748 455.677053 38.686626 99.867293
992.026028 455.595272 38.315787 102.469438
991.229790 454.855988 38.983136 101.678319
991.379276 454.770185 38.711019 102.833908
991.013127 454.243348 39.305797 112.262135
990.713008 453.028977 40.560449 124.032071
991.063224 452.977674 39.338412 120.630154
990.239269 452.514459 41.259389 133.471558
993.130142 451.173435 37.142851 119.269927
992.443870 452.730045 38.626901 120.131205
992.325088 452.715203 38.501623 117.254938
992.492756 452.225167 38.668307 111.061468
991.981715 453.432528 38.735354 115.062868
