32.000000 268.000000 35.000000 70.000000
31.744027 267.506991 35.079881 69.683543
32.604347 268.309093 34.530671 68.656780
33.117401 269.222110 33.846745 67.776331
34.227180 269.865651 32.729428 67.132790
34.450751 270.157145 32.642909 67.652103
35.200291 270.497355 31.738300 67.899179
35.863924 270.819952 30.886982 67.841714
36.702648 271.877872 30.392751 68.090341
37.093270 272.612898 30.708065 69.025055
38.199821 273.772027 30.954148 69.424363
38.595088 274.504798 31.047033 69.525580
39.475344 275.317605 31.038660 69.197703
39.757157 276.359135 31.979390 68.930149
40.655962 277.278206 31.745779 68.975756
41.299263 277.929336 31.969007 69.842838
41.914889 278.756878 32.012568 70.041813
43.036692 278.972362 31.950503 70.208979
43.464583 279.874176 31.997411 69.761411
44.312522 280.092412 31.630017 69.542258
44.896980 280.812199 31.794941 68.673349
45.250271 281.528122 32.140624 68.987188
45.258975 281.929331 32.976346 69.195822
45.055323 282.511341 33.582673 68.954115
45.753269 283.723705 33.283940 67.576154
46.819820 284.462762 33.068351 67.579478
47.834769 285.592554 32.558663 70.604112
48.114110 286.915744 32.917589 71.907110
48.635414 288.467688 33.002753 71.148959
49.545547 290.169644 32.810780 71.001039
49.344441 287.323443 33.731995 71.100151
50.103615 280.659806 33.421341 71.526393
50.830300 268.940428 33.467216 71.586975
51.215185 251.457121 32.735536 72.229099
52.183410 228.243140 31.728514 74.867420
52.140554 203.180265 32.016305 74.182064
52.819083 179.360162 31.038069 73.734404
52.726314 155.625932 30.868127 72.643668
52.846661 133.735546 30.629475 72.177579
52.892054 117.056392 30.578254 69.944053
52.715257 104.506574 30.368585 70.032316
52.918769 97.707760 30.252048 68.096021
52.836044 95.244278 30.295029 68.540776
53.137102 96.112644 30.164167 69.040803
53.706266 96.773687 30.411263 70.231160
54.144201 98.347545 30.765160 70.641147
54.807925 100.050033 30.789245 70.621774
55.094266 100.930054 31.425439 71.741754
56.125127 102.586856 30.820308 71.259806
56.889894 103.212035 30.359619 71.541998
57.692010 104.521076 30.541625 72.035473
58.506978 105.155332 30.056530 71.681147
59.102451 106.544735 29.663075 71.043458
59.503769 107.363369 29.814451 70.964587
59.929820 108.546226 30.195549 70.671798
60.387480 108.569429 30.630786 71.594492
60.736905 110.300862 30.971443 70.173322
61.004532 111.704132 30.661775 69.679778
61.035805 112.090172 31.591377 69.713469
64.472931 113.255069 32.760052 70.402319
73.713420 114.544346 35.445484 70.014706
90.279234 114.661053 37.218423 73.352426
110.610489 115.687035 37.977841 72.404150
133.978129 117.213825 38.964597 70.827214
157.705832 117.816146 38.987210 70.358467
181.514153 118.147351 39.272137 70.979792
203.100534 119.115542 39.748074 70.427873
225.227461 119.819630 39.848286 70.847515
247.193610 120.063259 38.578971 71.567702
267.157560 120.416050 38.560897 72.210018
286.467091 121.222910 38.901769 72.860706
304.654480 123.015686 38.382599 71.793533
322.125926 123.181332 37.491679 72.823618
338.087445 124.918449 37.219073 71.399320
352.278196 126.285223 37.431540 70.316609
366.193526 127.054140 34.682181 70.611851
373.881121 128.017568 32.785526 70.488818
376.304597 130.426444 32.064091 69.959311
377.276854 131.933702 31.719720 69.886798
377.712013 133.774710 31.292955 70.815509
377.925941 136.159436 31.589969 71.415416
377.774582 138.032416 32.074854 71.892341
377.506143 140.538427 32.457981 71.823203
377.849355 142.553548 32.149364 71.567305
378.119286 144.924440 32.239213 71.479824
378.616203 147.539560 31.952223 70.932827
378.798782 149.655242 31.929223 71.235529
379.033850 152.444762 31.711514 71.715979
379.341949 154.600746 31.334948 72.144900
378.883252 157.016333 32.200158 71.797810
379.049069 158.913616 32.389042 71.662761
379.539610 160.679100 32.468076 71.694082
379.412820 163.107000 32.551297 71.047875
380.367857 164.901427 31.730327 70.758457
380.831067 167.362543 31.830684 69.672484
381.170278 169.232999 31.567939 69.840871
381.369433 171.460237 31.290502 69.481578
381.371315 173.813674 31.631355 69.608461
381.371315 175.932122 31.709017 71.055899
381.184955 178.385239 32.253468 72.188995
381.093553 181.357469 32.605104 73.332507
381.043053 184.220291 32.956057 73.477254
381.485261 186.777942 33.300767 72.486505
381.283249 189.747661 33.511638 72.456857
381.487746 192.838479 33.552399 72.506513
381.724346 195.815796 33.646289 72.952498
381.872802 198.723161 33.665339 73.590639
382.066744 201.101278 33.260275 73.274771
382.692762 203.537709 32.477739 73.000263
382.858104 206.416023 32.155856 72.547403
383.089458 209.357460 31.326676 71.896108
383.511580 211.855353 30.990867 71.548918
383.443732 214.678752 31.250892 71.482104
383.778172 217.020189 30.993730 71.832397
383.843634 220.612006 31.161546 71.570460
385.073795 224.301609 30.745334 70.687809
385.499843 227.659325 31.082041 72.514624
384.412817 230.335854 31.292045 73.215606
384.275714 233.470652 31.074727 73.860095
384.971682 236.923572 31.624480 74.228569
386.127782 240.770387 31.103492 73.530947
386.574782 243.366930 30.809307 74.216845
386.648549 246.530277 30.806063 74.372612
387.221948 248.966740 30.464679 74.391321
387.574760 251.372854 31.123902 73.705526
388.206505 253.206226 31.109432 73.489591
389.049229 255.182348 31.088338 72.823859
389.286430 256.609956 31.972380 72.454807
389.507731 258.202734 32.111949 71.986164
389.922234 259.276574 32.457872 72.265902
390.432223 260.561733 32.487858 71.815577
391.188850 262.623264 32.395023 71.090871
391.643259 263.633889 32.858288 72.872577
392.181431 265.186578 32.982160 74.369708
392.833430 266.681799 33.031267 75.293514
393.095099 268.049715 33.141581 75.936323
393.374108 269.507165 33.112541 75.450571
393.517109 271.099713 33.090701 75.214483
394.124971 272.718610 33.278555 75.445429
394.499887 274.099725 33.107922 75.284860
395.243730 275.224387 32.661567 75.336501
395.917925 276.367409 31.899177 74.988481
396.620522 277.230085 32.332810 74.460706
397.406298 278.437466 32.179906 74.463304
397.692743 279.736833 32.315944 74.322548
398.757478 280.103613 32.320645 75.556700
398.987436 281.742586 32.835683 75.420104
399.636852 283.174565 33.137575 76.311119
400.456278 284.409576 33.561804 76.155961
401.626879 286.289641 33.013202 75.028354
402.671942 287.417667 33.026433 75.357865
403.987129 289.554027 32.912911 74.962710
404.578786 291.334614 32.995055 74.722249
405.591137 293.290621 32.938371 74.120502
406.749887 295.002402 32.451013 74.501188
407.940468 296.785802 32.426726 75.072491
408.647373 298.286398 32.232944 75.124722
409.338474 299.656735 32.359644 74.829315
410.048630 301.348392 32.857847 74.556714
411.130092 303.218129 32.651174 73.912812
411.929258 304.573998 32.608883 73.543324
412.518923 306.257547 33.060281 72.996955
413.418944 307.778355 33.118429 72.798886
414.198618 309.186567 33.255246 73.112429
414.589556 310.983443 33.741376 73.341744
415.715430 312.978411 33.782921 74.489817
416.255484 315.157418 34.067396 76.157565
417.204968 317.462218 34.489863 77.285934
417.398753 319.816071 35.329502 76.907028
418.483765 322.328376 34.782410 76.929339
418.416069 324.567307 35.286507 76.753601
419.607559 326.716782 34.571182 76.494873
420.560405 328.192785 34.456012 76.876602
420.769927 329.880217 34.871139 76.651921
421.659964 332.180205 34.592086 75.810860
422.778698 334.145977 33.904460 74.667185
423.636830 335.889919 33.558520 74.706287
424.184516 338.169761 33.548143 74.184314
424.917918 340.024065 33.235326 74.246807
425.595970 342.169743 32.936560 73.578003
426.432697 344.304400 32.737785 73.690878
426.201640 346.039327 33.377646 74.183997
426.370106 348.579014 33.578240 75.575869
426.908829 350.880543 33.655839 75.973675
427.087904 350.793376 34.485374 76.454056
427.994749 349.793079 33.677692 76.274119
428.986215 347.926421 32.733872 76.534326
429.352418 346.616719 32.873665 76.155972
429.908841 345.017003 32.946154 76.551719
430.212213 343.305996 33.096155 77.306675
430.667753 341.843747 33.255400 76.787160
431.646525 340.063830 32.321539 76.532999
432.165621 337.927640 32.566007 75.968902
432.670783 336.485439 32.771463 75.483138
433.243703 335.058372 32.909539 75.074087
433.176181 333.274842 33.977072 74.432659
433.598306 331.885414 34.051077 74.310604
433.895586 331.139857 34.257389 74.093380
434.759721 330.176103 33.854101 74.488919
434.968593 329.044249 33.889510 76.396899
435.602334 328.362276 33.953271 77.742940
435.548808 328.170522 34.875484 78.605396
435.725971 328.092549 34.704866 79.533787
436.006068 329.065915 34.579031 78.399042
436.209821 329.750291 34.911868 78.747009
435.858773 330.728289 35.755428 78.282029
436.820000 331.963887 34.981058 78.339223
437.187730 333.503868 35.035255 78.213841
437.562217 335.274447 35.227602 77.865213
438.740895 337.376803 34.033250 77.395680
439.354162 339.413195 33.769390 76.445526
439.883002 340.736814 33.419256 77.157406
439.991969 343.145997 33.846738 76.915067
440.613587 345.213896 33.676853 77.070647
440.514599 347.754301 34.155986 77.208019
440.860682 349.576515 34.050007 77.879738
441.589973 352.022342 33.476021 78.057461
441.932710 354.231232 33.598898 77.417205
443.062450 357.626900 32.438550 76.243458
442.692104 361.041721 34.124115 78.088339
443.465950 364.161331 33.726189 77.410736
443.977742 367.578438 33.609338 77.437316
444.613562 370.916197 34.144472 78.075321
445.102936 374.551651 33.629471 77.430283
446.246170 377.675319 32.625919 77.826623
446.899039 380.604466 32.646140 78.131337
447.009893 382.454166 33.080317 77.951248
447.595888 383.038387 33.359332 78.067170
447.623036 383.354532 34.287635 77.283723
448.215662 382.899109 34.251853 77.766876
448.501541 382.845360 34.459778 77.044502
448.788138 382.573672 35.027535 76.438037
449.092164 382.262537 35.245870 76.378398
449.072712 381.546920 35.786772 76.395290
449.859947 380.737633 35.537865 76.907356
449.352580 379.872264 36.276094 78.859863
450.112940 379.643399 35.775944 80.013246
450.461129 378.053900 35.520168 82.205238
450.557847 377.249206 36.022805 81.452115
450.338280 375.986770 36.375527 80.902724
450.773164 375.082606 36.524763 80.364108
450.794507 373.872005 36.519558 80.966205
451.338274 372.854358 36.464644 80.919894
451.498379 371.132950 36.573507 80.270037
452.015462 369.274419 36.165164 80.326103
452.432730 367.867003 36.126064 79.355089
453.393944 365.509365 35.897911 79.706169
453.686965 363.306960 35.848305 80.227553
454.228189 361.231259 35.709212 79.860952
455.112936 359.161803 35.334607 80.337183
455.356916 356.986950 34.915977 79.247176
455.763518 354.758395 34.735617 81.525268
456.058445 353.087590 34.660515 79.254628
456.339132 351.269011 34.970341 79.271542
457.079552 349.696812 34.078482 79.549381
456.819426 347.780445 34.303191 80.759613
456.342434 346.334522 35.094668 81.732763
455.486154 344.871178 35.478517 81.345083
454.733476 343.174896 35.444509 81.555287
453.271360 341.288356 34.791740 81.528767
450.575230 340.029893 34.713801 80.887287
447.418844 338.509360 34.412893 81.100707
444.111743 336.758126 33.906985 81.507613
439.447033 334.811386 34.168311 82.088708
434.400275 333.856563 34.860164 80.664667
429.400750 332.422742 34.398306 80.396727
421.972239 330.901511 35.510695 80.405817
414.991415 329.288593 36.036468 80.881913
406.646072 327.986773 36.224062 80.433802
396.670463 327.066730 36.780977 80.120534
386.530688 326.237599 37.049315 79.978651
375.454462 325.377350 38.270820 81.911120
363.744753 325.119311 38.891107 82.410649
351.263308 324.975945 38.768917 83.354282
338.846940 324.495622 38.816916 83.018080
325.846933 324.447953 38.948838 82.254719
312.429312 324.089835 39.319770 81.908331
298.798016 323.675219 39.942049 82.715387
285.750956 323.234655 40.440628 83.257329
272.699940 323.113214 39.834659 83.103013
261.057180 322.615519 38.874658 83.918711
249.499008 321.073485 38.715497 84.891896
239.038426 320.353004 38.301306 84.750539
228.886679 319.673679 37.564605 85.401064
219.228021 318.881505 37.400885 85.816363
210.366295 317.588838 37.115741 88.292992
206.234159 316.248396 35.241722 83.526594
203.543545 315.121568 34.158185 80.084673
203.111830 313.437609 35.180331 82.922368
203.333155 312.859918 36.408364 81.985931
204.267187 310.864087 39.214723 82.029996
205.426342 308.430860 38.682765 82.785127
205.712113 306.347800 39.723276 82.604305
206.557480 304.290491 39.324465 82.837109
207.410262 302.251487 38.935500 83.288615
207.903304 300.251477 38.358371 82.918179
208.289422 297.840901 38.475705 83.931661
208.814942 295.662615 38.330250 84.252437
209.279912 294.052373 37.554483 84.393136
210.333695 292.878080 36.949468 83.938229
210.864263 292.113858 37.400286 83.067753
210.581573 290.289365 36.831674 82.558877
211.489241 285.978283 37.719593 82.884283
212.497712 285.228879 37.844477 83.187575
212.193048 284.919368 38.635684 83.320401
212.782381 285.727116 38.723703 83.111192
213.163642 283.632664 39.262413 84.663478
214.023513 281.801535 39.199753 86.986265
214.949156 279.884595 39.208626 87.941531
215.472964 277.923539 40.071268 87.586111
216.052288 276.154579 40.191976 86.823586
217.539186 274.018401 40.947935 87.258344
224.477033 271.039196 42.610526 86.637299
240.027479 267.645439 44.736504 88.392978
263.351535 263.380707 46.530050 91.280382
295.088504 257.548094 50.332686 93.118668
343.211553 252.150326 49.665429 92.356387
394.623701 245.433737 56.826391 90.546784
462.474599 239.252493 52.982436 91.118028
533.870561 234.346144 50.847433 88.764606
603.080043 230.324885 52.431263 88.445815
679.404036 226.173907 55.268762 87.775206
757.924311 225.749719 52.899211 85.922170
827.436805 225.499233 60.744422 85.042710
903.623822 226.606499 59.808202 84.849560
979.310246 227.890015 56.191779 85.765171
1048.084375 229.868390 49.063624 84.189671
1104.529779 231.872535 50.618888 85.125870
1155.497899 233.589373 54.341175 88.745865
1204.570314 236.854770 45.281835 85.729364
1230.922812 240.009235 40.358944 84.884669
1244.675496 242.585425 36.145311 85.135099
1247.293488 242.803656 36.793195 87.349815
1250.939163 244.668535 35.429899 86.629615
1252.504045 246.841563 34.994518 85.027332
1254.648893 248.740849 35.347113 84.337627
1256.487981 250.445790 35.361531 83.469220
1258.307675 252.666304 35.474556 82.865070
1259.815882 255.431971 36.270518 82.662507
1261.131587 261.532082 36.759839 83.902659
1262.989923 272.662664 36.304210 86.787875
1264.402403 288.345272 36.609742 90.878654
1265.619852 310.789923 36.983819 93.124222
1266.078354 336.631895 37.925776 95.143965
1268.245053 369.186021 36.822167 94.104482
1268.710742 406.637357 37.968835 95.233114
1270.052975 447.518221 37.964748 95.532015
1271.391676 490.355542 38.124265 93.814718
1272.352959 528.961706 38.580865 96.042289
1274.343631 567.824977 38.466822 95.559929
1276.503952 607.563360 37.438239 93.301563
1277.943523 645.769613 37.197893 93.869999
1279.325270 684.309648 37.108588 92.051347
1281.172735 721.621319 36.339001 91.529451
1282.603064 758.995960 36.134324 92.029906
1284.545977 794.606079 35.671657 90.636143
1285.167849 826.121503 36.173343 87.751510
1286.315736 851.839661 36.468752 88.045743
1285.946138 872.707258 39.955776 89.523997
1288.218081 888.853872 40.114581 87.023627
1289.745875 899.325344 40.829388 86.075476
1291.088730 903.784980 41.043626 85.228524
1293.298384 905.854884 39.431360 85.939563
1294.406612 906.856079 39.372988 87.029457
1295.735022 905.417444 39.012013 88.115784
1297.050766 898.959828 39.111660 87.913220
1299.273767 885.770744 39.039985 89.171706
1302.545977 869.035126 37.030788 88.470786
1303.988706 847.699259 37.290334 89.520403
1305.378142 819.049921 37.262024 90.624058
1306.814540 787.681580 37.221348 89.377657
1307.928691 750.745971 37.520986 90.476089
1309.808814 707.117571 37.095581 90.973022
1310.803092 663.101162 38.129438 91.671518
1312.406121 621.582198 37.911806 93.126421
1312.582676 584.522182 39.394248 91.383423
1314.527909 550.532156 38.648810 91.794698
1316.598621 520.921876 37.454599 93.925968
1317.464722 499.606954 37.990879 90.494836
1318.875808 481.148673 38.431084 90.587847
1320.397316 468.161558 38.041759 90.360072
1321.331014 461.005557 37.965011 90.197294
1322.115601 457.407392 38.461164 89.033247
1323.969642 457.570927 38.120805 87.672251
1325.184527 457.654267 37.843566 87.840612
1326.032788 458.451317 38.690762 86.354068
1327.090188 459.279796 39.037414 86.072630
1327.330974 460.436560 39.957744 84.955596
1328.406599 461.465046 39.771028 84.097153
1329.694432 462.883439 40.578664 83.527314
1329.906245 464.022783 42.938505 85.618234
1330.865541 465.522041 39.642305 86.738882
1327.194712 467.247485 38.243799 87.031579
1313.614336 468.122825 42.122031 88.290365
1299.996948 469.203966 43.046517 88.018566
1283.973988 470.582879 43.146054 86.365828
1263.633662 471.489702 44.837652 86.972983
1242.498569 472.379511 44.287982 87.888146
1217.084085 472.499459 45.460452 88.209169
1196.231253 473.435728 43.072633 87.851695
1171.855730 473.375915 42.723716 89.170091
1149.139056 474.247114 39.529313 87.915723
1125.476910 474.805529 37.894559 88.544246
1102.031822 475.671114 36.989834 85.209892
1079.935100 476.419428 34.922478 85.859812
1056.655587 477.575845 37.791483 84.641671
1037.825542 479.434078 34.812512 85.285484
1019.136482 480.592467 36.009660 87.112549
1003.834984 482.735152 36.592733 86.960677
992.449034 483.708805 35.620694 89.042599
987.405065 485.243643 36.786111 88.933284
989.320262 487.655620 35.208939 87.107116
990.453736 488.641340 35.090339 87.400138
990.445907 489.821422 35.288081 88.188667
991.955406 491.088341 34.193716 88.200458
992.896069 492.437194 33.926823 87.887131
993.349921 493.347787 34.301734 87.289715
994.866347 494.231541 34.147195 86.526623
995.173719 495.141672 34.106473 85.739291
997.138610 496.019781 32.906419 84.752933
998.920055 497.082608 32.972228 83.337037
999.373190 498.335409 33.488422 82.576715
1000.838725 499.474820 32.967436 82.778695
1001.294885 500.343017 33.761186 86.160576
1001.093195 501.866607 35.057275 88.079971
1001.885284 503.206058 35.627330 88.448979
1002.082225 504.532102 36.534845 88.156020
1002.867151 506.009040 37.026138 88.373130
1004.684053 506.540078 35.938999 88.909811
1006.291556 507.360613 36.030201 89.458599
1007.751412 508.059835 36.155023 89.553958
1008.650169 508.535326 36.927597 88.616683
1009.977812 508.806270 36.588472 87.659835
1010.728290 508.959893 37.885130 87.203577
1012.461980 509.450420 37.439388 86.072493
1013.049888 509.265682 37.594010 86.420802
1014.308361 509.473039 36.632634 85.545773
1015.277096 509.437205 36.358344 85.068943
1016.818744 510.361908 35.699698 85.435716
1017.478508 511.075005 36.553990 87.604219
1018.437965 511.739458 36.317466 90.113881
1018.565125 512.799487 36.461398 91.304154
1019.172670 513.669878 36.234213 91.663484
1019.193358 514.865368 37.026255 90.993521
1019.679766 515.987814 36.972996 90.954611
1019.621565 517.048935 37.882429 90.851717
1020.030225 518.281049 38.098106 91.025643
1021.415222 518.684877 37.924947 90.466093
1022.983410 519.525696 37.241528 88.794268
1023.836740 519.939330 37.260060 88.474230
1024.836700 520.211956 37.596002 88.071923
1026.091506 520.985949 37.148820 87.640967
1027.563152 521.686923 36.000942 86.349225
1028.698689 522.437196 36.163528 85.419949
1029.784500 524.316603 35.966211 83.825962
1031.008913 524.464333 35.701405 86.075196
1031.801632 525.515782 35.949087 88.650542
1032.597535 527.885969 36.437954 88.715961
1033.960506 529.221101 36.274253 89.010653
1035.115440 530.150286 36.119315 89.998762
1036.466607 531.222469 35.310771 89.963298
1037.805968 532.510213 35.007680 89.887173
1039.354955 533.855684 34.378641 91.147212
1040.507059 534.712297 34.190068 91.620847
1041.779775 536.110487 33.917380 90.847709
1042.495878 536.793625 34.557953 90.342316
1043.370724 537.928565 34.729123 89.080876
1044.655167 538.758775 34.616899 88.088524
1045.979066 539.388661 34.695896 87.311594
1047.682126 541.247786 34.285934 85.712931
1048.558367 542.364363 35.225274 84.758557
1049.856151 542.729953 35.203032 84.279115
1051.093356 544.405942 34.930503 85.522576
1051.853847 545.381688 35.508092 89.087865
1052.918051 546.836526 35.181782 89.056659
1053.834989 548.856180 35.736096 88.639724
1054.852697 550.544084 36.088295 87.351337
1055.634213 552.002726 35.969960 87.739721
1056.834898 553.098350 36.090825 88.235537
1058.648322 554.348300 35.856050 86.995388
1059.577533 555.419379 35.957749 87.637065
1062.374614 556.155500 34.456922 87.176908
1063.956997 557.861747 34.056592 84.289464
1065.846139 559.225203 33.045837 83.733296
1066.731704 560.313046 32.830279 82.819941
1067.176055 562.107740 32.987348 79.670575
1068.738027 562.554336 32.073219 80.611246
1069.531332 564.476184 32.068774 78.867634
1070.870521 565.890008 32.179791 78.994757
1072.260344 567.065068 31.945895 83.280329
1073.231428 569.044328 31.991780 87.859432
1074.138602 570.555845 33.081924 87.987581
1075.391762 572.547054 34.108181 87.524227
1077.222902 574.082522 33.790667 87.113880
1079.013968 575.112585 33.018291 87.475116
1080.159010 576.027756 33.387893 89.818161
1081.325675 577.614129 33.109704 88.715271
1082.437935 578.789126 32.900782 88.292696
1083.985818 579.936736 32.735220 87.615652
1085.790959 580.701785 32.359502 86.304187
1086.948313 581.644107 33.432478 85.533128
1087.701382 583.288788 34.077836 83.588017
1089.097187 584.374087 34.246177 82.600240
1089.895882 584.910096 35.107384 82.769874
1091.031431 586.933063 35.085530 83.294000
1091.646349 588.039228 36.087419 80.793060
1092.035331 589.704534 36.727813 83.510653
1093.379862 591.409818 36.678489 80.212355
1095.075747 592.632298 36.374002 84.450022
1097.185101 594.738952 35.774923 83.116804
1096.956369 596.404427 37.706566 82.281794
1098.774110 597.269184 36.495356 83.425966
1098.307632 598.769234 37.831388 81.544565
1099.934542 599.816478 36.545187 80.524030
1102.882188 601.043179 34.562159 77.882527
1102.373180 602.180206 36.211859 76.018341
1103.734470 603.014580 35.570489 75.925514
1103.856439 604.666763 35.784600 76.911804
1105.187790 604.024613 35.926817 80.883693
1105.114495 605.415086 36.155002 82.113572
1104.243606 606.262673 37.955033 84.732005
1105.139448 607.211132 37.816795 84.026097
1104.320130 608.259469 38.452987 83.332561
1105.109406 609.221619 37.362760 82.216499
1103.548091 609.923097 39.208600 81.473522
1100.102832 611.299061 41.883456 81.675799
1098.649518 612.748761 43.566637 80.737529
1098.007445 613.828493 43.064276 80.785779
1097.430345 614.225749 42.168915 78.859874
1096.498710 615.222103 41.119502 78.899911
1092.991688 615.961734 42.975507 77.279458
1089.495363 616.932255 44.266968 76.285049
1087.685786 617.670512 43.542838 75.287347
1085.319952 617.793748 42.703903 75.076870
1082.326849 618.106425 41.868670 75.489063
1080.710974 619.041830 39.529092 74.627612
1076.028465 619.685347 39.218817 73.576366
1072.070006 620.278767 38.302538 72.991565
1065.823681 620.526952 39.085760 74.466447
1060.099437 621.478466 38.867193 74.454406
1055.797875 623.040646 37.798141 72.106497
1050.698705 623.364700 37.211542 72.539530
1044.254891 624.168821 37.134153 72.906904
1038.916864 625.020075 37.240968 71.326577
1033.060657 625.947286 37.629204 70.987532
1028.043452 626.923597 36.819238 69.576188
1021.750030 627.491179 37.215452 69.276559
1016.323661 628.410996 36.204461 67.651964
1009.704278 629.884429 37.143209 65.945911
1004.447200 630.377849 36.500147 66.382145
999.219114 631.120584 35.542886 67.426110
993.889554 632.131381 35.002525 67.488591
987.679564 632.700889 34.580939 66.430972
980.745777 633.302711 35.224077 65.801762
977.114492 634.541689 34.125818 63.381405
973.272907 634.535843 33.389835 64.432193
968.899068 635.713554 33.467213 63.738379
964.826089 635.602510 33.371353 63.548341
962.425275 636.022184 32.377681 64.097420
959.503284 636.164274 32.298705 64.681435
957.233378 636.522088 33.258091 63.636993
955.845299 637.024848 32.898789 63.337119
954.558127 637.323688 33.092309 61.462804
953.995049 638.034867 32.576433 60.696726
951.876720 637.665325 33.722972 61.509573
950.581276 637.646716 34.144249 60.768933
948.520762 637.746439 35.129182 61.420586
948.252241 638.289874 33.943054 60.496618
946.949098 638.529019 35.606807 60.627169
945.150299 638.392960 35.745101 61.736585
943.393219 639.341046 36.713536 61.428539
940.799308 640.517109 38.230165 60.945896
941.323992 640.677436 37.252110 61.735643
940.703689 641.589634 37.430835 61.510335
939.888324 642.358079 37.984733 61.893686
938.724643 642.464697 38.108982 62.517255
938.067912 643.433097 39.252047 62.315784
937.706365 644.534832 39.857964 61.730137
936.996670 643.992101 39.171906 62.747400
936.815544 644.954834 40.214372 61.535549
937.267212 640.900125 38.076154 64.505808
937.161884 642.542994 40.494492 62.482363
936.769772 640.898444 39.478030 62.969242
936.246672 640.360997 40.623714 63.533648
935.979512 637.733036 41.126530 64.995308
935.240061 636.491174 41.413232 63.759114
935.546702 634.718160 42.380615 62.990776
935.298592 633.688045 43.373245 62.661929
935.721738 631.770414 40.996924 63.848655
936.028313 630.031081 42.989757 63.914620
938.168332 627.312800 40.232915 64.993645
937.345699 625.787473 39.592093 64.667019
937.465306 623.151747 39.032175 63.965105
936.803189 620.183026 38.989456 63.561038
938.231388 616.863999 37.293318 66.813298
937.773952 614.564526 37.294491 64.810049
937.455573 612.652538 38.167237 65.717178
937.924343 609.316926 37.145154 65.519564
938.024788 607.681189 36.220143 64.775822
936.910896 605.003364 37.483901 66.985342
938.781844 602.555591 35.533718 64.773973
939.713526 599.676589 35.278860 65.795204
940.263024 597.651674 33.969738 65.265668
939.357533 595.864831 34.470338 64.841856
938.357495 593.162862 35.531662 64.512816
939.730007 590.867863 34.296955 62.964245
940.636745 588.778043 33.609543 62.467125
939.269629 586.766360 35.095260 62.537242
940.396715 584.105118 33.811734 62.127801
940.542584 582.553031 33.374811 61.216104
942.417401 580.323277 32.105415 59.530910
944.002585 578.275987 30.795736 58.533882
942.840596 575.734806 31.228974 58.307398
942.498181 573.858923 32.039519 58.721309
942.388280 571.663900 30.133024 58.218569
944.114029 569.856903 29.187590 58.103074
944.399956 567.166049 27.624757 57.434352
944.952379 564.777756 26.837318 57.950215
943.734910 561.952231 27.550452 58.346280
943.392673 558.841277 27.612094 58.665065
942.636308 557.374840 27.999764 56.554339
942.619536 554.989885 27.449436 56.804102
943.273223 552.567825 26.795749 57.001128
943.365916 549.932402 26.517505 57.280848
942.734906 547.459460 26.814141 56.938006
942.234633 544.911044 26.479877 57.427241
941.884787 542.589164 26.809892 56.129126
942.445960 540.470460 25.454695 56.282950
941.149187 537.750745 26.101330 57.213006
940.969086 535.211738 26.348269 57.295878
940.449893 533.229717 27.053580 56.265757
941.423044 530.447185 25.700931 57.184564
940.534809 528.005689 26.394118 57.342089
939.860785 525.846939 26.813209 58.122332
939.727259 523.627260 26.632630 57.320940
939.365977 521.293060 26.183131 55.811873
939.649019 518.713726 25.876304 56.987439
939.657235 516.133156 26.143451 56.399636
939.237645 514.029075 26.171415 55.947209
939.141545 511.525938 26.546350 56.529028
938.979627 509.596052 26.369707 55.863451
938.785454 507.112661 26.566081 55.693450
938.818071 504.484063 26.074185 56.178245
938.205686 502.486094 26.393169 55.368588
938.474547 500.331496 25.707932 55.698849
938.680548 498.253364 25.543527 56.934675
938.428553 496.299970 25.531604 57.114478
938.661442 494.741887 24.929281 56.307624
938.166209 493.021397 25.550776 56.877058
938.835043 491.362120 24.704882 56.500867
938.555600 490.374780 25.199762 56.773452
938.351111 489.996496 25.156468 56.565012
938.749513 490.864967 25.110061 55.262469
938.559100 490.760552 25.179160 55.889315
938.718248 491.107432 24.913731 54.891341
938.929541 492.707697 24.491005 52.932964
939.161155 493.104210 24.291329 53.447080
939.026870 493.470384 24.935997 52.698067
939.011387 494.241672 25.148117 51.252444
938.903565 493.729405 25.624251 52.180854
938.885997 493.615667 25.835070 50.794839
939.008869 493.596252 26.098327 50.884209
939.276889 492.465936 25.706972 53.122156
938.028613 493.444267 26.948429 52.425490
938.164878 492.086333 26.176956 53.179550
938.133864 490.573240 26.930898 54.971336
937.980447 491.398886 26.588926 53.495360
936.488405 490.482786 27.735276 53.791516
935.208113 491.036248 27.574106 53.066051
933.231647 492.450683 28.602150 52.260612
931.595009 493.228678 29.647700 51.660582
930.867741 493.241286 29.277543 52.786800
930.538092 493.655014 29.205052 52.608312
929.979462 494.712213 29.149750 52.139534
929.039645 495.090156 29.497819 52.676463
928.491786 496.023254 29.206851 52.568180
927.979475 496.901391 29.334339 52.685669
927.715446 496.736870 28.966534 54.210749
927.379782 497.035819 28.822475 53.704859
927.039559 497.459141 28.722444 54.619938
925.975174 498.072000 29.449991 53.617628
925.760441 499.647296 29.178162 52.864004
925.560896 500.188382 29.357289 53.016785
924.879021 501.709097 29.143638 52.213005
924.519574 502.842060 29.637174 52.255085
923.557616 502.904257 28.708351 53.836513
923.108610 503.567971 28.960226 54.537131
923.118042 504.065720 28.388101 54.751074
922.605491 504.744388 28.787528 55.187165
922.526157 505.901469 29.112533 55.185105
921.263036 506.608699 31.360548 55.266807
921.678352 506.856847 30.294808 56.331037
921.535093 507.856845 29.757917 56.114877
921.948727 509.296870 29.722338 56.148346
921.264832 510.008968 30.011051 57.097552
922.092315 511.032348 31.232203 56.768830
921.859667 511.813247 30.961610 57.103161
922.077130 512.869985 31.168004 57.931223
921.939249 513.519542 30.180384 59.306136
921.534813 514.940044 30.422331 57.974937
922.135517 516.497202 29.867898 58.284891
921.302750 517.869996 30.718610 57.736259
921.717850 519.076883 30.340846 58.257490
920.976637 520.308647 31.074092 58.445206
920.479594 521.538659 31.886540 58.239395
920.487516 523.268033 32.346432 59.023551
920.516900 524.455408 31.786357 57.311192
920.255900 525.459627 32.573645 59.697093
920.171758 526.680335 32.360871 58.798851
920.554236 528.127689 32.400825 59.029488
921.107571 529.224644 31.613056 58.237968
920.438148 530.016658 31.870742 59.830548
920.633326 531.060456 32.091761 59.604844
920.816623 532.394795 31.814196 58.450356
920.580475 533.245546 31.661095 60.894100
920.342284 534.042591 32.133750 61.040712
919.841052 535.088584 32.072914 61.839019
919.847504 536.721995 31.246924 61.161962
919.530417 537.513418 31.395681 60.447140
919.387427 539.237949 31.607993 61.316958
918.906369 540.220745 31.319855 60.720225
918.828523 541.303489 31.241425 60.229633
918.310657 542.579590 32.237379 61.357388
918.584101 543.370571 31.436805 62.021661
918.659091 544.499070 30.804103 61.661491
918.759749 545.451692 30.696023 59.383993
918.967341 546.294693 30.341595 62.106532
918.095596 547.078683 30.591546 60.007754
917.985479 547.948282 30.537433 62.409082
917.977508 549.084822 30.804778 60.291971
917.479525 549.956241 30.581030 59.389648
917.215028 550.817228 30.148605 60.012383
917.239751 551.738635 30.060220 60.033577
916.379869 552.679510 30.046102 60.092686
916.740314 553.481516 29.993011 59.606503
915.419186 553.923606 30.758376 59.891144
915.326220 554.801191 30.187543 58.223057
914.968633 555.540548 30.620440 59.072374
914.607480 555.983297 30.863795 59.351355
913.908744 556.342068 30.962402 59.774273
913.800297 557.374973 31.545265 59.467513
912.825704 558.257254 30.719669 59.442873
913.131076 558.623216 30.391820 59.767671
912.131117 559.302102 31.151881 60.527509
911.646293 560.160902 30.862589 59.189658
911.205403 560.421868 31.175415 61.044035
911.737301 561.500549 30.626409 59.372633
910.559447 562.161592 29.952996 60.310310
911.161014 563.000509 30.653399 59.833443
909.807256 563.901014 29.980016 59.998553
910.357027 564.923617 29.361200 59.326807
909.390500 565.849425 29.779329 59.767976
909.096628 566.505835 29.412882 59.722504
909.181561 567.426261 30.356085 59.379839
907.911307 568.161598 29.869955 60.425483
907.131075 569.302135 31.880896 59.111326
906.748770 570.059902 30.270155 59.925357
906.704882 570.663471 31.467649 59.168045
905.705589 572.146675 30.584329 60.171694
906.265214 572.418701 30.213826 59.185309
905.229422 573.141857 30.144054 59.701299
905.286610 573.983316 30.898728 58.959538
904.114286 574.699216 30.498585 59.843843
903.948972 575.699249 31.108289 59.815275
903.659377 576.520120 29.954950 59.791548
902.399499 577.279827 31.138416 60.048496
902.582643 578.019904 31.530171 59.611341
901.487782 579.089127 31.170897 59.825867
900.824051 580.257287 32.799213 60.448133
900.608014 581.527571 32.448804 59.618665
900.302141 582.223440 32.606257 60.079813
900.375016 584.091934 31.395832 60.221423
900.191171 584.741880 32.533855 60.066215
899.183650 585.665736 31.920477 60.709145
899.539971 587.024538 31.751803 60.031749
899.633301 587.921557 31.312673 60.404244
899.523528 589.040612 30.556283 60.779080
899.071121 589.837600 31.176519 60.303086
899.034558 590.921546 31.120909 60.404244
898.310639 592.001012 31.325811 61.406050
898.576703 593.403638 30.391094 60.107251
897.875678 594.481535 31.347343 60.897121
898.269000 595.283463 30.873594 60.974841
897.513017 596.277477 30.535307 61.077220
898.031581 597.318182 31.316671 61.472349
897.804376 598.363076 30.401332 60.895695
897.980177 599.361038 30.904648 62.109480
897.205731 600.126863 30.446684 62.297893
897.159666 600.933818 31.660388 61.996169
896.809511 601.755869 31.370942 62.875008
897.050967 603.032482 31.300285 61.732242
896.993777 603.851325 32.260627 63.027533
896.284287 605.211851 31.377337 62.955945
897.416979 605.696637 32.119805 64.060678
896.956877 606.663392 32.145042 64.243333
897.556539 608.269203 32.618686 62.846784
897.697080 609.253273 33.020973 63.125639
897.734560 610.331125 32.353285 64.006357
898.975855 611.557643 32.302025 63.137479
898.765481 613.191854 32.422186 63.072276
899.343257 613.962065 33.342500 63.025468
899.371152 615.082547 33.147763 62.912835
900.343275 616.331138 32.654860 63.361532
900.987043 617.532448 32.929864 63.640296
901.610399 618.430267 32.001417 63.806600
902.343258 618.750570 31.666496 64.179110
902.863107 619.275717 31.600853 63.189948
903.617505 619.084986 30.759391 63.462547
904.711931 618.665708 31.731970 63.951946
905.258535 619.178053 30.985119 63.331789
906.347016 619.399592 31.647094 63.426115
906.911486 619.649160 31.889569 63.252254
907.728191 619.570779 31.679619 63.524799
908.696422 620.263834 31.592927 64.024499
909.660252 620.570741 31.609190 63.672367
910.258549 621.005758 32.050785 64.131923
911.210306 621.557211 31.917367 63.650118
912.046095 621.658252 31.691699 62.706026
912.779779 621.713602 32.299624 63.813101
913.305743 621.632311 31.667059 62.967231
914.595438 621.476698 31.592003 63.543232
915.441945 621.196087 31.552190 63.023250
916.630902 621.314161 31.515292 63.870185
916.775049 620.816899 31.095132 63.200237
917.815629 620.796506 31.988754 64.658465
918.742523 620.658151 31.434003 63.426269
919.701608 620.368387 32.100478 64.098436
920.061697 619.902641 31.512858 63.521551
920.801662 619.417043 32.721120 64.570480
921.864006 619.522095 30.689624 63.965118
922.559931 619.402431 30.905994 63.684089
923.345768 619.468458 31.217700 63.500813
924.381606 619.281463 30.968403 63.119377
925.034169 618.852320 30.955180 64.036415
926.373544 618.710443 31.157564 63.398280
927.201864 618.687549 30.995389 63.782007
927.984401 618.173961 31.099714 63.528723
928.887195 617.643918 31.147721 65.002796
929.284309 617.168343 31.784871 65.731033
930.897720 616.827688 31.866001 65.293487
931.779564 616.474283 30.449371 64.506752
932.165800 614.462273 31.635264 65.038712
933.073848 612.878996 31.838329 65.884666
934.177127 611.692611 32.258113 65.593862
935.395386 609.974161 32.463452 66.146985
936.893498 608.342526 33.177560 65.728581
938.375958 606.932484 32.658266 65.673228
939.417153 605.088519 33.451023 66.908475
940.692014 603.606163 33.773680 65.810005
942.114051 601.929635 33.761058 66.275700
942.963119 600.446303 34.775952 65.581921
944.109362 598.677981 34.927899 65.325533
945.148635 597.129363 35.651735 63.886808
946.494718 595.289786 35.948270 64.946188
946.268403 592.739376 35.257019 66.748929
947.003409 591.164213 37.480937 64.997046
948.257182 588.828294 36.878856 66.749627
949.957102 586.869149 35.545584 65.437680
950.928857 584.763505 34.764350 64.954372
951.573402 583.220309 35.990463 66.617768
952.338773 581.131052 37.823542 66.569387
953.669641 579.005871 35.921534 67.059374
954.376245 577.848532 36.613687 65.914650
955.823213 576.159172 35.907764 65.150171
956.546512 574.237185 34.946927 65.486650
957.329663 572.363390 34.363524 64.213097
958.512469 570.951830 33.765437 64.727582
959.589100 569.441204 33.991443 62.987548
960.788511 567.849108 33.893209 63.623241
961.939325 566.292410 33.371307 64.275636
963.201127 565.519553 33.217546 62.431253
964.343242 563.737217 33.536919 62.428536
965.230473 562.947588 32.889830 63.165915
966.321196 563.280915 33.417416 61.910357
966.191633 563.710056 33.786236 62.473991
966.226635 564.577520 33.881568 62.117607
966.727550 566.063863 35.436311 61.095290
968.034609 566.643419 33.966248 60.862541
969.207531 567.462015 35.307704 60.617594
969.455410 568.007936 36.442914 61.310658
969.612162 568.819275 38.646811 61.733967
970.962952 568.948107 38.654423 62.304131
971.503053 570.263438 38.324816 61.737644
972.789597 570.435548 39.143116 62.483833
975.003425 570.544483 37.075996 62.354806
976.172435 571.045003 37.434551 62.220327
977.523459 571.620816 37.483474 61.823831
977.438689 571.836363 38.202182 62.911483
979.747126 572.048632 37.420211 63.095555
981.271165 572.401034 37.236082 63.396222
981.774087 572.272779 38.034472 62.826953
982.942043 572.980175 37.915839 62.960262
984.274886 573.155883 37.241488 63.686762
985.480964 573.916602 37.180806 63.419101
986.480942 574.980187 37.083728 62.929990
985.913450 575.405855 38.849381 63.385344
987.628859 576.028886 37.902337 63.037684
987.687150 576.663329 39.690185 64.172190
987.555740 578.045001 39.598466 64.188340
990.720862 579.087100 38.961027 63.460223
990.885910 579.879708 40.229955 63.569893
993.834515 580.384105 38.583483 63.486392
996.662735 581.019511 35.606605 63.956829
998.155495 582.203324 35.834695 62.601110
1000.085129 582.726930 35.259035 65.028811
1001.030687 583.429122 34.894668 63.582762
1002.047607 584.726927 36.458521 62.726873
1004.077252 585.201202 34.686858 63.759208
1005.435542 585.922354 34.658267 63.374988
1007.491083 587.040735 33.763008 63.720437
1008.939325 587.684065 33.610154 63.981101
1010.435051 588.830346 34.064430 63.623617
1011.368917 590.424936 34.786266 62.636124
1012.253248 590.450293 34.764887 64.771661
1014.375897 591.154164 33.104022 64.653246
1016.395367 591.892490 32.249842 63.924969
1018.958824 593.112416 31.937016 61.913493
1020.286203 594.269077 31.557872 60.512231
1021.669151 595.423019 31.279677 60.254264
1022.433637 596.539959 31.700460 60.635850
1022.530409 597.680306 33.711750 61.730521
1022.602870 599.388777 35.534275 62.904663
1021.487295 600.552926 37.027826 61.933492
1022.442901 601.559880 38.873383 62.157713
1021.521926 602.656833 41.357289 63.142681
1020.043649 603.461642 43.069637 67.054628
1022.778920 604.833040 42.697087 66.005551
1024.677037 606.452686 42.190813 66.907095
1025.465123 608.082158 41.833792 67.645208
1028.555792 607.476573 40.494862 68.795485
1027.813738 609.403157 41.534727 72.401403
1029.960089 609.938787 39.685138 73.321316
1031.125643 611.584680 40.763533 71.333556
1032.349824 611.448529 41.050610 73.741948
1033.973590 614.323831 40.550031 70.298898
1033.125499 613.566306 42.807364 72.005460
1036.639893 613.901347 40.568851 75.866078
1034.745797 616.445541 42.677556 73.002963
1037.842478 619.262340 39.347622 71.545510
1039.096601 618.843054 40.271278 69.459868
1040.090660 619.374632 43.272965 71.838597
1040.172478 620.268108 42.997582 73.159865
1042.116377 621.614388 42.562161 72.368977
1043.885543 620.770430 41.578315 73.287976
1043.958814 621.905517 41.997951 73.522453
1045.474430 622.366453 41.992023 78.470497
1046.847554 621.542592 41.141952 78.281745
1047.385347 623.748218 41.753785 82.025133
1048.245333 621.519705 41.899157 82.220023
1049.400690 623.657208 40.350583 79.117359
1049.776192 624.879230 40.534279 77.386762
1049.913620 625.799236 39.539265 80.643357
1050.592165 626.588579 38.040059 78.633139
1049.637031 629.347093 38.772110 77.978964
1050.462240 626.936792 40.249833 77.416713
1049.520456 629.076630 39.641669 77.869213
1049.967170 628.154130 39.660438 75.352736
1048.450069 628.553241 41.357440 80.096816
1048.063409 628.825194 41.347255 77.920070
1048.338437 628.368460 40.455286 78.030553
1047.091464 629.633321 40.787489 72.029490
1045.517720 628.734603 41.288545 74.685639
1044.284345 626.000196 40.491647 73.902663
1041.668521 624.445542 42.937251 75.441883
1039.553453 621.694195 42.889120 72.485487
1035.719300 619.613879 43.091790 72.222922
1032.436923 616.350330 42.876118 72.939283
1030.791976 612.890151 42.441703 74.244593
1026.418630 610.260180 43.625722 72.552954
1024.085454 606.410443 43.058530 76.030775
1021.988876 602.522058 39.571535 72.375070
1018.886642 600.406006 40.010422 69.880692
1015.104538 597.483596 41.030803 70.360160
1013.513668 593.946143 40.388831 70.322045
1009.573019 590.855531 40.742985 72.948678
1008.828623 588.199317 38.714138 68.096640
1003.865392 585.556815 40.673344 68.021557
1002.386144 582.542793 39.136866 67.695158
998.579841 579.581809 39.795051 69.650078
995.977164 576.715641 39.410533 69.600617
993.811221 574.051364 38.822577 67.345039
991.058676 570.851632 39.199304 65.609725
990.318509 567.618834 39.362080 65.336255
989.179300 564.506964 40.305896 65.203654
987.847702 561.168982 39.938136 66.781022
987.578583 557.823848 39.055049 64.701306
987.707872 554.917331 38.405387 63.704912
986.737462 552.159820 40.041100 62.493480
986.070064 549.065401 39.859424 63.638549
986.464143 546.513934 40.008978 64.059113
985.499534 543.248675 40.275535 62.436009
986.230541 540.577489 40.172351 62.011765
985.694710 537.928281 40.958087 62.403681
985.743981 534.702632 41.115879 63.406891
985.584854 532.084984 41.633568 63.347084
985.275008 528.803245 42.097082 62.225279
985.147467 526.767155 42.630747 61.444885
985.218189 524.357477 42.189606 62.017114
984.767738 521.715959 42.252769 61.918195
985.054984 518.992500 42.974300 63.310595
984.906739 516.116534 42.768526 64.016026
984.353400 514.342029 43.406453 63.696276
984.510208 512.006927 43.178285 64.137545
984.392511 510.027456 44.449532 64.864791
984.470263 508.102697 44.158583 63.670942
984.108936 505.794279 43.937092 62.702306
983.527171 503.365021 44.370090 63.406626
983.417771 501.603037 44.334330 63.476717
983.622935 498.614469 43.914283 63.687983
983.465767 495.747417 43.900890 64.963064
983.811260 493.548340 43.460493 64.719657
984.200887 492.218614 42.791513 64.160103
983.752256 489.817435 43.228894 63.915831
984.040432 489.215994 42.438589 63.507055
984.168925 486.589860 43.208634 63.350969
983.918485 485.367124 42.428974 62.838253
983.626957 482.948590 42.740862 63.966381
983.209030 480.761282 43.306378 65.055921
983.265214 481.249548 43.165550 63.285736
983.281276 480.693161 43.922325 63.670860
983.416608 481.157482 43.164477 62.787985
982.785878 480.757692 43.906712 64.285111
982.937200 481.369104 43.462059 63.715240
982.485892 481.152636 43.071357 63.613031
982.425360 481.152056 43.225421 63.150899
982.592609 482.335169 41.754863 61.308268
982.022943 481.149171 43.063493 62.634274
982.311074 482.453987 42.258873 62.048831
981.528195 481.710436 43.465590 62.780210
981.810910 481.922169 42.890826 62.840651
981.484301 482.044870 43.679730 62.390612
981.594233 482.818342 43.374434 62.173605
981.698112 482.190815 43.021890 63.519897
981.664016 482.879924 42.932470 62.240295
981.293651 483.212634 43.960687 62.528765
981.544888 482.973028 43.686860 63.141387
981.461557 484.021899 43.174287 62.128402
981.197070 483.363655 43.660415 63.439141
981.248989 483.806615 42.930831 62.081441
981.369204 484.065146 43.846570 62.765009
980.991348 483.910181 42.864232 62.721749
981.098175 483.190792 42.759274 63.397377
981.097588 484.108220 42.160528 63.594808
981.051363 483.243864 42.833727 64.100209
981.207366 484.276955 41.785434 63.694483
981.308015 484.492629 41.455401 62.790602
981.364809 484.858215 42.069094 62.819255
980.919308 485.816043 42.297567 62.085421
980.969344 485.232099 42.012232 62.695796
980.734440 485.899436 42.834962 62.806871
980.816258 487.213005 41.716948 62.565519
980.499558 486.934759 41.986907 63.031350
980.580193 487.575672 41.155477 62.540391
980.584237 486.905775 41.915109 63.296969
980.275020 488.765502 41.993436 62.559637
980.641064 488.874717 41.106253 62.933353
979.672154 489.183627 42.373890 63.156188
979.721770 489.227906 41.913343 62.895995
979.922511 489.454993 41.341779 63.226476
980.039498 489.649175 40.878709 63.621165
979.662551 488.852411 41.563300 63.578136
979.650187 489.485184 41.644081 63.727965
979.274988 488.427128 42.438820 63.458036
979.381865 488.989580 42.109505 64.103999
979.324726 488.338686 42.081807 62.551286
979.686834 487.218607 41.585911 63.230521
979.156854 488.295203 42.189243 63.253330
979.400825 487.444558 41.701315 63.204476
978.895456 488.211618 42.791805 63.617424
979.405450 488.360231 41.572386 62.675429
979.029289 488.607136 42.404692 62.763268
979.133175 488.277354 42.212923 62.793540
978.990750 488.396240 42.277674 62.421294
979.595152 487.419616 41.518090 63.208484
979.364783 487.789882 41.907962 63.387062
978.823805 487.926982 42.470462 63.195221
978.721735 487.190286 42.459645 63.314797
978.769030 487.706293 42.814585 62.912487
978.555681 487.038683 42.731973 63.244537
978.197023 487.101445 42.931487 62.433927
978.556822 485.920651 42.506309 62.964531
978.470556 486.690884 42.689551 62.370241
979.319272 485.559078 41.581701 62.564969
978.044025 485.607145 43.181825 62.488536
979.002829 484.951431 42.086618 62.398548
978.828584 484.361790 42.100594 63.415658
979.098163 484.472946 41.691018 63.423061
978.743329 483.965115 42.103945 63.129018
979.204926 484.522905 41.376587 62.507713
978.157222 484.297696 42.754941 62.038702
979.044125 483.404871 41.537388 63.341965
979.248976 483.297018 41.318541 62.540742
978.866806 482.990997 41.734137 63.563444
979.659846 482.318510 41.430466 64.325985
979.700642 482.013487 41.480738 65.060585
980.127956 481.386388 41.733362 65.438266
979.775222 481.573891 41.686951 64.621213
980.471758 481.582831 41.203490 64.488983
980.516514 481.243881 41.533066 64.712796
980.826943 482.221691 41.405484 63.764852
980.603556 480.879628 42.486762 64.304332
981.763042 481.281855 41.725489 64.886638
980.869800 481.182261 42.477649 62.530345
982.766403 480.274558 40.058589 63.847651
982.538401 479.553015 41.637973 64.685526
984.036460 478.799043 39.840775 64.810019
983.960329 478.241011 40.786999 66.407036
984.306706 477.707854 39.949770 65.210724
985.506022 475.707973 40.181252 67.029274
987.114494 475.638459 38.752966 67.344400
988.156520 472.977233 38.546232 67.618764
988.392401 474.714445 38.967616 67.020416
988.404258 473.019089 39.580891 68.217345
990.046397 472.559373 38.216510 67.887159
990.570541 471.087947 38.636333 70.976525
991.800862 467.981954 38.148374 73.179409
991.920412 466.367396 39.550329 75.679096
992.390873 468.759382 39.318466 73.350203
994.182647 470.208617 38.261372 72.234255
994.152930 472.166130 39.147772 69.844754
996.009271 472.829944 36.794416 69.896681
996.711357 474.226708 37.504256 69.206606
997.626694 473.323911 37.612867 70.648775
997.724089 472.694050 38.125375 71.769498
998.626759 473.993554 37.416600 70.323362
999.805177 474.770855 38.012363 71.754330
1001.613561 473.867849 36.863500 71.589990
1002.813328 474.542740 36.602085 72.829112
1003.512856 475.680586 37.352576 71.238973
1004.435335 480.621293 36.772973 68.061866
1005.875478 479.164249 36.144059 70.606745
1006.212632 482.079911 36.937937 69.052417
1007.420706 484.300253 36.699452 68.228946
1006.700017 486.340472 38.319474 68.015767
1008.584968 487.701542 37.192273 67.217802
1009.373872 489.119041 37.589491 67.342469
1010.628066 490.441878 37.096050 67.102658
1012.086831 491.685772 37.260830 67.725961
1012.357125 493.208528 36.692703 67.916368
1014.039156 494.441874 36.952506 67.883045
1014.583742 496.036508 36.820969 68.379503
1015.875439 497.539981 37.018331 68.551931
1016.752491 499.820040 36.857592 67.808257
1017.628073 501.839628 36.645611 67.387136
1016.419666 503.601810 36.607527 67.414565
1014.780727 505.558229 36.730687 66.676406
1010.772531 507.790959 37.386098 66.294897
1007.666981 509.015178 36.868431 65.659480
1002.709066 511.509124 38.002204 66.574617
998.071037 513.447899 38.291951 66.583060
995.331221 515.253784 36.370073 65.744673
988.919899 517.516001 37.263020 66.544680
986.037504 519.705792 36.538928 65.573730
979.713826 521.949899 38.830069 66.294936
976.976507 523.619408 36.948920 65.635318
973.257849 525.657150 37.116386 65.454712
970.438212 528.115799 36.319410 64.772224
969.709995 529.623047 35.264480 66.826216
969.544028 532.391148 35.117198 66.244435
970.906563 534.262718 34.716195 65.258221
971.885629 535.928615 34.626668 65.310001
972.534067 538.668067 35.412393 66.472440
973.563369 540.758461 35.091854 65.940215
974.880757 543.737882 34.976580 66.733933
975.444351 545.970950 35.278643 65.952465
975.935465 548.170184 35.094993 65.061631
977.730383 550.789656 34.602371 66.515940
978.369391 552.895388 35.058322 67.366932
979.442141 554.847095 35.103342 68.387204
980.442059 557.124175 34.690591 68.176949
981.877372 560.133129 34.425559 65.744243
983.649870 562.371040 34.043537 66.662304
984.724499 565.691220 33.740161 64.762533
985.589121 567.698029 34.212114 66.917500
986.804782 569.810268 34.949492 67.222767
988.062191 573.648180 34.245672 64.624102
988.815242 575.739391 34.095844 66.386753
989.488327 578.212172 34.588385 66.494944
988.006076 581.719147 36.877367 64.303358
988.728675 582.752196 37.025566 66.945644
988.748427 585.338486 37.645404 68.271824
990.005644 589.025699 37.402835 66.270653
990.386342 590.470240 37.664057 65.585646
992.253507 592.651830 36.688865 66.448575
992.420798 594.666753 37.616864 66.696589
993.416271 597.085745 37.666022 66.931082
994.126545 599.941387 37.988418 66.272111
995.585427 601.797037 37.425367 65.127641
996.877587 604.526239 37.099197 65.751276
997.505207 606.292508 37.676693 65.995504
998.213059 608.421772 37.515412 66.284873
999.793526 611.296750 37.477340 64.030846
999.981028 613.859003 38.555838 64.875427
1001.505197 615.693828 38.369520 64.224512
1002.477528 617.217123 38.181583 65.082730
1004.498435 619.964348 37.100170 65.005321
1005.307505 621.551882 37.622888 64.701710
1007.093209 623.467597 37.139825 64.260839
1009.261766 624.665159 35.948447 65.204325
1010.058745 625.962542 36.742812 65.149413
1011.541668 627.425002 35.818705 65.463034
1012.546501 629.241372 36.278770 66.139027
1013.420098 630.542852 36.861680 65.177313
1014.759813 631.479918 36.589281 66.154720
1014.860600 633.257788 37.822741 65.155840
1016.175865 634.257754 37.243642 64.718246
1017.057548 635.551869 36.986434 65.368097
1017.242375 636.738769 37.687576 64.887829
1018.314761 637.752105 38.292343 65.166126
1019.173889 639.228618 38.416821 64.752663
1020.347368 639.971672 38.379313 65.293737
1021.497151 641.102416 38.411695 64.568987
1022.560827 641.863923 38.508328 64.803482
1023.770588 642.209003 38.505804 64.558714
1024.631398 642.581884 38.792733 64.185834
1026.877568 642.755746 37.704354 65.257012
1027.631304 642.629678 37.623237 65.601416
1027.736567 642.943004 38.301117 64.855493
1028.433179 643.009729 39.308665 65.470230
1030.126508 642.767181 38.288610 65.194255
1031.673209 643.076306 38.176177 65.061780
1032.756930 643.164844 37.570726 65.159442
1031.961374 643.333179 39.292884 65.024046
1034.862443 642.807735 37.441120 65.865054
1033.612140 642.539574 39.521538 65.505672
1034.571787 641.879652 39.593674 66.105758
1034.716784 641.610962 40.020890 65.623894
1035.359316 641.929553 39.650260 65.180588
1034.823872 640.579040 39.900232 66.562043
1035.242036 640.571340 39.735545 65.811375
1034.906565 640.987333 39.270987 64.318604
1034.612166 640.196097 39.666747 65.289353
1033.905637 639.744425 40.388219 65.186302
1033.654738 639.221459 39.826076 67.004047
1032.135913 638.384045 40.443872 67.123606
1031.805063 637.980938 39.876098 69.550565
1030.411644 637.533173 40.499993 68.651604
1028.980468 637.524095 40.908051 68.942695
1026.645906 636.849503 41.175806 67.803900
1024.627705 636.329141 41.028194 69.353803
1021.095412 635.578454 42.203513 68.917876
1017.910106 635.459938 43.034833 69.360876
1015.560353 635.005021 42.066439 69.253280
1011.883633 633.735277 42.480389 70.220480
1009.344857 633.264629 42.177051 69.552898
1006.784676 632.614441 41.078423 70.043121
1003.979366 632.172104 41.817665 71.473916
1000.531334 631.299374 42.050576 70.633972
998.422538 630.582915 41.909662 71.384098
994.683875 630.196666 43.000578 71.209851
992.161315 629.904818 42.538772 70.593576
989.400195 629.230900 42.161331 70.938133
986.844175 628.572471 41.819696 70.126928
984.192726 628.158377 41.997978 70.899550
982.164927 627.230896 41.571341 71.486920
978.079325 626.685694 43.336835 70.666213
976.284680 626.091028 41.983076 69.815438
973.759148 625.480026 41.854240 70.895645
969.837242 624.617203 43.205747 71.040789
967.922706 624.324605 42.216567 71.606585
965.911662 624.050856 42.077946 69.376571
963.140793 622.967545 42.537277 71.466108
960.688077 623.006597 42.579682 70.088297
958.680296 622.162897 41.778073 69.746914
955.252528 621.672699 42.906927 69.125397
953.232293 621.039227 42.675171 70.634716
951.842676 619.781185 41.454781 70.378490
949.791164 619.600128 41.979919 69.165405
947.082037 619.185775 42.720971 71.315637
947.016275 618.496386 40.556644 69.369093
943.897082 618.089264 41.532680 68.490798
942.929617 617.454524 40.927807 68.745743
941.551327 616.777220 41.254542 68.899662
941.122852 616.621984 40.989418 68.903002
939.490651 615.462224 41.481968 69.962858
937.968060 615.402516 41.699155 69.200860
938.077974 614.212740 40.321021 69.380550
936.863107 614.015116 40.225199 69.327289
934.894228 614.133498 41.171562 70.280163
934.435865 613.870013 40.689659 69.991724
933.598591 613.723632 41.173063 68.805031
933.827390 614.096536 40.121839 68.576190
931.997695 614.016280 40.917123 69.376951
932.328634 614.095700 40.430093 70.049261
931.434491 613.723632 40.377116 68.579327
931.071212 613.430259 40.120945 68.681842
931.193875 613.264250 39.338040 69.140813
929.722426 612.761130 40.147815 69.383448
929.431065 612.747942 40.303653 69.282196
929.625907 612.724147 39.708725 69.470105
929.424601 612.969895 39.607744 68.390953
930.013084 611.568012 38.431001 69.474311
929.877099 611.716144 38.860600 69.199420
929.535608 611.467240 39.072455 69.443883
930.707142 610.640205 37.708297 69.212828
929.672442 610.193778 39.044606 67.501822
929.758193 610.064570 39.689495 67.677183
930.302171 609.582969 39.842512 68.087723
930.148635 609.416835 40.114285 67.909723
931.347388 608.350643 39.734745 68.176182
931.869013 607.757495 39.295291 67.705843
930.936652 607.522473 40.831259 68.167328
932.417399 607.008451 40.320028 67.567081
932.165229 606.488569 41.430413 67.862197
933.215828 606.290304 40.183892 68.120740
932.862597 606.182877 40.674582 68.661940
935.035892 605.984855 39.083854 67.431534
935.348156 606.159299 39.680293 66.892964
936.483667 606.318453 40.524339 65.818189
936.517330 605.953475 41.000191 66.876286
936.105170 605.672197 42.502274 64.559127
937.398575 605.604963 42.808825 64.373988
937.278663 604.730795 42.783217 65.743843
938.007913 604.605982 42.800208 64.419711
938.983161 603.909119 42.105751 64.999746
939.183117 603.753135 43.826149 63.435693
940.130043 603.240645 43.309512 63.985252
941.237670 602.143871 43.828445 64.682871
943.239467 602.117515 42.265034 64.186186
943.873467 602.324998 40.804538 64.120156
944.951964 600.695020 39.561068 65.826127
945.174807 600.131747 39.143224 65.729409
946.508339 599.447205 38.458784 65.760566
947.711658 597.609624 37.684814 66.303745
948.879049 597.285362 36.687299 66.076491
947.893350 595.349904 37.171612 64.959404
950.220272 595.651866 35.964167 62.660307
949.886310 593.466195 37.149448 65.800875
949.649868 592.156203 36.704975 66.121917
948.297483 591.723703 36.508142 66.847075
947.190605 588.690159 37.018019 68.587935
945.815233 588.871571 36.715467 69.197855
944.314343 588.087966 36.477762 68.932460
941.298554 589.898364 37.709357 66.569640
939.218172 588.393497 37.560405 68.122486
936.364912 587.684074 40.493628 66.285560
933.931787 588.227029 40.153135 65.973150
931.468102 586.689790 40.436592 67.010578
929.143819 586.965881 40.325344 66.353021
926.649907 585.431448 39.669326 68.150467
924.695687 582.874177 39.773696 69.779736
921.399585 584.445820 40.157196 67.231019
918.674163 586.245676 38.098969 65.360831
915.162146 585.993463 39.922549 64.602744
911.943121 586.747332 40.854819 64.521092
908.550665 585.404708 42.248928 65.675363
905.499156 585.282379 42.997736 65.162357
901.964717 585.696273 43.328136 64.720184
898.933515 585.346065 44.123145 66.096545
895.271547 585.952024 44.136886 65.437630
892.162268 585.308155 43.396498 67.530438
888.834853 585.147237 44.194027 66.004948
886.088292 585.186657 43.623574 67.250816
883.635281 585.632709 44.027134 65.782593
881.245056 584.864372 45.511911 67.689171
879.899442 584.532824 45.620333 66.273388
878.035017 583.877920 47.058023 68.163489
876.277620 584.124560 47.391023 69.799481
875.851644 584.068701 45.887686 68.683949
873.429616 583.677552 45.099922 69.631454
871.820501 583.813470 46.210137 69.655046
870.716875 584.432282 46.698015 69.700369
870.539739 584.348748 46.236732 69.499891
869.423030 583.893462 46.663018 72.199754
868.492857 584.365805 47.321781 72.032899
869.123403 584.819757 45.199626 72.810510
869.088033 585.598769 45.855974 72.076099
868.233780 585.740411 45.959466 71.783491
869.160848 586.371894 44.444507 73.157335
868.666066 587.637969 46.372148 73.104725
869.071553 589.382153 45.888666 74.245066
869.586734 591.070442 45.601044 74.814709
870.477850 593.262588 45.921324 74.364814
872.549522 595.643421 44.177463 74.131137
872.718646 597.800292 45.196195 74.751443
874.842558 599.669410 43.656721 74.699461
875.800617 601.820581 43.372594 75.066040
876.411285 604.255124 44.043335 75.191441
877.723418 606.220779 43.697548 74.484056
879.470961 608.563573 44.036877 74.361193
878.678354 610.658471 45.691350 73.900410
881.301963 612.602466 44.746091 73.409416
881.843332 613.891206 45.424879 74.667662
882.593818 616.166665 46.014497 75.051448
882.754762 617.970159 46.872824 74.392033
883.598860 620.018419 47.797172 73.001211
884.206068 621.968361 48.698925 72.591912
886.167217 623.968335 47.166153 73.100985
887.905645 626.019697 46.347841 72.371122
888.370553 628.588428 46.623656 71.834588
891.376082 629.705842 44.466551 73.272153
892.599919 632.189206 44.382822 71.624780
894.292378 634.032371 44.230215 73.138141
894.877648 636.046342 44.781863 72.750438
895.681779 637.431428 45.897685 73.257687
897.772011 638.196868 44.908058 71.639122
899.322913 639.175632 43.969118 72.141303
900.331051 639.523733 44.653422 72.713785
900.852801 640.925790 44.240101 71.652584
901.259637 641.446169 45.124073 72.446972
902.459556 642.030065 45.477091 72.200028
903.110811 643.540483 45.321706 72.452159
903.505539 645.068681 45.142946 71.544600
904.444956 645.456392 43.506539 72.229125
904.946200 646.518887 44.031836 71.611428
905.262710 647.613960 43.108147 73.231027
905.477091 648.177939 44.099986 71.005631
906.367362 649.262202 42.079321 71.636098
906.380680 650.011463 42.007970 71.693339
905.997663 650.771695 42.734290 72.628733
906.318755 651.880150 43.637919 71.388153
906.397859 652.745377 44.184501 71.349914
905.875694 653.340144 44.717895 72.769417
905.914867 654.128083 44.784849 70.866103
906.315674 654.567324 44.252172 71.494196
905.859649 655.094948 44.758990 71.589176
906.291508 655.066179 44.443009 71.411244
905.960699 655.178171 44.698379 72.401710
905.739122 655.706960 45.186252 71.697097
905.108451 655.950251 45.791534 71.626373
904.828516 656.201426 45.922499 73.363328
905.585160 656.688444 45.293598 70.397817
905.640427 657.520262 45.412910 73.252655
906.929365 657.971824 43.500536 70.943624
906.292788 658.068856 44.810371 73.242149
905.545416 658.988154 45.622058 72.667684
906.800848 659.130313 43.933408 72.405799
908.762400 659.028684 42.988075 72.172396
907.959729 659.217904 43.648620 73.715537
907.535256 660.005551 44.212839 73.488216
907.254900 660.260560 44.260812 73.247981
908.139217 661.005557 43.887850 73.134426
907.447651 661.065897 44.983554 75.127217
909.848062 661.566927 41.756466 72.564775
907.762507 661.507460 44.343801 75.739767
910.193666 662.537695 41.516786 73.844967
910.013237 662.031607 42.016329 74.376559
909.806824 662.753327 42.946528 73.974432
909.832312 663.070307 43.497637 74.387853
911.612815 663.159996 42.011892 75.843206
912.627993 663.421877 42.084477 72.810458
912.496130 663.651943 42.511313 73.584484
913.102411 664.040742 41.551091 73.891374
913.642465 664.210201 41.344315 73.023556
915.192823 664.334724 40.324681 74.650587
915.606369 665.150955 41.431966 73.632199
915.074568 665.427385 42.729431 73.774045
917.179433 665.978784 40.939866 73.223891
917.871152 666.185927 41.781251 74.585592
919.041028 667.202774 41.370089 71.998297
918.733301 666.831445 42.350244 73.488377
920.300614 668.204678 41.357305 71.270913
920.959998 667.915520 40.857620 74.525192
921.931823 669.093614 42.136402 70.526429
921.286642 669.247244 42.683139 73.835641
923.179443 669.447170 41.693621 72.613757
923.605341 669.630295 42.452489 74.820714
925.152518 670.055512 41.232074 73.176494
924.670496 670.161064 41.695181 72.686156
924.790229 669.760862 41.676485 73.570189
925.978035 669.414637 40.443438 72.684004
926.018438 669.081719 41.189967 76.947591
927.220012 670.071302 39.867593 73.395576
926.373248 669.881682 42.552092 77.627173
927.941595 671.084588 40.843839 73.116372
927.429723 671.996114 41.961158 76.168205
928.137568 672.344680 40.901517 72.277403
928.511415 672.305469 40.747079 74.449945
928.978064 673.514326 40.851840 72.963603
929.548710 673.596220 40.658186 72.421243
929.348495 673.642701 41.293569 72.092654
930.272296 673.354960 40.704112 74.506826
931.390901 673.261934 40.726333 73.591179
931.217559 673.911485 41.097818 71.845162
931.936684 673.915517 41.238431 72.604524
933.238514 673.571292 40.587367 72.343789
933.534672 673.742153 41.469556 73.053366
933.837967 673.961543 42.065971 72.713861
934.510341 673.402373 41.960866 73.659304
934.873471 675.023464 41.372823 73.104352
934.357092 674.457650 43.295257 73.561875
935.371022 674.296918 41.745880 73.458361
935.849575 674.577225 42.695379 73.032502
936.308213 674.084081 42.376157 73.184169
937.040432 673.591958 41.997882 74.306347
937.355415 673.551616 42.221805 73.895493
937.037041 673.728143 43.293949 73.092520
938.006955 673.475677 42.592746 74.216890
938.658046 673.458674 43.288528 75.460893
939.743407 673.025525 42.232835 76.037004
939.897229 672.820603 42.971956 76.582034
941.013988 672.837227 42.501137 75.788890
941.630849 672.994348 42.594558 75.767180
942.612796 672.242288 42.311273 76.339505
943.647676 672.451333 43.093246 76.094571
945.062179 671.494177 42.968251 77.300516
946.611158 671.302357 42.115133 76.837048
947.838857 671.316764 42.624755 75.783312
949.565592 671.685090 42.167306 76.473802
951.220000 671.501862 42.009108 77.102195
952.729112 672.516049 42.439718 75.654390
954.384008 671.447543 42.055234 75.855974
955.612803 672.659943 42.955691 76.778882
957.522808 672.071781 42.352932 76.304397
958.551615 673.650929 42.371354 75.171088
959.827329 673.163796 41.771859 74.589501
960.948427 673.323323 41.842110 74.404401
962.362952 673.144733 41.565313 76.367703
963.893376 674.159991 41.030962 74.725442
965.352330 674.793467 41.229508 74.245592
966.808171 673.429095 41.468888 75.324597
968.130791 674.019746 42.255426 75.761202
969.337308 674.601525 42.548710 74.432742
970.827329 674.484396 42.016815 74.305834
972.087263 674.526315 42.346605 74.873319
974.059998 674.612601 42.657243 73.968305
976.133350 675.003725 41.850324 74.538343
977.503964 674.603468 41.555118 74.668905
979.087263 676.324594 41.566757 73.341590
980.516542 676.850251 41.870614 73.984225
981.948429 677.360886 41.760052 74.305295
982.831897 677.170322 41.958543 75.657683
984.008286 678.659912 41.783297 73.833830
984.737307 679.808151 40.999192 74.011296
985.700199 679.795946 42.222287 75.357670
986.121875 680.437880 42.329776 76.008831
987.089672 681.579660 41.875247 75.038077
987.753191 682.070323 42.011791 74.529448
988.298865 682.374167 42.255705 76.174471
988.313171 683.019994 42.885980 77.903456
988.640872 685.168279 42.860634 78.128172
988.665731 687.591466 42.964605 78.362308
989.102505 689.870460 42.631500 75.775281
989.484588 688.124884 42.402989 77.817003
989.500434 690.822631 42.592156 78.650665
990.205890 693.444903 41.730674 78.721916
989.962577 692.297798 42.360390 80.545214
990.552836 694.323038 41.516884 80.140466
989.447926 693.510246 42.840457 82.003900
989.722051 695.574173 42.245182 81.126117
989.625860 697.221499 42.406636 80.202587
990.504138 696.287578 41.689704 81.224856
990.013071 695.536426 41.835954 81.552915
989.675209 698.143539 41.758567 80.680079
989.745895 699.428872 41.136071 79.111023
991.592143 698.964596 40.167991 79.231273
992.150492 700.677870 39.487609 75.541447
989.068823 699.511232 41.524158 76.810428
991.265455 702.798921 39.067406 75.591045
989.594045 703.634838 38.755600 73.350191
992.101311 700.351679 37.064644 76.404293
990.996726 702.401973 37.463279 77.248334
991.199588 703.256612 36.497097 74.735294
988.435901 701.008084 38.569558 78.162269
988.642722 702.824024 38.512869 77.742901
987.308166 701.410477 38.641589 77.176803
986.879079 702.703014 39.025968 78.681463
988.197075 703.851516 37.149607 76.033894
986.773113 703.985856 38.027614 76.348518
986.192810 703.636016 38.557848 76.533987
986.208086 704.359941 36.755188 74.145984
984.503438 703.587230 37.634598 77.684320
984.481864 704.642879 37.481175 75.660775
982.726222 704.212684 38.419232 75.873142
982.731590 703.901837 38.214202 75.917148
979.995416 704.636102 39.822635 74.589649
979.288241 705.502361 40.034127 74.014698
978.718403 706.598394 39.043402 74.605895
977.735608 707.017970 38.405431 73.812115
977.572929 707.837173 36.624001 74.178268
976.791467 708.892621 36.518977 72.625910
974.734070 709.809393 37.709663 72.031453
973.717418 710.217865 37.326193 73.444613
971.783952 711.359517 37.017341 72.638810
971.231221 710.814600 36.512948 73.935470
969.025537 711.133925 38.058569 75.006587
968.399493 711.579397 37.203217 74.822661
966.882355 712.341881 38.082138 75.501884
965.782691 712.865849 39.032436 75.986710
966.199574 713.897740 38.662504 75.327001
963.349036 714.406870 41.179855 75.685559
964.826775 714.612591 40.038564 76.676508
964.419038 715.510068 41.421398 78.440801
964.717414 716.706453 41.479699 75.527425
965.827358 717.412494 40.502464 75.997906
965.057076 718.399563 42.187163 76.658634
966.823903 719.796926 41.944990 74.978784
966.642060 720.019800 43.390018 76.123725
968.823217 719.967627 41.322805 76.269983
968.418822 720.267262 42.416209 78.208822
969.800404 720.941409 40.389569 80.388597
970.028622 721.988715 41.193339 78.448837
970.681882 722.390488 41.940287 79.733717
971.302178 722.907940 42.100535 79.267037
971.915279 723.166165 42.646066 79.907405
972.400655 723.668364 43.262071 79.911627
973.161156 723.791584 43.498742 81.411485
973.317993 724.037817 44.027387 80.641654
974.220357 724.470055 44.550034 80.798755
975.237634 725.184256 45.215981 81.654917
976.483468 725.555747 44.998638 81.065598
976.990541 725.736695 45.852770 83.443754
977.972276 726.736550 45.269817 82.852740
979.240073 726.901053 45.193323 84.281564
980.329069 728.135072 45.290556 83.235803
981.961298 728.940520 45.449736 84.718447
982.650785 729.712917 46.007742 83.449113
983.869670 729.719641 46.840200 86.611188
985.201531 730.443196 45.768394 83.738899
985.818706 730.890906 47.582768 84.094647
986.476110 730.963462 48.339968 85.382800
987.919946 731.297387 47.440447 86.213607
988.775177 731.723033 47.833316 86.084874
989.702385 732.384964 47.864745 84.391625
990.785347 732.361952 48.572491 86.797410
992.325720 732.348868 49.004784 87.107846
993.243762 733.336633 48.902431 87.616181
994.537617 733.816689 49.176337 87.127441
995.934040 733.970875 49.491383 87.354197
996.731930 734.371182 49.660716 87.448717
998.533416 734.161614 49.081938 87.163557
999.630426 734.267762 49.359168 87.471774
1001.333766 734.041375 48.718594 86.426691
1002.705834 733.513443 49.836582 85.669559
1004.543410 732.543607 49.730518 85.879343
1006.271093 732.171260 49.027684 84.812497
1007.811356 730.869748 49.831716 85.391345
1009.051738 730.141593 50.056178 86.168599
1010.767694 728.914716 49.881708 86.777283
1012.069116 728.401059 50.501966 86.760034
1013.649770 727.138578 51.567923 87.968529
1015.472634 726.324185 50.009542 87.373026
1016.705657 725.720556 50.761482 86.488116
1018.425570 724.282015 50.775485 87.429829
1019.868416 723.446771 51.975276 86.519354
1021.719738 722.302841 51.339513 87.089231
1023.023249 721.120926 51.606318 87.640936
1024.585318 720.438349 51.037628 87.552932
1025.776456 719.521650 51.349909 87.443082
1027.947971 718.521650 51.605789 87.689966
1029.585325 717.276978 51.859990 89.130016
1031.242484 716.322035 51.298180 89.136046
1033.167995 715.447013 51.314613 89.177577
1035.088053 714.540544 51.663512 89.125769
1037.280596 713.228021 51.929929 88.815474
1039.111542 712.102408 52.028485 89.189526
1041.299571 711.221697 50.911380 89.603633
1043.088096 710.353305 51.805562 88.938627
1045.392843 709.102386 51.537340 90.445496
1047.841115 707.840164 51.783749 90.641763
1049.528269 707.399285 51.541298 90.358138
1051.785545 707.249455 51.625035 89.140942
1053.771271 707.281372 51.440763 91.847758
1055.758368 708.698764 51.538975 89.924316
1057.921459 710.921821 51.433858 93.657600
1059.623566 712.854063 52.502919 95.711801
1061.573395 717.309998 52.673059 95.451511
1063.657515 719.915979 52.302023 98.317077
1065.056252 724.481857 52.907932 96.791903
1066.596907 728.656193 52.794392 95.654480
1068.641199 732.718910 52.076591 95.614901
1068.553918 736.357641 53.857932 94.690858
1070.221780 741.351760 53.867048 96.142700
1071.526649 744.336941 53.174472 95.701641
1072.576791 749.480010 53.242420 94.290826
1073.568766 753.484144 53.355299 95.162434
1074.299716 757.190808 53.778748 96.726093
1075.941783 761.249797 52.238148 93.486871
1076.664606 765.072872 53.453242 96.395921
1077.955776 769.373751 53.446085 94.795223
1078.669825 772.718891 54.075868 95.709766
1080.031826 775.941573 53.889002 96.932405
1081.538133 779.663094 51.820258 94.061664
1082.078139 781.852227 52.818085 92.466241
1082.965331 783.813065 53.068027 92.243264
1084.439205 784.506873 52.160490 90.053053
1085.608355 784.736377 52.291574 92.084944
1086.552900 785.077069 51.795079 91.380337
1087.841701 785.019652 51.450666 91.466075
1088.786764 784.895727 50.116139 91.670764
1090.455312 785.312104 48.175407 90.085276
1091.366436 785.723988 47.396050 88.992041
1092.373946 786.128069 47.673811 88.403931
1093.499217 785.515570 47.708110 87.947198
1094.867476 784.661010 46.653288 89.085372
1096.659998 785.582027 45.164476 89.642980
1098.378784 785.334299 45.371694 88.204089
1099.562379 783.622824 45.135968 88.830251
1100.145842 783.749559 42.986683 87.571583
1101.615068 782.240092 42.213205 87.449561
1102.718920 781.119874 41.427706 84.970525
1103.017001 779.868268 42.076215 85.149501
1102.988223 778.444046 44.071784 83.390785
1103.467486 777.460450 43.796901 81.961844
1103.904225 776.396469 43.142323 81.566597
1105.097740 776.335156 43.172611 79.398059
1105.696788 775.603294 42.833282 78.125839
1106.159070 774.986747 43.159457 77.772839
1107.060978 773.967895 43.613287 78.697661
1107.794875 772.599797 43.300290 78.800994
1107.368814 770.817099 44.293954 77.644876
1106.593704 769.797880 44.289757 78.235811
1106.009203 768.910648 44.026875 77.814436
1104.530787 767.372958 44.841188 77.088283
1103.663020 766.348295 44.658380 77.249292
1102.504283 764.787450 44.542023 77.351047
1101.184719 763.835177 45.572296 76.576093
1100.264878 762.122671 45.414336 77.389346
1099.231438 760.948185 46.156193 76.314906
1098.479508 758.609150 45.788531 76.802296
1098.331524 757.285440 45.040817 76.274965
1096.915243 755.293829 45.968299 76.624197
1095.637265 753.235702 45.935439 77.759147
1095.038186 752.150639 46.422975 76.159575
1093.854435 750.695182 45.692733 75.765841
1092.675640 749.121937 44.564136 75.345456
1091.469755 747.409725 44.231545 75.502673
1090.469737 746.326999 43.989977 74.806333
1089.146532 744.592899 45.051685 75.681870
1088.033415 743.151407 46.312152 76.342325
1086.088888 741.135787 47.681210 76.926100
1084.430423 739.225403 49.604568 77.381762
1082.955456 736.489248 49.446325 78.918797
1081.417253 733.370487 49.275203 80.295085
1079.319478 731.371165 51.584775 79.741684
1076.696120 729.335084 53.936914 83.632631
1075.016376 725.924772 56.217600 85.881690
1073.472834 723.336559 57.630768 87.218745
1071.077216 720.886683 60.822168 86.618415
1068.654807 718.483118 62.841276 87.892307
1066.230966 713.788870 62.983069 95.988601
1064.256778 712.461292 63.874128 94.440423
1062.719750 709.402850 65.809980 95.970983
1061.338806 706.664397 64.254261 96.039405
1060.612723 703.666499 63.623554 96.427786
1059.194535 701.016531 66.683689 98.412455
1059.593854 698.310647 64.635774 98.593914
1060.522512 695.548930 63.253622 100.417580
1060.851488 692.947549 60.402456 99.223421
1062.295005 689.483987 61.615144 100.168283
1064.247135 688.379246 61.055878 95.893605
1064.700040 684.586274 61.850863 96.194774
1065.580014 681.707462 61.139174 97.079215
1066.762313 679.323159 57.101793 96.224323
1068.831635 675.906213 52.859357 95.755771
1068.826159 673.779279 51.125688 90.776563
1069.828229 671.229977 50.363697 91.160428
1070.137678 668.898173 50.959253 90.756487
1071.809102 665.469833 49.076910 91.629684
1071.087539 662.479595 49.908935 92.437448
1073.062497 658.785262 48.845842 95.768795
1074.881387 657.621334 49.630601 93.202731
1075.021019 656.424121 52.039256 92.990947
1074.864376 657.448550 53.845180 88.533967
1077.528271 655.142035 52.553800 87.244168
1078.590215 652.956934 50.496625 86.562556
1080.679416 646.201129 48.930588 89.745325
1084.387805 645.992550 48.283893 85.710068
1088.306485 641.571472 43.783213 86.592164
1090.615069 640.779067 41.080349 85.738258
1091.499929 641.060949 39.524910 82.519597
1092.728427 638.670197 39.342627 80.537344
1093.444089 634.065691 39.184309 82.991425
1093.856764 635.212315 38.535444 80.364038
1094.190847 632.062621 39.839705 78.502733
1095.770059 631.250702 38.446374 78.080382
1095.910102 625.600306 37.672560 79.785249
1097.291608 627.408906 37.430781 76.208533
1097.714734 623.377341 37.056423 75.294813
1098.698201 615.929802 37.985857 78.608269
1100.310016 610.937948 39.785092 79.380207
1101.867408 612.077686 42.670717 77.627153
1103.357785 614.191385 45.064521 71.595386
1104.261514 607.813249 47.127100 74.740812
1106.164766 605.385542 46.379778 74.007671
1108.154764 601.261143 49.094080 71.328900
1110.401825 598.990196 47.977383 72.961742
1111.961612 597.437386 48.367053 72.205266
1112.880508 596.717878 47.881832 69.386979
1113.122542 594.183413 49.537510 72.842813
1116.375996 593.563599 46.397240 73.760700
1119.973374 596.298912 48.635172 75.268938
1125.960948 598.948204 43.503162 76.846235
1127.497121 604.789725 49.876399 75.117772
1130.398091 607.163548 47.274189 77.295812
1125.199207 611.461024 55.339582 76.159492
1118.628074 613.707433 52.988614 78.732764
1109.247717 620.453314 53.987125 77.741670
1097.764945 622.235863 57.760609 80.176160
1085.998868 628.376448 54.711016 78.715896
1079.611176 631.487459 53.365330 78.779131
1064.706530 632.896939 51.608678 83.765601
1054.500521 638.202621 52.604647 77.601824
1044.253645 641.090419 48.068513 80.100236
1035.217949 646.869696 43.649763 79.001342
1020.982575 653.202021 45.375096 75.356322
1004.504562 658.488991 47.751452 74.957549
989.229578 664.773499 48.346287 72.072263
968.471314 666.470349 50.108393 71.043653
939.008396 672.235518 51.744945 74.403738
906.306629 675.846454 42.398832 75.505237
868.860031 679.361209 39.979743 79.713035
826.105733 685.307625 41.553407 78.592954
783.941415 690.113014 42.254505 79.274092
743.020068 696.429288 43.460001 78.694736
704.004898 702.291554 39.097578 79.741895
667.628703 708.724964 41.658436 78.855881
634.667102 714.199200 42.948401 81.273845
610.169809 720.703904 38.927427 82.271062
583.596097 725.341356 38.367928 83.729557
559.070795 726.656008 36.539905 87.928925
536.074403 730.678253 36.509880 91.771329
515.641192 739.626430 42.012434 88.565883
498.648122 752.335944 42.447526 82.224081
483.694130 756.744690 41.359066 80.211945
474.440772 766.093875 44.192685 79.199921
468.524631 773.956561 41.877885 81.616992
465.876106 782.568091 42.235580 77.797292
469.205301 789.699665 39.662631 81.995139
472.182988 796.935174 39.931715 84.132963
475.426325 804.744563 40.504830 86.795004
478.590395 813.010351 40.743706 86.413573
481.583044 821.848423 40.785440 89.341775
485.070069 831.875390 39.975693 89.543792
488.462348 841.109072 41.280769 98.833552
491.193344 850.474546 42.477893 98.283799
494.202670 858.692205 40.579900 99.183843
496.850348 866.466364 42.174428 99.401352
500.169268 876.010707 48.427237 99.633327
502.914675 885.716354 47.104443 97.504946
505.547877 893.431494 40.352875 97.281285
508.149314 900.095601 50.588231 98.534685
510.325831 904.267414 56.674593 97.767926
509.312501 908.592583 69.742607 95.434863
512.662674 911.011138 69.407125 95.062841
519.100038 913.555465 66.133364 96.070414
520.743182 915.278051 67.425907 95.400313
523.224639 917.477983 67.489223 92.544783
525.626317 918.259736 66.675438 92.313481
528.585437 919.904007 63.283772 91.860965
531.182187 919.356818 58.461168 94.390931
529.865252 921.016097 59.930887 94.703801
533.757470 919.668285 55.358429 96.396641
535.669605 918.576153 53.137631 98.893878
539.179066 917.246962 48.287529 101.775831
539.463245 913.768786 48.208175 106.155373
538.663216 913.727011 47.114360 108.085345
537.914535 912.096430 47.418726 111.651585
536.508376 922.093392 47.943319 102.831973
534.537154 923.204845 50.744032 103.293647
531.823122 925.031764 56.616708 104.206218
527.504320 926.250781 63.153662 103.858364
522.996378 926.782395 66.399818 104.871781
518.310495 926.768957 68.847395 106.217381
513.461665 926.435701 71.097516 107.814279
507.362737 927.627315 74.693947 107.336683
501.236574 926.992581 74.783677 108.929907
495.335212 926.855202 77.480536 109.989856
490.591785 926.019883 76.735939 109.676592
487.224850 925.847127 75.044455 109.454172
484.681667 924.611682 72.765125 109.775683
481.504118 923.519072 69.560477 110.347753
476.431323 924.593985 67.733874 107.812576
470.362937 924.149744 66.384201 107.224412
464.324098 924.515539 65.408612 105.556325
457.558765 924.269977 62.586134 102.583354
451.249975 924.459813 59.879440 102.599159
445.430900 923.900889 63.677962 104.520827
439.168188 924.221346 66.926648 105.412468
432.516577 925.377197 70.896533 105.493299
425.495132 926.266182 70.413491 105.377083
418.399794 927.090800 70.486039 105.623239
410.722393 927.145191 70.539880 107.092114
402.915703 927.153045 71.423883 107.453881
396.511634 927.107128 71.123056 106.607164
393.081355 927.178963 65.453040 104.386822
390.021274 926.415407 63.652770 102.728281
390.507932 925.307864 59.280523 101.031290
390.727031 924.759202 55.113122 100.215344
390.309502 922.800078 53.795976 98.445772
390.799268 921.339969 52.915952 98.472189
390.002996 920.732399 53.942673 99.312791
389.198725 919.151508 56.647741 101.816426
389.488708 917.239456 56.109391 104.546039
389.725507 915.956973 55.300211 105.199319
387.751628 914.970066 54.993950 105.443844
387.648407 913.927690 59.182359 106.663959
388.676193 912.514869 57.927621 108.722274
388.279916 911.093779 59.525270 111.486068
387.638743 909.187662 58.681679 113.604752
386.567511 907.984725 60.244470 114.192611
384.974343 905.218654 60.864006 116.191738
383.609939 903.092247 60.203638 116.223537
383.123443 901.460153 59.024315 115.126304
384.417657 899.349895 55.808678 114.382943
386.223423 897.724090 54.358338 111.075855
387.845648 896.941781 53.641944 108.213681
389.709550 895.014867 52.948349 106.501547
390.236858 893.575635 53.362298 105.069927
391.045941 892.327838 54.470876 103.341991
391.797019 891.628536 55.275597 99.740976
394.562631 891.022363 54.653437 98.041531
397.235067 889.948395 59.422678 97.678966
399.755747 888.595850 64.579924 100.150163
401.741042 888.544220 70.834741 101.621983
402.213356 889.336718 73.434245 102.775398
403.735440 890.035797 74.111092 102.414259
404.351838 891.281399 75.250984 101.421837
405.109438 891.265135 76.145192 100.592187
406.593193 890.590773 76.069521 100.868136
407.829090 890.908455 73.087507 99.339129
410.447202 890.276615 70.816817 98.185922
414.736001 890.119355 67.541680 96.539771
419.899572 890.931316 63.481026 93.220860
425.200502 891.350425 60.244989 91.915683
431.454460 891.202363 55.571030 92.159410
436.834508 888.238855 54.693634 94.918313
440.463269 888.795319 57.192748 95.356544
443.807136 888.951046 61.264767 97.669830
446.081749 889.418532 63.204394 97.810574
448.457506 890.609736 52.654493 96.558798
452.109857 892.479601 52.489110 95.541884
454.554395 892.286230 59.683742 95.821588
456.211884 892.360086 65.433968 97.113125
457.996315 891.382319 68.198858 99.689694
456.908293 890.531238 73.328279 102.287978
456.384337 888.958648 79.548178 105.213828
457.737542 887.441683 80.313546 108.607367
458.910235 885.894924 81.827476 110.418066
459.249314 890.427897 86.076514 105.615795
463.824884 888.519375 84.943297 105.962664
468.272026 887.384884 75.553648 107.893658
471.181180 892.298479 69.856527 104.277832
478.244832 895.512669 62.521487 100.626047
484.464012 900.195516 58.369638 96.346027
488.660291 892.840481 62.123642 104.267774
494.254115 897.999973 69.839242 100.710341
497.279271 899.130968 70.894077 100.761163
501.348548 900.490960 65.722306 99.391567
504.184184 902.406105 60.007589 97.878292
505.750912 911.094471 62.443718 88.692275
506.256978 908.887538 68.500717 90.447887
506.927411 911.671171 73.056388 89.139168
507.392171 909.673953 75.700830 91.430184
507.880328 910.999687 76.749775 91.164332
508.978514 906.802258 75.772308 96.835941
509.581369 908.140398 74.955755 96.210304
511.699575 912.869003 73.396941 90.452478
513.530370 913.950746 72.391509 87.344739
518.891229 910.711962 68.405120 90.293839
523.884657 912.575564 64.483404 88.638005
530.359211 908.665292 60.874762 91.567790
536.758356 902.998162 55.830539 93.060861
542.643218 892.588926 53.548071 95.094266
537.566571 871.886267 60.662007 102.936645
534.732166 855.349343 66.926376 101.774947
553.014845 832.035895 49.921590 102.259224
555.217937 800.792190 47.930020 108.367836
556.143184 773.176202 53.894161 109.811213
557.078119 742.278729 60.102933 115.179216
557.281113 713.307206 66.496791 119.446161
560.665090 695.123050 67.087270 114.307964
561.022242 667.812713 69.067271 120.328160
561.420840 652.786786 73.014106 114.532174
563.165604 637.887570 70.193145 114.513902
565.164989 626.270463 65.301768 113.983589
570.770979 624.100747 62.124044 109.840450
576.050926 625.484142 58.813151 102.040850
582.736126 626.082053 56.636229 97.280925
589.445085 614.205848 50.377858 105.278407
597.112947 620.903878 49.020177 95.615613
599.858696 615.166337 52.794251 98.083857
604.487280 616.985962 50.227379 95.129697
606.334788 616.516651 53.167687 92.828354
606.869333 616.979809 58.851489 92.939555
606.328481 616.180870 44.853058 93.917976
608.697835 616.590807 57.995273 92.096863
609.672793 617.765485 46.868602 91.968858
610.111494 617.399380 60.123470 92.974974
609.789407 614.434531 59.092538 97.083974
611.656983 612.393339 64.323489 97.955414
612.484408 614.302385 65.935219 94.783538
615.602604 612.519998 76.411183 94.622817
621.323275 614.422194 71.733302 89.737254
627.584862 614.846321 69.246046 86.168141
632.091738 609.196267 65.321504 90.048735
637.579645 607.882451 62.332497 91.755525
640.914093 607.949967 60.606466 91.635920
656.566228 606.277794 48.150555 93.419684
661.044803 604.702495 48.376343 94.017498
663.883430 603.954879 45.930676 95.352887
666.861238 601.862120 48.384573 97.818279
671.936675 600.238794 49.436698 99.470938
675.178248 602.256425 58.317827 97.361806
678.374472 599.905445 61.177098 101.227574
678.797850 599.870843 70.021997 101.291049
678.727733 599.384455 72.416858 102.719339
680.853198 598.192244 73.642326 103.151543
681.913407 598.170053 74.739037 103.008057
684.486733 596.584536 76.424291 103.682785
687.502009 593.327857 73.664055 105.344631
691.946499 594.150984 71.042514 102.348875
697.178176 593.185992 65.890829 100.254103
703.345362 590.621613 62.549420 100.223714
710.708614 590.215043 59.253306 97.546936
719.766806 589.681485 55.459826 95.249024
714.594088 578.040476 63.900248 105.499730
733.647314 587.867200 49.023470 95.477017
725.907049 570.605154 59.903620 110.982827
738.073861 569.954105 54.712224 108.448320
743.075357 570.466157 56.651325 105.916450
745.061220 568.532654 63.957123 106.454253
746.394897 572.113111 70.803033 102.290002
748.199033 567.562305 74.637861 106.152935
749.630439 575.942088 75.657930 96.779733
751.191088 572.717398 78.227528 100.137941
752.887026 576.451912 77.924003 95.811380
754.294313 576.682306 79.344789 94.562307
758.210244 579.113448 76.438338 90.196983
761.521087 579.631620 77.585777 88.834543
769.308533 579.631620 72.050150 86.848025
775.280405 578.897400 68.269182 86.909607
782.388200 576.965817 64.207133 88.929407
790.878804 575.873750 61.754518 89.706078
799.291725 576.187033 61.348518 89.541289
799.990938 571.543113 60.220326 94.804667
811.106662 572.168455 51.550978 94.194311
815.403557 571.311685 53.234581 94.829133
818.946094 572.061272 55.665963 93.875816
823.118363 572.169458 60.284573 93.773828
823.644354 570.953490 67.899666 96.241594
824.220893 570.803408 72.164168 95.796340
825.226645 570.153827 74.791982 96.733480
826.478654 569.889667 75.263859 96.470645
825.207184 569.445534 76.847740 96.411706
825.120808 569.375467 76.395889 96.303426
826.642432 568.786491 74.183021 96.320610
832.999530 566.585419 68.632100 97.523076
832.492313 566.412086 68.825105 96.666675
835.893164 565.185616 66.508110 96.554263
842.320264 563.931575 57.893040 97.260774
847.040868 563.384688 54.880891 98.899498
851.681061 562.352639 51.478365 99.533603
854.885318 562.339250 48.755989 100.602733
856.269224 562.241436 49.358270 101.022150
855.766609 562.847229 50.018661 101.087929
853.316138 561.782209 55.121743 102.159786
851.742824 562.416672 62.547446 100.658185
849.139081 562.489997 69.319190 99.254107
844.827827 563.707237 74.356708 97.349289
841.779382 563.642258 77.397458 97.556497
836.585569 563.886374 80.750584 97.833318
832.577711 565.761306 82.963736 96.698487
828.680725 566.241940 87.204908 96.608947
827.008649 566.841192 86.487668 95.411359
825.262721 564.422638 81.628081 98.866773
827.985196 565.130504 76.688957 99.984048
829.593202 565.169136 71.164038 100.161951
831.454912 565.823429 64.159858 100.438165
835.033325 566.485673 63.570481 100.613177
837.563488 565.037058 55.084234 102.993071
841.686520 566.744353 49.122492 101.561010
841.362064 566.346574 53.237246 103.349735
841.714012 567.068942 52.347838 103.750215
840.430536 569.320504 56.731181 103.832911
839.739735 569.647152 55.314511 103.919692
838.044481 571.258926 63.507660 103.603385
835.945555 573.831615 67.741977 103.547622
832.902456 575.416908 72.933388 104.164501
831.476577 575.805422 75.303079 104.538689
828.399752 574.204673 76.930791 109.326799
826.137364 576.065599 77.179160 108.768566
823.877522 577.134221 78.814382 108.728103
822.775919 578.426505 78.552693 108.786685
822.859814 579.856974 77.468816 107.183073
824.753759 583.518346 72.995731 103.656387
827.103952 582.388642 68.182662 103.939908
831.578863 582.024378 64.781658 103.434145
835.939005 580.713566 61.132975 104.770091
838.689568 579.954656 63.341007 104.946488
840.547854 580.643056 65.006364 104.992366
839.777472 583.016378 67.664161 103.186003
838.534747 584.229634 66.521921 102.798979
838.745724 582.756405 62.659616 102.988652
841.742920 582.885561 61.678028 101.578308
840.726780 585.153260 66.932245 97.982833
839.760783 586.400490 71.934864 98.017956
838.180929 589.550829 77.359110 96.421936
836.824307 589.297512 79.216660 97.755105
834.098765 589.398743 80.834780 98.195413
831.139168 588.305900 81.616705 101.336626
829.693418 592.230564 81.716897 98.143344
828.988485 594.246817 81.619029 96.239785
830.766112 595.770375 80.707593 95.416233
832.657983 596.607687 76.523517 92.947179
836.033968 595.010114 67.045216 93.896297
838.484984 592.955885 63.362160 96.559218
841.971188 592.986101 58.565500 97.659031
844.342508 593.924129 56.088938 98.536040
849.303704 591.035251 51.249606 102.911396
851.764292 593.600252 51.401397 102.483320
852.942684 592.764620 51.320369 105.792532
851.639555 595.034028 53.941552 104.621669
850.161526 598.753871 55.940667 103.515647
848.743016 601.546694 59.105588 102.018692
845.464152 603.471081 65.961749 102.410370
842.448097 603.520126 69.933694 104.621105
839.140348 602.362777 73.360125 107.419863
836.977996 607.130507 74.037984 105.030572
834.709168 608.759689 75.987400 105.064610
832.609067 608.568616 76.446574 106.340518
832.147178 610.965344 75.506243 104.051276
833.896337 613.475228 71.597285 101.570329
835.555429 612.717906 65.221320 102.194139
837.188575 612.684235 65.385726 102.738406
841.939005 610.827489 61.715571 104.655621
845.410422 610.367678 63.216336 104.646470
849.535032 611.753636 61.330992 103.473332
847.790807 614.803382 61.705111 99.058827
846.573227 613.036720 62.855945 100.141419
845.642247 614.417894 59.229101 98.055509
848.308522 615.325244 60.630378 96.811296
846.883744 614.962116 68.651889 97.781440
840.236795 615.363411 79.878741 99.813243
840.601577 618.978802 81.835954 96.971778
840.325896 617.508992 82.051795 99.935028
840.498770 618.710634 81.119470 99.273816
839.911552 620.245295 81.005628 98.185882
840.015673 622.041837 80.498161 96.447510
840.466743 623.380752 78.508464 94.214014
843.386356 618.646344 72.151812 98.509584
847.640724 622.146898 67.342267 94.585103
850.674241 619.863658 66.663057 96.621895
855.218629 621.778906 58.957977 96.012755
859.720910 622.297758 54.646108 97.232709
863.149412 620.735399 52.160872 99.666692
864.565077 622.778859 52.953070 98.926553
864.881086 623.931185 49.717886 99.909714
865.059480 624.062106 50.475421 101.050074
863.546560 624.674830 55.900606 101.220344
861.576391 625.512535 60.021871 102.159838
859.069079 625.662747 65.414956 104.299023
856.363551 625.250828 69.270874 106.714495
854.292617 626.605235 71.102468 106.555066
851.771851 625.517678 73.603076 108.508455
852.304156 620.418282 73.034606 113.995398
854.715994 625.772298 71.780287 109.517702
855.268451 624.374526 72.281563 110.632900
858.079729 626.485908 72.578581 108.951030
863.041377 625.600181 66.729776 107.477966
861.013127 625.132082 68.904154 105.917299
870.460569 624.872687 67.433981 103.776660
864.955340 624.541644 74.355500 102.523096
865.959420 623.173305 74.657157 102.221894
871.540558 623.085497 71.867659 100.704138
885.602032 623.465900 59.858778 99.230580
891.198017 624.033307 59.971882 97.272452
893.078409 622.514133 67.101798 98.622398
893.491828 622.591063 72.389471 99.021116
894.996776 622.510606 75.579056 100.544983
895.794321 622.540114 76.772575 99.951362
896.334972 622.932240 77.793274 100.190248
897.225395 623.426769 78.900970 99.543479
898.241636 623.750346 81.182169 98.807898
899.922600 624.104818 76.801925 96.733146
904.169205 622.920902 72.411049 96.360628
909.235652 623.038356 66.747054 93.775749
916.009059 622.339507 60.135952 94.532030
921.560296 620.333891 56.603872 96.892640
927.163494 618.976541 55.910325 98.899611
933.851699 620.167288 48.013721 98.304475
938.130752 618.844036 46.995942 100.584901
937.845567 617.543655 48.802814 103.112207
938.380719 617.795651 48.938797 103.439040
938.920710 616.841760 52.469385 105.161198
939.130328 617.630452 58.764677 105.497908
938.121096 618.292537 65.805105 107.242554
938.280404 617.618210 65.739291 108.471519
937.206309 618.776755 64.971657 109.225450
937.853288 620.052513 62.882040 107.643438
936.143642 619.543597 69.322858 110.399704
937.637336 622.076137 68.658050 107.347016
938.283505 621.389100 69.046394 107.262650
942.087714 619.436885 65.645934 108.462829
945.711700 618.684204 61.491780 107.932658
951.051686 617.926716 59.191902 106.815433
956.445133 616.592880 53.669321 106.506123
961.780074 616.322174 52.251795 105.728860
965.659906 615.956745 51.839693 105.854610
966.726331 615.223921 51.753232 105.822531
968.323511 615.697116 53.762636 104.716570
969.214100 616.941245 57.526599 103.655846
970.269446 618.182391 62.263472 102.267089
970.423333 619.252763 69.606652 99.840366
969.568393 619.422401 75.828329 99.748834
968.503530 618.775068 78.170709 100.222381
967.495417 619.148286 79.899970 101.103112
966.298671 618.815210 80.481852 102.448053
966.724202 619.785445 79.134752 102.611229
967.062393 618.138660 79.205035 104.614206
968.466810 621.275116 76.906366 103.031176
973.021465 619.931708 72.784875 104.299936
976.997044 622.505012 67.739146 101.529318
983.186160 619.284881 61.697373 105.567535
988.014343 618.926513 61.368044 107.147207
992.698425 611.618525 55.389578 114.573455
996.107234 612.318389 55.733066 115.155734
997.298420 614.603303 52.698475 113.407077
997.185699 614.267544 53.622325 113.935756
997.475978 615.074180 55.435281 113.196385
997.288561 614.071061 58.296994 114.380140
995.155388 614.103069 61.102677 115.054895
992.066233 610.763466 65.246010 119.130444
989.714582 609.946451 66.713112 121.196517
988.239110 609.172438 67.523685 122.039097
984.410461 608.220125 72.034487 123.869964
982.465406 610.212577 71.546521 120.428679
981.189809 610.605810 72.138927 118.715679
983.205806 609.671818 69.281849 117.965974
983.976561 608.829907 67.650908 117.128917
986.731080 608.583318 64.860316 112.944979
988.124852 607.177308 62.886189 110.969792
988.890250 607.474328 60.026986 108.643178
988.432734 606.495596 58.268196 106.749585
987.496599 606.253208 58.688759 103.730910
986.044680 606.031636 58.521266 101.834547
983.388909 604.003614 58.939521 102.677933
980.768944 602.676522 64.321069 104.724034
978.430015 602.165392 68.809065 103.686163
975.944992 601.011944 71.068976 104.492454
973.175073 599.641925 74.383380 106.674468
971.067971 599.782149 75.744550 105.552548
970.775189 598.034269 74.775351 105.721492
969.273632 596.979460 74.759330 105.539712
970.186162 596.212181 71.979486 104.462693
971.214969 595.317667 67.751642 100.272775
973.906969 593.643027 63.797697 98.740377
976.517941 594.152453 60.554891 95.517795
980.483863 590.128825 57.055268 96.274457
982.464578 588.670241 54.293238 96.599264
986.991399 585.922642 51.166949 98.558801
988.870249 584.016515 50.709966 99.918804
990.884813 582.323056 51.886433 101.030911
990.086375 581.458788 51.678515 101.268307
989.274249 578.841572 54.946676 103.588884
990.088674 577.869784 55.295235 103.807068
991.693897 576.511045 55.633685 103.866905
990.982752 575.971783 59.452194 103.641218
990.722325 573.770169 62.612968 106.854351
989.518083 572.874344 64.377258 106.470846
989.548345 570.265969 65.864358 108.181047
990.507687 569.684197 65.220984 108.034814
992.779426 567.867938 63.385892 109.363309
996.769607 565.807251 58.901678 110.831789
1001.535247 564.084575 55.594319 109.111357
1005.166994 564.362297 52.478623 105.913360
1009.818685 562.694750 49.880152 105.549869
1012.346131 561.732095 49.720125 105.166164
1012.737811 561.697803 52.645065 103.300146
1015.346193 561.963977 52.851070 100.988336
1017.599859 561.599901 53.793349 99.030200
1019.269321 561.536274 57.402497 98.679013
1019.127933 561.218379 64.056252 98.047143
1020.275080 561.201124 68.890482 98.573060
1019.916680 561.451924 72.333250 100.230446
1020.461776 561.804340 75.314033 100.407065
1019.565910 561.843079 78.472053 101.645889
1020.177991 561.957978 76.899479 102.324466
1021.251913 561.997722 74.577707 99.441393
1024.233684 562.372952 71.076598 98.454627
1028.572841 561.595553 65.101840 97.818624
1033.903395 559.733018 61.571238 97.856800
1038.982852 558.805518 58.076328 97.410108
1043.163028 557.468532 52.100371 98.142297
1048.274140 556.113121 49.154675 99.393335
1052.342326 555.543329 45.926875 99.408422
1054.084362 555.274133 46.753950 100.569744
1055.518522 554.040883 47.188841 103.038095
1056.143736 554.205911 50.026989 104.066534
1057.476505 553.006097 51.894405 105.672867
1058.846454 553.201841 53.634126 103.632121
1058.372315 552.796282 56.003235 104.049316
1057.558819 552.198627 58.607451 104.511197
1057.551938 551.496685 58.206580 104.025557
1059.997712 550.856925 56.330581 104.423156
1059.390540 548.875375 56.080134 103.368040
1057.470539 547.537728 59.307124 105.143314
1061.562382 546.621452 55.663309 103.519492
1064.775694 544.658386 53.033390 104.906401
1069.164878 543.883917 49.285259 104.516480
1072.178328 542.640924 46.979988 104.594631
1073.532927 541.112024 47.320480 104.406528
1075.532884 540.244524 47.408902 103.331583
1076.454629 539.967011 48.086027 101.433209
1076.812886 539.790982 48.532663 98.934526
1076.451243 538.357954 51.384826 98.364948
1075.212300 537.858235 57.679030 99.333886
1072.167678 538.294274 65.507311 100.299315
1073.282383 537.987644 68.437840 98.985098
1070.440657 538.050062 72.216330 104.043200
1066.305496 537.965679 78.100504 102.407888
1070.883837 538.523091 73.338696 101.692407
1066.460989 537.403001 75.716708 101.172550
1070.370270 537.007918 71.695758 101.521626
1070.768990 536.694970 71.182319 99.995272
1072.739014 535.662072 70.815033 100.863864
1079.742589 534.067503 63.053823 100.889931
1086.620110 532.399593 54.593060 99.107661
1092.170329 529.549041 51.550592 100.691933
1097.893350 527.837772 50.066211 101.101926
1100.385227 526.115177 48.633256 101.578184
1102.087524 524.210580 49.377383 105.590077
1102.678668 522.600011 50.260408 106.902418
1102.271836 521.750663 53.895019 107.559545
1101.091174 520.833363 57.733151 107.107073
1101.265891 519.463741 59.763784 109.510852
1103.010853 518.178606 59.374773 110.229931
1105.644076 516.739433 57.819085 111.184576
1108.803119 513.844325 57.369012 110.443301
1110.573345 512.869820 55.384981 108.856885
1110.931317 510.409687 56.315779 109.046263
1113.485583 507.554067 55.402239 110.821889
1116.688538 505.046892 54.967394 110.200863
1120.611068 502.316824 53.934207 108.879731
1123.102621 499.729820 51.497256 108.354687
1124.076862 496.398694 51.730086 107.793494
1124.929534 494.673779 51.192145 105.520691
1124.669218 492.673763 52.389158 103.752969
1123.813878 490.817775 54.676942 102.978340
1123.850098 489.406424 58.682753 104.139166
1123.039157 488.020483 65.647731 105.603025
1120.689213 488.221698 69.209564 106.513842
1119.918672 489.476334 71.602675 107.209055
1118.476909 490.584426 72.740576 108.168423
1113.858178 493.540320 78.577020 108.848756
1112.364867 498.052369 78.668412 108.058204
1112.700159 500.687836 81.209339 110.002004
1114.408622 504.690719 77.961750 112.003362
1113.413692 507.373751 78.882332 113.085265
1116.353876 511.030836 81.875665 111.076529
1116.885767 513.973546 85.481841 115.298625
1117.367434 519.865013 82.581273 111.450031
1133.618386 523.547221 69.743171 106.555103
1134.966537 527.244364 66.527300 104.321918
1132.108384 533.932972 68.749854 106.795499
1131.735887 538.556932 69.177150 108.866004
1129.692814 542.955349 72.321024 111.495920
1129.823233 549.719662 73.649016 112.163484
1127.960011 555.099660 74.619324 113.708193
1129.344401 561.786696 72.952177 112.045393
1128.893512 566.546825 73.463761 112.431183
1129.328482 571.477876 73.235731 113.346457
1136.942107 577.442518 65.281645 112.367569
1137.309267 581.875605 66.490968 115.873006
1139.726555 585.377613 66.256936 115.390722
1143.459564 588.123050 62.666837 116.561958
1144.888159 586.896685 61.027625 113.875307
1146.663882 585.777785 59.694697 113.119950
1146.297490 584.734813 57.777131 108.899563
1142.559707 583.335841 60.552926 107.411687
1139.303227 581.100397 61.359465 105.673562
1136.038294 578.585337 63.064759 100.285243
1132.698552 578.009733 65.514022 107.351309
1128.238310 576.613122 70.299990 114.268621
1125.790092 573.703708 71.544892 111.528269
1123.518063 571.540738 72.608606 112.272682
1120.166679 568.313718 74.308318 116.760316
1117.862143 566.753878 75.242658 115.279563
1116.366884 567.099264 73.828226 112.320673
1121.887406 566.298999 65.971702 106.559707
1117.052007 565.206394 68.146691 108.890350
1117.333409 563.970105 64.093425 106.501712
1117.763368 562.766778 60.170648 104.699593
1111.875244 561.326849 61.390387 105.016466
1113.053972 560.549191 56.147478 104.121135
1115.248955 560.039552 49.773124 104.625135
1104.397739 558.746635 56.238959 109.023357
1102.665389 557.492594 54.498527 113.947108
1097.696951 555.633667 54.990668 115.449387
1093.375711 554.907820 55.721980 115.949861
1088.887000 554.726691 55.952555 117.252838
1085.244303 553.712653 55.299363 116.951417
1082.179026 552.445037 54.530217 117.259737
1079.313639 551.131212 53.585889 119.304637
1075.258216 550.028928 53.567049 119.696041
1071.258210 548.387894 54.772093 118.634801
1068.034061 547.019503 54.750215 119.344522
1064.484618 545.582658 54.992559 119.414679
1063.835999 544.170455 52.953550 117.063947
1061.532852 542.028688 53.115515 116.986197
1058.879273 540.739131 52.854783 113.042429
1055.665399 539.203199 52.706152 108.722525
1051.756366 537.848821 51.818369 109.082414
1046.937188 535.964460 51.055343 110.182544
1041.523213 535.177165 51.356007 104.173760
1035.837195 535.152557 52.393029 111.155197
1026.129728 533.576305 56.946089 109.121022
1021.199192 533.131132 56.682965 109.015540
1016.263078 530.678351 56.874918 113.538746
1013.541427 528.475663 58.038432 113.806925
1015.116233 527.048604 56.646076 112.021129
1016.288243 527.113692 57.478039 113.006518
1020.923014 525.229627 61.126219 113.945693
1028.218653 522.804355 61.860828 111.750999
1035.377298 522.216316 58.125582 107.289048
1046.565206 520.394421 54.472924 105.289441
1055.453291 518.803960 51.131309 104.316561
1064.774355 517.183671 49.642259 102.926896
1072.936571 516.559938 48.128802 101.924555
1078.911664 514.875306 48.785417 105.478320
1087.618673 514.148049 49.380555 109.341671
1093.389419 513.957553 49.326689 113.321777
1100.722920 512.786162 49.977808 106.845890
1107.480497 512.608812 48.447785 107.474667
1113.708546 511.461674 48.763879 108.721918
1119.342892 511.339287 50.843447 109.913604
1125.747419 509.808900 52.020974 112.355614
1132.298257 508.627044 52.004184 110.375518
1138.260242 507.287763 55.235249 112.076739
1144.820556 506.676969 53.596298 110.752390
1152.125952 504.860557 54.226798 110.195677
1160.021716 503.745138 51.951800 107.211895
1167.488125 502.007262 50.535851 105.420138
1175.027093 500.896196 50.095620 103.074667
1182.091873 498.689506 48.215342 101.438791
1185.521777 496.585344 47.386335 100.958836
1187.270574 494.544223 48.186360 104.731478
1187.687162 492.995107 49.874681 102.757831
1186.785172 491.076800 54.118256 105.877945
1184.624283 489.617612 58.218821 107.268036
1181.401385 488.438394 61.244978 110.584595
1178.764126 486.455710 61.828621 112.695395
1175.019969 484.982893 62.329633 113.815791
1171.822657 483.237277 61.793775 113.633439
1168.122869 480.726346 61.781423 113.865078
1164.180250 478.944419 61.637762 110.551598
1159.443361 476.612174 60.061176 107.903036
1154.043077 474.444543 59.827778 105.895886
1148.935549 471.747905 57.424229 103.745732
1144.071782 468.494619 55.294236 103.319331
1139.708703 465.510454 52.217769 101.780126
1135.342099 463.296381 49.631339 101.128387
1130.051619 460.920267 49.664516 100.246064
1125.063776 459.276088 48.220120 101.350450
1118.647815 457.091770 49.316078 105.647596
1112.640837 455.476753 48.762057 107.349107
1106.273296 453.936183 50.029491 109.714893
1101.641026 452.162117 48.694542 112.113130
1095.202870 450.548850 49.013680 113.259167
1087.660911 448.520390 50.347063 114.803679
1080.500541 447.277369 52.877627 115.372621
1073.575140 444.962710 53.643870 116.766972
1066.388204 442.819930 54.228355 118.307245
1060.128416 440.659809 55.144132 118.033253
1056.321068 438.514739 53.221699 116.195170
1050.544651 436.547646 53.724545 112.796597
1045.759946 433.799581 53.423366 111.002804
1042.630956 430.995519 52.428837 109.399859
1040.519580 428.494850 51.155029 107.451293
1038.683892 426.245463 50.054296 106.046983
1037.710958 424.237973 48.965316 102.935362
1034.533130 422.532029 49.727982 102.361594
1030.271868 420.715358 50.328783 104.706598
1026.548430 418.476748 50.589940 106.283730
1022.272794 416.107721 51.260383 109.025108
1016.775388 414.835503 53.733216 110.104612
1013.010687 412.860578 53.900549 112.424146
1010.289748 411.166178 53.840103 113.836292
1008.087615 410.103495 54.250801 114.019824
1007.462967 408.549739 54.544005 113.618267
1006.523247 407.188442 56.205595 112.209065
1008.045633 404.146475 55.818907 110.103587
1010.456245 402.111539 55.540442 108.592219
1014.821425 400.125592 52.602480 104.922453
1016.717116 398.893802 53.666431 102.242737
1021.009403 396.244087 51.034042 100.064337
1024.367458 394.922632 49.280095 99.147534
1025.607335 392.727574 48.246750 99.675367
1025.862534 391.463226 48.790647 100.982539
1025.768879 390.133849 49.465445 103.035123
1026.797002 388.442478 47.924009 103.983172
1025.709734 386.951059 49.373455 105.516094
1025.291543 385.376160 49.866069 106.876511
1026.733621 384.423444 49.290077 107.512086
1026.679880 383.221746 50.650843 109.158335
1026.219609 382.045134 53.016119 109.864537
1028.283118 380.016022 51.987710 111.974350
1028.125706 377.190522 53.748522 113.219821
1030.235705 374.647165 52.326751 113.477378
1032.322201 372.071020 53.727738 113.168244
1035.267684 369.202786 52.883582 112.855043
1038.511479 367.082953 49.929992 114.044240
1041.590274 366.745119 48.863524 112.890561
1043.976733 366.573114 48.262226 111.866517
1046.448349 366.084653 47.157103 109.431379
1047.998423 366.386301 47.367588 106.960096
1049.106757 366.346915 46.670334 106.965371
1051.069597 365.947631 44.362364 106.935656
1052.713008 367.109747 46.739181 107.041302
1054.905826 367.605560 45.532535 107.607885
1056.747808 368.515302 46.738283 108.533511
1057.129214 369.183670 49.927424 110.836423
1057.301627 371.388122 51.626187 111.943750
1058.246506 373.838730 50.579546 112.363108
1060.118524 375.577711 55.496101 113.103619
1062.244846 377.007820 60.838601 113.450352
1066.515577 377.738496 60.470646 113.547635
1072.174627 378.243814 59.405377 112.726506
1078.891673 379.188552 56.385278 110.590396
1085.137771 380.375976 52.928461 108.238794
1090.033115 380.318938 51.627429 106.966960
1094.473779 383.608038 50.867393 103.960503
1100.492122 383.238712 48.989900 106.932322
1106.069838 384.830502 46.243681 108.976162
1108.602757 388.371994 49.266312 110.978351
1112.392455 390.762281 48.101121 112.097181
1114.466292 394.017264 47.984411 112.850202
1116.350940 397.242231 48.137382 114.442324
1118.280798 399.229959 48.531379 117.162238
1119.824258 401.609323 49.732035 119.736739
1121.508952 404.751975 51.318412 120.566395
1124.450993 407.687026 50.552303 121.470213
1126.399320 411.825859 50.484463 121.016254
1129.203388 415.645858 50.761140 119.599161
1132.395369 417.456177 49.687678 119.634392
1135.561471 418.644321 50.456056 118.266563
1138.727778 420.346372 49.710820 116.561930
1142.041377 421.680220 47.645379 114.155920
1142.316830 421.416473 47.548100 112.685037
1142.450156 423.729484 47.349364 108.549229
1141.163074 425.122557 49.274084 107.378920
1138.116794 427.276826 53.152380 108.331650
1135.767428 429.288298 55.134926 107.405319
1132.905724 430.770470 57.946896 109.280775
1129.982808 432.485722 61.516546 110.681465
1127.465730 432.773280 66.573453 114.008763
1124.064943 433.492787 69.012806 115.113831
1120.214860 434.488680 66.489225 114.755090
1116.984971 432.635905 69.431246 117.312231
1114.877910 431.203155 73.525507 118.934132
1114.468681 424.665672 75.020728 122.811636
1113.087962 421.193694 78.084308 125.482835
1111.908827 420.787388 77.902198 122.486674
1111.492660 420.351748 71.534813 122.890391
1109.306309 421.763866 67.395454 120.896011
1106.717285 421.767777 68.058701 120.626921
1104.197184 419.926992 66.030263 123.385330
1102.075993 421.344528 62.217972 128.436648
1098.884640 424.916652 60.425701 127.748224
1093.483871 429.456704 61.195911 126.371668
1087.208553 432.378878 63.927914 124.259468
1082.311136 430.474731 64.845081 130.545586
1078.636607 434.027973 64.074712 130.036612
1075.518552 432.652704 63.752050 135.936641
1070.657505 435.113131 64.553705 134.958511
1066.515962 446.029783 64.692478 121.859762
1061.394435 447.188735 67.019629 120.325469
1057.210941 447.870730 65.276359 117.088109
1056.223593 447.012055 61.052153 116.765483
1052.133116 443.913933 60.611764 116.398672
1051.081956 446.246568 59.308357 112.635152
1048.171167 446.482565 59.037312 107.870625
1042.992458 449.645864 60.266918 102.369344
1036.756760 449.796695 63.404414 102.166467
1031.269871 451.049643 64.481211 102.845726
1026.111484 451.406180 66.170850 105.125761
1021.514195 451.824252 69.726551 107.625129
1017.134468 451.979894 72.254361 108.858462
1013.299312 452.551049 72.538678 110.696264
1009.273190 453.028222 75.886642 111.293273
1006.104837 454.338954 71.848387 113.141136
1003.948721 455.218478 78.675257 112.365564
1003.235907 454.928656 75.373081 111.740755
1001.799936 454.080159 76.947184 112.349323
1003.701115 453.865490 74.040487 109.570470
1005.882847 452.450086 71.701658 107.038129
1009.959170 451.990792 66.416611 106.580268
1011.925454 450.877904 61.670179 107.442999
1013.823147 450.742493 63.372964 105.006005
1016.066772 449.729465 62.113732 107.971715
1017.512502 449.303187 62.704815 105.553579
1018.859843 448.389002 61.800930 105.688634
1021.588935 447.199963 60.558803 105.188174
1024.926882 444.232760 59.549054 108.562626
1030.087467 441.776230 59.380106 108.211678
1035.636521 438.544588 58.753816 109.037266
1041.960220 436.055064 58.212248 116.663884
1046.938824 433.537555 57.586123 109.083022
1052.780215 430.886591 58.576689 119.990497
1058.208757 428.566962 56.783181 114.920543
1065.017797 425.579845 57.226463 117.591034
1068.951588 422.821518 57.288067 116.133409
1076.111999 420.186812 56.448889 113.574726
1079.780345 417.975636 56.786699 112.429516
1085.625514 415.242186 56.715878 110.101665
1091.505437 413.007564 57.236666 107.979518
1096.314441 410.337639 58.450163 108.496771
1100.988903 407.096818 58.549203 110.916157
1106.107267 404.451956 58.604046 114.283122
1112.084591 402.343380 58.539770 115.643543
1118.161997 401.545168 54.508306 116.021622
1123.063025 398.611147 55.342302 118.356188
1128.315852 396.678374 54.420259 118.652315
1133.559631 394.090888 52.158931 119.841754
1138.707441 391.291842 56.972707 121.329979
1143.576078 389.557989 51.942317 119.429653
1147.614125 387.002644 52.881356 118.677256
1150.907259 383.935746 52.384783 116.338284
1153.433472 381.240939 52.037350 111.035946
1156.231978 377.413952 50.652481 108.869269
1158.719343 374.695758 48.359463 104.982794
1160.241734 372.248005 48.313770 103.735765
1161.824459 368.701629 47.503738 104.700458
1161.757198 364.832490 48.677695 107.301625
1164.647708 361.694649 47.347025 110.046427
1163.663274 359.882595 49.953075 111.918115
1164.372926 356.381122 50.846779 114.976303
1164.003973 353.248894 51.401796 116.343789
1164.878960 348.908264 50.395556 120.153001
1165.145239 346.081910 50.063877 121.499787
1165.391385 343.537709 51.606550 121.311996
1166.046962 339.238255 50.064393 122.066543
1165.176337 334.674629 49.608672 120.524957
1164.223386 331.952146 50.631302 115.896597
1163.501096 328.053922 49.432658 112.088019
1163.225676 323.754502 48.696650 108.270260
1162.037416 319.533023 49.073206 106.394841
1161.802495 315.733689 49.248257 105.802249
1161.060186 311.987021 50.561968 106.871608
1160.379907 308.904866 49.855602 107.832857
1159.860771 305.592981 49.520444 110.288280
1159.346030 302.233439 50.303279 112.977860
1158.907288 299.495761 49.833950 114.647527
1158.578192 296.718028 50.354528 117.108224
1158.049810 294.119209 50.710305 118.746534
1157.799242 292.130858 50.995504 119.243423
1156.897496 289.125096 51.374284 120.652709
1156.427076 286.763602 51.002266 119.900469
1155.378475 283.871819 51.467614 120.897591
1154.531916 280.950904 51.847298 118.219816
1154.154730 278.195603 52.491531 113.700805
1153.613823 277.205899 51.680394 112.101656
1153.540558 275.669845 51.739463 111.822257
1155.799064 277.838739 49.418430 107.552642
1157.321670 278.014283 48.824577 107.713190
1159.147829 278.059196 47.998393 109.243154
1160.995194 279.490552 47.304374 111.058373
1162.262206 281.186683 47.078414 113.885129
1163.035300 281.964447 46.945937 117.342015
1164.832155 283.927049 46.154770 119.343147
1165.197548 286.879671 45.737508 120.277258
1165.452892 290.036732 45.312133 121.168715
1165.176193 292.632966 45.521572 123.050270
1164.245933 293.409224 45.497576 125.338780
1162.963192 296.008213 45.412197 123.955419
1161.312007 298.306561 44.978963 123.720174
1159.701462 301.146872 45.066672 120.489437
1157.955395 305.339988 44.615119 115.276375
1156.434483 308.247909 45.309049 111.528852
1154.402286 310.096227 45.612994 108.854835
1152.243546 313.618441 45.411883 106.101467
1150.017506 317.150687 46.279148 105.231898
1147.356822 320.521228 46.332203 106.783497
1143.799275 323.819298 45.766870 109.127241
1140.816364 326.880272 44.176778 111.459268
1136.490671 330.080641 43.724843 113.978696
1131.626531 334.724611 43.073100 115.298948
1125.593977 337.853207 44.150766 117.433545
1118.913274 341.100455 44.115924 119.082164
1112.792886 345.683330 44.360201 119.035086
1107.338561 349.901337 44.049414 117.566524
1101.517684 353.368535 44.432482 116.627341
1095.648431 356.947689 45.283939 114.553394
1089.747028 359.726389 45.306800 113.029197
1084.658153 363.607735 45.038167 109.892676
1079.036292 366.274570 45.206451 107.095651
1073.088601 369.145823 45.836022 105.525955
1067.108388 372.847238 45.384600 104.403000
1060.545391 376.638854 46.269051 105.796173
1052.854351 381.648086 46.695688 107.566701
1046.205549 385.042160 46.426810 110.129469
1038.460846 389.080275 46.050765 112.300911
1030.953004 392.787087 46.428104 114.489724
1022.627797 396.432267 46.724147 116.176515
1015.790454 400.763164 46.027012 117.955252
1010.073458 404.948202 45.513748 120.070908
1005.440088 409.872145 44.991830 120.676021
1001.666572 414.720640 44.876207 119.410619
998.594511 418.928016 45.342261 118.176187
997.040473 422.369278 45.521316 117.165544
995.771866 427.207606 45.435791 113.869700
995.226989 430.621034 45.289211 111.713348
995.218401 434.818216 45.144626 108.636291
994.568050 440.044322 45.694326 105.268150
993.414842 444.833680 46.291979 104.331005
992.277855 449.848160 46.428945 105.146394
991.027933 453.487672 46.178723 107.741545
989.795019 457.567693 47.844202 109.541454
987.838577 460.295121 48.052271 111.608117
986.472637 461.622564 47.313037 112.659480
984.771898 460.821628 48.298733 114.727611
983.236398 460.587602 48.656953 116.572536
983.468339 459.136872 48.421217 117.667156
983.261712 458.021817 48.229114 118.505067
983.599088 457.051146 48.480527 116.828307
983.350045 454.867884 48.996333 116.231376
983.746493 453.342149 48.418544 115.839947
983.446094 451.540547 48.333460 112.611717
983.206237 449.866477 46.701438 109.018475
981.416235 447.889440 47.518073 104.813377
979.970844 446.126510 46.629784 102.997817
978.995359 444.073952 45.911271 105.275528
978.477824 443.037923 45.636845 106.716725
979.180551 441.643223 45.444675 109.127501
980.771960 440.662530 45.596693 111.483142
982.528257 439.681720 45.708098 113.261464
984.925743 438.797280 44.844582 115.489017
986.824390 437.912364 44.615534 117.052969
988.852055 437.381118 44.559845 118.476877
990.891321 436.398995 44.526579 120.148505
992.305340 435.533806 44.672143 120.616772
993.737196 434.002840 44.734528 121.183945
995.508030 432.740494 44.902812 120.803747
996.173625 431.130414 45.417366 119.515384
999.091323 429.324115 43.862850 115.548961
999.748251 427.625349 44.851301 111.440861
1001.985479 425.579779 44.851440 109.514644
1003.282045 424.089350 45.894201 107.289409
1004.820606 422.718898 45.656699 105.476435
1005.940459 420.972542 46.306951 106.009155
1007.344786 419.717867 46.828905 107.337605
1008.911790 419.051295 47.871875 109.039809
1009.428421 418.259704 48.414984 111.124342
1011.344914 417.685412 48.298836 112.475884
1013.092268 416.912274 48.239258 114.698336
1014.985684 415.945779 48.519888 116.030676
1016.852581 415.012030 48.040149 117.314653
1018.779762 414.383628 47.177059 118.017161
1020.524672 413.795628 46.979473 118.249058
1022.391797 412.246741 47.561582 119.154049
1024.494334 410.604246 47.174735 118.676189
1027.390544 409.516857 45.627887 114.868924
1029.046627 408.228690 44.916099 111.017948
1029.568655 406.577474 44.085181 108.320766
1029.291741 405.282196 43.054558 105.398640
1027.841954 404.193826 43.403058 102.634162
1026.707636 403.036986 43.313029 104.419113
1024.787675 401.654125 42.921287 106.468390
1021.989615 400.494319 43.219828 108.877324
1019.116933 399.625605 43.248532 110.343320
1015.864042 398.412589 42.655900 111.569112
1011.399467 397.703968 43.467369 112.542790
1005.568839 397.012011 45.116349 114.273091
998.740826 395.876176 45.774666 115.624211
991.645250 395.225873 45.252943 116.369391
982.889685 394.259155 44.777984 116.701397
972.908519 393.166804 45.673438 116.030097
962.801382 391.942562 45.897565 114.130887
952.233916 390.269063 46.594660 112.409822
942.232023 388.479290 46.681198 108.621754
931.713121 386.571479 45.846011 104.614140
922.991278 384.988678 44.894590 102.763376
914.736658 383.461788 44.494808 102.477507
906.840902 379.439349 44.259453 106.523164
899.454534 380.710482 45.345729 106.215979
892.051645 379.294097 46.955127 108.224960
885.974993 379.538152 45.883764 109.542580
881.319358 379.439293 45.758618 110.817090
876.279019 378.889482 45.980225 113.098505
872.328118 378.740814 46.160990 114.285869
868.717415 378.782344 46.080290 115.027479
864.307849 378.707896 46.213807 115.416854
860.073711 378.626771 46.600887 115.073290
856.073720 378.186927 46.600887 114.112835
852.500271 377.469176 46.458087 112.882682
848.678264 376.035662 46.319098 108.677089
845.615339 375.135212 45.073189 106.718875
843.014250 375.244525 44.355437 103.988396
840.824461 374.291364 44.316954 103.990856
839.180267 373.580241 44.587506 104.457860
837.654007 373.479205 44.949268 105.726689
836.189418 373.011385 45.273412 108.259581
834.875632 372.772069 45.658106 110.009019
832.529932 373.175287 46.295560 111.528734
830.035695 373.438792 47.064055 112.845262
827.735675 373.470851 47.007847 115.073646
825.223922 374.404488 48.268730 115.710996
822.834656 374.510726 48.750389 117.277242
820.573110 374.152624 49.035822 118.391629
818.986468 373.850677 48.390119 117.760920
819.685267 373.639847 47.991897 116.839340
820.005251 373.512849 48.498861 115.313404
821.265119 373.391101 47.874632 112.860277
822.518323 373.196975 46.985483 109.651453
823.493558 372.860491 46.565573 106.847481
822.699543 372.768505 47.157697 104.419145
825.348787 372.355986 45.729324 104.059147
825.551537 372.173858 45.903277 105.862415
826.970449 372.499982 44.360896 107.491963
826.810322 373.207922 44.557887 109.074615
827.312097 373.206853 45.284373 111.320070
828.863920 373.898354 43.026397 112.541073
829.443219 375.176305 44.435232 113.546430
830.448734 375.830303 44.127852 115.339577
831.369825 376.584651 44.783363 116.592110
831.579598 377.700946 45.709356 116.685818
832.464888 377.747854 45.125743 117.155196
833.888820 378.227830 43.613509 115.732720
835.218561 378.655165 43.835979 114.675544
836.144135 378.912325 43.938016 110.787062
835.782100 379.400814 45.249544 108.241841
836.851050 379.726466 45.088286 104.747737
837.931387 380.557604 45.305300 102.612220
839.326528 380.340716 45.378056 104.440369
839.255932 381.171672 44.281268 105.866845
840.147205 380.468874 44.771715 109.706895
840.488665 381.687702 43.553687 111.614954
840.820196 383.040525 43.607488 113.304672
841.636456 384.259695 43.262903 115.005589
841.399195 385.380987 44.015982 116.957140
840.691436 386.135636 44.598471 117.878103
840.726183 386.255973 44.675940 119.613965
841.113361 386.499693 43.977034 119.615123
840.760218 386.090699 44.618757 119.495368
841.363214 386.425603 44.088531 117.303203
841.373657 387.226621 44.534042 114.589121
842.046956 387.896600 44.782132 110.871645
842.243799 387.738572 45.660396 108.367448
842.446011 388.442839 46.543516 106.296984
841.570980 389.524278 48.584919 105.351895
842.432395 390.969141 48.145423 104.686160
842.876003 392.197681 48.674601 106.701254
842.737768 393.546165 48.983449 109.414664
842.926600 395.391664 48.207861 111.149912
842.774245 397.160150 47.570221 113.336960
843.134437 399.134593 48.366608 114.795204
843.407047 400.079649 47.419664 116.898807
844.156754 402.698639 46.385254 116.326596
845.212538 403.345044 45.497036 117.732258
846.093337 403.789546 44.953727 118.388805
847.028811 405.188053 45.033227 116.069840
847.776278 406.221697 45.347209 113.866024
848.427719 407.108123 45.906397 111.441478
849.444773 407.316109 46.190321 109.339605
850.220268 407.961427 46.798327 108.091721
851.386877 409.533572 46.711220 104.806305
852.278703 411.132534 46.634604 105.474756
852.543394 412.971043 45.815125 106.395624
852.794385 415.052388 46.366404 108.889479
852.381861 417.280639 47.364920 110.550953
853.145044 418.376048 46.753062 112.793849
853.743374 420.697181 45.883671 114.061469
853.791235 422.500243 46.243576 115.534564
853.785184 424.887035 46.152247 116.527400
853.690475 427.214867 46.273167 117.051088
854.177980 428.267420 45.810839 117.910932
853.446815 429.307074 47.010539 119.009434
854.479401 430.879957 46.258861 118.339138
853.945244 431.593140 47.360714 116.175931
855.006328 434.062889 46.799200 111.592023
854.344375 434.726045 47.790067 107.889271
855.618298 436.759586 46.285878 105.374721
855.518219 438.358904 46.696164 103.877104
855.744850 439.626690 47.359232 104.371541
855.873603 442.083001 47.514281 105.299588
855.422928 444.654431 47.371427 106.551612
856.314647 446.086296 46.849762 109.228657
855.698894 448.617405 48.306028 110.429826
857.098743 449.405094 48.189209 113.190022
856.947592 451.689324 48.224575 115.036508
856.962991 453.597943 47.790148 116.555185
858.936720 454.862962 47.299259 117.576226
858.704784 456.581041 48.737856 117.271206
859.830249 458.274337 47.724692 116.699331
861.085591 459.784427 48.212237 114.721756
860.073077 460.924445 47.998695 111.549691
861.290332 462.175805 47.395419 109.136273
860.699958 463.343756 48.359214 106.149572
861.591851 464.131014 47.478076 105.462821
863.937574 465.068196 45.612501 105.238682
864.234397 466.381670 45.085493 106.582334
864.302529 467.758641 45.339079 108.934778
864.670443 469.728791 45.716283 110.563364
866.337858 470.910822 45.657801 112.824678
866.645999 473.001637 44.863980 114.283141
866.853163 474.832785 45.375023 115.458821
866.528151 476.196967 45.838044 117.325353
866.339760 477.148331 46.020554 119.168181
867.227819 478.184392 45.328182 120.679031
867.322268 478.270144 44.646461 121.777633
867.150027 478.859747 45.570281 121.031784
867.209143 480.632966 46.740004 116.639464
868.870667 481.227777 45.882457 113.632623
868.451398 482.184835 45.859896 110.304731
868.667456 483.953133 46.121301 106.935170
868.533733 484.551677 46.665212 105.741360
868.712774 485.879824 46.906478 106.670453
868.641598 487.111578 47.190516 109.059468
869.695774 488.758323 46.901651 111.612442
868.953036 491.179238 47.534846 112.468601
869.477025 493.250356 47.686904 114.623679
869.983752 494.791857 47.338566 117.202670
870.551959 496.737144 48.192564 118.314085
870.807901 498.680209 48.503588 119.211209
871.072538 499.228797 49.311561 119.501032
872.102694 500.466942 48.446146 119.442761
872.801978 501.498047 48.908316 118.737290
873.953924 504.238391 47.810377 116.341005
874.427715 505.144557 47.530970 113.749054
875.434577 506.368512 46.558770 110.047756
876.473672 507.013397 46.167266 106.070704
876.136109 508.795641 47.024899 103.583273
877.015789 508.887985 46.569326 105.695321
876.401042 510.372189 47.160673 107.895913
877.093314 512.310419 46.874729 109.332029
876.650259 514.049935 47.953958 110.389505
877.453744 515.407866 47.619658 112.711253
876.620041 517.369415 49.415720 113.644607
876.860638 518.958693 49.507769 115.120536
876.495909 519.448221 50.290054 117.767248
877.030046 519.659235 50.388847 119.694432
878.045929 520.606302 49.422740 119.508653
878.735482 521.307955 49.751487 119.823114
879.045929 521.415424 49.886808 117.342317
878.187196 522.187319 50.947847 114.108710
878.618768 523.231741 50.911398 107.246643
878.885467 523.956759 51.255149 104.395419
879.473165 524.331870 50.509210 102.945351
879.851054 524.495065 49.863778 104.241701
879.138333 525.264125 50.498938 105.538632
879.833774 526.624447 49.547413 106.176493
879.976822 527.224358 49.520730 110.045601
881.430814 528.436208 47.424675 112.319371
881.224779 529.839096 47.810049 113.863982
881.772247 530.542287 47.254050 117.305908
881.588159 531.784425 46.519894 118.525064
882.399293 532.398238 46.202953 118.974539
882.766626 532.872566 47.043973 119.283531
883.934917 532.948397 46.864922 118.061791
884.708558 533.351914 47.473923 115.474342
885.813087 533.547794 48.028804 112.419240
885.679903 533.291068 48.275147 110.537395
886.861781 533.581742 46.814411 106.966656
887.794112 533.689529 46.327093 105.404281
889.294998 534.509356 44.622026 103.054002
889.079929 534.361847 44.770596 105.135362
889.109842 532.765591 46.153576 107.458101
889.167899 530.770888 46.771415 110.046297
888.887096 528.093247 46.641753 111.983020
888.744506 525.615332 47.677229 113.620674
888.588044 522.576349 47.850296 116.084275
888.792933 520.484321 48.132934 117.608629
888.895241 517.400293 47.871124 119.130693
888.418363 514.680179 48.346590 120.382263
888.795600 511.577610 47.271977 121.154602
888.395077 509.139149 47.902624 119.610680
888.397438 508.535994 48.613646 118.276684
888.338391 508.080473 48.364136 115.175518
890.533622 507.470869 47.322565 112.223064
893.401423 507.509356 47.084147 108.858757
896.948397 507.087286 46.900047 106.044371
900.117036 507.277865 46.971667 105.688268
903.483936 508.022281 46.794516 104.836067
907.026758 507.717935 47.282388 109.368140
911.321325 507.600141 47.222154 112.781988
915.392450 508.333073 46.508049 114.737703
920.272590 508.622162 48.340303 117.941997
924.542570 508.437313 48.984165 119.292517
929.496661 508.659790 48.898749 121.420094
934.426062 509.051394 49.108882 121.304652
939.102048 508.955137 49.052891 122.301586
942.875799 509.517098 47.851287 122.490504
945.830858 509.407511 47.739925 119.798150
949.093606 509.032396 47.906617 120.088944
952.251744 508.688090 48.329348 114.084336
955.773336 508.582212 47.180749 107.635530
959.536713 508.077938 46.996549 104.119887
963.591069 507.931288 46.727939 103.864360
967.157901 507.674928 46.947578 106.055309
968.828325 507.406040 48.291898 107.945609
971.220554 506.650116 48.345984 110.561922
971.407901 507.460223 48.135785 111.438911
971.315542 507.501175 48.729006 114.710604
969.543447 507.740034 50.519520 116.032954
969.518753 508.533510 50.361638 117.816679
968.510507 508.766534 51.078162 119.253617
969.040527 508.715865 49.471995 119.001701
969.087438 508.929756 49.474879 117.520520
969.176078 509.223738 49.525798 116.925326
968.169963 509.245260 50.202231 116.643953
967.418013 509.292447 50.649645 111.362617
968.262698 509.329649 49.604459 107.242307
967.529646 509.343418 49.688454 103.826148
967.568992 509.040464 49.547651 102.873341
967.359646 510.035470 49.185941 102.534334
966.739022 509.962210 49.402633 104.537808
966.107140 510.764449 49.596053 107.146215
966.549859 512.529528 48.866708 108.866839
965.771775 512.474751 49.899874 112.236991
965.394251 513.102706 50.169316 115.829917
966.622970 514.059092 47.919085 114.655682
966.878873 514.623777 48.766294 117.850258
967.230744 515.010506 49.089391 116.777053
966.802167 515.255668 49.977916 117.428813
966.860303 514.959493 50.523842 116.507936
967.213071 514.120572 50.484572 120.390749
967.836885 513.727106 50.643050 118.446339
968.553861 512.816377 49.882195 114.521433
968.682475 512.598720 49.515227 108.813089
970.548269 514.355557 47.222060 103.996600
970.079165 514.500171 47.556933 102.112254
970.212455 513.948502 47.541221 105.665102
970.636992 513.936661 47.312114 107.477871
970.351855 514.063640 47.690049 110.578538
969.806225 514.102026 48.806407 112.458195
970.066114 514.621591 48.545565 115.088460
969.464020 514.896613 49.621980 118.097271
969.102536 515.120566 49.626691 119.593157
969.495468 515.848728 49.399534 119.878791
969.063438 516.198043 49.912196 115.497001
969.772526 515.080710 49.000189 117.440563
969.910966 514.669875 48.705026 116.965695
970.261767 513.920320 48.460971 116.289412
970.189437 513.490896 48.643627 113.340464
971.082961 512.700382 47.835400 109.853033
971.235996 512.325212 47.804622 103.997588
970.947840 510.890546 48.193793 103.949851
970.619634 510.717262 48.347097 106.378746
970.784022 510.407005 48.218830 107.119805
970.528213 510.441750 48.264486 109.309067
969.744867 509.595836 49.709775 111.974883
970.081676 509.503824 49.269630 114.137496
969.999956 509.064408 50.143622 116.510510
971.942026 508.243536 49.032513 120.014058
971.327151 508.330928 50.283878 120.675332
972.250644 506.896439 50.293190 121.661609
973.057092 505.311108 50.001064 122.433412
974.481780 504.122458 49.341909 122.309930
975.107563 503.638206 48.811364 116.108353
975.654074 501.472225 48.788573 112.056915
976.760482 502.231409 47.351955 108.270032
978.290274 500.546712 46.271748 107.399485
978.850523 500.355821 46.088792 105.070922
978.536115 499.517662 47.117801 108.040335
980.305101 499.152623 45.520534 110.624677
979.924338 499.423833 46.896742 112.485585
980.003104 498.590455 46.776308 115.586963
980.896689 498.857598 45.737786 117.758191
980.424638 499.267357 46.139059 120.049154
979.682880 499.248901 47.554727 122.011147
979.533889 499.021674 47.822104 122.150219
980.135381 498.750284 47.522524 121.728643
980.823081 497.691428 46.716578 121.542197
981.078042 496.889192 46.790701 118.696807
981.717564 494.596015 45.288806 116.452669
981.200122 493.535508 46.414910 112.929271
981.518471 491.756290 45.603980 109.485473
980.645752 491.059089 47.280615 106.508617
980.589343 490.132200 48.955894 104.163791
979.505137 488.548684 49.569667 105.788197
979.562594 487.842724 50.484063 107.390175
980.087191 487.561557 49.746492 109.874115
979.316396 486.470853 51.100223 113.139510
979.887488 486.564940 50.574597 115.050391
979.782924 486.829574 51.440601 116.625503
980.476124 485.578191 51.469252 118.761803
980.223420 485.159237 52.737671 119.996602
981.362498 484.150290 52.280703 119.383498
982.194545 482.881880 51.321164 120.097634
983.329470 482.016434 50.189085 117.294410
984.152049 480.784709 50.733944 114.289008
983.562377 479.478710 50.864144 109.376471
985.974378 477.949401 48.923580 103.500368
986.396062 478.056690 49.129065 99.807588
987.105062 477.007554 49.418455 103.000782
987.687227 476.309742 49.011148 105.177227
988.706890 476.151454 48.191497 107.939679
988.521760 475.761996 48.246890 110.297765
989.344861 475.573958 48.377615 113.185659
989.684171 476.330343 48.183140 113.893336
989.398408 476.101907 48.268086 116.862643
989.930763 476.952127 47.540967 118.334423
989.686838 476.414218 48.354964 120.750422
989.685399 476.284032 48.553822 121.758698
990.896837 475.068102 49.262379 124.638404
989.886941 473.857350 50.331291 122.664461
990.360579 472.137175 49.222437 122.751417
992.040553 471.619647 47.326435 117.934723
990.970314 470.654068 48.241709 114.117594
991.978269 469.827832 48.685146 108.919165
991.484858 469.173406 48.647342 102.261856
992.017198 468.992704 48.285382 102.090951
992.060531 468.098196 48.136047 102.647147
992.133122 468.205911 48.004696 104.162944
993.794439 467.586456 47.120023 107.035905
994.502185 468.006065 47.453003 108.988175
994.924331 469.014287 47.900302 111.109247
995.480517 469.845059 48.343187 112.910283
996.713899 470.749239 47.496185 114.265916
997.316861 471.040400 48.118166 116.565872
998.347692 471.156059 48.465199 118.048320
998.794585 470.880847 48.395519 118.341793
1000.021076 470.309529 48.211065 117.951107
1000.709543 470.111841 48.522574 115.273647
1002.225360 469.433438 48.289117 112.805815
1002.994063 470.406731 47.933391 106.123036
1003.935913 470.931399 47.681474 102.458192
1004.577598 471.400010 47.104822 101.392313
1005.028246 471.903034 47.102852 103.522793
1005.680119 471.532367 47.687716 106.148848
1006.034879 471.859171 47.904079 107.106398
1005.445526 471.635756 48.347202 109.384988
1005.441936 472.487414 48.294835 110.611379
1004.990665 472.694742 48.685480 113.008363
1005.551356 472.338005 48.287026 114.102303
1004.456507 472.637240 49.877331 115.053862
1005.647964 472.236152 48.998769 117.806927
1005.867265 471.998755 49.322880 119.822651
1005.162172 471.105423 50.015473 122.508997
1005.199076 470.533255 50.370050 123.444141
1003.860142 469.811945 51.733929 121.928094
1005.106464 468.792471 49.740023 121.549556
1005.882559 467.811171 48.112597 117.992495
1005.688572 469.782883 48.477727 112.965507
1005.973672 467.668318 48.019619 111.399031
1005.293016 469.364021 48.668605 106.142079
1005.900162 467.815623 47.937995 108.908903
1006.751036 468.311916 47.127903 109.768597
1005.679890 468.600171 48.491280 110.936021
1006.852824 469.510435 48.096154 111.111999
1005.263935 470.846083 50.685048 111.498742
1005.365402 471.406067 51.240067 112.762587
1005.763056 472.219784 51.284520 114.077299
1006.339221 472.609322 49.824683 115.684681
1007.384089 472.482844 49.506336 118.464164
1008.424644 472.942832 49.786831 117.505338
1008.688181 473.255602 50.325377 115.817677
1010.489603 473.126440 48.680511 119.489303
1011.206284 473.903833 49.267020 115.773350
1009.949367 474.188763 50.946023 113.685682
1011.528253 474.951087 50.297349 106.789586
1011.354315 474.820103 51.189573 109.140853
1012.619973 475.246424 49.956492 103.532701
1012.823094 474.494591 50.194303 106.645640
1013.364858 474.820103 49.618863 103.920134
1014.414113 475.002823 50.318692 104.247348
1014.842368 475.738408 49.866079 106.184263
1016.112460 476.049947 49.545840 105.044488
1016.079941 476.844877 50.577955 103.392677
1017.011494 476.648214 49.405417 102.541623
1016.205292 477.319984 50.465893 99.527614
1016.944697 476.260909 49.962391 102.144374
1018.323052 476.631887 49.114051 103.036355
1016.448915 475.586467 51.436960 103.125070
1018.139108 476.050206 50.156481 105.351040
1016.831831 474.732087 51.545473 110.613618
1018.496891 472.857616 49.908550 112.967293
1018.016140 473.079647 49.881252 109.483349
1018.712807 473.097331 50.052690 105.759365
1018.622774 472.354687 51.173768 103.260219
1017.575259 470.714145 52.810197 101.940986
1017.739654 470.757772 52.229554 102.672129
1019.142799 470.567246 50.118269 104.307341
1019.362821 470.844873 50.932756 104.846676
1019.557803 471.830510 50.492515 103.307851
1019.216254 472.564975 51.645362 100.590812
1018.448928 473.044630 53.593507 100.009446
1018.749559 473.212994 53.106598 101.357099
1019.076165 472.688193 53.076729 104.052246
1020.210210 473.081966 51.881781 101.521018
1019.936848 471.147511 52.734529 102.382718
1020.294555 470.461312 52.476086 104.804320
1021.846476 470.111311 52.674453 104.782743
1021.989051 469.914049 52.943329 103.919922
1022.818547 469.400857 52.573652 104.638577
1023.383703 469.328624 52.278397 104.130810
1023.551131 469.426824 52.400693 105.066465
1024.484782 469.002305 52.410803 106.406488
1025.726649 469.815642 50.996654 106.273513
1026.678924 470.033827 50.732093 107.476917
1028.215084 471.571765 48.697659 105.781142
1029.267396 471.625273 48.069435 107.049775
1029.435556 473.070918 47.649895 105.982252
1030.060662 473.641855 47.291692 107.224764
1030.368435 473.672716 47.433409 108.548071
1030.099977 473.425726 47.495586 108.578946
1029.562842 473.350681 48.442102 110.455911
1029.535210 472.898556 49.077841 111.943427
1029.708138 472.132275 49.768183 111.839740
1029.866275 472.330322 49.485058 108.390801
1029.241916 473.260470 51.133374 102.953265
1029.521190 473.370507 51.161177 102.531911
1030.303209 473.335640 50.349471 103.624776
1030.252881 472.949600 50.582715 106.333606
1030.623929 473.522901 50.216707 106.726433
1030.587586 475.542653 50.107432 105.658752
1030.682753 475.699106 50.073102 109.567218
1032.314988 476.988880 49.509683 112.098766
1032.333995 478.390311 50.051829 105.043453
1030.197798 479.743333 52.507645 110.658617
1031.588006 479.369285 52.366464 115.701370
1032.714493 479.228128 52.262831 108.322514
1032.930442 479.283627 53.084260 116.106914
1032.776780 479.321539 53.485468 115.595074
1035.855634 479.400674 51.358612 114.613888
1037.079843 479.156320 51.672266 113.956451
1037.552802 479.038047 51.590149 111.302228
1038.799878 479.758512 50.529932 108.905690
1039.051039 480.105692 50.921305 107.734163
1039.265016 480.688948 51.066468 106.134837
1041.253166 480.380253 49.899226 109.074396
1040.807678 481.216553 50.753403 109.028870
1040.266040 481.290809 51.874543 113.038780
1040.731326 482.033535 51.643409 115.046140
1040.564318 482.752713 52.855035 115.236742
1040.510505 483.097453 54.281020 116.322836
1039.229799 484.139052 55.023604 117.791404
1039.498482 484.256883 54.451773 105.389847
1038.703457 485.095376 54.704961 116.910599
1038.035474 484.726677 53.385012 110.576587
1038.056861 485.580833 53.434385 117.436849
1037.791484 484.276729 53.722943 115.016099
1037.746625 483.873592 52.365464 115.318513
1036.602951 482.822038 52.294551 118.003100
1036.399500 482.691191 52.123879 115.185808
1035.965290 483.316272 52.372458 115.777986
1034.620220 482.830041 53.167956 114.742237
1034.935409 483.831284 52.656032 113.477940
1034.967272 484.345413 52.334157 111.831150
1034.889396 484.904637 52.747018 109.861288
1035.061188 485.763182 52.210416 110.873271
1035.733217 487.097839 50.886424 111.423716
1036.315279 487.596572 50.610278 113.461502
1035.859279 488.813439 51.233406 114.123176
1035.947368 489.493064 50.646869 115.586625
1035.846231 491.538055 51.264480 117.574465
1035.939413 492.635703 50.858842 118.470838
1036.344303 494.003857 51.367592 120.055008
1036.398087 494.872584 51.148754 122.372447
1036.814637 494.641317 50.144386 124.204693
1036.910696 494.903900 50.508872 125.305371
1037.874722 494.660687 50.922204 126.774877
1037.604264 494.566178 52.151751 125.184784
1037.470860 492.700910 52.386963 124.957265
1038.591851 492.136309 50.930011 123.969771
1038.571793 490.937620 51.230209 122.144968
1038.975218 489.605931 51.127206 118.285314
1040.533856 490.403367 49.650248 113.163752
1040.044658 486.983140 51.077669 113.367494
1040.682424 487.125556 50.316903 109.337903
1040.791594 489.259092 50.348967 104.080579
1041.016327 488.004402 49.979463 103.851755
1042.328081 488.547351 49.090075 105.107959
1041.757717 488.563369 49.055708 110.062761
1041.532425 488.619409 50.336885 113.870327
1042.094662 488.026292 49.772152 116.975737
1042.807854 488.412237 48.382413 118.736108
1040.751699 488.971711 49.150899 120.440117
1038.556064 488.480747 49.620879 122.689543
1035.929362 488.364117 49.383771 124.966545
1033.382196 487.697902 49.069155 125.943490
1029.918793 487.796182 48.317962 125.411717
1025.447290 486.682253 48.254004 123.990903
1022.129221 484.457523 47.043893 117.867653
1017.939131 482.533807 48.154287 114.130346
1016.220613 479.877836 47.826109 111.596656
1013.142936 476.462051 49.395475 109.963640
1012.438909 472.349797 49.551203 113.065758
1012.186401 470.707815 48.757815 116.140206
1011.763606 469.918908 49.617602 114.377969
1011.994262 469.469165 48.690836 111.234335
1010.084152 468.833822 49.833680 114.604385
1011.402732 466.691422 48.586776 118.077675
1010.270423 468.086475 49.311152 116.170193
1008.920089 466.491221 50.608437 119.908887
1009.091957 467.342669 50.494630 116.411986
1007.177506 465.916960 50.864416 122.439174
1008.347891 464.621292 49.923033 121.830043
1007.108912 463.577127 50.091872 121.402396
1006.003074 463.100154 51.291412 122.238886
1007.290771 466.278526 50.923720 117.721217
1006.163687 462.864793 51.013912 118.550350
1005.843997 462.837238 50.916054 118.098162
1007.509879 462.918456 48.791110 116.785114
1008.075445 464.274339 47.996660 113.370203
1006.490756 460.274151 50.093746 115.410546
1007.622956 463.002486 48.177864 111.815706
1005.982836 465.725738 49.792425 109.994639
1008.401326 465.538025 47.945178 111.607947
1006.486976 464.890553 49.483292 110.968972
1007.858544 466.022536 48.402700 105.910944
1006.944166 468.422010 48.340188 106.774193
1005.781446 466.722492 49.911861 107.375472
1002.897175 468.630441 51.405575 104.611685
1003.251740 470.011775 51.027557 106.127748
1003.148523 470.183853 51.973660 104.565050
1003.545764 469.453082 51.084862 104.294469
1002.553078 471.536989 51.224171 100.455201
1001.231162 470.813108 51.121644 100.996934
1000.012185 472.094644 51.506985 100.327330
1001.269586 469.225253 53.849214 101.300664
999.672741 473.040562 52.744167 89.702625
999.290837 476.803021 51.999133 82.342218
1000.292409 481.843227 51.850219 85.730423
1001.894385 479.082452 51.271882 79.637095
1001.801365 486.017655 44.014981 79.925966
999.712644 490.321625 43.411300 78.672363
998.879899 489.597084 43.604185 83.447988
998.919400 490.472659 49.921467 71.302075
1001.197645 495.625761 42.404193 72.029356
1001.598461 496.142022 42.046768 71.449156
1000.764410 499.583365 37.479554 71.997667
998.980747 502.280150 39.114795 67.979860
999.457564 504.619674 37.986424 71.286000
1000.854793 505.077803 43.158989 62.349780
995.028527 506.418706 40.890075 76.575914
983.301861 513.366388 58.786048 66.148816
978.847581 517.706429 59.530843 70.839378
978.291153 545.531277 53.568237 82.653619
1033.084258 557.800013 44.402400 93.888492
1027.191996 557.020255 49.620069 90.716990
1030.085787 556.706868 42.671270 97.508167
1029.562429 559.051505 41.928071 97.774371
1028.504253 560.085353 42.004197 99.984389
1025.289611 560.731149 45.141193 102.023400
1024.946894 560.397335 43.109834 102.165594
1023.834569 559.752860 43.446892 104.603168
1022.238488 560.081914 44.381772 105.682273
1020.896544 558.241488 44.475415 108.467306
1020.618026 558.745515 43.317625 107.865256
1019.169255 557.104223 43.117738 110.216083
1017.514319 556.908440 44.173345 107.043553
1017.071494 556.308658 43.369708 105.341719
