1333.000000 494.000000 56.000000 130.000000
1331.171391 491.564265 53.282722 119.806888
1327.693819 501.533784 55.579639 110.618738
1331.659132 503.333492 52.429066 108.535385
1332.675778 503.358020 55.056791 109.196304
1334.578202 499.913253 53.253003 114.652838
1337.152064 499.820932 51.306088 113.822008
1339.314408 499.158099 51.850641 115.014624
1339.942017 504.660002 50.732294 111.025740
1339.418695 505.661769 52.043392 113.471807
1340.721536 510.607281 49.381341 104.705932
1339.823765 505.531441 51.899870 115.451888
1339.810457 508.109065 52.203095 109.065980
1341.169686 506.803090 50.836931 110.173189
1345.314121 491.967235 49.221748 118.758169
1344.274973 483.632891 53.774607 123.335134
1345.783092 482.121084 54.941021 123.977248
1347.006161 480.534844 55.885490 122.690852
1349.603902 477.774328 55.198042 127.960108
1352.454844 481.025752 53.680771 124.616858
1351.178855 474.679797 59.059412 132.285840
1354.505793 474.729923 55.741140 133.121523
1354.369811 474.367730 58.359708 132.268312
1353.151045 475.260159 59.162749 135.005646
1357.601943 473.956421 55.929404 137.007125
1357.866857 474.084312 59.477574 138.219555
1359.962128 475.487740 59.287197 134.700762
1361.687544 473.341082 59.673982 139.265645
1361.650940 474.329786 60.920329 137.133547
1364.915481 474.014592 60.803609 133.925165
1367.602883 472.725715 60.616417 129.550024
1370.071673 473.154220 61.272535 130.639537
1371.031190 471.779279 60.850634 129.960753
1372.474799 469.640667 61.147651 133.411474
1372.508012 470.150910 60.932877 133.187881
1374.658693 467.813982 57.932379 135.670182
1375.804730 467.075975 58.293608 137.156482
1376.611860 469.602949 59.434264 138.369783
1378.142624 469.499732 59.196896 139.144804
1377.898303 469.381493 60.049904 141.701433
1378.193923 468.415967 59.834252 140.911976
1378.153632 469.654871 59.577860 140.052332
1377.602800 467.602777 59.060897 143.264305
1377.416178 469.442589 59.117091 142.337033
1376.822282 468.354425 59.098743 143.871350
1377.486168 473.940662 59.266611 132.026050
1376.639981 469.455171 58.683191 138.624719
1376.203011 467.477941 60.246858 137.675543
1376.331887 467.880468 60.392748 136.365488
1376.261774 472.117727 60.697917 132.638597
1378.380256 472.446282 60.620654 131.391132
1378.197381 469.197160 60.205225 133.877150
1378.086585 467.617220 60.408106 135.112065
1379.025758 476.945889 61.159501 127.788104
1378.387600 467.757611 58.701484 138.911458
1379.004156 471.765007 59.717939 136.993104
1379.645681 470.470534 59.886401 139.625829
1378.931296 474.407423 60.946102 140.006372
1379.768001 471.356381 60.688452 142.235575
1379.644053 476.684718 62.190681 135.594614
1380.847810 471.654558 58.776807 137.579435
1381.079438 473.132800 60.573360 135.668733
1381.079662 474.928018 60.651025 126.713255
1381.322978 475.785378 60.173752 127.678751
1381.830401 472.723850 60.175898 128.347589
1384.689331 476.526308 59.237224 126.152434
1383.431502 473.440481 60.380071 131.671090
1385.501900 472.657083 57.465743 135.372392
1385.647726 472.877036 58.328913 137.607348
1387.741228 474.007152 58.490413 136.309712
1387.731885 474.036478 57.468102 135.878203
1389.989461 479.507632 54.844035 129.732917
1391.204214 472.358311 54.616752 136.678057
1391.349088 474.006121 55.822914 137.778149
1393.243150 472.382124 54.234683 133.874326
1395.774670 471.079298 54.433237 139.017289
1395.434782 473.430851 54.716287 133.905568
1394.944494 467.543879 55.933907 140.198855
1395.603916 467.562885 53.775914 137.073397
1394.739402 467.913849 55.822680 132.304141
1397.401838 464.324355 55.312657 139.083820
1396.997115 463.525292 54.404462 142.472879
1397.763958 464.310766 53.669517 140.109983
1399.599777 466.633510 53.948984 140.534533
1400.728083 467.662390 53.478793 141.782174
1403.723112 467.269315 52.120341 143.166973
1403.094143 464.419823 52.268256 145.819104
1403.201085 465.170626 51.858184 140.807671
1403.325226 466.433739 48.332024 141.119415
1400.236453 464.950921 50.349738 142.239800
1404.248208 462.418216 50.003146 139.154995
1402.577413 462.591842 52.378569 139.901975
1401.770994 459.626961 53.668998 141.308409
1404.728347 459.447653 50.640439 143.505027
1406.726337 458.462757 51.796097 145.554720
1403.522845 458.367592 58.043653 144.669232
1402.313389 459.748388 58.601950 146.834285
1405.899022 460.690205 55.692948 140.830863
1407.336327 464.324038 55.368755 139.566366
1408.326402 464.145362 54.178429 138.128950
1408.900007 464.687509 54.779054 132.880711
1409.958867 465.265528 56.069400 136.079193
1410.783831 467.737329 55.197420 132.972991
1411.606945 467.632059 54.974366 134.369468
1412.537615 467.874345 55.261209 135.351875
1412.280650 468.273900 56.386825 130.655776
1413.232865 467.806030 56.035690 131.328807
1414.291720 467.489388 55.695402 131.645449
1415.958943 467.175161 55.074050 128.736851
1417.291022 465.198793 55.475706 128.782497
1417.442907 466.267876 56.283941 128.224137
1418.004569 465.955410 57.876242 129.357238
1418.127878 468.321028 58.357491 128.684955
1419.291205 465.438113 58.534233 134.264124
1422.445069 468.515146 55.821756 133.347032
1423.779950 467.579140 56.989223 131.278743
1426.018966 467.276134 54.281998 132.007302
1426.966114 465.828456 56.486305 135.423316
1427.383903 467.692167 56.787291 132.711910
1427.973363 467.012557 56.665570 135.152048
1429.423213 466.064646 57.967724 129.168171
1431.996628 466.936243 56.349779 128.423587
1433.276315 464.562152 56.951622 133.119451
1434.175695 466.078530 57.421888 133.049081
1437.309457 463.853949 55.358953 137.513432
1436.810496 462.419414 56.503067 138.260232
1438.172790 463.981802 58.391092 136.360350
1439.602973 464.222539 55.467635 142.187761
1442.555339 465.290002 53.440417 138.061852
1443.200417 466.166876 54.546875 142.513412
1443.494051 469.037201 58.976556 127.429831
1442.893611 466.340723 59.648101 129.792054
1442.546989 467.885597 61.946694 132.920532
1447.672462 469.246621 58.546935 130.999951
1448.171646 466.031925 62.855512 134.544212
1450.148783 465.921969 61.064297 131.689802
1450.311396 470.565643 66.886419 128.370233
1452.651496 468.480336 68.903133 130.871336
1451.417930 469.968903 72.049427 136.942209
1454.624655 469.132348 64.057877 131.257713
1460.227624 472.044317 62.532944 127.831860
1454.687700 469.072430 65.997905 140.456530
1458.651518 473.977547 68.666743 135.425370
1456.016914 472.024431 71.927929 146.995888
1459.685742 472.095525 67.242983 142.962972
1456.403299 489.166470 74.226991 131.340069
1455.813901 478.076606 72.887997 140.491168
1456.188692 484.518727 76.187654 140.081096
1456.269464 478.708638 82.382970 143.998485
1474.528585 511.396059 95.796971 150.143002
1483.023228 532.183292 73.419836 115.238047
1467.412624 512.790269 89.289145 152.947428
1474.578888 525.135416 79.664371 128.041262
1459.371673 472.077743 73.868801 164.340649
1474.389938 512.916879 87.103731 132.055133
1465.061661 459.018896 63.165902 140.689338
1472.940005 521.429356 85.932408 120.889952
1475.364758 512.554315 69.113463 130.477221
1486.252337 552.458682 64.736516 145.932159
1451.209266 471.427465 60.752084 126.239250
1453.499324 465.398742 69.202394 139.514470
1457.427945 510.559922 65.365399 122.258705
1448.971115 529.266146 76.408666 116.785275
1431.145611 474.999019 72.781086 152.082632
1424.119473 456.146600 57.490041 140.569606
1424.052442 471.602116 53.633999 124.994219
1410.697440 459.523503 52.746951 134.861567
1410.958880 458.945732 50.872785 134.698087
1398.551580 459.568833 55.751057 138.841999
1397.516830 459.410699 53.616320 134.317422
1389.038008 449.789404 53.284792 134.810384
1381.331382 461.570535 52.746741 120.717675
1377.657841 459.920532 48.607698 121.640203
1372.788024 454.634956 53.314140 138.718140
1366.503096 459.613536 52.986124 130.507567
1359.517079 458.760584 54.457009 126.424287
1350.867903 457.128471 55.113703 127.144719
1352.301443 453.222987 57.313294 134.970011
1344.667334 462.791201 49.114303 128.776812
1342.947910 456.502842 54.964689 125.290778
1340.589386 461.441533 50.790906 117.611557
1336.708792 457.651071 54.827315 125.996792
1334.494226 459.566563 55.225592 120.886732
1332.167205 458.682206 53.539543 121.466880
1327.603918 454.292481 55.518903 130.094086
1329.995115 452.106823 54.628273 133.752939
1329.246450 458.718547 51.102020 125.842709
1320.097982 457.023205 56.147557 128.305856
1323.808256 461.595686 51.817134 126.971372
1320.458002 462.698619 51.898902 130.387566
1317.672941 455.911715 51.583421 134.882582
1313.966291 453.156145 55.106464 138.650408
1313.583348 458.311337 53.182362 132.919215
1308.699542 450.889807 53.340810 141.082810
1309.283172 459.878311 52.146707 127.812472
1303.740532 453.460389 54.744449 134.836487
1301.126593 459.688093 51.874699 127.584279
1304.472290 456.522383 54.795953 130.602027
1299.668338 461.614435 52.538247 121.934786
1295.983157 457.560633 53.273445 124.851026
1297.466178 461.619832 52.622535 123.978794
1293.685931 460.417064 53.317458 126.767379
1291.225231 455.729685 56.593952 133.921750
1293.508130 462.514352 56.001072 128.994040
1291.049202 458.811911 56.143721 135.696521
1292.285423 459.044806 53.177588 130.516766
1288.052987 470.120882 53.614029 120.777927
1289.580459 470.201689 52.952969 126.634710
1287.707489 470.788361 53.225088 129.282759
1287.011395 472.110053 50.799584 126.516235
1288.970165 472.073396 50.012850 123.623432
1283.532814 474.767167 50.970293 123.041757
1283.896718 476.161249 50.245989 117.243035
1274.257899 469.119059 47.658530 122.691551
1272.790839 475.400768 49.515050 117.007188
1276.489848 479.028720 48.873740 115.946518
1268.036330 475.197555 51.196930 122.918178
1270.414959 475.469144 52.064676 116.840370
1268.087285 473.871002 52.890658 124.022715
1263.396664 471.903004 54.755161 124.028202
1255.655516 469.990964 58.313140 132.021133
1258.876363 478.788920 55.920097 111.611988
1253.655696 479.599023 57.281168 120.843445
1250.285614 474.987500 52.257648 128.579710
1248.108555 475.104312 55.593132 127.238104
1246.793982 479.073574 54.418518 120.863149
1242.928533 480.351851 53.721000 116.988170
1239.093653 480.389428 56.578271 121.736475
1240.800729 484.334508 52.704877 117.165898
1237.370047 481.913178 57.255708 119.776251
1235.870449 482.903387 56.891461 123.222082
1238.933659 482.644602 53.613341 121.745577
1235.036735 477.657226 61.117126 138.276700
1241.285409 480.112937 55.269828 129.058098
1237.009250 476.703024 55.348553 133.422725
1239.043981 476.737105 54.303354 135.011194
1239.680386 476.625778 58.809295 136.042932
1237.813349 474.351774 56.344387 137.355197
1240.137154 472.698916 55.236648 141.535657
1236.567713 475.834680 56.194608 142.838791
1239.776383 479.911223 57.957838 133.863770
1238.768377 475.037478 58.554105 140.844637
1239.815866 478.346988 58.506804 133.291733
1240.954867 477.965173 57.724617 131.820256
1239.890036 477.424687 61.156258 132.106458
1240.175738 471.086308 58.516744 136.685410
1242.850873 474.609286 59.368482 133.827529
1243.772863 473.691800 59.747257 137.456863
1245.757199 475.406826 57.831961 137.993989
1247.631481 476.758962 58.372142 139.355171
1248.148474 478.379269 58.442732 141.016216
1248.791581 476.904157 56.481499 140.575010
1250.524948 482.791941 56.709026 137.334151
1252.494252 478.904117 55.781143 141.272566
1253.551750 488.645902 57.490136 130.739436
1255.148378 486.745895 55.495976 134.024593
1255.526860 490.356183 57.413842 127.618976
1256.695514 491.007947 58.621427 128.787406
1258.571715 492.146317 59.035274 126.151867
1261.153799 492.471961 58.635672 125.450867
1261.233245 490.304012 61.170619 129.242772
1265.271013 492.198293 57.343163 129.088043
1266.005259 493.022432 59.485731 127.895369
1267.012958 494.553473 57.668103 129.136147
1266.576911 497.220434 62.928894 130.926183
1267.644156 496.552888 61.843999 132.762650
1268.469897 496.209327 63.138573 134.426050
1271.981652 496.932255 58.630163 134.530723
1272.170044 499.429957 62.563947 134.016893
1272.992075 497.156551 62.096435 139.469206
1275.412784 499.064131 62.160160 132.297534
1276.268995 498.086480 61.800344 132.042596
1276.880946 493.508176 63.557305 137.350135
1280.192373 498.369419 59.539406 131.349469
1281.310010 496.475005 60.516861 131.979032
1282.105388 494.320381 60.864893 134.467526
1283.124981 496.881948 60.472767 128.811319
1284.423765 497.944229 59.105810 131.063306
1285.304006 496.687693 58.654429 136.563142
1286.214937 501.443666 57.198995 133.915899
1287.496467 502.249090 58.809754 136.853099
1288.796281 505.214995 58.045758 133.677772
1289.089660 502.677602 56.813377 134.509311
1290.222707 505.144874 56.722516 134.246466
1288.389788 506.309720 57.491417 133.477850
1286.665278 506.579624 58.804070 129.400299
1286.318104 507.399168 59.976939 127.719833
1285.482665 506.828420 60.653306 127.878202
1286.908996 508.368347 60.716923 123.955614
1287.119231 507.736158 59.897538 128.742936
1287.908926 508.692943 59.095161 129.393064
1288.716225 508.004652 57.295111 130.673838
1287.011997 508.292421 60.775244 133.187163
1287.822111 509.914377 60.410861 133.609470
1287.813065 514.608416 58.316360 129.584703
1287.876590 513.453068 58.336697 133.006816
1286.912075 520.339247 58.693404 124.179900
1286.825011 516.501142 59.367752 130.460731
1286.310361 518.688068 59.707947 129.562632
1286.227149 517.342591 58.642569 131.201751
1286.403420 518.332370 57.618073 128.048433
1284.528594 518.635728 60.007787 127.000465
1285.480104 520.132248 59.582351 123.579380
1286.107536 518.880521 58.098656 125.490355
1285.345459 518.208073 59.002096 131.486897
1285.987213 518.043928 57.257792 128.186608
1284.676523 520.106456 57.756976 129.988061
1284.226715 519.369042 59.415006 132.734188
1283.133824 523.889836 57.332351 128.498858
1281.371620 518.533261 58.047814 135.533264
1280.557931 520.465774 58.210401 132.682451
1279.457155 519.640652 58.502892 133.640411
1280.032090 524.493325 55.847836 129.787008
1277.004462 524.395490 59.462939 128.675632
1278.069832 525.634257 56.947258 129.315713
1277.731957 524.302135 59.752018 126.368237
1276.778139 525.726953 57.149735 125.475252
1276.161027 525.437300 58.960598 125.691721
1275.362296 525.967683 58.320058 128.285169
1275.285051 525.668862 58.478931 128.689363
1273.469517 523.466744 60.365660 131.504681
1274.672084 526.556220 59.538539 131.898247
1275.161254 527.174300 59.241441 135.186098
1275.343716 527.346365 60.618012 138.183357
1275.487363 528.848817 58.079155 136.902956
1274.065947 530.043652 61.550636 136.677882
1275.419988 533.401844 59.824417 129.873914
1274.403282 533.138580 61.486658 135.352206
1275.161075 535.124751 59.840964 128.902196
1274.602785 533.884589 61.126716 132.150860
1274.863172 535.069421 58.720993 127.283234
1275.014318 534.459466 59.019397 128.801374
1274.863991 535.595087 58.172735 125.895053
1274.183331 533.271257 60.696337 132.170669
1273.127399 535.812593 61.285218 133.049576
1271.758961 539.242861 62.386708 128.967961
1271.907412 538.964957 61.062718 130.087850
1272.082437 539.503749 61.486397 128.794403
1273.203452 537.559303 63.570476 133.921529
1270.588393 546.042771 58.628660 124.715810
1272.511718 545.112172 61.551656 130.896972
1270.831687 547.522876 60.077573 127.513979
1270.800608 544.546270 61.285748 129.298892
1269.730589 545.291612 61.515893 129.224658
1269.654130 546.591755 59.712147 127.082113
1269.174573 541.645622 61.624657 128.818907
1269.823020 542.492655 60.826024 131.733976
1269.209176 541.000367 61.070254 134.750492
1268.823735 545.376498 58.687084 128.711095
1266.560032 546.032693 62.231189 131.905442
1267.405146 542.284644 60.228282 135.835333
1265.615738 550.589626 59.285155 130.160226
1265.025588 545.596097 61.169390 137.207530
1262.710655 545.769550 61.356037 134.429294
1261.999616 543.051979 60.707384 140.792581
1259.723541 543.225421 59.983166 139.084623
1256.434719 543.908505 60.567385 137.653264
1255.596560 541.782821 61.071551 138.515400
1253.972079 545.774356 59.881335 130.403945
1249.475584 544.255260 57.042322 126.429569
1250.388747 544.960980 53.367267 121.903764
1244.524626 540.927494 55.444623 123.341253
1243.706076 526.996706 60.339739 135.428717
1242.501227 532.027715 51.495381 126.241413
1237.589039 517.044309 59.929047 135.139230
1235.324736 520.629920 56.138524 127.924863
1230.460205 510.966305 61.414868 134.298235
1229.747492 511.111585 58.018112 132.849222
1225.481486 505.966004 59.277892 134.228440
1222.962188 495.793500 60.728750 138.626918
1217.169398 484.631031 61.074787 145.860810
1215.188260 486.471141 58.994036 136.970824
1214.343145 490.601274 56.644691 130.667271
1211.042178 477.169593 56.630168 138.463725
1207.854791 473.917966 56.335899 135.075980
1206.320513 463.696055 54.916396 137.809747
1204.388739 465.000358 54.746287 134.704308
1201.232998 461.596109 54.177231 133.854365
1200.557462 459.338400 52.741619 134.396277
1199.049681 455.968515 54.370601 133.964493
1198.672232 458.868229 54.784794 129.810517
1197.198465 457.997775 52.592714 122.474998
1196.450545 453.565266 52.291196 125.613117
1193.965859 449.669551 53.309112 125.729231
1192.012034 440.098145 54.198867 133.239025
1190.785223 438.945711 53.967901 131.570054
1189.812828 434.381810 52.595688 131.653180
1188.836929 431.410504 54.380577 129.480206
1187.285150 432.097426 52.125315 123.241108
1186.660936 427.464757 53.298641 124.763992
1187.244019 433.066126 52.262966 119.076359
1186.622398 430.824558 52.896953 120.616700
1185.523047 431.985137 54.913863 122.256519
1183.153927 433.120483 54.861950 122.441657
1184.491296 434.452270 55.289413 122.023973
1182.137303 439.975152 56.568679 116.395301
1179.140536 440.603740 61.915902 120.334542
1180.317476 441.736370 56.695875 118.345166
1181.406787 443.318103 56.643082 117.121806
1177.613984 441.326868 59.309203 122.090791
1179.011419 439.667647 57.386020 123.932427
1174.975975 438.532792 59.334252 124.734419
1176.263406 439.783483 57.143074 124.014399
1173.217077 441.725492 60.460960 120.088029
1176.866595 439.642339 56.117785 121.587839
1172.097991 434.084526 59.746663 122.211808
1174.131177 433.314989 58.718583 128.721277
1170.379455 435.087999 58.506734 128.151714
1171.360675 436.172883 58.991207 128.035864
1171.083267 437.262820 56.966601 132.089830
1167.210241 436.676342 63.700128 131.778728
1168.178526 438.601272 57.028814 135.512854
1166.060460 436.565567 57.710608 133.715389
1166.181740 437.302596 56.564753 138.007823
1164.945268 441.576573 60.136608 130.679699
1164.802154 445.048755 57.453615 125.361405
1163.161729 446.442839 60.149316 122.705049
1161.359748 450.222475 59.733733 117.669525
1159.075460 446.765268 59.938998 119.183762
1160.085802 450.777012 56.705111 114.905366
1159.497777 452.445633 56.638400 113.629811
1158.788054 454.006619 56.822830 114.058301
1155.112140 447.641740 61.548852 123.551026
1157.041909 448.702978 58.035572 123.176675
1152.573982 452.976936 61.896118 121.973232
1155.470410 455.590481 58.350206 121.380065
1150.365689 459.194693 59.707383 118.064792
1154.569084 457.333805 57.099204 125.919293
1148.310397 458.014495 59.308956 122.341604
1151.050912 458.494950 57.649450 124.412980
1145.643889 460.843102 59.443790 116.945215
1146.507026 454.279183 57.271057 121.275091
1143.180139 456.930062 57.307320 118.611875
1143.570392 457.281406 55.573281 115.774168
1143.260956 449.060533 56.642279 126.713918
1142.439638 452.018621 56.517645 124.001206
1141.679183 447.128028 58.470914 129.626442
1139.574804 445.897566 58.480297 131.961878
1138.696537 450.247381 56.560879 126.022145
1138.580770 447.262631 55.579357 132.814498
1137.564326 453.298126 55.286833 125.841557
1135.669470 443.656734 57.114213 136.804489
1136.231703 452.571746 54.618632 129.546215
1135.194174 446.178252 56.986587 134.858570
1133.231477 453.569091 55.468986 127.757834
1131.652471 451.857907 56.538700 129.399401
1132.264845 452.928820 57.886273 126.664052
1132.058008 448.261937 56.671116 129.333761
1128.499300 452.490664 58.562094 123.038396
1129.707793 449.601485 56.904339 127.936502
1127.006341 454.765258 58.045094 118.137525
1127.512236 445.292669 60.101209 133.311388
1124.666231 451.599651 59.063264 128.570965
1125.774075 450.488758 59.895441 130.037985
1122.105758 452.921996 59.783502 127.386335
1122.728806 457.130949 59.573953 124.174669
1119.736204 455.214900 58.382606 129.546956
1121.246407 461.555516 57.181296 121.041763
1118.369655 457.976462 58.953534 125.066299
1118.818588 460.523439 57.564390 120.078135
1119.850888 454.968338 56.314314 128.529632
1114.509598 457.716352 55.203610 119.661516
1117.815591 460.143923 55.281664 118.151289
1115.178130 459.930691 53.691870 114.427266
1116.709764 444.847502 54.980448 130.083260
1115.054438 445.335740 58.838591 129.962315
1113.496203 441.342595 57.656367 136.059509
1112.285101 440.654090 59.892895 135.753266
1113.937509 442.606368 57.036691 138.398677
1113.586099 439.878478 57.876536 141.711960
1110.568000 433.381921 57.876554 145.768901
1111.586486 434.688506 58.835058 143.063544
1110.221823 436.359383 57.629532 143.397004
1109.601834 438.062407 59.798349 142.748600
1109.915645 444.145305 56.314764 136.548154
1111.803444 443.135757 53.475091 136.338505
1111.502273 444.424684 57.187363 131.345903
1109.845319 432.155133 54.958975 140.959637
1109.010791 428.499240 60.133259 145.960072
1110.148862 426.308429 59.984963 150.159242
1109.438578 422.831368 61.286388 152.718152
1108.453774 429.250930 59.722041 147.292813
1106.368046 425.439035 62.073854 152.145298
1107.692876 429.205609 58.763077 151.529489
1105.261269 430.096662 61.561790 150.306986
1102.798753 434.407894 63.110671 141.088942
1101.673338 433.206404 65.147857 142.138097
1101.281552 430.484555 63.950866 148.564910
1100.377865 427.360367 64.122297 147.553477
1100.588639 431.191984 64.242857 143.117997
1099.379698 427.123414 65.239534 143.073765
1098.562740 428.893216 64.443727 139.744481
1098.828093 425.823595 66.084258 141.945173
1100.925499 430.255690 62.454743 136.771459
1105.195186 424.820927 60.853326 142.221097
1103.879697 421.738512 63.059717 147.482664
1107.794308 417.862665 61.430408 147.134149
1111.477208 422.568924 57.166170 146.050268
1110.620394 417.413818 61.354048 151.302656
1112.956443 423.325424 57.912269 142.126879
1111.103508 416.413716 62.312969 149.921339
1113.271365 414.924319 57.826251 149.525202
1113.228416 415.042188 57.221421 144.188066
1111.822286 412.044486 58.116722 141.579258
1113.281668 413.602708 55.289714 138.966710
1112.391516 410.798037 56.108166 139.236159
1110.897930 407.658755 56.964126 142.205593
1110.509504 407.360941 54.304399 143.057322
1109.256402 407.112642 57.454878 143.902393
1108.769687 406.703783 59.333493 145.672643
1107.341701 407.201886 58.633027 148.193074
1105.921466 406.518074 62.313691 152.526341
1104.791062 408.440020 63.197394 142.616880
1104.254678 407.311983 62.034607 150.043012
1101.826845 407.640784 63.285780 144.897969
1100.367964 407.464138 63.902017 145.551892
1099.370099 406.110994 63.162616 146.954395
1099.471049 406.510905 64.024211 141.271396
1098.920712 404.788682 62.305541 140.468987
1097.526164 402.080957 63.102487 140.408883
1097.622732 400.623429 61.779946 139.107523
1096.630020 398.644181 63.025729 142.432728
1097.072348 399.227439 62.011195 141.461878
1095.913778 398.623445 63.476676 145.840290
1096.078643 398.856270 62.957718 143.901038
1096.515591 398.750450 61.302831 145.850187
1095.932850 397.962054 61.961222 144.842379
1095.887457 398.091299 61.812080 148.888186
1095.998626 399.092311 61.374532 145.003636
1095.509292 397.250520 60.104786 146.785445
1095.080957 397.892818 61.345903 143.862662
1095.048282 395.478348 60.852190 143.148494
1095.262797 393.973162 61.245484 145.554502
1094.052718 391.625475 62.267748 149.244963
1094.895602 391.675163 62.097659 148.495800
1093.213935 390.603155 63.541528 148.509871
1094.387740 389.999039 62.339538 150.604626
1093.405727 390.168292 62.292495 151.480684
1093.845352 390.216120 61.766884 154.562437
1094.421175 390.338344 60.549042 152.447664
1093.826788 391.510250 61.408004 154.944274
1093.688713 391.448966 61.513254 155.380795
1093.610910 391.589233 60.051119 155.347527
1092.896256 391.085848 61.317571 155.121582
1092.818290 390.918269 60.921277 155.659261
1092.311690 389.682173 60.538843 156.455596
1091.933440 389.462584 61.178153 152.662694
1092.357039 387.643358 60.483359 151.804592
1092.763836 386.668015 60.634089 151.025664
1093.365039 385.625598 59.847659 151.005352
1093.840099 385.398282 60.146152 153.484346
1093.832997 385.248918 60.055730 153.184182
1094.767169 385.343579 59.544728 151.888022
1094.811602 385.512582 59.526973 155.026447
1094.854135 386.305986 60.139652 154.228049
1095.777388 387.469244 59.447438 149.097141
1096.204130 387.927867 59.761138 151.797985
1096.731510 387.625576 60.247609 151.468199
1097.022021 387.927687 60.038794 147.481711
1097.184013 388.150092 61.280126 146.564873
1098.025222 387.068145 60.746934 148.330798
1098.939313 385.757840 60.709819 147.836103
1099.510213 385.793326 60.487352 146.972378
1100.025217 384.881861 60.670649 148.296234
1100.752290 384.725999 59.228126 149.634186
1100.814853 384.302523 60.220912 147.638852
1102.047562 384.751443 58.966897 149.650429
1102.864907 384.527893 58.496468 150.565428
1102.479272 385.253634 59.378864 151.887278
1102.811600 386.333270 59.376412 155.188537
1102.700313 386.399865 58.855065 153.136392
1102.395886 386.900864 59.740837 151.606772
1102.661426 387.673567 59.341840 147.661947
1101.949457 386.821821 59.896105 147.367098
1102.215629 386.292660 59.201026 149.591549
1102.847111 385.575551 59.463608 145.927679
1102.697050 385.210640 59.232552 144.292198
1104.088959 384.445672 58.772807 145.699877
1103.715510 383.757341 59.439457 147.919123
1104.707219 382.821816 59.643157 153.611642
1105.053817 384.236774 59.720706 148.639435
1105.816765 385.007685 59.418239 153.244625
1106.931306 385.082650 58.700774 156.929759
1107.140660 385.226721 59.918856 157.879502
1109.373491 386.089932 58.464233 157.399928
1109.299355 387.177739 60.177110 149.360450
1110.756411 387.504194 60.984504 148.724723
1112.596766 387.504194 59.782055 147.310705
1112.405584 387.627815 61.021272 146.811210
1113.404001 386.680272 60.521082 149.009140
1114.118032 384.665124 60.567439 150.156951
1114.990052 383.918947 59.459349 150.307309
1115.243694 383.417721 60.441783 154.165960
1116.187667 383.290363 59.652690 156.390346
1117.535430 384.617607 58.864093 156.695124
1117.692066 384.049400 59.861480 157.168709
1118.865363 386.515504 59.323753 158.230791
1119.255917 387.699096 59.011245 157.764020
1119.941060 387.720280 59.368652 159.308212
1119.971575 389.056586 59.739863 158.720704
1120.618220 388.272553 59.712587 159.192179
1120.523506 388.735406 59.757416 156.001577
1121.854012 388.473679 59.213085 157.826404
1121.775801 389.628681 60.568637 154.342509
1121.659582 387.638611 61.916928 153.509724
1121.701786 387.904935 62.685309 152.411894
1122.467589 386.928716 61.873690 155.393358
1122.610930 388.376732 62.993678 153.812322
1123.182267 389.190996 62.137133 157.080463
1125.104732 388.444238 60.918710 160.739447
1127.695510 392.352935 59.060544 158.272199
1126.116136 393.628693 60.696472 160.570456
1127.451819 395.487682 60.146517 161.712980
1129.155340 398.081687 57.664205 160.842939
1128.982135 396.609167 58.701424 162.610411
1130.827482 401.138960 59.166047 155.697655
1131.025876 399.851602 62.799003 156.120513
1132.149630 400.414928 62.816347 153.956455
1131.539113 399.729337 64.385451 155.690800
1133.857597 398.191495 63.049396 154.393130
1133.261416 395.920427 62.850195 154.116571
1135.519923 394.039351 61.404607 155.324455
1137.260124 393.956085 60.137803 154.755692
1137.558751 394.097476 59.622895 155.185826
1138.354586 390.981997 59.752607 158.408451
1138.207123 391.648611 61.336130 157.110350
1139.403739 391.535290 59.646367 158.047509
1139.865288 391.302168 60.363226 158.984954
1142.488519 390.240440 57.826888 159.491487
1142.712279 388.056251 59.547095 159.846178
1143.068539 388.143838 59.065516 158.835565
1142.934716 387.686915 60.638481 157.100254
1144.384575 386.127005 59.220182 152.405062
1144.914815 385.919617 60.000504 147.132485
1145.523412 382.281655 60.267311 146.948585
1146.068693 377.052628 60.358182 151.585517
1146.765944 375.867136 61.241661 153.714146
1149.129891 374.824163 60.020421 156.547928
1148.149140 374.147750 62.566777 158.241267
1150.664645 372.936146 61.284076 160.486755
1150.121463 372.874747 62.922908 159.830950
1152.313506 372.567488 63.182104 160.571266
1151.776910 372.316096 67.641363 160.893162
1153.877463 371.071796 67.146565 162.461048
1154.622081 371.169153 68.645118 160.544027
1156.473872 368.826133 68.758854 159.833002
1156.451440 367.240466 67.442587 160.906803
1159.582590 365.470198 65.667992 160.497993
1162.585766 363.687070 65.211827 155.379037
1164.293046 363.345911 66.673003 153.256939
1168.323552 360.217152 64.889121 154.420668
1171.104735 357.570531 62.853140 156.966335
1173.352637 355.280036 62.675903 160.061638
1174.013896 355.438932 62.773841 159.059737
1174.302384 354.819683 65.047495 159.670184
1175.087067 356.383240 62.017792 157.357513
1176.346866 353.779520 61.282478 160.419123
1177.689962 353.211539 63.280767 162.015167
1179.338231 352.262796 60.062497 161.461656
1180.104403 351.094043 62.123302 161.755749
1180.477204 349.522937 61.419371 161.746878
1181.223950 350.162746 60.927695 157.363159
1182.589405 348.497917 61.003536 154.471116
1183.176651 346.979871 62.262806 150.349912
1183.528522 344.128014 62.616439 151.330296
1183.991519 341.130897 60.897265 152.754869
1185.708924 339.818795 60.224349 154.876442
1185.943634 339.087678 62.265288 156.826499
1187.313292 338.281144 61.216941 159.167058
1188.468555 337.644778 61.338963 160.097220
1188.691293 338.321224 60.739716 157.844979
1191.431885 339.398486 59.256716 156.615823
1191.329831 338.754384 61.157875 156.158550
1193.479304 338.490082 60.365043 156.587404
1194.970262 338.902456 60.192435 156.989119
1195.764353 337.426980 61.266118 156.474347
1197.299189 337.594766 59.929302 153.527116
1198.650407 335.473392 59.738728 149.725019
1200.847798 336.905100 57.652396 148.182541
1201.379535 334.342557 59.014647 150.793149
1201.948961 333.939335 58.304127 152.148180
1202.019920 332.968551 61.136409 154.076835
1204.073333 333.733806 56.727305 152.960192
1204.646728 334.433388 59.779868 154.397055
1205.366800 335.359703 57.521975 156.097163
1206.333396 334.636032 59.696098 157.247109
1207.288742 337.331710 59.174930 154.986125
1207.756326 336.437595 57.639453 154.828918
1207.988947 336.976914 58.189272 155.378713
1206.990385 336.444359 59.146029 156.158254
1205.960603 338.113125 61.175969 149.493757
1205.931624 335.756604 62.909986 152.640230
1205.765917 336.837070 61.301702 149.455999
1206.147718 336.605602 60.645386 147.231485
1204.988682 334.692347 61.148117 151.048068
1206.756979 335.331601 58.195899 150.555310
1205.293941 334.702191 58.651051 156.222670
1205.798651 334.985102 59.920847 155.196002
1205.653685 336.212996 58.442114 156.189854
1205.315419 337.992679 59.258747 157.536696
1206.488162 346.302204 58.744712 146.576037
1205.826731 343.917145 59.452434 148.474692
1206.982270 344.380371 58.831322 150.797511
1206.192277 346.446764 60.086751 151.975200
1206.763794 343.683048 59.339190 156.203876
1207.080484 348.843412 61.069757 147.527642
1206.993512 344.058055 59.240760 154.613383
1206.927603 347.262867 61.267257 150.222798
1206.458305 343.515192 59.688777 152.258269
1207.178615 348.884556 60.266078 145.184299
1207.572477 359.191459 57.146250 134.095940
1206.866578 356.927209 58.452170 138.942469
1205.583859 355.052784 57.363840 145.483257
1206.686953 355.663377 54.381987 147.919287
1204.476247 357.089449 56.165342 148.487012
1204.448639 367.035543 54.727732 139.829988
1202.891148 362.059686 57.805539 142.066644
1201.378261 367.835373 57.020519 143.186603
1199.533250 365.317341 59.476996 145.673122
1200.144243 365.872394 59.447750 147.847933
1199.276464 369.834288 59.495134 137.532705
1199.641691 370.972923 57.435608 138.671845
1198.563994 367.143566 60.322419 137.554914
1195.979776 374.452975 58.131800 129.431344
1196.012882 370.823105 59.814976 133.551175
1194.401455 371.614673 58.543600 136.310888
1195.335233 381.144877 56.014803 130.687732
1190.906184 375.655215 60.249708 136.133893
1190.262503 378.243380 59.228149 135.177374
1187.192836 377.414019 62.805987 137.534795
1186.029020 383.884292 64.813232 129.907281
1184.102059 381.352387 63.599740 138.738857
1182.312760 386.450615 64.015060 128.966114
1178.820497 388.154530 63.801725 137.637968
1176.120485 383.975587 67.191532 136.649412
1174.941212 388.752980 61.261551 136.470748
1175.183480 383.586570 63.444756 135.831360
1171.638056 387.769050 66.435754 133.940641
1172.146724 387.026118 65.188857 133.255590
1168.917921 387.766264 65.809386 136.475967
1167.599712 388.418910 63.616374 135.956646
1164.175725 392.266630 63.746712 132.978917
1162.601691 391.715657 60.846604 135.905758
1159.714809 395.033467 62.157455 136.843626
1157.737017 391.779692 62.449895 139.746538
1157.811960 394.148803 59.533253 140.306271
1156.423988 399.049233 59.599740 133.445253
1155.851885 397.258354 59.785494 137.842490
1153.329140 402.452002 58.343052 136.159092
1153.008521 398.991246 61.965483 141.480590
1152.455849 403.525542 58.155029 132.147750
1151.547900 398.590280 60.871198 137.197177
1150.628411 402.826565 60.320008 131.205406
1151.465085 400.489318 59.354576 136.775945
1152.509304 402.876599 58.386794 132.195356
1150.639979 401.399356 58.669378 134.711617
1152.711152 404.908645 57.932155 130.369130
1152.643923 405.096403 57.350842 130.222463
1156.244213 413.132906 57.374305 126.219750
1153.849102 408.266831 58.108205 127.720089
1156.470164 412.492511 58.602947 125.259502
1156.355331 416.696006 59.500251 122.734748
1159.145254 422.066062 57.418528 116.950578
1159.074764 418.018759 58.418998 120.146785
1160.218077 420.796912 56.687022 115.783713
1163.986113 426.143211 58.053036 111.229806
1162.679027 428.806691 58.734614 109.053331
1164.337246 431.880340 59.846670 108.442691
1168.571616 430.368117 58.089228 128.028061
1168.037656 430.987324 59.798127 129.940615
1170.112314 436.173544 57.494180 126.813901
1169.987652 433.997786 58.558900 131.847777
1169.259251 442.442531 62.595061 127.300472
1169.520205 440.345680 60.731230 130.366551
1169.737486 441.232128 63.524395 133.335119
1173.786468 438.534858 61.216298 137.425079
1174.771244 442.060268 61.712473 133.798961
1178.413545 439.170092 59.955498 134.044017
1181.758946 444.081029 59.693807 127.962341
1186.503746 444.440595 59.791282 127.940091
1188.279586 442.089829 60.226247 134.094924
1187.854336 445.234514 61.654573 133.956884
1188.515324 442.872087 62.329574 138.147035
1189.073449 444.810538 60.451671 137.961033
1192.740388 446.284704 60.336476 140.488567
1193.268471 452.187612 59.970964 136.905399
1194.080172 450.614697 63.185358 140.307606
1195.219784 456.042409 64.910253 139.836549
1194.147934 460.989983 59.362161 134.535642
1195.804915 450.284668 66.884423 146.939218
1194.823974 453.521729 69.080231 146.801619
1203.058026 452.291991 64.393910 144.314233
1203.767169 458.375769 63.973767 138.814825
1209.811803 452.269035 61.500984 144.723434
1210.615217 461.404302 61.044096 135.581867
1214.895122 462.015801 57.310254 135.646156
1215.948118 467.110912 56.382049 132.904297
1216.776699 466.067037 55.739835 141.642834
1216.226416 470.907886 55.290885 138.753120
1214.592274 470.964311 57.317458 139.980353
1215.552831 475.361046 55.801274 133.275591
1214.299135 478.179087 57.501792 135.965980
1212.631093 483.331237 57.040875 132.931405
1211.310412 486.277425 57.460575 132.925533
1212.999184 482.349852 58.108129 136.122115
1215.121328 491.656239 54.792513 127.993858
1214.279497 487.517407 56.872896 131.871395
1215.982068 494.955950 53.131359 121.050017
1221.600001 494.440246 50.783547 122.006818
1221.852843 497.627475 51.162769 120.974733
1222.819391 504.631484 48.058811 115.557307
1220.159519 497.547709 51.312931 126.639425
1219.698447 503.350008 50.271457 120.104706
1220.841360 505.008514 51.675176 123.600273
1217.983643 506.195282 52.346171 125.796118
1218.816371 513.505742 51.644642 123.440395
1216.700077 512.223235 53.805119 125.808513
1215.755041 512.634399 53.576787 126.465874
1216.396335 511.635181 55.801440 128.453994
1214.686587 519.397244 57.007078 124.096986
1216.105961 522.945089 60.049064 123.816980
1221.087653 523.612380 56.729149 120.954961
1224.255111 522.543780 56.033362 116.807295
1231.663419 526.082375 51.039061 113.236282
1230.363595 521.842247 54.950049 122.031119
1232.206746 526.812569 55.141230 115.936429
1235.821819 530.459882 54.564639 116.580092
1236.168139 530.451914 52.943419 119.867704
1236.665216 529.902790 53.629229 118.191338
1236.458582 528.136435 54.580713 122.245887
1236.407057 521.559466 54.253521 131.406604
1235.025482 535.337813 56.156935 131.787670
1236.854508 533.876378 54.000188 130.054419
1237.685373 539.696016 52.700656 119.610237
1234.513803 542.709126 57.808631 111.801218
1239.107195 537.172996 54.512648 120.059006
1239.052337 545.063459 56.214897 112.182986
1239.138585 546.649711 52.397425 111.818249
1238.484832 537.184861 46.828811 131.705747
1239.207090 547.240935 50.927346 124.267024
1239.285082 533.667826 52.729334 133.854747
1237.026891 539.233207 48.176272 129.994639
1237.229712 544.562402 59.388569 119.282527
1234.666987 535.279167 50.305663 135.298830
1238.704537 543.827146 52.935643 125.558401
1234.111596 541.636215 49.842800 132.752543
1234.167791 549.402150 48.643129 127.122598
1235.163985 540.847838 52.739865 135.165408
1234.464059 547.158640 55.326132 130.975017
1235.629338 551.528323 51.748571 128.272322
1239.088313 558.518959 51.008127 116.707090
1239.039901 554.271921 56.809751 122.045572
1243.332285 561.738053 49.796989 115.144542
1240.958302 552.661479 54.259295 127.179834
1242.407809 557.172482 51.119921 124.360325
1244.730453 555.596006 49.131848 128.302339
1239.012427 543.529810 53.030900 141.059348
1242.040183 552.849442 49.756649 135.686941
1237.188451 545.334556 55.447057 142.976898
1238.740391 549.581465 54.539013 143.310958
1235.982100 551.129128 57.600306 133.179896
1236.320993 555.177169 59.692539 134.147530
1233.328068 560.257149 60.320754 128.601166
1234.065779 559.124578 62.260768 130.196863
1232.777673 560.596415 64.241850 125.052002
1234.249673 555.449417 63.508860 129.708717
1233.916258 559.829267 63.005377 125.455027
1232.186912 556.055932 61.321520 130.746425
1229.540172 559.726184 60.539065 129.136420
1229.692864 564.742368 56.787091 127.385238
1231.253584 556.235306 61.779375 141.118405
1228.837037 556.847018 54.842308 145.167870
1229.056777 556.634872 60.951850 137.716409
1225.710650 555.097109 60.986559 148.574759
1227.702860 562.087515 56.528204 144.797790
1229.892039 564.962734 54.515839 129.622759
1229.782568 573.536142 53.833417 131.544434
1234.811060 541.095478 51.007492 151.815692
1231.071387 534.705031 61.820961 158.012376
1231.734939 564.026116 54.508174 137.049926
1238.545610 548.100053 59.492778 141.004534
1234.684884 544.212257 54.371289 149.222755
1239.765091 534.295028 54.465976 153.571099
1240.879354 548.966614 54.338126 145.633278
1235.679056 545.724294 50.624540 143.286929
1238.038617 542.053466 57.257197 149.763298
1240.559924 541.746636 52.204956 148.946699
1236.151795 550.043540 52.867566 149.338504
1243.741344 548.580107 49.731975 157.298536
1242.412913 552.824462 51.338043 151.254913
1243.140594 562.003271 52.855129 145.988752
1243.173427 555.485845 52.076688 154.261997
1241.614254 556.547543 55.716046 154.291538
1243.481442 558.640753 53.699909 162.047803
1241.555351 560.003052 48.793469 162.648220
1242.259504 559.507856 62.119300 157.710477
1239.383212 557.942657 60.167405 154.282704
1239.919605 569.632762 59.977360 145.868660
1238.300306 567.222732 58.625875 149.258924
1240.929645 569.683517 60.411722 145.365322
1244.311458 566.495338 56.338571 147.341343
1245.990382 563.093730 59.436638 154.087156
1242.137631 566.096718 54.479231 150.932108
1246.658650 569.465599 57.143764 145.922577
1247.084719 575.901992 57.276532 146.903542
1247.066552 574.955362 53.774156 143.708080
1249.939744 585.705696 54.746824 142.099717
1248.466289 582.336774 57.960670 149.314733
1251.972502 583.582379 60.761629 147.267542
1250.248404 586.046815 53.602232 146.493003
1254.426225 587.288158 62.877085 140.206316
1252.379827 587.239846 59.303855 147.592259
1255.521581 587.839679 60.128164 143.756827
1256.066938 586.172100 57.778209 149.267848
1256.676495 580.016148 55.953511 146.183462
1249.698210 589.600124 62.933626 150.162729
1260.873897 589.493199 51.628067 153.671074
1267.809541 603.711328 44.495620 145.138362
1175.948950 634.569927 57.547453 105.735999
1262.061098 613.123734 53.252299 138.129082
1258.608397 614.105211 61.045148 135.917397
1258.063467 601.402743 54.314439 147.188897
1247.605336 608.500423 65.180903 142.648154
1253.335829 614.438119 60.072543 130.065945
1253.035637 616.746645 53.624921 126.590374
1251.062896 621.935816 56.567302 127.009943
1246.696934 610.588354 53.815501 139.903648
1246.225305 621.001139 56.955708 133.217117
1242.713703 609.714470 58.920467 141.420465
1250.968764 616.531129 51.281983 133.859213
1249.981126 618.062555 50.798146 140.272954
1254.464235 637.382140 48.657744 133.202133
1250.898558 619.231697 51.366440 144.149716
1251.594246 614.454205 51.036949 150.864091
1197.172967 680.990747 67.119197 122.463035
1253.933873 625.938600 54.846816 154.474473
1246.768968 630.959037 65.419484 145.985148
1241.553290 611.654287 59.793610 163.266195
1245.243619 624.444401 62.270782 144.355552
1248.395078 635.611616 58.447026 142.154847
1244.910589 624.752383 56.415857 146.994740
1250.167496 626.517310 54.685597 141.666236
1252.777197 627.942471 52.857188 136.188697
1247.337123 614.506747 56.970874 142.064414
1257.964339 616.656354 49.599781 139.731799
1206.622865 720.718318 57.053067 113.987615
1238.626626 621.570272 57.650942 140.983717
1262.583062 618.965342 48.442433 146.972904
1254.546076 619.015979 55.471676 135.989623
1254.074987 603.350546 58.114227 143.139904
1258.408947 621.383058 53.012081 140.965197
1254.183194 619.232725 55.235294 131.628424
1257.196078 624.743911 48.655353 130.224591
1254.658364 623.438907 52.983747 130.584614
1247.891544 626.970719 52.595292 130.991775
1249.031449 620.997771 56.575200 137.087048
1249.986396 632.451898 59.199941 132.984976
1248.714124 624.390638 56.051911 138.428053
1248.160376 630.642206 52.821809 130.398810
1247.504411 641.753102 47.680020 118.944008
1247.958089 646.335677 54.857007 121.282072
1245.786662 631.092508 54.277515 131.345940
1241.878836 653.096570 56.339704 118.618310
1244.752423 645.683921 51.969923 124.442117
1242.570394 639.593295 53.174632 134.039375
1240.307115 643.639834 61.594522 133.080248
1242.658703 647.640253 56.735372 133.425692
1236.994281 629.395702 60.531939 146.521078
1236.850283 626.020503 62.503437 146.922084
1233.306200 624.217656 65.917673 144.006182
1241.759924 629.554016 56.584261 146.369330
1230.822256 629.612292 63.144868 140.280528
1231.771697 627.445708 51.661339 140.704827
1235.125431 627.591663 50.350688 151.116872
1243.078945 635.293228 52.896165 138.929293
1235.470808 633.134946 53.733571 139.574952
1241.872131 630.879383 56.418595 141.602194
1235.652542 631.358431 56.107098 147.841304
1242.298847 632.255321 56.093758 135.611762
1241.734970 633.878906 54.759591 147.135188
1236.796646 637.102256 58.174968 133.220831
1238.166565 642.445453 59.212329 133.468938
1240.761130 646.421444 59.598149 137.856031
1240.238516 643.112640 58.868387 142.336572
1241.369048 645.281022 56.623879 143.731779
1240.112161 649.088857 57.524500 132.216235
1241.800975 648.748562 53.744091 125.390798
1243.325087 651.558931 52.949932 123.033405
1242.095751 650.494098 52.391006 122.779980
1240.040623 639.920416 54.387564 132.606199
1237.591252 641.044535 58.544765 131.966779
1237.834795 641.826671 59.366266 133.306245
1235.803109 647.044447 61.059136 128.246079
1238.112363 644.181710 60.149464 134.360247
1239.729382 643.098516 58.356864 140.246607
1240.577372 648.162825 58.993171 138.572588
1243.396058 644.257613 64.859228 144.406178
1241.386236 643.523393 59.076569 145.617278
1241.272146 648.318855 58.589931 136.923543
1241.650656 642.070431 58.865034 141.664645
1239.922001 638.697799 61.550685 145.383439
1242.970731 646.628466 56.960512 129.650853
1236.337477 636.893747 66.165735 140.980649
1241.613140 644.218715 60.270926 131.055315
1240.924239 635.175242 63.002387 139.476890
1239.917032 628.262118 64.336759 149.000230
1240.020667 635.723042 63.221218 140.946485
1242.287760 632.225897 63.786964 147.532872
1237.742808 635.212319 63.673052 147.853015
1243.304070 634.607421 59.859919 144.599820
1242.088087 632.528450 58.178251 147.913217
1245.499949 639.100395 56.435456 140.847417
1241.298850 625.178523 56.885138 153.967155
1239.244544 626.539832 57.645962 155.090567
1239.517578 635.085333 55.550429 139.118990
1234.981265 629.509945 58.624129 143.951264
1239.837499 636.133070 53.950757 131.041800
1234.045385 633.402696 58.503275 135.120915
1236.599367 624.600771 56.166081 146.573829
1232.449009 626.207974 56.751692 144.119887
1231.635865 622.178239 60.484600 147.823388
1231.840604 626.266705 58.113938 147.353181
1231.275526 623.363094 60.517285 145.129071
1227.984790 625.359196 59.086577 148.513079
1227.782511 631.265300 57.165900 141.252526
1223.589954 636.980607 59.970197 135.148565
1228.826623 636.112110 57.488611 129.653667
1223.884171 634.584705 58.136334 138.524551
1225.982438 632.862894 57.962486 136.487657
1221.820603 630.715607 61.093297 138.996792
1214.655419 633.507010 69.072388 129.919731
1220.648806 633.796659 62.320023 126.235548
1212.855896 629.318483 70.373141 123.032762
1214.444457 625.159576 66.967934 132.431856
1215.932458 626.963670 64.611129 130.599183
1209.517268 628.978643 68.783822 127.549775
1210.871825 629.351647 67.099984 129.343449
1212.529407 628.365342 67.181760 126.784725
1209.765299 628.650917 65.891076 130.660035
1217.507060 629.033581 57.991717 129.382542
1210.755362 627.043007 63.755996 133.784198
1214.715946 629.388228 57.353575 132.124005
1204.466840 625.940530 67.140721 135.161287
1201.233294 630.018931 66.424395 130.164989
1197.945958 626.520908 70.081890 128.907671
1190.316362 621.412098 70.963363 130.124980
1186.627824 620.502887 66.446370 130.630264
1196.051529 621.343914 62.729302 124.334098
1184.824115 616.661519 60.166377 131.236892
1189.330226 616.002400 61.588928 131.755384
1180.552740 614.016450 63.994971 138.474648
1180.814136 613.135012 63.075608 138.381530
1181.205777 613.962931 62.180314 135.158759
1180.615533 612.081116 61.328582 138.744478
1179.506445 610.067289 63.314990 143.961982
1178.598286 609.878908 64.791750 141.566803
1174.466967 607.106181 62.118497 145.270247
1174.189032 605.814675 63.987108 144.832933
1174.259038 607.243843 64.432607 143.350091
1170.592202 602.371708 65.295866 145.221734
1172.090789 602.900016 65.728809 138.022292
1165.194624 598.370735 63.233893 136.532546
1170.315012 597.499673 62.672366 136.021822
1171.771257 594.232010 68.085188 142.644814
1167.777035 594.353218 59.439117 139.106637
1178.403183 593.872390 60.339882 142.408848
1166.248338 588.199350 63.779982 148.003348
1175.595216 591.079520 66.411900 146.065890
1179.326984 591.747841 61.517307 143.619725
1171.666983 590.608145 59.823402 147.443463
1172.743369 587.508562 64.005648 144.672566
1168.345611 590.346893 68.192811 146.371321
1168.266599 586.348068 63.236724 146.831543
1169.502036 579.777263 63.260973 153.467667
1165.518481 583.392986 66.169856 147.098433
1169.950395 568.122313 61.177656 153.983900
1166.596107 567.195346 66.028908 152.493004
1163.134183 569.454601 67.689523 148.305646
1166.613367 568.417391 70.179640 145.471851
1168.988299 557.453028 64.468072 150.321340
1167.502483 546.418627 60.663619 156.519099
1165.050514 544.920453 70.444357 160.587740
1167.369400 540.774408 66.636222 165.181419
1169.089047 539.936747 64.655405 168.270330
1171.257852 539.073808 66.412082 164.359845
1171.080807 536.161771 69.272676 169.554420
1171.128704 538.457005 72.580556 168.713232
1178.422906 538.017171 68.677590 155.874976
1173.100403 537.167816 73.864044 166.716156
1179.151312 535.846722 71.293324 164.112291
1178.063771 533.672412 71.095976 165.382637
1182.509342 531.351984 70.723247 163.717511
1182.697215 531.307052 70.261573 159.544362
1183.031931 531.817680 73.127073 155.867736
1187.517564 527.504872 70.804745 160.953114
1186.854694 527.298994 70.400120 158.848845
1193.786227 528.085085 66.271532 157.372902
1189.767559 527.580918 70.962043 164.504592
1197.193055 526.594204 66.018574 161.226613
1192.639346 524.757819 68.923187 169.469092
1195.838053 524.684159 68.168980 170.704772
1194.132942 525.705190 72.132265 168.360125
1197.086068 526.442264 71.235286 168.097833
1198.110345 524.739906 68.026676 172.322350
1197.745077 526.194931 69.481781 172.964372
1197.304840 525.780377 68.399624 170.937920
1196.404915 526.560751 69.417655 167.125932
1195.550613 524.671184 69.071916 170.137191
1198.077888 524.209928 63.980119 170.609755
1198.166891 520.856467 63.109254 173.238448
1198.071349 522.527270 60.910399 168.079007
1196.844727 517.365149 62.220049 175.401100
1195.364787 513.481135 62.336605 174.271674
1192.289031 512.558299 66.014102 176.530901
1192.646592 512.459802 64.221922 170.802661
1191.997240 512.610980 66.424531 165.691425
1193.317505 512.085219 62.717547 166.230307
1190.714953 508.467491 65.793927 168.516999
1192.524520 510.997020 63.492032 167.626583
1188.449398 508.402803 65.896266 171.255222
1188.996647 510.413550 64.854365 160.883314
1188.522467 506.134699 67.184951 172.058616
1186.751196 506.704815 67.059596 169.418296
1186.542936 505.563595 66.752154 174.301811
1187.350660 503.807682 64.561827 181.007259
1186.706117 502.443423 64.469107 178.595949
1185.876588 502.415243 65.135351 182.788742
1186.843874 503.630455 64.009995 179.301439
1185.011046 501.316769 64.284398 179.001277
1186.455341 500.289032 62.639778 174.330929
1184.819234 499.930998 63.754817 167.120118
1184.830580 497.149101 62.673021 169.197039
1184.252510 495.501448 63.508293 170.338715
1183.845858 495.156588 62.181731 171.642571
1183.270662 496.586276 63.438481 172.021389
1182.406565 495.471304 61.269477 172.446367
1181.590704 495.508948 62.874839 174.862872
1181.339479 494.922562 61.963896 172.706940
1180.507307 496.446629 62.401427 171.532601
1181.814339 494.211734 60.292106 174.195755
1180.905008 496.493170 60.032173 170.060253
1180.712084 494.217096 60.344872 175.472622
1180.901928 494.365424 57.800006 171.321820
1179.295698 493.681755 61.257291 176.029194
1178.630322 491.914092 59.675540 176.282247
1176.792509 490.968745 61.455107 174.760697
1177.703220 489.336527 57.877781 172.350741
1175.201881 489.466293 60.618548 168.891804
1177.644134 486.668689 57.226362 171.055694
1176.006421 485.824030 58.941993 169.907596
1175.047517 486.819672 58.556385 167.972777
1175.142574 484.536678 59.186733 169.250529
1174.529693 485.268362 59.830364 171.098552
1174.115730 483.708446 59.420823 173.356564
1172.574220 486.629682 61.628342 171.213260
1172.877014 483.888895 63.375812 177.487529
1173.441871 485.965957 60.486817 174.145520
1173.744267 484.909852 60.085142 176.834024
1174.029021 484.647884 60.381072 172.185656
1173.480961 485.414060 61.642061 174.307146
1172.468622 484.678536 63.781072 166.601112
1173.748954 484.810767 61.983895 172.176459
1172.512283 482.177590 64.196887 169.056603
1173.840596 481.887073 61.334913 168.330506
1174.036060 480.467258 61.961413 164.065292
1173.299689 482.559782 65.148280 160.415330
1174.099999 481.263847 62.363443 160.449034
1174.046001 480.454088 62.184697 164.329567
1173.529104 480.434562 63.373365 163.485895
1173.843936 480.711699 61.597756 165.508778
1174.003275 480.027612 62.709677 167.937184
1174.374057 475.777335 60.009266 174.702340
1172.572652 476.364237 62.336101 173.318534
1173.149660 474.658177 60.969192 177.499085
1173.608879 475.266143 60.098821 174.994427
1173.715589 473.005250 58.860927 177.436357
1171.949363 473.205384 60.626148 178.068867
1173.140320 472.601365 59.249843 176.421104
1172.645551 474.851543 58.056389 173.759577
1171.783392 472.542215 58.956759 176.439128
1169.487734 471.954071 62.546381 172.554450
1170.764383 471.454544 61.215679 172.704604
1169.614626 469.849357 62.303236 171.125676
1168.315625 468.969283 62.780239 169.961198
1168.850934 467.578293 61.034140 167.249718
1168.488076 468.018200 63.423485 163.600194
1167.883305 467.892951 64.057928 163.175030
1166.600668 468.986048 65.516083 161.903161
1167.150107 466.568020 66.272115 167.503850
1167.000429 464.899398 64.708722 169.750791
1168.647563 465.209937 64.539947 171.784806
1168.191221 463.064042 64.616120 174.076078
1169.408480 464.478465 64.834466 171.746746
1169.614907 462.376948 66.801387 174.523978
1170.755779 463.376468 64.402182 172.783806
1170.882579 463.133519 66.957057 173.062839
1172.793617 462.631478 63.587918 173.721924
1172.096298 460.692709 64.506624 174.965481
1174.085003 461.134412 64.659162 172.222174
1174.532857 460.609551 63.585735 172.741829
1176.309190 458.701017 62.391637 173.744758
1176.238002 457.458180 63.424547 176.785850
1177.118326 455.951099 62.586793 176.480311
1176.919951 454.512372 64.154067 171.502003
1177.427577 454.481553 64.305146 169.983201
1177.313318 453.907202 64.676785 168.972527
1178.744693 453.097948 65.413987 169.482817
1178.325348 451.632711 65.115264 171.219779
1178.274565 451.529156 65.526053 172.216778
1178.627132 449.306073 64.958623 175.507931
1178.814388 449.451271 64.962406 175.076436
1179.302773 449.571438 65.546586 177.094821
1179.210564 447.196276 64.915952 179.112906
1179.436923 447.064127 64.927795 182.570404
1179.543341 445.497679 63.956971 183.926787
1179.377106 446.017812 63.807020 182.651205
1178.692258 446.825920 63.964715 182.778973
1178.061986 445.172882 64.660606 185.513978
1178.137787 443.925361 65.196604 183.554667
1178.099402 444.087207 64.685511 183.197553
1177.638264 442.177886 65.957186 183.515412
1176.521647 440.874381 64.840512 184.409062
1177.787445 439.752389 63.678657 183.582709
1177.289703 437.916299 64.119434 182.927694
1176.405638 437.319057 65.065880 173.100395
1176.414227 435.242268 66.116689 169.755254
1177.337447 433.395070 63.505519 169.553597
1175.547558 431.655398 66.338642 170.458005
1176.498711 431.113313 64.208054 174.378903
1175.859181 429.237841 66.647984 177.102085
1174.937798 426.924947 66.890705 179.772772
1176.476010 427.397137 67.353937 177.440709
1175.369929 426.319805 67.751043 177.780372
1177.978504 426.038486 65.310630 180.513584
1177.540438 424.851950 65.554696 179.384642
1178.390068 422.575282 65.760868 182.107528
1177.342432 421.266667 67.703919 176.709254
1179.768093 420.484376 65.727412 177.480501
1180.443201 416.828261 66.085807 177.944016
1181.711150 414.751905 66.076633 180.384473
1181.538840 412.309418 65.099962 179.070603
1183.033638 411.722828 64.121396 176.167564
1182.716714 407.514021 65.820426 174.842793
1184.289314 410.151360 66.286558 172.161859
1183.035258 407.555011 66.952494 172.718530
1184.478635 406.314989 66.343910 176.688865
1182.351547 408.192723 70.387272 172.697485
1185.201896 405.849955 67.284072 177.725291
1184.694462 407.078577 66.749916 175.961100
1185.377457 403.316758 67.013019 179.724076
1184.268481 405.197880 69.250891 177.800529
1185.971688 401.543200 67.810993 178.398132
1186.636549 401.436038 67.135348 180.177788
1186.051873 400.249409 67.598627 182.795628
1185.918494 399.716043 69.915128 179.729833
1186.778676 401.005164 68.194983 175.608195
1186.554491 399.372456 69.783619 177.426209
1187.173071 394.221817 67.792410 177.333684
1187.193889 395.922722 70.577375 173.654496
1187.193168 394.459465 68.840980 173.501151
1188.812911 392.486895 66.061624 169.359770
1188.113171 389.756734 67.559301 169.162183
1188.078866 387.958569 66.869522 172.550650
1188.688141 387.703492 68.708299 172.321245
1188.320465 385.710818 68.528104 176.749387
1187.907975 386.475309 71.119495 178.016924
1188.378820 385.145634 69.288118 182.452241
1188.038689 382.853447 68.596426 182.431475
1187.851426 385.051784 72.055338 181.856899
1187.403076 383.345167 70.500021 180.256008
1188.280107 384.002405 70.306106 181.081155
1188.021905 380.435604 69.656408 182.971396
1189.400774 381.855518 69.292626 182.918238
1188.339049 379.750732 68.691354 185.636921
1189.065993 378.490146 69.166038 181.784159
1189.676435 374.723714 69.049390 186.548768
1189.450942 374.811754 69.065174 178.518866
1190.432520 374.630463 67.876600 173.136414
1190.466772 373.185014 68.682371 176.275193
1190.514817 373.475302 67.351420 176.354141
1189.607645 373.485961 70.054144 177.641639
1190.307201 371.819670 68.258324 179.438961
1190.760689 372.436774 67.027961 180.169239
1189.122687 371.982212 68.527809 180.011148
1188.810861 371.135722 67.769638 183.290600
1188.069545 370.409835 67.488021 183.162854
1188.837570 370.850746 66.742708 183.242876
1187.496024 370.179516 66.931296 182.168821
1187.467107 369.904471 66.168496 182.737249
1186.026178 367.150011 66.790045 183.836767
1185.139548 366.493757 66.514471 183.530327
1184.521687 364.415668 66.256093 183.799171
1183.694328 362.332422 66.422052 182.529209
1183.433121 361.633128 66.287427 180.679959
1183.802313 358.931076 65.088390 178.699665
1182.582263 357.439668 67.430480 178.318687
1181.726000 356.070701 68.476975 176.790521
1181.514780 355.279411 68.550489 177.987833
1181.233856 354.349415 69.066008 182.394837
1180.644439 355.154838 69.650828 180.544082
1181.315110 355.759146 69.195394 180.510214
1181.708411 355.789603 69.231941 177.439115
1180.721904 354.914497 69.792036 181.261462
1181.816524 353.784533 69.980466 180.823184
1181.996871 352.772395 69.376262 178.927007
1181.629667 352.022111 70.309385 174.947847
1183.837551 351.637076 68.381324 181.257557
1182.918328 350.837819 70.022021 180.162835
1183.353160 348.823943 69.057845 179.284997
1183.452865 346.468880 68.943676 175.406631
1183.402987 344.842925 70.720853 175.665074
1184.162618 344.755741 70.202310 173.334388
1183.074281 344.906520 72.296598 177.522983
1184.988005 341.658949 70.479209 183.115391
1184.625919 342.680103 69.710216 178.850475
1185.309713 341.614984 70.077093 181.236545
1185.527239 343.409562 68.336391 179.272459
1185.200996 341.318729 69.064281 180.619933
1186.035025 342.082684 66.765075 179.609028
1185.091233 341.466842 69.473071 180.588561
1186.297776 341.626823 68.201089 178.747801
1185.547045 340.341233 68.449100 179.054990
1185.656935 340.374786 67.995537 183.093996
1184.777462 339.122251 68.035805 183.829012
1183.788149 338.083564 69.418519 187.097810
1184.438456 337.520540 67.422797 185.795310
1183.174418 336.733186 68.388999 184.070914
1181.655053 336.807541 69.983956 181.199994
1180.566070 335.843113 72.592461 176.682491
1182.521643 336.726246 69.919962 175.126788
1181.599303 334.480581 70.209586 171.321962
1181.821969 333.629652 70.519013 175.077232
1181.933938 334.304829 70.947468 175.278043
1181.721894 333.318809 71.912457 181.371757
1182.438742 332.290487 70.313272 180.414630
1181.827518 331.044869 72.121788 184.305402
1182.812644 331.517935 70.448945 184.361349
1182.213869 332.155401 72.431210 183.695969
1183.564538 331.532546 70.970107 186.262998
1182.780919 331.834787 70.701678 188.042690
1183.326940 331.451048 71.858675 183.085860
1185.136344 330.396086 69.777493 188.633524
1184.679220 330.457005 72.398703 188.362569
1186.162195 330.400765 70.130655 186.962925
1185.305315 331.921212 72.350830 185.469169
1185.512050 328.439425 71.798405 191.450345
1186.957546 328.307474 71.936643 186.784540
1187.359229 327.112437 70.392779 188.325155
1188.408684 326.857991 70.316120 187.297791
1188.957697 325.886929 69.719069 181.376928
1189.570697 325.196954 71.778431 183.255496
1189.766824 325.226931 71.878244 181.736710
1189.474604 325.820853 72.180354 181.906240
1190.943854 324.428377 71.312916 184.046994
1190.530794 324.213851 71.050594 183.673929
1191.305022 324.475230 69.796958 186.374837
1191.415593 324.276838 70.730872 188.035501
1191.611949 324.281844 69.751780 189.389741
1191.892847 324.089137 70.283687 190.136349
1191.837439 324.488209 69.959404 190.435196
1192.050513 324.122082 71.108950 191.603884
1192.213155 326.629027 70.238578 191.397310
1192.734977 325.721384 70.125742 191.095201
1193.056858 325.009968 69.157874 191.953690
1192.305309 326.293863 70.691858 190.275121
1192.233753 325.006759 70.945594 187.587772
1192.611985 325.462340 71.573673 189.459203
1193.447652 325.735007 69.647216 179.484442
1193.312972 325.389549 71.189359 183.098068
1194.300071 326.493162 69.842430 180.858018
1194.421162 325.279277 70.714431 182.173519
1195.223828 326.692745 70.317134 183.016970
1195.974713 325.379468 70.227031 184.741303
1196.055736 327.300016 71.773582 184.642471
1197.239417 326.097582 70.998499 185.401724
1197.706645 327.098831 72.119173 184.098331
1197.152981 327.280891 74.473206 185.579087
1198.331254 327.933265 72.475098 186.033697
1199.219006 327.218032 71.781864 187.730540
1200.220579 329.242190 70.890885 185.313123
1202.037061 332.911051 70.384105 184.443317
1201.483847 331.644383 71.049056 185.382010
1202.296854 332.563879 69.821057 187.366733
1202.766950 333.057635 71.445382 190.015608
1202.476800 333.379080 71.202483 189.275241
1203.846059 334.548039 72.370317 188.559907
1203.558882 335.143831 71.102587 190.017779
1203.701686 334.524829 72.433594 190.585720
1204.139139 335.763127 71.976103 191.138201
1204.999738 335.049144 72.045244 193.185487
1205.447680 337.301141 71.296106 191.604910
1205.394021 338.592572 72.463871 191.375321
1206.113941 339.132277 72.595648 193.238188
1206.222804 338.807471 71.629891 192.654941
1207.421490 340.039545 72.236934 193.455308
1207.148460 340.760511 71.158477 193.431123
1207.752688 341.086474 72.858439 195.557167
1208.079897 341.831598 71.514785 195.445335
1208.901094 342.005165 71.854547 195.825575
1208.465630 343.369728 72.582520 196.440033
1209.399384 344.674627 73.210953 195.692951
1209.015856 346.545679 74.305066 195.708549
1209.516831 347.575455 75.389741 195.009651
1209.647610 347.103743 73.960822 196.029114
1210.414488 348.769410 74.338288 194.565856
1209.851180 348.993639 74.900131 194.038398
1209.929608 352.283635 75.680725 191.820762
1211.171774 352.297431 75.066859 194.497805
1210.512395 353.622257 76.433585 193.559392
1212.293566 354.349600 74.262016 195.634003
1211.945718 354.982641 73.813929 194.679466
1213.403159 356.773483 74.505336 195.550163
1213.539774 354.304076 73.216293 196.247636
1214.341219 357.142976 73.648013 196.520744
1214.029946 357.015580 72.831338 197.269898
1214.450786 357.521544 74.205557 198.795466
1214.789611 357.386890 73.375179 196.483029
1214.370511 358.837810 75.382270 196.926912
1214.601873 358.553376 74.849488 197.173355
1214.869346 360.755131 75.158127 196.543725
1215.813447 360.548424 74.643857 197.837519
1215.408704 361.403975 76.297670 196.801257
1215.916978 362.784361 76.165736 197.195506
1216.540880 362.508465 75.240782 201.099971
1216.321274 364.087249 75.877134 199.234459
1217.796260 363.905696 73.588391 199.541089
1216.327999 364.515892 76.366290 200.090997
1217.733161 365.571429 75.425755 197.752590
1217.113634 367.224334 75.668050 197.099491
1217.770396 366.455129 76.078808 199.280588
1219.026436 368.778078 75.519597 199.681131
1218.992578 368.423261 74.535310 201.826068
1219.299878 368.378672 75.191042 201.773383
1219.145554 371.390046 75.899501 200.636020
1220.373235 372.048560 75.215469 200.578799
1218.704136 372.151796 77.510142 201.802959
1220.481127 373.819923 75.900768 201.295215
1220.519902 373.967180 75.569434 202.918193
1219.695061 377.483013 77.669216 201.145617
1220.556377 377.192344 75.903025 202.014982
1220.885200 377.783665 77.206278 200.277207
1221.538098 378.547905 76.761092 202.305430
1220.750560 380.318604 76.119005 202.380846
1222.069911 381.958588 76.493405 204.024346
1220.326457 383.739227 77.338266 202.602524
1220.378741 384.557731 77.970198 203.347952
1220.792561 385.015387 78.705024 204.756848
1220.598438 385.848520 76.318625 206.978766
1221.553335 385.273173 76.318818 207.373596
1221.532915 387.458721 75.433445 209.043094
1221.194381 388.730349 77.015181 209.239718
1222.267891 390.988107 75.923398 207.547111
1220.434291 391.817407 77.648457 209.432783
1221.626319 394.121281 75.934655 208.255682
1221.379408 396.669370 76.270838 206.792531
1221.282809 396.344390 76.625191 210.303732
1222.074385 400.864516 75.683871 205.662797
1221.478711 401.008810 76.236609 208.039510
1220.912072 402.888384 77.231257 209.042988
1221.834075 402.565695 77.385502 209.969536
1222.206924 404.839581 75.183140 210.058350
1221.715717 407.757695 78.949720 209.319542
1223.191274 409.701931 76.267985 209.471206
1222.914705 410.496117 78.507120 210.901987
1222.378083 413.903392 76.156225 210.756536
1222.206924 413.717639 77.246821 210.724469
1222.794553 415.610092 76.996480 212.803229
1223.380414 417.296088 76.580535 214.687326
1221.671784 420.089123 78.722790 212.443358
1223.576123 422.465990 76.486199 212.214954
1223.544431 423.040292 76.716547 212.078379
1223.075634 427.072766 78.183291 211.330618
1222.091752 426.482051 78.601232 213.990675
1222.907294 430.162626 80.017572 211.668901
1222.689928 431.408798 78.671482 209.444397
1223.075634 433.516181 78.485735 209.730580
1222.877296 435.077721 78.583115 209.239501
1223.445420 437.380133 78.044562 208.009801
1222.913504 441.010527 78.403747 206.583206
1224.060796 440.721652 77.993352 208.913637
1222.376998 445.572804 79.579179 206.540162
1222.790828 445.187516 79.608172 209.437803
1223.148887 446.692166 78.678436 209.023541
1222.593945 449.194712 80.006571 208.559476
1223.428552 448.210415 78.701741 212.575725
1222.938620 450.841993 79.023075 212.136486
1222.753322 453.068879 79.043921 213.721839
1223.636755 453.141247 77.724085 216.952432
1223.291709 456.898618 78.538618 214.065118
1223.125143 458.668458 79.659195 215.047996
1222.018968 461.468460 80.549278 212.749478
1223.264030 462.877639 79.399029 212.601251
1222.550985 467.822779 79.243253 210.455714
1222.890614 466.847722 79.276033 213.242997
1222.642066 471.006065 78.920202 208.615988
1222.491203 472.823209 80.874175 209.736678
1221.940135 472.616833 80.998726 211.515049
1221.387529 474.031298 81.705902 210.882729
1221.301469 474.652480 81.277609 210.387975
1223.024948 476.797805 79.565460 209.849545
1222.550392 476.432548 79.946351 210.703782
1223.236576 478.778285 79.886859 209.280387
1222.508212 479.904056 81.626278 206.904538
1223.078481 480.278137 80.254548 209.773709
1222.240138 481.051681 81.313101 210.322963
1221.754722 480.588834 81.938827 209.725648
1222.120480 480.064630 81.454225 212.142011
1223.032938 481.919715 80.114924 212.746733
1221.645946 481.169244 80.614370 213.016309
1222.397462 482.387912 80.680741 213.145371
1220.811609 483.877638 82.317628 210.336670
1220.785943 485.276148 82.463586 210.908222
1220.773946 486.636151 81.992686 210.449054
1220.394026 486.097347 83.064297 211.624538
1219.888203 486.885067 82.692065 212.645941
1220.260343 486.774470 81.889917 213.331254
1219.053606 487.742051 83.201235 214.235072
1219.599389 489.147328 81.477009 207.760056
1220.499696 489.223890 81.995752 212.138027
1219.679591 489.898616 81.626988 212.062987
1220.134797 490.133154 81.305498 209.758361
1219.537002 490.314278 81.234000 208.108131
1219.843459 490.972443 82.230271 209.106939
1219.317270 493.077984 81.555606 209.128661
1219.455304 493.089127 81.771184 212.073005
1218.942845 495.808124 80.956174 207.291730
1218.816420 493.610124 82.531479 211.173570
1218.811539 495.525030 81.905021 210.095972
1218.785901 495.728469 81.944447 209.589264
1219.036860 495.064636 82.796219 211.557254
1219.191824 494.081253 81.046053 212.203678
1219.285727 495.067594 83.692803 211.822283
1219.404622 495.253269 82.328952 211.754455
1219.503733 494.369501 82.773412 211.915430
1220.409543 493.869816 81.799553 212.006261
1220.800431 494.577975 80.608423 211.701109
1220.509098 493.906540 81.844719 212.983748
1220.703422 495.695106 81.668518 212.539477
1221.505397 494.116939 82.194192 213.457665
1221.309152 495.061889 82.515875 210.140787
1221.643901 496.031311 83.016951 209.936668
1222.495743 494.924658 81.582496 212.598745
1221.676012 496.373648 82.438541 210.200968
1222.883116 495.415390 80.950809 208.623494
1221.093098 496.012807 83.612790 208.733767
1218.905136 499.494824 83.090185 205.895122
1213.537401 499.930674 87.715982 206.019950
1204.580739 499.933463 87.812579 203.848385
1197.062965 498.933662 88.288564 203.755818
1186.866573 499.057990 89.890179 205.008361
1176.023330 498.815500 84.345126 201.682236
1162.104439 499.517132 84.883833 206.035660
1147.651356 500.894844 87.588787 206.133824
1135.188626 500.978658 84.618764 204.542201
1124.286012 500.159073 83.847892 205.761975
1109.847692 500.329401 85.573618 206.283493
1098.525335 500.517147 85.882946 206.015812
1087.673466 498.466043 82.655540 208.204210
1080.804648 500.058138 79.693036 205.970025
1077.057060 499.737851 80.300141 208.228082
1074.263414 502.072775 79.820494 204.209451
1074.252617 499.612076 79.257542 209.849824
1073.634484 502.023696 81.086712 203.469280
1073.578294 503.181296 79.305650 205.604773
1074.336596 501.243218 78.743384 207.158792
1073.583501 503.000963 80.551035 204.859450
1073.093035 501.496124 81.470093 209.661316
1073.564577 502.913715 80.308256 208.228022
1073.578746 502.459012 79.349397 209.024813
1074.115106 503.303664 79.670328 209.189818
1072.394439 502.210413 81.653323 208.527241
1073.240502 503.760531 80.829068 208.058330
1072.909313 503.059377 81.757258 209.610943
1073.606417 504.256974 80.880984 207.450004
1073.395008 505.609058 80.673592 209.196680
1073.522517 506.637658 81.599961 207.530267
1074.337432 506.130103 80.693480 210.387356
1074.383921 506.994748 80.636499 208.104604
1074.702106 507.341404 81.172037 210.126541
1076.181460 507.434535 78.487842 208.967815
1075.717571 507.071509 80.189126 208.620000
1076.309083 508.184688 79.329284 207.837420
1077.013630 509.965824 79.016956 204.381062
1077.151143 510.477706 79.697791 206.251287
1077.179254 509.683002 79.812699 208.032968
1076.101300 508.670857 81.907806 208.488047
1077.362592 510.175863 80.500026 206.814502
1077.578828 509.823273 80.451723 209.158313
1078.252757 509.601648 80.349393 207.221919
1079.003466 510.264380 79.801045 211.552471
1079.628830 511.002645 81.105140 204.839067
1078.730362 510.335333 80.354934 209.258406
1078.423640 509.716649 82.650145 211.144393
1076.826683 510.767819 82.684526 210.416625
1076.426641 510.115693 82.236489 212.115396
1071.109324 511.563276 84.017028 207.432430
1067.214039 511.860390 83.454130 210.126607
1059.097989 514.610922 86.456905 206.524734
1054.736228 516.914331 83.915741 205.221322
1049.026188 516.387067 84.798129 206.994697
1046.993925 517.121022 80.201459 209.329633
1045.162395 518.411346 79.343908 208.580654
1044.881407 516.631619 80.025346 207.832222
1043.965782 517.916180 79.624423 209.496803
1044.459270 515.595144 80.468260 211.283488
1043.270396 517.389702 81.273455 210.963671
1044.047334 519.220951 80.270590 207.033003
1043.408990 518.729465 82.268244 211.070238
1044.300228 519.074425 79.700462 208.628537
1043.732787 520.887460 81.985751 208.187297
1045.199711 520.723490 79.943330 209.072964
1044.718312 521.479272 80.184009 210.544139
1044.217858 521.238046 82.258856 211.309462
1045.258998 520.695933 80.663535 210.857195
1045.328248 522.538767 81.558848 211.161276
1044.997817 522.232042 81.376675 209.699339
1044.797309 521.746091 83.739105 211.120345
1044.134892 522.107852 81.189563 210.292113
1042.003311 523.726340 84.000682 210.383574
1037.636256 523.898602 85.627037 210.893786
1033.688010 526.544515 83.413652 204.154307
1024.222993 527.947754 84.174249 205.140988
1011.231809 524.369049 85.210420 207.475201
998.305777 527.706777 84.204908 206.496229
985.312380 527.444902 85.147493 215.016146
975.868623 525.597170 87.128303 212.931498
973.869036 524.260230 83.098782 217.342564
971.425030 523.793645 82.007238 219.110709
969.858776 523.815734 82.053952 220.075254
970.627929 524.161967 80.291974 219.644689
968.267956 523.556686 82.750913 220.561175
967.807075 523.221452 82.619017 220.981484
967.366608 521.903870 82.627352 220.838940
968.817333 520.074227 79.000529 220.746551
967.542686 519.032491 80.184709 220.883784
966.589976 516.534855 78.903197 224.959796
966.605892 517.074216 79.550607 219.375213
966.637529 513.327355 78.605985 216.067873
964.719135 511.974849 81.053164 211.690290
965.314158 511.232036 78.446080 203.792161
965.202268 508.044980 78.334498 198.968330
964.757649 503.857111 76.508156 201.172946
963.704621 500.580054 77.926288 205.763523
964.456322 494.697816 75.607313 208.676126
963.540053 489.968181 75.218872 209.404679
964.300834 478.516659 73.940577 216.807468
962.770874 458.611854 74.740919 219.522434
963.261525 441.871360 74.934067 228.259346
963.254650 425.633675 74.447047 231.694827
962.716323 413.746554 74.701116 225.609290
963.435176 405.057171 74.268014 221.866532
962.084291 393.658529 75.676142 217.179593
964.393352 385.893087 75.616989 215.833038
963.758175 377.587028 75.615235 214.508569
964.911607 375.490437 75.148928 212.251073
963.935633 369.947063 78.728186 212.763334
963.143824 371.408790 79.423878 209.877499
963.214962 368.674798 77.193471 200.053067
962.951340 366.646077 80.384369 195.649835
962.446726 362.472099 78.267132 199.466260
962.174796 361.329821 79.517435 201.762277
961.281152 360.008788 78.337096 199.810616
961.337156 357.916762 79.636983 203.273469
960.680769 358.249287 79.789880 203.591488
960.656925 354.765362 79.989007 205.734930
959.477544 353.402663 81.350616 207.742171
957.802764 353.317658 80.492175 205.969047
958.507537 352.036762 80.920292 208.615395
959.091774 349.797129 76.732536 210.727454
956.621089 347.796132 81.330702 210.114753
958.439108 346.183947 75.552276 209.715194
955.565566 345.302268 76.938649 205.324252
955.538513 340.689818 76.311499 212.026810
954.438676 334.784063 76.029432 217.700426
951.968185 332.587587 78.624114 213.634485
953.987531 332.279083 74.203009 205.406853
951.042095 329.210405 75.410165 203.177502
950.749149 323.714855 75.419141 208.405853
948.905342 323.233904 76.288658 204.099625
948.812263 317.982048 75.094059 204.354191
947.076541 319.917756 77.636939 202.760049
946.650517 318.179685 77.611909 203.835003
944.577401 316.440883 78.998124 206.691853
945.831316 314.182369 74.481537 209.390519
945.252286 315.353211 76.322659 206.310319
943.631413 312.135379 74.829140 210.764453
943.287689 310.086866 75.280022 211.043500
943.117119 310.421462 73.183954 210.301981
943.142347 309.365330 73.009712 208.764584
943.337264 305.343805 70.906423 211.291234
943.028181 304.159968 70.867195 211.388733
941.215257 298.691905 73.055754 214.088629
940.111327 301.411736 73.797382 198.954121
938.048218 298.186809 75.173302 191.481526
936.889796 293.714300 74.835151 193.114575
936.185026 289.650548 76.918365 195.765861
935.352014 287.533283 76.668416 198.401121
934.449574 286.834590 78.096436 200.604085
934.565639 287.145543 76.120582 200.826059
933.846301 284.874226 77.607525 205.292775
933.086503 284.777716 76.941225 203.805412
933.360791 283.587672 77.458956 207.141499
932.211185 283.730350 76.547790 205.591888
930.011356 284.050556 77.786362 207.699964
930.325583 283.430759 77.027214 204.059026
928.669210 283.782512 77.081622 204.736781
928.429671 283.395760 76.175080 201.730518
926.799714 279.931865 78.499513 204.060645
925.610879 276.294831 76.413026 208.004661
926.307788 273.542472 75.713503 202.251018
925.421515 273.692984 75.844333 199.076829
924.519525 272.887126 77.749337 189.154527
925.247569 268.068866 74.983659 193.338784
921.361389 271.633328 81.133564 187.934756
923.315616 267.961540 73.951848 195.421636
921.883684 267.410415 78.852484 193.186369
919.935694 266.878166 78.707104 195.984320
920.764413 266.836831 77.504436 196.754571
918.551811 265.379462 79.034986 197.921159
920.491425 266.335234 77.028521 200.447476
919.076141 267.317295 78.261190 199.982325
920.469966 266.464384 75.130507 200.757327
918.473256 266.332094 78.017647 202.392010
918.809547 263.848109 76.241499 204.154822
917.609386 266.913936 78.640024 200.936874
917.954879 264.863964 77.268098 197.686090
917.519521 267.042955 80.348340 187.752235
918.137588 262.587996 75.301252 187.077232
916.475905 265.806769 76.940841 181.673863
915.429398 260.064913 76.050002 188.330154
914.474492 259.294481 76.282560 189.112718
914.117162 256.023396 75.875944 194.034101
915.218619 255.538973 74.432504 197.308214
911.601177 254.364975 76.680798 200.317595
913.300641 255.910641 74.437854 198.580569
909.762659 256.456923 76.931962 199.558283
910.523901 255.303155 73.528829 200.558493
907.690636 254.991754 74.702990 199.232500
905.843718 254.972468 76.023640 200.658979
905.441717 254.333054 76.619182 195.516434
901.548332 253.996196 77.651981 194.849669
900.339413 253.806621 75.471990 196.410524
897.514326 253.109284 78.416759 188.261739
897.135758 249.058391 75.682125 186.510087
897.485569 249.037174 73.675924 183.696756
895.072376 247.152824 73.269639 185.770013
892.516655 245.937763 76.892611 191.269857
891.584016 248.385285 77.072526 188.972862
891.544626 244.900980 75.640886 195.171881
889.671982 245.740723 76.035532 195.412772
888.702290 245.588739 77.238324 197.750399
889.342818 246.304589 73.714266 199.558641
887.233347 245.219601 75.498958 201.311156
887.106756 245.868827 73.742950 200.619692
885.617147 244.758614 75.440356 203.046619
884.337153 246.367872 73.987528 198.012058
883.587282 244.196356 75.677760 199.848220
883.265396 242.750669 74.923889 199.977826
881.021758 242.157528 77.275074 192.413374
882.178429 240.345202 72.562959 195.769368
881.278981 239.160617 74.094391 187.801802
878.752607 238.952899 75.871585 186.680748
879.502797 237.504450 74.629729 189.934751
877.892486 238.066035 75.958895 192.899185
878.043385 237.061970 74.522623 192.053108
876.682726 238.263082 75.978460 191.694518
876.874179 236.374294 73.615348 196.826820
873.970940 237.894955 76.963467 196.050132
875.452460 237.812002 74.952184 197.142978
872.907060 239.293786 75.569961 195.480365
870.707501 239.181510 78.179670 196.113376
871.090821 238.362013 74.554988 195.264758
868.905277 239.157815 74.379148 196.880565
866.011820 239.030523 75.982803 194.468811
862.787799 236.377791 77.166379 195.444679
862.101339 235.871725 76.347259 198.974227
860.658670 233.102164 75.211106 192.718258
859.377953 232.338806 76.757093 185.350051
859.469752 231.969335 76.850385 182.598712
858.797644 232.110953 77.608989 181.697332
857.096852 230.611016 77.603935 186.971924
856.645596 228.441493 79.482570 190.814532
856.150753 229.172934 77.498353 190.703041
855.155134 229.152487 79.241692 192.933176
855.673916 229.427586 76.873026 192.366523
854.478986 227.697705 78.088906 196.903227
854.601476 229.219276 75.548752 197.564957
853.717831 229.456923 78.117855 195.014532
853.528822 228.812000 77.832886 197.279014
853.716198 228.090039 78.112619 199.486719
853.008837 225.376220 77.605148 199.166333
853.006638 223.285291 78.340112 201.163851
853.076551 225.269094 80.455673 196.252662
852.741330 222.060480 77.963628 194.630333
853.407478 220.070009 79.056773 195.196381
852.567517 219.215702 79.719947 191.691955
852.307557 218.029736 79.414163 192.556766
852.799391 218.800925 79.586909 190.986311
852.671996 218.003172 78.223246 195.693947
851.348079 218.161389 80.038155 195.600483
852.825610 218.866058 76.609401 194.669423
850.968563 220.458383 79.771854 194.106943
851.043429 220.282120 79.342826 195.136479
850.513116 220.013841 79.544331 193.958008
850.272071 219.017344 79.443448 197.852928
851.154829 221.397886 77.574220 194.761657
849.558241 219.045009 77.893111 197.693680
848.835299 219.403367 77.599747 196.740289
847.726372 216.194742 78.249292 198.408447
846.775261 218.896612 77.992604 194.048070
847.335164 217.137550 77.762559 192.592238
846.282084 212.446351 77.366999 189.221624
844.957106 212.187142 79.585856 187.932963
845.868128 212.796286 78.446021 183.850178
844.900458 210.357889 79.860579 189.407941
845.286179 208.517824 77.950859 189.596281
844.205942 208.508922 79.324214 191.083116
845.049182 208.613825 79.314312 195.492943
844.683884 208.482197 77.324277 196.633825
846.048971 209.249966 78.871238 196.456654
843.398745 207.961500 80.815572 197.365914
845.576455 207.857078 80.320838 195.588931
845.577480 208.245758 80.597128 197.457607
845.019401 207.457955 82.056684 197.651997
846.235646 205.328833 78.222932 202.282325
845.326480 205.239744 81.005526 197.639131
845.529285 204.369481 79.905756 198.909690
845.865989 203.464735 80.173803 194.895032
847.355730 200.744568 77.484045 201.943562
846.419843 202.447635 78.688884 190.501155
848.162447 202.748257 78.473616 189.070395
847.073273 202.681203 79.262382 191.374050
848.530086 201.653136 77.636774 194.288018
848.212643 201.218222 77.885081 193.764548
849.587275 200.495520 75.104516 195.915742
849.275111 202.439603 77.070578 194.038530
849.599294 203.435044 75.713889 196.141958
849.822598 202.436243 76.703002 195.201150
849.858573 202.954350 74.456650 197.007229
848.679863 202.955442 76.111236 198.232377
848.416169 202.379459 75.356299 196.646433
847.212643 200.590123 78.081610 197.522238
845.312496 201.806888 77.592885 195.713386
845.395983 197.181044 74.771473 200.687473
843.449567 196.184531 77.031051 195.300535
841.337672 195.109287 77.259587 191.699105
839.663543 192.083617 77.282591 184.637079
838.623819 190.546669 78.368676 185.832769
837.396427 190.512732 77.172479 183.537509
836.166654 187.634437 75.672900 188.307294
834.147919 188.341485 75.735912 185.538881
833.030640 187.059061 76.480065 188.141182
829.473853 184.750259 76.431523 192.492417
828.648737 186.940658 75.917294 190.891584
826.444884 185.005167 76.746345 196.028389
822.996467 187.013135 79.504561 191.011424
822.714944 187.481984 76.934131 190.734232
821.117575 188.003310 76.094622 188.788443
819.474181 184.606860 75.269612 194.549266
817.116857 186.204784 76.679817 193.055578
817.591805 182.660169 73.149596 196.254824
813.256312 185.127139 77.969749 195.402544
812.185164 182.669566 76.267872 191.770797
810.921610 183.518037 75.508000 178.090247
810.364465 179.945205 77.659442 185.112327
808.682373 181.893519 72.597172 179.482367
807.420488 178.481728 76.108286 184.515256
805.567075 177.162322 75.339203 184.745659
802.877902 180.158870 74.471789 183.683711
800.187744 176.436369 77.357241 188.549120
798.490120 176.886001 75.020901 190.987029
797.462492 175.298742 76.577950 191.728755
795.537184 176.175713 75.073003 191.162787
794.338737 176.338899 76.320244 192.667317
791.562840 174.219406 73.894350 196.488652
789.224262 175.302312 76.330016 189.049901
786.159035 173.067972 76.876733 191.672007
782.408421 172.545677 77.019258 192.805348
781.964172 170.042545 75.550352 193.581664
778.158744 170.761931 75.391593 191.613502
776.063371 168.775189 75.083300 187.377974
774.005193 166.301593 75.541127 185.385205
770.578912 168.007699 79.309519 179.150524
769.312016 162.773075 76.070441 187.573830
766.009211 164.167272 74.702505 184.305618
763.603615 164.059123 75.875782 183.406027
760.687370 162.880272 75.901875 185.145933
758.453029 165.388409 77.495407 189.098165
757.047522 162.921229 75.209472 188.776915
753.939361 163.893772 74.776933 187.967759
754.269029 162.844692 70.579026 192.184955
750.895943 162.801990 75.578339 191.657436
752.145763 164.369875 71.758043 187.205096
749.747757 161.205483 72.825385 187.486992
749.202399 160.624931 77.043605 189.075284
747.534742 160.054888 80.153503 188.147342
746.607946 160.617399 76.461173 178.208605
745.300198 160.152401 79.749458 180.743371
743.578916 157.646694 77.812506 184.435024
741.855243 156.407149 78.182800 183.517660
739.653373 157.328921 75.692958 185.867906
736.920339 154.969018 80.078502 190.218822
735.189511 154.606096 76.842426 191.856823
734.640434 152.492421 80.021932 193.636497
732.612965 154.026406 77.933567 194.433742
730.178847 152.410891 79.225775 189.884862
730.901058 152.632255 76.800869 193.797649
729.150716 151.580539 74.266735 197.217919
726.982814 153.682689 73.888672 193.318401
726.795385 154.188652 73.126650 190.262662
723.680038 153.111622 74.633859 189.362621
722.507039 153.088508 72.743511 186.681168
721.560431 152.496349 73.551051 183.437176
719.671927 150.335486 74.068708 182.593433
719.969673 150.159306 72.931026 179.892559
718.264806 147.821033 73.705678 184.101875
716.605808 146.962618 73.910778 185.002326
715.280578 147.382758 75.931490 182.962857
714.994605 148.354492 75.321014 183.734598
713.077189 146.158339 77.896996 185.223815
712.773602 146.988260 74.426292 182.037181
711.166051 145.991882 78.130266 184.156880
710.918627 145.595708 77.119401 185.435341
708.990643 149.531393 81.143865 183.790603
708.480337 146.654257 78.418124 194.254149
707.419683 151.142311 82.063123 191.984210
707.283062 149.075304 81.172394 193.851976
706.571968 151.742934 82.973820 182.563263
706.580887 148.527582 81.897783 192.849340
705.690714 150.929660 81.168687 186.660850
704.730405 150.180195 83.984904 188.390847
704.904786 151.521531 80.470767 184.744006
703.598928 151.807233 84.832131 186.788625
702.185240 151.422232 84.703563 188.543707
702.935282 151.139797 84.635720 190.990368
701.337274 150.546881 86.394995 189.613946
700.510262 152.034349 87.008959 191.208819
700.687604 151.791327 87.886738 189.892729
698.805117 151.949809 89.343054 192.933624
699.304656 150.206368 89.013265 194.415564
697.666423 152.261713 89.987783 197.571146
696.221095 149.880706 91.058416 198.176024
695.899646 152.146256 89.885456 194.291253
693.601852 151.056600 92.472468 196.448050
693.436734 153.095817 89.376681 189.035037
694.207095 154.860353 91.450752 189.799118
691.638446 154.660661 91.073754 189.792649
693.382692 153.778207 88.412379 186.002671
691.888805 154.881613 89.896522 184.610258
693.691541 156.337026 86.197805 182.159779
692.869633 158.207551 88.258987 179.588976
692.317778 156.922233 87.191600 182.492305
694.096240 155.440430 85.043005 187.525251
693.344338 159.047049 86.068599 184.522072
694.497250 156.336031 84.593798 193.119818
695.072502 159.115058 83.412940 190.323401
695.267167 158.575418 83.536017 193.694578
694.291907 159.244671 87.937279 196.230981
695.682478 160.558896 82.801124 194.067387
695.990371 159.701495 87.549245 192.814890
696.105849 159.676470 84.635430 198.476959
697.722658 160.806550 86.629980 192.853208
698.255742 156.747195 85.992363 200.989554
699.005761 161.954985 86.761950 194.317612
700.089182 159.809899 87.611615 194.246208
701.745195 160.628867 86.239867 192.630311
702.408949 159.072140 86.851747 194.112057
703.149880 161.180744 87.861804 187.052860
705.707714 160.054760 85.979184 192.087666
705.484401 159.812613 88.868305 190.313753
708.650901 160.278614 84.761810 193.610671
709.693180 162.174044 85.781925 190.030690
712.050276 161.050425 83.681986 193.889604
711.375805 160.982643 83.079410 191.356065
712.419435 158.522308 85.160417 195.560863
713.485936 161.004541 81.405219 194.469010
712.872013 161.027324 84.594127 191.852637
712.821869 161.529259 85.592655 192.678622
714.753825 162.752551 84.607470 196.990484
717.067267 162.630918 84.049589 195.583497
717.454621 163.703210 82.918017 194.291557
717.040111 161.697653 86.650049 198.549129
718.227389 163.079260 83.938973 200.875700
719.523018 161.562297 82.800592 204.284902
719.050806 162.829632 83.004145 201.165113
719.491218 161.045714 86.036061 201.098498
720.113920 161.238550 84.345329 200.067636
721.701485 159.951295 84.911857 203.183231
719.441413 161.440514 86.068621 194.790701
723.144749 158.329491 83.368957 196.615508
722.584017 157.837500 84.719916 195.286266
723.812505 156.783147 84.541323 194.702003
722.256207 157.361425 88.433954 190.940988
723.405058 157.535415 86.582619 195.194566
725.202162 157.111816 87.188334 195.495959
725.604693 156.502675 86.788886 198.993845
725.528642 156.964011 86.260621 196.055915
726.445643 156.301531 86.980740 196.908488
728.579796 155.549969 85.610517 195.512379
728.573355 159.625509 85.144468 194.910309
729.228388 158.199294 85.976988 200.916210
728.993296 159.109431 87.123676 199.283403
731.937404 159.638943 85.797839 202.732954
731.173213 160.830375 87.566671 197.501845
734.265958 159.512334 84.114957 206.925201
733.326720 159.008517 86.105682 204.439184
734.219166 158.245215 86.610585 206.029414
734.420717 160.166502 84.923746 197.948041
736.034018 157.935513 82.783524 198.503243
737.011343 158.092201 82.394376 203.129192
739.279153 158.408137 80.472526 197.147614
740.705953 159.349959 80.307133 200.791333
740.754612 160.042976 78.743342 201.328508
741.338911 159.219970 79.623988 204.305619
744.228933 162.293324 75.980616 203.315440
743.753884 162.660542 79.572951 202.441680
745.341068 165.015771 77.419669 202.340638
748.560158 162.616330 76.018807 206.773937
748.667325 164.530206 76.043957 207.692467
751.869263 163.678243 74.574287 209.252577
751.327975 165.175331 76.049632 209.262251
755.281228 163.621909 75.104593 210.839149
755.242247 165.868361 76.474485 208.774227
756.041026 164.474928 78.565657 206.481842
757.513385 168.110591 77.365692 197.153348
758.911531 168.422152 78.044913 188.497403
759.888014 168.807895 77.263675 191.683732
761.923713 168.845376 77.637876 192.651569
763.232221 168.198556 77.530131 194.308181
763.938027 171.244647 77.652221 191.252905
766.053832 169.309201 76.294045 195.278455
767.055392 168.878152 75.691432 195.999750
769.828963 170.375775 75.182994 196.739375
770.475709 171.510044 76.049861 198.145523
773.231476 175.925699 77.406000 196.674132
774.325836 177.396803 78.459392 200.455734
774.646568 178.946659 81.033633 194.505721
775.452792 180.071415 80.651583 200.066249
775.914671 182.979581 81.548835 191.344220
778.476901 181.608025 80.173169 197.922732
780.095299 180.916770 79.472633 199.413864
782.372632 185.225020 80.931339 188.372450
780.627437 182.312656 83.900943 198.698950
784.437457 187.408857 83.972615 193.112390
784.185501 184.547898 85.279854 200.069463
788.070709 188.963644 81.567168 193.303103
791.687402 182.928054 81.892440 201.326804
793.028583 182.821500 78.811576 203.580371
794.781367 186.422255 79.773739 203.703474
795.313532 184.374938 79.332390 207.397799
795.991052 184.785923 79.407974 206.022471
797.908087 188.597818 79.065138 201.663628
798.609286 187.690914 78.510123 204.899207
800.138274 190.484208 76.337912 199.602724
800.735385 192.568590 77.466705 204.745930
802.065889 190.418809 76.396498 209.369745
802.607994 193.495435 77.510677 210.509822
803.341592 194.141130 79.181775 212.304530
804.103361 197.567844 79.900638 206.353125
804.831003 196.625982 79.364156 210.800284
804.563677 197.109046 82.399700 205.854546
805.437502 200.006007 80.937345 201.715670
806.249776 196.199695 80.169237 204.691347
806.929923 201.677060 79.655002 194.606373
807.214177 199.648032 79.668230 207.493338
808.368101 200.345620 80.937356 203.375910
807.356780 199.008762 80.553649 206.942956
810.054211 206.292039 78.883488 201.445310
809.789866 203.625984 80.034153 206.279701
811.307600 207.156666 82.547600 203.314349
812.749134 209.156666 85.375827 204.170782
812.306055 212.812454 85.869192 205.610001
812.289067 212.235978 85.438214 202.614009
812.768170 214.245812 85.214937 202.279275
813.924676 213.935136 82.289681 211.756299
814.524204 214.898618 82.219031 202.392513
817.167028 213.883198 79.956577 209.652413
818.019123 214.073374 78.477597 210.617223
815.690439 216.371511 81.136864 210.562058
820.249187 215.232226 76.911225 212.560484
821.579262 214.508199 74.829135 212.281391
825.286155 212.857203 71.252187 212.670119
822.831203 216.002696 74.036491 213.333894
824.743790 214.528200 72.210887 216.803375
825.454591 214.046270 71.379074 221.879386
823.337074 214.752785 72.848893 218.022149
824.273881 216.745005 72.097703 220.174473
824.689069 218.865061 71.697465 216.637717
824.200047 220.013064 71.786848 216.176206
824.073251 222.127100 72.495366 214.074959
824.164791 218.907271 70.761173 219.032380
822.070933 222.262099 72.944971 213.229686
823.064830 221.097197 73.657948 215.630073
820.148863 224.094747 75.342648 211.569112
820.870907 223.906688 75.983684 207.901707
819.474701 220.757533 77.569698 218.111411
819.422097 224.061884 75.676831 211.727619
818.171838 223.177459 76.758715 211.157109
818.719705 223.576641 76.670285 214.511546
818.644091 221.403617 75.533589 218.172357
819.936807 224.306083 74.488975 217.698448
817.940474 224.122364 75.830205 219.045552
817.591249 225.246155 75.577381 218.465013
816.697709 224.468812 77.093895 221.531138
816.181870 226.913799 76.893209 219.146001
816.197204 230.019783 77.563622 214.818405
814.550954 232.444267 77.656954 215.717323
816.173441 234.133159 76.086926 212.900530
813.132797 234.071817 77.263288 212.980025
815.730858 233.062277 72.930346 211.864312
813.225148 234.237646 75.533795 210.296703
813.060775 235.869635 75.506970 210.235294
809.477980 235.113458 79.187327 210.349018
808.885031 242.117602 77.915822 206.244314
807.876896 237.688559 79.733743 211.835943
806.754756 239.672279 77.549732 213.430892
805.134306 236.041454 79.561982 219.384840
802.759187 236.156315 78.734864 223.922953
801.464965 237.766389 79.734327 222.943844
799.885111 239.852138 80.519282 222.401124
797.856261 241.556671 82.374996 220.158848
794.850703 246.069253 82.838673 219.964183
793.528846 247.735489 83.477898 219.284639
791.277341 246.884810 84.520738 217.476089
788.164568 251.089630 87.182205 218.802744
787.640268 249.584557 84.769548 218.100805
785.417115 254.603607 85.682291 214.643542
782.443369 248.420419 87.726301 222.357310
781.492466 249.937103 86.776321 217.190974
779.337352 251.165580 87.216480 213.596608
780.600190 247.638533 80.859497 213.454709
777.036655 246.406832 84.765685 214.554773
779.110581 245.809272 80.340448 216.543248
776.618619 247.925170 81.565738 218.217631
777.342135 245.893698 79.439001 221.473766
775.136313 248.091776 80.599438 218.950991
773.960258 248.865058 80.153123 222.965607
775.015944 250.677311 78.645971 222.797684
774.409803 251.955086 78.083391 219.124643
773.053874 255.021392 78.130062 218.121412
775.429466 253.612304 75.088867 217.746042
773.533119 257.747270 76.381792 222.216707
774.477546 259.605626 74.703268 215.545276
771.686849 260.127482 76.604412 218.561806
772.534490 262.783664 75.853270 218.751154
770.789398 263.632781 76.037294 220.595616
770.893781 264.893076 75.232930 221.251523
771.078916 266.802717 73.898879 219.185633
768.613040 268.762084 76.301847 221.534445
765.033803 273.719807 79.813428 219.193461
763.613070 272.482178 80.138387 222.135650
761.338652 272.359380 81.295522 225.087936
762.906979 277.759360 80.387950 222.314537
756.834302 278.588270 85.878945 223.942655
759.920025 281.981140 85.554746 222.925330
753.251621 287.320288 90.994092 220.725715
755.957306 288.726827 88.016891 223.304789
753.128850 292.584527 91.147793 221.128532
756.863388 293.549962 88.025837 223.060731
751.780187 298.174523 91.407934 220.773111
754.081836 301.040316 88.238558 224.095013
749.876003 301.643744 91.764346 224.966953
750.628039 304.777368 88.695973 225.532739
748.290511 307.120532 92.435488 227.798338
748.231651 310.466037 87.855084 224.220480
745.538546 312.126575 91.781845 230.041636
748.662407 314.138740 82.719050 228.952560
745.910232 317.223115 84.355740 229.743686
744.927382 319.666778 84.057283 232.383936
744.278093 320.742838 84.498551 234.022409
742.415312 321.639302 86.169252 237.525848
741.314631 325.559219 85.727052 233.853692
738.533659 330.354445 86.340806 232.347456
736.772096 333.736022 88.590508 235.843358
734.721177 337.692047 89.005543 234.486048
733.251658 342.400491 89.344936 229.262887
731.050940 343.247454 94.425183 236.206546
732.067708 346.624471 88.430425 234.035128
728.458525 349.679246 91.226624 234.109141
728.256056 352.164391 91.208493 239.883609
725.118478 357.593429 94.266732 235.358127
726.689228 358.508187 89.491594 237.188535
724.113745 364.490277 90.892175 234.290426
724.064373 365.733546 89.460982 239.088582
721.242365 371.797918 92.947990 235.060931
720.220913 375.535435 91.257867 236.139456
719.683369 376.456338 90.115001 236.249797
719.590418 382.883221 89.073614 234.722067
718.155364 386.885221 91.951194 235.271648
717.093212 389.528731 90.479529 236.354431
716.302910 392.319271 90.608428 238.326780
714.625985 397.186391 92.249056 238.131338
714.404048 400.952683 92.062721 236.645202
712.308620 404.233583 94.147053 237.464905
711.282867 407.708407 94.358871 236.174775
710.633695 408.910627 96.123102 238.336295
710.625259 413.015140 93.809386 242.153181
709.267959 420.918647 96.369985 235.944739
707.711411 421.232556 99.230252 241.456177
707.055157 427.209380 98.812874 237.613256
706.872466 428.805234 101.774048 240.321247
705.116416 436.389855 101.956925 239.182224
707.560703 438.759157 101.640191 236.569850
708.729188 441.668060 99.992425 239.193506
710.159678 446.038319 97.972261 239.525380
710.137323 449.575502 98.687802 241.036736
712.241407 449.044641 99.930091 245.295969
715.720946 454.514665 95.659865 242.450794
717.253132 455.081409 96.394432 246.888958
715.943323 461.467411 97.598480 246.068163
717.857218 463.855581 100.537240 243.835773
718.489824 465.841559 98.500200 246.678081
722.179383 470.216837 98.591884 245.558029
723.495888 473.088922 96.064650 246.657496
726.793716 478.580091 96.738383 243.999096
729.023114 482.381760 92.945220 241.893952
732.294756 489.287477 92.491481 237.117826
733.120166 488.589951 92.654316 242.247744
733.476813 492.348144 92.820800 242.829375
734.792970 495.538719 95.105422 243.545996
738.847170 497.884513 91.772508 245.661192
741.035197 503.693235 93.836012 245.496771
741.403752 504.472587 95.851228 246.629863
746.041787 506.305906 92.899257 247.250787
745.007096 511.567769 96.820700 244.251127
751.223916 513.253323 97.041006 246.374639
751.102268 516.207806 102.300909 247.163145
755.696808 519.670498 101.041237 246.406668
757.150001 523.935746 100.797683 245.323259
761.692322 526.064527 103.795191 244.346189
764.010098 529.327232 107.075067 246.095392
767.936794 532.807378 104.493959 246.026310
771.522769 534.826451 104.967169 246.702851
777.340310 539.041029 102.481868 246.441897
783.008242 542.178231 103.109901 246.217823
785.045003 545.575973 103.565956 248.940941
793.291879 547.460602 101.043353 246.969703
798.139161 550.686218 104.231419 250.730469
805.892964 554.015423 103.764971 247.136365
810.786305 556.485729 104.463336 249.239847
813.856649 559.621245 109.511304 249.827222
822.661366 562.314426 104.735661 246.976731
828.340334 564.804361 102.481868 250.213456
825.411888 565.338092 113.460785 250.796424
835.341372 568.967431 107.618196 245.861440
835.889835 569.448644 109.891453 249.732965
842.707168 571.978425 107.166344 246.060045
843.020801 575.112103 109.183883 249.146580
845.922798 575.194583 109.311355 248.846997
849.523632 575.963662 103.760670 250.248702
853.157676 577.508221 105.010784 245.582625
855.329697 579.319408 102.611232 246.322106
854.584714 579.757564 105.508611 247.393400
861.604402 581.122725 101.204742 248.234901
862.349164 581.071604 100.109819 252.460277
864.721122 582.509258 102.447490 243.895119
864.515092 584.018036 102.517713 247.230951
868.799433 583.385402 100.567449 248.559273
867.570896 585.204532 103.547987 245.206621
872.086968 586.099127 103.087981 246.729981
872.765360 588.300821 101.392806 244.888169
876.496258 587.114845 102.010839 247.415389
874.922988 586.733880 101.603615 249.658487
879.340311 586.085156 101.980712 253.985979
878.452181 588.199009 105.007925 245.451208
881.931818 587.503613 101.207590 249.681796
880.001909 589.724821 107.605775 244.539807
884.957643 585.522872 103.451303 255.583942
884.455139 588.600785 107.868309 247.499160
888.239792 585.934944 103.484041 255.828909
889.875569 581.710734 101.773810 258.827383
891.640162 582.529645 105.283432 245.808651
892.553159 580.131635 104.125073 264.002944
894.878398 581.885226 107.485565 250.180065
894.716035 578.837105 106.780414 256.614194
894.674637 578.960138 109.439419 248.028859
896.298907 571.513310 105.022158 253.825815
896.510702 571.267615 107.948892 250.200002
896.242179 564.596010 106.078879 255.900609
897.353048 560.080888 107.348597 257.447470
896.354950 551.071821 109.957137 258.364052
899.185074 540.388700 108.982346 262.508846
901.321411 530.957352 104.072836 272.447084
896.251128 524.349518 110.603326 258.355590
899.011722 505.848783 105.242450 262.072786
899.407289 491.222385 103.902687 266.866388
898.186202 476.746125 107.261121 266.572256
901.547464 457.302303 99.151603 269.894190
906.052368 441.980958 96.576751 266.016831
902.620377 433.947072 95.908592 263.745826
899.060776 423.284695 99.469604 252.142591
894.173070 412.432513 100.885227 266.016394
890.352569 411.428627 104.832272 251.752077
881.974430 408.909477 110.713836 240.996285
881.598035 405.923691 110.366166 240.842016
875.904437 401.673121 112.226870 243.401848
876.389854 399.762057 111.721012 243.076672
870.715044 397.493010 116.831650 230.579463
875.211115 392.355241 113.090305 230.589050
871.241314 388.664044 112.676133 233.876900
865.440670 383.296212 119.544736 241.153120
866.427932 385.684672 117.444800 240.668334
867.194276 381.194571 113.355854 248.960662
863.586951 378.856602 113.812577 246.105212
859.803563 376.002601 117.635695 252.020277
856.400555 376.588185 118.803480 252.652622
856.226519 374.917313 115.108499 254.320037
854.261407 373.349053 118.952888 255.929784
853.150130 372.388841 117.959316 256.663669
852.890707 367.755798 115.590237 260.037471
860.574137 365.220756 106.860587 261.568648
857.586981 359.797281 105.847035 264.655487
856.738956 353.732077 105.732681 268.722728
859.133076 347.936074 101.452118 268.595734
852.738252 345.406054 107.859056 264.980139
856.845815 343.768031 99.532316 254.472740
860.200154 337.050585 97.155735 249.081695
845.105052 333.823078 108.688759 239.014605
839.538225 332.946327 115.288214 239.956955
839.961062 326.231886 112.577361 243.996124
836.128201 323.619976 114.836241 242.494934
832.815326 319.698051 116.780584 240.995957
832.356944 319.737164 113.156611 242.945628
835.701107 319.173770 112.501694 243.261480
831.713130 316.295623 111.912561 247.712406
830.007751 318.983585 110.991752 237.815215
828.417463 315.165346 112.008395 250.166332
826.106805 316.199778 108.595682 243.012147
826.433586 315.051065 108.605127 253.362547
815.901400 309.080894 114.038078 258.021271
825.029805 304.961468 101.092938 260.415159
816.166348 306.613540 110.293087 254.274117
809.813213 301.981621 113.998105 253.470071
815.772091 297.885230 104.226821 252.775863
814.652197 294.900472 106.130864 250.088652
808.563506 296.149237 109.714811 239.664364
806.389956 293.418215 111.397965 241.622519
804.039944 288.380311 111.065109 247.700101
809.715513 286.485350 105.165348 247.967341
803.433130 283.846485 108.211428 262.793331
801.058954 285.076420 111.402979 253.584618
797.349900 287.598725 114.029392 254.262949
802.239900 285.013160 109.121645 260.918803
795.823085 285.340040 113.811431 261.388712
802.752780 285.071734 107.672679 261.472656
800.383066 284.348751 107.033929 262.380553
799.965450 281.709773 107.259981 263.832973
796.132720 280.452102 109.611969 265.830494
800.634237 277.403426 102.183361 261.420582
797.326507 272.819968 103.183110 261.767069
800.481903 271.166000 99.983385 256.791451
795.123902 272.194719 102.914548 248.575725
794.524664 268.107394 104.796297 240.289575
791.699926 269.053609 106.803378 232.332505
784.917955 264.955203 115.357036 237.484749
784.568314 265.177143 111.410897 235.714841
780.442695 267.080870 116.839598 234.384828
783.100420 265.776758 113.851955 235.008747
785.118538 267.604356 110.555320 237.309590
797.362170 265.520848 99.776743 237.978700
802.184264 266.699571 94.107296 239.711293
792.809510 268.732627 104.781342 231.715693
795.487111 265.097295 106.585458 244.825477
782.849639 268.776759 119.612768 236.095435
805.197623 269.605687 102.808277 241.420131
808.268072 271.643440 98.465971 236.119872
805.837000 271.378446 103.359217 234.210391
804.570790 267.251332 107.958887 236.249621
798.111036 268.908018 117.491415 237.810678
806.376173 265.175216 112.298906 233.690238
813.772148 268.769800 107.703811 225.992628
813.480274 270.052777 105.635621 226.172019
832.914699 265.441322 89.125754 229.019538
830.370582 267.026245 93.366707 228.234658
834.779939 263.295799 93.489076 234.160727
833.661846 261.390813 96.254563 240.841436
838.489245 264.773424 96.159362 240.147466
841.791174 266.835200 94.681041 240.960300
847.076177 266.652124 94.302915 245.990282
852.299253 267.111018 90.062305 245.578142
855.516830 264.502726 88.113499 249.692752
864.571399 267.096912 82.126336 250.330506
862.260824 269.505954 88.332743 253.718389
867.497506 271.624622 86.454626 254.331691
866.257797 270.786857 91.982800 254.935182
866.863784 272.141893 96.423108 255.753895
862.840624 274.491960 101.833680 251.738816
871.666979 272.028564 97.411621 256.651101
866.523348 271.521756 108.643704 257.749214
867.943357 270.017661 110.748603 256.798223
869.627782 268.957488 111.240600 254.219712
876.974649 268.221919 105.301365 251.034075
873.889122 271.165746 111.473117 243.042726
883.583764 268.663234 105.005611 237.653791
882.278821 268.359047 107.676291 244.431436
880.144612 269.633201 114.482745 241.765936
888.034341 268.166635 108.282066 247.672522
888.849744 270.006355 111.464750 254.351821
894.913805 271.465242 105.949882 247.529236
892.674286 273.871050 110.962411 256.983582
913.968495 274.724944 94.467207 259.718011
907.131256 280.247807 102.266154 261.741547
911.491400 283.399149 102.926146 258.631788
906.098336 284.965839 110.551321 261.419987
906.089393 284.273513 113.123253 263.407141
911.417380 282.264121 110.146281 268.373133
913.176634 283.879190 112.400555 271.000253
922.339057 282.131218 107.022710 279.226831
923.332952 282.955820 107.099412 278.222143
931.212030 283.745396 101.033811 263.983270
933.374991 283.848017 101.228515 262.245056
940.904202 284.652674 97.445682 256.587606
943.200146 286.688038 97.796380 252.120440
947.091319 286.754789 99.116483 243.207803
953.037469 284.282875 94.529104 248.375524
955.600549 285.449704 96.171467 248.565778
958.589062 284.095533 95.020495 250.956216
963.474777 284.169147 92.529268 253.659640
964.473570 287.604522 92.635223 261.352176
969.945407 288.741325 91.710948 261.065997
969.714212 293.639865 96.166195 254.914768
972.876014 296.279698 99.331351 264.695863
975.765682 298.955274 99.032943 259.694076
980.426396 302.294191 99.815594 262.798510
984.068636 303.206589 97.920827 265.628846
985.856661 306.988962 97.827827 270.949622
989.985329 305.545533 98.593085 277.783611
987.913692 307.595086 103.967293 277.426563
992.804925 312.822466 98.873566 273.535306
994.641158 309.329129 98.669702 276.834199
996.920825 311.618791 100.086013 270.587452
996.596691 313.858018 102.841687 261.705650
998.768100 314.472039 103.731888 257.929208
1000.227132 317.124252 106.603011 248.446600
1004.464899 313.511840 101.195365 251.602869
1005.599096 315.855341 104.476873 246.672337
1008.893632 315.798421 104.426935 251.495391
1009.559331 316.800054 105.296161 253.944392
1012.145935 316.502071 108.132379 255.219037
1014.997731 317.359680 108.080889 265.127834
1013.304515 319.503238 110.448975 263.092169
1015.521196 321.039923 109.878093 265.706725
1015.922009 325.035068 113.056010 266.548894
1011.858427 326.125105 118.599498 268.820813
1017.345920 330.299482 115.258282 267.340224
1014.095938 329.886278 118.816331 267.101456
1014.527512 329.909036 120.932211 271.638998
1015.360323 331.792147 121.740778 268.246590
1015.605268 334.326227 122.327885 262.665571
1013.476614 333.768564 125.253719 261.180394
1009.366584 336.844720 131.523279 255.552738
1009.799811 336.776627 131.216999 248.450487
1007.708080 335.411039 132.062072 258.363060
1002.070581 336.489403 142.238180 258.321681
999.398472 335.347106 146.200888 269.635063
998.045799 334.075425 148.226709 272.330179
1000.054527 331.965441 151.741697 279.727492
1001.415522 334.179490 150.176718 277.376069
1002.576631 338.314680 147.383441 276.087471
1007.097513 340.282785 145.841380 275.868378
1010.275489 343.192736 142.067002 274.873278
1013.964214 344.934542 142.570931 275.500991
1014.645464 347.617954 142.178278 273.525255
1021.783096 346.387390 135.026445 279.964845
1022.065320 346.439814 132.212474 274.621713
1025.453850 347.511801 131.820048 270.310193
1029.025566 347.450531 128.269781 266.984102
1031.211430 346.253382 126.974665 262.561735
1032.816477 348.939471 126.728780 254.828339
1034.400684 349.720198 123.736945 248.944167
1034.532546 348.167004 125.691076 251.100189
1038.882543 350.341467 119.734042 255.502007
1041.511022 349.565316 116.031364 255.428481
1042.674784 350.354595 115.102391 259.086393
1044.033012 350.582533 114.495006 260.926653
1042.934101 352.300492 116.608259 262.977719
1043.060977 353.341387 117.110772 260.948995
1044.822692 353.463870 116.042202 264.791895
1045.928077 354.907851 114.256201 262.089475
1046.238937 353.453112 118.655873 265.243608
1048.727448 354.474644 114.484586 259.661782
1047.373609 354.048090 117.725381 255.788778
1049.178201 356.425837 113.663823 252.707434
1048.028359 355.222423 116.450386 246.296263
1049.611388 357.471003 112.156331 250.584493
1050.116290 354.549121 111.831750 250.020994
1050.631848 356.069709 112.427356 253.863236
1050.956427 354.870900 113.735001 255.648627
1052.176194 354.966104 112.589716 261.116582
1052.608029 354.883808 110.174417 267.161478
1054.808848 356.503761 110.029641 266.935009
1053.401599 360.334614 111.771718 267.617235
1053.437368 358.823276 113.018880 272.122634
1055.567672 360.246014 111.675114 270.576725
1052.556166 361.470196 114.392079 270.394578
1053.754167 360.669077 117.749374 272.897830
1053.876697 360.539692 116.309930 272.240441
1057.003655 359.268731 117.281768 266.126412
1057.792748 359.277631 113.113398 253.183595
1059.199747 359.097025 116.024620 248.790585
1061.262402 358.155745 113.990041 251.297549
1061.299868 358.655595 114.040500 247.463816
1062.280070 361.058118 113.062031 252.165480
1064.484829 359.834771 111.727003 254.102968
1064.963588 360.983440 110.940680 255.438702
1066.659044 360.164820 108.988044 259.171806
1065.933266 361.549315 108.280674 259.655222
1062.309468 362.490339 115.698599 261.191295
1059.232950 363.523380 115.441191 265.207119
1061.350260 363.776218 117.906613 261.629958
1064.381908 366.731682 110.725056 259.039460
1066.335821 368.204045 111.148328 256.685412
1064.913728 367.401655 112.982541 260.564752
1063.758367 370.717096 112.495833 248.533666
1063.922942 366.171777 110.867545 251.973805
1065.626788 367.845392 112.386408 246.386038
1065.140093 364.664353 110.517654 251.748842
1065.531911 363.947673 110.515663 256.342611
1066.569138 364.195376 106.688815 259.056617
1066.022747 365.455485 109.133688 264.158110
1068.237791 369.132991 102.392474 259.705671
1066.050668 366.400749 106.114578 265.865796
1062.376622 368.633617 106.077104 263.527124
1054.680840 370.284238 116.393135 265.213948
1049.701246 370.791084 122.346994 263.036001
1049.546876 367.432863 122.294943 269.031167
1049.057682 367.702429 126.383965 273.435075
1048.654093 369.610528 123.085985 268.707561
1055.309559 369.542865 117.062137 269.071275
1053.690400 370.510647 113.379728 260.389532
1053.368047 372.052317 109.402168 257.282912
1054.520905 372.107197 107.470330 252.042334
1054.225115 372.586800 104.393588 250.945004
1055.225921 371.057582 103.660471 251.866513
1051.359910 371.186232 106.328674 259.216611
1051.516030 372.517772 102.020946 258.579603
1048.295840 372.288116 106.446490 262.251953
1045.935047 372.977902 105.194059 261.157294
1038.341150 374.841307 114.344568 260.119031
1035.794839 375.226509 115.504750 267.605611
1030.896258 374.995261 122.903151 265.399501
1033.975178 375.283416 114.570583 267.551663
1035.569897 377.169437 118.582874 266.527804
1034.914290 375.413478 111.543461 263.390232
1030.523653 377.552535 119.874146 263.803571
1032.156855 381.703590 113.804557 253.284705
1039.062829 380.399266 105.396719 257.348560
1035.702104 380.442124 108.380092 253.811804
1036.418617 376.095093 104.624282 262.328809
1036.951466 378.930664 97.725191 254.983501
1040.660066 376.270992 98.038299 258.158402
1037.559349 380.198994 97.626437 258.655020
1032.427742 376.756556 105.345109 261.987885
1022.597887 381.032628 110.942642 258.645955
1019.833872 380.250579 113.827499 259.935402
1013.285901 377.655690 118.589074 263.460524
1013.227206 377.661489 117.680020 267.094818
1019.413094 377.338232 111.522699 270.732266
1022.797831 380.026151 108.560131 266.994302
1021.308384 381.029072 109.784827 260.352223
1019.027747 380.394549 107.966894 258.464497
1017.509542 378.482134 110.020173 254.998243
1016.290961 378.834768 103.765575 245.026514
1015.158270 379.094342 104.093288 244.366920
1013.720241 378.096913 101.848310 249.413151
1009.008658 377.922329 107.061386 257.795006
1009.638148 378.017876 105.173166 255.826174
1008.967530 378.518972 101.831552 257.107049
992.443916 380.902017 117.144536 253.116022
985.193987 379.648565 125.268067 259.316877
984.132344 378.883497 125.912978 270.056755
983.354731 382.027255 128.996806 264.984973
983.509102 381.423291 127.820367 269.502195
984.261393 385.853153 127.749177 261.283259
979.217302 383.998783 132.213786 261.874952
978.644071 389.330722 131.186103 254.964551
972.172693 386.189948 134.897886 257.375005
968.924561 385.035577 130.230260 258.386646
966.190945 385.163902 133.700047 259.733427
963.247764 383.605369 124.202239 256.504419
963.792301 385.038887 121.545646 253.975784
959.818682 381.888603 124.305910 264.992451
959.765873 383.265982 122.967929 268.707785
961.607308 382.475115 119.395125 272.202913
958.364735 386.136941 122.054397 266.188122
960.035424 384.263148 119.394494 267.118399
959.448334 386.240963 120.247348 267.251865
957.506441 385.056329 124.425654 270.293612
955.222481 384.717746 126.473586 276.041097
956.578540 386.688329 125.999456 269.888038
955.132858 387.505445 125.369774 270.063541
954.662155 387.397012 127.038998 267.454934
953.704108 390.298706 124.902890 264.077061
950.766320 388.849094 123.487128 256.318830
951.789628 389.588599 121.850227 251.402709
951.583065 387.843673 118.799734 246.914237
950.480292 388.799244 118.772452 252.419236
950.720230 387.589501 118.187897 254.326967
950.978220 390.718946 115.687460 244.637033
950.244124 391.063270 115.077966 251.413428
947.727849 390.119472 119.668068 256.777381
942.874525 394.156144 122.832191 258.308317
942.841204 392.504871 126.149462 259.764831
944.456538 392.660299 123.285514 260.068630
940.640576 393.381397 125.299613 260.685344
943.689033 396.510308 125.001773 256.175610
942.628011 396.672046 123.288810 252.426633
938.342477 392.977903 126.703241 256.065599
937.022027 395.626267 124.047684 253.413106
938.686655 394.443572 116.573649 252.619055
939.546345 399.723284 108.310080 246.927084
936.569973 396.579787 109.145711 253.058268
935.386343 398.346761 109.279096 249.740292
935.333713 391.499202 107.885731 262.138722
938.751210 395.780176 104.717353 259.143080
937.444133 393.530067 102.568181 263.774628
936.767782 394.072037 106.052503 268.909774
933.849618 397.656899 108.093333 265.427730
931.445337 397.516110 109.954810 267.134458
928.136265 399.956276 114.879913 264.901460
931.269241 399.996403 113.189576 271.368787
929.516216 400.996895 114.436015 269.178534
929.494734 402.055158 117.445462 267.689961
928.580023 402.674378 115.378265 264.802011
928.127028 403.500729 115.198118 260.309789
925.226410 403.294065 118.183627 247.184747
924.959598 402.098811 119.272398 247.940687
922.593615 404.469034 118.717991 245.006261
924.235032 404.547985 116.825102 252.191979
924.899231 401.105897 114.450865 255.428650
929.163567 403.935364 111.688951 254.775971
929.509566 401.866487 109.213645 257.094379
926.866435 403.878988 109.819349 253.640539
928.903486 402.696010 110.452595 257.100988
922.821188 405.312576 115.722661 259.485013
919.697408 402.806564 119.560452 266.471649
925.043596 403.878607 117.014571 266.505340
923.177717 405.457246 116.061975 265.245634
934.373764 403.870225 110.702529 267.375851
930.455831 408.472854 113.226313 261.407855
932.113371 407.792444 109.514258 258.095982
931.173631 407.010654 110.370209 256.112293
932.015052 408.097032 107.481434 252.797014
933.028255 404.968776 107.430307 252.163725
932.473394 407.042601 104.332277 245.406026
933.711120 405.300141 102.339378 245.177152
933.052385 403.887112 104.491806 248.442549
933.505737 402.756310 101.881425 255.301050
933.468398 404.817945 104.025868 252.987344
933.044682 404.785822 106.264806 258.467857
932.870932 402.481960 104.975627 262.200967
930.837191 402.793428 105.690965 265.404912
929.822894 404.087157 109.979605 264.556127
929.215519 404.612074 108.124865 269.220049
927.402637 404.847795 112.056948 268.981526
926.246135 407.192688 117.967219 267.698838
924.105949 406.663318 118.836983 265.087760
920.660055 406.146770 123.297394 269.443982
920.549824 405.129348 123.830170 261.779134
919.040263 406.393790 124.086066 262.398552
918.744991 405.479215 126.686929 252.435532
919.461055 403.906926 124.568378 249.919120
917.669825 401.793877 127.859709 252.447780
920.003206 404.896234 125.792253 257.814647
919.275289 401.812201 127.545203 261.250232
919.548261 406.966548 129.031962 254.814461
920.860531 406.036558 127.111773 255.149890
923.446961 407.169307 123.272201 255.871179
925.320390 406.697913 122.517247 259.519942
926.233568 409.574994 124.859359 261.490373
925.167162 410.636344 122.217827 261.004335
934.013270 412.007477 118.747145 263.089270
930.628069 412.922862 123.598376 265.833445
934.270787 414.754854 123.738745 256.052597
938.633466 412.310930 116.547202 261.892701
933.542014 413.978818 125.831527 256.089781
933.977567 415.140632 124.907555 257.910182
932.804092 413.357339 123.995307 257.970180
936.757479 413.740333 117.157639 252.905297
940.934817 416.120506 112.106412 249.871284
943.185877 412.874539 104.342221 247.003934
943.356225 414.978978 107.846477 252.214580
948.530901 411.288124 99.530376 253.991859
946.091852 413.753462 100.677653 253.041822
952.429123 410.079982 98.312881 262.098326
952.779596 414.436530 96.513299 257.061844
953.356712 415.204257 101.279288 257.286545
956.164972 417.902011 97.045452 261.109966
961.555534 417.819766 95.285938 256.945377
959.941749 415.002019 99.460578 264.193308
959.868089 418.077515 101.786206 260.782571
961.130548 414.249403 101.951664 268.539501
963.292274 413.049333 104.108573 268.834387
961.768375 418.302031 106.457345 264.816558
963.343627 415.665595 108.973677 264.098458
968.607894 415.557270 105.778120 262.327240
969.319663 416.243645 107.614788 253.214512
972.796993 417.852139 106.022108 254.891383
972.713510 418.169566 110.578261 252.813590
977.629878 416.107015 108.844686 261.268722
979.684047 421.164556 109.375497 254.313241
982.943447 421.248492 108.437011 262.888754
985.463407 417.929017 111.735634 264.337339
989.228412 420.779052 110.892210 260.593781
990.496192 420.579256 112.843865 265.073606
993.840046 426.929044 108.768552 257.867822
994.348304 430.913934 115.930014 264.228502
995.563817 428.023135 118.247583 266.783122
1000.693411 431.241691 115.159820 264.486233
1005.834038 429.991419 111.768608 266.228686
1009.336031 433.494593 114.231881 260.582867
1007.264856 430.115942 117.984189 267.725559
1012.214367 437.102798 118.508484 259.344631
1020.786299 439.493984 112.003565 263.408477
1022.784938 439.801653 111.906504 258.309542
1027.549473 436.132146 112.646110 264.632803
1030.969903 441.657339 110.746580 258.871770
1034.364319 440.120648 111.946975 262.644953
1037.323078 440.746766 110.088973 262.198852
1043.005356 444.157387 110.500841 264.567839
1052.543162 444.483276 102.729096 266.115394
1057.722277 448.581820 102.612674 262.420507
1064.869812 450.132248 100.950697 264.653392
1070.352907 450.438423 99.857150 269.166195
1072.174038 451.941314 100.640958 264.704437
1076.355633 452.347681 101.805383 264.916606
1082.380156 454.113040 104.290841 263.600645
1089.779571 455.831936 99.881996 268.215620
1093.224210 460.989197 101.049615 262.327908
1095.592125 461.165025 106.865210 263.487499
1107.601588 460.951083 95.981333 265.252509
1111.348026 464.408066 98.126465 265.653316
1115.723327 468.872155 99.614433 262.975497
1123.491082 470.067059 96.940089 263.169597
1127.241482 467.535009 97.058546 271.113567
1131.546062 472.563423 100.773247 269.836834
1135.202341 473.345724 98.314419 268.019900
1141.369682 475.800888 103.427965 273.993583
1148.101084 478.585787 99.981862 268.852966
1154.573826 481.937207 100.405259 264.984886
1158.967730 485.132242 101.466943 265.258017
1164.921019 487.202932 100.422852 271.049870
1170.581514 491.537769 98.767821 264.949361
1172.639630 488.819969 102.384568 271.476468
1180.650995 490.035853 101.862123 273.289638
1184.618161 495.836579 100.452817 271.289720
1191.070608 494.086653 100.864234 277.028686
1193.694719 497.570017 102.388223 279.726867
1196.341006 498.087737 104.311775 283.388796
1205.177299 499.830018 103.959257 275.462491
1212.314492 503.426287 101.025762 276.838501
1217.247307 506.425466 105.471461 278.403714
1218.763665 508.828607 107.742158 270.386270
1226.474297 511.099653 106.404588 270.848324
1229.337444 511.012705 108.796763 273.375471
1237.284890 514.021462 105.196823 274.838426
1241.830097 515.398544 107.771346 275.340854
1250.926135 519.070400 106.495213 274.088675
1252.441167 522.773415 108.460984 275.796854
1258.678403 521.248955 106.392011 282.754559
1262.300547 526.285516 107.230013 270.483832
1271.676938 526.797508 105.645245 280.319948
1275.392821 528.159921 111.652509 276.833401
1279.610365 530.450239 110.358716 276.834076
1285.749991 533.823642 110.274417 274.717597
1292.426835 539.112916 110.737968 276.603432
1296.664740 538.213281 109.143552 277.568578
1302.173150 541.198662 109.531973 273.404364
1310.059160 547.967463 108.052219 274.120961
1313.287157 545.992251 110.775216 280.434308
1319.895215 546.539347 110.467694 280.057120
1326.549080 552.166648 109.193071 281.258159
1331.267034 551.134230 108.994970 280.296519
1332.243960 560.243937 112.446601 282.661970
1341.938182 555.659471 110.472922 283.421305
1345.816323 561.721453 116.556948 276.817943
1352.204934 562.839581 112.263125 278.270644
1355.433031 565.511049 113.583405 273.750822
1363.033865 567.734118 113.637931 276.064279
1367.748834 569.075438 113.726723 275.255480
1371.900084 571.403551 117.073405 278.984965
1375.842063 576.204272 114.633160 275.564895
1382.370545 576.163188 116.483990 279.292477
1386.058762 580.064884 117.554275 279.948542
1395.688284 581.056224 112.685279 276.208779
1401.337236 580.666166 114.096228 277.771051
1404.886601 583.111422 115.485114 282.302843
1413.950090 585.466297 111.853439 283.153802
1417.336306 589.787480 114.364539 274.902207
1427.139975 590.259915 108.608362 280.626612
1428.677562 589.926796 110.141937 283.375464
1432.680955 594.740069 111.357775 283.397264
1440.480854 594.483589 113.059185 281.216634
1449.608614 598.749593 108.816704 282.484460
1456.710909 600.282692 109.261358 278.100905
1465.356910 600.950888 106.045963 275.677190
1467.701231 606.396557 109.481941 280.241041
1470.841075 606.440699 111.487569 280.813447
1473.220055 609.182914 114.110523 276.504119
1475.552842 611.137202 116.071054 277.625591
1478.309870 609.139658 117.440105 291.075882
1477.036435 616.102498 121.596243 283.081095
1475.494646 614.937886 125.815423 284.685733
1479.387061 619.323559 123.280301 278.537222
1477.882332 618.890841 130.938323 283.862364
1477.140730 618.163700 131.995487 286.036127
1475.869268 621.512182 136.585741 285.862326
1480.243075 618.422361 134.388398 283.886506
1480.108552 623.345646 135.501769 279.543384
1479.567467 621.372120 139.026292 283.612441
1482.040846 625.463267 135.520545 277.135728
1483.238349 619.860236 135.454400 286.986097
1484.448576 623.584626 134.929491 281.777598
1488.921425 624.626914 130.903964 284.319633
1490.969136 623.306204 130.468330 284.007927
1498.729095 622.577262 126.861957 287.204052
1497.611283 624.605313 127.807578 282.619000
1507.671589 622.535861 120.685543 284.975932
1508.938341 624.703875 117.459635 284.020879
1510.726629 622.805047 120.247188 286.311203
1513.366580 622.435029 117.505191 284.863504
1516.068361 621.753728 115.416760 287.191087
1518.514875 622.296840 114.152383 285.841496
1517.993903 625.401692 115.336163 284.652018
1520.216037 623.595215 114.725929 282.415142
1520.318835 624.227878 115.551261 284.192709
1520.742504 624.410181 118.187926 280.714404
1524.219078 624.540397 114.204640 278.808879
1522.472025 625.416413 117.803768 282.516151
1524.512922 624.506527 116.848780 281.129542
1522.919448 626.370152 120.403913 278.114933
1524.602811 625.657679 118.644204 279.978391
1522.501157 622.720567 121.529628 282.522133
1524.543472 625.090003 119.917696 281.693863
1523.434489 624.859569 121.121609 281.316096
1524.545599 624.844121 120.661167 282.111722
1519.532644 624.554133 129.260620 284.993116
1518.936136 624.716785 126.556564 283.485036
1516.566485 622.488225 129.894085 284.219734
1514.116995 625.265607 132.208573 282.138735
1512.928906 625.509964 133.368108 280.562621
1510.574548 627.024626 136.372569 278.267573
1509.565267 627.400616 137.312377 277.632071
1508.073190 625.404876 136.646373 281.151443
1507.082380 626.121078 141.432391 277.126743
1507.910881 625.259711 138.213065 282.208033
1505.108189 626.965511 141.288234 280.985547
1505.139542 627.581840 140.323165 278.692758
1503.854327 627.056733 139.631893 281.232877
1505.219296 624.698930 137.512454 280.232343
1505.069668 627.201430 137.047248 279.187093
1504.694901 625.308396 136.795156 281.898413
1505.402729 625.167765 136.653937 283.166077
1505.454563 624.016996 135.334399 282.340374
1506.778990 624.207656 134.510408 280.333257
1506.776592 625.684035 131.263776 277.700009
1506.182694 625.037570 131.976762 279.356904
1506.996293 625.394629 131.331263 279.681294
1507.959239 627.084208 130.416971 280.870276
1508.135705 621.911542 129.659285 285.896723
1507.497427 626.155498 128.140104 284.190776
1507.899184 624.558439 127.176703 283.770508
1507.760354 625.718872 128.800136 283.655005
1505.421861 625.955704 128.512981 282.789271
1507.084236 624.072024 127.774394 282.181384
1505.713450 628.612360 129.580269 277.595316
1507.056244 626.793989 128.364463 280.245925
1506.439716 627.588403 129.397703 279.988869
1508.849908 625.721399 125.880659 281.399246
1510.085252 625.741097 124.614259 282.465003
1509.643618 624.970201 124.967816 285.455143
1509.254078 628.123023 125.788474 275.796327
1505.917324 628.437335 129.146955 281.088161
1504.687064 627.507921 130.921943 279.981350
1500.507469 627.782096 134.827127 278.711645
1501.075896 629.019579 135.470941 277.401509
1502.393408 628.141799 131.817480 275.556149
1497.821587 629.929595 141.312391 278.819515
1496.590369 627.293097 139.744792 279.928239
1496.202223 629.806891 141.781296 274.847880
1496.578017 628.963595 141.933388 279.971511
1495.364185 629.780098 144.125013 274.911884
1493.684133 630.275338 146.714677 273.865089
1495.167923 627.535845 145.112002 277.156245
1497.041109 631.430393 144.057511 275.525136
1497.844653 630.797110 143.752631 274.999411
1498.027124 629.953309 141.270077 277.268027
1495.214965 630.193545 146.598872 275.455249
1502.598669 632.194355 141.215874 275.494262
1507.357439 631.668783 134.759477 273.929777
1509.145209 633.213826 133.974995 274.515036
1510.162598 633.255384 132.402937 269.627839
1508.190886 631.681943 134.484798 276.788063
1513.226340 634.716705 128.559351 268.039594
1514.587610 630.169884 128.120265 280.278501
1517.416909 633.811198 125.620256 270.958774
1519.257462 633.499047 124.318567 271.584567
1518.954021 633.395102 123.086549 273.448738
1518.929377 632.630396 123.876237 274.848229
1519.447804 633.144411 124.193700 278.052432
1518.766846 632.626308 123.154851 275.801952
1516.979259 634.165923 126.662245 274.089959
1512.715395 630.593162 129.561475 280.753549
1514.628430 632.313401 129.226432 278.168332
1513.860727 631.315682 127.662180 278.783925
1512.711397 633.168632 130.064059 274.356870
1505.323811 632.640116 138.423829 276.613458
1504.214655 632.392225 139.658674 274.054235
1499.359448 633.692815 144.379587 273.925713
1498.366900 632.363619 145.785730 276.215662
1496.195087 633.861815 147.971935 272.223632
1497.561607 630.535291 145.596785 276.946675
1496.175126 634.664500 145.588197 272.238166
1496.188179 631.574650 144.955673 278.149573
1496.555396 634.998399 146.990135 274.876943
1496.714535 635.242816 145.035134 270.097717
1499.805353 634.396437 144.579104 276.446696
1501.290636 634.861483 139.885084 273.608635
1502.398836 634.756467 138.439245 275.108943
1503.258708 632.067283 131.941243 279.451719
1503.781924 630.981936 136.900090 279.757953
1507.998481 633.595094 130.684533 274.680564
1504.256091 634.262168 133.144686 274.776727
1505.381418 633.048245 136.686354 277.116261
1505.195240 633.441805 133.447422 273.104381
1507.324930 634.525752 128.000702 272.007789
1502.904963 633.812954 133.246282 272.552428
1505.358188 631.220798 134.385407 275.681949
1506.661916 631.758492 124.033360 275.730779
1503.519145 635.385674 127.661694 273.150052
1506.790567 637.530676 124.183251 270.534134
1508.502365 634.981217 121.354228 273.977780
1507.478302 632.168444 122.116642 277.680822
1510.822726 632.659550 117.199923 276.505804
1508.883673 631.261844 120.832257 277.838400
1506.493866 630.888081 122.682674 278.131319
1506.879182 630.942145 122.010879 275.684335
1507.486631 631.494692 120.491107 274.358465
1505.157768 631.348645 122.058940 277.145419
1505.866809 632.232010 119.803475 275.019020
1505.383223 637.037962 125.523750 275.134855
1508.016699 630.981131 123.085541 275.729998
1506.426889 632.626150 124.764969 273.746962
1503.929150 631.010247 123.899727 274.473106
1504.163155 628.167676 130.068332 282.118049
1503.961677 632.644047 128.103736 271.130798
1503.751088 631.842993 130.667945 275.713967
1503.254564 632.105083 127.829300 277.112935
1501.945800 628.345084 127.780861 281.076846
1502.953511 628.519178 123.524027 278.438828
1501.730838 632.785725 122.822971 271.972300
1502.585365 629.745652 122.886523 274.333203
1502.231085 629.929662 121.142789 273.402416
1501.784465 630.568716 122.931150 276.193225
1501.706896 626.541268 123.189211 275.569903
1503.367951 627.219167 120.259035 277.042735
1501.821205 626.512395 121.405062 277.468076
1500.904038 628.774154 121.434814 272.676798
1498.934864 623.689889 122.521351 278.136123
1498.041271 626.347451 122.674549 271.820579
1496.976588 628.584328 121.361113 271.375169
1497.915153 626.327624 120.842932 266.275243
1494.443753 629.246566 124.524606 262.578750
1496.657079 624.408427 124.499055 266.886975
1493.089057 632.008874 121.076868 255.491394
1492.094069 633.297774 116.451169 249.345960
1493.145266 624.445879 118.381736 266.094208
1486.064967 632.918078 121.395755 253.860577
1487.998685 621.291385 122.418839 260.999665
1483.470846 628.594068 124.149556 263.858128
1480.792668 618.521038 131.555145 276.941246
1476.642215 619.173164 130.136461 272.671715
1478.169679 614.135577 130.778537 274.300195
1471.298113 618.074330 136.312171 271.440358
1468.789784 614.423073 132.297470 274.206686
1471.758351 609.099554 132.104015 276.597373
1464.686575 611.277750 135.336567 274.356000
1463.276041 609.982469 135.644879 278.339128
1461.321932 608.497590 136.560320 271.961501
1456.748190 609.337689 136.656990 276.062950
1454.116474 604.450797 137.045175 276.952788
1449.782018 605.692298 132.223577 273.321025
1450.619292 606.825941 130.063327 268.088429
1448.435441 604.771881 126.449635 266.529537
1449.479065 602.107526 121.520453 270.257858
1449.123037 598.367714 117.573908 263.576728
1442.906486 599.514850 121.443359 268.711437
1439.426320 597.460245 119.436525 267.448270
1436.673236 598.319984 120.419089 268.507205
1435.878962 595.716597 122.002717 269.187166
1432.854274 591.290771 118.594360 281.601577
1429.795276 594.586140 124.175367 274.480631
1429.037825 592.778537 121.979202 276.305916
1427.740982 592.306572 118.392074 275.638604
1417.247748 592.864624 128.465039 275.595347
1419.148146 590.197438 124.287762 282.604755
1415.639871 593.661794 124.656477 275.761129
1414.290719 592.232426 123.762437 278.969383
1409.387193 593.295313 124.892764 274.417386
1408.161870 589.377757 129.216050 280.161535
1398.917440 592.122128 131.770940 272.452323
1402.778249 589.672167 131.634190 274.975008
1394.066896 590.361159 130.186334 274.320883
1388.309396 587.015661 140.363098 276.461651
1377.212279 586.017311 146.802014 271.301322
1378.982823 581.099513 144.786755 274.793279
1369.726832 579.860679 151.012695 274.109926
1368.514139 581.368170 148.227293 268.234952
1365.801378 581.725554 149.864699 257.123343
1365.611735 579.817357 144.903486 257.293333
1366.051180 579.997093 142.333730 253.493717
1367.554590 578.355414 138.708197 251.605748
1367.531953 577.297632 139.196816 254.656647
1368.722042 573.825988 135.967987 259.277415
1369.159832 575.824829 133.704034 253.974924
1369.395296 575.716263 132.636743 254.319372
1370.442922 578.000221 128.242931 250.934692
1372.174150 574.367615 123.465755 253.609186
1372.581095 573.813978 119.703102 253.800205
1374.731288 577.908515 116.218279 252.969340
1376.055908 572.308948 110.705052 250.623638
1380.389087 575.807828 108.506490 253.242359
1374.795246 573.581456 110.162793 251.781260
1377.050151 576.125622 106.482219 252.571508
1376.387763 575.529517 105.560082 251.185777
1374.733652 574.631246 106.701163 247.469272
1378.729345 576.276429 103.722758 254.513343
1377.471798 571.557047 99.698189 257.520194
1376.239968 576.559946 100.514473 255.305495
1374.110261 570.896568 102.386858 261.470048
1373.997672 574.073536 101.670312 255.816701
1378.194189 573.989100 99.073927 255.595282
1374.976187 574.893363 101.063872 255.572747
1372.158855 573.760469 100.979769 257.505068
1375.628400 573.459821 100.528092 259.540991
1372.342161 574.855571 103.258577 258.994707
1377.094194 573.797951 96.413879 255.043942
1372.598743 572.414075 103.959563 263.501195
1374.421563 573.294336 98.051425 261.755125
1374.740189 573.219854 100.168792 265.810279
1375.632471 575.740360 96.524044 258.478760
1373.154374 572.090175 100.003386 266.054084
1373.024849 573.752304 98.000445 266.719406
1374.036640 573.754164 96.230926 263.928770
1371.349910 571.853876 99.998426 269.536292
1370.575434 575.798470 99.285747 259.799903
1372.112223 574.002331 99.448734 266.459021
1368.838620 575.119653 99.703253 262.686487
1368.286654 576.335585 102.747110 263.854961
1368.359530 575.848170 98.310213 264.626594
1369.782243 575.942635 97.294342 262.490791
1366.896813 576.489078 102.664198 262.681792
1369.646782 575.075048 97.312637 267.469167
1367.427313 575.754142 96.092977 264.283510
1368.131298 574.451845 96.408167 270.681854
1367.043920 574.073601 93.446882 268.998966
1367.867832 575.989919 96.090241 265.365739
1368.834729 572.210353 91.550950 275.283270
1367.780579 573.946133 92.592902 268.683403
1367.985528 573.940240 93.257083 269.346794
1366.866958 574.801453 95.320228 264.776025
1367.412103 575.318413 93.289207 266.591779
1367.665526 573.803394 93.445518 268.582191
1366.714447 571.732615 93.510535 273.498081
1367.493673 574.151027 92.367275 270.613084
1365.244494 572.737379 94.714503 271.891964
1365.915902 571.636658 95.934891 277.294802
1365.794790 571.430591 95.144404 274.732732
1364.307534 572.018019 96.802454 276.701324
1362.672109 572.187084 98.082207 280.307622
1361.262519 572.907648 97.062314 274.798219
1357.441019 574.308098 100.304813 280.311911
1361.654396 571.571367 94.752399 280.806966
1361.329580 570.265323 92.650030 277.558347
1357.657791 571.485038 95.726770 277.677012
1346.582053 571.050805 106.543842 273.405449
1343.158992 570.487572 108.547865 275.760688
1333.858473 570.337265 117.043078 275.221501
1330.708121 573.759585 121.587342 275.458264
1327.117154 568.628987 120.303814 272.031130
1314.086794 571.418963 130.750412 272.048156
1314.512304 564.794921 132.529190 281.346084
1306.049570 568.025874 137.925119 282.479166
1303.393998 566.955528 142.091382 280.034401
1297.596112 568.458729 145.811599 280.369999
1296.049106 572.050394 146.369418 277.303710
1289.539962 566.435760 148.612961 284.365333
1289.299701 569.361281 147.717463 281.502170
1285.601329 569.956532 151.356929 279.976195
1282.859176 566.200713 152.789889 283.526821
1287.457193 571.337147 143.409884 279.950938
1273.579007 569.336116 153.350450 275.195799
1275.904075 572.003384 143.898804 270.708944
1276.496498 566.553485 142.643199 265.991126
1264.503823 566.772419 137.186922 265.368162
1259.869252 561.375426 134.179135 264.348275
1261.622023 559.291551 127.863751 263.528582
1256.568292 556.525495 118.838691 266.452564
1250.015354 552.629954 119.805311 270.695705
1243.470144 554.074381 123.099999 269.358833
1239.338309 550.417526 124.075741 277.697475
1237.260891 548.648402 123.481518 277.310610
1228.937084 547.287245 124.363109 280.915585
1230.494200 544.785340 124.722702 284.421987
1222.698459 545.247199 128.428662 277.909864
1218.190260 544.619641 128.272050 277.615533
1213.775205 540.370826 134.379279 281.736510
1210.160583 541.850560 131.013260 280.565091
1201.853667 539.114959 140.114843 283.476743
1208.586330 540.722926 128.246030 279.722291
1206.098986 534.837341 126.680542 273.326527
1195.999663 534.177568 124.282647 271.842070
1192.023308 531.494241 121.339113 269.306868
1192.857737 526.150039 112.254663 268.185248
1190.418761 521.698949 111.494080 257.519453
1184.629201 521.989673 114.462898 269.564646
1190.453470 514.523942 104.312398 273.781430
1181.210065 509.618186 111.093608 274.047864
1185.165774 502.493238 109.913730 281.811449
1172.562195 508.450391 112.096399 274.639883
1170.916361 501.301347 111.425284 277.639109
1155.884789 502.552258 120.816222 275.264661
1149.159868 497.410814 126.423176 280.394992
1147.752834 492.307178 125.929487 287.734655
1145.879202 492.323212 123.669851 283.711454
1153.654014 487.909730 113.658292 286.512012
1146.290807 488.105057 120.411920 277.430363
1144.734777 481.755015 113.536497 269.897399
1143.052226 482.194919 111.169868 267.892560
1144.446484 479.916265 105.460493 261.244399
1146.526018 473.496459 98.756490 258.202128
1141.128475 474.517121 107.122887 255.026060
1144.596963 468.602160 99.089844 259.082651
1138.466962 467.706259 102.946696 265.667980
1137.416902 464.341228 105.000939 270.228077
1134.657820 461.853443 105.281530 271.030587
1138.504334 461.086767 101.014968 271.725488
1132.782815 457.190828 106.706867 280.265568
1130.309081 454.223696 108.490354 278.670973
1131.518814 454.690897 107.488221 266.468380
1131.845668 450.906237 105.395831 271.318148
1133.605165 447.865737 103.712709 272.927862
1133.119822 444.622244 105.331904 270.262699
1132.413975 442.045655 103.316286 271.976558
1133.887130 437.811446 103.839271 263.958993
1132.201294 438.031175 105.287194 248.924613
1132.719178 433.286034 107.536056 249.350217
1136.725578 429.195189 103.943701 249.910075
1135.144594 424.216594 106.278962 256.613487
1136.041064 423.134998 106.198678 251.774458
1138.529082 423.161597 103.181990 245.831795
1140.401481 421.978332 105.811660 247.500612
1138.712705 421.154590 109.789186 250.653891
1132.277740 422.275084 121.269347 252.257029
1129.701087 418.989423 121.401016 253.556202
1131.282223 414.621308 123.286703 260.258435
1134.412881 411.877444 122.737717 260.948585
1135.582002 408.227699 123.503704 256.500661
1137.696608 405.458706 121.560256 260.737758
1138.805432 402.712819 115.986310 258.634495
1138.511748 400.160028 115.180534 248.683413
1139.641944 397.041857 109.256140 253.232517
1138.177510 394.178951 111.994994 249.111017
1145.007288 390.215552 105.639329 251.818648
1133.609759 388.184400 116.831774 258.941498
1136.878344 384.674416 112.684612 262.352544
1136.026559 383.777537 114.695546 269.411791
1142.771121 381.914394 108.498487 261.351277
1142.022079 381.271242 110.863056 266.400591
1147.957382 380.414016 104.797143 263.568159
1150.793414 380.666790 104.189601 264.774061
1150.967542 378.353975 104.847439 269.823564
1150.116904 375.291250 107.238409 270.093266
1150.137907 376.170680 108.261780 264.078484
1153.250654 372.374559 108.413585 261.811179
1155.396662 365.617716 106.095281 259.824476
1156.439159 367.338636 106.455685 251.203817
1157.097721 364.489225 106.857590 254.688141
1156.876773 361.457699 110.465312 255.535067
1160.682288 356.968135 107.758749 256.677153
1159.752897 357.485378 108.410116 253.756507
1161.613588 356.551986 109.722720 257.262187
1164.131896 359.639094 112.120874 249.968504
1161.300468 357.373513 117.012602 257.257101
1156.701088 356.636427 124.131831 254.500028
1164.582447 356.948161 117.905442 256.681993
1167.274302 354.174146 118.463121 259.324848
1171.157867 352.323191 114.563061 251.158508
1171.337733 351.178747 119.355230 255.214731
1175.065993 348.552531 113.908236 259.840978
1171.924187 347.468324 117.458737 253.697133
1176.554775 342.770452 112.079975 246.363029
1177.970142 343.150455 110.489469 242.731745
1176.957675 341.572655 113.606787 241.592801
1181.113613 340.002841 110.777914 246.769541
1183.298900 336.186966 108.868407 251.862894
1185.991457 336.388206 106.018386 251.022000
1187.613290 336.341559 104.967932 254.633941
1192.697301 337.809105 103.340541 246.967270
1192.700119 335.592375 102.157803 254.371190
1196.241065 335.961068 103.598052 253.574887
1200.106483 334.844421 99.901284 256.333752
1194.140166 333.922317 108.764416 261.098605
1200.619623 332.076738 103.342964 256.560128
1199.404569 328.618047 103.656698 259.207609
1198.985103 325.579289 101.838116 256.478126
1196.839769 323.609788 106.626968 253.831648
1198.290146 323.082093 107.223027 245.581305
1199.241456 315.228779 105.606999 257.731274
1201.733946 317.880435 103.282660 250.406187
1202.618565 315.467360 101.737351 248.497205
1198.042465 318.576547 107.909989 251.080785
1201.349914 317.722387 105.738423 251.694849
1188.494653 319.283402 121.230173 259.309258
1184.415842 318.266051 126.238189 255.204527
1185.203456 317.320701 127.066587 256.784246
1188.258202 319.952901 125.476907 258.878906
1190.121092 315.430316 128.960079 263.568711
1191.633230 320.931095 125.499905 256.094221
1189.473512 317.711505 125.167802 255.467796
1190.702069 317.657586 120.634827 252.463013
1193.881618 315.106631 116.344921 251.508576
1191.714288 318.102452 112.046458 248.496383
1193.391933 317.131525 106.276745 251.220630
1192.710871 315.646494 108.226345 254.750295
1194.704967 314.519602 105.135706 256.810206
1196.549526 315.863581 103.352983 255.599719
1200.597967 315.566423 98.067348 260.274663
1199.325034 316.691401 101.996074 267.006379
1203.304715 317.306468 99.288726 263.744291
1201.764532 318.026755 98.494538 264.251716
1202.726096 320.102004 100.095079 260.920964
1204.409260 317.537491 97.322031 267.855758
1204.652684 319.438428 100.193840 264.110843
1205.584232 320.613463 98.502381 256.954571
1210.276263 318.305901 94.903590 251.927209
1209.945588 315.943160 97.703386 245.077648
1212.326130 318.096832 95.870613 240.943475
1210.487083 315.852194 97.931653 250.013545
1214.566239 313.746865 97.085195 252.513394
1216.604067 315.551582 94.488364 251.780092
1217.339854 313.735361 95.737141 251.899600
1216.505339 316.351790 97.664534 250.475809
1215.378173 317.502851 99.487151 251.464646
1217.466483 317.220612 98.077775 257.752540
1213.076245 320.277918 104.568207 258.278323
1220.303832 319.239351 98.139480 265.253941
1215.786259 319.584880 102.031326 261.993018
1219.260473 321.759167 99.014670 263.736255
1217.548648 322.148851 102.365238 254.299028
1217.539183 324.065065 101.275376 250.154351
1215.254334 321.969439 103.749278 249.136978
1214.816476 321.438809 101.881952 241.377831
1214.063294 322.078550 104.691986 243.490962
1212.005860 322.436358 105.578308 241.794832
1212.857200 319.993775 103.706121 246.316524
1213.711175 321.293208 103.891526 250.696649
1212.458941 322.206331 101.769102 255.847066
1208.996525 321.605267 105.235464 262.066451
1211.574737 322.339607 100.953378 263.405501
1206.078169 327.179252 106.087223 258.068003
1203.140108 326.586106 107.185590 263.342322
1200.911705 324.916709 108.790730 263.688715
1197.068468 327.265781 110.863817 266.572974
1195.564051 328.591316 113.278009 263.452415
1191.789858 327.988728 114.612690 261.993445
1188.861702 331.548973 115.978875 251.799788
1186.775710 330.157554 114.376522 249.625175
1186.752955 334.791678 116.448998 241.323267
1182.829794 331.972216 111.506490 248.673059
1181.009996 337.526900 107.077373 237.689637
1180.022703 334.166090 106.689533 242.341980
1175.696420 334.196228 107.510239 249.071061
1175.334840 336.557292 107.407292 251.097802
1168.203485 334.945558 113.735712 260.158278
1156.532629 339.519599 127.137822 256.510891
1153.616316 341.346417 129.297655 254.670985
1152.161131 343.505881 131.342574 256.600823
1150.764466 342.255818 130.503112 257.422799
1148.684982 346.569610 132.263084 252.466900
1145.022570 347.228837 132.754556 251.869481
1144.127838 345.492108 131.930032 245.861790
1142.673618 342.086322 123.709114 248.707570
1136.136563 343.362137 121.089168 248.371250
1139.657011 344.786443 115.882478 244.739387
1132.302376 344.050230 120.652371 247.575914
1134.608277 343.189179 114.027213 257.692896
1128.404477 345.179870 119.967731 256.288398
1127.996727 348.985462 116.880005 250.843190
1125.166538 348.121256 117.729719 254.656514
1125.753204 351.037704 117.314109 253.660294
1122.086841 350.851698 124.277279 260.712892
1119.886713 351.907725 123.492322 259.481646
1119.386074 354.982082 126.722843 258.896526
1119.692647 354.663289 124.618026 258.301306
1119.848505 357.590417 125.636411 254.330189
1118.027550 350.023135 126.528464 258.736068
1113.418907 358.939550 121.761842 248.760876
1104.933232 355.936787 118.292085 242.843567
1107.732542 355.807832 108.466444 239.852200
1105.383011 356.191695 107.057117 246.252715
1106.923622 358.146707 102.732792 248.736842
1102.988625 358.923697 104.498961 246.277798
1098.929119 360.568055 106.615109 249.238871
1082.453125 363.678183 122.876894 247.150361
1075.937781 368.031607 130.136433 248.357334
1072.694247 366.590833 134.488543 254.329263
1069.718361 371.532389 135.089123 249.047007
1065.810801 373.292711 139.306474 247.981733
1067.064758 375.265075 136.502094 249.175279
1067.315145 379.554856 136.599507 244.754875
1063.902361 378.750126 132.903900 240.585217
1064.424793 377.883678 111.899491 241.292048
1053.831456 379.468966 117.712591 242.602321
1050.042183 375.360761 115.900233 249.104169
1047.777278 373.178338 113.727432 251.994059
1044.271848 379.917034 109.452146 246.399166
1037.031635 379.653300 112.417200 255.639923
1034.926652 381.121253 110.227491 251.863337
1029.656954 387.293619 113.213192 250.965670
1022.484877 392.567381 121.169090 247.161385
1018.891722 390.816294 125.555072 250.701089
1012.573697 396.179806 132.093981 249.123239
1009.327435 398.577674 133.485137 253.403773
1006.582851 400.588452 135.278579 250.464728
1002.467290 398.862627 134.775197 249.408713
998.159240 404.828792 135.244526 238.005490
996.887108 402.883679 131.897643 242.118133
990.328003 401.307985 114.238443 237.453440
986.172071 398.600927 117.808815 246.318156
983.827402 400.216051 111.210125 243.398491
987.538656 400.577838 104.381547 247.772395
969.069814 399.587381 116.492092 247.030677
970.905067 397.293000 114.309017 251.583569
955.608321 399.704219 126.382918 253.514256
941.925355 392.914282 144.288409 263.641049
940.276694 399.174854 141.381813 262.419513
939.643242 401.119319 141.259507 257.711569
941.102673 402.906043 139.905108 258.156646
939.323938 405.658513 140.480430 255.129822
935.926925 407.380965 142.658303 252.917722
936.557229 411.853648 137.048367 245.646067
935.134466 409.905167 120.791278 247.054255
930.078838 412.301363 108.410149 239.307998
923.800095 402.046699 104.423669 253.618546
915.061029 403.494151 108.040736 250.927207
910.521348 401.939282 109.739958 255.129683
906.595929 406.413293 107.614672 257.251296
905.839392 407.482411 105.797378 262.606348
899.596522 407.937207 107.698877 261.994749
891.110493 409.016660 119.650725 260.915135
886.077782 411.569819 124.681286 259.789529
882.806965 412.575811 129.748849 260.834926
880.069280 418.033620 132.798391 257.883043
876.871759 414.078445 134.377637 268.677601
871.705476 416.488670 144.586125 264.432064
872.864237 417.605742 137.836467 261.801259
870.158802 417.800565 136.447592 258.281348
866.545570 414.727571 129.880349 258.532754
863.698095 413.652455 116.699343 250.392552
861.593570 417.302214 112.813248 244.488203
855.783417 412.011901 114.876474 258.047195
856.772300 418.320954 112.366143 250.634152
858.801704 415.197054 107.878954 257.038865
851.385447 415.722009 118.290655 260.065314
844.682003 422.352124 129.322144 255.359822
831.978910 417.950044 142.850678 267.684248
826.950501 423.382464 147.413353 264.516679
826.674231 428.077384 147.398537 261.920388
823.293102 430.520551 152.292900 260.414116
829.823644 429.225776 144.717206 264.714052
827.466779 429.615938 147.489712 260.579716
827.150479 430.877440 140.968521 256.273229
822.285070 433.176199 134.450619 252.446162
824.367198 429.591175 125.779135 259.841551
822.477466 427.912065 115.226969 255.853063
818.152552 427.093270 114.030658 258.409552
811.893126 429.908433 123.468588 260.231327
810.587826 430.070330 120.198011 262.999477
807.515072 431.328798 120.837544 264.033154
804.108871 427.201740 126.218240 270.771582
802.165751 427.796410 128.340348 270.242141
802.958346 430.961236 128.837441 271.048395
801.272894 432.060355 136.734875 271.006174
798.373557 431.591788 138.060332 278.706802
800.169493 432.581884 137.891588 282.827149
799.119059 439.328662 139.700510 270.537343
802.037343 433.293736 136.256024 281.671883
800.183026 435.249159 132.935236 267.152798
799.410849 435.262497 116.440812 265.682095
799.663733 438.987521 110.453636 248.532640
800.573761 436.287940 107.119131 253.393171
802.982735 436.080586 106.139575 260.979171
801.591298 435.984880 110.358241 266.161155
801.580696 436.785696 111.581891 269.864978
796.597957 440.329437 120.173496 265.708259
781.649114 440.636366 135.919657 267.745323
779.982713 441.762614 139.497124 273.873034
782.225006 443.927824 144.010423 273.435972
783.570733 447.029365 144.364959 267.845401
786.874760 447.972461 141.263963 269.551682
786.433719 448.741216 139.958249 257.294315
788.500365 448.026273 135.334124 261.675219
787.200846 447.055728 124.790795 258.247722
788.449375 448.553943 113.537265 254.987835
787.018918 442.758392 109.268385 256.025050
785.549508 443.484901 106.497824 252.948835
786.714905 444.124082 103.934482 257.467062
784.149215 441.159129 106.919113 264.167158
784.107939 443.969233 104.195571 261.593898
781.502258 442.392894 109.147871 270.510816
778.088436 444.392716 114.383433 265.547857
776.735474 445.359948 119.904415 263.893083
774.233394 445.513442 124.350255 270.188134
775.609983 450.919205 125.683346 262.503738
776.204907 444.308166 126.405806 275.612458
774.153895 449.578992 127.579804 262.150024
776.858748 447.360354 122.924711 268.120353
774.439860 449.853115 117.045259 257.482986
775.664736 444.522636 110.744441 252.434134
774.922036 445.911222 105.723140 249.061590
771.310243 444.955476 112.063540 251.786192
774.806748 442.549578 106.613975 259.427442
773.639396 443.636137 107.196054 250.479314
771.968134 447.336550 113.301615 255.575553
761.259709 441.797246 132.778793 266.257855
762.160622 448.772931 130.749536 262.873712
748.534919 450.825559 153.971863 262.751191
755.102601 449.406852 149.212793 264.646394
755.492891 449.240692 150.449009 264.302920
761.931075 449.046410 144.845200 267.678175
759.639776 446.819469 141.553661 265.513847
759.959947 447.381890 143.134637 265.258661
762.265517 443.118856 126.998021 265.573422
762.412268 448.235432 124.415577 257.637359
759.530884 445.466634 115.810778 260.410679
761.529618 443.424011 108.973430 263.854351
760.150680 444.100001 107.382448 261.665578
760.227159 441.718087 108.721668 269.170161
759.513014 442.413488 109.305395 268.651524
759.222126 442.665547 115.667448 273.658798
751.614418 441.211289 126.415405 271.697905
752.461223 444.359028 127.908431 269.949891
749.483045 445.858930 137.222812 276.214984
751.579369 444.445442 134.195579 277.702378
754.473260 446.769406 135.317098 275.351184
758.202914 445.696719 128.287320 270.402481
755.978711 443.287238 131.973263 274.233716
760.136330 442.300727 116.459260 263.079783
761.209203 438.916105 109.598327 258.400907
761.982426 441.972481 104.872789 251.611307
762.188424 437.873445 107.418020 260.704648
763.081697 436.795441 107.746777 265.222403
764.400456 437.802470 109.828206 264.549777
759.910788 438.969545 122.732528 267.571310
754.676437 437.963618 128.556734 273.384435
748.835943 439.009906 141.610545 277.244740
757.552238 439.190752 136.992271 269.667687
759.785118 439.802673 137.931870 273.238663
762.507377 441.321071 138.962148 270.740437
770.497424 437.889553 130.142783 270.425099
773.405962 441.081210 131.227418 261.662507
774.894123 439.139991 122.524401 258.553223
776.540152 436.208694 118.652312 258.926764
775.654304 436.118002 113.349880 253.248818
778.659084 431.748037 109.260624 255.665898
779.254287 427.619736 111.283059 261.445964
783.484204 429.514412 105.850462 257.239307
782.021287 428.153731 112.033529 265.609307
785.080520 427.825478 111.488869 266.104085
787.354311 425.052414 116.002156 271.188311
786.374168 425.174594 117.722098 271.489495
790.554861 427.666106 120.212850 270.880793
791.349894 424.866839 121.013042 274.262307
793.202738 422.545940 120.770830 276.727986
792.381410 423.785419 122.703685 269.521453
796.018942 419.632222 119.852081 271.174622
798.735106 419.918020 112.687560 262.892502
803.067672 417.574928 108.920580 257.710575
803.832539 411.967364 111.297979 256.700696
808.721516 413.390737 107.302066 255.676593
808.317612 407.558393 111.737213 263.662535
814.924694 408.694236 107.191169 264.881544
813.686616 408.719032 111.407174 268.313519
813.093336 406.054105 117.462688 270.828788
809.487170 410.867069 128.650186 263.451387
813.833735 405.472016 124.773146 274.270997
816.687308 407.401883 125.380301 267.360543
820.241450 404.803226 119.797310 269.425594
823.881908 400.122939 119.569851 269.110773
828.038377 400.968163 112.354584 265.601353
826.434134 393.626111 115.294104 266.184511
829.725375 392.044084 111.354066 260.187333
828.348458 390.714929 112.803963 254.820340
834.622692 386.437689 106.026986 264.848415
831.749418 389.138051 112.736848 256.492643
831.372936 385.592170 113.634550 263.733707
834.969894 384.008337 112.028867 264.835142
836.353238 382.899774 113.852752 267.790700
838.032351 381.201382 112.727936 271.860919
842.676274 382.824576 112.202597 263.729261
840.421150 381.674411 113.889447 262.828473
843.868114 378.249689 112.585204 268.051574
843.256496 374.691809 113.645722 264.894559
844.648700 372.500407 113.752967 257.978086
848.133728 365.687865 111.360786 255.778105
847.926895 368.586100 109.009233 242.594598
850.813023 364.157572 109.124738 250.047829
852.546525 363.068882 107.541779 241.197008
853.288981 358.623249 109.586605 251.125411
857.669167 356.592458 104.889909 254.279403
858.159516 351.096068 108.425484 261.223227
854.114058 353.197192 116.565681 260.674959
857.956201 351.190928 115.365981 260.600012
856.571775 351.562082 116.838239 259.108643
856.158185 352.959573 122.331828 259.499236
859.461897 346.709388 123.267617 265.828806
864.741092 345.839552 116.364636 262.647643
862.163045 343.363394 119.145389 255.757365
868.015113 342.477117 109.997711 249.735960
868.779592 340.872662 111.101163 254.303335
870.148216 335.053113 105.841139 251.840996
869.814824 329.422991 104.956268 254.592497
870.048966 328.466340 103.470864 253.946850
871.409057 326.240517 107.050644 260.832309
872.593118 323.000780 103.651395 264.473403
873.071743 322.360912 107.146728 263.664185
873.458712 323.426450 107.530117 260.552530
874.756912 322.705628 105.757954 263.214975
877.358131 318.943248 107.839146 262.019488
880.444398 319.658987 105.047520 262.943839
879.888030 313.197510 106.447194 269.138221
882.735618 313.600271 106.138649 263.986088
883.636076 310.182317 106.237459 264.231923
882.688069 309.277059 106.737838 259.701873
889.330300 302.670544 101.977726 262.190975
890.008084 298.224981 101.488030 254.248797
891.946151 296.139265 100.511524 256.569806
892.673813 293.604355 101.501901 259.254700
894.323753 294.340440 103.472143 257.306554
895.995586 290.950595 100.380267 259.200002
896.697219 286.449235 102.390284 263.452868
897.824641 289.312889 103.911055 261.203144
896.919096 285.058083 107.561633 269.438348
896.183247 284.105752 108.626893 266.942222
898.475902 285.054231 108.936140 265.411919
902.205837 282.765995 106.795562 264.716195
904.356507 276.803012 105.831715 271.791521
906.005002 276.865495 103.355702 264.753257
905.917539 273.097827 106.065458 262.088542
912.186766 272.622933 100.428034 251.442363
913.830762 265.710837 100.386797 253.401942
914.919798 270.805746 101.277969 245.946470
918.354752 261.282408 99.017843 253.097313
918.192033 265.716845 105.527187 252.848665
921.530434 261.140340 104.808538 254.810816
924.999288 255.268967 100.520547 262.878139
925.030280 256.474673 105.247332 258.681269
928.040343 253.932640 105.119361 264.721100
928.659852 251.592180 106.831976 265.287222
932.851339 246.809350 106.662700 266.187217
937.305135 239.568895 103.228555 268.889742
940.814833 248.364433 101.535978 260.892271
942.690734 236.833514 101.515890 262.037158
946.789800 236.732462 100.774774 260.101432
950.002743 233.508390 102.058658 256.521453
952.415589 228.420683 98.310267 250.747940
952.737885 230.086360 102.236822 246.240429
956.411928 225.004927 101.642333 252.512831
957.279867 221.811405 99.883948 250.241180
961.268898 221.695316 96.383758 247.380211
961.072874 217.802328 98.609591 252.129813
963.669966 218.166076 98.785914 256.930898
961.155071 217.008329 102.034224 259.439113
959.591207 218.658853 101.779670 249.343143
963.147123 216.907089 100.870168 249.299851
964.958091 213.717950 96.580678 249.037821
962.920513 213.464130 100.083573 247.743730
961.533648 206.787282 100.636233 250.229132
961.635185 205.637239 99.156792 249.346430
961.957522 204.315721 96.874484 242.770433
960.428709 204.256140 98.570931 240.153235
960.930351 203.652536 98.179153 237.941598
958.954419 196.663060 101.752157 247.185826
960.642671 196.029676 97.372436 247.272920
960.256507 197.391151 99.708429 246.546199
957.779842 193.348798 101.620059 252.437809
955.027478 193.340201 104.840490 256.590270
956.153342 193.907552 102.476543 257.189003
957.145914 193.941091 101.365233 255.736504
957.361792 194.547595 103.075006 255.365731
958.777627 195.817035 101.918018 256.393344
960.858978 190.992068 98.763716 259.227571
961.427213 194.822685 97.954690 249.454508
962.874751 191.280138 96.971329 244.824149
965.635424 188.454722 96.239654 240.123294
966.152643 191.828323 94.030052 228.853146
966.444919 182.548108 95.683150 231.514519
968.497920 180.001286 92.534763 239.327837
969.263314 179.094627 94.003202 244.226950
971.184284 176.553070 91.818968 247.685076
971.482280 179.076284 92.347532 243.649478
972.271123 179.713394 93.366790 248.337877
971.147255 176.640630 94.480791 251.633826
970.860849 181.511133 95.735428 246.031249
969.608368 185.395160 99.062016 242.571302
970.130572 185.705440 100.295669 241.708726
972.526878 182.313291 98.340284 249.961128
972.884699 185.449118 99.997505 242.756173
974.335650 183.266020 97.929301 241.494983
973.210010 181.015287 99.168218 240.293357
975.028847 181.849317 97.720304 233.835877
973.995485 179.676604 98.576166 234.267916
973.922086 180.508776 99.842258 234.716729
973.350568 176.381633 102.861991 242.049684
974.062830 176.724985 101.754855 245.844858
976.404253 172.896313 101.968044 245.593378
975.678756 175.644057 104.101600 246.947681
978.104230 176.215971 101.739343 247.694016
976.363680 178.314696 105.834228 240.946859
979.522836 179.746948 103.402826 243.665049
980.141108 179.939855 104.623865 246.499871
982.211885 181.720550 102.761269 245.772772
982.365658 179.169727 104.738030 249.155745
985.145616 179.610664 103.463561 250.132146
986.352181 179.538829 103.627055 246.076825
987.981424 179.808189 103.360588 242.758918
987.318787 181.975878 104.606858 232.103665
989.864648 179.127198 103.699051 239.708611
992.582364 177.389130 101.234418 241.505616
994.518746 180.394159 101.017280 238.505999
996.003521 180.475843 101.646636 245.901594
998.955625 179.638951 99.479919 241.805275
1001.691049 181.719273 95.748212 242.552297
997.660645 186.117506 101.244435 240.715100
1002.225770 185.420351 99.055516 249.114671
998.001638 191.061254 103.363214 246.848400
1005.439865 189.160935 96.570522 249.242670
1000.591793 191.156745 102.170529 248.773401
1004.528363 195.035546 97.141962 244.943792
1002.961298 192.217179 101.031126 247.036387
1003.164135 199.070259 100.451635 237.152607
1004.037522 193.395212 101.878968 245.092476
1003.866470 196.000445 101.933421 243.203485
1005.133721 195.204174 102.154500 248.346922
1007.186427 194.288993 101.211679 249.404359
1008.519587 195.984352 102.528673 249.075888
1009.958457 199.224437 103.503969 248.439997
1012.323459 195.029983 102.060403 265.107572
1014.773978 203.841965 99.635841 261.869479
1014.374062 206.620601 103.303585 261.029132
1016.517263 210.631486 104.252622 261.702259
1015.942201 209.851658 105.409267 260.236342
1022.117846 212.419835 102.346605 263.818184
1022.729519 214.789775 104.956226 256.597944
1025.217447 220.718224 104.637537 253.015734
1030.581986 216.217395 102.856964 248.758405
1031.425666 228.657562 106.298234 233.775543
1033.280798 216.307314 106.721409 247.961725
1036.517578 227.683845 106.362848 242.339802
1041.790242 221.693634 103.707205 246.798060
1041.400168 227.744670 106.408671 248.127417
1046.020546 231.808808 105.632662 249.550623
1048.758045 228.661091 105.653738 265.677550
1050.245434 229.798591 106.456533 268.620246
1053.903047 233.009401 106.929655 264.681423
1055.834607 233.315879 108.659733 271.812516
1058.805962 240.828635 108.660655 266.902380
1061.971280 240.803845 109.812342 266.021169
1062.635076 243.694231 108.986769 264.974025
1064.697758 243.002274 109.557587 260.193677
1065.666073 244.432426 110.855462 257.572491
1068.977377 245.717322 107.939951 255.407903
1072.588892 246.446603 107.822386 250.269106
1072.578037 252.782541 106.664163 248.949636
1077.576150 248.952102 105.268897 255.233723
1078.853836 251.805899 102.746478 258.519323
1080.944917 254.305411 104.510966 256.767743
1080.800957 257.818465 104.495990 263.234563
1082.955436 260.400232 103.113542 268.329600
1083.245465 260.874874 105.099810 271.416439
1087.465308 270.857898 101.289284 264.342181
1087.088386 265.706781 102.639416 272.011937
1088.234835 264.221998 103.871709 282.924173
1089.281005 266.701156 103.518420 276.773124
1090.737874 269.637423 102.053271 275.919148
1091.353679 271.958982 102.058226 268.004875
1091.444418 274.670332 104.759148 257.792639
1090.010187 272.267354 104.389706 262.526080
1092.581489 273.420472 103.012576 260.713062
1092.023496 272.139923 103.160793 259.987876
1092.247354 278.270786 105.125856 260.995081
1091.322535 276.445034 103.293538 266.588654
1091.098193 280.961723 103.018222 269.800793
1091.270598 284.718730 105.388710 265.513227
1090.793334 288.997561 102.782089 264.600805
1088.890137 293.104202 107.139065 268.490162
1085.403970 292.235191 108.712524 269.248153
1085.895944 296.834905 106.703992 269.325121
1083.273425 296.187751 109.997853 266.390111
1082.219980 296.674414 109.071063 263.305525
1076.536378 298.032695 114.798296 259.109613
1078.275102 298.078343 111.875302 257.548786
1074.839783 297.843901 114.547628 257.983933
1075.468898 304.734598 110.426049 251.525881
1073.795711 302.464048 112.798999 260.772601
1073.733571 303.307448 107.602630 260.968687
1071.639707 304.191632 107.854442 268.479095
1069.412342 308.562085 110.607356 270.940751
1064.937653 311.724889 110.673822 274.274297
1062.494167 315.436378 114.803804 276.585586
1059.249841 318.368197 114.459873 278.003900
1057.435407 321.196287 114.370758 272.820608
1057.192455 322.201956 112.952370 275.544896
1054.594986 323.430465 114.388296 276.975810
1049.445050 323.995423 120.387688 272.209928
1047.017994 322.271612 115.151361 270.862915
1046.237177 325.609786 114.715308 263.749448
1040.979840 323.977786 112.976337 260.995193
1041.424881 325.309834 108.080560 263.779786
1035.734451 325.731519 110.057833 257.922831
1028.809368 323.885232 117.536034 261.249765
1029.473006 328.906326 109.930480 267.338297
1018.485290 333.638731 120.597643 263.922146
1011.078875 331.430321 123.867296 272.507565
1008.551316 335.482843 124.341369 274.078517
1000.537836 335.525766 130.509878 280.465882
997.861749 335.781440 128.334660 282.284152
1000.362968 339.314418 119.320629 272.119043
992.163149 340.425469 125.239686 275.867915
992.758937 338.356305 121.704101 276.549422
990.687987 337.313173 121.171600 276.826720
992.393902 337.739753 115.452491 272.767528
987.714583 340.735505 120.965080 264.794010
987.930313 341.245300 116.881490 265.204937
985.813286 343.788785 119.237263 260.780595
986.800778 343.397235 116.373139 264.471465
987.670708 342.463685 114.522807 271.395328
987.507890 342.968163 112.753605 273.579876
988.190408 345.357409 109.560193 273.317720
986.327465 347.670264 112.750697 276.409572
985.663297 349.127368 112.322116 274.566370
985.711391 348.166862 112.814530 279.512745
984.602710 349.137456 113.531213 273.782085
984.834947 348.151958 112.701586 278.323718
983.184476 350.205734 114.933552 266.157893
983.495634 349.270381 113.001013 264.165264
981.034272 348.593913 113.621354 259.469088
980.818440 347.550529 114.004474 264.209457
979.337814 347.840078 113.326122 264.233408
978.837217 347.282114 112.781120 262.525134
977.701244 346.664533 114.427146 262.324589
977.098234 345.140562 113.361345 274.746168
973.693190 345.135521 113.629714 276.256171
970.782138 351.995461 115.486570 276.611343
967.123043 350.853164 116.870718 276.950101
964.221308 350.767574 118.618783 276.110404
961.789827 352.080152 118.766542 276.619560
960.302504 351.880593 117.113570 278.429103
957.555735 352.024075 120.744849 269.815222
957.199875 351.287481 116.921922 270.131159
954.085234 349.772982 117.591611 266.059536
952.416819 349.512618 115.972114 260.244507
951.191076 348.088918 116.230875 262.326284
950.497314 346.891827 117.949158 266.189524
948.286908 345.182271 117.652365 268.137160
947.537272 345.290567 117.833490 279.377655
946.306573 344.838069 119.866960 272.155948
946.341750 345.642136 117.778015 280.766811
944.908968 345.134648 118.378769 277.479526
945.266531 346.725999 115.149537 285.519113
943.970163 345.911297 116.305791 286.016745
943.630044 345.670061 113.514295 285.454381
943.546950 348.193172 113.870305 279.816454
943.175644 348.201412 111.552188 276.125907
941.955059 347.487452 113.859038 272.999203
941.670414 345.751360 113.013796 263.849324
941.725444 342.755278 112.180955 261.659743
941.363618 341.111219 110.147875 261.815948
940.908115 340.776832 111.493363 264.303768
940.062209 338.977787 109.657794 271.236408
938.807733 338.600279 110.734173 276.510645
937.095919 339.490925 113.300474 277.429137
936.449650 337.545195 110.082945 285.230918
934.700394 340.166464 112.297141 278.439292
933.881943 338.834375 110.193390 281.096751
932.790257 339.731519 108.877686 277.095102
930.737084 339.064497 112.081451 279.565805
931.415444 339.340189 106.109420 281.080609
929.614547 337.997518 106.945345 270.568856
929.070427 335.644318 106.157197 263.267091
929.989542 334.401165 104.438852 263.649554
928.916137 331.320999 105.012125 266.645405
927.364762 328.154640 106.748293 272.348510
926.355291 330.426296 106.447209 271.208787
926.206618 329.209290 106.118319 275.855813
924.611818 329.322728 111.158864 277.844806
923.660587 330.874673 108.065355 278.013019
922.175888 331.255265 111.776594 281.532384
921.444510 332.879748 112.831894 283.771178
919.813499 333.062994 115.031033 286.595765
920.288899 333.634653 114.855357 282.438048
919.799917 333.936869 119.007021 282.047145
919.752239 333.584056 117.095494 282.797188
921.726292 332.475389 113.689488 276.671293
919.695511 332.461758 114.994861 264.139498
920.034695 331.435590 116.856439 260.301527
919.940809 330.912917 117.336332 260.775179
919.678387 328.203085 115.783750 263.308221
920.734192 328.396552 115.999949 267.440604
920.604582 328.271116 115.606353 272.748831
919.740922 330.725040 115.788575 274.481516
919.270783 332.194229 114.419603 277.500742
917.650977 334.657938 117.044048 279.169670
916.656270 334.772999 115.341537 278.563124
916.116874 336.014211 116.876149 277.583243
915.478556 336.281567 114.940288 276.020265
915.449624 334.731520 115.378197 277.345463
914.396070 334.930820 114.590437 274.348977
914.663257 333.604797 114.727879 263.350701
916.164675 332.056770 110.499276 263.542483
915.668917 330.564396 109.303030 262.837578
916.389273 329.872259 108.101713 267.509492
915.378109 329.701315 109.944388 269.429140
915.893958 329.316482 110.307567 272.442188
915.355806 330.748248 111.582813 273.714829
915.037542 331.108063 111.362919 274.579919
914.042675 332.408413 113.616188 276.904974
914.065527 332.936824 115.338052 278.994305
914.053263 334.338219 119.484766 278.827171
913.777003 333.677009 119.827650 279.275997
915.008147 333.289513 119.958364 279.847485
913.957002 332.936786 121.093740 281.447317
912.441053 333.233510 122.339285 280.991398
910.605676 332.494191 124.223345 275.873967
909.001472 330.803089 124.796109 268.607882
910.152825 330.106379 123.385204 260.276119
908.151708 328.332067 123.805716 268.753531
909.964285 328.516468 123.042898 275.054207
909.249754 327.876454 123.712187 278.605102
909.767639 329.198738 123.391839 281.512941
910.491936 331.124945 122.945800 280.378549
912.008924 331.807624 121.547462 287.076766
911.260105 334.366421 123.148570 283.086675
911.765164 334.316785 124.167828 285.779345
912.671041 334.690451 123.842195 284.485266
913.837324 334.714837 124.602389 285.389958
914.735961 335.959856 125.086111 276.437851
915.664218 335.023708 124.221485 273.547417
916.954785 333.265872 123.672429 264.577543
920.035404 333.883064 123.298379 255.326154
920.257510 331.685265 122.809295 264.004662
922.569539 330.020731 122.406506 267.055582
924.501722 329.810793 123.274426 271.288096
926.252757 330.554304 120.369542 276.352867
928.051148 331.464183 122.334784 281.357879
930.414310 336.019207 121.664173 277.972957
931.151557 336.623599 120.792314 283.480181
933.524505 338.751141 120.215237 285.176710
935.008603 340.921974 121.497742 287.422397
936.990520 343.306346 122.450945 276.642145
938.798818 344.525764 123.028045 278.787453
941.248252 346.436362 123.170095 271.678060
942.412879 346.063463 123.192271 265.896267
945.271228 347.664723 121.554061 258.628028
948.254318 345.410367 122.412718 261.473583
950.769395 342.655767 120.071693 268.871797
952.672751 340.609748 120.120203 270.956173
954.374310 340.498109 119.838975 279.229206
955.692065 343.149013 116.878430 278.393746
957.299421 345.688139 117.735755 278.987858
957.861224 348.137432 117.861648 281.911376
960.154462 354.279791 119.612254 280.739605
962.579872 355.949747 120.486113 284.884283
962.049844 357.632051 122.056616 283.519734
964.311106 361.306906 122.854733 278.451128
964.104185 360.356303 122.248295 278.952127
965.307341 362.825229 119.155720 274.887465
965.187055 364.503644 120.286980 265.852482
965.466353 366.272938 119.108361 258.080848
968.408590 366.497596 115.955284 249.563794
968.327063 367.098807 119.101024 257.650448
970.000103 367.673936 118.241011 266.274027
971.218081 364.504902 122.058699 276.507343
972.301902 364.115451 123.211114 282.713980
971.712732 364.573599 125.010047 293.224530
973.349256 366.492480 123.849445 288.532649
971.756137 375.459448 128.060712 284.710716
971.712877 374.822399 129.418029 287.628597
973.808868 383.248537 130.175379 277.906405
976.371670 385.457001 128.959052 274.742130
977.343103 387.002601 131.701983 275.604654
979.471840 387.854549 134.447531 270.592871
982.346186 388.390178 133.100079 259.008851
984.763589 392.455551 130.950918 248.376279
987.741893 387.054350 128.411217 250.967931
990.932757 390.552276 124.974855 252.618060
991.999410 389.212876 126.196424 260.827762
993.644230 386.805732 127.528164 267.804081
994.234461 386.689266 128.151417 274.426025
996.647137 391.364471 124.852888 272.920526
998.619789 393.471650 124.160192 275.100224
1001.020697 394.511113 123.192232 280.810665
1001.038598 396.278199 124.464884 286.422946
1003.757427 396.929585 125.255372 284.332644
1005.622533 396.756545 127.149194 284.785774
1009.530329 398.434116 129.308225 286.456759
1012.881397 397.386865 123.880233 285.640459
1015.544293 396.972786 122.729889 276.631035
1017.687335 395.478373 123.368512 255.616750
1018.526646 393.013317 123.511836 253.882643
1021.709669 392.581110 126.743347 250.092310
1025.425720 387.720693 122.497553 253.174019
1025.129261 389.032615 125.976000 260.168590
1028.028688 391.685044 120.348433 260.473508
1030.101950 391.862795 118.838247 267.311655
1032.368784 392.458387 119.539452 266.271422
1034.342926 392.092432 121.836594 273.589462
1035.552818 393.697148 123.439470 275.994956
1038.127393 393.242927 125.246451 279.080538
1039.894355 397.427336 128.625649 271.404608
1040.362707 397.104348 131.396350 274.911648
1041.478682 395.915612 132.813134 269.636424
1046.123731 392.147434 129.559908 279.137568
1047.303348 393.658763 131.747457 273.921234
1050.488601 392.825667 130.735516 267.789305
1053.991026 393.052562 129.013255 265.818234
1057.065193 393.454992 128.892957 268.941394
1060.038074 396.175420 127.509198 267.877171
1061.748781 394.325023 127.923828 276.367080
1063.361976 393.553673 129.791160 279.530159
1067.046173 394.039021 127.752714 281.503306
1067.290944 396.324923 129.374284 284.630746
1070.299208 397.620055 130.735902 285.126222
1070.143359 398.352634 132.448486 282.763142
1074.912785 398.218949 130.289498 281.967869
1076.290394 395.316449 132.014078 282.083603
1080.908592 395.046112 130.206600 287.230204
1082.143423 389.927152 129.609528 284.024844
1088.598597 390.515802 125.393704 278.428419
1092.144820 386.547255 124.371854 277.738251
1094.369859 388.999789 124.151316 269.745902
1096.250726 387.736844 123.133904 265.437635
1098.309481 390.409745 122.343277 264.113470
1101.335294 389.934206 119.371889 265.530553
1104.480271 388.981690 117.010650 268.237306
1105.631743 387.923048 116.264051 279.271476
1109.827907 390.875940 115.960615 279.442686
1111.867411 391.890994 113.613856 276.714762
1113.429741 394.495633 114.722092 284.105258
1116.971908 397.535980 118.214236 280.520118
1116.366945 400.160736 122.382339 275.779059
1116.077567 399.046951 126.865861 278.794921
1118.607705 392.949469 125.605222 275.053411
1119.058757 390.260053 125.892402 273.152952
1120.889481 388.147600 123.409613 275.499042
1119.030215 388.619780 125.993866 272.978780
1119.303696 385.956712 126.062348 275.815732
1116.247021 384.063008 129.248911 277.448563
1114.789973 379.565899 129.958338 289.710464
1114.079179 380.289392 130.557349 291.493034
1112.357750 378.921531 130.587797 294.431654
1110.786748 381.565066 132.200291 298.919174
1108.075579 382.317017 133.548265 301.396232
1106.895704 384.099924 134.310350 301.285529
1106.317795 382.858338 132.520321 304.739911
1105.813927 383.773299 131.255245 304.015832
1104.302629 384.262513 132.526571 303.381963
1101.989862 381.859640 131.697022 299.204483
1100.433759 379.793902 130.814778 305.213905
1097.130646 379.133170 132.641079 293.923455
1096.017908 375.986418 129.954176 296.871966
1094.636427 374.516130 128.767602 294.598333
1094.063478 374.166559 126.568627 279.273083
1090.816168 368.846622 128.016973 287.398571
1089.489498 366.567700 128.284116 292.396930
1089.301323 367.222249 121.876855 296.212407
1086.970777 367.879528 122.270554 298.514561
1086.211580 369.002649 122.999879 296.398730
1083.607396 370.336056 123.673632 299.240186
1079.986525 374.924113 126.324114 299.399518
1077.755744 373.477322 123.636357 300.332963
1077.195452 370.424592 124.956704 307.250032
1075.185994 369.061131 122.901090 302.029454
1074.080098 367.991739 125.958242 308.563253
1071.959440 366.660331 123.064500 302.969002
1072.716628 360.426887 121.157873 307.335951
1068.659819 357.082715 123.032052 307.378473
1065.284103 354.823574 126.263634 294.031546
1063.525156 350.920923 122.368463 293.747539
1062.710628 349.880179 121.890698 292.963185
1060.092554 351.242366 125.303035 296.520006
1057.864782 351.243687 122.587245 299.876205
1055.431235 348.834903 124.127937 303.911699
1052.588509 351.487787 127.063099 303.115281
1049.898539 351.273085 126.577331 306.582120
1048.043559 348.592836 127.086726 308.458005
1045.158812 348.007499 127.325479 309.992336
1040.659494 344.744784 128.178872 312.463702
1037.762149 342.818226 129.210276 308.766434
1033.339929 339.791236 128.844303 303.212417
1033.661545 334.774323 127.050060 305.894588
1030.455136 332.807478 129.666815 303.577966
1026.756915 327.625936 131.938288 295.674108
1026.416872 322.664520 125.005390 287.840760
1024.255810 319.646285 129.234828 292.201357
1022.689308 318.259565 127.057050 292.338737
1020.594169 317.234924 128.008414 295.943543
1019.770817 316.982247 129.424593 297.072460
1018.077094 316.790781 128.748207 301.118572
1014.542188 317.492622 131.815866 300.259860
1013.138250 315.126988 127.770675 303.051306
1012.278239 315.053553 127.394157 301.962622
1010.137642 310.184451 127.301281 308.094895
1010.323607 311.381021 124.780804 306.655966
1008.751499 306.410352 120.563114 304.603479
1007.972952 302.874511 122.084783 310.205079
1006.181557 295.987310 122.712327 301.113628
1002.699902 293.474242 127.567739 295.235249
1001.132175 289.720296 126.178456 292.260273
998.531212 290.018468 128.076185 285.233900
998.533010 285.157593 126.783525 295.095515
1000.791040 282.743359 125.363839 298.824845
1000.722568 280.368103 120.719663 303.274722
999.036424 281.088417 124.076395 303.109797
1000.106767 279.708309 122.826198 308.061060
997.623662 280.585168 126.007644 306.882980
997.442001 279.339618 123.425328 311.089459
997.597669 277.693808 122.900293 310.686618
995.246175 275.511973 127.449032 314.845943
995.353217 271.260581 122.608735 314.234893
994.768135 267.931486 126.163476 316.547741
996.522731 264.772778 125.008649 316.069209
994.192419 261.193104 124.704913 306.345761
994.766449 256.765975 126.058467 296.703757
993.995909 253.867702 129.903339 291.525902
995.566640 247.127560 130.140431 287.772291
997.526378 245.547354 130.251686 288.419769
1000.666486 245.570317 129.598068 287.785859
1002.512958 241.545923 130.495564 293.392705
1002.913457 241.436745 132.179091 295.558047
1004.235832 240.995464 133.246249 298.044953
1005.049034 242.142935 133.422971 297.811792
1006.411612 242.355433 134.880160 302.300117
1005.777655 242.511753 137.303169 301.855039
1008.783471 240.863736 136.897796 305.280258
1009.863852 240.354339 138.790988 308.320847
1011.171719 237.528369 141.159582 311.340770
1013.959149 233.666569 141.067146 315.743303
1017.689336 231.344409 138.806411 313.615811
1019.255673 229.927984 139.548560 312.131158
1021.991378 228.120392 139.348817 311.579315
1023.387758 224.389771 140.720840 308.744946
1026.263672 221.925234 141.327576 298.719160
1028.538008 218.945655 139.716165 291.784648
1032.326151 216.548246 137.909375 290.553094
1033.471005 213.575658 138.757562 294.152176
1037.754255 211.994787 136.378454 297.243213
1041.038854 209.880483 136.263980 302.189769
1045.787183 209.498222 132.452067 307.358485
1048.507454 211.229187 133.395745 310.553772
1051.604073 214.913693 132.582342 309.210336
1053.601141 216.512572 130.950505 308.481089
1055.911114 220.174163 132.318592 307.324589
1058.977965 226.362823 129.107989 303.828817
1061.281381 229.013678 131.584830 303.452915
1064.999585 234.054322 131.531235 296.352442
1067.333520 232.320301 135.766828 298.148136
1068.871445 234.257202 136.323232 296.970443
1072.939120 233.599722 135.278241 294.483316
1078.052297 229.704532 132.164707 290.417999
1080.635608 227.240288 135.991351 283.374725
1084.102094 232.900703 135.087728 275.467501
1088.486983 223.770834 133.407315 286.875970
1088.921482 225.543537 137.908165 284.952399
1092.408803 223.875771 135.077323 294.329741
1096.542827 222.453060 134.606696 297.393449
1100.491543 225.610800 133.556124 297.271542
1102.914784 228.114129 135.137554 300.008389
1104.085526 227.771757 137.623835 304.127511
1108.254359 231.012583 135.648893 300.015012
1110.595456 227.049783 136.016430 306.620946
1114.867769 230.572930 135.539309 300.547939
1119.848799 226.836191 134.024843 298.415542
1124.388889 222.684490 134.088891 298.848301
1128.345187 220.964780 135.056979 289.992904
1130.825293 218.954563 134.823554 291.181324
1135.425415 218.474612 133.642283 286.166624
1139.154615 214.267340 132.584893 289.149373
1142.748109 215.095736 131.167299 290.721577
1146.557112 214.846584 130.687106 290.924814
1151.051843 215.049260 128.628495 297.553096
1152.151191 216.567477 128.670016 298.581238
1156.488527 216.979981 126.777345 299.720908
1158.326277 218.897378 129.338455 300.649188
1160.087838 219.833688 128.128647 302.956334
1161.906588 219.723101 130.479664 304.477669
1164.894968 218.600127 130.378658 304.077902
1165.662448 217.950781 131.293617 304.386017
1167.615270 216.365448 132.148673 293.444997
1169.255555 213.754320 129.351407 286.690687
1169.996476 211.768064 132.500440 280.861630
1170.879243 207.607032 131.992580 282.002869
1173.092575 204.909853 131.911625 288.324973
1173.290844 204.872514 131.615058 287.356702
1174.818587 206.810331 131.215611 284.860486
1174.910313 208.049765 131.742371 285.904881
1175.401678 210.308409 131.089506 292.777544
1176.843933 207.609722 129.890856 292.888761
1177.700562 209.082858 128.817988 296.192568
1177.332706 211.005668 128.504404 288.143653
1178.401442 210.536659 129.090923 290.497433
1181.359062 211.930056 126.435625 280.502261
1180.907948 213.268650 129.408816 287.640007
1184.359482 204.709364 124.920261 290.334272
1185.352083 208.964783 124.112774 277.026180
1184.637973 205.244415 125.548202 276.273125
1186.141329 202.330356 122.986788 274.755046
1184.475275 200.833254 124.787405 275.051388
1183.513014 201.634993 128.134588 278.018674
1184.486377 201.355993 119.626247 277.813896
1185.160109 201.219523 119.775590 282.231983
1184.719299 199.359141 119.891466 285.650066
1183.715141 198.617570 116.265489 286.838351
1181.303536 201.220799 119.424824 288.879174
1180.981157 201.674151 118.884959 291.442062
1179.005518 200.724684 117.947882 289.898823
1178.768047 198.850294 121.859567 295.058826
1176.699601 195.112321 120.505834 299.063299
1173.799616 196.400575 123.053028 296.334634
1172.582036 192.872742 128.907518 288.630878
1170.928143 191.312044 126.827667 278.871346
1170.410126 188.152214 126.267160 271.901683
1165.781492 186.009575 127.207004 275.428857
1164.215038 185.380308 127.826464 281.489480
1163.041840 181.892280 126.377332 278.030110
1160.471158 183.224429 127.238325 285.892989
1157.766221 182.318052 125.375883 293.243470
1156.604052 181.884122 125.079053 287.889833
1155.326618 184.818295 125.345991 295.079182
1152.584000 186.739631 121.129829 285.795165
1150.400036 184.086041 123.255561 293.285735
1148.067383 183.235674 122.908017 296.438588
1146.028069 184.690901 122.354361 292.392374
1145.500975 184.066859 117.993557 293.921722
1142.297394 185.064687 116.222392 286.055742
1137.551262 180.939963 114.157575 281.603004
1133.896960 180.576943 119.674129 279.284719
1131.581547 185.169578 116.830096 267.020115
1129.462948 177.551538 115.516237 274.383028
1126.231474 174.998981 116.199708 278.271931
1126.787071 172.975006 111.940987 286.489375
1124.405597 171.761737 110.953208 284.658423
1122.085493 174.193348 112.225174 279.781850
1122.764621 173.500584 108.583678 287.678128
1120.608027 179.407167 112.241841 279.091178
1118.374276 178.617738 109.248760 287.035147
1114.646897 179.102805 109.932254 280.633644
1112.881688 176.049667 108.142841 288.331728
1107.558552 177.664135 108.504144 273.692493
1108.445953 176.733543 104.969587 274.346406
1105.425960 169.289853 104.107645 275.035592
1100.109224 177.032417 106.552719 258.290745
1098.479637 170.391318 104.235796 265.847198
1094.168294 168.583248 107.778651 265.599607
1091.693009 165.217593 107.585095 270.631841
1088.760742 163.794578 109.303087 272.721065
1086.779010 164.438740 111.204057 273.936528
1083.223245 165.149853 111.066576 275.785316
1082.771595 164.109496 111.217180 278.915827
1079.888285 160.383423 113.681932 284.884711
1078.592059 163.160802 113.687128 285.427302
1075.921855 160.301355 115.781871 287.940588
1077.773484 157.790249 110.375005 292.770716
1074.746959 159.628440 113.669980 287.313079
1073.588427 155.500980 111.170266 287.000680
1072.141739 152.828451 113.703626 282.954644
1071.434450 152.050446 111.045856 277.170310
1071.064410 150.630151 111.056841 273.866448
1068.957551 149.775979 111.219793 273.385510
1068.581163 145.325019 108.541597 280.889295
1067.038367 145.249078 108.468013 279.989113
1063.821964 147.434084 108.407300 279.187684
1061.077978 147.555176 111.224074 284.897405
1059.857097 150.163718 111.719785 275.237608
1056.957269 148.423418 113.602885 286.738127
1053.901810 150.007913 112.861165 283.920998
1051.625017 147.675279 112.130836 287.952397
1049.434638 145.395727 109.722756 291.357863
1046.589553 145.427582 111.850192 290.280435
1044.283026 144.730330 107.912749 283.552205
1040.184478 145.603968 108.643685 270.106264
1037.857841 139.802468 108.678461 279.742043
1032.158037 139.043597 113.482855 284.180284
1030.287255 140.662861 111.915645 276.634547
1026.446894 143.372745 115.948601 272.935062
1027.109568 140.524654 112.875806 281.302016
1023.366976 145.345919 115.349497 275.393199
1020.403117 145.003342 116.437396 285.210551
1019.047133 147.081029 113.693155 283.367536
1021.601704 147.606519 110.815368 288.473848
1015.156864 148.304523 115.318069 287.816095
1013.355975 147.791839 117.069237 286.776352
1011.747405 147.565338 114.680658 293.721809
1010.886168 144.549375 114.076855 287.902295
1012.284738 145.885952 109.733309 278.294554
1007.666434 142.280655 113.360817 276.252990
1006.783076 143.105467 114.041377 274.102040
1006.381206 141.740380 112.600438 276.572286
1005.845862 141.856394 110.342153 279.205595
1004.994320 145.411465 109.489348 279.061717
1002.931419 145.420164 112.050178 283.107516
1000.857888 148.948589 113.428946 284.451142
1002.443378 151.598341 106.289221 289.910609
1001.120510 152.849692 109.051609 284.944910
995.827474 157.225294 112.226088 277.782940
998.234770 158.823224 108.072414 287.464032
995.518928 162.876758 110.532778 279.575832
993.175386 158.086761 109.537703 286.828005
993.411375 162.990270 108.297161 276.852789
992.449007 158.207959 106.957841 278.329612
990.480315 161.223783 107.642465 263.778075
984.518247 161.408271 111.929631 260.779630
986.068521 161.635567 109.247682 259.120561
982.861231 166.280328 111.887608 261.988155
980.859561 160.552876 111.651926 271.457966
979.646243 162.635729 115.430799 272.990838
976.580025 164.032971 113.087133 279.854710
976.380937 165.369478 110.791974 281.943274
974.834097 169.565232 113.859765 282.071615
972.363038 172.014933 116.053049 282.379318
971.265352 169.361470 117.448946 288.550998
968.916328 170.542866 117.486841 289.998402
968.467323 169.337583 117.095427 289.221492
965.288165 168.734116 122.414086 288.431830
964.102465 165.729247 117.212024 286.158615
962.219727 164.425797 119.424320 280.163024
961.359437 163.430098 114.527067 280.461271
958.610935 162.102641 119.701315 277.423202
958.438671 163.338589 111.702022 278.784792
957.270971 163.551809 112.857591 283.991373
955.624990 164.698257 111.992964 281.377558
953.953005 167.957881 109.604220 286.859741
951.616448 170.858432 111.402171 289.338844
947.115762 171.881606 114.755742 300.253058
945.522417 178.216017 112.697511 286.760124
942.244792 177.496112 113.629450 292.320399
941.176758 181.194367 111.403475 290.720922
936.349238 178.782830 113.766670 297.311287
936.043794 178.740410 113.398458 302.617535
931.149873 180.063965 114.204257 293.181615
929.655979 177.739247 110.692118 291.753466
925.831573 179.927531 113.035583 284.051268
923.705894 180.633169 108.523299 276.138016
919.580618 184.534674 116.779010 279.796209
915.415349 178.278002 117.319898 286.778345
912.884502 185.384571 120.284618 286.886541
908.172991 189.996367 126.995832 295.006728
903.047426 196.736579 135.077531 297.837602
900.176464 204.187821 140.192424 298.409193
895.380752 209.527126 143.434697 304.374893
892.691884 210.555480 143.010866 306.007138
890.815013 214.615104 137.869755 302.318772
886.448472 218.579476 142.268365 296.391240
885.375935 225.599997 140.772872 292.773056
883.087957 227.107735 137.095159 284.371019
880.966202 226.857528 137.320293 286.325636
876.956256 228.016062 138.838876 287.512672
875.703956 228.967231 136.592294 284.423186
873.713333 234.353132 133.813183 288.117164
871.733374 234.492855 130.812969 288.222968
871.153126 237.804389 125.098771 296.644931
869.511521 246.122757 119.471334 296.384563
868.145746 249.718745 123.165090 300.087741
864.059428 257.039293 120.619791 302.455591
862.710819 264.598336 121.117211 308.716714
859.495082 269.577390 121.588125 303.111251
858.195439 274.268093 120.991179 306.477705
855.549663 275.545740 119.822103 304.722639
852.925926 278.266388 122.766995 304.798737
851.685398 280.824880 122.521929 298.195532
849.648357 281.799170 122.146813 292.189882
845.616479 283.617264 128.713568 282.812755
843.409003 282.744856 130.768451 283.151349
842.347825 282.551998 130.697409 290.182977
841.193804 286.279726 131.810990 284.190936
837.307920 287.624107 134.021742 290.846618
837.031414 289.281836 132.635906 295.397601
834.308145 292.165592 135.142769 297.725487
832.210069 295.309663 135.039754 299.455152
829.108012 296.099927 135.741080 303.658819
828.157156 299.332489 135.091944 300.018031
826.516219 298.366341 132.948316 304.670645
826.128764 303.417053 130.725478 301.304124
824.662118 303.467498 128.170557 303.245751
822.260215 303.741950 128.985198 302.174154
820.113163 303.935844 130.871040 292.926835
816.957059 305.609139 132.763220 290.483590
816.460824 305.882585 132.570890 289.072753
814.359264 308.163691 133.801629 294.404945
813.508929 308.532705 133.345331 292.995113
812.139212 311.041713 133.740515 294.074332
810.825468 311.935815 128.866129 299.691628
808.810262 313.744691 131.248938 299.903148
807.965505 313.966465 130.066638 306.262576
805.086048 320.561801 132.259663 302.193717
804.808381 324.726619 129.923538 300.912466
803.097513 325.845545 134.217565 295.362831
800.722936 327.731425 132.587321 302.518115
800.874352 327.588090 134.225301 297.151093
799.495869 329.746978 132.744610 290.648974
797.538174 331.664893 136.628310 282.951107
796.508163 330.570892 136.268189 283.593625
794.868637 331.519614 135.139299 279.180322
793.859383 331.022501 138.696393 288.178749
794.125179 330.703012 133.946244 291.636082
793.657578 329.213891 137.402058 302.051312
793.439722 334.161663 136.486974 299.141647
794.147639 336.589031 136.651603 303.795817
793.861471 338.018874 139.132490 298.964002
795.046408 339.443254 139.132009 300.835043
794.483672 340.560576 140.338121 298.799506
795.735739 338.654765 140.802585 308.032948
793.652124 343.478782 144.612953 301.330880
794.979585 342.437191 142.559349 292.157246
797.147609 341.056539 140.001932 288.999187
798.030512 346.295619 142.285269 285.006854
800.187412 345.810264 139.202707 289.253986
802.257073 346.276800 137.475796 291.332924
802.362099 344.211662 136.440033 298.414120
804.667915 344.530286 138.067491 307.585477
804.057391 347.709105 140.974800 302.450485
804.558390 348.458931 139.206309 309.520815
804.540662 352.934608 141.811784 309.972764
805.008766 353.041266 143.086459 310.027919
804.570664 354.791020 146.272907 313.298309
805.932890 354.694619 145.693348 313.934143
806.199670 356.407458 145.015835 310.491316
808.435064 353.392818 143.724173 307.413435
810.867262 354.154513 141.371326 299.101642
811.005397 352.829155 139.122340 289.738080
812.853231 352.396437 137.201038 284.961833
815.580764 350.623543 135.143734 288.786780
816.885705 350.534018 135.101686 288.230758
818.093371 349.782893 134.489822 296.454789
817.841563 349.622968 135.051976 299.155467
819.092229 350.610232 134.437151 298.149920
820.905314 348.286051 134.047112 302.843038
822.730199 348.397295 132.370812 305.628837
822.860947 350.050314 133.065612 303.949017
825.416510 351.277927 133.419949 303.114532
826.084959 352.794560 135.004536 300.795382
827.588453 352.744241 135.759994 302.001923
830.431090 352.776605 135.577613 297.166051
832.537690 355.139233 136.167440 294.781866
835.346977 356.316753 135.874138 286.827522
836.425802 356.377300 138.316627 288.466842
837.865606 353.776524 138.705438 289.740814
839.886130 354.190975 138.605087 293.391118
841.029022 354.380960 140.303338 295.647806
845.943008 356.263515 137.198106 297.295277
848.304933 353.833178 138.946979 298.466262
851.496459 359.289651 138.810511 299.735659
852.849907 359.652590 141.837792 299.313834
857.546025 361.383109 139.598326 304.749390
858.904708 362.602048 143.326465 301.144609
862.252397 360.974573 144.456375 312.809792
864.328180 362.786409 144.637934 303.313863
870.656262 359.154512 141.311710 303.205095
873.354260 359.807312 138.176251 292.086325
876.708044 355.611128 135.930753 287.865270
880.338428 355.600455 133.730045 286.040280
883.454320 354.980887 133.450368 288.529965
887.445435 352.192042 132.540399 295.834553
890.208910 354.741703 133.430934 295.770923
892.216692 354.370609 135.763516 300.797872
893.721949 353.718391 136.206885 297.118107
898.839784 354.905029 132.774330 309.192035
900.114821 354.122114 136.473260 312.531959
901.134567 357.140946 138.268327 312.294125
907.974010 353.312964 133.166582 318.424737
911.498940 356.175662 135.086866 307.851650
914.799239 354.659285 134.752993 302.060684
918.740296 351.780215 134.886393 296.863518
923.015752 351.644143 135.390492 289.300263
928.516106 348.649767 130.557389 286.010990
933.826124 348.450898 128.588687 289.407525
934.760417 347.191890 130.372238 288.125315
935.830341 345.418992 130.721367 290.602666
936.724757 347.164117 131.630137 297.098221
935.905712 345.636936 133.185788 297.856609
936.698358 347.006173 132.378935 300.723513
935.432273 347.984624 133.303562 300.988590
935.294433 346.362550 133.989503 303.239342
934.126807 344.315010 133.596729 305.731316
933.970122 343.976617 134.924741 303.539500
933.528744 341.750743 133.243724 305.670400
932.228377 339.116550 132.092258 301.345841
932.611267 337.829523 131.538839 296.297951
932.135492 333.971637 130.874214 290.484232
931.465196 333.869362 134.378235 285.841669
929.686653 329.611334 131.600872 287.569228
928.076205 329.139211 133.253424 287.570600
927.668670 329.397470 132.815899 291.990744
924.199396 329.830668 133.726904 292.306112
923.521235 330.151687 132.079056 295.009560
922.320958 331.480106 132.174041 294.133242
921.928292 331.011415 130.937351 304.632075
920.066201 330.230042 133.227194 300.545916
920.891858 329.507726 130.062262 300.716771
917.422978 330.531631 132.668116 299.033219
917.535832 329.908832 132.146538 298.876320
916.144209 330.267873 132.640116 300.314320
917.825914 329.333705 131.235251 296.227061
918.801030 327.046087 129.430315 289.191032
920.581998 325.443851 126.691024 285.087168
918.311597 324.764435 129.553929 284.002179
919.949094 322.768864 127.698481 287.907942
918.710044 322.068722 128.995471 287.857360
918.266725 321.911101 129.326268 293.357244
918.143055 322.315670 131.077431 296.297089
917.713341 323.574909 129.457883 299.831729
917.436308 325.913336 130.043997 300.570174
917.770560 324.886268 129.277453 300.445436
918.611378 326.295374 129.248411 301.399144
919.256741 326.197379 128.311681 295.264027
920.296859 324.430158 127.005372 298.490614
921.339247 324.647484 129.029625 283.566407
921.832987 321.650124 127.410814 292.591775
923.984242 318.864631 126.071545 277.622586
924.308154 317.649172 125.311240 274.791514
925.052672 315.601992 123.194300 285.858306
925.021842 316.002187 124.799612 283.691532
925.462735 314.372601 126.023231 288.079112
926.606199 313.989901 126.462559 288.421205
926.705170 315.746592 129.427752 291.542395
925.268300 316.675213 132.376712 297.231471
926.782878 317.782814 134.769205 293.994193
927.080992 317.994981 134.825395 298.024201
926.981816 316.834799 134.569045 303.345291
929.572025 316.557649 133.253469 294.908779
927.432679 315.092270 134.595580 295.946376
929.564181 314.350875 134.733065 290.319998
928.914372 312.891181 135.102503 285.222326
931.658818 313.319481 132.766977 282.242812
930.836046 311.221635 134.199186 278.804482
931.160497 309.286261 135.003647 285.056062
930.478640 307.347811 133.629760 285.124568
929.922497 308.650462 135.342024 290.459926
929.795619 308.290778 133.506606 292.394239
930.520216 307.949042 133.238489 298.460919
929.565762 308.413885 132.313148 301.410790
929.522069 308.899230 132.628015 304.482373
928.334889 308.932383 129.680658 302.842479
927.547610 308.856225 129.523863 293.712517
927.493980 307.971755 130.024541 293.572741
925.038415 306.891629 131.051700 283.978132
926.229957 304.862905 127.587319 282.002585
924.727145 302.677770 128.406539 276.426285
924.927718 302.037975 129.803117 274.591597
924.170717 299.942922 130.926692 276.985371
921.551375 297.647133 130.806859 280.256701
919.950500 297.103800 131.070839 284.920960
919.762435 297.450099 129.207918 283.418602
918.645925 298.149565 128.710577 285.723205
916.378802 298.942291 129.397512 287.036674
914.510559 299.187757 132.882165 285.119374
913.117178 300.666775 131.892826 292.104854
911.687079 301.441694 134.496465 283.155032
910.930424 302.857629 133.880980 279.131735
912.511488 300.437042 130.136090 283.861398
911.035011 298.517183 132.936758 283.323902
911.825994 296.333730 130.870744 286.278584
910.726222 293.805947 131.390385 284.325626
911.714252 290.769759 129.825571 280.418450
911.767744 288.890692 130.507176 282.370494
912.748639 289.869200 127.184241 279.769406
911.679508 288.477703 130.479354 286.632269
911.468161 288.552363 127.067008 282.753839
912.423220 290.368745 127.064703 292.935420
911.676484 289.791948 127.859837 292.384738
911.383627 296.079691 127.416041 291.831964
910.533823 293.031465 125.990291 291.165208
910.814901 296.887422 124.913242 291.060743
909.002734 294.575662 126.883311 291.680923
907.688021 290.466114 126.764771 293.231317
907.660939 286.081991 126.719140 290.911641
908.239442 283.473326 125.992809 291.419991
907.407078 279.516961 127.292973 282.793427
907.358504 279.481092 127.351231 283.628163
907.486248 277.552020 125.527736 281.459909
906.406595 275.860130 126.796999 288.491207
904.710023 275.466363 127.293510 283.685680
904.993186 277.163693 127.139036 281.968546
905.373570 277.117645 125.371969 288.297366
903.891744 279.903867 127.505981 286.753000
902.810196 279.211047 129.415827 289.533709
901.584067 280.354620 130.475184 293.743983
899.762969 279.891660 131.850133 290.783039
899.472680 280.118267 131.205023 293.955621
899.680856 279.003123 130.244201 284.697685
900.727794 279.598177 129.605995 278.195896
901.679733 277.846118 128.853092 280.475789
902.866279 277.020871 127.465420 279.902108
902.899688 273.298614 128.116669 279.532686
904.983582 272.964463 125.758201 277.463672
903.447127 270.688455 126.715276 281.757710
902.306255 270.430123 128.401620 283.139050
903.470173 269.673721 127.598730 289.349946
901.985735 270.017666 126.392563 292.234543
903.572692 270.392735 122.957191 294.564212
900.771057 272.043583 126.995483 293.960428
900.653872 274.914228 127.453666 291.947873
899.782852 274.768925 126.818947 292.267123
899.255974 274.944535 127.785790 292.084500
898.469253 274.969609 127.824790 291.000885
898.098497 274.638692 128.577075 285.064672
897.300760 271.174952 126.958316 286.110053
895.616435 269.251547 129.056987 282.026447
893.256713 266.889809 129.370687 283.521381
891.608837 262.166060 128.344880 286.153245
891.592721 261.136299 127.492938 279.437885
888.187350 260.088279 127.743014 285.949007
885.007717 260.834265 129.925180 288.426308
883.448242 260.783631 130.367856 291.645034
880.514396 259.850114 132.374771 292.855870
879.167432 262.348948 131.382526 293.540783
878.528869 260.373932 129.554524 298.055141
876.416882 260.170651 129.754341 297.736939
874.480273 257.996558 131.713178 300.697562
873.009934 257.536664 129.327418 288.004373
872.394570 254.836476 131.837243 298.646618
870.947955 251.105672 130.984591 299.191862
871.284136 249.033749 128.600116 297.125536
868.403471 245.997522 129.889060 285.177887
865.410823 244.558482 131.251200 269.051542
863.288775 241.238561 133.253405 274.860737
861.252637 238.721201 134.807600 277.514020
858.667486 237.778329 132.998231 279.333061
856.378724 235.046162 133.268826 284.279486
854.182918 234.327363 131.428839 285.751340
852.047187 233.768192 130.874355 286.239326
849.861376 233.503853 129.866784 290.359281
847.869641 234.149408 129.727454 293.773083
846.073020 235.777886 129.504993 301.119304
845.202396 236.324431 125.843451 299.639631
842.463259 238.599093 127.015547 304.546171
840.411626 239.442963 126.387375 304.891539
837.552865 241.425633 127.446436 307.912335
836.027723 242.289432 126.147947 303.128291
832.232117 242.431450 128.019642 289.027589
830.080974 241.223283 128.033129 294.118711
826.472743 239.727333 129.647356 298.264232
825.795759 237.673832 127.855839 285.762176
823.261017 235.073455 127.712530 290.396498
820.341194 232.527221 127.122600 283.094061
817.455600 229.646802 127.846124 288.620482
815.625707 227.071022 128.454576 295.913552
813.589258 224.299509 128.981382 297.660190
811.498849 223.666105 130.152089 294.182661
808.268735 222.441848 130.883420 296.402766
805.427489 222.643596 133.622706 292.842594
803.753808 222.452154 134.448276 296.326514
801.402591 223.559784 135.772918 296.478284
799.316770 224.942503 137.806543 291.612435
798.087015 223.580451 138.220278 301.153334
795.780028 223.407031 139.613468 300.176675
794.442451 223.961728 138.533050 290.716150
792.291460 224.875159 140.015829 296.401958
791.106015 224.420391 139.316588 301.231346
788.378184 222.981032 141.506009 301.177236
787.464290 223.947966 138.649757 297.752527
785.288063 222.902260 139.306602 297.504300
784.249301 220.026440 136.447017 297.409471
782.970622 218.598236 134.303572 292.462528
780.595701 217.322397 131.910163 292.813490
778.725553 217.007224 128.109870 294.519324
776.903251 216.819388 123.390945 299.964970
774.770386 217.441618 120.651145 302.825175
770.640422 218.942843 119.787706 304.740882
768.313593 220.469867 116.762255 299.854213
763.959744 221.234713 117.471916 298.523641
761.455754 222.577138 115.975763 297.315001
757.259056 222.369148 117.489487 297.832901
752.603973 221.027176 119.466031 301.015462
749.977525 220.386595 119.166581 301.829205
745.092075 220.595643 120.910911 294.812182
742.636167 218.980798 122.820175 294.750860
736.818415 217.548831 126.897860 301.104457
733.389500 216.868309 128.334110 288.119959
729.030766 213.676144 131.122494 292.350106
726.538165 211.514650 130.111543 287.986820
721.637144 209.612847 133.326992 295.452937
718.347695 207.727739 133.388588 296.940878
713.950587 207.590572 136.579072 292.526232
710.041210 206.993368 138.628188 295.090714
707.037504 208.206918 139.177867 296.013762
702.569137 210.204260 141.705738 289.550720
700.014784 210.628521 142.357670 290.964921
696.912119 211.972694 144.037680 281.026629
695.074601 212.562348 146.100172 282.072928
692.393722 211.818140 146.420695 281.098839
690.999767 209.040436 145.791975 280.489142
689.694487 205.781395 144.930087 281.874907
687.725898 203.569239 144.251511 288.988482
684.857664 199.930359 147.127821 290.513798
684.251628 198.560735 144.249384 293.208789
682.683774 197.441229 142.308128 290.173632
681.705692 196.768263 139.337187 290.196819
679.873985 195.751383 137.401316 287.251773
678.036757 195.368366 135.630569 277.482262
677.020186 195.190340 133.518938 280.925052
674.220835 195.166788 133.532961 287.865323
672.236388 195.672523 131.821454 285.927104
670.387499 198.698335 130.182175 300.562434
669.479884 200.714915 129.868595 292.652961
666.777906 200.914846 132.322501 308.156096
664.993854 203.099554 134.406531 297.358692
663.292149 201.954071 136.430256 300.708146
661.329098 200.376463 138.505902 292.842521
659.284293 197.098326 138.602043 296.910570
657.198991 195.709210 140.981282 291.191546
654.772828 193.322720 140.856061 292.428518
653.185580 190.201165 140.404600 302.329780
650.455143 188.678543 140.984644 297.269974
648.181375 186.822429 140.289872 294.608176
644.761923 185.161131 143.425770 291.588164
641.980035 183.566314 143.038398 301.237781
638.761559 183.866595 143.653910 303.294981
635.772776 181.994751 144.631341 308.832469
632.094384 185.898886 146.141925 303.916184
631.404088 186.515110 144.908982 301.115221
630.639550 189.497132 145.069435 296.760864
629.625025 192.432405 145.298013 294.260131
628.345554 192.409211 144.137492 296.446632
630.719031 194.952064 141.803518 286.237920
631.200202 193.855647 141.277374 294.204479
631.911552 192.701062 140.024823 292.676480
634.655699 191.843410 136.713161 295.065136
636.756575 190.772830 133.879565 297.412281
641.181543 189.976409 130.403903 294.577452
642.886437 191.043617 129.582017 292.216603
645.822969 190.946802 127.818868 289.113122
649.404425 189.798570 126.364457 281.650797
650.290774 186.703386 127.714122 280.765793
653.346076 184.950651 126.908868 287.517602
656.423051 185.676154 127.611070 296.555619
659.900943 186.334979 127.217040 296.215849
664.300258 189.048783 126.958371 294.388731
667.503799 191.722416 129.487975 294.905276
670.550997 194.314841 131.099772 292.790869
670.977072 195.633694 135.590994 300.817835
673.301179 196.959813 134.788311 296.585473
673.866673 195.695721 136.592098 298.958568
677.642567 194.240631 134.846439 293.435216
682.151263 193.273479 133.160919 291.370609
689.643514 194.181272 128.452749 282.381736
693.825678 192.558687 126.488832 279.423822
701.741652 189.780573 119.129021 279.372874
706.415429 192.910289 117.193561 272.276310
708.272759 190.924834 117.165874 283.872503
711.594685 192.034715 114.885327 290.294932
716.223647 193.872937 114.334502 290.367941
716.445264 197.650817 130.138683 287.935729
717.723309 199.127591 153.340806 286.914538
717.369491 199.661717 164.189449 291.473812
714.971312 203.006226 173.545489 292.785303
713.275062 203.025502 177.060119 293.878435
713.521065 205.936504 173.719476 289.359859
717.328747 208.148626 168.170060 294.988664
722.829039 205.792263 160.027354 291.559910
726.105570 207.682977 154.028055 288.037107
740.329745 208.217581 142.648420 284.277524
754.470757 209.120952 131.278938 283.444739
773.280580 209.487175 115.544071 285.804349
784.563470 211.260172 111.850684 285.797113
794.973764 211.766599 101.305860 292.217863
797.528574 211.309411 101.682912 296.648928
797.161775 214.017132 105.024083 299.423508
794.179699 219.154159 115.580718 297.965778
792.578075 223.892174 120.800422 294.691228
789.606138 229.112146 127.885149 295.782529
785.732143 230.471545 137.835932 295.043521
781.868374 231.482849 144.022029 295.368083
779.234531 232.900505 148.272583 293.648889
783.296053 233.844786 147.789112 294.390150
790.461401 234.129600 140.168677 295.458300
803.429679 232.917415 128.614690 288.828962
837.886813 235.347893 96.505283 252.298209
841.865506 233.435278 92.333910 256.500156
843.480562 233.660669 90.898995 250.484875
845.152845 236.166711 91.715227 253.627835
847.036343 236.933170 90.403496 257.627280
848.077181 238.716447 89.692003 267.187112
849.802622 242.089537 90.646219 276.822921
849.963131 248.440731 93.696289 262.765854
851.324766 253.485897 94.165996 261.148245
851.884535 258.974517 93.376740 253.360495
852.662523 263.474232 96.039633 248.211071
854.189424 266.193402 97.732744 246.338532
856.080803 270.828027 99.294962 229.155186
857.536105 272.647034 100.613299 235.722015
860.753041 273.452300 97.293869 242.806063
862.121198 275.042186 96.657608 251.961345
862.794455 275.738109 95.037543 257.900691
