735.000000 746.000000 22.000000 24.000000
739.739834 742.264744 19.840460 23.080203
745.619082 739.335330 18.384732 23.214257
750.347898 735.772586 18.626995 24.873750
755.472631 730.378533 18.742480 27.943050
761.057266 726.130545 18.581728 30.026422
764.958182 725.501950 19.293078 28.453203
769.744053 724.370043 19.013937 26.976364
774.101774 722.446285 18.776301 25.122211
778.376266 719.827654 19.140860 24.192725
782.807704 717.399740 19.792547 22.827832
787.984807 713.633329 19.575653 23.028028
793.421143 710.354581 19.024611 23.607506
798.447062 707.314354 19.411026 23.865862
804.529496 702.524076 18.632453 27.027386
810.168178 698.271395 18.581541 28.564868
815.735109 696.056294 18.071287 28.140108
820.325944 693.330323 18.651901 27.146858
825.197105 690.264967 19.172157 26.555710
830.781858 686.836805 18.917481 26.269933
835.991696 684.224911 19.451778 24.704300
841.332306 681.249800 18.843018 23.514475
846.355865 677.696535 19.249337 24.981725
851.554324 674.673414 19.677877 25.498316
857.539682 670.660152 18.893581 27.899907
862.832516 666.092517 19.603612 29.869832
868.303118 663.627990 19.803830 29.909052
873.552843 661.891606 19.451475 28.668050
878.335445 660.406505 19.327979 26.732080
883.424507 658.207122 19.645864 26.269958
887.778450 655.716782 19.767317 25.928220
892.378147 653.767468 19.839220 24.497329
896.689680 651.088399 19.739359 24.986011
901.831791 648.729614 19.217733 24.622372
906.177096 645.838067 19.523467 26.081372
911.321177 642.863328 18.464010 27.623348
915.406794 640.154238 19.066288 28.161806
920.003974 638.056275 18.786913 28.032353
924.499165 635.826553 18.834600 27.268584
929.013144 632.996326 19.054026 27.643033
933.903027 631.221322 19.285418 25.758353
938.858661 629.960444 19.052105 24.868238
944.269480 630.326031 18.607178 25.822469
949.244188 631.293669 18.921059 26.792855
954.402097 633.287021 19.038080 28.925969
959.937947 635.881562 18.794077 30.439255
965.151238 639.258580 18.706330 31.520394
969.655988 645.244358 19.372847 30.208504
975.183432 651.884499 18.260237 28.513438
979.384391 656.856157 19.457479 27.583802
983.362405 663.526037 19.840476 27.314695
988.340904 670.421224 19.530288 25.727662
992.302239 675.644664 20.477777 27.459430
996.900365 682.000290 19.402592 27.987306
1001.135336 688.721931 19.368705 29.561709
1005.214015 693.607624 19.392634 30.518867
1009.446365 700.313252 19.347736 31.619515
1013.445121 708.933954 18.764071 30.016734
1016.979129 713.987792 19.268574 29.582418
1019.952067 720.619027 19.523899 30.506388
1023.508219 727.861706 19.942583 28.970777
1027.674509 731.936833 19.481578 28.303111
1030.520374 734.549357 19.710533 28.358487
1033.882612 733.614507 19.212697 29.450831
1037.319576 732.093425 19.599299 29.635230
1040.177988 729.864931 20.052610 30.582888
1042.679057 728.398730 20.744027 31.477770
1046.007273 726.688493 20.683311 31.001146
1048.572952 725.326409 20.163945 30.091261
1051.159300 724.072781 20.402980 29.011621
1054.037086 722.052171 20.282517 28.392824
1056.273841 720.754201 20.588247 27.735420
1058.374131 718.863250 20.653163 27.524431
1061.127991 717.543180 20.068883 27.535198
1063.468281 715.246240 19.556731 28.793709
1065.027690 712.901803 20.102125 29.892988
1067.105005 710.696818 19.711168 31.419115
1069.478996 708.802351 19.526853 31.300052
1071.605188 707.827598 19.577740 29.961033
1073.020144 706.214166 19.783500 28.914492
1074.856659 703.869867 20.029433 29.190256
1077.034356 702.364909 19.731743 27.673645
1078.901643 700.094282 19.417639 27.879450
1080.723174 698.492625 19.908918 27.654727
1082.263335 696.281888 20.163330 29.602878
1083.716047 694.779924 20.370259 29.386282
1085.593621 692.241016 20.699889 30.923237
1086.748637 690.590549 21.385455 30.950476
1088.313951 689.017395 21.180134 29.785527
1090.477918 687.155441 20.454708 30.405461
1092.029458 685.712991 20.807643 29.021233
1093.036823 683.971131 20.817399 27.714007
1094.940706 682.384830 20.232184 27.353372
1096.521150 680.310922 20.219576 27.911327
1098.533054 678.494561 19.690700 28.583821
1099.922630 676.242196 20.220131 29.569554
1101.072477 673.674908 20.241472 31.382554
1102.760957 671.972080 20.908746 32.358692
1105.427866 670.776784 20.919659 31.960938
1107.703866 669.485748 20.564838 30.636911
1109.081957 667.952770 20.621915 30.398476
1111.145013 667.200070 20.525127 28.805432
1113.034072 665.342778 20.060018 29.099683
1114.747366 664.443047 20.630002 28.856747
1117.116208 663.421774 20.212071 29.161477
1118.568899 662.077063 20.824868 31.084210
1119.852874 660.815207 21.358732 30.621448
1121.126124 659.328280 21.793391 30.898571
1122.763635 658.373853 22.218149 30.995647
1124.242057 657.036948 21.718297 30.614785
1126.171429 655.723616 20.859748 30.295492
1127.114992 654.155394 20.645166 29.565664
1128.252624 652.523377 19.935118 29.251213
1129.391856 650.594411 20.428899 29.432526
1130.611318 649.592956 20.389096 29.694902
1130.717653 647.320713 20.705123 31.148924
1130.889641 646.146865 21.714534 31.592152
1132.328380 644.809334 21.098140 32.455147
1132.743728 643.678936 21.797388 32.118494
1134.801943 643.053602 20.973985 31.914939
1135.774067 641.581339 20.791066 30.941658
1136.026057 640.314995 21.196839 31.167855
1137.103648 639.110142 20.949603 30.206456
1137.658344 638.020633 21.720157 30.150600
1138.637979 636.875947 21.046063 29.761544
1139.419690 636.003828 21.797624 30.556157
1139.969778 634.373825 21.897904 31.637775
1140.629687 633.175515 22.215393 32.134389
1142.296195 631.957386 21.651521 32.391397
1142.374774 630.686351 22.187548 32.768053
1143.649456 629.255418 21.178315 32.671226
1145.175219 628.658410 20.277231 31.280031
1145.546694 627.142688 20.933549 30.316036
1146.637198 626.704536 19.468002 28.327006
1147.640397 625.310903 19.383985 29.110975
1148.517050 623.712932 19.347498 30.733339
1146.671678 622.776830 21.797442 30.598924
1146.674385 621.207362 23.206092 32.102952
1146.895213 620.198521 23.739496 32.209194
1149.548034 619.660181 22.413275 32.096948
1150.579500 618.710971 22.945750 31.051359
1151.031708 617.773036 22.653569 31.414547
1151.547570 616.577695 22.362523 31.492309
1152.224596 614.786765 22.320523 33.478258
1153.387739 614.382527 22.082913 31.386583
1154.231407 613.539188 22.087860 31.770733
1154.777387 612.285950 22.397442 33.204753
1156.557182 611.647522 21.846336 33.089005
1157.275464 610.446311 22.241846 33.389002
1158.975956 610.440865 21.605236 33.227211
1160.156247 609.194521 22.025569 32.229755
1161.838341 608.203294 21.422167 31.793499
1163.227039 607.152513 20.945155 30.823828
1165.465601 606.529188 20.220661 29.256977
1167.173905 605.174859 20.583432 30.338921
1167.872880 603.873254 22.015870 28.873809
1168.451930 602.585486 22.876137 30.458178
1168.856115 601.094820 24.458488 30.853094
1170.733135 599.935719 25.313297 30.224219
1172.977272 598.696865 25.526985 30.276508
1174.886488 597.149273 24.926537 30.705189
1176.671219 595.475638 24.136459 30.278203
1178.199739 593.328188 23.975823 32.508991
1180.770500 590.626307 22.756483 33.621843
1182.678524 589.457776 21.123463 32.078274
1184.627441 587.856627 21.720049 32.573537
1186.421657 584.995466 21.555837 32.795256
1188.030059 584.403295 22.143009 32.670555
1189.534164 581.765151 22.517760 34.253895
1191.416679 580.996288 22.884142 32.577074
1193.693310 580.091751 22.904926 31.225960
1196.525683 578.096422 22.057361 31.610048
1198.748390 576.815025 21.657783 30.711039
1201.539608 574.292281 21.235681 32.163704
1203.299182 573.180140 23.312170 29.856733
1204.642448 572.421978 26.325316 28.392694
1206.730154 569.935665 26.316280 28.323133
1207.786445 568.772597 28.023105 28.126646
1210.487514 567.652288 28.677682 28.505342
1217.426845 566.957792 25.049443 28.521080
1218.633743 566.837943 27.007861 28.624757
1221.683048 565.741028 26.715122 28.957497
1224.152260 564.446011 25.519432 28.077602
1227.040134 564.059288 23.983569 28.647177
1230.397546 562.147044 22.854677 28.588475
1233.252458 560.982216 21.620042 29.747843
1234.792682 559.553107 22.652347 30.043027
1237.168450 558.379553 22.144455 30.610934
1238.999376 557.727020 22.875483 30.234500
1240.136529 555.724995 23.408779 32.000900
1242.997665 557.104206 22.556946 31.360981
1244.857112 556.649068 22.491993 32.623681
1247.030301 556.601830 21.922435 31.114510
1248.974145 557.937994 21.224407 29.183514
1250.705646 559.746199 21.984931 28.649983
1250.286277 561.040446 24.686577 27.240119
1249.991733 562.607649 26.885167 27.307508
1249.876845 564.813898 28.883820 27.797667
1251.737986 567.697334 28.506026 28.761146
1253.964604 572.150318 29.228448 28.485411
1255.764508 577.284603 27.927854 26.851873
1256.148956 582.163399 28.376225 26.991045
1257.154591 588.548916 26.079014 27.141178
1258.402672 594.547952 23.506308 28.495761
1259.619483 598.087507 21.991595 28.804695
1259.607713 603.260572 21.827440 29.769705
1258.365182 608.420220 23.224467 29.773120
1259.254082 612.580385 22.871591 30.423328
1260.587008 617.232286 22.609370 30.562168
1258.363592 622.393019 23.069035 27.097949
1258.905715 627.735600 23.465525 29.255545
1260.114938 631.616587 23.249497 31.460188
1260.524191 636.283996 23.287832 31.450307
1261.199684 640.649709 21.633410 30.951430
1261.221731 641.486181 20.688730 29.495627
1259.308830 639.335546 23.667113 29.491035
1257.550328 636.337679 26.739129 28.781754
1256.181736 633.742085 29.356556 28.700420
1255.876865 631.462620 30.653651 28.508372
1256.534559 629.151377 31.636004 27.976506
1258.596148 625.970439 30.159105 29.425388
1259.063655 624.312476 29.987518 28.933799
1260.086730 622.040680 28.118944 30.299615
1261.797389 619.088518 25.806922 31.868691
1262.765019 617.113540 24.707261 30.885154
1264.557182 614.715163 23.250084 31.010779
1264.912880 612.316088 24.304016 31.602720
1265.879471 610.227249 25.234352 31.655876
1264.925814 607.860321 27.391918 32.183337
1267.770341 605.433472 26.695882 33.090657
1269.505711 603.921013 25.988126 32.482379
1270.766262 601.542151 25.427807 32.606393
1272.787715 599.860950 24.755562 32.473958
1275.076264 597.377036 23.160184 32.883408
1275.622712 595.556293 23.124275 31.820969
1277.672980 593.946115 23.416354 30.890988
1278.513734 592.356437 25.732891 30.964133
1278.377661 590.313484 28.985570 30.338424
1278.716680 589.628351 31.498616 29.192271
1280.807674 588.221821 32.665531 29.669756
1284.549426 586.462963 31.125757 30.595945
1288.446184 585.394657 29.415414 31.042421
1290.976728 583.710034 27.924058 32.981884
1294.257184 582.069780 25.763380 35.678134
1297.342305 581.048890 24.179659 33.010397
1299.627203 579.888362 22.995216 31.749150
1301.144418 578.758234 23.931962 31.404650
1302.733135 577.006013 24.908840 32.526185
1304.678087 575.564808 26.172687 33.116094
1303.779686 574.358709 28.941912 33.345026
1309.270054 571.913271 26.433513 35.260096
1311.709785 571.604967 26.221040 34.792575
1312.919046 570.582102 26.499212 34.709199
1315.864099 568.971148 24.810890 35.487413
1318.606060 568.045216 23.730313 33.749778
1321.661445 566.792880 22.284397 32.885142
1322.483046 566.220024 24.294036 31.368596
1323.544995 565.091751 26.333608 32.228302
1323.089952 564.254228 29.242785 32.234787
1323.669376 563.637984 31.999557 31.106030
1325.601167 562.285820 33.321722 32.569519
1329.091508 561.020845 31.779414 32.097584
1331.410666 560.290187 29.686667 32.429182
1334.148166 559.556901 28.176711 33.135898
1337.042891 558.686191 25.365539 32.668550
1338.080416 557.728175 24.734150 32.621960
1339.138384 556.594959 25.078548 32.098108
1341.596209 555.934792 24.638306 32.564013
1343.339056 554.301086 24.625812 33.555468
1342.915264 553.873758 27.201289 33.163651
1344.110622 553.683197 28.270134 33.042194
1347.119199 553.424964 26.810893 32.547735
1349.412085 552.988968 26.193395 33.408377
1351.187035 552.344077 25.299510 34.320905
1352.477370 552.164823 24.346128 33.298539
1354.404969 551.416096 22.950714 33.324747
1355.834899 551.623323 22.789953 31.846126
1355.308899 551.270317 24.777778 31.052081
1353.806287 550.934920 27.715242 31.257942
1352.580961 550.085083 30.064830 30.653589
1353.149044 549.592498 31.759022 31.679676
1355.217163 549.394392 31.202794 31.199149
1357.081944 550.668227 29.311708 29.068648
1357.548568 552.621999 27.973535 28.898661
1359.777133 555.080839 25.197069 29.461284
1360.776666 559.142603 23.688624 29.953537
1361.146879 564.392857 22.429858 30.503581
1361.674603 570.150070 21.988164 31.313450
1361.054049 577.985039 22.523205 32.277260
1357.250450 586.479639 26.205682 33.455684
1354.808017 592.978209 28.812201 34.836343
1354.087843 601.722141 28.981022 35.073190
1354.908761 609.452872 27.129302 34.634310
1355.901016 617.176590 22.816602 34.807181
1353.090184 624.868684 22.298620 34.782872
1350.284864 628.872263 21.841026 34.478269
1347.543796 630.733821 21.845838 32.901670
1343.393673 629.010564 22.894274 31.723461
1337.758235 625.930065 25.705064 31.396239
1331.899303 623.367743 29.375663 32.013284
1326.661370 621.195747 31.945306 31.034840
1323.261791 618.305237 31.942610 30.410307
1321.311580 616.419445 30.194850 30.049787
1318.975644 613.975618 27.798623 29.941105
1315.923519 610.904596 24.414654 30.681231
1312.980421 608.922079 22.785214 30.149873
1309.253498 606.364979 21.663357 30.424571
1305.230849 603.826408 20.547515 31.137620
1302.118260 601.409080 21.903025 32.041674
1297.122884 598.805567 23.667840 32.660238
1291.008411 596.352204 28.518082 32.480877
1288.046557 594.908586 29.235107 33.246306
1286.744043 593.316646 28.032869 32.892345
1286.170388 591.665506 26.093778 34.439317
1286.522035 590.126961 23.421738 34.013523
1284.361455 588.542066 22.476269 34.246098
1282.430113 586.864125 21.596550 33.843688
1280.849255 586.287945 21.728313 31.883938
1278.013743 585.212735 23.832414 31.704947
1273.712780 584.328053 27.878437 30.964840
1270.346597 583.736936 31.574251 29.791021
1268.611836 583.503977 33.318288 28.938882
1269.372935 582.971035 31.375194 28.628637
1269.873123 582.157888 28.787732 28.186905
1270.289083 581.648011 27.012576 27.871058
1270.172252 580.482838 24.431640 28.450756
1270.511583 579.391579 22.083960 30.437905
1270.030874 578.397590 21.183841 31.106272
1269.890247 577.460656 20.950447 32.143652
1267.963103 577.057881 23.709249 32.322788
1263.591571 576.301723 28.585542 32.289979
1262.082998 575.792572 29.746488 31.612939
1263.429423 575.533855 28.877895 31.894933
1264.891691 575.452573 26.532429 31.051658
1266.779431 575.369186 24.752420 31.893425
1267.638416 574.292073 22.931349 33.308453
1267.096709 574.195142 22.708227 33.676070
1267.081878 574.177891 20.632709 33.044115
1265.578969 574.048523 21.844263 32.186056
1262.403148 574.353068 25.073663 30.606993
1258.579525 574.569486 29.779568 28.908696
1256.312027 575.520957 33.368265 28.397919
1256.282649 576.054794 33.476464 28.141889
1256.877175 576.517073 32.153407 27.539140
1257.908709 577.425971 29.419556 27.309347
1258.836418 577.544227 26.358121 27.907338
1259.675378 577.806489 23.649897 29.036895
1259.846915 577.702361 21.748610 30.115819
1260.152141 578.266052 20.910064 30.952984
1259.836849 578.571305 22.416614 31.364274
1256.380911 579.549171 26.540955 31.309840
1253.789954 580.142224 29.188870 31.388333
1253.786855 581.554508 29.921064 31.048882
1255.673204 581.952206 27.268670 30.731683
1257.132657 582.466557 25.980239 32.047686
1258.665123 583.157802 24.191856 32.013686
1259.233769 583.484040 22.556280 32.435530
1258.953943 584.001322 20.684620 32.686458
1259.110830 585.087125 20.926831 31.902268
1257.034332 586.267896 24.049833 30.251784
1254.289283 588.113991 28.289712 28.441852
1251.825510 589.223552 32.623584 28.070102
1251.077844 590.795457 34.118768 27.562743
1252.793610 592.106737 32.697962 27.070705
1254.147184 593.610187 29.835426 27.086605
1256.211729 594.695938 26.422312 27.343646
1257.255760 595.849482 24.250542 28.587754
1257.921404 597.277002 22.729092 28.627601
1258.504528 598.560263 20.968737 29.273118
1256.307992 599.172776 23.274922 30.247515
1256.446229 600.901050 23.876055 30.201811
1254.960826 602.209304 26.089490 29.983899
1252.125425 603.665847 28.662810 30.244411
1252.708612 605.741829 28.375215 30.300117
1255.016687 606.643442 25.896635 31.034412
1254.991709 608.008141 26.517550 31.467224
1256.078550 609.427292 24.348219 31.437524
1255.972464 610.755322 23.431610 32.598881
1256.335994 612.388031 21.537329 32.827612
1256.023409 614.028468 21.894880 30.434747
1253.740077 616.223734 24.624411 29.527969
1250.640996 618.273877 28.465834 28.168454
1248.357062 620.236959 31.445683 27.552088
1247.042291 622.342317 33.522567 27.202965
1248.116032 624.278635 31.053590 27.166494
1249.869352 626.469844 28.771693 26.893365
1250.727745 628.519516 26.464203 26.764069
1250.894987 630.154960 24.102347 28.395961
1251.660244 632.306271 22.421776 29.723429
1251.578081 633.828731 21.067059 27.884301
1250.706431 635.291569 22.292566 30.007684
1249.826867 637.471117 22.835907 28.402164
1247.908998 639.583732 24.324709 28.316889
1246.114317 641.619479 26.988348 28.404789
1245.564919 643.992283 26.554695 28.031765
1246.400372 645.831264 24.457094 29.049180
1246.936620 648.078210 23.226535 28.337768
1246.915472 649.929781 21.975245 28.812449
1246.224985 652.469903 21.876600 29.224885
1245.116507 654.007308 20.622629 29.626257
1244.832825 656.577189 20.625124 29.960690
1242.052453 658.878675 23.847561 28.885359
1238.509955 661.522690 26.814576 27.203243
1236.239400 664.091108 29.223315 26.263072
1238.556679 666.166328 24.862862 26.179176
1236.373057 668.068873 27.213364 27.876710
1236.794170 670.174042 25.803341 28.268776
1237.298793 673.178375 23.368559 28.701368
1237.486731 675.796795 23.451361 28.479594
1236.792533 678.031573 21.045834 28.214123
1235.921064 680.661832 21.252581 28.890078
1234.840439 682.161756 23.468510 29.541978
1234.068504 684.764654 23.519285 27.790009
1229.241664 687.122615 27.110314 27.235211
1228.103203 690.050742 27.333694 26.992534
1229.070839 693.722340 27.289139 26.833708
1231.277661 702.020604 24.985041 29.396697
1229.849558 712.447487 23.120442 29.623939
1228.238680 720.694523 22.563006 30.514292
1226.291234 728.837919 21.320787 31.684111
1224.553556 738.255088 21.911454 31.572417
1221.074566 747.329180 25.429755 31.037531
1216.313864 758.518678 28.646052 29.837937
1212.394702 768.845107 30.709945 28.731577
1211.222619 774.581746 29.056181 28.641353
1209.749761 779.006155 28.045308 28.440422
1208.253579 781.735158 25.937593 27.708305
1206.995028 782.100084 23.537126 28.334367
1205.277591 781.761584 23.310459 28.913260
1203.236049 781.673951 22.060088 29.606386
1200.798522 781.556585 22.327231 29.643994
1198.621397 781.185939 23.563622 30.377396
1194.895561 780.710889 26.161646 30.723566
1187.774981 780.546033 31.459821 30.336137
1185.745254 781.507770 30.135171 27.605639
1183.816133 781.146399 28.432923 27.462458
1183.164181 780.823104 26.281643 28.310618
1181.659254 780.414390 24.897302 29.395566
1179.130195 779.983526 23.479012 30.969376
1175.806058 779.432175 22.061037 30.858772
1172.971916 777.659489 21.035394 30.701552
1168.599071 775.019749 23.545492 29.621790
1162.584444 772.436275 27.594826 28.791971
1156.339817 769.782593 32.923949 28.083374
1153.417682 767.952191 31.054603 26.119840
1149.360245 767.508618 30.860986 26.640774
1147.766007 767.508618 26.350119 26.847684
1145.187503 766.863301 26.106981 27.774430
1142.497565 766.394225 23.438388 27.561399
1139.275331 766.001209 22.215407 28.280629
1135.930023 765.512114 22.730867 28.294856
1133.079424 765.040363 22.521182 29.791870
1130.190920 764.449398 24.603555 29.841202
1124.011320 764.222269 29.324852 29.118533
1119.878132 764.191104 31.257112 28.029810
1117.862328 764.676186 29.265535 26.385931
1117.728650 764.026623 28.151218 28.645069
1118.416605 763.037670 25.146019 29.865073
1116.484816 762.988773 24.251757 28.433600
1114.171204 762.442693 22.991561 30.140427
1111.989904 761.726168 21.306417 30.979142
1109.640623 761.648057 22.575920 30.127935
1106.239462 761.310512 24.910227 29.129683
1101.183006 761.508792 29.326200 27.882758
1097.219898 761.840421 32.136376 26.695583
1095.492768 761.096960 31.357445 26.765593
1095.125883 761.163595 28.005593 27.056538
1094.250433 761.079195 25.651213 27.930752
1093.032454 760.710948 25.038036 27.483648
1092.013097 760.324305 24.010798 28.004818
1090.152351 760.294557 23.263338 27.445427
1088.377450 759.123482 22.996837 29.022631
1086.520962 759.248636 24.371340 29.401612
1083.883705 758.337128 25.532163 29.384734
1078.134256 758.209915 29.407919 27.705613
1076.421685 758.018425 28.332955 27.425252
1076.002431 757.478426 27.092506 28.674876
1076.495834 756.169941 23.425610 29.619473
1074.512957 756.108829 23.072547 28.747309
1072.781020 755.409025 23.064994 30.996579
1070.972886 754.741778 21.174725 31.060176
1068.859407 754.165217 21.897231 31.425739
1065.844389 753.970905 23.922691 30.191129
1061.895586 753.696814 26.913795 29.378328
1058.119262 753.816972 29.927358 27.660013
1055.581673 754.336891 32.084358 26.410608
1054.806712 753.583686 31.683035 26.990687
1054.577318 754.141732 28.882670 26.374228
1053.467003 753.353606 27.038841 26.611438
1051.981292 752.901114 25.150829 27.486204
1050.305292 752.239425 23.771211 28.173243
1048.682151 751.395736 22.566067 28.540837
1046.763399 750.797875 23.686643 29.864805
1044.995024 749.927216 24.724687 30.206163
1040.454484 749.666403 27.977164 29.770670
1037.416283 749.226165 28.944817 28.681285
1036.795803 748.680288 28.216791 29.378257
1037.522847 747.727199 26.307098 30.395811
1035.686617 747.589410 24.213627 29.136724
1034.327286 746.675003 22.756774 29.405068
1032.623641 745.534652 21.541646 30.825944
1030.555347 745.327977 21.755482 31.170651
1028.114937 744.711563 23.572650 30.831467
1025.792749 744.498606 24.386493 29.576537
1022.057907 744.169867 25.047644 27.558511
1019.584560 743.987311 27.712285 26.169975
1017.956771 744.478824 28.341963 25.695638
1017.725629 744.026553 25.935012 25.858404
1016.420139 743.710347 24.225006 26.194474
1014.828411 742.823815 21.848602 28.284135
1012.815032 741.948606 22.576157 28.492400
1010.927199 741.360074 22.791265 29.007435
1009.207082 740.437936 22.701279 29.130615
1006.682222 739.374208 23.247977 28.812403
1003.538394 739.533149 25.152510 26.794963
998.471069 738.663619 27.590585 25.932686
997.901082 737.882190 25.905689 27.312390
998.399175 737.168558 21.818466 26.196540
996.298905 736.715739 20.719101 26.362643
993.930925 735.979780 21.430856 27.223129
991.130167 734.421247 21.502591 30.291583
987.769790 733.583559 21.398108 29.980032
984.349512 733.167758 21.882588 29.675052
980.340596 732.876241 22.998585 28.706109
975.897988 732.360395 23.947828 26.992574
970.793308 731.927175 25.247527 25.909927
968.275305 731.513762 23.806312 26.034503
966.186127 730.698892 22.432009 26.898195
963.044517 730.298680 21.795778 26.498086
959.710017 729.432435 21.756388 27.442044
956.583078 727.872409 21.836035 28.860869
953.284096 726.594929 23.334700 29.193446
950.139350 725.181845 23.671242 30.015671
946.858966 723.861427 24.203585 29.902676
943.764955 722.475843 24.443505 29.451843
938.264881 721.322497 26.003904 28.145118
935.884000 720.504990 26.290675 27.685668
935.589935 718.734980 24.935646 28.031630
934.132659 717.458471 22.419602 27.160388
932.150915 716.418376 21.139482 26.748211
930.175774 714.925962 21.313656 27.126894
928.477010 713.162248 21.560646 30.061601
926.827469 711.741831 22.048902 31.568104
924.832770 710.250603 21.278519 31.112541
921.828727 709.167853 22.549495 29.251872
919.154247 707.941905 24.420640 27.874891
917.549249 706.246302 25.624168 28.134183
918.022564 704.941465 23.902085 27.914407
918.789289 703.917264 21.798913 28.242347
918.974750 702.483758 20.756469 28.626594
918.869161 700.912684 20.812431 30.013098
918.871998 698.937077 21.932373 30.917849
919.254071 696.808210 22.591646 31.581080
919.968907 694.698568 22.850229 31.551338
920.425383 693.250597 23.083761 30.387256
918.667807 690.868745 25.959593 29.366634
917.669763 688.184523 26.712877 30.266283
918.882872 686.408762 26.321293 30.750828
922.127045 684.281765 22.920386 31.044484
922.165930 681.619943 22.210881 31.479119
922.856401 679.284024 21.696517 31.947678
924.063811 677.155076 21.578100 33.185048
925.330751 675.164345 21.616982 34.063046
925.965263 672.966167 22.518158 33.293095
925.611660 670.427608 23.304951 32.607313
924.623968 668.531737 28.706032 30.780396
926.120625 665.572420 29.057452 30.298584
927.624403 663.481110 31.551635 30.981265
930.367560 661.239550 27.642374 30.336736
932.414123 658.948430 26.042030 30.277360
934.662916 656.301393 23.608280 32.123530
935.963954 654.146149 23.929940 32.144969
937.972882 651.777612 22.953094 33.525053
939.253371 649.084087 23.838201 33.149818
940.748049 646.301937 24.910714 34.709658
942.157819 643.452020 25.793924 34.966441
941.547264 640.828001 29.209881 36.024433
944.187512 638.108205 27.606645 36.616473
946.422024 636.371970 25.591398 35.576384
948.940400 634.148690 24.151857 35.566446
950.514078 631.353008 23.393334 35.846713
952.691158 628.541112 22.291772 37.823709
954.904426 626.349525 21.667111 36.367162
956.431846 624.062741 24.038980 34.895273
957.825321 621.997859 26.774170 35.183348
958.827922 619.623557 28.795143 34.895657
959.792367 616.760494 31.176889 35.348210
961.891747 614.703252 31.492847 35.010382
964.973208 612.494480 30.403148 35.873199
967.937466 610.131742 29.673111 34.955196
969.981047 607.588046 29.831788 35.966412
972.289236 605.076074 28.560071 35.681081
974.602917 602.619168 25.787568 37.283766
976.749043 600.108708 26.299094 37.036382
978.872781 597.138059 25.845995 37.897656
980.263197 594.232108 26.944977 38.791661
982.818204 591.749165 26.927189 38.735759
985.002232 588.903420 27.820537 39.511149
987.370070 586.193858 26.140892 40.533703
989.685470 584.055732 26.137354 40.039443
991.869737 581.537809 24.278369 38.545972
994.505795 579.171289 22.842069 38.200917
996.864214 576.999898 24.136527 36.857245
999.075271 574.639783 25.025096 35.965557
1000.504279 571.796665 28.031233 36.750772
1000.833424 569.029161 30.496003 36.886254
1001.889457 566.555945 32.946565 37.132210
1005.196584 564.450138 32.466784 36.664988
1008.400144 561.429630 30.744068 36.298959
1011.206469 559.462700 29.776356 35.621844
1013.826783 556.936065 28.641824 35.825074
1016.499369 554.831186 27.871241 35.658663
1018.854636 552.464591 25.550201 35.771005
1021.517941 549.582401 26.453497 37.826389
1023.879472 546.486616 27.460870 38.929153
1026.861155 542.991659 26.545253 40.740436
1028.607031 540.683063 27.260622 40.826031
1031.297822 538.137508 28.236893 41.656816
1033.850915 535.835950 27.996191 41.152806
1036.002910 533.674210 27.459454 42.182653
1037.679023 531.756365 26.419558 40.633411
1038.910152 528.983239 24.125499 39.518311
1040.302063 526.763794 22.583609 37.107553
1040.173902 524.578577 23.459816 35.388565
1038.748919 521.855646 25.159456 36.028552
1036.015916 519.050781 28.966088 35.885625
1034.759854 516.581497 30.417595 35.379035
1032.928529 514.451701 31.070200 34.969117
1032.677003 511.393652 30.457189 35.867148
1032.245145 509.644479 28.804379 34.284532
1031.762244 506.909740 27.641187 35.000836
1030.972105 504.150937 26.826358 35.658361
1030.726233 501.562551 25.836058 37.220212
1030.439153 498.603548 26.093260 40.113545
1030.178421 496.373080 27.395643 40.703408
1029.708811 493.832316 29.809265 41.689316
1029.926045 492.735361 29.916154 41.863731
1030.320930 491.535117 29.767863 42.177343
1031.386340 490.743700 28.425679 42.780696
1032.199198 491.391510 27.510406 42.851790
1032.808251 491.759797 26.620023 42.115700
1033.890811 493.533560 23.970538 41.485229
1034.313804 496.105921 23.336661 39.202146
1034.463722 498.383777 24.366448 37.720330
1033.398341 501.893147 27.380278 37.321907
1031.735436 505.710256 30.721992 35.677361
1030.781411 508.802696 32.056265 35.558428
1031.464811 511.875716 32.191106 35.619411
1031.093601 515.410371 32.105736 35.829525
1032.049345 518.506697 29.683128 34.915941
1031.120905 522.146885 28.825736 34.272716
1030.430446 525.686526 27.972978 34.822063
1030.178238 527.111986 25.740945 35.943763
1029.803154 530.998407 25.573559 36.423136
1029.077179 533.779954 26.463435 37.856297
1028.858213 534.414830 28.066301 39.865308
1027.072674 539.938187 30.397465 39.334008
1026.435455 544.851978 31.135425 39.278505
1027.059729 548.030294 29.754451 40.209850
1026.713752 552.763340 29.182238 40.820047
1026.218281 557.564287 27.176171 41.707608
1025.914897 561.252244 26.081675 41.147434
1025.258564 564.259690 23.525706 40.676474
1023.831151 564.979564 25.323225 38.433313
1023.378869 562.261976 26.991217 38.235260
1020.973473 559.690861 29.431600 37.730790
1018.812716 557.854483 32.538230 38.292759
1018.628695 554.990999 32.266423 37.980848
1019.005212 552.923713 32.120015 37.837490
1019.051848 550.693708 30.443386 36.461817
1018.544138 548.761981 29.702502 35.951641
1019.271798 545.866308 27.109893 36.796048
1018.533974 543.112011 26.307124 37.878919
1017.961965 540.071341 26.442530 39.105388
1017.578026 536.958393 27.790271 40.509022
1016.675142 533.899020 29.433240 40.616523
1016.417047 531.131960 30.216255 40.959500
1015.436534 528.510934 31.545181 42.046181
1015.988915 525.758613 30.964796 43.003977
1016.125476 523.431234 30.298723 42.633849
1015.895188 522.105485 29.872132 41.329900
1015.793672 519.152292 27.984818 41.141462
1016.130229 516.358976 24.800854 40.228963
1015.796344 514.283009 25.633880 37.777019
1015.724762 511.558310 27.687519 36.645381
1014.748785 508.768903 30.301621 35.627788
1013.125087 506.316091 33.464239 36.537201
1013.742958 503.490870 34.528665 36.745784
1015.497313 501.324109 33.260406 35.962239
1016.545824 499.121000 31.828508 35.395046
1017.485285 497.006547 29.548540 35.184417
1018.893936 494.817528 27.842460 34.614730
1020.055925 492.073938 25.967714 36.017033
1021.410088 489.546488 26.411324 36.496144
1022.557003 486.616176 26.885986 37.945402
1023.864067 484.309852 28.788675 39.002047
1025.377376 481.218216 29.480760 39.937610
1026.237101 479.145758 31.769990 39.879732
1027.826283 476.567381 32.115803 40.411721
1030.236664 474.456955 30.761842 40.547400
1032.101587 472.525431 30.206329 40.367536
1033.872241 470.373951 27.683403 39.281289
1035.243667 468.205441 25.270668 38.114700
1036.050799 466.138471 26.338649 36.941956
1037.490417 463.005711 28.516200 36.202745
1038.183244 460.143714 30.296567 35.674527
1037.652676 457.867514 33.491279 35.371547
1037.454162 455.483229 37.239733 36.972765
1041.260551 453.686206 36.084151 36.298161
1044.182557 451.486307 34.580332 37.042277
1046.784058 448.916652 32.103231 37.532367
1049.304794 446.896527 30.438823 38.271951
1051.429964 444.764788 28.150005 38.447427
1054.177690 441.998465 26.776044 39.994293
1056.491343 439.180429 28.145116 40.213598
1059.408411 435.819630 28.229446 42.839611
1060.564181 433.247880 30.900665 42.588882
1061.450701 430.721723 33.276464 43.487056
1064.018697 428.419679 33.971422 42.821075
1068.562018 426.075049 32.461437 44.344798
1071.902366 423.242511 31.141386 45.780527
1074.825977 420.883767 29.183711 45.597957
1077.334869 418.155791 27.371449 44.746634
1079.985091 416.127089 25.611091 41.433807
1082.011199 414.300674 27.354110 38.812746
1083.973828 411.823578 28.843076 37.128690
1085.962133 409.596010 31.317490 35.743938
1086.835244 407.443260 35.132536 36.416456
1089.595028 404.945282 35.175691 36.627804
1093.308231 403.267522 34.632466 36.733397
1097.375523 400.043814 32.529105 38.000161
1100.759979 398.329957 29.737901 36.935001
1103.604972 396.995186 28.405450 35.988755
1107.020697 395.061827 25.734596 36.773448
1109.872350 392.271451 25.599724 37.686291
1113.813805 389.408691 26.636114 39.011265
1116.415627 386.713325 28.990292 39.987075
1117.412538 384.934880 32.869665 39.829136
1119.394538 382.693669 34.417187 39.744583
1124.026738 380.355667 32.372945 40.159648
1127.825936 377.913766 30.686073 39.923397
1130.852017 375.863823 28.680740 40.048864
1132.319086 375.684916 26.639910 40.481429
1133.375529 376.315738 25.434575 40.611659
1133.111496 384.640653 25.639892 40.758152
1131.789173 393.387193 27.125424 38.695119
1128.818265 401.175145 30.254704 38.181805
1123.490480 412.357283 32.932119 38.841346
1118.460654 425.576414 36.385933 36.900496
1117.126105 438.451280 34.958850 37.276570
1113.475628 451.353923 32.496655 37.421686
1108.743252 467.483895 30.649463 36.672210
1103.870125 483.518389 27.937979 37.760883
1099.519251 499.037748 26.100894 36.019477
1094.975642 514.513011 24.661527 37.305218
1089.420834 531.310372 26.738494 38.785814
1085.299546 546.028551 28.006289 36.469974
1078.995795 562.199542 33.388649 38.912988
1074.613432 578.706199 35.897833 39.985759
1074.487684 593.692054 33.816969 38.061720
1074.651430 609.582970 29.483162 38.198271
1075.085744 627.472278 28.256734 37.824158
1075.453113 641.490880 26.033237 39.716526
1074.453117 654.216148 25.500804 40.589760
1073.822131 663.099820 24.087151 40.782691
1073.315032 668.727158 26.187814 39.963679
1072.746208 671.253183 28.090628 39.952668
1069.605548 670.789384 33.650708 39.940758
1069.497925 667.912733 36.195078 39.993200
1070.755647 665.513717 36.321561 39.780097
1072.206661 662.402114 34.780071 40.169411
1074.087977 661.215695 32.062544 39.144809
1075.773247 658.714849 27.613400 39.298362
1077.361517 656.396424 24.741181 39.194506
1078.904837 653.640420 24.680383 40.304544
1080.025673 651.175987 26.936642 39.641610
1081.729060 648.023242 29.880158 41.141964
1082.083279 645.714632 33.260506 40.129342
1081.507658 642.690634 38.348799 41.409623
1085.049134 639.669732 37.332435 40.406414
1089.020645 636.449220 36.040647 40.112769
1093.653941 633.459164 32.872399 41.411572
1097.709443 631.649870 28.336246 39.397870
1100.031056 629.745231 25.679926 39.847257
1102.231336 625.303092 24.076371 41.433759
1104.214555 622.974210 27.252881 41.316821
1106.556924 619.290957 28.232680 41.134919
1107.711705 615.895300 33.001875 41.137876
1107.874803 612.644557 36.498156 40.267779
1109.054766 609.629136 38.905406 39.677155
1113.363428 605.831801 36.994276 40.917925
1118.193952 602.636056 33.644258 39.992655
1122.097921 599.849500 30.777846 39.435143
1125.366556 596.393371 28.239732 39.942393
1128.537639 592.552752 23.741978 39.713370
1131.292693 589.223147 24.336386 40.235804
1132.980659 585.091348 26.828974 40.106383
1134.333414 581.561058 30.099931 39.606904
1133.666032 577.636236 35.441775 41.413935
1135.129554 574.338192 37.466667 40.678980
1138.734731 571.129519 36.088948 40.847623
1142.274205 568.583335 35.618664 39.476046
1146.622935 565.766133 31.774245 38.160824
1150.328547 562.353790 28.533824 38.458783
1151.261618 558.963175 26.668036 39.812445
1153.267331 555.350800 25.694188 41.078606
1154.992760 551.791915 29.409886 41.779488
1157.048575 548.330950 32.484096 41.803433
1156.118619 544.061926 35.116583 42.439183
1157.269764 540.564718 37.228009 42.292913
1161.647522 536.662422 35.696630 42.194923
1165.433441 533.830530 34.014104 41.679778
1168.676182 530.022312 31.263730 41.612579
1172.284955 527.189234 29.078200 40.716403
1175.162374 522.938037 26.733417 41.047735
1177.900344 518.834838 24.565375 41.040444
1179.967980 514.488949 24.879112 41.213622
1181.041510 509.676433 27.189883 41.720713
1179.477956 505.883951 34.707070 43.477904
1179.640932 501.866470 38.248856 43.924199
1183.664047 498.193876 37.080778 43.792978
1187.295059 494.849373 33.899627 42.689308
1191.502148 490.952520 31.762350 43.243682
1194.226729 487.153367 29.304425 44.083393
1195.627965 483.761684 28.045660 43.754949
1197.561775 478.887537 26.654193 43.907715
1199.062937 474.468578 29.411931 45.057738
1200.845856 470.581497 30.599877 46.147825
1200.001427 466.445075 34.386544 45.447010
1200.399359 462.851489 37.854926 44.425175
1202.139752 457.777799 38.410180 44.464282
1206.982432 453.331641 35.857694 44.157850
1210.431382 449.278096 33.636438 43.558140
1213.393979 444.140467 30.561848 44.116989
1215.720182 439.708219 26.798231 43.317098
1218.230384 434.644107 24.272847 42.521159
1219.973420 429.277352 26.730445 42.291091
1220.348295 423.418771 28.995805 42.841252
1217.935634 418.315707 35.718445 43.028611
1219.023733 413.350659 37.274379 41.387893
1221.732744 407.821830 36.058397 42.661526
1224.370713 404.132702 35.315785 41.568570
1227.797334 400.478693 32.189446 40.237359
1230.420182 395.465746 29.454899 39.218576
1231.332034 391.174305 27.970255 40.967049
1233.179355 385.546917 25.375812 42.654455
1234.450199 380.990530 26.715799 43.347209
1236.049603 376.692678 27.953575 43.998579
1234.477419 371.258832 31.641600 45.476020
1233.809802 366.936820 35.325570 44.977780
1235.633266 361.241390 35.761925 45.613656
1239.340560 356.433407 33.037180 44.883163
1242.662451 351.694104 29.614969 43.849846
1244.700273 347.449321 27.554003 43.165600
1246.644728 341.842015 25.027779 42.531401
1248.018406 335.971245 23.509332 42.980268
1249.516275 330.574183 24.264820 42.150601
1250.000993 324.867534 27.000295 42.430049
1247.486749 318.854575 32.038627 43.791904
1245.630009 314.011905 38.441597 44.301602
1247.453104 309.148368 39.657545 44.552274
1250.719956 304.479512 37.022536 44.305507
1253.984552 300.669667 33.928793 42.612400
1256.917133 297.910968 30.343537 41.962214
1259.391901 296.579748 26.714671 41.084410
1260.593218 294.482333 25.151163 43.376042
1261.331482 294.071431 25.550298 44.778089
1262.337101 293.551190 27.009157 46.447733
1260.566193 292.994272 30.470848 47.319001
1258.108200 293.824584 34.982894 48.351227
1259.181864 297.370534 35.799290 47.956242
1261.692463 300.874308 33.872565 46.471823
1263.723487 306.763466 32.301449 46.262733
1266.577894 314.791130 28.860845 45.431298
1267.608756 320.570141 27.240259 45.348484
1269.075603 329.469595 24.735619 44.094941
1269.538671 339.310539 24.158280 44.118342
1269.807202 347.998497 25.720364 43.394515
1266.865613 357.501218 30.087920 44.945195
1262.760607 367.591482 36.153541 46.689483
1261.116881 376.848699 37.938548 47.440616
1261.122854 388.349654 36.762091 46.887920
1260.856257 399.423597 34.336547 46.647851
1260.308903 409.323239 31.388924 44.218076
1258.475822 421.050729 28.571584 42.895912
1254.301787 432.113237 27.521639 44.184748
1250.407178 442.157706 26.435474 45.766472
1246.496449 450.569190 28.077908 46.728713
1240.840332 458.776630 29.987378 49.020200
1233.596983 467.823645 32.861610 49.766730
1227.255786 472.635068 33.468836 48.731159
1222.531308 477.591210 33.234001 49.418495
1218.562128 480.872279 31.502898 47.625449
1214.317033 484.583629 28.222448 46.811406
1209.358035 486.684167 25.754367 45.101533
1202.865730 485.633550 24.076125 44.097085
1196.758219 481.761786 23.796993 43.612193
1189.701148 478.517818 24.315239 42.756559
1180.018793 473.035274 27.320019 44.528284
1170.756651 469.715325 31.183008 45.937040
1160.854099 465.922377 35.092585 47.275552
1151.937350 463.245147 36.770854 47.111649
1146.581519 461.519642 32.638128 46.059093
1138.420013 460.300638 30.710180 43.749526
1130.017289 456.976250 28.095480 43.463991
1121.475165 455.045723 26.122839 42.306392
1112.232750 452.059518 25.261771 45.678563
1103.562774 450.297798 25.563428 46.816450
1096.739896 448.014688 26.090152 48.696561
1088.186850 446.102508 27.825425 49.931819
1078.752115 443.297333 30.729697 51.036935
1073.402667 440.917772 30.781213 50.180954
1066.759816 439.974270 29.056045 49.081289
1060.644201 439.518128 27.688438 48.216783
1055.637760 439.270945 26.756404 47.358910
1049.474600 439.722516 26.153189 46.612904
1043.840242 440.686600 24.958283 45.994872
1040.226679 440.145784 23.951987 46.288548
1035.834987 441.474605 26.633233 45.721586
1030.086826 442.979451 30.823972 47.105267
1025.816893 443.637906 34.574340 49.320687
1022.814186 445.898918 36.397269 49.807699
1023.574567 449.200282 34.278134 48.293129
1024.579358 450.408482 32.387444 47.421579
1025.523361 453.417524 29.915565 46.315957
1025.566643 455.872962 28.350541 44.980453
1025.055351 457.946995 27.109245 45.510350
1023.668055 458.883621 27.691311 47.387793
1023.478620 459.626208 27.930506 49.275230
1022.994917 458.748321 29.430617 51.631915
1021.790444 457.511941 30.484615 52.810732
1021.411861 456.468708 31.820376 52.490803
1022.212269 455.792064 31.524741 50.807086
1022.408929 454.937776 29.610823 49.699682
1021.291927 454.594848 28.292167 48.095027
1020.365234 453.098020 26.734194 46.814262
1018.663646 451.688993 25.355444 46.271627
1016.720013 450.494318 24.851079 45.161292
1015.072989 448.977912 25.988550 44.222402
1010.649471 447.322929 30.079164 46.282414
1006.360600 446.004140 34.089507 48.119316
1003.740449 444.540515 35.504990 49.145117
1003.026965 443.353184 33.344913 48.142752
1002.366752 442.929540 32.074372 47.360532
1002.147798 442.033345 30.147861 45.443286
1001.125181 441.158684 28.563901 44.118207
999.801933 439.911058 27.499980 44.990863
998.055415 438.639891 27.577388 47.181066
998.166782 437.283262 27.224401 49.553163
997.716365 435.738486 27.365953 52.142430
995.946110 434.032399 29.284597 53.243000
994.792262 433.348856 32.195080 52.798319
995.447844 432.028373 29.711104 51.976079
995.389995 431.598759 28.237666 49.764399
995.626925 430.841799 27.415187 48.645868
994.916177 429.426944 26.882081 47.210919
995.164577 427.674885 24.992692 47.419985
995.361583 426.049679 24.398865 45.863794
995.414099 424.601254 25.280820 45.741787
993.412270 422.640916 29.008413 47.815066
991.435521 421.683930 32.482276 49.139393
990.683434 420.643043 34.995068 49.911624
992.402704 419.490348 34.065940 50.059717
994.285560 419.196734 31.524920 48.521083
995.812417 418.657840 30.034507 46.514879
996.895390 417.861519 27.450699 45.077664
997.489360 417.029157 26.163414 44.577567
997.312361 415.856758 25.999849 47.251705
996.974534 414.875558 27.485330 49.466660
997.146178 413.941846 27.403763 51.222450
997.242413 412.393946 28.749853 53.810434
997.200616 412.148367 30.403955 53.827778
998.342624 410.858059 30.030278 53.896330
999.453000 410.562881 29.464303 52.493510
1000.450703 410.616838 28.466483 50.209018
1001.741847 410.178360 26.854448 49.181855
1002.011797 409.751205 25.984331 48.147065
1002.194342 408.762139 25.349002 47.611960
1003.151350 408.476049 25.297204 45.380038
1003.828364 407.824990 26.979713 46.294322
1003.120003 407.043569 29.728938 48.805961
1002.871241 406.346505 31.816024 50.931395
1002.902232 405.694263 34.422071 51.789628
1005.751997 405.507101 32.227993 50.012922
1007.818072 405.471346 29.942868 48.211929
1008.989737 405.042223 29.233171 46.560665
1010.318441 405.068708 28.081380 44.906067
1011.721123 403.980878 26.585800 46.565140
1013.020813 402.773971 26.665715 50.334242
1014.220736 402.502059 26.470706 51.861690
1014.721116 401.634846 27.108787 55.125790
1015.680350 401.593492 27.638469 56.519104
1016.144015 401.644540 28.643747 55.836380
1017.938406 401.441634 27.649006 53.953155
1019.226928 401.988704 27.053101 51.992876
1020.055848 402.071935 27.655314 50.323545
1021.521396 401.982068 25.746369 48.911061
1022.850686 401.108571 24.800307 48.156107
1024.201759 400.776849 24.612226 46.529500
1024.926861 399.867826 25.609002 47.338361
1023.659318 399.574632 29.413169 49.815749
1024.339249 399.337996 31.281663 51.366059
1025.765501 399.193141 32.401539 51.757434
1027.697118 399.118792 32.278348 51.270821
1030.120226 399.376831 30.741742 49.251307
1032.339731 399.312151 29.266305 47.728752
1034.173701 399.353775 27.958798 45.838414
1036.388554 399.241549 27.006181 45.067803
1038.722296 398.395963 26.131010 46.689663
1040.876602 398.073966 25.565662 49.593463
1041.653180 396.767771 27.047304 53.407052
1042.474783 396.493342 28.254608 55.674000
1043.695800 396.336238 28.532907 55.714598
1045.461399 396.804820 28.346508 54.443005
1047.538613 397.056217 28.361820 52.501016
1049.228267 397.380772 28.080823 50.944479
1051.266724 397.249050 25.724626 49.315901
1053.097906 396.734684 25.094507 48.492055
1054.922566 397.466308 25.082436 47.158158
1056.882010 399.157170 24.766598 47.211602
1057.080860 401.916631 26.811396 48.530632
1057.521303 404.131370 29.326473 50.854150
1058.661816 406.654361 31.458050 53.155096
1061.190324 409.770434 31.394404 53.007406
1064.238320 412.710702 30.047571 52.033361
1065.977368 416.074809 30.249808 49.847266
1068.425425 419.225062 28.683105 49.191083
1070.909090 422.010881 27.331750 47.411635
1073.288814 425.132012 27.059770 49.477340
1075.098271 427.385622 26.882087 51.745698
1077.204982 429.707780 27.017956 55.301180
1079.161625 432.819488 26.537476 56.849355
1081.345341 435.393091 26.750552 58.443111
1083.135106 435.598547 27.425566 58.936582
1085.434361 436.260516 26.765229 57.063814
1087.584333 436.370732 27.212573 55.700367
1089.646344 437.819964 26.869149 53.232238
1092.444967 438.061490 25.527976 51.920145
1094.430825 437.993127 25.468605 50.697153
1096.822392 437.729399 24.674597 48.260006
1097.816055 437.876302 27.024721 49.580986
1099.098248 437.484584 28.073746 53.135935
1100.171889 437.661803 30.017896 55.057557
1103.105891 438.332910 29.729519 54.941460
1105.625657 438.217226 29.589268 53.805812
1107.664892 439.498883 30.047969 51.490223
1110.289061 439.986898 28.753264 49.710451
1112.161740 439.876177 29.280495 47.921321
1115.193400 440.132064 27.708657 47.714397
1117.504697 439.530577 27.713450 51.338181
1119.593531 439.443563 28.720761 55.014644
1121.667052 439.164984 29.097203 59.181505
1124.018380 439.214014 28.964966 60.773658
1125.972953 439.740570 28.778002 60.459492
1128.413463 440.769855 28.960781 58.047872
1130.760958 441.988931 28.885230 55.160507
1133.153029 442.553394 27.879678 52.915933
1135.518189 443.204871 26.716183 51.386474
1137.929733 442.158925 26.920137 50.583852
1140.626434 443.104867 26.990782 48.099250
1142.097863 443.141550 27.227922 49.360465
1143.856688 442.571907 28.068769 52.600845
1144.904067 443.091890 30.558761 55.074231
1147.908732 443.674043 30.854152 55.320236
1150.688971 443.516067 30.446566 54.440802
1152.977519 444.965409 30.428940 52.107568
1155.507730 445.333789 29.628712 50.688870
1158.263914 445.894139 28.301834 49.015533
1161.064583 445.751813 27.517474 48.520615
1163.504361 445.484033 27.186042 50.650881
1164.997007 445.338325 28.331282 54.312660
1167.498673 445.686346 28.107065 57.347416
1169.236765 446.449679 29.407265 58.731214
1171.036919 446.817228 29.796299 59.304842
1173.460716 446.801729 29.621579 58.978535
1175.416058 447.734681 28.647246 56.651694
1175.455209 448.380834 28.319987 54.698969
1176.524934 448.781006 26.383427 53.200415
1176.382139 448.180293 26.177837 52.676076
1176.315581 448.479272 25.230954 50.782457
1174.544256 448.132880 26.307907 50.940953
1171.541618 447.906773 28.705330 54.052153
1167.990870 447.703016 30.812322 57.339974
1165.793443 447.947383 32.244155 58.326487
1165.030424 448.589458 31.248531 56.970833
1163.761961 449.431921 30.632515 54.466795
1162.370128 449.641826 29.974864 52.759036
1160.541788 449.980593 29.132280 51.284161
1158.191910 449.934190 30.009072 50.519692
1155.931915 449.746033 30.060238 52.403659
1153.928368 449.111545 30.511070 56.634262
1151.993473 449.231301 30.839331 60.284568
1148.892261 448.991942 31.545198 63.151852
1145.849560 449.590895 30.792428 62.849094
1143.577252 450.859284 30.882401 60.606045
1141.068053 452.433867 29.944417 57.057615
1138.680288 452.697250 29.038398 55.187490
1137.352080 453.423961 27.354719 53.722582
1135.241460 453.659579 27.182604 51.863776
1133.404816 453.674726 26.576216 51.349785
1131.550456 453.091911 26.732364 50.280100
1127.595020 452.748327 29.346428 53.879870
1124.312500 452.652602 32.200883 56.583071
1121.578249 453.308675 34.500747 58.191787
1120.087222 453.785886 33.541056 57.291264
1118.199686 454.873135 32.928627 54.999786
1117.320991 455.632779 30.843094 52.406224
1115.135003 455.994584 30.459790 50.509264
1112.967455 456.107516 30.046387 48.934480
1111.335132 456.447158 30.134150 50.305865
1109.031745 455.224092 30.754320 54.995297
1106.943315 454.928857 30.748831 58.780579
1105.012077 455.105635 30.595618 61.007031
1103.057294 455.510534 30.347488 61.173759
1101.499357 456.462234 29.742662 59.629167
1100.071461 457.386375 29.438287 57.310099
1098.394712 458.277748 28.173546 54.442286
1097.266086 458.955958 27.929387 52.807536
1096.734990 459.607580 27.169246 51.300558
1096.416029 459.469677 27.084895 49.468815
1095.927771 459.795383 27.154597 49.043162
1093.344924 459.323509 29.781528 52.991839
1091.660833 459.056202 31.577802 56.797457
1090.875424 459.527781 32.539549 58.217641
1091.788838 459.680983 32.033892 57.852165
1092.271088 461.193665 31.708516 54.827575
1093.295148 461.987891 30.539995 53.019786
1094.084194 462.448832 28.974208 51.151824
1094.161058 463.193825 29.271778 49.181171
1094.412350 463.166696 29.796550 50.101711
1094.304044 462.348336 29.975629 54.608798
1093.491503 461.424898 30.321451 59.872243
1092.205192 460.971324 30.426343 65.181137
1091.481077 460.659439 30.215774 67.004197
1090.664382 463.570970 30.043822 64.163089
1090.271975 464.823051 30.031344 60.846044
1089.691688 466.511662 29.954198 57.567494
1088.435185 467.862760 29.559565 54.631723
1087.445768 468.737189 28.691759 52.336103
1086.433436 469.151849 28.288449 50.981012
1084.700510 469.831981 28.046807 48.635500
1082.792562 469.778835 28.364415 51.171746
1080.792135 469.156131 29.954627 56.516380
1077.886915 469.972219 32.372161 59.007457
1075.889155 470.579577 34.143710 59.618036
1075.442954 471.714842 33.888159 57.730944
1073.980338 472.667068 33.064908 55.116668
1071.892328 473.244962 32.106685 53.551668
1070.466428 474.817079 31.925626 50.637703
1068.491336 475.563033 31.626866 48.766089
1067.163801 475.156676 31.522181 51.967856
1065.524880 475.183717 31.572343 57.358816
1063.344705 475.068825 31.361364 62.291796
1061.277299 476.146750 31.352392 64.309309
1059.463398 476.793369 31.352013 65.580272
1058.798131 477.098513 30.884065 64.993334
1057.182740 479.003282 30.912062 60.845609
1056.092181 480.936535 29.981925 57.992814
1055.321012 481.802446 29.557099 55.737597
1054.200396 482.438993 29.170498 54.074099
1053.046018 483.395346 28.092758 51.205308
1052.292665 483.955310 28.134207 51.021375
1050.398976 483.938702 29.560939 55.894452
1048.003977 484.120574 31.972627 59.629971
1047.133031 484.701850 33.182734 61.293369
1046.484986 486.791669 33.522113 58.934462
1046.556122 487.778640 32.714909 56.500645
1046.535154 488.955795 31.606318 54.656808
1045.747001 489.987890 31.466601 52.464409
1045.482104 490.895510 30.820591 50.331051
1045.553941 490.933324 30.559119 52.934724
1044.546001 491.072000 30.685432 57.754921
1042.950163 491.773317 31.048920 62.274693
1041.745548 492.292859 31.106792 65.036559
1040.474260 493.297430 31.193943 65.982875
1039.214199 494.191491 31.812255 63.789532
1038.927000 496.415010 30.715950 60.001866
1038.104299 497.608891 30.263027 57.690542
1037.083283 498.737434 29.825978 55.617543
1036.641704 499.309036 29.470788 53.517979
1036.379793 500.104789 28.713049 51.062934
1035.989572 500.154318 28.795079 53.287060
1034.558358 500.388513 30.811884 57.561504
1033.362886 500.573234 32.586497 61.893685
1032.647189 501.610884 33.984601 62.663520
1033.227026 502.757631 34.035501 61.297458
1033.896066 504.189409 33.001357 58.970835
1034.171793 505.817492 32.007407 55.730876
1034.266354 506.750451 31.770164 53.933419
1034.282948 507.351568 31.599044 51.955255
1034.292787 507.929697 31.409642 53.513996
1033.267113 507.879471 32.071471 58.754907
1031.394238 508.198213 32.234600 63.522767
1028.368937 508.492484 33.152393 66.981748
1026.169173 509.269542 32.827541 67.221975
1023.713159 510.112093 32.817860 65.542057
1021.768971 511.684815 31.896455 62.619100
1019.239615 513.096294 31.825749 59.268089
1018.255644 513.952874 31.023301 56.937926
1016.744491 514.277822 30.918090 55.057668
1016.046863 514.537481 29.669425 52.061899
1017.238437 514.868518 29.626191 54.052270
1017.474911 514.581684 30.922462 59.073221
1018.214092 514.582921 32.632177 63.604897
1019.298505 514.806639 33.933400 64.855513
1021.572218 516.656642 34.014945 62.128564
1023.431533 517.597975 33.784542 59.815685
1024.997939 518.665750 34.263191 57.514510
1027.103320 519.380069 33.629690 54.917932
1029.310336 519.534738 33.228446 52.524562
1030.862788 519.532928 33.159937 55.265942
1032.960562 518.965771 32.783008 60.716090
1034.244384 519.085218 33.262544 64.749130
1035.993752 518.927204 32.546051 67.396088
1037.171080 519.150711 32.877520 68.151045
1038.486040 520.010132 33.826809 66.156334
1040.299010 520.913435 33.405406 63.026006
1042.073890 521.810799 32.602749 59.781831
1044.196443 522.542087 31.099222 57.222791
1045.647037 522.052887 30.641130 55.161613
1047.340913 521.948077 29.406991 52.004283
1048.594497 521.068848 29.914654 54.929315
1048.888260 519.815906 31.755755 60.363231
1048.839142 519.007894 33.294890 64.082919
1050.362463 518.324697 34.492585 65.219073
1051.885662 517.976493 35.629729 63.844824
1053.658476 517.670772 34.624101 61.385148
1055.318615 517.953662 33.469202 57.935567
1056.259021 517.182880 33.801118 55.543350
1057.726800 516.104338 33.907854 53.130126
1059.429073 515.182161 33.983577 55.916990
1060.589692 512.868288 34.463617 62.532424
1061.325366 511.435499 34.565517 67.013799
1062.573483 510.450010 34.158127 69.666721
1063.720889 509.627167 33.424071 69.909087
1064.612654 508.736930 33.868981 68.899174
1065.650092 509.195044 33.848480 65.550922
1067.189143 508.908494 33.641428 62.603998
1068.418223 508.784901 32.519323 59.946255
1069.737303 507.296666 31.318077 57.844366
1070.586382 506.079875 30.371528 55.174650
1071.360742 505.361560 30.735152 55.228472
1071.238523 503.709191 32.432875 60.111745
1070.561828 502.368537 34.532280 64.750256
1071.246889 501.324577 35.873234 66.618960
1072.097767 500.324310 37.076366 64.543715
1073.265970 500.110032 36.366682 61.881736
1073.950130 499.083177 35.242561 59.850645
1073.540453 498.787835 35.468251 56.987328
1074.899665 497.464329 33.950375 54.298267
1075.492858 495.632641 34.653599 58.613629
1076.052797 494.296586 34.876246 63.484059
1076.203778 492.603994 34.182195 68.332398
1076.306812 491.502282 34.030416 70.905125
1076.347526 490.750647 33.818069 71.645053
1076.992058 490.144887 34.339668 70.838447
1077.763511 489.709975 33.686498 67.883806
1077.667055 489.415864 33.131717 65.108924
1077.547673 488.782113 32.748697 62.648881
1077.803248 487.816924 31.966273 60.567271
1078.019307 486.584903 31.400754 57.886271
1077.975672 485.246433 31.775269 57.917904
1076.053834 483.199189 35.102923 63.377568
1073.767993 482.277017 38.297960 66.580645
1074.363886 480.952924 38.562553 67.327361
1075.739189 480.234074 38.503763 66.839997
1076.527413 479.252168 38.239412 64.011714
1077.886918 478.294363 36.938324 61.753521
1078.093764 477.386189 34.765811 58.616487
1077.001091 475.580660 34.496592 57.848389
1077.672678 473.318067 34.395862 60.740429
1077.934982 470.995915 34.395494 67.572836
1078.048554 469.070856 34.355262 72.121249
1077.156533 467.309709 34.786711 75.398055
1076.261685 466.252900 35.223714 75.548698
1076.455460 465.327970 34.777986 73.641949
1076.057986 464.906097 34.944210 69.646078
1075.711643 464.681374 33.588461 66.719665
1075.753340 463.026205 31.892148 65.191536
1075.368911 461.344164 30.524565 63.549928
1074.489675 459.499890 31.167869 60.919554
1073.778867 457.770922 31.724885 61.268238
1070.751809 455.451650 36.441403 66.194323
1067.947818 453.348975 40.799274 69.987656
1066.917797 451.718953 41.696439 70.854039
1067.799787 450.090572 40.685927 68.883761
1068.265291 449.244677 39.699532 66.178198
1069.266936 447.713670 37.105607 64.301434
1069.268388 445.662758 34.792486 63.142113
1068.643043 444.212444 33.425915 61.262361
1066.786611 442.688300 34.544167 64.898374
1065.442612 442.089529 35.660144 69.041606
1064.094438 441.321162 36.652799 73.414932
1062.793865 441.232609 37.129311 74.985888
1061.244027 442.734993 38.123945 73.839485
1061.114365 443.190788 36.668274 72.531395
1060.193395 445.290327 35.899029 69.200548
1058.749604 447.419627 35.092898 65.722879
1058.067288 447.747522 33.372304 64.132421
1057.824766 447.813994 31.146663 62.914014
1056.838079 448.422556 31.301031 60.672049
1055.262539 448.388297 32.627942 60.010420
1050.300182 448.120357 39.273969 64.133853
1046.144230 448.917676 43.637251 67.741121
1044.861176 449.344444 45.352158 68.340843
1045.991813 450.736565 44.359525 68.494609
1046.966319 451.043963 41.775810 66.310274
1047.442048 452.900786 39.064975 63.248271
1047.118685 454.157116 37.018825 60.183435
1044.887623 455.061526 36.057918 58.241116
1043.134768 455.297602 35.330192 61.468589
1041.701168 455.404048 36.251122 66.471804
1040.509032 456.210419 36.695008 70.649610
1039.004211 456.232033 36.735475 73.790381
1036.919177 457.092554 38.131161 74.712497
1036.053029 458.985188 38.051322 72.504872
1035.565386 460.907020 36.478018 69.570877
1034.493875 464.015892 35.120744 66.163087
1034.247252 466.791046 32.888138 63.790840
1032.654358 468.654072 31.568342 63.009686
1031.149924 471.771990 31.653821 60.695373
1029.550378 474.505584 32.502850 59.048234
1025.071043 476.424217 37.714610 62.310441
1019.441144 479.014057 44.057689 66.561014
1016.915471 482.191080 46.440859 69.051423
1016.230997 485.764446 46.951231 70.008438
1017.528652 489.324577 45.159686 68.545621
1018.901178 493.955315 41.723756 65.214619
1018.562340 497.669763 38.598586 63.246932
1016.081243 501.124506 37.737311 60.531334
1014.994053 504.847898 35.813520 60.594129
1013.851439 507.634153 35.194818 65.422749
1012.199585 510.637745 36.327225 70.526810
1011.432285 513.897164 36.738705 73.454458
1008.666439 517.411089 39.028375 74.608202
1007.449276 521.714155 39.009682 74.845177
1007.133222 525.663361 37.507102 71.653867
1006.112643 530.301621 36.211959 68.698432
1004.538450 534.132179 35.304077 66.458391
1003.809689 537.795297 32.869119 65.084510
1003.001329 540.682538 31.979709 62.308126
1001.919515 543.141779 31.988426 61.222826
1000.076123 545.825312 34.923493 62.208413
994.930158 547.532229 41.903336 66.707603
991.416225 550.460743 45.410465 70.494783
990.993347 553.790249 46.214697 70.903599
992.428289 556.952421 45.059243 69.706041
993.740466 560.824731 41.453122 66.721646
993.674884 564.647557 39.389232 64.491020
991.311154 567.482034 38.395091 61.848945
990.460118 570.358880 36.196398 61.143416
990.273896 573.133085 35.257193 65.896585
989.616689 575.256133 36.336854 70.560712
989.476003 578.028541 37.214554 73.874030
988.345882 580.984377 38.907705 76.096709
988.285440 583.511218 39.367800 76.293631
989.753938 587.262200 38.093389 73.856316
991.468605 591.292686 36.716835 70.702415
992.009714 594.763479 35.818763 68.104029
992.380186 597.167640 33.677063 66.691243
993.187846 600.072857 31.557535 64.395077
993.492934 602.191871 31.951729 63.194421
992.896092 604.653263 34.304627 62.601992
989.379627 607.037785 40.704414 65.989040
986.872576 609.243188 44.798066 70.141212
986.158621 611.495197 47.124564 70.826492
987.642615 614.313915 45.618394 69.755542
989.951292 617.511253 43.019226 67.070680
991.282186 619.905680 40.624325 64.545577
990.204165 622.718019 39.220351 62.205193
989.479135 625.477446 37.550947 59.870137
988.567315 626.676498 36.378541 63.230530
988.798703 628.372667 36.372096 67.072609
988.845902 627.820003 37.226409 72.886187
987.911093 626.422877 38.309962 75.355850
986.876497 625.305728 39.401940 75.606885
987.024159 623.589336 39.494910 74.753554
987.055339 620.816299 38.169447 71.808706
986.514710 619.509299 36.582514 68.831519
985.637480 617.872590 34.090882 66.358273
984.217315 615.227052 32.295639 64.748160
982.310001 611.833550 32.115449 63.500534
980.703450 608.804327 33.722938 61.851715
976.506654 605.480197 38.167838 65.196719
971.450245 601.890983 43.492106 69.499550
968.252972 599.325466 46.360898 71.161792
966.962565 597.328540 46.333873 71.027195
967.657238 594.615540 44.374109 69.425272
966.834810 592.770185 41.893963 66.921606
965.282059 590.029078 39.603285 64.876964
963.043606 586.908265 37.307809 63.556767
960.926320 583.496327 35.498998 62.941858
958.924570 579.693743 35.410460 68.581758
957.115136 575.851071 36.493933 73.560647
954.648497 572.656953 38.103205 76.095225
951.991778 569.015651 39.304856 77.934898
949.879565 566.360306 40.192347 77.942701
949.146197 563.643947 39.463056 74.991299
948.241170 561.443865 37.476545 72.231699
948.053662 558.529523 34.960111 70.538621
947.920238 555.197554 33.850554 68.956416
948.362215 551.298764 32.558278 67.645223
950.433304 547.270868 33.178084 66.304983
951.423014 543.573111 36.862251 66.779529
951.251967 539.086213 41.218093 72.129321
951.403259 535.711801 44.939664 74.038950
953.992751 532.408606 46.222916 75.036391
958.360299 529.899521 44.324191 72.493537
963.759983 526.936156 42.267638 70.944211
969.290503 523.948985 40.090932 69.108216
973.105780 520.741552 38.743697 67.327584
979.900745 517.293680 35.237419 66.023041
987.005008 513.851765 34.455705 71.657118
993.374712 510.807952 36.204430 74.821318
999.711054 507.756083 37.752437 76.864897
1004.656682 505.043956 39.642052 77.947932
1009.974644 502.320570 40.410554 77.701666
1018.006824 500.282579 39.181143 75.305786
1025.810761 498.535172 35.710975 72.846497
1030.512899 496.020469 34.839923 71.587704
1036.731135 494.011524 32.457999 69.688867
1042.139001 491.249136 32.026768 68.412710
1046.981430 488.150707 33.232441 67.182598
1051.492252 484.887325 35.533546 67.057556
1053.877469 482.070878 41.411216 70.944959
1057.357836 480.067222 45.438275 72.606745
1061.574332 477.913535 47.674976 73.427986
1070.168285 475.514818 45.329127 71.893555
1078.661408 473.643046 41.228112 70.001710
1085.263735 471.552336 38.985221 68.094698
1090.366198 470.048396 37.943703 65.839655
1097.151974 468.037495 35.305917 67.170257
1100.484794 465.543231 36.161206 73.259242
1107.618666 464.922621 35.998743 76.289583
1112.238436 465.320084 37.515505 77.458084
1114.453109 465.382508 39.941160 78.490952
1119.900307 466.736822 39.887248 78.485605
1126.005201 469.635106 38.147155 76.137023
1129.998158 472.453814 36.707071 73.567186
1134.259446 475.793329 34.896777 72.170889
1136.653038 479.897173 33.819907 70.340859
1139.483844 482.822992 31.470793 68.634915
1141.573833 486.030992 32.533169 68.260308
1142.301683 489.462534 35.040166 68.201664
1139.401432 492.206676 41.130166 71.733729
1138.218663 497.086305 46.863228 73.168759
1139.487878 501.608710 47.403508 74.717735
1142.941490 505.971589 44.945438 73.655444
1145.847762 511.569267 41.912322 71.573405
1147.594564 516.819956 39.002429 69.925420
1147.148199 521.430516 37.099756 67.668384
1146.522357 526.160060 35.335978 69.030715
1145.201557 530.696919 36.628906 72.992264
1145.406764 533.741383 36.426455 77.433152
1143.621021 537.651522 38.572997 79.348446
1139.712982 541.184914 42.210539 80.243871
1137.176371 542.167012 43.350174 80.050613
1136.876784 543.358331 41.034387 77.681381
1136.189255 543.580898 38.364062 75.980609
1133.832883 543.688104 36.656517 73.850268
1131.305361 543.224671 33.640033 73.459707
1128.128681 541.312799 32.939602 73.008537
1125.281250 540.301046 34.555192 71.667463
1121.896715 539.322738 38.099935 70.645788
1114.833849 537.722388 45.260821 73.305968
1109.023572 536.762662 49.259944 75.532667
1107.109581 535.902917 49.835272 76.578695
1108.172309 535.471029 46.560558 75.682941
1107.799865 536.175820 43.822732 73.195183
1106.174641 535.387136 41.547706 71.454110
1104.048836 534.964895 38.289983 69.254743
1099.923649 534.048403 37.251635 70.686566
1096.600702 532.418843 36.855376 75.544646
1095.010731 531.386056 37.858858 78.202668
1091.164562 530.078737 40.294495 81.608228
1085.360531 529.305076 44.092404 81.945033
1081.249902 529.348794 46.002998 81.105099
1080.224423 529.389304 44.428084 78.861466
1079.009504 529.625182 41.781399 76.866343
1077.700526 529.290252 37.959302 75.037230
1074.792632 528.933615 35.091766 73.869572
1072.489122 527.684178 33.308132 73.377701
1070.483644 526.466802 34.819208 72.258648
1068.713633 525.047368 37.276014 71.545464
1063.270532 523.671176 43.981584 72.622464
1059.169425 522.816794 50.140099 74.288906
1058.451296 522.386765 50.224660 76.066194
1060.832279 522.227256 48.316085 75.461091
1062.965429 522.760763 45.834729 73.205778
1064.674460 522.879589 42.172005 71.234672
1065.160038 522.601464 39.356107 69.558225
1064.664508 522.365204 38.059182 69.664922
1064.080215 521.699513 37.009497 72.551312
1064.641567 520.842366 38.080278 77.117525
1064.932029 520.053619 39.579395 80.020157
1062.775643 520.208389 43.538657 81.181411
1061.169889 520.002681 46.031027 82.237164
1063.958853 520.689976 44.569375 80.301857
1066.194723 521.787329 43.781160 77.739313
1068.670040 522.359229 40.550696 75.231455
1071.150145 522.779561 37.489409 73.454184
1072.709582 523.080515 35.134961 72.285546
1073.467433 521.995897 34.393157 72.377523
1075.054142 521.631788 36.070272 70.592527
1074.905247 520.506754 40.395764 71.465951
1072.591652 520.551651 46.764580 73.654510
1072.357134 520.466828 49.956322 76.257731
1075.101382 521.204980 50.057072 76.358643
1079.159433 521.899219 47.049463 74.356513
1083.481548 522.982745 43.480134 71.743301
1086.103731 523.934300 40.431872 69.655722
1087.734666 523.764826 37.627425 69.349644
1088.287195 523.483147 36.434520 72.849255
1089.526258 523.756676 37.745558 76.701860
1090.182023 523.341394 39.158487 80.082091
1089.686021 523.271585 42.133863 82.283986
1088.481761 524.001154 45.618500 82.112851
1090.234331 524.846235 44.891976 81.990261
1093.413347 526.323011 42.372206 79.422288
1096.042383 527.492129 40.178332 77.677520
1098.063905 528.396181 37.637560 75.453510
1099.318529 529.292350 35.628868 73.780019
1100.108439 529.612662 34.699077 72.309552
1101.320254 528.951292 35.581994 71.694761
1101.405214 528.336062 39.387404 71.530950
1097.761054 528.663659 47.195497 73.454656
1095.827520 528.485988 51.542816 76.582206
1096.883115 529.236073 52.350322 77.382109
1101.066931 529.358891 48.232650 76.266345
1103.308686 530.493698 44.958616 74.179420
1104.917394 530.898411 41.641253 72.143861
1105.261423 531.189114 39.023847 70.678899
1102.622803 531.413288 39.100289 71.823189
1102.154109 530.718942 38.314417 76.459045
1102.244533 530.019827 39.093564 80.718777
1100.625224 529.883170 41.370751 83.404847
1097.887678 530.216204 44.289988 84.186259
1097.049508 531.240498 45.326281 83.931703
1098.370624 531.947870 43.173329 82.234274
1098.835287 533.176160 41.569983 79.301435
1097.962658 534.015376 40.392443 77.068817
1097.927306 534.643047 37.075586 75.191842
1097.975813 534.679993 34.849558 73.532345
1097.463325 533.568931 36.089301 73.228159
1096.193316 533.256482 39.093611 72.366725
1091.736631 532.653538 45.285444 75.022540
1087.175100 531.994195 50.267735 77.927847
1086.563997 532.870550 51.501998 78.945505
1088.833005 533.017057 49.112962 78.787874
1090.665790 533.886247 46.725741 76.243209
1091.649963 534.274959 43.272257 74.557036
1091.335378 534.856104 41.184811 72.231399
1089.545815 534.819749 40.192854 72.163533
1088.246959 534.353123 40.058001 76.538036
1088.244954 533.895476 41.332250 80.811397
1088.863553 533.205008 41.661232 83.624761
1085.809393 533.861910 45.205218 84.849083
1083.985716 534.316014 46.991493 84.854313
1084.832886 534.761574 45.278571 83.982401
1086.514889 535.931195 42.512785 81.289634
1086.842455 537.008507 40.197011 78.325647
1086.398594 537.740985 38.556302 76.020945
1087.226196 537.843333 34.766222 74.314451
1087.024171 537.258784 35.159423 73.534748
1086.447459 536.926558 37.227482 71.871644
1082.208710 536.306286 44.381021 75.019072
1078.999072 535.887921 49.091126 78.733980
1078.515739 535.774789 51.327850 80.748614
1080.898681 536.054909 49.816406 81.596735
1083.771568 537.144847 47.196873 78.811639
1085.957241 538.619947 43.794815 76.678588
1086.591114 538.598157 41.061352 74.216147
1085.281230 538.743207 40.454232 72.083572
1084.726406 538.592879 40.575124 75.633619
1085.222290 538.386556 41.124050 80.818198
1086.949749 537.732207 40.990393 84.477761
1086.715161 537.598169 41.896820 86.960423
1085.428522 538.864449 44.375218 87.039489
1086.563718 540.103398 43.648117 86.268729
1088.626472 541.685299 41.383353 82.817130
1087.793113 542.663800 41.052932 80.185537
1088.541653 543.780794 38.511285 77.618075
1089.415000 543.789418 35.957971 76.114396
1090.018634 544.451294 36.113231 73.881943
1090.274210 543.842366 36.995619 72.842066
1087.291792 543.273291 42.964689 76.902966
1083.162137 543.217643 49.105216 80.733776
1081.990276 543.929032 51.187639 82.578065
1083.785819 544.678614 50.430779 83.100822
1086.458176 546.061318 48.149266 80.492754
1088.315222 547.708310 44.775709 77.294987
1089.151883 548.489562 42.015790 74.905878
1087.745801 549.120830 41.063282 72.767864
1086.804422 549.734793 41.048239 76.599231
1088.062496 549.899876 40.689895 82.013277
1088.712337 548.963315 40.945087 86.880317
1088.074306 549.784121 42.149065 89.283804
1087.569940 550.775266 43.273845 89.919137
1088.079945 552.498314 42.695160 88.122253
1088.622321 553.786726 41.667899 85.207211
1088.570936 555.472637 40.076438 82.270761
1088.664697 556.896697 38.644442 79.342778
1089.797905 557.331030 36.280317 77.625882
1090.242253 557.146001 36.315629 75.801290
1090.152285 557.579880 38.267412 74.233200
1087.243038 557.695177 44.366081 78.872921
1083.839974 557.624016 48.438668 83.110309
1082.556301 558.315845 51.297951 84.877300
1084.531088 559.482294 50.257128 84.966852
1087.506950 560.509557 47.696993 82.741878
1088.916976 562.176120 44.885118 79.699572
1089.188779 563.001198 42.463049 77.341392
1088.544988 563.337574 40.989630 75.119590
1087.897611 563.369144 40.673438 80.064796
1089.289436 563.377824 41.110461 84.969285
1089.450569 563.261958 41.956924 89.297930
1089.166484 563.229202 43.193665 91.974505
1087.711098 564.172989 45.253441 92.078026
1088.167664 565.372022 45.298906 91.301101
1089.547078 566.890603 43.301098 88.552720
1089.316847 568.325421 41.883929 85.254964
1088.346813 569.659618 40.862418 83.083799
1089.257792 570.358531 37.929949 81.284579
1089.084642 570.414057 37.999274 79.407981
1089.290861 570.232576 38.849876 77.814714
1086.722160 570.830444 43.364024 79.637974
1082.246208 570.020771 50.092131 84.311636
1079.905458 570.005747 52.917226 87.063428
1080.139480 571.468359 53.358090 86.622221
1082.590697 573.198882 50.767497 84.419078
1084.209905 575.224063 48.151441 81.998872
1083.395624 576.008183 47.045062 79.228772
1081.416005 576.991607 45.723872 76.608565
1081.061394 577.671579 43.899694 76.812889
1081.055867 576.747131 43.603017 83.001961
1081.844909 576.725261 43.914332 87.192355
1081.454254 576.887285 44.897708 90.658442
1079.986631 578.045967 45.984892 92.117900
1078.796479 579.316343 46.656169 91.652913
1079.302245 581.399936 43.777189 88.521126
1077.030700 583.359133 43.923043 85.242058
1074.944216 584.749778 42.434207 82.472346
1074.722087 586.247154 38.545761 80.037251
1073.647637 586.962473 36.329439 77.907218
1071.759144 587.199321 37.197975 77.046874
1068.299054 588.330547 40.524860 77.135569
1061.341096 588.773055 47.333771 82.222075
1055.679852 590.580636 51.816605 86.325733
1053.120564 592.704617 52.011023 87.356022
1053.549458 595.089588 49.529001 86.109921
1052.975470 598.445326 47.471704 83.132684
1051.427863 600.902274 45.057977 80.446956
1046.361572 602.617637 44.831780 77.739704
1042.752164 604.604556 43.948755 76.880481
1040.221364 605.848756 43.775598 82.211772
1038.646131 607.530105 44.399580 86.910798
1035.215163 608.263139 45.519798 91.354176
1033.124198 610.191617 45.444644 92.419351
1030.730084 612.810243 45.430249 91.299087
1028.322531 616.428906 44.041346 87.990881
1026.060953 619.042745 42.839872 85.271850
1023.033996 621.520987 41.069752 82.807103
1020.563872 623.780439 38.877177 79.938796
1017.925352 625.528204 37.674125 78.099773
1015.848933 627.136842 38.709127 76.005629
1011.915150 628.276874 41.656705 75.520016
1004.209053 630.180061 48.767665 80.665450
999.216773 630.967141 51.904078 84.961155
995.655859 633.127025 54.340170 85.483171
995.976815 635.721989 51.061362 83.469189
995.186635 638.856764 49.046712 80.655631
992.609689 641.293140 47.345457 78.236359
986.845638 644.442578 47.998486 74.185546
983.309466 646.287752 45.551109 73.067209
980.511324 647.400252 44.532759 79.551769
977.006400 649.146143 46.071815 84.734459
974.592609 650.111483 45.664269 89.481902
971.478120 651.623781 46.668693 91.889514
968.291279 654.111758 47.468649 91.952938
966.198800 656.738682 46.477651 90.519166
962.883548 659.750900 45.881689 86.985280
960.489670 662.152140 43.241019 84.727063
958.646031 664.381832 39.936489 81.413657
955.451802 666.228408 37.897879 78.617305
952.391087 667.954918 39.087080 75.754557
949.068800 668.668240 42.356103 76.056832
942.437840 669.131766 48.919766 82.633095
935.477718 669.775743 52.961315 87.620961
930.937717 671.994659 56.788136 88.576560
930.712897 673.892302 54.488648 87.172770
928.829937 676.626478 52.719581 84.006937
926.927961 678.664274 49.101716 80.571702
920.380165 680.306253 49.308135 78.265051
916.983346 681.705016 45.845529 76.979465
912.896749 682.739078 45.027404 82.441318
908.806616 682.788313 48.141827 88.426008
906.754771 683.934664 48.004442 92.431054
903.216376 685.418381 49.598726 94.482683
899.652542 687.298633 50.669043 94.416895
897.460118 689.352907 48.988412 92.259232
894.243107 692.041572 47.743746 88.504314
890.891675 693.971511 45.238942 85.736512
888.524204 695.566461 41.133925 83.890546
884.846081 696.083926 40.818128 81.179797
882.394690 696.937527 42.375029 79.234908
878.121187 697.112209 46.487643 79.810653
871.792849 696.941370 52.115222 85.162317
866.966224 697.785566 56.303663 88.016148
866.077006 699.530412 57.472310 88.494503
868.490030 701.014457 54.882355 86.199497
868.821523 702.991321 53.244508 83.394192
865.383165 703.832045 53.627482 80.470977
863.092337 704.974243 51.968382 78.380647
862.325864 705.220361 49.503498 81.236656
864.159847 704.792569 49.696294 86.682404
863.791440 704.701805 52.374574 90.965638
865.147751 704.644535 53.576588 93.553267
865.753250 705.826048 55.006739 94.064880
866.902385 706.608646 55.065774 94.274820
868.871031 708.083125 53.815540 91.055187
870.730838 709.100170 52.014484 88.740720
872.004191 710.495714 47.936496 85.936348
873.883954 709.797410 43.295877 84.582273
875.102259 708.910139 41.636159 83.415545
875.857062 708.044465 45.058683 82.786345
876.048035 707.872899 48.309091 81.952454
871.928589 706.884228 55.591619 84.911791
868.890313 706.583686 60.079751 87.770899
870.295487 707.251291 62.015690 88.321094
875.290993 707.369955 57.301815 86.463770
877.947482 708.255760 55.184404 84.421416
877.528191 707.714285 53.578293 83.279129
874.815095 707.442688 53.270184 81.658862
877.048478 706.713496 48.819506 85.085721
878.333805 705.797363 49.155833 88.955729
880.004666 704.950245 51.960525 91.843252
881.275044 704.125843 52.520258 93.940206
880.280370 703.392177 56.269415 93.379238
880.485084 703.583619 57.461359 92.869888
882.466962 703.844927 55.594325 90.502750
881.371550 704.006161 55.963862 88.586437
883.071766 703.829818 53.294507 87.129824
887.400317 702.848345 45.449553 85.995907
889.309626 702.103846 42.022119 84.471469
889.476860 699.541110 45.495638 85.496780
889.427675 698.441488 48.927520 83.549269
887.588729 696.533279 55.115920 83.720210
883.281423 695.504240 63.238628 83.733861
883.909443 695.018334 63.859555 83.560585
888.300011 694.206990 59.538233 82.968284
892.252384 693.426983 54.966847 81.495726
894.483460 692.209820 51.752431 81.247702
895.479780 691.163436 47.861761 80.330064
893.848308 690.268727 46.738398 83.113246
891.221990 689.187065 49.496868 86.144318
890.915836 687.941819 52.916220 88.467836
891.557845 686.983885 54.600031 89.422045
889.042682 686.364000 58.543267 88.735604
887.969585 685.989103 60.106389 88.533142
890.010531 685.812407 58.333874 87.288263
890.578033 685.507898 56.762435 84.954748
890.518244 685.066163 53.752665 83.842749
894.328567 683.501500 46.302080 82.894435
894.640459 682.950952 42.612335 81.580686
893.286025 680.273309 43.465250 81.930597
892.419959 677.625855 48.660249 82.112417
891.197434 675.650139 53.124571 82.048826
884.745878 673.731019 61.399962 82.332406
883.577002 672.775914 63.177338 82.211153
886.043301 672.336124 62.170000 81.925196
888.912208 671.416239 57.530001 80.211116
891.885879 670.276270 53.052704 79.836477
892.830616 668.787869 49.732227 79.781042
890.951401 667.372378 48.473825 81.041239
888.057734 666.201678 47.689778 84.527791
888.726220 664.017524 50.389574 87.063420
889.506893 662.092669 52.041247 89.138417
887.435798 660.510547 56.373959 89.358968
885.355702 659.047149 60.674790 89.231778
886.985540 658.607276 59.368239 88.132908
889.685380 657.472223 57.153608 86.609732
892.010001 656.617292 53.785275 85.143159
893.205298 655.208835 48.737052 84.328179
893.434019 653.894589 44.759955 83.081201
893.167664 651.043745 42.749468 83.181475
892.784122 647.723886 46.473060 84.297057
892.956333 644.641280 49.954072 84.170544
888.050457 642.718253 57.939301 83.707924
884.317001 639.902535 64.297696 84.450938
885.905250 639.016198 62.825575 83.909063
890.372678 637.483878 57.063928 82.342330
892.797314 636.362658 54.056710 81.146128
895.421838 634.196416 49.012851 81.138156
895.884851 632.281448 45.946440 81.561414
894.896519 629.762024 43.993408 85.585964
894.818679 626.695698 46.247298 88.369433
894.656158 624.288376 50.473633 90.055094
892.855041 621.416515 53.994514 91.636527
888.321269 619.547995 60.083065 90.672100
889.565453 618.459780 61.094785 89.630903
892.746581 617.520724 57.396597 87.875485
895.080866 616.094901 54.917624 86.257076
897.022478 613.785476 50.805882 85.674230
897.754017 611.853544 46.394167 85.284334
897.014606 608.370115 43.662612 86.196270
896.397827 604.902240 45.187741 86.549587
896.636331 601.503475 49.309121 86.522338
893.971951 598.264414 55.428818 87.460393
889.538337 595.163334 62.783380 87.780499
888.972627 592.876388 64.456907 87.268330
892.655238 591.783531 59.851314 85.240057
896.365017 590.465516 56.029594 83.266261
899.562527 588.435984 50.874143 82.871760
900.901804 586.291219 46.640047 83.063653
899.429842 583.172635 44.770839 85.977870
898.740770 580.077041 45.335263 88.220541
899.518010 576.955380 49.062838 89.722942
898.423437 574.036255 52.863005 90.559878
893.955652 571.624325 58.118392 89.441756
892.750325 569.814736 61.709297 87.908166
896.894509 568.209046 58.506090 87.117331
899.361854 566.568973 55.491892 85.547015
901.642982 564.345517 51.125704 84.642730
903.427680 562.760296 46.504839 83.910392
902.759808 559.283365 42.779046 84.749520
902.176427 555.146697 43.079100 85.238241
902.290713 551.483878 46.695112 86.422500
901.631284 548.275649 51.361993 86.900084
896.691997 545.384468 59.295044 87.109610
895.427076 542.822781 62.216101 86.633650
898.655355 542.011676 59.140630 85.693300
901.986054 540.678880 54.959403 84.505987
905.062367 539.589149 50.433628 84.208487
906.418460 538.415293 46.761214 84.088276
905.027378 538.024135 44.640689 85.681205
903.399993 537.345194 44.082823 87.303264
902.974208 536.626983 47.708413 89.143079
901.607326 535.633527 51.156698 89.642994
898.505361 535.828569 56.360297 89.955360
895.436137 536.176226 59.790399 89.693352
895.400994 537.432941 59.843093 88.571017
897.121646 538.543966 57.269080 87.639211
899.157174 539.251673 52.677609 86.481728
899.549433 540.265303 49.584838 85.767406
899.077572 541.427076 45.665665 85.453997
897.271141 542.651395 43.818783 84.891549
896.069280 542.165324 46.129733 85.792763
896.093973 542.383848 48.413746 86.737026
891.658453 542.818714 55.351593 87.594315
885.400420 543.788035 62.143286 87.578307
885.309174 545.923793 62.146900 85.733992
888.398927 548.114432 58.143284 85.719802
890.021447 550.349769 54.839006 84.736321
891.414870 552.480489 49.593600 83.487900
890.735421 554.547421 46.156679 84.202659
886.039293 555.224567 46.052822 87.537959
884.313626 557.506383 48.202857 88.266217
883.782541 558.825878 51.521765 90.058327
880.796374 559.818329 55.893344 90.986411
877.830068 562.188154 59.929855 90.544023
876.022726 565.014840 61.123730 89.854352
877.971268 567.200236 57.969965 88.984589
878.734775 569.635604 54.914714 87.893629
878.230944 572.239784 52.748077 86.470253
880.004286 573.922048 46.544864 85.903190
878.791520 575.414728 43.443031 85.332118
877.525255 575.777700 44.158605 86.512287
876.651166 576.503406 47.665121 86.896260
874.606403 576.949222 52.267103 87.881521
868.741606 577.884675 60.402948 88.318871
867.244456 579.248805 61.632291 87.541562
870.105450 581.505967 58.205067 86.846688
872.953070 584.178088 54.159283 85.726955
874.325730 585.198890 48.940992 84.945906
874.102917 586.392823 45.516744 85.527973
871.904216 586.793537 44.569951 88.646280
869.908594 586.288366 47.377926 90.796348
868.711628 585.825141 51.673011 91.925351
869.391393 583.457333 53.278436 93.223309
865.495971 581.501917 58.623173 93.033790
864.778052 579.519908 60.666343 91.446820
868.433282 578.136804 57.781502 90.354738
871.761142 576.091421 54.759693 89.329129
874.789560 573.816278 50.618231 88.587542
876.411425 571.495189 46.805718 88.007336
876.252694 568.187898 43.719791 88.529234
876.138610 564.096714 45.461868 89.163409
877.662095 560.235904 48.861135 89.481211
878.420030 555.683673 52.820207 90.281483
875.521651 552.161629 59.152326 89.782218
876.498310 549.614581 61.933355 89.297217
880.991606 547.136454 57.807764 88.851166
886.151964 545.282637 53.520934 87.294807
890.333390 542.436859 49.611709 87.093159
892.333754 540.101368 45.434397 87.081703
893.472295 537.242259 42.856753 89.686890
894.011173 534.163173 45.137209 91.644118
895.547060 530.906310 48.677128 92.501102
896.099900 527.639329 52.488366 93.824102
893.004996 524.386550 58.253742 94.016291
893.393061 522.998236 61.700070 92.079559
897.712571 521.580541 57.963384 91.366246
901.711802 519.501099 54.932243 90.430935
905.319254 517.460954 51.356844 89.729783
907.540012 515.482437 47.123272 88.858959
909.242368 512.520355 43.448512 89.036661
909.961052 509.229571 42.635804 89.776481
910.961044 505.662583 46.300948 90.382954
911.923297 501.906298 50.759017 91.278523
909.124583 498.362305 58.100487 91.029730
908.987542 495.464832 61.091525 90.840093
912.942677 494.316720 59.150433 89.565838
918.582671 492.417994 54.358453 88.867697
922.059517 490.957321 49.786807 87.810829
924.975700 487.609649 44.540576 88.754004
926.039107 485.567688 42.420351 91.343313
925.518023 483.660528 43.443676 92.461736
926.682096 481.096951 47.494077 92.897747
926.808626 477.975354 51.766714 93.202569
922.546184 475.417982 58.611303 92.651545
922.116681 473.996988 62.579456 91.685421
926.466689 473.056297 59.058011 90.772966
929.816208 472.025098 54.617888 89.422938
932.929678 470.451245 49.697184 88.735752
934.482548 469.168317 47.323630 88.182801
933.821855 466.389458 45.437476 88.753684
934.141101 463.342851 43.546465 89.473535
935.029096 460.568355 45.985310 90.536845
936.293447 457.845777 49.358179 90.903191
932.362085 454.583918 57.108726 91.069821
930.089797 450.577592 61.579223 92.315838
932.629075 449.475876 59.803057 91.790961
937.724405 448.949452 55.289004 91.434602
941.712804 448.218632 49.998226 89.954243
943.241716 447.177337 45.672569 89.636372
943.329057 445.608050 43.090177 92.529032
942.542673 444.840215 42.100470 94.302791
942.751873 444.193114 46.546743 93.816012
942.213884 444.385026 50.114269 93.062838
938.170108 444.515126 57.091209 92.137578
934.094146 444.289717 62.770480 91.565246
935.829275 446.362804 61.030898 90.954519
939.465574 446.262305 56.470433 91.562341
942.210703 449.593282 52.366274 89.521853
944.428143 450.891003 47.402942 89.174362
943.742258 452.119590 45.081857 89.430634
941.989682 453.284402 43.479618 88.801485
941.681793 453.503149 45.535556 91.096637
942.450914 453.788803 46.863974 91.301798
938.216348 453.918995 52.888242 92.522616
933.773587 453.846007 59.764517 93.104803
934.435568 454.997823 59.397612 93.403791
936.550815 457.380146 56.091347 92.138354
938.560279 458.632367 51.617941 90.200693
939.541981 461.561463 45.927977 88.330974
938.311874 462.755204 43.495423 90.468719
936.609106 464.380990 41.956531 92.385165
935.173099 465.624045 45.821099 92.991233
933.621039 466.285806 49.433109 92.651260
928.399505 467.336540 55.934200 92.264737
922.876724 469.359968 62.546461 91.324979
921.691283 471.290730 63.430517 90.992651
924.146347 475.770546 58.270159 88.834069
926.326510 475.476206 53.637035 90.268058
927.074554 479.542588 49.501529 87.526160
925.722422 479.229640 45.453034 89.211915
922.381546 480.265776 44.516812 89.701410
921.351856 480.566038 45.774116 91.549531
921.328579 479.765148 47.869442 92.950803
917.000101 480.881686 53.034633 93.172816
912.427069 482.321216 59.346430 92.081541
912.299879 483.712761 59.205348 91.929740
915.085594 486.616584 55.525624 90.522065
916.835890 487.555549 51.529481 89.702407
918.175709 488.503951 46.044698 90.115113
916.542108 491.203330 43.493370 90.686224
914.801724 493.284416 42.482214 93.005453
913.329097 494.103915 46.307632 93.562261
912.771124 495.145943 50.292769 94.364279
909.241623 497.139156 54.984699 92.945152
904.680454 498.140023 60.886943 93.037789
904.608457 500.589383 61.030939 92.770048
908.086073 502.392456 56.405358 92.756772
910.495907 505.019164 52.118519 91.073487
911.783681 506.876153 48.103221 90.658451
911.621033 507.945838 45.196544 91.339666
910.841037 508.607990 42.910317 91.713875
910.629962 509.097497 44.388937 93.387090
910.990138 509.543742 47.027817 94.229620
908.177390 509.288523 51.827376 95.436386
904.808636 510.186601 58.405508 95.356740
905.594661 511.660478 59.078987 95.040798
908.681771 514.197079 56.043721 93.884917
911.692598 515.925599 51.570378 91.527915
913.531235 516.821100 46.650368 91.405987
913.443745 518.634329 43.465778 93.142995
913.330031 521.671820 41.567862 93.997617
913.226600 523.103928 45.192128 94.575055
912.516666 523.312631 49.661931 94.994265
909.439632 525.044214 55.296709 93.127030
905.203846 527.359972 61.606429 92.404573
905.946332 529.589370 61.381665 91.484020
910.359235 531.873584 56.442856 90.530833
913.585389 533.661126 51.439465 90.357310
915.590613 534.056547 47.581148 90.835900
915.208725 534.785330 45.499089 92.178867
915.065632 535.676862 43.807355 92.311804
914.978800 535.647879 44.338697 93.217485
916.185952 535.797203 47.622637 94.784884
914.933895 536.182630 51.610719 94.859430
910.829487 536.007712 58.154496 94.750055
911.423135 536.804300 59.691459 95.100931
915.180786 538.550486 56.933636 94.699801
918.949911 540.199916 52.846841 93.686822
920.738352 541.574037 48.259822 90.733300
921.383828 542.521635 44.588677 92.245605
920.841143 543.577203 42.351999 94.330869
921.278229 544.009370 43.332902 95.277141
922.114646 544.003248 46.149876 95.443217
918.919400 544.835779 52.470398 93.784882
914.983951 545.353812 59.468609 93.716017
914.837558 545.388197 61.677110 92.988098
917.821982 545.739329 58.164107 93.896718
920.685594 547.722680 53.427851 91.824840
923.319230 548.198368 49.715437 91.708554
925.412699 549.314581 45.344324 91.261238
924.696364 549.726762 43.168223 91.065352
924.457952 548.346930 43.343863 93.511262
924.711566 547.072576 45.546199 94.146308
926.034009 545.324890 47.228031 96.081275
921.487728 544.959608 54.162658 95.927977
919.055290 544.638877 59.555953 95.170518
921.911346 544.848009 56.771626 94.925046
925.702328 545.348572 53.505000 94.629135
928.106491 544.916652 49.594323 92.482475
928.675595 545.747922 45.486222 92.363447
928.832412 547.171206 42.956199 93.395071
927.867292 546.127392 42.276459 96.260444
927.645942 544.285775 45.827665 97.678435
927.166531 543.744898 49.770678 96.877800
923.241194 545.072749 56.466398 95.175981
920.651699 545.298059 60.956741 94.254605
922.713386 546.279296 59.209599 93.417723
926.126287 546.488154 54.515892 93.758781
927.912339 546.595656 50.215178 93.201513
928.715532 548.391443 47.741911 92.496142
928.176428 548.827800 44.340364 92.634216
927.414878 548.817022 43.103205 92.444679
926.770034 547.705000 45.952392 93.932439
927.602449 545.685483 47.726402 96.065911
925.364782 543.554460 52.285602 97.732392
921.690341 543.442819 58.219503 97.286077
922.471758 542.760419 58.677628 97.228859
925.193731 543.962623 54.793676 95.026686
926.981639 544.361092 50.889536 93.181228
928.205483 545.079176 47.078642 94.007997
927.818567 544.987613 43.816721 96.138356
926.920286 545.935089 42.328672 97.511614
926.878686 544.647627 45.834388 98.767713
925.429796 544.741037 49.845765 96.899996
921.078784 545.345642 56.877786 95.655966
917.532066 545.265504 62.410625 95.071834
918.053217 545.687369 62.558579 94.532969
921.311072 547.769748 57.841857 93.296329
924.272151 548.097185 53.126898 93.545324
925.309419 548.980402 49.664894 93.215827
924.558749 547.628733 46.752059 96.035782
921.430705 548.247493 46.483068 95.237946
920.299559 547.669315 47.554297 96.414057
920.402165 546.447258 50.287935 97.595239
920.745850 546.058159 53.790543 97.861082
917.122001 545.792207 58.390138 98.147506
916.495867 545.816219 59.510485 97.434501
919.603906 547.236318 56.700687 96.741966
921.475181 547.826201 52.386500 94.210509
922.869279 547.638532 48.124799 94.158255
923.070189 547.698929 44.882405 96.268116
921.956789 548.468646 42.455915 97.243952
921.450570 547.750262 44.909784 99.202813
921.667927 548.223552 48.377550 97.762859
918.099361 548.686388 53.762894 96.752078
914.253526 548.681792 60.024613 96.707321
913.812000 549.596501 61.250394 96.210848
916.344812 550.812068 57.204897 95.370971
919.631434 551.567128 52.344937 94.749430
921.111906 552.885898 49.208776 94.521658
919.693331 553.573324 46.770475 95.142228
918.760962 554.522729 44.571738 94.427352
919.029842 553.439640 45.017426 96.371539
919.726274 551.862100 47.159757 97.907266
919.067385 550.897147 51.506314 98.839689
914.922914 550.354522 57.952213 99.382150
913.877652 550.342778 60.575125 98.933384
917.894194 550.893259 57.024297 98.515300
920.650117 550.591702 53.187517 97.305721
922.002063 550.844506 49.665091 96.702544
923.107999 552.331931 45.879936 96.958942
922.774393 553.549151 43.393746 97.914538
922.555664 553.032304 44.039522 99.812379
922.580416 552.899764 46.968784 98.411210
919.954844 554.050212 53.313611 96.731825
916.085450 553.644112 59.661426 96.721582
915.246640 553.516982 61.885258 96.872501
917.405845 554.480835 58.939939 96.572010
921.517705 555.421206 54.189434 96.068214
923.689337 555.242767 50.611064 96.896768
923.825279 555.749012 47.670802 97.696760
921.798484 555.653218 46.378437 97.978754
921.342594 556.287550 45.223826 97.824093
922.049304 554.732471 47.667411 100.593448
923.889298 554.627200 49.277402 100.719949
920.450863 554.156315 54.347027 101.214368
918.608225 554.055576 57.770255 100.087755
921.425759 554.231386 56.003125 99.498388
924.742641 554.252404 51.300795 97.553312
926.220143 554.631027 48.146652 96.614384
927.137507 555.083066 45.164813 97.791900
926.614404 555.128067 42.946619 99.889021
925.674261 555.656025 44.709584 99.853631
926.011362 554.600372 47.645262 100.010758
925.127797 555.252809 51.577440 97.638092
921.076742 555.265015 57.405175 96.980396
920.512792 554.900412 60.626084 97.320190
922.102746 555.773923 59.018092 96.811958
925.680315 557.122600 54.862484 95.744867
927.963094 557.371228 51.909510 95.881021
928.378064 557.511877 48.563607 96.407361
927.233743 557.687079 46.113059 96.824109
926.560730 557.161619 45.389912 98.115926
925.513189 555.639178 48.587150 100.038540
927.314629 554.538895 49.084428 101.431736
926.182469 553.710483 53.866945 102.187558
923.327754 553.057575 57.327156 102.978422
925.068179 553.212176 55.938068 101.278495
928.184806 553.624090 52.059464 99.556665
928.771960 554.082978 50.000738 97.418629
929.706677 554.912315 46.103214 97.487297
929.219745 555.092678 44.035277 98.863204
928.523942 553.924152 44.534575 100.634402
928.413374 553.828268 48.230306 100.506628
927.340941 553.460581 52.716745 98.603637
924.441205 553.285769 57.323213 98.407606
921.034745 553.216388 62.691991 98.133632
923.287856 554.144483 61.247049 97.004488
925.995486 554.283274 57.244021 97.631533
927.555053 553.941992 54.965356 97.750912
927.779649 554.209107 53.326009 98.517988
926.555787 554.386813 50.187543 98.075907
927.215020 553.130184 47.024101 100.190522
927.877832 551.609547 47.355813 101.953376
927.000849 550.163722 49.988530 103.475935
927.640710 548.841572 52.173772 105.158461
925.794792 548.442862 55.961704 105.457128
924.725379 548.130474 58.169705 103.671682
928.456503 548.232863 54.747109 101.984867
931.184733 548.693017 51.180675 99.067797
931.123409 548.803208 47.680684 99.660945
930.682465 549.252841 45.739090 100.449904
929.424774 549.052322 44.139904 101.443219
926.980412 548.318484 48.477493 101.044608
927.218632 548.206910 51.918752 99.386048
925.487851 547.515044 56.341130 99.148511
921.090483 546.254453 62.235512 99.334605
920.589065 546.651251 64.190620 99.183780
923.618929 548.362087 61.556003 98.579026
926.182572 548.407617 57.380874 97.153630
928.448674 548.641490 53.975905 97.144039
929.395388 548.879850 49.531493 97.427911
930.448338 548.717315 44.706480 98.189342
927.221469 547.281570 45.439971 100.450108
924.912061 545.859386 49.606089 101.918001
924.074562 544.473668 54.129312 104.137109
924.983854 543.179232 54.636011 104.690475
924.703889 543.079755 56.308809 104.454827
926.108250 543.481921 55.984949 102.433082
928.339138 543.851299 53.503805 100.773102
930.124079 544.688017 49.831150 98.301714
931.395143 545.558903 44.903517 97.955940
930.533824 545.463417 43.077365 100.106183
929.896814 545.132193 43.839294 100.884397
928.838948 545.432557 47.961062 99.861888
928.145943 544.393079 52.057783 99.091443
923.923913 543.722410 58.234417 99.216564
921.914169 542.998267 62.737200 99.604795
923.086176 544.329955 62.600342 98.158930
926.356077 543.855421 59.001723 99.052338
928.189852 544.319142 55.538534 98.454531
929.495829 544.867133 51.560012 98.377501
930.692938 544.971542 47.219498 99.399120
927.214073 544.808541 47.583440 100.547029
927.265427 543.330978 47.500311 101.969717
928.959742 542.019734 49.192936 104.424869
930.110417 540.578523 50.666261 106.091442
926.336059 540.087672 56.579672 105.431168
925.442588 540.626654 58.521626 103.072083
928.600449 540.621159 56.724319 102.222470
930.944095 540.490792 53.038595 99.907952
933.801048 540.806605 48.744054 98.455089
934.042732 541.521977 45.539890 99.553952
933.636571 540.828265 43.248946 101.621306
932.583037 540.495393 44.451322 102.183613
932.919414 539.325583 47.290731 102.057319
931.740376 538.343120 51.551012 100.883394
926.989435 538.000816 57.902857 100.343434
925.018511 538.093391 61.701444 99.962834
926.584882 538.718561 61.180997 99.499171
929.094568 539.807893 58.320865 98.349896
930.332948 539.984015 55.574976 98.666004
929.834312 539.926259 54.318300 98.944444
930.418481 539.738480 50.647364 99.885656
930.167288 539.526187 48.208815 100.512381
930.512545 538.011240 47.094476 102.755707
931.590522 536.730533 48.905907 105.000075
933.163509 535.860317 49.974868 106.305408
929.784011 535.648540 55.805047 106.029016
929.470014 535.903889 56.708338 105.059223
933.071761 536.466836 53.784184 103.591988
934.822059 536.949511 50.794240 100.326663
936.266494 537.577015 46.348290 99.520321
935.868331 536.738648 43.739318 102.247684
934.055962 536.607328 42.790946 102.214165
933.555956 535.896278 45.397843 102.922489
933.841569 535.153188 48.405476 102.147478
931.691752 534.958819 52.817304 100.639629
927.239195 534.530043 59.065571 100.953271
926.497851 534.601428 61.115756 100.710037
928.519625 535.177497 59.997519 100.280398
930.483330 535.732599 57.214394 99.567712
931.464049 535.558818 54.896329 100.092825
930.025191 535.717768 52.592884 100.281941
928.812155 535.577864 50.443962 101.135704
929.623962 533.826556 47.358045 102.889830
930.143795 532.524713 48.763295 104.641342
931.225285 530.697498 49.880205 107.122981
930.761274 530.146276 52.774613 107.253097
928.326933 529.617613 56.209870 107.614127
929.449427 529.432500 55.389306 106.314169
932.193710 530.288289 52.524154 103.575871
932.853712 530.448003 50.776885 101.026241
932.114639 531.010375 48.537427 100.795483
932.655968 531.172396 45.250673 101.561529
932.292042 530.680093 43.765246 102.536337
931.681370 529.681179 46.358886 102.630174
932.351882 528.515289 48.811942 102.426789
930.006748 527.608456 53.369657 102.302361
926.889316 527.359287 58.188652 101.917901
927.602184 528.082052 59.211906 100.695099
930.347851 528.149761 56.604702 101.075125
930.633079 528.239681 55.069355 100.780010
929.190789 529.456302 55.176480 100.675370
929.334217 529.080289 51.939824 101.669473
930.043277 528.370506 48.166178 102.531911
930.130893 527.317778 47.657381 104.235087
931.905205 526.098005 48.753819 106.476629
933.917374 524.439297 49.397185 108.515034
931.753030 524.264433 54.077999 107.814436
932.325174 524.354995 54.230874 107.041971
934.770261 524.576326 51.787996 104.290430
937.053792 525.199901 48.770816 100.574651
938.382373 525.206903 45.379367 100.589050
936.764097 525.189834 45.036259 101.609320
936.955951 524.748350 42.893345 103.103120
936.763202 524.610463 44.902015 103.375839
935.970793 523.436005 49.215268 103.050707
935.872168 522.442292 52.370227 101.959790
932.786599 522.653318 57.422634 102.152957
931.756616 522.391978 59.841229 101.836126
934.476101 522.836075 57.989368 101.007552
936.177909 523.562781 55.542951 100.486220
935.605974 524.184269 54.761360 100.422732
935.191958 524.809945 53.391184 101.376535
935.757494 523.738402 50.327983 103.643381
936.776829 522.750631 47.558610 104.582746
938.460104 521.934503 48.395026 106.412584
940.041770 521.152612 49.300326 107.930958
939.822080 519.924776 52.008825 108.829903
938.008072 520.506419 56.095872 108.190701
939.762907 520.732144 54.595563 105.839055
942.258709 521.540459 51.767230 102.620238
944.433561 522.035321 49.017249 102.106165
944.862203 523.339248 45.759228 101.028432
944.980942 523.801042 43.128542 104.143438
944.627197 523.286617 43.210170 105.300355
944.568729 522.891562 45.684576 105.336581
944.211706 522.450498 48.846531 103.822834
941.433345 523.408478 54.269301 103.209341
938.877642 523.914158 58.340351 103.160846
938.866348 524.489529 58.842403 102.132026
942.058488 525.932857 56.046904 101.614568
943.218288 526.888899 53.995490 101.282763
941.887416 527.843941 52.953071 102.213414
940.434388 528.855373 51.010176 103.214511
940.581871 528.809401 48.030406 104.346047
941.660547 528.261506 46.332759 107.064876
942.311730 527.846510 47.940078 108.738197
943.119459 528.237443 49.784596 109.641309
940.613961 528.957504 53.719065 109.136227
938.647930 530.020486 57.084055 108.861468
941.393657 531.396718 53.289920 106.339437
942.402796 532.615938 51.000956 102.852500
942.930539 534.281174 47.064942 101.576769
942.187153 536.020914 44.939981 103.327803
941.234227 537.210479 42.441384 105.871436
939.425368 537.508192 44.521390 105.724868
938.866196 538.347078 47.832666 106.340258
936.774049 540.038180 52.626332 103.776488
934.225752 540.940455 56.087790 105.212921
931.099585 542.314739 59.545045 104.616496
932.304437 543.908637 58.358441 103.605652
933.729193 546.007072 55.957419 103.389869
934.241861 547.907315 53.899348 102.214763
932.844180 549.252435 52.160773 104.149469
930.502936 550.521986 50.387375 103.922325
931.609191 550.417732 46.576475 106.109045
931.717049 550.296522 45.916482 108.055122
930.879754 550.393007 49.160086 108.572568
931.853302 550.783282 51.567516 110.417981
929.802838 552.794556 54.226195 110.217984
929.607140 553.055668 54.679696 109.608508
931.764010 554.652125 51.751181 105.113308
933.121030 556.208333 48.697501 103.708805
931.620387 557.493495 47.008421 103.756292
931.414854 557.317793 44.724919 106.216614
930.844176 557.414038 43.774426 107.709121
930.587869 557.222924 45.876057 107.404266
930.245784 557.841559 49.553356 104.966587
927.926053 557.552622 54.100319 105.021919
925.385953 557.922856 57.517924 105.668385
925.172953 558.411549 59.306470 105.218273
927.224654 559.732268 58.140604 104.393088
928.565767 560.761704 56.054830 103.818645
927.666064 562.151172 56.441335 104.031069
927.909602 562.895161 54.018217 105.152213
928.575666 563.259123 50.831050 105.108981
930.099995 562.611906 47.787543 107.244270
931.917418 562.771706 47.901843 108.576695
933.493607 562.200325 49.166426 110.454678
932.990388 562.121267 53.230012 111.870448
932.701223 562.796444 55.965058 111.489406
934.153333 564.459734 54.838269 109.095551
936.708963 565.725193 51.994658 106.777443
938.561490 567.772279 49.173502 104.521597
938.597435 569.039052 46.061700 105.603914
938.391580 570.294605 43.779182 108.208293
938.062173 571.390622 44.570354 108.244248
937.315655 572.551692 48.234960 107.948882
937.870737 573.392532 51.150263 106.840366
934.659354 575.001451 56.352480 107.400850
931.889713 576.289304 60.228737 108.087846
932.949916 578.216276 60.357123 107.305994
935.713904 581.067301 57.637423 105.688920
937.390448 583.249732 55.006787 105.537166
937.372052 585.424957 53.648139 106.361772
936.136589 588.151146 52.303370 106.645662
936.146156 587.664404 47.883216 108.605116
937.380413 588.575261 46.232172 110.812712
937.292760 589.638813 49.126211 111.961814
938.066122 589.965074 50.690628 113.735034
936.928028 590.874082 54.196946 115.167257
935.905942 591.868676 56.573852 114.826328
936.444480 594.017416 55.265596 111.642067
937.859469 596.452120 52.566307 107.266541
937.347886 598.131310 51.152148 106.953781
936.466659 600.599610 48.536011 108.488064
936.624727 600.713403 45.197279 111.063688
934.644622 602.317844 48.301543 109.589923
933.666099 602.179743 51.687304 109.718231
931.996819 602.502628 55.124200 109.875800
927.869866 604.354876 60.364672 110.249216
925.362016 605.536236 62.752929 110.109971
925.738347 606.692565 61.269511 109.121174
927.086903 608.884015 58.367723 108.447999
926.692156 610.252357 55.793146 108.153298
925.221712 612.412058 52.674637 108.414173
922.303457 614.340046 50.993730 109.165737
919.723603 614.130085 48.685413 111.487167
918.464556 614.523914 48.853139 112.609952
917.242815 614.171337 50.341716 114.842398
916.499301 614.581016 52.060136 115.500060
912.413308 615.044571 55.635613 116.173684
910.960962 617.126420 57.047171 113.578379
912.485617 618.942030 53.338994 110.756614
912.762905 620.211543 50.658038 108.148132
911.878301 622.159035 47.649212 108.364128
912.142514 622.767095 44.737632 111.681045
910.470323 623.594695 45.547238 111.668147
910.119543 623.533959 48.979722 111.748772
910.206255 623.312872 52.198726 110.988440
907.104182 623.597963 57.501675 111.519972
905.090906 624.100956 60.810783 111.702657
905.846722 625.460487 61.688868 110.104390
909.064280 626.405051 58.545556 109.834782
910.464469 628.096227 57.468845 108.632558
908.836562 628.078448 57.751184 110.748906
909.288601 629.025280 54.814615 111.795650
909.214972 629.440419 52.404284 111.647855
911.314917 629.372712 51.201018 114.668601
913.350238 629.195671 52.421804 116.348581
915.735534 628.593265 53.142868 118.477587
917.005212 628.036560 55.396199 118.725126
916.349282 629.024477 58.386865 118.101067
919.586213 629.438499 55.178843 116.194540
921.831080 631.290244 52.565811 112.106739
923.000687 633.139069 49.731452 109.242789
923.341653 634.547743 47.828552 111.056512
923.821119 634.184839 45.695079 113.731599
924.409949 634.022633 47.721357 113.599807
925.597823 633.503777 52.165526 114.105223
923.363252 632.807572 57.161355 114.662885
920.197459 633.355170 62.305872 114.671476
919.472209 634.594265 65.041962 112.859548
923.449286 635.806215 62.484297 112.666835
925.930618 637.027159 59.225422 110.841539
925.473083 637.829840 57.719013 111.078983
923.495328 639.729471 57.060281 111.409537
924.138595 640.987959 54.031779 111.516008
924.702061 639.626894 52.407283 115.064349
925.802873 638.537391 54.521722 118.150160
927.792845 637.525306 55.395290 120.737887
928.626528 636.850453 57.654095 122.022044
928.084642 638.100756 59.983895 120.914232
930.011452 638.646809 57.861649 119.015160
933.719442 640.304841 54.061234 114.684171
936.067979 641.125490 50.856833 112.486440
935.481861 642.875572 48.902706 113.124572
936.238616 642.455867 45.864770 116.529611
936.712662 642.184894 47.768824 117.083698
936.980515 641.794208 52.254107 116.439981
936.503712 640.863251 56.636450 116.287567
932.856724 641.673143 63.361859 116.997201
931.922258 642.385086 66.560931 114.872530
933.667056 644.661772 66.472970 113.386260
937.529876 645.224183 63.359182 113.458210
939.854225 646.170244 59.847493 112.872461
939.601347 647.528300 58.438268 113.436880
941.286101 647.393988 54.637107 115.985911
941.851139 646.747508 51.869449 117.290777
943.556797 645.860400 50.594179 119.373251
944.654959 644.550986 53.223750 122.523557
946.685519 643.510666 55.485842 124.317660
944.731397 642.790785 60.337134 124.678372
945.688201 643.232344 60.415496 124.469439
949.510212 644.025953 57.235135 120.208780
952.342088 645.347632 53.974820 116.179791
953.822305 646.240548 51.658570 115.610691
954.386493 646.532584 49.646515 116.507948
954.546918 646.567239 47.335249 118.627260
955.962607 645.702453 49.918830 118.414312
957.960222 644.880150 53.252402 118.867409
956.064040 643.952198 59.312469 118.613375
953.718537 644.539720 64.812085 118.957046
955.064447 644.269208 65.617125 118.639404
959.208941 645.384147 62.962397 117.296093
961.083051 646.795056 61.576755 115.927338
961.657314 647.507310 60.128733 115.991706
960.272571 648.125301 58.151658 117.861574
957.984773 647.220441 54.478429 119.817822
957.834409 646.128684 51.519834 122.051241
955.743034 645.218355 55.585872 123.894285
955.946503 643.513262 56.312194 126.654555
954.934768 642.961298 58.551529 126.601432
952.434295 643.550472 61.272843 126.434791
954.007511 643.768708 58.060644 124.996207
955.115386 645.067545 54.160035 118.366900
953.149117 645.868993 53.417330 116.988156
951.184294 645.948867 51.070694 119.821564
949.821328 645.565593 48.193552 122.095662
948.685652 645.926655 49.963892 120.661467
947.291761 645.331399 53.222618 120.387577
944.538404 644.427233 57.473910 119.876903
938.882357 644.705446 64.675678 120.904553
934.937543 645.116998 68.064454 121.070064
935.455045 645.768313 67.493485 118.811201
936.200524 646.269892 65.573269 116.711908
935.632681 646.856625 63.766680 116.680424
933.468736 647.900075 61.534950 117.763838
929.666546 647.603467 59.706872 119.561284
930.643312 645.518659 53.536632 121.645129
930.975878 644.187274 53.082291 124.359563
930.850546 642.702952 54.736687 126.558686
929.391357 641.671468 57.314274 127.217943
926.233438 641.377537 61.515309 127.378765
925.655915 641.593039 61.659165 128.177579
927.111606 642.834562 58.334453 125.711759
926.559903 643.514310 57.218774 120.457358
925.622553 643.705454 53.174851 118.409818
924.292319 643.546837 50.483867 122.133864
923.072124 645.017507 48.484133 121.921270
921.630595 643.254536 51.082506 123.010846
920.605537 642.963989 55.138248 121.543831
916.834785 643.878871 60.038668 119.996673
911.107733 642.597249 66.617830 122.751172
908.286517 643.190018 69.898549 121.548073
910.072006 643.876228 67.785800 120.241610
912.058678 645.064452 64.704094 118.954447
912.316291 645.862537 61.824828 118.109656
911.430162 646.567703 59.745318 119.270394
911.456985 646.847379 53.653906 120.326957
911.321508 646.086844 49.773434 122.316507
909.544422 645.193086 51.143204 124.327766
906.184646 644.116500 56.538202 125.430313
907.652298 642.479356 57.398418 128.070683
903.191189 642.093993 63.554156 127.977179
903.774954 641.966029 62.967531 127.875525
905.316759 642.708454 61.301076 124.383519
904.809594 643.618245 60.076616 120.720092
903.701935 644.432064 57.345776 119.060513
904.633734 644.384347 53.202641 121.951333
904.336437 644.243779 50.786353 124.134485
903.905137 644.182680 52.315219 123.617097
903.028912 643.876755 56.738940 122.494341
902.085791 643.148850 59.939486 122.239322
896.988561 642.713350 67.045951 124.001869
895.978398 643.504405 69.078576 123.340362
897.908482 644.028674 66.929233 121.715204
898.803553 644.439356 65.214722 121.355997
899.150464 645.081989 62.779123 121.603853
898.196470 645.981967 60.948317 122.265655
897.980692 646.649839 56.763522 122.316790
898.094897 645.551305 53.707629 125.157314
898.876549 644.797981 54.881529 126.121332
899.400172 643.084200 56.856184 127.996975
899.524814 642.017614 59.542729 130.591145
897.037670 641.614745 64.281187 130.827229
898.103746 642.365042 63.911022 129.296293
900.951730 642.913985 61.086074 126.226551
901.116212 644.477815 59.235911 124.517000
900.696479 645.222252 57.149961 123.776119
901.507378 645.522165 52.810051 125.409628
901.919759 644.911287 50.056399 126.419820
900.848935 645.620154 54.855065 124.999381
901.148705 644.748390 57.991502 124.308479
899.960392 644.713903 62.730748 123.686371
897.554550 644.699640 67.135759 124.602348
897.484711 645.478097 69.131551 123.983137
900.796121 646.214737 65.991303 123.645517
903.110091 647.202250 62.510973 122.434487
902.945326 648.893427 60.980931 122.254572
901.968286 649.773840 58.767692 122.940583
902.453793 651.232612 55.231567 123.157421
906.221168 650.429226 50.901543 126.768144
905.687585 650.397861 54.799542 127.150934
907.576719 649.404858 56.724237 129.761784
905.737754 649.242728 61.643385 130.514955
902.181979 649.723057 67.627644 131.864644
903.777735 651.311682 66.877347 129.577837
907.851857 652.937826 61.819689 125.457899
910.012914 654.415217 59.117882 125.023044
910.067076 656.577940 56.576426 125.637378
912.033175 656.957033 51.054482 127.943510
912.533745 658.906253 51.043225 126.146040
912.335510 659.006619 55.666778 126.714814
912.877091 659.198560 59.005678 124.943728
909.041255 659.684213 66.577957 125.866284
906.298732 660.110892 72.495016 126.704932
908.620454 661.427864 71.493054 124.923501
912.758955 664.601747 67.723177 124.191236
913.696464 665.520195 66.231513 124.587934
913.714418 666.840430 64.954846 124.941854
915.012744 668.361919 60.290078 124.537187
915.188985 669.946444 58.011449 125.248008
915.808005 669.418356 56.008102 128.043469
917.092495 669.084385 58.937491 129.703580
918.755319 668.411415 60.844597 132.599167
917.974098 668.767721 65.692891 133.537196
916.965440 669.740109 69.951315 133.457551
920.762753 671.426973 66.463846 129.733873
923.839928 673.110302 63.972169 126.353460
925.968850 674.152184 61.067328 125.001728
926.880750 676.578576 58.233566 124.516709
928.054981 677.942108 53.874267 125.313408
929.780640 677.968571 51.961327 126.851002
930.261319 678.016393 56.619817 127.108015
931.221308 677.875846 60.597684 125.817547
929.288874 679.195995 66.177766 125.899286
927.221458 680.393761 71.630365 125.603319
929.095278 681.956468 72.058996 124.531742
934.174755 683.611380 68.466083 123.680445
937.234738 685.029869 65.364521 123.861019
937.216819 685.813966 63.479995 124.770869
937.970075 687.304257 60.812165 125.242380
938.059654 687.685084 59.689204 126.528060
939.026856 687.257489 59.182710 128.606284
942.122693 686.978203 61.214641 131.111899
944.599149 685.923860 62.929598 134.154921
945.313392 685.811478 66.370860 134.700762
945.878640 687.166637 67.620423 132.519194
950.415757 688.518467 65.039239 129.423250
953.511858 690.490311 62.759099 125.279927
956.212450 691.845116 59.287143 123.237538
958.898737 694.012059 55.175711 124.952139
960.284441 694.476093 51.917838 125.946727
961.954456 694.804228 52.873936 126.828541
963.341626 694.119524 57.028821 127.856935
964.840094 694.353174 61.277776 125.586894
962.751327 696.170428 68.423658 125.032904
963.069666 696.624670 72.072643 124.529629
967.650974 697.831216 69.288836 123.764277
973.198283 699.331294 64.808565 123.632132
977.547521 700.434033 60.973952 123.255663
978.620268 701.982000 59.821965 124.773032
979.272217 702.772421 58.460380 124.549400
981.705273 702.500522 55.383054 126.142072
984.349509 701.259096 56.192066 129.052102
988.806074 700.159483 57.645643 132.321685
989.608083 699.932468 62.383371 132.772875
988.737832 699.993850 67.969634 132.956113
992.023884 700.287877 67.638411 132.360856
997.434394 701.381506 63.601630 127.374975
1000.957317 702.184083 61.304628 126.895054
1003.283041 703.402738 59.216554 122.900164
1005.928075 704.150589 56.118461 125.839181
1008.728147 704.542582 51.793786 127.035466
1010.461819 703.730170 53.782215 128.004244
1012.034813 703.082335 58.711814 128.409375
1014.174402 704.264015 62.239113 125.182490
1012.731426 704.906296 67.909269 125.943187
1014.080360 705.410095 70.789204 125.111315
1019.843619 706.724341 68.249576 124.501055
1025.260753 708.455645 64.255126 123.036740
1027.185392 709.461484 63.066808 123.450544
1029.447771 710.248085 60.055472 124.403704
1030.272168 710.347357 58.389622 125.032454
1033.208410 709.810119 55.577481 126.657811
1038.033986 709.023122 56.092389 129.854309
1038.696906 708.113356 60.433652 131.146789
1040.394559 707.872640 64.309873 132.776352
1040.682563 707.909158 67.626199 133.106961
1044.322909 709.323655 66.758891 129.428147
1050.426945 710.373717 62.360423 126.081038
1053.686195 711.506280 58.675623 122.857041
1054.614918 711.984568 57.833821 123.674711
1056.677052 712.479936 54.411062 127.213011
1059.844649 712.155753 51.667481 128.009173
1062.301541 711.546488 54.529259 128.024838
1063.489287 712.396195 59.864727 124.958305
1061.858293 712.814707 66.496665 124.391193
1061.659232 713.420168 71.214557 124.359293
1065.270854 714.297038 71.604517 123.321831
1071.190842 715.905461 67.067869 122.524828
1075.306641 717.234671 64.305664 121.451539
1077.440307 718.482228 62.386802 121.745917
1079.251251 718.775938 58.550352 122.760046
1082.189744 718.900747 54.376110 124.392777
1084.637035 718.407689 54.536252 126.890083
1087.200583 717.627292 57.537182 127.782000
1090.040366 716.565295 60.290772 130.779374
1088.625177 716.544006 66.139353 131.274256
1090.131766 717.565148 68.063572 130.220736
1095.720092 718.724487 63.759906 125.828780
1100.773741 719.814906 60.601872 125.497269
1103.091540 720.692791 58.388995 123.752839
1104.957422 721.525547 55.739573 123.864452
1108.195928 721.305492 50.758557 126.582568
1109.586476 720.903006 53.675294 126.280467
1110.699859 720.835945 58.907608 126.261120
1112.089712 720.425831 63.258333 124.438337
1110.021997 720.792890 70.782528 124.728880
1110.551798 721.538910 73.584585 124.256511
1115.349050 722.562717 71.308731 123.402414
1121.256459 723.741079 66.665929 123.339574
1124.455335 724.864388 64.161972 122.703203
1126.139943 725.709803 60.922528 123.728470
1129.981139 725.304674 55.469030 124.727640
1130.784457 724.595631 54.040324 126.982931
1133.374583 725.199581 56.469500 127.257435
1135.881221 723.327734 58.226432 130.341740
1135.857901 722.010256 64.242881 132.225374
1134.082221 722.514795 70.157864 131.669844
1136.994699 723.579353 68.551262 128.583071
1142.363938 724.180387 65.105302 128.510641
1145.734700 725.426493 61.072343 123.976786
1142.650143 726.152327 59.507550 124.053577
1142.109343 726.258496 54.980421 126.292008
1140.970121 725.569134 52.530695 126.991873
1138.865591 726.207231 56.153335 126.018145
1136.961833 725.286251 60.077775 124.886859
1130.216722 725.133698 68.274672 125.304112
1124.650172 725.156833 74.245945 125.115320
1124.115594 725.427837 73.718706 124.269339
1128.132161 726.493670 68.639061 123.364667
1130.420562 727.189818 65.274669 122.920379
1132.981629 727.970696 62.020431 122.880467
1138.417329 727.262012 53.426899 124.712546
1140.385309 726.154860 49.088401 126.441078
1139.331783 725.158934 51.554407 127.987972
1139.488089 723.968326 57.146074 130.233235
1139.715517 722.994035 61.673210 131.636930
1137.444524 722.311367 68.222507 132.222882
1137.275223 722.830413 71.545644 132.003741
1142.871374 723.959285 67.579117 128.591437
1147.573036 724.417295 63.479087 126.155619
1153.322002 725.645568 57.009688 124.724892
1154.963889 725.500745 53.117596 125.043671
1153.126104 725.170794 53.029272 127.608147
1155.044523 726.029678 51.288213 126.375385
1155.773122 725.091250 55.856655 126.541589
1156.542281 723.626376 59.772058 125.660269
1151.823763 723.190182 69.919610 126.006831
1151.751944 723.582163 74.156781 125.168306
1155.383209 724.639544 72.676133 123.172637
1160.526456 725.926315 68.754041 122.705754
1165.672114 726.012112 63.504789 123.203572
1167.788376 726.499521 60.055243 123.337952
1173.454899 726.225608 51.614700 125.126015
1171.507999 726.405542 52.135518 125.441717
1170.425762 726.136293 54.790819 126.642773
1172.257288 724.538762 57.618804 128.976755
1173.333067 722.530169 61.464545 131.452388
1171.323778 722.029757 67.103073 132.379605
1172.310980 722.346445 68.909592 132.341715
1177.636043 723.356620 64.784814 129.715625
1182.011300 723.649555 61.104067 125.836157
1185.608260 723.888799 56.013610 124.659441
1187.935931 723.743879 51.214797 127.035079
1186.485258 724.674869 51.295088 125.863722
1186.204801 724.251562 53.703811 125.761213
1187.674898 723.119543 57.069816 125.506899
1186.741428 722.242451 63.446310 124.817258
1182.960452 721.581349 72.253574 125.443416
1183.731629 721.215750 72.929316 125.387455
1188.661112 722.352444 70.370294 123.789753
1193.023581 723.515226 66.390438 123.359997
1197.371161 723.993731 61.844860 123.107301
1202.043745 724.068102 55.268044 123.906443
1199.940039 724.106392 54.608272 124.373412
1199.538269 723.059989 54.169186 126.030575
1199.741962 721.364265 57.169156 128.214295
1203.844097 719.345319 57.462868 131.855060
1203.706688 718.471131 62.449922 132.801236
1200.799345 718.630388 68.823167 132.155594
1204.372652 719.616359 66.861513 129.674208
1209.645956 720.623895 63.362208 125.606164
1214.662394 720.606952 57.875863 123.641919
1218.323542 720.171387 52.764575 124.815728
1218.499722 720.404284 51.023563 124.222084
1218.468967 720.054085 50.525917 124.983766
1218.766478 719.508819 54.882265 125.135007
1219.799948 718.595625 59.054167 123.457472
1215.550366 718.128485 68.741101 123.769599
1214.714681 718.411180 72.110096 123.670863
1217.699485 719.556023 72.122395 121.201207
1222.707956 720.663764 69.075985 120.797350
1228.050950 721.151690 63.952986 120.907789
1233.510193 721.524728 58.142917 120.845290
1235.213100 720.445443 54.352269 123.407841
1235.895880 719.588537 51.892225 124.697898
1234.674850 718.233674 54.275167 126.158722
1235.079824 716.141860 58.362218 129.308685
1238.983020 714.860839 60.396784 131.746331
1235.484757 714.565689 68.403183 131.689248
1237.292938 715.119659 68.548366 130.740955
1242.946230 715.247470 64.222751 128.163581
1248.449344 716.277493 59.233614 125.552992
1252.774730 716.010540 55.028745 124.929509
1255.077561 715.962810 50.931057 125.478415
1254.675340 715.887382 49.954651 126.588661
1255.306552 715.146003 52.175825 127.444799
1256.677855 714.191299 55.957475 126.775611
1254.517516 713.259175 64.108169 126.381637
1251.018964 713.157300 71.674314 126.309683
1251.941390 712.945259 73.406618 125.849012
1256.208438 713.913946 71.498381 124.542105
1261.569779 714.556576 66.996804 124.134678
1265.542977 714.869238 62.509550 123.917445
1269.000036 714.513781 58.044884 125.760306
1270.953631 713.305240 51.512583 127.022642
1270.807408 711.751520 49.011963 128.809884
1266.439204 710.175483 57.252496 129.718930
1269.140761 707.480580 57.841510 133.690826
1265.662442 706.905536 65.235269 133.094356
1263.107787 706.493355 69.397648 133.540195
1264.611340 706.283304 68.600232 132.508821
1268.642618 706.257584 64.010146 129.287901
1271.882703 706.206639 59.919376 127.344473
1272.673976 705.473268 55.632997 128.199801
1272.663932 704.506604 52.362420 128.693084
1270.476183 704.393244 51.407727 128.036247
1271.144672 703.235790 53.079280 128.104766
1270.709295 701.742893 57.516039 126.369814
1265.029741 700.586100 67.469004 126.144616
1262.547865 699.905496 72.424351 125.837370
1264.576820 699.294324 71.721968 124.324041
1268.802493 698.922920 68.903899 124.542097
1273.358576 698.900078 63.561523 124.608479
1276.212418 698.915819 59.461875 125.098332
1274.554864 698.358353 57.725477 126.895493
1276.680937 698.141202 53.253871 126.412829
1279.327159 696.331428 51.056046 128.455155
1280.870097 694.248579 53.044126 131.134645
1279.607827 692.420007 58.282744 130.721351
1273.561905 691.283733 66.648125 130.756107
1273.068905 689.739351 67.835874 131.313062
1277.122578 689.418304 64.207031 128.752876
1280.095014 689.472876 60.215751 126.142304
1280.199848 689.414385 55.767902 123.871558
1279.256275 688.315174 52.668593 126.183512
1278.213123 686.694471 49.278830 126.656027
1276.051817 685.542050 52.150962 126.270464
1275.735403 683.211492 56.226157 125.395488
1270.206118 681.671504 64.242167 124.940115
1264.561664 680.853536 70.917550 124.689425
1264.239239 680.166364 72.620217 123.647028
1266.681333 679.582119 68.223206 123.465651
1268.563795 679.377108 65.152974 122.568520
1266.822794 679.382238 64.691569 122.919794
1264.831507 677.768697 61.787382 125.344792
1261.824584 674.849846 60.715719 127.249022
1260.538319 673.220501 60.390691 128.126051
1261.234213 670.689761 59.641425 130.462290
1259.639970 668.611870 62.754671 130.248449
1255.097074 667.722199 68.293028 130.787865
1251.845499 666.649143 70.235742 130.786001
1252.689790 665.804592 66.389069 129.519351
1254.454930 666.027568 61.117791 124.612884
1253.873095 665.709543 56.180698 122.628800
1251.662739 664.978743 52.421183 123.421388
1247.437084 663.132856 50.773042 125.638866
1244.770060 661.926328 52.552557 124.333689
1242.302408 660.244270 56.357072 122.432026
1235.459497 658.103566 64.131522 122.341940
1227.856693 655.979868 70.926495 122.667254
1224.444624 654.512872 73.331728 123.198835
1225.572011 654.956475 70.690751 121.587410
1226.922588 655.195016 66.529491 119.977283
1226.348984 652.023443 63.772129 123.298302
1223.798783 651.778388 62.276958 123.686293
1223.213119 650.709533 58.019556 123.819129
1226.161674 649.439504 51.421023 124.917864
1223.018833 648.626732 56.866960 124.918371
1223.365474 647.126601 58.792117 125.321935
1216.868206 645.453208 66.501512 126.564342
1213.343534 644.162195 70.133475 127.154130
1214.227795 643.298828 68.932676 125.833510
1217.826358 642.914799 62.853117 120.522726
1220.566511 642.484065 58.500343 119.270427
1220.439240 641.582617 54.094642 119.582601
1220.771566 640.006228 50.522483 123.111777
1220.733721 638.897996 49.419121 122.830290
1221.954056 637.244364 52.533108 123.942279
1221.575795 636.620167 57.587489 121.976150
1215.814968 635.262774 67.039192 121.845512
1214.265340 633.457062 71.051613 122.482911
1216.853512 632.751651 70.589062 121.902681
1221.728234 633.400806 66.317628 120.687720
1227.274586 633.915864 60.543203 120.009721
1231.692839 633.728833 55.315670 120.552686
1234.876647 632.850427 49.943079 122.133830
1234.479576 631.725700 48.419929 122.751012
1232.522080 629.885452 52.666370 124.176361
1232.074554 628.757162 58.202078 125.805537
1233.374664 626.818370 60.596616 128.148112
1229.681863 624.962426 67.442312 128.836728
1230.918836 623.712443 68.245613 127.988087
1235.559012 623.539717 64.565454 125.333677
1240.221239 623.126132 60.350728 123.875801
1244.789521 623.270499 53.732556 123.231350
1245.722586 622.071741 50.231454 124.035452
1244.224193 621.647419 48.616370 123.198285
1243.318120 620.935755 51.571941 123.195684
1244.330702 620.011218 54.921460 121.905638
1240.763198 618.243042 62.882194 120.978252
1235.868254 617.015779 70.459575 121.115484
1235.799293 616.180308 72.386577 121.079666
1239.646879 616.047295 70.351048 120.779331
1244.674211 616.385087 65.352757 120.675274
1248.472404 616.454201 60.564147 119.702029
1249.189077 615.901735 56.835743 120.095509
1246.690410 614.713814 55.077080 121.221134
1248.968361 612.834038 51.130487 122.759539
1249.133563 610.813634 54.691618 124.246401
1250.924885 607.878883 56.175600 126.917640
1248.303928 605.695854 61.480813 128.693311
1244.748836 604.976059 66.976652 128.649388
1247.319349 604.405466 65.690708 127.921481
1250.756318 605.383237 62.449245 124.425775
1253.350603 605.402202 56.794583 123.398183
1254.483825 604.717862 52.138463 122.335261
1254.116104 603.518785 49.109081 122.441293
1253.060093 602.317496 47.804309 121.392510
1252.527833 601.220608 51.378863 121.418307
1251.295867 599.640060 56.085263 120.011162
1245.075074 597.748590 64.453138 120.100548
1241.804695 595.814717 69.920294 121.145038
1243.140454 595.138307 69.493262 121.463865
1247.364072 595.382219 64.864304 120.962787
1250.830729 596.196255 60.162969 119.240300
1249.716917 595.782852 59.097860 119.438155
1248.414868 595.285995 57.162076 119.490184
1252.177722 593.429020 51.374812 121.277573
1250.879731 591.939239 53.500623 122.097215
1250.906685 588.851203 56.679476 124.842170
1252.491684 586.980068 57.954355 126.449559
1248.986892 585.275628 64.142201 128.072221
1249.091390 584.276413 65.525301 127.595978
1251.936476 585.046303 64.400296 124.336250
1255.694101 584.994024 59.679747 122.570877
1257.845975 584.563193 55.462443 121.987927
1258.514904 583.532091 51.829218 122.406247
1258.324626 582.818518 48.770306 122.141560
1257.464959 582.022706 50.255594 121.153572
1257.810424 580.532400 53.346316 120.907911
1255.295835 579.498238 59.759403 119.823364
1249.765704 578.531642 67.901889 119.802559
1248.018871 577.633044 71.144881 119.490270
1251.605255 577.123621 68.614648 119.034860
1254.428602 578.281014 66.525458 117.965268
1257.481861 577.647931 61.146264 118.088208
1258.172740 577.603457 57.773522 118.011941
1255.896005 576.149061 55.746199 119.668102
1255.706386 575.821007 53.225638 119.821122
1256.418530 573.258842 53.148757 121.739029
1258.058230 571.233674 53.895010 123.675390
1255.516086 569.266644 59.970259 125.345735
1250.781414 567.679315 66.744061 126.041945
1252.749334 566.580018 65.424059 125.899543
1256.463435 566.949955 61.458775 122.938369
1259.647031 566.475172 56.699531 120.150502
1262.451008 566.509445 50.702360 118.657203
1261.045823 566.686460 49.600905 121.732775
1259.298444 565.338716 48.202698 122.467334
1258.545387 564.300563 51.255071 122.094059
1258.536650 562.535520 54.617171 121.316207
1253.710214 561.425452 62.445810 120.137634
1249.235208 560.231707 69.273867 120.194355
1248.883359 559.612608 70.132144 120.135978
1251.643373 558.999519 65.856770 119.835216
1253.671587 559.196254 62.628886 119.240300
1253.872849 558.400522 58.465135 119.143173
1251.502185 557.300181 56.030097 121.302231
1248.494649 555.480851 54.388822 122.066896
1247.501957 553.942952 51.683902 122.988251
1245.985556 551.622336 54.043415 124.786765
1244.660365 549.464737 56.633167 126.325680
1238.114537 547.860797 62.976171 126.952246
1233.086964 546.334719 67.051066 126.697568
1234.486018 546.296672 63.730716 123.529945
1234.808506 545.863705 59.581520 122.572145
1234.542427 545.436563 54.407855 120.162306
1232.930397 545.037950 49.442721 121.093051
1228.042114 544.569282 45.171291 123.540364
1223.112119 543.221404 48.365775 121.579853
1218.647087 540.977722 53.848438 120.672673
1212.534205 538.580431 59.465694 121.029528
1203.459122 536.159278 67.538639 120.523105
1199.244502 536.058223 70.748742 119.884044
1198.845654 535.340722 68.081951 119.415407
1198.495686 534.677235 64.218779 119.102375
1197.881473 534.109278 59.105753 118.641504
1194.648772 533.376251 56.119343 118.465910
1189.070844 532.245193 53.411010 119.946242
1186.272589 530.387864 50.529274 121.501922
1183.797270 528.849732 52.484158 121.803211
1181.212196 525.866352 54.419303 123.434950
1172.789730 523.410722 62.256560 124.193512
1166.828531 521.234124 65.294113 125.108818
1165.688793 520.633350 62.981543 123.511461
1165.776523 519.931768 59.105546 122.502924
1164.445764 519.085763 54.383565 120.193939
1161.183177 518.628304 50.024845 119.618263
1156.111840 518.175846 47.680634 121.843251
1151.152183 516.880165 49.337345 121.595918
1146.224919 515.215049 54.121107 120.931052
1141.425334 513.396351 58.314784 119.997569
1133.419156 511.311197 65.199672 120.094880
1126.460848 509.607907 70.178236 120.277383
1126.019015 509.862348 69.540827 119.369155
1126.459015 509.439383 65.378458 118.590223
1126.330532 508.940825 61.078386 118.801093
1123.800341 508.732919 57.415432 117.888239
1116.854568 509.088075 55.963719 118.774369
1114.796047 506.736720 53.418689 119.981439
1112.999829 504.963161 53.517390 120.509003
1110.726468 502.518796 55.296064 122.331181
1107.422061 499.893199 58.851912 124.045117
1100.659662 498.723283 64.568999 123.539195
1098.112173 497.606970 65.402124 123.641919
1099.581195 496.628368 61.292162 121.070966
1099.507116 496.192303 57.414536 119.296235
1098.687011 495.550620 53.525955 117.422069
1095.020893 494.934953 50.272679 118.373053
1091.221826 493.257462 48.603251 120.624340
1088.007294 492.367069 52.047290 120.055374
1084.928366 490.235868 56.045345 119.694459
1079.118740 488.808027 61.027517 118.731895
1071.593606 487.819240 68.120516 118.518591
1069.283720 486.998107 68.793823 118.357593
1068.789380 486.407493 66.252366 118.338167
1067.564362 485.811722 63.908326 117.428510
1065.172797 486.063121 60.442498 116.161937
1061.394610 485.205300 56.613717 118.289668
1058.231023 483.746563 53.875596 119.460104
1055.050018 481.709798 52.362300 120.160423
1052.182534 480.067016 54.769024 121.750077
1049.859879 477.408657 56.866179 121.982924
1042.016480 475.710307 63.283152 122.508608
1035.870823 474.083497 66.878005 123.142317
1034.625096 473.512974 65.585464 121.047544
1034.194023 473.170409 62.850648 118.300169
1032.820379 472.717229 59.527324 117.395123
1030.428600 471.960679 53.410713 115.780482
1027.271897 471.322843 50.561312 118.153237
1021.528146 470.284034 50.781674 120.003918
1017.443344 468.598917 55.429959 119.155735
1013.092989 466.990748 59.469153 118.544162
1005.080939 466.610285 65.249929 116.700687
998.974874 464.223164 69.695614 117.172362
996.209220 464.016034 70.227060 117.062153
996.321365 464.041795 66.496690 116.414236
995.665615 464.749457 62.356279 115.342626
993.766275 464.800223 58.657095 115.552335
989.377708 464.037895 55.059853 116.517985
984.838620 462.296875 53.739358 117.900505
980.359888 459.704620 54.539637 119.653349
977.356732 458.006232 57.389523 120.189213
975.298286 455.951444 59.881048 121.155700
970.259511 454.557378 64.071006 121.938829
966.057264 454.325371 66.256038 121.238555
967.192293 453.591282 63.255099 118.422636
966.274451 453.459510 60.279619 115.841841
965.131709 453.905314 56.967188 114.404539
963.241821 453.197108 53.003305 115.332054
959.714716 452.187296 48.945601 119.677548
955.622687 451.465746 53.662821 119.658390
954.523042 449.556946 56.062634 120.457928
950.465548 449.560159 60.089634 117.965034
943.383310 448.458039 66.311244 116.939883
939.786333 447.675183 69.865305 117.857992
940.781508 447.881740 67.404585 118.138845
940.559698 447.888210 64.804407 117.821359
940.281132 448.102177 60.509583 117.047064
937.720323 448.243874 57.435001 117.310085
933.397875 447.804378 55.531699 117.906895
932.445863 446.186831 53.159052 118.049137
931.244926 444.267277 54.997367 120.202050
930.459091 442.820881 56.802369 120.601359
926.911783 441.121681 61.267550 121.481268
922.392395 440.315726 65.898278 120.722260
921.961768 440.040556 65.787337 118.492949
923.382366 439.852582 62.989195 117.222960
923.764535 439.985632 59.479525 116.794650
922.690376 439.651135 55.891934 116.106152
920.205765 440.018456 52.280345 117.525140
918.232784 438.341371 50.283665 120.794642
916.288807 437.611154 54.099958 120.728823
914.145152 437.406311 57.891801 118.761757
910.871203 436.550604 62.063432 118.180078
905.139190 435.810788 68.281400 118.024357
906.000575 436.512291 67.976860 118.035442
908.435363 437.670568 64.781336 116.920538
909.282817 437.361979 61.583186 116.412639
908.432578 437.699805 58.217384 116.098315
905.507725 437.984685 55.255484 116.934384
905.149598 435.455215 52.185075 118.303156
903.868580 434.730054 54.932422 118.902634
904.341981 433.552932 56.532707 119.371426
904.558445 431.977284 59.276996 120.347109
900.628096 431.322010 64.050860 120.012187
900.225339 431.554971 65.672350 117.523326
902.867344 431.862527 62.114740 116.448113
904.874123 431.915670 58.463065 115.516545
906.962141 432.064230 53.754527 114.011647
906.511195 432.366862 50.433278 114.472454
905.114684 430.673110 47.752306 118.854669
904.627824 430.473331 51.456962 119.504365
904.647587 430.235343 54.786624 118.426711
902.412144 429.263132 59.153110 117.400920
898.033223 429.317861 67.443171 117.509990
898.449059 428.842709 68.659478 118.441981
901.042163 429.177182 65.121333 118.240897
904.625950 429.822361 61.341255 117.592658
905.794111 430.475153 57.842720 116.805461
903.268464 430.517208 55.967079 117.619256
902.732385 429.508154 53.861646 117.500400
903.298407 428.260291 53.162037 117.911067
903.815563 426.889863 55.858083 119.579463
906.178101 425.061741 57.255687 120.044493
904.009650 423.839936 62.107814 121.261405
901.401531 423.484851 66.273036 119.542112
904.980966 424.371553 63.654729 117.896722
907.812309 423.931073 60.183392 117.786874
909.247313 424.177854 55.963111 116.349309
909.505268 424.469510 53.000478 115.474428
908.526027 423.869990 49.581927 118.011814
908.449326 423.073574 50.699154 120.483531
908.893728 422.736500 54.091525 119.896175
908.095815 421.928530 57.710141 118.080015
902.180211 421.751452 65.887616 117.477044
899.910283 420.972300 70.730502 118.276205
902.472102 421.315235 68.721941 118.341267
905.741944 421.479542 64.421551 117.031898
908.453800 421.564228 60.750305 116.383907
908.997736 421.828306 56.840242 115.969550
907.459755 421.389800 54.062099 116.900261
907.880824 419.807232 52.028229 117.137203
907.610733 418.470336 53.161621 117.766760
909.153843 416.944845 54.793813 119.525351
909.318191 415.201773 58.638808 120.173981
906.251679 413.481833 63.555083 120.579381
906.382393 412.608379 65.474338 119.690618
910.741311 412.364721 61.409186 119.692416
914.226262 412.635887 56.612471 116.712566
916.209731 412.960840 52.146415 114.849076
917.019489 412.809818 47.965548 115.647569
915.437687 412.550552 46.568708 117.880986
915.226570 411.566705 50.842113 119.757241
916.270363 410.275595 53.608111 118.638534
912.653534 409.205142 60.180861 118.178925
909.813906 408.902562 65.495983 117.449116
909.971079 408.715800 67.170156 117.762080
913.396263 409.885836 65.236413 116.342089
916.641499 410.159422 61.298769 115.396642
919.189872 410.186109 56.005011 114.802910
918.430163 410.220984 54.165196 114.906204
917.561433 409.120981 51.884001 115.472181
917.054704 407.687924 52.093803 116.332746
918.640464 406.332755 53.929858 117.826111
919.815008 404.296096 55.201066 119.169097
918.284041 402.709102 60.113624 119.180408
917.017830 402.071410 64.324694 117.887861
919.236574 402.361971 64.185216 117.347331
923.036457 402.442234 59.651555 116.059278
925.916393 402.821289 55.581662 112.811688
927.280960 402.581268 51.330066 112.302709
926.374251 402.545186 48.694827 113.915939
923.618361 401.468110 50.859137 116.904143
923.471163 398.352999 54.836700 119.345787
925.197676 398.082630 55.854477 117.323251
922.872711 397.875223 61.598987 116.307396
920.357810 397.659839 65.911667 115.867316
921.267849 397.897238 66.783119 115.985606
924.587043 398.238210 63.018181 115.579266
926.860855 399.190669 58.895596 113.954999
926.601343 399.337468 56.442612 113.845150
925.499896 399.512455 54.459620 114.052163
924.657915 398.635723 53.328355 113.923975
925.239421 397.777815 54.200419 114.875598
927.310937 395.429439 55.301488 117.061557
927.416541 394.199145 58.515456 117.078294
923.772982 393.053693 64.396768 117.563569
924.454732 392.675027 66.045266 116.445568
928.227521 392.301713 62.357793 116.406315
930.475445 392.435389 59.553065 114.567387
931.215952 393.243828 54.908018 111.834511
931.146147 393.526378 51.074853 112.823558
930.393569 393.719717 48.759310 115.749555
929.874354 393.196127 52.518492 116.884969
930.752017 392.060022 54.540036 117.750010
927.885075 391.445048 59.682251 116.672619
924.746279 391.758941 65.532171 115.874096
923.447044 392.329095 67.682956 115.608760
926.066693 392.975161 64.089706 114.624809
929.707248 393.068356 59.123600 114.202558
930.159507 393.220813 57.097419 114.336029
931.270329 392.805914 51.112269 115.284557
930.732466 392.332392 48.627319 115.754353
929.825791 391.432441 50.523342 115.341702
930.774858 389.579084 52.909497 117.372106
929.671490 387.788123 57.573328 117.989696
924.713182 386.808358 64.371220 117.863114
922.134081 386.052793 67.860559 116.290189
924.554884 386.515249 66.047881 115.894281
928.030880 387.101189 62.096094 114.564107
929.447768 387.828410 58.350149 113.019146
930.929387 388.290238 52.127362 111.897295
927.612549 388.258060 50.969045 114.410403
926.109131 387.642032 51.724835 116.314928
925.683078 386.903835 55.389288 118.382168
925.876841 385.469130 58.052965 119.130939
921.299762 385.822260 64.835568 118.065363
919.157389 386.602316 68.171815 117.819373
922.230851 387.472658 64.256180 117.286549
924.578817 387.983030 60.816748 116.406046
926.120459 388.738069 57.059924 115.494148
926.515023 388.905841 51.400428 116.221639
924.041637 387.931889 50.158136 116.986933
922.122348 387.406124 51.950696 117.210564
921.417386 386.265534 55.029282 117.491262
922.272897 384.662783 57.037458 117.242314
918.426534 383.696533 63.090961 118.386127
915.957789 383.983025 67.388063 117.175291
916.439105 384.740711 67.129530 116.883747
919.840456 385.475929 62.866989 115.272369
922.178095 386.158968 58.610049 113.238954
923.708976 387.011428 53.349154 112.522938
922.414292 387.054814 49.864716 112.486022
919.857993 386.248778 49.472818 115.654274
918.731392 385.438495 53.245013 118.177878
918.915607 384.585609 55.688355 118.202007
915.632527 383.301784 61.494029 118.352225
911.382924 383.869521 66.839640 117.740409
912.217530 384.025224 65.499439 118.158790
914.701564 384.882820 62.439253 117.025776
916.312831 385.429281 59.742292 116.191874
914.272605 386.254567 58.545402 115.688417
912.894808 386.696490 55.215948 114.495241
911.430795 385.900506 53.035326 114.605599
910.829091 384.458181 54.356611 115.864860
911.325051 382.609654 56.740007 117.918245
911.040646 381.286525 59.028293 117.141570
907.796425 380.629339 64.029944 117.544890
906.143741 380.942925 67.566614 117.160220
907.282141 381.185042 66.063314 116.110170
908.918408 381.357007 63.857295 115.199071
910.673571 382.499906 59.700166 113.270547
911.260531 382.916963 53.753363 111.836638
909.712843 383.167137 50.284011 113.259111
907.531300 382.504881 50.867148 116.070395
906.986436 381.406116 53.767416 118.981059
906.695200 380.028945 57.131116 118.936246
903.093093 379.808354 62.848572 118.570658
900.112131 380.323521 66.989204 118.057866
900.286928 380.286444 66.293606 118.728276
902.745955 381.526997 62.494015 117.534174
903.877160 381.887069 59.549624 116.450770
900.864005 382.354887 58.486776 115.386154
900.333387 382.657195 53.346375 116.098547
900.015356 382.051982 51.673748 115.525409
900.014376 381.134415 53.156549 115.886251
899.806855 379.224493 55.920454 117.001521
897.283612 378.302742 59.938206 116.480963
893.928551 377.042323 64.527472 117.471147
894.417475 377.562423 65.035740 116.815889
896.788151 377.921413 62.451104 116.181991
897.888113 378.328554 59.791433 114.439980
899.315207 379.316882 54.873361 113.271479
898.018200 379.908302 50.632574 113.612603
896.784113 378.992995 48.420398 116.835090
895.970293 378.348900 52.004243 119.774554
895.428317 377.380129 54.859473 120.490389
892.502745 377.197870 59.413399 119.078591
887.928747 376.327294 66.064493 119.614683
887.789783 376.482212 66.234740 119.970334
889.909110 376.822233 63.353678 119.555995
891.521397 377.499162 59.619696 117.926876
891.966995 378.043849 55.205584 118.227471
889.356929 378.279723 51.121635 118.720016
888.645995 377.423960 50.554356 118.324594
887.444381 376.860383 52.480429 118.508211
887.583876 375.308975 54.284452 119.185175
885.551340 374.686006 58.910275 118.516023
880.409502 373.798176 64.557783 118.597470
879.092071 373.410754 67.662371 117.628308
881.531651 374.467338 64.775365 117.085748
884.507445 375.119840 60.254393 114.567405
886.447117 375.697640 54.577017 113.517252
885.556477 375.685567 50.037573 113.113867
882.987714 375.172345 48.071964 115.349967
881.693204 374.347988 52.146226 118.239463
881.840764 373.524412 53.801707 119.108267
879.550281 373.467881 58.813149 118.004297
874.873489 373.691507 65.207073 117.311432
874.414707 373.256142 66.463491 117.837827
877.534069 374.622112 62.648072 116.723806
879.852407 374.971879 59.613243 115.065868
880.127534 375.619733 57.020648 114.936140
879.018653 376.471565 53.668986 115.202178
879.467117 375.564128 49.709788 114.923969
878.875904 374.472647 50.687878 115.562263
879.506117 373.083591 54.346887 116.911598
879.178251 371.708947 56.976823 116.372140
875.462524 370.712632 62.978783 116.844200
874.292586 369.780786 66.685943 116.502501
875.881551 370.474776 65.463662 116.390583
878.857833 371.514520 62.494074 114.660388
881.271095 372.206775 58.836475 112.450292
884.303424 372.559294 52.183777 111.158867
884.657159 372.254580 48.669374 113.214576
883.162306 372.079162 48.397366 115.089220
882.948753 371.510737 52.303308 117.759520
884.535276 370.876185 54.529762 117.391448
881.833249 370.807338 60.812115 116.390038
879.977072 370.987614 65.613255 116.517162
882.019300 370.522389 65.932582 116.690907
885.510705 371.000612 62.677513 116.201501
888.432247 371.761306 59.266239 115.252427
889.195718 373.124156 56.419838 114.756553
889.099411 373.942328 52.757253 113.721741
891.183045 372.567263 49.376731 114.642915
888.931340 371.753409 53.583850 115.700299
890.997426 370.265540 54.454247 116.432783
892.838180 369.383278 56.695042 115.736261
890.362818 369.389807 62.872942 115.714599
890.561392 369.475161 64.967525 115.334544
893.997092 370.214618 63.162556 114.638127
897.538730 370.818639 60.363267 113.616263
900.829948 371.088012 55.788896 112.199388
903.118831 372.012818 50.793730 110.828507
900.867653 371.772347 49.894186 112.979773
900.768192 371.612716 50.229950 116.078629
901.930449 371.527076 52.740019 116.893201
902.799241 370.796575 56.146642 116.960226
899.663059 371.040435 61.626929 117.083382
898.917429 370.512621 66.503993 117.111293
902.206564 371.515253 64.399872 116.282209
907.265979 372.253804 60.366427 115.801105
912.227277 373.372739 55.936973 114.530496
915.302710 374.885468 51.756023 114.314555
915.829926 373.647480 49.862034 114.875133
916.707637 372.955318 50.509943 115.701112
919.000716 372.687545 53.692411 115.831721
923.702503 371.568338 54.553701 115.062011
923.437607 370.487341 60.955642 116.461061
923.009625 370.163984 65.404461 116.569171
927.233294 371.256572 64.639285 115.563343
933.250870 373.338357 61.563242 113.507440
938.550708 373.540016 56.268717 112.964406
942.801205 373.613141 50.821108 111.262637
944.187429 373.367858 47.835389 113.953447
945.024279 372.673508 46.277151 116.864205
946.355299 373.028971 50.317359 119.724610
949.583739 372.580960 52.680267 119.703156
947.839694 372.404134 59.486127 118.866746
946.634233 372.813647 64.548915 119.348462
949.917194 373.661458 64.158906 117.365509
954.721447 376.297795 60.425606 115.525033
958.905460 377.139531 55.631656 114.439547
961.352681 377.860039 52.063638 115.424062
960.107859 378.176263 51.679208 114.937944
960.370202 376.931482 51.424554 115.261365
962.478735 376.212405 54.253504 116.191924
967.411299 374.483215 53.716648 116.478269
968.223419 373.853905 57.285730 116.763964
966.959863 372.940298 62.805770 116.787729
969.295327 373.269921 64.278242 116.679627
973.892182 371.151818 62.212621 119.675664
978.532707 373.906359 57.741230 115.802954
982.719330 369.709796 52.204078 119.138077
984.730534 368.308978 48.264609 121.476378
982.878092 371.281930 48.419430 122.256972
983.685951 375.573597 50.956489 118.252298
984.495511 375.470338 54.215552 118.357291
986.800008 375.626995 56.750314 117.068318
982.868353 376.460239 64.266991 117.005311
984.982600 376.283318 65.960488 116.993571
988.713765 379.178083 63.310718 115.020682
992.559297 379.303841 59.546572 113.913396
995.736702 380.867925 54.814403 112.287032
996.956380 382.077188 50.685096 112.947860
995.898514 381.223308 50.201823 112.384693
996.193671 381.234424 51.057906 112.778830
997.970712 380.380462 53.944454 114.398095
1000.518269 378.916017 57.024981 114.331139
998.722047 378.395103 62.619274 114.708384
998.434534 378.507330 67.612213 114.736781
1001.887821 379.982332 66.478086 114.166908
1006.804545 381.219948 61.464901 112.317196
1010.474008 381.638838 55.045259 111.094094
1013.445126 381.917195 47.821137 110.054132
1012.064642 381.268549 45.893046 114.535122
1009.795473 382.213098 47.429069 114.388212
1008.587829 381.706226 51.323169 115.410976
1006.157766 381.412252 55.415562 115.463354
999.059456 381.117696 64.163975 115.464811
996.389519 381.795046 67.772081 115.105301
996.771763 382.834153 64.896328 116.484626
997.943873 383.595230 59.797966 114.861961
998.566556 384.540006 54.172091 113.819232
996.536349 385.306027 49.053634 114.606277
991.331867 385.223316 47.421867 115.448834
987.576823 385.220615 48.239555 113.948028
984.812393 384.779064 51.735224 114.859374
981.687250 383.810669 54.691766 116.328934
973.943486 383.075230 61.081958 116.720945
967.220355 382.963625 66.915382 116.769510
965.775806 383.501090 66.702757 116.304864
966.089803 384.396016 63.622090 114.983845
965.963113 385.423410 57.991430 113.237637
965.396273 386.336935 50.447354 111.292581
961.033887 386.634596 47.655517 112.794766
955.017520 386.485493 45.835790 116.542121
950.508204 386.587575 51.874248 118.221599
946.771749 386.931460 55.810588 116.924286
939.369695 386.180670 61.240347 117.138152
931.249107 386.554618 67.464140 116.233023
928.913084 387.484047 67.704576 117.048686
928.367336 388.242316 63.164372 116.040898
927.623980 390.077316 57.360287 113.230492
925.391736 391.378669 53.254511 112.588680
919.883916 391.016053 49.742556 114.569092
913.466024 391.058840 49.699279 115.185277
909.233699 390.115956 52.643291 115.540468
906.146640 389.025501 54.889845 116.336605
901.402144 388.638937 58.334939 116.963058
893.286947 388.410601 64.617290 117.792323
887.170183 388.620301 68.175030 115.236331
887.421550 388.935803 64.399067 115.046132
886.126284 390.036383 60.513613 113.390720
885.080481 391.207598 54.538578 111.657323
881.381242 391.841566 49.837236 110.489247
875.461593 391.294835 46.718511 114.353760
868.866881 391.378890 50.936240 116.801883
864.628710 390.214326 54.036863 116.688220
859.314717 389.220657 57.093497 117.173565
848.908399 389.545171 64.829851 115.807110
843.372723 389.702595 67.777321 115.968080
841.576808 390.436613 65.792939 116.138970
839.048074 392.023338 62.142065 114.587328
836.505818 393.137983 57.706128 112.709575
831.043677 393.310641 54.521781 112.440515
825.570369 393.024737 51.030641 113.745485
821.010232 392.031095 49.743935 114.940023
815.896371 391.115950 54.544039 115.855168
812.145251 389.731893 57.015028 116.090441
803.743295 389.239414 63.045782 116.103414
796.283596 388.812616 67.362515 117.022568
793.847118 389.105186 66.708588 115.641884
792.787297 389.639561 63.301045 113.811867
791.957716 390.282251 57.449571 113.099000
789.690118 390.847345 50.711924 110.859657
783.384700 390.657435 48.469013 113.564350
775.904423 390.337989 48.501639 116.254160
771.303477 390.276163 53.650726 116.221851
766.681417 388.835244 56.715966 117.166284
761.294510 388.000446 59.700465 117.061712
755.982379 389.399831 62.790961 114.518957
752.903086 389.507325 62.652318 115.443997
748.118106 390.430658 62.408647 115.404628
744.163813 391.430655 60.433444 115.130548
740.037340 391.866183 56.491484 112.792443
737.016068 392.571636 50.764813 112.866311
732.084830 391.465379 48.474589 115.634228
727.653241 390.343873 50.306628 116.959287
723.452195 389.483867 55.274914 114.612586
719.030059 388.500221 58.931040 115.216600
712.170404 388.064233 63.005010 116.041085
708.743040 388.328538 63.391378 115.739748
707.770602 389.577996 60.566949 114.109246
706.237749 390.929023 56.137646 112.020101
704.075296 391.558536 51.746268 110.557889
698.965524 391.975618 49.179233 110.490966
692.793457 391.739595 47.932922 114.646594
687.082777 391.424202 53.113686 116.002606
683.016058 391.196973 56.294543 115.835856
678.531581 390.095792 59.720470 115.756290
671.943253 391.462621 65.454414 114.759615
668.386551 391.638220 67.348943 114.718167
667.347748 392.295320 64.192680 114.863005
665.197521 393.500749 60.986522 113.644909
661.864221 394.201323 58.184230 112.800866
657.169443 394.063120 55.695016 113.353005
652.941177 393.873172 52.603417 113.877809
649.158220 392.446706 53.587144 114.659549
645.683685 390.781917 57.110972 117.057400
643.534875 389.818544 59.182888 116.801988
639.788597 388.588581 61.313758 117.748632
635.643344 388.652907 63.764082 117.182277
634.965633 389.200990 62.018744 115.966191
634.027290 390.700967 59.333759 113.772091
633.073984 391.298624 55.387030 113.087264
630.088122 392.045852 50.895710 111.827479
625.815571 392.116021 49.280093 113.938210
621.065035 391.662643 53.174508 116.978350
617.970737 390.813264 57.226277 118.254156
616.129748 389.306637 58.809484 118.444886
611.787453 391.194184 62.591837 115.702520
608.046425 391.650729 66.411035 115.310366
607.389289 392.527332 65.105763 115.237244
606.758634 393.682972 63.235304 114.714225
603.348579 394.546672 61.907679 113.065211
598.634256 395.384082 61.059309 112.921503
596.274336 395.670015 57.955150 112.776252
596.259300 394.945828 55.412662 112.735905
594.927617 393.426132 58.225432 115.041809
594.132537 391.508733 61.091562 116.194970
593.927500 390.641603 60.942352 116.277978
592.172483 390.748482 64.134025 115.832978
591.891999 390.926855 64.712867 115.973478
592.748993 391.791276 62.925827 114.774753
592.834524 392.700961 60.850232 113.179164
592.320962 393.588235 58.027559 111.276682
592.121296 394.135848 54.017325 111.861592
590.023259 394.194493 52.925909 115.674972
586.997866 394.069233 58.063597 117.432995
588.245918 393.012878 60.814346 119.024087
588.375523 393.344634 62.835291 117.331156
587.217206 393.246454 65.426966 116.981829
587.108695 393.659106 66.868433 117.714429
589.262935 395.094925 64.530881 116.697024
591.055575 396.524261 62.148529 115.248618
591.349445 397.468274 60.311565 114.667511
590.565493 398.617300 57.720464 114.550760
590.054676 398.572789 55.344069 113.644999
591.674958 397.237029 55.139166 116.327787
592.980453 396.077403 58.229628 117.066502
595.465280 394.808350 59.288062 116.945975
596.296009 394.196950 62.008943 117.031531
596.835021 394.652917 64.716094 117.237294
599.541057 395.000885 64.470377 116.487658
603.805707 395.986611 61.178447 114.579427
606.287325 396.723348 57.995421 113.229503
608.686868 397.405728 54.054774 111.991269
610.596009 397.954965 51.010370 114.482785
611.532319 396.799414 52.112358 118.844957
613.209121 396.276724 56.793439 119.139393
616.116705 396.014885 59.931759 118.376690
618.475348 396.258459 62.696271 116.974925
618.931475 396.944033 66.641115 117.219764
623.128301 396.621132 65.593511 116.909311
629.368190 398.171163 61.353090 115.371950
632.086169 399.902236 60.710063 114.275578
635.040464 401.078710 57.172276 113.764980
637.070607 400.553007 55.601594 113.810440
639.751992 400.046638 54.402327 115.327644
643.135378 399.372197 56.940263 117.345771
647.691161 398.533464 58.765569 116.979685
652.677364 397.097197 60.295228 117.158927
655.982113 397.083906 63.072645 116.976681
659.161640 397.567686 65.670153 117.154692
665.668891 398.198681 62.699715 115.783470
672.197440 397.955842 58.997943 115.046939
677.713611 399.322055 54.326484 112.869676
681.862200 400.012204 51.379065 112.484289
683.614406 399.810371 51.089275 116.782712
687.390108 399.781729 54.587260 119.019631
692.175418 399.590479 57.502329 118.713642
697.658105 399.302450 58.865114 117.546688
699.983765 400.117286 63.399732 115.731846
703.912817 400.407498 65.420264 115.879241
712.240923 401.873764 61.402540 114.405932
720.019563 402.836114 58.018004 114.446740
725.108649 403.664986 56.399549 114.576853
729.126383 404.374712 54.442120 114.207804
732.067978 404.424786 53.568615 114.608061
736.691312 403.549724 55.658968 117.466664
744.254339 402.956369 55.281720 116.976283
750.352573 401.771923 58.930457 118.085230
756.525470 401.045617 61.245775 117.698078
760.784637 400.887930 65.204233 118.002272
767.946313 400.958990 64.068981 117.795501
775.832276 401.961164 62.350707 116.197178
783.922883 403.264674 58.531769 113.417380
791.373139 403.432787 52.521810 112.784991
796.791565 403.918178 49.505920 114.947703
800.521946 404.070560 50.883137 117.511209
805.035678 404.469371 55.026934 116.636166
811.098920 403.565051 58.254711 116.953812
816.385466 403.410587 61.794723 115.627148
819.663774 403.641849 65.896406 115.656440
826.467483 405.028352 65.459950 114.196701
836.149944 407.018220 60.365837 113.484241
843.911611 408.283928 56.706931 113.068341
848.841691 409.624527 55.971462 112.621240
851.943559 410.349177 55.599433 111.944086
857.342982 410.306023 53.430340 112.912069
864.991458 409.205905 54.162377 114.056264
873.026078 408.386592 55.850268 115.134312
878.672138 406.505971 59.716014 116.385446
882.914553 406.679012 64.176145 116.332498
889.082958 406.900101 65.089374 116.319967
897.613266 407.976032 62.551413 115.632177
906.185023 409.158965 59.185770 114.314079
914.788963 410.177738 54.313938 112.871091
920.237236 410.626656 50.797855 113.868392
924.687365 410.395928 49.090734 116.744820
927.324379 410.403086 55.213364 119.856940
937.815437 409.788279 54.586495 120.458162
942.350456 409.862301 58.803941 118.468395
943.350358 410.347651 66.561395 117.485196
947.949594 411.397244 69.020935 117.069056
957.710005 412.600719 64.045729 116.555526
967.060636 413.986612 59.648008 115.675335
975.705562 414.878521 54.997362 115.723875
982.098729 414.389424 51.880331 116.272625
987.854386 413.376999 48.474036 118.071173
994.324270 414.252452 48.258151 118.188894
999.623944 413.104152 52.595595 120.036128
1005.412130 411.828119 55.849327 119.629425
1007.410588 411.808369 62.925563 118.516023
1011.560838 411.676591 66.451939 119.206114
1019.916604 412.989151 64.100243 118.124165
1028.984447 414.671614 60.865045 116.203662
1038.079180 415.698815 56.333094 113.968699
1046.013815 416.117657 50.663414 113.371803
1052.430589 416.069501 46.119966 115.942344
1056.751222 416.818353 47.242638 115.502957
1063.048426 416.904990 49.361442 116.149252
1067.779726 416.075309 54.329834 116.781521
1069.135614 415.504951 62.030993 115.667341
1072.542629 415.958167 66.528771 115.177628
1081.341278 417.028342 63.896225 115.074796
1090.450058 418.190680 59.327523 114.442272
1099.970732 418.595725 54.455087 115.274492
1107.695918 419.204142 50.320521 114.797370
1114.170285 419.620113 45.804227 114.719540
1117.986371 419.821632 46.701563 115.249483
1124.437845 418.946941 48.979195 115.753127
1129.956240 417.592211 53.525780 116.536663
1132.040536 416.609644 60.370568 116.742263
1134.696830 415.127848 65.365227 118.486146
1140.984573 415.922571 67.158367 117.711674
1150.748710 417.517986 62.219754 116.878637
1159.428602 418.446912 58.264307 114.590837
1168.521821 419.220809 52.050402 113.165079
1176.186556 418.672272 46.177352 114.605352
1180.301538 419.640565 45.506134 116.173588
1184.563983 419.828375 48.240807 116.342752
1190.970117 419.069191 50.956837 117.227884
1192.273774 418.496486 58.332477 116.443516
1193.244870 417.432974 65.492943 117.014904
1198.728085 418.249520 66.927894 116.343037
1208.084379 420.065242 62.618937 114.906433
1216.749154 421.474222 58.184113 114.313407
1225.780513 421.884912 51.755121 115.350929
1233.200629 421.372338 46.959158 116.085060
1237.971582 422.259951 44.337723 115.688509
1242.282325 421.751183 47.233482 117.951913
1247.330885 421.145374 50.088791 117.935714
1248.030025 420.455600 58.447798 117.330571
1248.394775 419.506959 65.385362 117.072126
1252.933241 420.261873 68.013143 116.611378
1261.070764 421.134146 64.107553 116.546081
1269.573953 423.031567 59.076982 113.766911
1278.478467 424.108745 52.320477 111.802486
1285.546114 423.951086 46.458014 114.187294
1289.052822 424.756597 45.297940 116.057556
1290.449019 424.908232 49.937912 117.798216
1296.739704 423.805666 51.678363 118.267071
1296.799259 423.813269 59.571035 117.392417
1296.242366 423.610757 67.209671 118.323826
1300.322055 423.949108 68.561524 119.124331
1308.518077 425.992295 64.336221 116.971944
1317.109379 426.897250 58.289470 117.371281
1325.474148 428.645488 51.610238 117.331499
1331.795356 429.436712 46.988352 118.450855
1334.922314 430.156210 44.303037 117.816510
1338.368290 429.941995 46.013151 119.619836
1342.137863 429.350445 49.539943 120.589386
1341.159918 428.592866 57.813457 120.559179
1340.550459 427.198021 64.403148 121.519725
1343.765322 429.691447 66.863272 119.730753
1350.522473 431.472671 64.958978 118.301597
1358.479494 433.132247 59.843643 116.282764
1365.571668 434.372732 53.171695 113.722362
1372.843162 433.968076 46.523800 115.648601
1375.591688 435.365606 44.252568 116.443558
1377.785864 435.985124 45.935081 117.944664
1381.712109 435.659027 49.082733 118.287907
1380.471161 435.483860 57.329403 117.700775
1379.022784 434.763715 64.407791 117.350188
1379.529064 435.382375 68.168023 117.496043
1384.245641 436.874423 65.465267 116.337826
1389.691662 438.256553 58.951326 115.287120
1393.669065 439.592779 53.437476 114.512523
1395.202166 439.859286 48.093023 114.980046
1393.786326 439.587601 44.424021 115.781270
1391.131343 438.992798 44.792634 115.462528
1388.736612 438.188310 47.487117 115.945546
1382.955027 436.413943 54.214038 117.317384
1374.242511 435.178189 62.907783 119.182263
1370.037955 433.394260 65.644533 120.149412
1364.206999 434.182812 67.414339 118.762090
1362.802680 437.165851 65.025897 113.574224
1360.922790 436.583947 58.005825 112.391731
1359.287281 437.500330 45.798911 111.653361
1355.900794 437.545354 42.091676 111.599465
1347.398998 437.617558 43.293005 114.605751
1339.776205 437.092483 46.912357 117.651991
1330.795594 436.417880 51.610128 119.051381
1313.444322 435.663896 58.976190 118.167269
1297.703637 436.024923 68.649323 117.534426
1287.274950 435.237187 71.492283 119.143233
1278.379955 436.218494 63.323976 117.425152
1267.826509 437.437870 57.250850 116.113925
1259.190562 438.673712 54.500343 113.960401
1246.564740 438.659327 48.495881 113.950145
1233.548270 438.463743 44.375292 113.618038
1220.524956 436.887099 46.838771 115.982964
1206.401272 434.810387 49.358845 117.139224
1188.234364 433.465005 56.813582 115.274760
1171.851302 432.136215 65.778429 116.568564
1158.291176 431.215518 69.116268 116.507584
1148.097869 432.019927 66.672775 115.037423
1143.063699 433.259366 61.278631 113.312672
1135.927490 434.193418 54.560292 111.780920
1129.114036 435.256134 47.801664 110.850114
1121.149827 435.013023 44.803977 112.754829
1110.734215 434.043045 44.708561 116.704510
1102.903660 433.225874 49.302623 117.895287
1095.837857 432.196955 54.789568 117.881266
1084.594450 432.302739 61.783261 117.716495
1078.812043 431.280167 63.837992 118.068215
1076.643876 432.593129 62.088345 117.340042
1077.599665 433.825657 57.724845 115.468265
1076.674807 434.400336 52.835495 113.436618
1074.597757 435.499977 48.745101 112.808544
1071.160269 435.132290 46.073414 113.064628
1068.583330 434.231658 46.285879 112.693880
1067.270472 432.479301 49.039566 113.903279
1064.115564 430.381672 54.077685 114.909984
1057.481622 428.511241 61.080699 115.557958
1054.953019 427.973186 63.965064 114.502485
1055.959044 428.186228 62.123515 114.461503
1057.820623 428.438925 59.096090 113.195922
1059.299386 428.316321 55.558224 111.854414
1059.698459 429.223548 50.229636 110.074725
1058.953854 428.294849 46.289499 112.270935
1056.599714 427.192313 46.084353 116.087028
1055.913241 426.543349 48.559924 116.887979
1054.172535 425.301152 52.323058 118.085398
1049.682834 424.609637 59.050746 117.810733
1046.744764 423.796995 63.173270 118.369658
1048.020208 424.183058 62.035908 117.085691
1050.802389 425.368036 58.380876 115.048016
1052.470138 426.025831 54.346795 113.677878
1052.868957 426.715552 49.760214 112.961617
1052.521483 426.102472 46.196248 112.677346
1050.334400 425.074080 46.077734 112.649062
1049.898052 423.558965 49.389895 113.113698
1050.937945 421.386579 50.536894 113.469116
1046.542070 419.432436 56.850787 114.563912
1041.379232 417.767024 62.866548 115.472669
1041.081585 417.275999 64.454766 114.512828
1043.860890 417.565036 61.965506 113.560640
1045.534606 417.645488 58.209476 112.618532
1047.306632 416.513598 53.109506 112.959474
1048.567916 417.079473 47.734292 111.560688
1046.496864 415.748003 46.101763 115.429415
1044.947405 412.776249 46.644309 120.615632
1045.640538 411.530898 48.985276 122.683553
1042.941312 414.317515 54.086738 118.588495
1037.171182 414.788448 61.831761 117.664487
1036.565006 416.062143 64.102509 116.107015
1039.217154 416.795034 60.738589 115.214477
1041.479709 417.874542 57.086851 114.028694
1043.037459 418.954123 52.873971 112.094053
1042.721252 419.454467 49.108226 112.980783
1041.765319 419.053557 46.533955 112.617637
1041.128092 418.701803 46.945120 112.173089
1041.286930 417.234408 49.523896 113.620397
1040.173904 415.949271 53.262838 112.381592
1036.194455 414.602281 59.690311 112.908067
1033.699790 413.515616 63.374763 113.923129
1035.236668 413.818649 62.183106 113.831342
1039.065666 414.912935 58.621017 112.115865
1040.492632 415.641222 55.731152 110.002049
1043.219911 416.405287 49.659511 108.238677
1044.163080 416.040542 46.403752 110.853700
1042.841180 415.418517 45.174403 113.705024
1042.621336 415.074069 49.352796 115.524680
1044.997920 414.635000 51.115274 116.446088
1042.950215 414.215229 56.740013 115.490538
1040.326220 413.779209 61.999612 116.462647
1042.738746 414.768438 61.759707 115.464939
1046.721207 415.934916 57.639488 114.309175
1049.495946 416.199571 53.605959 113.811773
1051.905481 416.781182 50.117345 114.776934
1050.861343 416.156059 47.626660 115.395735
1050.283132 416.141863 46.874638 113.871383
1051.441675 415.149957 49.832815 115.659857
1052.980873 413.628329 51.506699 114.728000
1051.926959 412.847520 55.981358 114.622934
1048.947780 412.269623 63.092829 114.744531
1049.770953 412.885890 64.759287 113.940523
1054.022607 413.770618 61.870275 112.997915
1058.941054 415.252218 57.857777 110.669282
1061.635012 414.587633 53.357647 110.369272
1063.586676 413.314198 48.894754 110.784772
1063.772421 412.854370 46.723063 113.691923
1063.391382 412.506536 46.679198 115.984227
1063.813048 412.027908 49.261430 117.503752
1064.844415 411.487249 52.064719 116.441106
1060.931846 410.633686 58.733252 117.358938
1060.167243 410.918484 61.336597 116.473105
1064.291869 412.585304 57.800832 114.539076
1067.852872 413.432785 53.604011 112.995936
1069.254082 413.372524 50.392671 112.454809
1069.984158 413.657849 46.915551 112.978600
1068.598191 413.146804 45.782180 112.114847
1065.890085 412.514724 48.965452 112.414145
1068.647441 411.503801 49.290888 112.620411
1067.600389 409.706244 53.274527 112.379057
1063.675282 407.800768 60.209435 113.843781
1062.444017 407.262583 63.833255 113.918934
1064.622536 407.777943 62.056293 113.317332
1066.700651 408.915692 59.815007 111.506813
1069.962151 408.979369 54.911982 110.894970
1070.984307 408.747902 49.916226 110.149990
1069.378735 408.256560 47.896282 110.879170
1066.539259 407.051888 47.656195 114.026667
1065.951930 406.779602 50.132331 115.601804
1065.672243 405.639853 52.372985 116.153555
1061.568732 404.523716 57.830496 115.856000
1056.724664 403.750230 62.823899 116.400311
1056.039616 405.423426 62.936272 114.754033
1057.657311 405.310338 57.898144 114.608566
1058.546911 406.770288 54.044355 112.110927
1056.457926 406.267549 51.089819 111.806329
1052.188295 406.292829 48.682880 112.602174
1049.269475 405.226627 47.001704 112.189661
1047.006399 403.983484 50.166188 112.973287
1044.967760 402.148305 51.840114 113.021229
1039.686969 400.872999 57.748590 113.226272
1033.042128 399.945164 63.501098 113.073743
1029.696501 400.060745 65.722785 112.467959
1030.894082 401.075505 62.134410 111.927276
1031.117351 401.815305 58.251696 110.681659
1030.499541 402.288691 52.264336 108.613527
1028.516459 403.205677 47.969755 106.991177
1025.338187 402.376159 44.951064 109.644596
1021.276321 401.890158 46.570224 113.868432
1020.186611 401.308720 50.287193 114.928820
1021.015435 400.034816 53.693294 116.242824
1019.583609 399.097115 60.204726 116.574012
1021.602676 399.333323 62.002751 117.381202
1027.630298 400.761326 58.547375 114.980270
1033.111476 401.712642 53.553685 113.654946
1038.574258 402.277330 49.253498 113.480859
1040.982339 402.907536 46.020720 112.328676
1042.307503 402.652604 45.064041 111.749695
1044.594670 402.109465 46.004572 112.223931
1047.075580 400.637145 48.780390 113.170721
1047.906539 400.220085 53.600012 111.966321
1046.183306 398.959060 61.354458 112.756435
1047.170949 398.476701 64.468435 113.875565
1052.629122 399.695395 61.754539 112.629260
1058.285049 400.739698 58.105860 111.283367
1063.668843 401.287401 53.439088 110.613278
1067.847454 401.563307 48.389676 109.948471
1068.874926 400.974887 46.846818 112.123336
1070.427761 401.528807 46.089579 112.660747
1072.858512 400.974293 48.276318 116.414835
1074.681074 400.553002 51.812200 116.638223
1072.912744 400.065971 58.772844 116.667099
1072.682437 399.904224 62.671807 117.202015
1076.369752 400.904583 61.319391 116.264554
1082.129524 402.700952 55.673353 114.368946
1086.683843 403.396069 51.778669 113.373475
1088.895228 403.841130 48.916307 112.704668
1090.336113 404.001633 45.768561 112.048787
1091.061253 403.893717 44.839217 111.965750
1093.045365 402.759726 48.435578 113.438784
1094.607219 401.785595 50.557499 113.520609
1091.686336 400.907698 58.235933 112.853572
1089.573438 400.141200 64.210639 113.538693
1092.372424 401.806215 64.442485 112.666835
1096.663746 401.940621 61.674488 112.513206
1101.345591 402.436309 56.993344 111.323335
1105.411367 403.163371 51.856772 110.159566
1107.959510 402.672615 46.706934 111.512125
1108.290071 402.137655 43.937327 114.354080
1106.917845 402.788101 46.997455 116.117600
1107.114605 402.267368 49.012511 117.043372
1104.247891 402.042803 54.503217 117.127307
1099.635459 401.807347 60.374245 117.141924
1099.058824 402.003754 61.519092 117.715286
1101.450950 403.995944 58.023048 115.949329
1102.544407 404.302178 53.940135 115.479641
1102.587917 404.321529 48.928525 115.701792
1100.665040 405.409682 45.952108 115.046358
1097.511743 405.661545 45.044163 113.483994
1095.388437 406.822129 48.738052 112.378792
1092.593991 405.858166 51.748727 112.215280
1087.295344 405.019714 56.931679 113.494386
1080.815460 404.962778 63.250715 112.840909
1077.450461 406.169579 65.378395 112.695352
1078.445049 407.415218 63.122366 112.070830
1078.865612 407.991679 58.996309 111.748651
1078.737715 408.260601 53.324825 110.848449
1077.801965 408.449042 48.036943 109.910622
1073.276563 410.223935 46.224173 111.111976
1070.028156 410.239537 46.046187 114.348535
1068.075809 409.860912 48.532770 116.262776
1063.614432 409.109664 53.461305 117.505643
1056.852255 408.219260 60.012646 117.737540
1055.445029 409.572134 61.854740 117.589980
1058.160046 411.062136 58.108495 116.217013
1060.811363 413.283941 54.097713 113.821374
1063.334201 415.200942 49.097132 112.532143
1063.550245 417.095387 45.416804 112.126401
1062.949209 417.697304 44.257839 110.606005
1061.609220 417.586434 46.649810 111.206332
1062.061210 416.904867 49.418305 112.581654
1060.725128 415.975261 53.022454 112.542420
1055.734463 415.156309 60.248905 112.816242
1053.382779 415.600582 65.262541 112.501282
1055.075123 416.881584 64.513682 112.159876
1058.469940 419.045137 60.513725 110.089112
1060.021462 419.951987 56.748735 108.485095
1061.894869 420.729806 51.464704 107.402403
1060.882659 422.905878 48.354251 107.629579
1060.282997 422.287133 45.329321 111.416908
1059.981593 422.632752 48.824757 114.678647
1059.952481 422.267425 51.163440 115.149383
1056.641309 422.719559 56.471346 115.434804
1052.571336 423.825854 62.684481 115.501641
1053.293118 425.274089 62.311002 115.116430
1056.171578 426.894103 58.101869 112.863608
1058.233270 428.766754 54.009008 110.860319
1059.172507 430.105688 49.745900 110.180179
1057.193066 431.432546 47.318759 109.773561
1055.394729 431.637847 46.370357 108.445613
1054.725896 431.598749 50.085231 109.723855
1054.350741 430.892591 52.439397 109.866678
1049.133771 430.900020 59.498432 109.248328
1043.738136 430.950565 66.509720 110.192669
1043.341145 432.484950 66.983142 110.826746
1046.365298 433.888148 62.312324 109.658963
1047.565994 434.784453 59.021217 109.230324
1048.199527 436.568983 53.762842 106.369549
1047.430787 438.237814 48.899384 105.093102
1044.699681 438.872068 46.939361 108.577192
1043.719461 438.775556 47.322432 113.260072
1041.698700 437.945610 50.831311 114.452022
1037.183971 438.103702 55.895697 115.815579
1030.146648 438.335909 63.207885 115.905934
1028.943341 440.420261 63.815136 115.410331
1031.384961 441.190665 58.921397 114.768592
1031.863333 443.095981 55.071697 112.591506
1031.501480 444.601271 51.922196 112.037422
1029.327671 445.572620 47.571423 111.840512
1025.013816 446.386851 46.800255 110.939376
1021.626524 445.485048 49.900674 111.696869
1020.725140 444.962807 51.856138 112.343402
1015.093789 443.941414 58.973584 112.900190
1009.225468 443.396629 64.952574 114.373835
1006.469957 444.536001 67.797160 114.523265
1007.836661 446.659476 65.066464 113.434487
1009.081588 447.350928 60.950734 112.651840
1010.431189 448.886400 55.897568 110.739213
1011.519144 450.338901 49.005567 108.683261
1009.740691 450.746383 45.598947 110.352417
1006.447018 450.784689 46.040352 114.842329
1005.223779 450.628422 48.384779 116.967925
1002.218791 450.115773 53.458058 118.339292
994.720287 450.402958 62.150209 118.685663
992.936098 451.202774 64.312470 118.401087
995.297199 451.499161 60.256750 117.705366
997.103112 453.623872 55.711300 114.937319
998.263789 455.541311 50.794769 113.906437
995.551395 456.549710 48.324198 114.584556
992.895000 457.350224 47.164602 113.756394
990.511711 457.925597 49.428954 113.782921
989.856457 457.544380 52.232712 113.213222
987.780388 456.316823 55.832227 114.124909
982.026130 455.888667 63.094656 114.108762
980.359615 456.439602 66.029228 114.358242
982.288377 458.177039 64.047639 113.329471
984.726495 459.197378 60.274179 112.345028
985.892343 460.188558 56.497158 110.486144
987.091729 461.708126 51.062164 108.956009
986.296123 462.944540 48.190033 110.448719
985.220522 462.936746 45.974937 114.080252
984.789072 462.978556 48.949860 117.316515
983.268141 462.921475 53.479632 117.286024
978.382327 464.338793 60.179681 117.439093
976.655370 464.923457 63.104336 117.630502
978.968113 466.136157 60.134027 116.858612
981.792651 468.099398 56.213028 114.631301
979.794049 469.847336 56.390324 113.013592
979.717955 471.059867 52.725193 112.676331
976.291212 472.015083 52.627801 111.318688
973.537747 471.352750 54.921707 112.385595
976.346521 470.451075 55.033618 113.505129
978.264305 469.794422 55.429522 113.400789
974.561670 469.698327 62.288629 113.384743
972.532529 469.684431 66.538265 114.500367
975.139930 471.219954 65.014989 114.111850
977.840272 473.099312 61.976470 112.154436
980.446818 474.676548 57.409660 110.399314
980.604417 476.020681 54.305441 108.274621
981.815437 476.504563 49.341285 109.479641
980.340427 476.543986 48.007949 113.106939
980.223760 475.936640 50.765919 117.358703
981.756763 475.458185 52.201639 119.452266
979.028897 477.288866 57.821487 117.309732
977.124272 478.760933 62.637962 117.710176
978.606230 480.096886 61.755951 117.120410
981.970803 481.303838 57.770955 116.031676
983.651510 483.139146 55.118299 114.353079
983.298066 484.525174 52.717446 113.476350
982.634042 484.500771 49.668161 114.071247
980.914494 484.654409 49.644868 113.135653
980.617104 485.234417 52.751578 113.662902
981.456306 483.767582 54.079649 113.666233
978.195795 483.097487 60.740234 114.593908
975.572802 483.372129 64.743487 114.650999
977.109424 484.726903 65.038143 114.662389
979.874433 486.679408 61.830377 113.330101
982.216642 487.226633 56.983496 112.301677
982.167190 488.926717 54.033594 110.442324
982.130012 489.802491 50.103402 111.436042
980.850818 489.465369 48.116054 114.861735
979.671388 489.937669 51.652121 116.864228
979.698362 489.309324 55.006966 118.978620
977.241167 489.859155 60.276393 117.842202
974.247279 491.137692 64.688383 117.913131
975.709378 492.277722 63.193746 117.872228
977.602493 494.220071 59.343389 115.441873
978.995729 495.578682 54.833024 113.888004
977.017135 496.202780 51.772227 114.308711
974.227999 496.626910 49.774512 114.376964
973.481160 497.097939 48.473407 113.053420
972.465727 496.494835 51.566727 114.674647
970.861979 495.406449 55.308586 114.027350
964.626037 493.931471 63.080132 115.276425
961.665095 494.146978 67.232398 115.531514
962.403466 495.139416 66.349526 115.449035
964.482097 496.101180 63.056594 114.782878
965.557013 496.350977 59.419339 113.548528
966.869791 497.452201 54.555962 112.251506
966.342082 499.003791 49.806200 112.400561
964.567867 499.596571 47.750538 115.911288
963.423266 499.191178 50.794174 120.032439
962.291792 499.069537 54.015207 120.052261
957.303038 499.328968 61.730771 120.350055
952.788399 500.216251 67.003055 119.837296
952.730700 501.177167 66.010496 120.402521
955.000659 502.431778 61.208273 119.229164
955.117588 504.598955 58.704961 116.178515
953.565530 505.424481 54.926966 115.945585
949.611434 506.260261 53.949892 116.264042
947.042056 505.900501 52.504061 115.504534
946.116786 505.023222 53.504858 117.210240
945.941309 504.707139 54.959875 116.313426
940.209576 504.958570 61.081446 116.051800
934.432406 504.668542 67.066072 116.400582
933.138510 505.132255 67.455061 116.560938
933.509579 507.297281 64.590327 114.383620
933.340944 507.765384 60.609843 113.553944
932.639136 509.646709 55.973201 111.728064
928.996843 510.638874 52.361003 111.841843
923.736546 511.296311 50.774703 115.980528
921.178432 509.957877 54.447314 119.700465
921.382195 510.246958 54.807773 121.268304
914.695483 511.384338 62.257979 120.264953
908.849076 511.064704 68.232540 120.703214
907.496583 512.803427 67.147055 120.184524
907.571262 514.533049 62.842567 118.798494
907.491898 515.801998 59.308531 117.017898
905.004255 517.243133 55.641463 115.868912
902.598574 518.709137 51.087444 115.402048
898.885617 519.518497 50.228036 113.569776
896.280530 518.630130 54.144364 115.410354
892.771466 518.172290 57.701440 115.035616
887.919303 518.142419 63.152574 115.337568
881.986535 517.792336 69.316936 116.543196
880.656372 518.167748 69.483378 117.324965
881.730727 520.692252 66.975249 115.445043
882.202338 521.639551 62.706381 114.192455
879.936177 523.017250 59.413058 112.170167
876.196509 524.358367 56.344644 111.458979
874.122792 524.596580 52.476769 114.581494
872.571647 524.886587 53.990666 118.879019
872.891000 524.194839 55.376571 121.068327
867.586496 525.547805 61.768120 120.548363
861.432859 526.185015 67.913527 121.044829
860.474721 525.975227 67.616643 122.800592
860.969396 528.897692 63.640803 120.485586
861.220641 530.763432 60.932716 118.263910
859.576220 532.722135 57.541518 115.948183
857.298264 533.790429 52.577716 115.895000
853.841666 534.109023 51.947636 114.725781
852.215013 533.252452 55.606514 116.204944
852.549382 532.077388 55.903797 116.427305
847.986009 532.296345 61.753473 116.323337
842.347108 532.395602 67.687585 116.610838
841.671949 532.859042 68.353119 117.605996
843.532063 534.718191 65.723191 116.214481
844.787037 536.565900 62.266774 114.154039
844.885003 538.282925 58.638517 111.671188
844.638628 539.115564 53.216205 111.653993
842.920573 539.758543 50.114394 114.321121
839.741531 540.758325 53.247953 117.169445
839.941275 540.098369 54.894277 117.402879
836.638244 541.137703 60.068487 118.449343
832.135607 540.280501 66.020452 121.517864
829.179427 540.959556 68.539613 121.994253
831.434329 542.849188 64.416775 120.941930
833.535815 545.069148 61.188209 117.819683
833.229376 547.307157 57.380358 116.190441
829.806174 549.061873 55.003680 115.569027
829.871007 549.612634 51.614745 113.982801
827.725057 549.116909 52.286203 114.414088
826.927165 548.730533 57.172390 115.567801
825.085453 548.787227 60.419295 114.570663
819.321150 548.010385 68.835165 116.049435
817.764835 547.806305 71.719476 117.926945
820.962642 551.135948 68.052920 116.235362
823.406974 552.718910 64.224497 114.796468
823.998486 554.306173 60.722079 112.947556
824.953230 555.511530 55.660094 112.122586
826.261404 556.714033 49.981886 113.358704
823.879565 557.787766 50.992562 117.514826
824.013737 557.105671 53.168694 121.103180
822.622200 557.835262 58.079166 122.128924
818.310846 557.256877 64.984484 123.049445
817.632553 557.437456 66.553581 123.945506
820.185327 560.268597 62.818814 122.257125
820.968484 562.125520 60.201524 120.481043
820.868737 564.742142 57.463967 119.274424
818.580714 567.046601 53.904935 117.274293
814.541487 567.918701 52.530331 116.737265
811.845709 568.242266 52.688745 116.370203
807.784201 567.552763 57.292249 117.012023
805.119699 568.024470 59.689750 116.243021
797.629315 567.998065 66.755923 117.268123
793.202188 567.758202 69.415468 119.325440
791.115925 570.196196 68.228123 118.281801
789.639751 572.958672 64.911299 116.532561
787.308090 575.182506 58.705645 114.535455
782.766428 576.982061 54.487047 112.172886
776.419835 577.909133 51.363241 113.867138
768.360514 578.415402 52.481550 119.317812
763.768641 579.686317 56.162969 122.527807
758.535663 581.283418 59.237190 122.875369
749.112140 582.483616 64.621395 122.945555
741.742476 583.420038 67.630830 124.514239
739.028036 586.097855 65.516593 122.774536
734.990852 589.050403 63.122967 120.349411
730.910275 591.102865 58.806279 119.220289
725.942314 593.572106 53.554338 118.204393
719.605095 595.161111 50.389250 118.191306
714.162141 596.584012 51.151415 116.002621
708.359398 596.730549 56.651680 117.386227
702.403770 597.492437 60.079316 115.838259
691.447315 597.543745 67.401882 116.835260
685.934850 597.643746 71.431801 118.721865
685.229382 599.774443 68.545391 118.861881
685.290072 601.953017 64.936257 116.673899
684.623371 603.951093 61.356052 114.492676
683.196267 605.027969 56.626028 113.067112
680.461945 606.211673 53.112063 113.483323
677.039314 606.810162 51.635411 118.247022
673.647104 606.971683 56.892520 122.176684
672.526011 607.117941 60.609355 123.877433
668.095726 607.397421 64.984985 123.620142
663.849975 608.098375 69.269920 124.056939
663.784883 608.956664 67.112206 124.777124
664.606551 610.231405 63.706881 123.112666
663.944782 611.833541 61.043041 121.516326
663.164546 613.093524 57.205012 120.067450
660.808539 614.267120 53.526559 119.056607
657.846716 614.139930 52.294404 118.204381
655.198362 613.935073 56.602664 118.566211
654.422541 613.478436 59.719003 117.203477
651.911783 612.455700 63.995895 118.158324
647.139712 610.895466 69.946780 120.378582
646.495282 611.315185 71.585734 120.744296
648.252235 612.175898 69.468897 118.939426
650.248077 613.249706 66.032369 116.237368
651.992448 614.765307 61.455653 114.141970
654.014559 614.176064 55.763282 113.246456
653.487028 613.202587 52.047435 116.088061
652.443405 611.822587 55.087578 121.146202
653.247875 610.259594 58.632467 123.623554
653.906723 609.069075 61.257645 124.331216
651.299706 608.233643 66.212621 125.039393
651.425299 607.534566 66.957371 125.426560
655.388720 607.623279 63.701113 123.465215
658.570650 608.544329 60.336306 120.777870
660.773087 609.186463 57.113880 119.139374
661.450650 608.268932 53.447599 117.398096
662.070582 606.142008 51.681180 117.590735
663.679169 603.937870 53.168690 118.341082
666.247558 601.848611 56.511095 117.672915
666.717665 599.877294 61.335249 117.198583
664.734751 598.161887 67.375453 117.810066
667.813531 596.240721 68.089221 118.600919
673.159847 595.576527 65.796683 116.583988
678.024059 595.022137 62.947845 115.212536
681.317960 594.236072 59.216555 113.490798
685.915474 592.601258 53.769239 113.785625
686.788537 590.579728 51.659160 116.428607
690.515122 588.382524 53.954813 121.208252
694.055790 586.803914 57.924276 122.224131
696.572304 584.552065 61.123599 123.055380
695.847594 581.950996 67.030234 123.372006
699.680989 580.805575 66.766365 123.396642
706.406279 579.417410 63.857404 121.797189
711.468073 578.862108 60.272010 120.746843
715.262370 578.276940 58.427290 118.725899
718.973418 576.713815 54.476398 117.154999
722.617383 574.840260 51.515935 115.566421
725.490241 571.467029 53.461645 117.830535
730.078003 568.722479 56.740907 116.231058
733.862187 564.706944 60.433396 116.537421
735.614686 560.908832 65.395020 118.812220
738.337556 556.792182 69.383688 122.220638
745.090745 557.064847 67.801773 120.055485
752.283460 550.229519 64.614257 124.327305
758.778229 548.077922 61.251552 124.260102
763.337892 551.142224 57.975333 118.355028
766.391921 553.517033 55.406898 114.509591
770.205613 550.870804 53.225006 119.467566
773.616613 549.360658 59.192294 120.637185
779.080983 547.091559 61.748575 122.127820
784.237717 544.595585 63.734229 122.201869
787.345866 542.140002 67.976138 122.568672
794.406144 541.828381 66.191143 121.346336
802.300652 541.214456 62.337656 120.244290
808.392397 541.273421 59.545590 118.875810
813.837963 539.871303 56.249971 116.544387
819.528958 537.528432 51.932631 115.523357
825.246915 535.891304 48.811433 115.814480
830.263081 532.800259 52.812149 115.205464
835.735382 529.226855 57.072205 115.000470
838.620747 526.787014 62.508451 115.072066
841.725972 524.045185 67.639635 115.740474
848.322860 522.175868 67.645690 115.989553
857.927343 521.962304 63.956808 113.992522
866.597088 521.058341 60.258118 112.908661
873.536896 519.213125 57.385925 112.843340
878.805143 517.548787 53.730557 112.024035
881.322199 515.123043 53.481879 115.355563
889.901659 512.408014 52.466721 118.799251
896.618975 509.532392 55.295521 120.585295
901.195423 507.040473 58.651786 121.065760
904.079959 504.747706 63.668165 122.138739
909.739575 503.385045 64.349927 122.051498
918.320155 503.499512 61.475695 120.765864
926.180910 502.351984 57.791019 119.751432
932.113969 502.128117 54.752724 117.414287
938.985774 500.745625 50.134641 116.261743
944.707073 499.021807 46.757113 116.084440
949.939639 497.330346 49.961937 114.983125
955.618848 493.867909 52.539760 114.954444
958.267735 490.478854 59.874686 115.768103
960.490806 489.094492 65.700448 115.328022
965.239249 486.774814 67.806963 116.439884
974.095567 486.242994 65.178422 114.981204
983.115845 485.125517 61.418572 113.982059
990.172115 483.864005 57.818105 113.246599
995.642383 482.749786 55.150987 112.775405
1001.631974 481.267796 50.868163 113.886048
1008.035165 479.348908 50.103323 118.318914
1015.161156 477.534806 50.787779 121.516945
1021.686699 475.167088 52.972569 123.309634
1024.837087 473.974034 57.751380 122.622276
1029.686246 473.059059 58.940483 122.273634
1037.393670 474.391176 57.058052 119.827220
1044.425085 473.134579 54.064875 119.324666
1049.837512 473.181042 50.765051 116.894933
1055.559305 472.255036 46.608612 115.648880
1060.763565 471.104051 43.904115 115.493644
1064.649581 470.636135 46.352068 113.811965
1066.859127 467.528235 50.651660 114.030870
1067.985093 465.470682 55.681866 114.217907
1066.742132 463.446775 62.929914 116.342423
1068.490987 461.773930 65.441163 118.725613
1072.477950 461.432682 63.901621 117.811107
1075.354853 461.459520 60.406569 115.950023
1077.851600 459.385770 57.269458 116.942263
1076.935963 459.263689 54.967738 114.233259
1076.701121 458.794690 51.184134 114.431327
1076.467903 457.559050 51.415517 117.681330
1078.225292 455.743867 50.974312 121.747070
1076.695183 453.915825 53.203539 123.291993
1071.537645 452.856933 58.280313 123.297173
1068.131976 451.840396 59.820554 124.138246
1068.318841 452.498154 55.961478 122.683238
1068.030637 453.861687 53.390039 119.135605
1064.811877 454.424545 49.878686 118.028380
1060.874657 454.417607 45.221734 117.601627
1056.051714 453.933267 43.361322 116.391030
1051.545060 453.515722 48.936413 115.312538
1045.823389 452.351908 52.552856 115.787505
1037.270294 451.509565 59.580458 116.382920
1029.343423 451.277590 65.663852 116.679784
1025.572253 450.795495 67.555689 118.724950
1025.183279 451.731298 64.587568 117.986377
1024.322606 453.210353 60.038984 115.994175
1022.424423 454.022543 55.466075 114.233575
1016.417125 455.023851 52.544552 112.658850
1011.699978 454.879655 51.358363 114.613220
1008.541973 455.189606 49.731607 116.733963
1005.157772 453.957867 52.324641 120.957625
1002.172503 453.570298 54.311736 122.136941
994.353145 454.477096 60.551746 123.256221
989.173041 455.527723 62.945386 121.574906
988.331982 457.178527 59.731665 121.162482
986.103624 459.724100 56.718962 118.943776
983.864926 462.450372 53.252423 116.147477
980.594645 463.321994 46.996430 116.017753
975.445665 463.825799 43.958188 116.334333
970.273755 464.229385 45.540769 115.060002
965.495502 463.950912 50.937228 115.286617
957.410926 463.527090 56.823567 115.413817
947.369637 463.808682 64.607803 114.789075
940.885357 465.074992 68.104229 114.382404
938.568893 465.092717 65.426029 115.615327
935.895147 467.750478 61.945166 113.088304
933.557460 469.662272 55.700852 111.055091
930.413392 472.367684 49.683586 108.166455
918.073625 473.223917 51.912835 109.874876
913.845535 472.283087 47.738344 115.092663
910.179182 472.885555 50.588865 119.000716
905.523388 472.958062 53.162624 121.617037
897.455678 474.148498 57.888402 122.229757
890.676271 475.963876 60.440590 121.578099
887.184544 479.475206 58.903148 118.075899
883.506138 481.905990 57.447869 115.973537
878.724605 483.916966 53.697448 114.934762
873.575215 485.969755 50.123207 113.969302
867.824204 486.951098 46.923351 113.712769
862.032476 486.860905 48.353641 112.630181
856.488089 487.559210 54.068007 112.827516
852.081213 487.935292 57.211542 111.988115
845.310949 487.921726 63.517523 113.198496
841.631055 488.060740 66.795533 115.051292
840.004983 489.411469 67.234273 115.630043
840.530374 490.949046 64.181497 114.805434
840.996296 493.621292 59.702092 111.632472
839.266921 494.846979 54.944891 110.654883
832.330322 496.182328 55.275212 108.766437
827.733678 497.615565 54.240942 109.329184
825.806412 497.760771 54.219897 115.156273
824.300046 497.092124 56.211217 118.059907
822.729243 496.696542 57.856772 119.926969
817.285985 497.439393 62.474008 120.395585
815.402455 497.738482 63.076129 120.945809
815.369831 499.701019 60.854215 118.812737
813.296554 501.707040 59.824546 117.567953
809.243735 503.468272 59.163563 115.483040
808.432331 504.814304 52.852280 113.720624
806.343307 504.713774 50.410875 112.749540
802.781813 504.133297 54.374114 113.605764
800.927627 503.662808 56.704375 112.763543
799.229927 503.185928 59.753004 113.144826
793.572660 502.986763 66.427517 114.089210
791.963989 503.722393 68.019028 115.160326
793.712796 504.327971 64.741340 114.490059
795.301539 505.612432 61.096616 112.653037
795.698556 507.266450 56.619600 110.388018
793.271357 507.713443 52.762235 109.228805
787.261429 508.170692 53.725807 111.520103
785.913099 507.725350 53.962789 116.052625
784.941016 506.894510 57.489590 119.151921
784.800623 506.837950 59.242654 120.371951
781.230022 506.824167 63.465984 121.350179
778.459335 507.534956 65.661886 121.481246
779.523455 509.777296 63.308320 119.572540
780.969894 511.421112 59.661616 117.672720
779.509809 513.128925 57.154681 115.649143
778.469365 514.840063 52.474667 113.931319
776.193976 514.798196 50.537339 113.256154
773.073434 514.105198 53.283251 112.451785
771.922254 513.470463 56.195582 112.450622
770.891545 512.307121 59.032250 113.096171
765.911185 512.121618 65.948272 114.049256
764.346862 511.990436 68.735334 115.952425
766.476101 512.360635 65.753932 116.199672
768.365089 514.293376 62.426345 113.535973
770.648765 515.637346 56.699904 111.923009
769.464607 517.025238 52.950280 109.393939
765.494021 518.020510 52.666047 110.563836
763.781228 518.875572 52.812414 113.497915
762.601235 518.324844 56.272886 117.382503
761.363654 517.345111 61.100477 120.206219
759.253398 517.002739 63.702671 120.270730
757.469154 517.868722 66.276238 120.903171
758.583096 519.277344 64.607955 119.991256
760.014113 521.105186 61.818052 118.134961
758.668108 522.677484 60.165802 116.099980
758.350266 523.630792 55.977936 114.786654
757.293565 524.761693 53.010237 112.812587
756.313914 524.274341 52.823929 112.749738
754.856596 523.431310 57.406455 112.541263
755.395617 522.456170 60.711183 113.368577
752.678467 519.917321 65.887726 117.297317
749.840155 520.975148 70.769864 117.557571
751.273111 524.001569 70.121492 116.132988
754.590225 524.482965 65.642279 115.229496
756.779911 525.258870 61.468674 113.818305
758.232128 526.002061 56.075450 112.183907
756.846897 526.975097 53.148180 112.757969
755.447016 526.860741 52.291208 116.652466
755.124624 526.146489 56.897165 119.905286
755.467147 524.502995 60.313697 122.827776
753.583577 524.183197 63.911698 122.530767
751.533366 524.957654 67.667752 122.072235
751.697456 525.492893 66.842307 121.566573
756.779509 526.879969 60.883375 120.197469
757.366149 528.524192 58.173145 118.694224
755.813245 530.027348 56.436653 116.696006
753.780699 530.751669 55.058932 114.805142
754.186145 530.139337 55.483216 115.159486
756.529477 529.588542 57.875842 114.795089
756.665718 528.841218 62.055688 114.438933
754.465911 528.053411 67.526889 115.811501
752.600343 526.634501 71.239512 118.230847
754.297894 526.215949 70.738696 119.098367
757.529505 527.725525 67.434319 116.332057
760.491416 528.081267 62.724540 115.283587
762.690652 528.216941 56.609983 113.860957
764.694279 528.962771 50.403377 115.507434
762.915220 529.274313 54.092992 117.672665
762.524185 528.667894 57.597055 120.243070
763.444569 528.210939 60.795383 121.511484
759.734360 527.563176 70.452436 122.326708
757.830522 528.909211 72.553458 120.089664
759.453187 529.966815 72.682352 119.203919
762.186689 534.082481 67.052597 114.981279
763.151531 530.942101 61.965248 117.726612
762.242098 532.492990 59.388127 115.731143
760.602563 531.851077 58.506991 115.561905
762.090877 531.865189 57.388456 114.634133
760.567500 533.886611 60.996604 111.700611
764.833088 533.117304 61.216338 111.713815
760.618754 533.070425 68.650180 111.840798
762.825876 532.837632 69.355678 112.969113
763.607289 537.490714 69.244751 108.960707
764.388625 536.046482 67.909540 111.078325
766.335108 532.141475 64.407034 116.285634
767.847104 531.005227 58.959590 117.609688
766.956731 530.614586 55.255479 117.572995
765.412746 531.588864 51.154523 118.896117
766.102713 529.745096 54.537162 122.788770
767.655683 528.652385 59.886498 124.695950
766.226445 529.734590 67.491918 117.759843
764.862953 529.788665 71.862082 119.797069
766.429831 530.604862 73.498891 119.168901
768.415974 530.966808 71.585912 118.917654
769.764894 531.389896 64.610026 119.069132
769.186143 533.120865 56.402450 117.906478
764.384145 533.905046 58.655865 115.823005
762.625185 531.821617 56.387458 117.680248
764.551876 529.919290 58.080257 117.209416
766.428242 528.767398 61.879275 117.148134
767.946495 527.766185 64.510977 118.289280
767.281117 526.649834 66.350848 119.104656
768.549623 525.992692 64.992244 120.345644
770.246140 527.566977 62.743574 118.166272
772.132608 527.717241 59.573902 117.504783
772.719658 528.698817 55.527506 116.408322
771.649815 529.769455 54.250086 115.742101
769.512495 529.769896 56.972783 117.654472
769.015809 528.327852 61.967694 119.479373
768.678007 526.942656 64.147524 119.940049
767.372836 526.486252 65.369165 119.255676
766.034321 526.639838 67.476265 117.643384
766.489408 526.547104 68.738720 118.005966
769.413385 526.914651 63.193585 117.788496
769.812310 528.121777 61.133592 116.319929
769.368606 528.839755 57.322166 115.241941
767.581273 529.063654 54.188597 115.847487
766.517613 527.853913 53.816935 115.704827
766.186139 525.917148 55.877891 116.448914
766.813873 524.034640 57.823300 117.992011
764.843967 522.849945 63.383093 117.999191
762.238278 522.701752 67.699709 118.176677
763.144420 522.807249 68.314243 118.293060
765.402414 522.692315 65.018942 117.941775
767.089006 522.918508 60.117120 116.734604
766.962722 523.572098 56.611687 114.648951
765.810732 523.945847 52.820912 115.872251
764.689942 522.754879 51.155678 117.721430
763.737738 521.778421 55.796111 118.590200
762.698302 519.961188 59.226174 119.306308
758.509605 519.492249 66.874877 119.339152
755.199949 519.155267 71.868272 119.281276
756.485678 520.097961 70.270191 119.189812
757.050072 520.740326 67.900830 118.290698
758.608777 520.604312 62.871740 118.440073
759.919433 520.513682 57.188364 118.148255
760.509159 519.355893 53.310584 118.750353
760.206501 517.152034 50.867805 120.575831
760.007858 515.764535 54.182325 121.580131
759.558439 514.169053 57.379572 122.143466
756.851240 513.348176 62.074791 122.820922
754.384072 513.105131 64.901159 122.135362
754.487640 513.212081 65.861202 120.374866
757.083572 513.617563 61.411060 119.197733
759.177449 514.015075 56.565971 117.436750
758.261870 514.061796 53.831934 118.788187
756.565215 514.017489 51.340864 117.731724
755.257777 512.853769 51.431336 119.893814
755.831062 511.680355 54.702976 119.276440
753.100735 510.090646 60.453023 118.864296
749.086309 508.322015 65.636017 119.408492
746.089113 506.570425 69.502283 120.212176
746.990181 506.855730 69.657530 119.744820
748.105711 505.986654 68.226077 121.068306
750.416388 506.152118 64.113119 120.389491
752.738221 506.277634 56.985442 120.074892
751.685915 506.781657 52.910582 119.430813
752.048417 506.484113 49.114432 118.968830
750.788548 504.374848 51.288562 120.803211
750.303391 502.107414 54.082956 122.418879
750.539669 499.583158 56.669468 124.177675
747.483805 498.398117 61.827105 123.939776
746.848998 497.190202 62.694278 122.754707
748.246661 497.451076 61.332653 120.830962
749.134010 498.348833 56.520757 119.304777
748.394762 496.808437 52.644404 118.555243
747.774912 496.260288 50.535172 118.557789
746.223247 496.146457 50.463446 117.953426
746.326667 493.796708 53.079692 118.777172
747.849679 491.449366 54.120001 118.104995
745.374858 490.420767 60.080157 117.456242
742.460425 489.458723 64.770048 117.677066
742.844286 488.602880 64.833106 116.415577
745.818325 489.121774 61.534189 116.100239
747.505719 489.641844 59.137724 113.991140
747.709969 488.761369 57.235081 114.466014
747.087780 488.296313 54.780682 113.711034
747.019201 485.822591 49.855881 116.486649
746.393667 483.649833 50.622849 119.411787
745.988697 481.580355 54.108644 119.527531
746.897568 478.941008 54.820269 121.799033
746.399235 477.276394 57.775366 121.715568
745.232407 476.445463 59.723376 121.218490
746.874384 475.564330 57.289627 119.602833
747.602616 475.220469 55.208901 116.680351
748.063025 474.443509 52.113413 116.914454
747.288092 473.796564 50.597172 116.747527
747.302398 472.850685 46.775971 115.959944
746.760456 471.166180 49.053136 116.586874
747.322174 469.290252 51.970672 115.630846
745.272973 466.867390 57.897789 116.056015
742.857940 466.625350 61.821074 115.246129
741.948787 465.748484 64.189991 114.545393
743.694101 466.034939 62.756663 113.787352
744.009671 465.855612 62.368056 113.172359
744.012840 465.254546 59.668809 113.485782
743.404409 465.955378 58.139132 112.219216
743.700431 465.162612 53.583559 113.448793
744.627563 463.295950 49.257391 115.148280
744.801218 461.458806 51.517213 117.310263
745.264295 458.987949 52.854674 119.151045
745.239023 457.592270 54.566168 120.248794
744.985570 456.869019 56.548288 120.679293
746.425614 457.332966 54.614043 117.464892
747.338063 457.538934 52.667833 115.791779
746.986213 457.356915 51.007048 115.516936
746.388837 456.325899 49.297474 116.881587
746.227543 455.718192 47.596235 115.856598
746.187408 455.186609 49.091233 114.982908
746.792950 453.668085 51.813205 114.042072
744.856607 451.720667 56.362637 113.994827
742.956342 451.220990 59.789004 113.687854
742.686626 451.361164 60.754684 113.053572
744.349284 451.437955 60.244746 112.374276
745.898205 451.960814 58.452886 111.184014
745.018856 451.371419 57.242233 112.783804
743.851328 450.731979 56.778871 112.209686
743.619346 449.676788 51.975046 113.968928
744.157767 448.642020 49.880004 115.625604
744.532303 447.639847 51.358532 115.472911
745.502081 445.753003 52.133224 117.017230
743.821124 444.224490 55.553073 117.319603
743.299377 444.148280 56.153746 117.090370
744.379121 444.199060 54.944939 114.502064
744.897639 444.829798 53.166433 113.325428
744.051643 445.449516 51.289170 111.806460
743.646463 444.522525 48.139886 114.051391
742.707883 444.023008 45.411492 111.458236
742.579831 442.681710 48.690295 111.644532
742.620012 441.496471 51.280475 110.401623
739.958540 440.079169 57.001497 110.804318
737.464027 437.832794 60.658869 111.559638
736.057233 438.112744 62.837675 111.294353
737.111458 438.550289 61.805125 110.737107
738.295699 439.207478 59.083533 109.346957
737.735683 439.397085 56.982447 110.319296
736.848699 438.804975 54.786020 110.956436
736.150060 438.286816 51.514455 111.070022
734.540304 436.063015 49.962027 113.074783
734.310707 434.904997 52.009096 113.901514
734.531132 433.406464 53.221003 115.691798
733.239026 432.187233 55.653566 115.633738
731.685245 432.749767 57.440175 114.672798
731.813702 432.572798 56.705199 113.329566
731.583612 433.700382 54.897229 111.020028
730.993185 434.143396 51.955977 109.520944
730.181309 434.127262 49.410640 109.440247
729.146169 433.279140 46.237443 109.990398
727.402602 432.670777 50.167489 109.880541
726.611537 431.854389 52.365318 108.809875
724.513761 429.751679 56.130101 109.161569
721.623621 429.898427 59.972054 108.033189
720.728715 428.986643 61.849478 108.368107
720.984344 430.214772 60.612599 107.572007
720.776289 430.900187 60.102060 106.885914
719.705746 432.075357 56.740845 106.100094
718.244944 432.013717 55.840636 106.612550
716.887152 432.567576 49.208518 107.046302
714.734094 431.237964 52.388508 107.634895
713.892551 429.638091 54.451033 108.990982
712.990915 428.583573 56.361401 110.262008
711.489059 428.099487 58.432080 110.280712
709.634688 428.349169 60.278490 108.690649
709.467978 428.063313 59.211703 108.686193
708.753664 428.936495 57.941984 105.740109
707.447223 429.341970 55.185010 104.570948
706.191516 430.810070 52.358388 104.649171
703.731679 431.718743 50.523235 105.881749
701.639442 432.140276 53.479095 106.587205
699.534325 431.835258 58.213862 106.495657
698.304610 431.437057 61.342748 105.941046
695.364761 430.772688 63.776405 105.665273
691.923235 431.548503 66.696689 106.371629
693.131117 433.278713 63.986273 104.798672
692.544659 435.285349 63.128572 103.755224
692.164666 436.093419 59.006267 103.518977
690.824932 436.732207 54.831968 104.029948
688.672364 437.207635 50.910550 104.789946
686.900831 436.864347 51.293465 104.708065
685.547850 436.158850 52.863574 106.204249
684.310725 436.312278 56.018413 106.130154
681.879984 436.312996 60.440259 105.556722
678.495154 436.244328 63.149881 105.951665
680.182857 437.938511 61.346470 104.202969
681.044566 438.947300 58.659702 102.608736
680.746670 440.079103 55.453194 101.107583
680.287827 441.439310 52.590102 99.544256
678.574906 441.859584 52.204784 102.926819
678.197808 442.093576 53.814053 104.564905
678.231399 441.977966 55.665870 105.697658
678.899875 442.001341 55.885575 107.134499
677.551961 443.555421 58.938078 107.485884
677.245660 444.404030 60.743028 108.130104
678.133085 446.358928 59.055540 106.240144
679.282650 448.217235 55.664147 105.579020
678.929246 449.622797 54.077382 104.692753
678.441224 451.017288 51.489728 103.586858
677.448691 452.198169 48.969596 102.274136
677.959115 452.097595 49.606183 103.128208
678.976110 451.844391 50.687696 103.437852
676.893864 451.692868 56.001256 105.472847
674.746640 452.180901 60.128027 104.513700
674.671519 452.379441 62.133097 106.073029
675.124626 454.311107 63.564215 105.186037
679.171544 456.112264 59.214074 103.576106
681.273818 458.040762 55.999505 102.391235
681.733925 458.955174 53.245876 101.625424
682.329438 460.163540 51.131794 102.176353
684.571811 458.895326 49.575483 106.921875
686.003453 459.343727 51.339568 110.008282
688.665020 459.381229 52.408096 112.788262
687.960828 461.023214 56.150581 112.359462
688.992991 461.855409 58.373655 113.230511
692.045258 463.584463 57.002883 111.867177
695.822385 465.471153 53.272433 110.506964
696.907288 467.460342 52.764931 109.381473
696.894747 470.126416 52.598003 105.820928
697.579645 471.674238 48.672847 105.124358
698.069914 471.605542 49.493914 105.257359
698.139087 471.878755 52.448060 105.519948
696.658123 472.965775 55.185113 106.131259
695.289241 473.303962 57.603225 109.047268
694.417803 474.331287 61.029722 110.755451
694.532068 474.811091 60.742284 110.986380
694.761549 478.718490 60.919392 107.730902
696.586366 480.995813 55.450663 106.423381
695.569642 482.901572 52.737733 105.347478
694.711201 485.441887 51.661104 104.505825
693.879441 487.358654 49.255803 106.904185
692.319631 488.484208 51.930876 110.161361
692.082828 488.824302 52.409883 113.444286
690.512384 490.883556 54.337041 114.521460
689.464453 492.799150 56.448323 114.622741
689.581362 495.282027 57.048601 112.674763
690.325951 498.762015 56.407652 110.133300
689.332520 500.910287 53.857637 107.778040
688.308764 503.733216 52.139939 105.049530
687.552078 504.683543 48.769490 104.528228
687.934127 505.103805 45.223465 103.131397
688.204570 504.939080 48.340576 104.909722
687.992544 506.474025 50.370548 104.273035
684.872804 507.268321 55.918517 106.551746
683.761360 508.997837 60.282015 107.860326
684.812464 510.334209 60.494520 107.782227
686.721636 512.607619 57.555746 106.195758
687.360800 514.341458 55.125335 105.060913
686.920646 515.871961 54.305083 103.915058
686.786201 517.476463 51.771639 102.407728
686.835307 519.315188 48.887967 103.881912
686.449409 520.056671 49.790962 109.321449
686.653062 520.172651 52.634717 113.318916
687.767911 521.954981 55.519297 115.620174
689.183148 523.761697 54.906381 114.840326
689.708788 525.578761 55.576048 114.489777
690.557496 528.527459 55.456256 112.678204
691.295954 531.388992 53.065199 109.817044
691.128647 533.422256 52.447953 108.001019
692.045530 535.326409 47.578488 106.722657
692.476539 535.750745 45.966753 106.122571
693.367440 536.550451 48.957735 106.382898
693.500897 538.213236 51.144084 104.856659
692.151592 538.592230 55.358408 107.911464
689.566896 539.677936 61.086649 110.572612
690.777095 540.561459 60.947019 111.982828
693.125006 543.209795 58.985555 110.493914
694.907323 545.689883 57.131435 108.366640
694.012728 548.287271 56.833656 106.223092
693.858037 550.869945 54.110292 104.007326
691.690767 552.198943 54.087362 104.055247
691.336312 552.568627 53.800951 109.242877
690.709457 554.050008 55.878810 113.560350
690.856083 555.152006 57.336936 115.432579
690.824107 556.685942 58.574552 117.642978
689.685903 559.060756 59.063401 116.926128
688.313972 561.572283 61.357554 114.916077
687.499988 563.788578 61.177430 113.439912
686.376957 566.169214 58.617700 111.098952
685.308099 568.254842 56.530498 109.375495
684.335090 569.553602 54.321032 108.264076
684.357681 570.929042 55.508111 107.494260
683.593960 571.612749 57.062221 107.113806
683.099403 572.665480 59.566975 109.630974
681.369605 573.815988 62.801176 112.523748
680.786597 575.401689 64.194478 113.364091
680.879145 577.107008 64.324709 113.563706
680.990321 580.438746 61.832417 110.926213
680.237504 583.801182 61.293163 108.955646
680.322781 585.341994 59.832198 108.002494
681.402446 587.718664 57.107527 105.678837
682.644600 588.608634 54.319758 108.715684
683.096390 589.245474 58.283960 114.256728
685.036087 590.655638 59.986895 117.162946
687.428766 591.423343 61.354374 119.641283
690.555507 593.516593 62.419389 119.398272
693.303016 596.450108 63.306686 117.609594
697.825091 598.952610 61.384118 115.095990
700.872423 600.330570 59.330832 113.480533
704.150661 602.840881 58.244336 110.597866
707.438134 604.693612 55.027417 109.689574
711.492693 605.101801 54.730688 109.229051
717.362205 605.841474 55.199947 108.467551
721.987085 605.767149 55.866211 110.074465
727.408924 605.803741 58.471054 113.723134
733.169438 607.011447 60.722893 113.106236
738.051821 609.110044 62.934333 113.139743
743.908010 610.976983 63.352922 112.494323
748.181419 613.605522 63.069962 110.650588
752.564395 614.935813 62.511098 109.299255
757.920153 616.285391 59.233717 107.810869
762.599860 616.305239 56.249793 110.873292
767.921119 616.699268 57.777036 114.610288
771.809795 616.454486 60.791786 119.691066
778.187078 617.015084 61.673915 122.258096
783.959274 617.569168 61.534047 121.419747
789.190472 619.921211 63.165777 119.189573
794.170375 621.460840 63.724884 117.354179
799.425494 622.437874 59.798648 116.500114
802.539662 623.828426 57.624608 115.065503
806.986134 624.690515 52.723725 114.574706
811.364966 625.549194 53.864874 114.316526
815.312415 625.544590 55.110441 112.262967
819.387369 625.881317 55.842495 111.865941
820.378255 626.826570 59.608244 112.446711
820.397895 627.507910 64.205878 114.382557
824.693965 628.733526 65.790227 114.767019
828.873644 631.350137 65.507998 112.488664
830.706747 632.752664 64.501653 111.357283
832.828132 633.538119 60.857886 109.804484
834.545311 634.867415 59.764551 107.705386
836.188908 635.340440 57.104838 110.667887
837.573356 635.563608 60.230433 115.346833
842.116688 635.821301 60.147475 117.491230
845.586230 635.802857 61.212386 120.710066
850.266453 636.715671 59.262820 120.855354
854.290959 637.148631 59.193598 121.594505
858.601582 638.839028 58.622548 119.435495
860.475370 640.760671 58.780773 116.793282
859.836768 642.762200 56.850229 114.638554
860.529947 643.607199 51.637188 113.125511
860.373062 643.385245 49.547589 112.457137
860.375903 643.233935 50.667486 112.072242
857.968998 643.542695 53.625101 111.135108
853.104469 643.339977 58.988414 112.780323
848.864598 643.097232 64.798272 115.773283
849.463674 644.025592 64.872378 116.189272
850.065669 644.947591 64.408284 115.164764
850.335069 646.688755 62.146713 113.387651
850.609608 648.256833 57.435438 111.377425
850.477661 648.533634 53.267096 110.445282
850.608130 648.383827 49.544741 112.394716
849.537894 647.377240 50.514715 116.268044
848.119358 646.162061 53.453978 121.249770
850.568860 645.369822 54.902574 125.554253
849.755910 644.552079 58.401896 127.026496
850.810632 645.421762 59.991434 126.857491
855.833181 650.433004 57.473246 120.694567
856.797261 651.854190 57.784705 119.029931
859.261912 653.293434 55.981759 116.873226
862.737809 653.747567 52.119755 115.142895
865.327570 654.121381 47.250315 113.636835
867.815753 653.925578 49.375742 113.368597
870.780452 653.338547 52.432214 112.186483
871.266484 652.463634 56.540697 113.566678
870.845044 651.967299 61.784156 115.668268
873.850890 651.522783 64.203864 116.264847
877.662325 652.410231 63.709437 115.150939
882.804202 653.539413 60.035512 113.876645
887.587694 654.829800 55.171186 111.007699
889.581188 655.293656 53.231006 108.912242
891.436409 655.837318 50.875116 107.859416
893.804666 654.317054 49.909952 113.021222
896.498567 654.427303 51.330396 116.767336
900.178432 652.631851 52.659460 120.740212
903.310216 652.353667 53.837311 121.419182
904.049405 652.821007 57.271613 121.486333
907.894760 653.327289 55.911997 120.225058
911.490726 654.541248 54.134236 117.947109
912.814988 655.766307 53.224338 115.217336
914.451233 656.228569 51.741948 113.487828
917.429540 654.959129 46.954939 114.015805
918.807042 654.424725 45.163581 112.344793
918.969331 653.475557 49.082958 111.248800
918.983675 651.821627 50.914786 111.708289
915.277697 650.846695 56.798951 112.805076
913.509851 650.361208 60.841367 114.427982
913.216504 649.384547 62.406553 115.262485
915.538856 649.453965 60.513114 113.677174
916.506236 649.321570 57.330685 112.175386
916.701887 650.097849 55.849753 110.079229
914.566070 650.741850 53.199389 107.806210
913.138978 649.483001 50.831645 109.531352
912.198217 649.167742 50.972830 112.694279
911.657352 647.947246 52.397793 116.095336
911.830738 645.756149 54.447668 119.691979
910.995700 645.105983 55.640095 120.344712
909.784157 644.858257 57.034171 119.575451
909.436557 644.844880 57.436892 118.302521
909.567968 646.275799 55.151138 115.573339
906.764043 646.469134 52.193908 113.758353
905.075027 646.587818 47.976439 112.230377
903.771879 644.990790 46.516932 111.987503
902.268171 644.147116 48.620941 110.651482
901.068580 642.490419 50.291070 110.001603
897.492702 641.042076 54.199994 111.613666
894.772656 640.655697 58.501681 112.191327
891.474670 640.387630 62.129084 112.521189
892.678416 639.658704 61.093125 112.655715
893.228956 639.747120 59.811123 111.070574
893.291293 640.056763 56.150936 109.123278
893.327998 639.696002 51.784654 107.789732
893.236816 639.101176 49.188631 108.158612
892.700416 638.339326 49.220600 111.745748
892.983663 637.300354 50.763776 115.242492
893.713573 635.555064 51.820539 118.613871
892.737300 634.870770 54.315178 120.613996
891.962274 634.913204 58.179606 120.443327
893.273011 635.902592 57.688600 118.928835
894.872401 636.529902 54.284709 116.604678
895.102848 636.679003 51.871330 114.579238
896.384037 636.522530 48.964123 113.014392
896.617484 635.831354 45.493661 112.686289
898.611678 634.637140 46.972935 112.714611
899.461593 633.075461 49.208737 111.664846
897.426467 632.521561 54.611038 111.856860
895.956697 631.908317 59.217065 114.390000
895.405375 631.888993 62.488151 114.798469
898.158163 631.562487 60.557815 113.857894
901.853986 631.619733 56.701759 112.326544
903.761694 631.921697 52.499254 110.491515
902.838864 632.052374 51.224137 108.423685
903.654728 631.914135 49.802747 109.448372
904.111716 630.954337 49.991646 113.286964
904.345652 629.789571 51.494840 118.496642
905.102719 628.414690 54.397410 121.125012
905.295542 628.072479 55.773850 121.176830
904.480494 628.457635 57.041959 121.745903
905.925592 629.533416 57.845073 119.852082
907.119722 630.722280 56.341410 117.666958
906.485967 631.611690 55.201186 115.075772
907.260111 632.006410 52.026824 112.505622
907.625259 631.031125 47.269711 112.862603
907.273782 629.393318 48.347703 113.678244
906.951864 627.906695 51.019697 113.077619
905.770698 627.223299 53.284487 111.168071
902.952235 626.318803 59.237762 113.442429
901.119291 626.492624 61.997146 113.796762
900.725100 626.136732 63.662448 113.180070
901.061260 625.972943 60.224281 111.999474
900.975898 626.241126 57.408428 110.049430
899.863734 626.601256 53.686187 108.930676
897.580815 626.946026 53.012142 108.265977
894.049869 626.540020 52.313519 111.017360
893.288538 624.662644 54.084475 115.700915
892.922330 623.730011 55.682066 117.609741
890.367955 623.650438 57.976220 119.077884
887.993112 623.903415 59.598054 118.976126
886.561355 624.915685 60.753387 117.364936
886.793015 625.619846 58.959694 115.529336
886.111468 626.853122 56.782305 113.095981
884.090622 627.486775 52.310844 111.621776
883.180183 626.223324 51.018613 110.466338
880.813873 625.001611 50.111473 109.581522
879.735666 623.355280 52.363917 110.303845
877.181120 622.849229 55.324934 109.362781
874.918016 621.125589 60.108824 111.307311
873.725099 620.674172 64.617857 112.618468
872.912692 619.777259 67.213856 113.463371
875.066615 619.527307 64.345156 112.605187
878.382969 619.978963 58.817714 110.940999
879.351688 620.400782 54.807574 109.365565
880.317177 620.431333 52.928434 107.920969
879.741649 619.872720 48.666314 112.199882
881.235707 618.345551 50.603976 115.510995
882.382533 616.840251 52.072440 118.597498
881.306612 615.705335 56.011500 120.177220
880.349208 614.934400 58.468960 120.441720
878.682998 615.766201 61.322202 119.454385
882.600650 617.305457 58.110936 116.310475
884.582483 617.397735 55.324119 115.190614
883.086947 617.849780 55.392976 114.184029
882.656886 617.873184 52.811779 112.415850
881.570881 617.103686 52.735894 111.231319
882.078360 615.862981 56.842029 112.106827
885.076518 615.185934 55.473116 111.896212
883.245477 614.355158 60.224156 111.998888
881.464388 614.310197 65.867099 113.100824
882.229912 614.770597 67.662265 113.051687
884.367423 615.334111 63.769349 111.399130
888.125524 615.838851 58.816012 109.046891
890.326168 616.242009 54.360782 107.951222
887.380929 615.762931 54.456194 107.933794
886.114796 616.057134 54.215024 109.285870
886.449469 614.621958 56.035062 114.208779
887.811576 613.820694 55.420978 116.384998
888.483870 613.297632 56.694161 118.082252
886.817667 612.903500 59.667533 118.684878
886.903349 613.054884 60.197097 118.090912
889.517458 614.768454 57.710898 116.341694
890.528435 615.696479 55.443102 114.441785
889.086635 616.512449 55.559630 112.207949
890.022671 616.843146 47.841876 111.695623
889.232662 614.512966 47.840596 112.497167
888.016046 613.664278 51.666893 112.420787
887.424312 611.713386 54.889343 112.950787
883.585610 610.859281 59.627070 113.398999
878.943712 611.685939 66.813064 113.656901
880.501880 611.214617 65.981354 114.746747
881.271817 611.488316 63.463673 112.804019
882.566559 612.523642 59.068676 110.976846
883.284890 612.813912 56.109539 110.127740
881.340454 613.667448 51.956301 108.183621
878.703454 613.542927 51.787786 110.817154
877.806742 611.857622 54.529285 115.569192
876.874030 610.568844 56.575335 118.498570
875.092943 610.355713 59.907497 119.011631
873.115950 611.090236 62.067345 118.407349
872.578026 612.544065 62.502576 117.561895
873.021041 612.807367 60.546841 116.038415
872.285440 613.672963 57.452666 114.299728
871.583195 614.174490 53.599441 112.590196
870.570968 614.102229 50.020084 112.153750
868.086142 611.747842 49.343340 113.107840
865.812436 611.170747 52.996082 113.478684
864.821537 609.687547 55.509825 113.335060
861.599198 609.284890 59.495635 113.089158
859.605009 609.617348 63.565679 112.687437
857.310249 609.566303 66.930747 113.421580
858.040756 610.031560 62.215597 110.990248
859.190780 610.661786 58.295255 109.862439
860.561436 611.322928 51.944503 108.327171
860.192354 611.395143 48.488261 108.402390
859.110734 609.764162 44.058704 113.101479
856.722622 608.737268 49.232931 115.076899
853.737116 607.109687 53.538248 117.665174
850.856375 606.831969 58.815795 117.824030
849.980096 609.137966 62.149854 114.864958
849.092321 608.065347 62.681410 117.058107
851.279469 608.389491 59.202339 115.524205
853.151889 609.385099 54.975082 112.642100
852.338553 609.228809 48.688113 111.946313
850.402279 608.457316 48.963910 111.793484
846.398586 609.835216 50.503545 109.264232
846.956483 609.462455 52.484769 109.597876
847.270127 608.176552 53.545478 109.770809
844.965933 606.754763 58.618320 110.323815
841.891523 605.535730 62.610660 111.856932
841.718895 604.306999 64.124337 112.849459
843.501532 606.153803 61.961573 109.923591
845.699514 606.598684 56.370123 108.434758
846.387403 606.809305 52.385338 107.566649
844.525596 606.953155 50.928065 107.555991
842.142038 606.701358 50.448169 110.963128
841.973511 605.946697 52.273550 112.456044
844.045802 604.634995 53.033629 114.760015
843.896579 604.623441 57.275247 113.948842
844.125833 604.435821 60.669053 114.334664
844.747824 606.384076 62.955047 112.867859
847.364757 606.527631 58.642813 111.657392
849.671510 607.567152 53.973976 110.503908
850.938322 607.046725 51.388076 109.421453
851.437991 606.231373 48.781468 109.868050
851.407905 605.745580 49.572817 109.325737
852.597326 603.701802 51.656742 110.270406
853.891445 602.404500 53.932911 110.794207
853.348831 601.472866 58.203804 110.807034
853.164303 600.729037 62.733012 112.601726
852.939887 600.423838 63.580601 113.346830
855.753388 601.664341 61.967806 111.363627
859.652701 602.247475 57.153983 109.912739
861.364819 602.415006 53.675942 109.732885
862.185640 602.835842 49.962088 108.807622
861.463768 602.392801 49.536118 112.323361
861.526819 601.298728 52.637925 114.505468
863.542066 600.052050 54.204492 116.246274
863.681449 600.258367 55.990711 115.253021
864.163154 599.721149 60.583847 116.042073
863.980093 601.330556 64.015360 115.493923
866.432089 602.179967 61.100351 113.548956
869.025691 603.269757 56.174458 112.928560
869.645266 605.213711 53.360103 111.117088
870.760150 605.727391 48.299613 111.043317
869.378165 605.718958 48.283227 110.223347
868.750255 605.801888 51.274546 110.499294
870.072519 604.714623 53.332317 111.803083
868.163689 605.606743 57.962426 111.058362
864.009970 605.419457 64.199979 112.384168
862.371556 605.947430 65.536113 113.163676
863.938082 608.050744 62.329320 110.684664
864.354973 608.951844 56.802159 109.174052
863.920107 610.722897 53.452108 107.276752
862.714029 612.219046 49.797162 106.981293
859.151874 612.307223 47.732781 113.169569
856.930724 612.582334 52.856946 112.556960
856.183773 612.337646 54.257730 113.887549
852.823537 612.869801 57.524939 114.235722
847.984344 613.432807 62.721822 114.379148
846.316254 615.008024 64.476795 113.398766
846.544094 616.199347 61.867726 112.412555
843.361090 618.280454 61.056431 110.403605
842.731805 620.103259 55.947917 108.823206
841.128629 620.732158 51.643565 108.598698
838.624805 620.393175 48.531549 108.785304
836.021899 619.621254 51.654635 109.331669
834.138993 618.900757 53.655735 110.375885
831.982980 618.753222 56.209459 109.606453
828.968947 619.070520 60.401926 111.355756
824.741146 619.279328 63.965606 112.043848
825.234448 620.089703 60.953667 111.417335
825.776931 622.266807 56.658882 108.668768
825.333675 623.614445 52.530960 107.232615
823.123277 625.007804 49.695302 106.651322
819.708396 625.852057 48.133313 111.519322
818.232635 626.121257 52.290110 112.024710
817.413547 625.176051 54.937383 114.068015
817.766750 625.068857 57.228506 114.316044
816.097328 626.174485 61.565558 114.451757
817.443844 628.538110 63.108482 111.987067
822.595794 628.991703 58.604874 110.641284
827.734726 630.410337 52.359358 109.386579
830.640999 631.575275 50.161426 108.381941
833.122171 631.479313 46.707769 108.890803
833.441033 631.025455 47.336251 108.191193
835.579471 630.663667 50.501523 108.984888
838.290367 628.915809 52.908515 110.223303
839.111294 627.947546 56.545508 109.528527
839.539358 627.309264 60.894462 110.253003
841.548468 627.396090 62.663340 110.270061
844.215703 628.094894 62.593073 109.304367
847.904113 628.486935 57.374321 107.020040
851.978030 629.665464 52.391791 104.988834
852.654409 630.224183 49.492280 103.912306
852.426046 630.210586 48.120086 108.275864
851.943375 629.600141 51.554584 111.037617
852.310702 628.924455 54.273127 111.346501
853.776412 628.900703 56.741098 111.278080
853.738550 628.560864 59.062006 112.540829
853.014576 629.169238 61.513290 111.280178
854.434750 630.729680 62.173467 110.128977
858.203922 631.275381 56.108647 109.712436
857.796498 632.186217 53.872557 108.274072
859.191487 633.012975 50.614814 107.893460
857.727352 632.592265 49.013761 108.454968
856.504151 631.621263 49.196765 108.148934
856.959308 630.545133 53.034528 109.805705
858.249122 629.118403 55.079204 109.593932
858.066610 628.530673 59.400962 110.262454
858.121291 628.551595 60.249171 111.026404
858.669215 629.169527 61.863088 110.512205
861.257794 629.490660 57.467396 107.416515
862.323243 630.848396 53.693249 105.377082
863.583312 631.651471 49.763567 104.815211
862.823469 632.453497 47.854789 107.869127
860.650173 631.385984 50.990803 111.501024
860.394476 631.138164 55.486490 110.971524
862.183204 630.679818 56.440043 111.939319
862.236167 630.969759 57.697123 111.851216
861.235840 632.076002 60.674824 110.449737
862.632495 632.506307 60.535662 110.489409
863.810730 633.468982 55.825863 109.432731
865.109168 634.253226 51.786226 108.437908
866.048010 634.432248 47.862070 109.223462
863.526403 634.151262 48.095221 108.158966
864.462507 632.974005 48.759233 109.129811
865.336800 631.792033 52.077445 110.432175
865.440070 630.443333 55.424194 111.361624
863.072523 629.549213 59.674048 111.341709
863.220969 629.830518 62.120359 111.902203
864.982290 629.824162 61.926446 111.463234
868.502935 630.736771 56.740351 108.854524
871.897151 631.145090 50.586250 106.494768
873.621395 632.224149 45.186381 105.927501
872.079113 633.429389 46.703910 108.120875
871.257164 632.928183 50.008570 109.992177
870.894180 632.026400 55.569328 111.464715
873.302388 630.215982 55.057019 112.521102
872.655291 631.033711 59.424988 111.141438
872.057318 631.567128 62.872922 110.399727
874.963370 632.628020 61.053509 109.944815
878.453535 633.356889 59.298485 108.771810
879.589619 634.020691 54.261862 107.968743
879.794851 634.538604 49.822231 108.418600
879.661709 634.480066 48.891294 108.467636
879.663238 633.773223 50.489140 109.477995
881.684051 632.200810 51.713814 110.859561
882.556083 631.465765 54.592558 110.754452
882.767620 630.454230 59.009396 110.677976
882.630203 630.589235 62.587187 111.882421
886.164852 631.156728 60.039438 110.527550
889.152260 631.303086 56.234090 108.403562
891.846270 632.099361 51.654412 105.620018
893.712494 633.259639 44.675838 104.217449
893.716108 633.227337 43.618909 106.803680
891.818538 633.173865 50.031990 110.152101
893.508697 632.638103 53.364270 110.244709
894.279727 631.660322 55.378280 111.049834
893.363246 632.364829 59.044158 109.810590
893.111816 632.884958 61.887578 108.990794
895.646924 633.136500 62.109783 108.765217
899.415908 634.013920 57.454072 108.382250
902.370234 634.480332 52.444115 107.471938
901.337403 634.944556 48.536292 107.183840
900.128454 635.246477 48.545258 107.828994
900.359114 633.632773 51.012156 109.669666
901.402945 632.812310 52.448276 109.884800
903.102658 630.975271 54.298000 111.324159
903.185115 630.440951 56.836429 110.864783
901.122808 630.520516 60.186185 111.009415
903.415893 630.641216 60.628228 111.197366
905.014647 631.150123 55.258320 108.116582
904.979085 632.894563 51.886813 105.099217
905.117789 633.959787 47.579134 103.996139
903.028620 633.752186 45.616143 107.151270
899.770806 633.560580 48.512128 109.039429
896.350575 632.392549 52.831788 111.011626
894.327685 631.331934 54.773778 110.623349
889.755931 631.243003 58.349169 111.765502
885.365551 631.776112 60.963898 110.528107
882.966933 632.673078 61.451688 109.810459
881.440811 633.847160 59.496164 109.131472
878.900251 634.471146 56.184199 108.127933
875.927795 634.952819 48.436887 107.869534
872.237617 634.612817 46.350819 108.639911
867.581374 634.476766 46.700527 108.724884
864.114349 633.111579 50.398419 109.892141
861.181950 631.368931 52.009594 111.312072
856.066529 630.052935 57.347114 112.730742
851.823864 630.738225 59.143586 112.031315
850.133669 631.145873 61.253658 111.223016
849.010735 631.112752 57.456926 107.141821
848.717010 632.648507 51.924693 104.666325
846.953851 632.867846 48.789727 104.365785
844.729727 632.961145 46.143493 106.179117
841.150272 631.792408 49.840262 110.879283
841.315711 630.574744 52.043846 110.821884
841.440075 629.600057 53.994200 109.976131
840.979091 629.948201 57.919825 109.864231
841.188020 630.537876 60.118960 108.961987
842.848694 630.847895 61.962983 108.054322
847.723454 631.304781 60.782874 107.660527
852.310159 631.322965 54.804881 107.413372
854.220614 631.685055 51.447047 106.711914
855.469474 631.075740 47.728148 108.170903
858.065219 629.936206 49.433076 109.217204
861.150397 628.399805 50.025479 110.218591
865.380166 627.390024 50.749175 111.265717
867.215087 626.092659 54.031322 111.005402
868.547897 626.796472 57.178331 109.843706
871.678320 626.888533 58.115233 109.951065
877.782940 626.824017 52.577681 106.609746
880.653512 628.420160 49.715282 103.257032
882.816151 628.600039 45.750072 105.049006
882.567585 628.958167 46.117633 107.312778
881.705803 628.984384 49.965602 109.428661
883.372968 628.538019 53.162261 109.522331
886.719023 627.388759 53.382867 108.777340
884.553437 628.133750 56.546449 107.263186
883.257557 629.269811 60.795115 106.232815
884.848681 629.231189 59.741894 106.239403
886.564411 630.032286 59.123257 105.465394
887.713867 630.185253 53.592923 105.030061
888.549885 631.293270 49.923783 104.481100
885.914078 631.809431 47.706467 105.421649
884.602134 630.856179 48.425757 105.857771
883.703018 630.273191 52.306762 106.551492
884.439808 629.293566 53.021677 107.926625
885.176033 629.612924 54.012917 106.603249
884.047394 630.183182 57.683986 105.714901
884.161248 630.303341 58.946541 106.373059
886.122084 630.686788 55.218809 103.627481
887.329707 631.538189 50.838437 101.898253
887.503657 632.586039 46.777656 100.839597
886.183898 632.777676 45.703197 103.058944
884.266169 632.370765 48.918079 106.611349
883.622752 631.805874 51.173768 106.348827
883.860784 631.929487 53.701085 106.775661
882.779395 631.838840 55.429966 107.457827
880.270909 632.965020 59.383919 106.749608
881.763526 633.367669 58.818894 106.538868
882.814612 634.653381 57.797791 104.982501
882.188297 635.197728 54.648854 104.779496
881.854573 635.223289 50.369154 105.144803
880.479838 635.474853 48.770240 105.511779
879.277425 634.295563 48.579999 106.083420
878.543354 633.967675 51.175682 105.896798
878.578424 632.339300 52.859765 106.457951
878.391466 632.501392 54.970567 105.522473
875.823794 632.751095 59.347122 107.197256
876.053921 633.002630 58.529983 106.002067
877.021545 634.097522 57.078900 104.082455
877.157388 634.376003 51.954600 102.974645
877.825369 635.510595 47.035177 101.245766
875.669831 635.868661 46.773979 104.527525
871.681042 635.392134 50.045871 107.560799
871.058697 635.524509 52.999473 107.951025
871.636490 634.534135 53.037269 108.314268
869.829411 635.785011 56.789595 107.401369
868.400317 636.572823 58.853645 106.693633
869.381426 637.496396 58.434365 105.950908
869.128604 638.506452 56.717405 105.659305
868.029587 639.644129 54.170536 103.979382
868.681015 640.011823 49.574480 103.975835
866.092620 640.281621 47.345510 103.958876
864.464467 639.138604 49.518299 105.423377
864.678692 638.625321 52.029576 106.200528
864.420770 637.001403 53.612665 107.390873
864.488874 637.429517 57.868981 108.087546
864.862300 637.296733 57.817143 108.572147
864.709264 637.782361 57.199872 109.732875
865.052693 638.750634 55.053105 108.018640
866.221151 639.539516 50.413393 105.154739
866.186384 640.224362 44.883800 106.950825
865.915925 640.098000 43.307832 108.685939
863.496002 640.060858 48.498222 106.215189
863.139066 639.450475 51.266498 109.019526
861.956584 638.638077 52.361495 111.363135
860.006856 639.232322 55.261859 110.785028
858.629118 640.555577 58.416346 109.878238
860.776094 640.987959 58.495180 110.051488
860.617206 641.288700 62.160245 109.484058
857.946710 641.524220 57.565419 109.179428
858.408820 642.341960 51.872042 108.703019
857.564166 641.534135 50.301401 108.912467
857.068575 640.794877 51.006588 110.907217
857.951876 639.690302 51.264344 110.991824
859.617508 638.559762 52.862863 111.042658
858.233724 637.951093 56.279795 110.509957
859.146146 638.001811 57.226298 110.146072
859.981860 638.676246 56.368229 108.651997
862.172495 638.136227 52.595757 107.989094
863.357951 638.654430 49.239175 106.847001
863.425536 639.484235 45.425184 106.223718
862.364266 639.354136 45.072572 106.755323
861.130331 638.803712 48.605871 109.779294
861.229669 637.381000 50.980686 110.915603
862.610768 635.542735 50.978937 110.555534
860.594007 635.039551 56.604369 109.793528
859.320593 635.518212 60.522095 108.080256
859.806437 636.169247 60.065008 108.147010
862.494550 636.322940 56.170508 106.809713
863.816734 637.339481 52.635646 105.290368
862.400811 636.001649 49.767179 106.613674
862.281039 635.125515 47.199426 108.056700
862.900846 634.551626 48.187810 108.402722
864.210007 632.610844 48.507329 109.078743
865.720050 630.592957 49.570537 111.882263
865.343219 629.768282 51.208436 110.662797
865.518465 629.444234 53.231897 109.252522
867.372151 628.672597 51.430452 107.979613
869.422031 628.658415 48.937182 104.665762
870.339711 628.710473 45.317155 102.767128
870.889319 628.614071 43.473690 103.756880
870.490605 629.213935 42.858243 103.362421
870.564245 628.681161 45.476942 107.975799
870.870923 627.756864 47.703805 106.859870
871.188871 625.253492 50.248560 105.523979
870.203541 624.059176 55.307212 106.180637
870.156999 624.093848 57.164636 104.818943
870.954325 623.458601 59.385917 105.559168
873.161897 622.984573 57.407172 104.948409
874.147420 622.748629 56.238218 104.189502
874.267126 622.326392 53.658690 104.240428
874.983831 622.452292 45.920552 104.691915
874.176005 620.716605 46.703635 106.555853
874.972108 618.528660 48.484529 108.729474
875.370034 616.584547 50.777963 109.283618
877.625726 615.103182 49.600024 110.175522
876.859453 613.578559 51.516560 110.980544
877.249142 613.596576 52.225725 105.909421
879.101898 613.616441 48.704009 103.341298
880.415176 613.194689 45.046245 102.187447
880.820454 613.691982 43.465977 102.990323
879.901607 612.681182 43.303623 104.123226
880.321703 611.594097 43.323595 107.969255
880.649673 611.216162 46.387295 107.057575
880.514300 609.184663 48.854260 106.623492
879.329433 608.695137 54.259127 106.410878
878.648385 608.649566 57.932060 105.383449
878.571476 606.748654 59.049641 106.181999
880.419359 607.633852 59.107215 104.694672
882.459010 607.125171 54.868798 103.615507
882.381001 607.293280 54.805518 102.383576
882.703559 605.551972 50.827939 104.474742
882.110446 605.135923 47.501611 105.010370
882.149412 602.701528 47.714477 107.543086
882.671072 600.585148 48.910859 109.549168
884.885222 598.545533 48.012676 112.076618
883.833056 598.278066 51.574108 111.691847
883.922852 597.572051 52.886763 109.705517
886.162926 597.039923 52.205833 108.374003
888.103926 597.283635 46.163930 101.676037
887.946053 597.868638 43.647206 100.107506
889.004190 596.743881 41.748779 101.951607
888.177964 596.218163 41.921301 104.260960
887.164781 594.884456 46.864165 106.248830
887.942051 593.697494 48.558855 105.490140
887.158215 592.947634 53.278521 104.479123
886.582240 592.463787 55.666871 104.226517
886.247040 590.921695 57.229256 104.718793
887.604276 591.796614 56.764574 103.068563
886.736978 591.766858 56.821345 101.544616
888.317308 591.677600 55.063770 101.758842
888.221475 590.924438 51.490470 102.344773
887.847383 590.335061 48.311046 103.522846
887.741342 588.825043 48.666699 104.311969
887.875600 587.768499 50.180028 105.520177
889.694121 585.574993 49.872397 109.152560
890.229600 584.490688 51.011824 107.770728
889.835565 584.701353 52.220079 104.495385
891.959289 584.038654 50.344985 103.749349
893.360810 584.582619 48.228738 99.520815
894.242829 584.913754 45.173566 99.025520
894.239529 584.310941 40.901177 99.356828
893.993612 583.865720 40.502376 98.688992
893.591930 582.846241 43.750695 103.612186
893.789911 582.214162 45.235108 104.802951
893.719972 580.668728 48.753470 103.338585
891.022011 581.424155 55.335691 101.855202
890.579191 580.772481 56.408067 102.104399
890.766835 581.437120 57.880934 101.868237
892.463187 581.601457 57.694714 100.672509
893.029952 580.398410 55.242665 101.846233
893.180719 579.683570 53.403907 103.017035
893.173130 579.853625 46.801685 103.423382
892.770242 578.689086 45.698823 105.333822
893.458560 577.009996 47.256702 106.161663
894.648343 575.210391 48.285838 108.145315
894.402548 574.910805 49.676218 107.698485
893.517272 574.038129 52.759127 107.487762
894.030385 573.989627 52.376797 102.854082
896.148939 574.324235 49.374231 100.351447
897.577548 574.413565 45.306178 99.087630
897.459602 574.413211 43.172414 99.208935
897.309538 573.636204 41.448912 100.520199
897.358754 573.114540 42.253027 103.875931
897.084287 571.847974 45.568527 104.862303
897.423645 569.951573 49.422966 105.548429
894.798090 569.881254 53.909576 103.259775
893.697693 569.984841 57.160306 103.817676
894.193046 570.446616 58.222368 102.952546
895.308754 570.763262 58.874812 102.151717
896.390555 570.622783 56.930272 101.667151
896.539157 569.799697 54.433218 103.214974
896.244650 569.201839 47.860993 104.357476
896.207373 568.152739 46.926369 104.985923
896.244515 566.914250 47.555634 105.505062
897.028910 565.285633 48.844796 107.583407
897.359103 564.162696 50.119769 107.661323
897.302749 564.001664 50.865754 105.688667
897.220258 563.707341 52.793199 102.849718
900.326303 563.870442 48.720375 99.441222
901.150710 564.122616 44.810362 98.278906
901.724972 564.161614 41.988855 97.980232
901.710770 563.208924 41.449791 100.374649
900.408438 562.863368 41.947211 102.783866
900.072254 561.458629 45.470141 105.062556
900.645974 560.247780 48.445109 104.029471
897.093039 560.309745 53.462392 102.362097
896.245965 560.183648 55.969994 102.331860
896.766832 560.293270 58.120756 101.664477
897.500320 560.220695 56.710315 101.378045
898.189787 560.718001 55.961150 100.200914
898.462568 559.940492 53.857064 101.239826
897.669065 559.778259 48.668662 101.641848
897.653508 558.639337 47.150823 103.200210
897.634543 556.358454 47.479677 105.283815
898.547352 554.995105 46.735023 107.068243
898.453867 554.318637 49.309664 107.613574
898.184761 553.149146 52.581177 108.067237
898.135231 553.353061 52.522184 104.187184
900.003046 552.598502 49.039902 101.321686
901.227761 553.078519 45.537882 98.106248
901.459646 553.119317 42.351303 97.479266
900.928738 551.968929 40.433546 100.843295
900.473215 551.194448 41.643909 104.271657
899.600941 550.747848 44.116794 103.631741
900.112911 549.388886 46.683315 103.473701
898.301121 548.450883 50.183977 102.493756
896.911287 548.931518 53.164927 102.064194
896.547849 548.496648 56.798257 102.640771
898.594461 548.531752 56.866556 100.932141
899.517347 548.649135 55.081778 100.649469
898.978960 547.765160 53.679301 101.037782
899.177254 547.443704 49.387598 101.176706
898.954811 546.923424 45.793526 102.963481
899.533718 545.613274 45.202566 104.247862
900.611225 543.718510 45.839527 105.768303
901.970467 543.862748 45.747322 104.939922
900.884811 542.563341 47.510613 105.584148
901.225334 542.169133 48.567865 102.464672
903.568446 542.445705 46.264124 100.186210
904.937149 541.982989 41.905342 97.863805
904.400077 541.932055 40.252453 97.662086
904.261785 541.799230 39.271946 99.011445
902.764838 541.275426 40.357840 101.360259
903.164306 540.420818 43.404615 102.800509
904.037116 538.665093 44.660191 103.231317
901.958522 538.221447 48.828727 102.085871
901.632089 537.711844 51.838443 101.666034
900.831674 537.843683 54.304154 101.678022
901.151569 538.045361 55.129531 100.616520
902.119987 538.399930 55.884460 98.764591
902.847042 537.545197 53.289294 99.518854
902.041924 537.840242 51.855417 99.449033
903.195767 536.253507 47.387203 101.650311
903.959671 534.802868 44.388732 103.212680
904.079930 533.607319 45.067845 104.001644
904.479091 531.699845 46.195023 105.822127
905.532952 530.729880 46.714338 105.070347
905.978378 531.294742 46.200860 101.815526
907.594106 530.543431 45.609115 101.155620
909.044361 530.704714 42.989787 97.036982
909.503959 530.691206 40.983323 96.685685
909.124599 530.609447 39.684687 97.578013
909.085562 529.940007 39.543525 99.729977
908.182417 529.396371 43.522993 102.059351
909.289972 527.928741 45.345649 102.848651
908.970792 526.616236 48.162860 102.684439
907.012100 526.570819 50.203587 101.807066
907.340745 525.545073 52.855441 101.984322
907.940121 526.345621 53.869021 100.321887
908.650898 526.585579 54.916285 98.496438
909.800144 525.636063 51.495043 99.333173
908.756378 525.746093 49.788956 98.839446
907.681416 524.678638 46.740829 100.919929
907.328593 524.533285 44.716379 100.406006
908.230065 522.103127 44.560410 103.001516
908.572953 520.679945 45.801684 104.493355
909.623195 519.468874 45.347267 103.482372
909.141970 518.576974 46.311395 102.512918
909.085191 519.026356 46.992722 99.787449
910.990826 519.173168 44.203736 95.787464
911.719919 518.224480 42.149848 96.137846
911.081981 518.804480 39.709337 95.452456
911.620876 517.668958 37.688471 97.208376
911.310220 516.583755 40.140762 101.053327
910.510199 515.738731 42.398506 102.068340
910.326701 514.934958 45.827584 101.778441
910.016377 513.934723 48.632044 100.958696
907.770630 513.407483 51.234018 100.768357
907.385051 514.181449 55.020655 100.624422
909.557796 513.101768 54.286338 98.961243
910.359235 513.381808 52.766275 98.030447
910.746741 513.003691 49.644931 97.816249
910.804544 512.049676 48.354036 99.027409
911.652528 510.916784 44.210687 101.178267
912.444677 509.610470 44.092609 102.536978
913.522930 508.895880 45.211907 101.763712
915.057155 507.683486 44.763767 103.532948
917.134483 506.394868 44.184486 104.137064
917.914651 505.394864 45.150529 102.235423
920.219856 506.262878 43.620261 98.041736
921.931438 505.930255 41.323129 94.530472
922.655420 505.942375 39.804789 94.745690
923.289664 505.103094 38.769949 97.037164
923.486305 504.305895 37.965689 98.550578
924.464170 502.562396 39.978983 101.603545
925.243169 501.631122 43.667113 101.757735
926.237682 500.288669 45.600573 100.124949
925.529635 499.703758 48.363025 99.519937
926.379720 499.366248 50.525778 99.710860
927.942184 499.123874 52.495986 99.179373
931.235476 498.879331 51.040415 97.485947
933.263677 499.458218 49.236660 97.309685
933.664416 499.182284 47.602541 97.560607
935.654939 498.034546 43.534667 101.836948
937.494802 496.356870 42.247405 101.969729
938.172678 495.786348 43.716531 100.972741
941.484473 494.074411 43.057868 102.817078
944.332145 492.675316 42.544056 103.518464
944.508416 492.610476 44.250191 102.351733
947.120860 491.682765 43.227659 96.711719
950.044952 492.545883 41.208429 92.827986
951.570351 492.282799 39.690051 93.575396
953.859757 491.795884 38.044565 95.345327
955.177385 491.594759 36.463612 95.533095
955.604049 489.988268 39.108270 99.818670
956.261898 489.251276 43.102720 100.109863
957.831918 488.835922 43.634263 97.651441
958.089972 488.401448 45.074526 96.378189
957.033405 487.471999 48.580949 97.119515
957.827119 487.752609 52.173623 97.138509
959.873767 487.129877 50.761905 95.934660
960.710438 487.017940 51.093021 95.893748
961.388258 487.050815 48.541641 95.189924
960.510019 487.916464 46.269488 95.851857
959.253613 485.289046 42.737953 99.869033
