1651.000000 217.000000 47.000000 137.000000
1650.302198 217.678706 47.108918 134.181798
1650.498253 218.380557 47.946297 134.079418
1650.893990 219.424004 48.945525 132.784804
1651.412812 220.129274 49.373970 132.768022
1652.302166 221.688788 49.537401 131.709235
1653.343117 221.574422 49.184303 132.045027
1652.095855 222.342158 51.576164 131.186524
1651.390815 222.833311 53.064817 130.880745
1650.984494 223.920953 54.763196 129.394106
1651.498142 224.800312 54.688585 130.503789
1651.301973 225.720735 56.165441 132.937311
1651.461247 225.275435 57.115870 135.639610
1651.655971 226.291385 57.744130 136.393960
1652.209429 227.500684 58.138906 136.095581
1652.655057 229.065022 59.133608 135.537570
1653.937575 230.577051 59.626264 134.993894
1655.907737 231.821473 58.607226 135.127342
1658.005693 232.942703 57.870942 135.375679
1660.956529 233.614819 56.327370 135.394932
1663.687636 234.105527 54.415934 136.206992
1666.552370 234.337958 52.903381 136.358967
1669.144872 234.331312 50.849636 136.510828
1671.314694 235.176247 48.306391 136.017534
1673.732907 235.266816 45.601912 135.961378
1674.393669 236.322401 43.464495 134.257679
1672.768238 237.399842 42.600786 132.600727
1670.441610 238.090648 42.740458 132.294346
1667.769276 239.125843 43.163153 131.247836
1664.656839 240.100402 43.273890 130.901290
1660.771850 241.617031 43.777251 131.581424
1656.623520 243.363960 44.987487 134.357015
1652.032783 246.528598 46.594837 134.873278
1647.383559 248.602656 48.948191 134.346550
1642.724222 251.798527 50.759993 134.716605
1638.331802 256.933805 51.752076 133.366098
1634.265252 260.909853 51.362465 135.825091
1629.663300 266.567174 51.801841 135.104095
1624.348975 272.002810 52.619134 134.922248
1618.715536 277.740089 54.171944 134.580792
1612.311917 283.508891 55.572969 132.968967
1605.986922 289.012503 55.718950 132.338875
1597.997705 293.235091 58.551514 133.201583
1592.048897 299.283482 56.899947 132.121406
1586.519194 304.177387 55.744410 132.247010
1580.454729 308.582449 55.397811 132.368872
1574.690947 314.300740 55.077553 131.477625
1567.968204 319.826443 55.221523 130.266555
1561.446211 326.044855 54.781640 129.354703
1554.750497 331.782179 54.533955 132.506893
1547.863786 337.957643 55.294500 135.019192
1541.264385 343.678360 55.805529 136.783971
1534.791255 349.831420 56.214414 137.497707
1528.172267 355.609850 56.425868 137.517180
1521.460950 361.786797 56.566528 137.340210
1513.440990 368.315746 56.827027 137.170503
1503.599936 375.191016 58.455359 137.278654
1495.360585 380.919359 58.501987 138.131507
1486.184869 386.715055 58.694751 135.975416
1476.716393 391.166088 60.190281 133.368614
1467.126857 392.670842 60.327146 133.004121
1458.343686 392.402878 58.627425 131.829088
1450.785550 393.006479 55.794398 128.648534
1443.603871 392.480859 51.596222 128.712232
1435.319231 393.015398 50.810641 124.871508
1426.800343 392.432750 48.535122 123.875828
1417.762621 393.025637 47.752310 125.823963
1407.272343 391.900704 49.400879 132.113717
1396.588099 392.366232 51.815474 134.111288
1389.141556 392.173792 52.324191 134.765691
1385.950548 391.871854 49.055348 134.048177
1383.235143 392.406974 48.531526 133.353603
1380.531703 394.228046 50.114266 131.775424
1375.055521 394.915806 51.285097 131.848181
1371.911725 396.215028 51.617428 131.241114
1364.414700 395.765343 55.210823 133.965098
1362.393495 397.811995 53.582206 131.572458
1361.524879 395.870864 50.592420 132.842224
1359.795655 396.262629 48.853743 133.319454
1356.631708 397.011465 48.708909 132.377024
1350.310462 396.649909 51.988517 132.361577
1349.558407 397.176850 50.058355 131.713951
1349.095980 397.010588 49.102878 132.383165
1347.828385 398.015096 49.734691 131.151001
1345.622114 398.459770 50.261852 130.842531
1343.028630 398.987423 50.794128 129.999226
1339.581107 399.607783 51.876791 132.071943
1336.658314 400.567090 53.052254 133.976011
1333.821838 400.297756 52.107418 136.227092
1330.517161 401.181401 52.092538 137.000127
1327.968138 401.269787 52.067250 136.807483
1326.186495 402.433050 51.411374 135.550047
1326.358244 402.917359 49.991284 136.635227
1326.641728 403.674697 49.671196 136.925693
1327.254983 404.248684 48.339648 137.160776
1327.667517 404.810114 47.734680 136.634223
1328.160838 405.144895 46.372109 136.223001
1329.373816 405.345555 44.428124 135.977718
1330.014425 405.856488 42.840863 135.460381
1331.278632 406.252998 41.453300 135.095386
1331.535166 406.360325 41.567851 135.010645
1332.609005 407.422585 41.054377 134.228298
1333.495270 407.978503 40.885103 132.585241
1335.044663 408.449712 40.222547 132.077997
1335.602457 409.295474 41.032645 131.165551
1336.230181 409.815424 41.063560 130.776210
1336.896274 409.994146 41.284415 130.308513
1337.649164 410.148197 41.651317 130.521066
1338.391116 410.698824 43.328808 131.125223
1339.039754 411.219467 44.579315 132.597198
1339.701540 412.176216 46.502644 133.924808
1340.017708 412.455786 48.626627 135.234552
1341.228341 413.377929 48.385562 134.608565
1342.085586 414.739108 48.571009 134.333518
1342.763966 414.987310 48.191851 135.632598
1343.746874 415.980880 47.147600 136.205794
1344.108281 416.517406 46.481791 137.407834
1344.670347 417.437781 47.106637 136.939149
1344.902162 418.074202 46.805661 136.733525
1345.639932 418.335275 47.505850 136.314890
1346.077234 418.880809 48.732263 135.909911
1347.405179 418.825021 48.648486 136.134382
1347.639662 419.977197 49.594404 135.169163
1348.139117 420.250927 50.741391 134.873423
1348.975829 421.998873 51.545054 132.752526
1350.957263 422.198807 50.753752 133.021628
1352.679653 422.560724 50.121561 132.499586
1354.694852 423.014492 48.714454 132.638388
1356.413438 424.106533 48.178709 132.060175
1358.205939 423.813783 47.037159 132.529763
1360.258872 425.208437 46.163959 132.326721
1361.577991 425.261884 46.078086 135.449877
1362.516029 426.176169 45.613530 137.255249
1363.175643 426.779346 45.774696 138.895615
1363.855369 427.961757 45.795309 139.211501
1364.548337 429.397467 46.102355 137.596486
1365.734314 430.316711 45.719397 137.012574
1366.515860 431.082610 45.682669 136.867837
1367.394239 432.010508 45.312784 136.629162
1368.777238 432.756513 44.732930 136.858321
1369.677127 433.479643 44.239903 137.205128
1371.042306 434.055790 43.841686 138.057532
1372.000614 434.791213 43.239835 138.350960
1372.936859 435.600423 42.742178 137.896005
1373.508932 436.193396 42.812092 137.391881
1374.359353 437.124578 42.753183 136.862900
1375.041615 437.333207 42.626938 136.631921
1375.662788 438.591298 42.653445 136.129533
1376.581320 439.431715 42.466405 134.963229
1377.512666 440.223099 42.318253 134.441008
1378.192136 440.833719 42.453637 134.165750
1378.922095 441.262143 42.665144 133.598574
1379.262155 441.582511 43.559772 134.048668
1379.947249 442.399834 43.684352 132.966951
1379.908448 443.321645 44.672047 132.355717
1381.009522 443.693761 44.151255 133.133591
1381.037385 444.340965 44.466387 135.787668
1381.536447 445.276326 44.434762 137.311326
1381.624815 446.696423 45.034181 137.638454
1381.935049 447.708767 45.643168 137.838246
1382.169400 449.242984 46.471871 137.738310
1382.579837 450.134901 46.014260 139.319361
1383.090849 451.505918 46.186370 139.689030
1383.300326 451.963097 46.603869 140.680019
1383.487997 453.213205 47.046963 139.942072
1383.228685 453.775439 47.867777 139.932684
1382.340629 454.278931 49.588999 139.695653
1381.449902 454.657713 50.304770 139.129824
1381.240139 455.838067 51.407285 137.949470
1380.971419 457.189201 52.081156 136.550749
1381.398679 457.937444 51.848382 136.199053
1381.322787 459.043015 51.946280 135.035284
1381.791985 459.253594 51.766117 134.570184
1382.319924 460.208829 51.507451 133.738799
1383.010792 461.952399 51.080774 133.329451
1383.813356 462.855716 50.829614 134.972382
1384.938779 463.217715 49.044548 138.622231
1386.401716 464.260437 47.386257 139.920551
1386.545894 465.275079 47.550577 139.783268
1386.549226 466.398749 47.546928 138.745123
1387.131278 467.991606 46.900437 138.268846
1387.056212 468.519784 47.283399 139.054918
1386.654565 469.577012 47.439307 139.820781
1386.479365 470.583954 47.368191 139.668421
1385.521049 471.213198 48.765096 140.039158
1385.233350 471.964114 48.931462 139.675069
1385.017657 472.093536 49.413930 139.869805
1384.568704 472.778120 50.321848 139.041225
1384.494139 473.714403 50.200569 138.120750
1384.249741 473.647731 51.030101 138.485930
1384.522028 474.650493 50.609009 137.297884
1384.220455 474.945729 51.556504 137.549977
1383.759554 476.493918 51.303402 135.395190
1383.252467 476.856734 52.582083 134.904029
1382.778665 477.888763 52.102298 133.956115
1382.688787 478.440467 50.991288 133.452691
1382.076217 478.818375 50.964509 133.305971
1381.700541 479.378768 50.010043 134.175835
1381.202930 480.677125 49.444795 135.772416
1381.194403 480.627696 48.082816 139.272788
1380.314080 482.137757 47.921680 140.338954
1379.503763 482.467741 47.875057 142.246094
1379.206325 483.725795 47.416525 142.010907
1378.933002 484.720149 47.290337 141.045941
1378.606156 485.779465 47.428878 142.781425
1377.821328 486.847132 47.801462 143.646879
1376.964168 488.796851 49.086303 143.375035
1376.371838 489.419183 49.807459 142.837755
1376.146618 489.860913 50.032680 141.955933
1375.763076 490.041407 50.699764 141.600389
1375.580378 491.869628 50.598920 140.043210
1375.205068 491.097243 50.993553 141.126471
1375.347018 492.558451 50.419043 139.914353
1375.286106 492.725818 49.957079 139.716935
1375.101591 493.156219 50.225256 139.156776
1374.352613 494.331309 50.888630 137.266109
1374.577043 495.129387 50.439951 136.512412
1374.225982 496.054573 50.250745 137.713724
1374.651494 496.761757 49.651139 140.210104
1374.868586 497.347530 49.458264 142.794425
1375.072957 498.619661 49.041724 144.040638
1375.387284 498.902753 48.532371 143.893490
1375.283098 500.241925 48.381704 142.559024
1375.468180 501.349847 47.697986 143.426264
1375.751665 501.970697 47.160436 144.407102
1375.153609 502.902354 47.879566 144.215567
1375.075128 503.724064 47.962791 145.039922
1374.858406 504.414751 48.369482 144.274297
1374.579785 505.736321 48.648103 143.313189
1374.182727 505.914543 49.496730 143.148094
1374.174481 506.419169 50.091799 142.887012
1373.855943 507.241939 51.139554 142.209979
1373.628631 507.239409 51.934544 142.115696
1373.441814 508.901377 52.459455 140.675157
1373.070843 509.507188 53.854330 140.266249
1373.172986 510.591542 54.531952 139.546931
1372.658103 511.654074 54.651282 138.043516
1372.256346 512.252725 55.166606 137.408456
1372.256346 512.997467 54.685588 138.528094
1371.801961 513.885443 54.030228 141.093733
1371.796274 514.478433 52.767608 143.404757
1371.768509 514.516585 51.860262 145.743864
1371.380778 515.924026 50.849402 146.378306
1371.005644 517.026417 49.822246 146.432103
1370.538739 517.609787 49.080567 146.196256
1369.932831 519.077225 48.394056 145.514596
1369.192536 519.784847 48.056475 146.547245
1368.234564 520.580660 47.813907 147.086939
1367.259964 522.119871 47.940180 146.494939
1366.562945 522.515836 48.504441 145.739879
1365.799906 523.484123 48.620143 144.821549
1365.233845 524.303110 48.121382 144.075215
1364.385108 525.101152 48.337321 144.048048
1363.560949 525.334343 48.155727 144.169365
1359.453905 526.482685 48.984639 142.675776
1354.896392 526.978003 49.685465 142.985771
1348.789345 527.926195 49.769133 142.035702
1341.737707 528.066503 50.258202 140.882399
1334.831718 528.813200 50.555973 139.577976
1327.662450 529.464155 50.412710 139.311448
1319.890928 530.098988 50.703998 138.803414
1312.595670 530.734058 50.985383 139.046283
1304.733439 532.218787 51.938531 138.934360
1297.715818 532.971936 51.999953 139.994073
1290.071995 534.178307 52.346923 138.896307
1282.158688 534.432757 52.129319 138.770366
1274.237304 535.350265 51.664413 140.696294
1267.580535 535.926973 50.162072 139.139551
1259.905062 536.969850 49.104012 141.345884
1250.866310 537.316650 51.116251 139.458323
1242.256710 537.924508 51.201668 139.410628
1233.500807 537.940525 51.816685 139.083765
1224.868217 538.385316 52.100459 137.448538
1216.349288 538.898960 52.995768 136.821266
1208.181112 539.225653 53.987086 136.866546
1199.783900 540.350948 54.318655 135.235750
1191.583225 540.920453 55.428553 134.936707
1182.957583 541.626800 56.736977 134.920282
1174.546891 542.911705 56.806976 136.351751
1166.828528 543.897870 55.475794 137.910520
1158.913382 543.743734 54.411017 139.304558
1150.487284 543.648509 53.697112 138.144288
1142.622724 545.164025 53.299593 136.784166
1135.106085 545.872343 51.819851 137.714969
1126.657232 547.085830 51.616550 139.011223
1119.860606 548.686251 50.511622 139.543352
1112.047351 550.031514 50.336364 139.427252
1105.223786 550.035041 50.338823 138.441290
1099.044049 550.932761 46.711266 138.411531
1093.501187 551.213728 44.514302 138.112649
1087.785137 550.819329 43.026253 138.112052
1081.084959 550.406546 41.654637 136.902432
1071.569672 550.791223 43.853046 135.314117
1063.800619 551.053853 44.948072 136.288091
1057.482580 552.664335 45.319382 136.281974
1051.197054 552.358678 44.802753 137.041781
1045.754607 553.455772 43.750207 136.446104
1039.816596 553.615806 43.017562 134.638439
1032.800615 554.476188 42.395393 132.620114
1025.707172 555.661860 42.879172 132.582841
1016.875902 556.113124 44.853664 133.568357
1008.145897 556.216968 45.999698 133.709030
999.107415 556.440116 47.428769 133.817401
989.512489 557.198640 47.627510 134.080315
979.270399 557.713335 48.542976 132.680420
971.117147 557.970532 47.181328 131.276233
960.663041 558.434789 46.548217 132.550933
949.858343 558.843107 46.585996 133.522812
937.409652 559.157098 47.506551 134.287315
924.967049 558.780317 49.216915 134.523234
914.812729 559.010774 49.063644 134.128765
905.259473 559.647934 48.079007 133.388351
895.551850 559.879078 47.140223 132.014411
884.448231 560.023293 47.273742 132.564266
872.893701 560.384976 48.455235 132.651468
862.099493 560.652495 48.414956 132.188787
850.915826 561.604974 48.373340 130.725002
838.034167 561.841114 50.379847 129.240332
827.850059 562.643988 50.013528 128.792559
818.089792 561.930575 48.497087 129.731794
805.338558 560.896309 50.266016 132.374751
791.942317 561.601167 52.912312 132.171501
781.463841 562.242135 52.334580 132.462819
767.981814 562.020397 55.708024 132.841055
754.761707 567.098363 57.087617 127.197402
747.803242 569.143285 55.184758 126.023061
732.382131 565.469286 59.820478 128.274606
717.443126 569.993039 63.403340 124.595204
707.001462 570.667694 63.925434 126.070601
695.643654 572.616572 64.933927 121.526477
687.590720 570.154044 67.323109 129.460639
680.151147 569.762991 64.537120 122.455065
683.127885 572.755424 55.783322 119.660728
678.206626 572.852939 59.067465 120.455661
681.538124 571.992429 61.122577 123.031345
674.610576 568.918964 61.042100 124.435517
672.934747 572.566973 73.349347 122.653410
671.341788 566.520751 66.153272 127.348263
667.155855 564.248228 65.260809 127.747093
661.472589 563.826019 72.619483 128.684043
657.096226 557.068552 77.933548 137.354237
652.504510 557.220497 83.784476 143.410561
650.090364 555.912401 84.357794 142.805353
648.627052 554.939322 85.549369 142.384345
648.220179 554.985205 84.681936 140.944170
648.092819 553.490713 83.009183 148.791470
648.301304 553.303817 87.055667 151.882218
648.220693 554.587025 88.456557 154.001955
647.309798 553.583430 89.435012 156.954580
643.762954 553.175041 91.485021 158.778311
642.658949 553.107416 92.711436 159.364604
642.093093 549.723686 89.472827 162.818309
641.681003 545.511013 82.133514 166.958644
640.525284 543.431346 73.415164 168.875825
638.276260 539.215516 64.504269 173.762010
637.419092 536.027740 59.830000 175.835165
636.298598 532.757479 57.539469 179.267463
635.535756 531.550169 54.773281 180.408004
632.915207 531.074783 54.027879 180.306882
631.751193 531.400235 51.273649 180.625300
629.779097 532.685465 51.079487 180.287602
629.510817 535.475340 50.566523 178.999648
625.317136 534.029643 53.346036 180.178667
596.579832 531.784267 80.406141 184.460693
615.973102 543.084407 60.424012 168.095489
631.314830 547.727696 45.592506 165.842128
623.778873 542.001952 52.778089 172.596361
626.885162 545.437119 49.590927 170.008591
630.943238 575.603644 45.814209 138.459529
634.815887 573.741450 41.430633 139.915118
634.794540 574.817259 39.926120 138.592684
634.416573 574.413005 40.297137 139.596705
633.916995 574.275191 39.970376 139.908123
633.250852 573.012880 40.190799 140.865501
634.141857 573.075135 39.407170 141.361516
634.249911 572.054202 39.804526 141.950158
634.024775 571.502294 38.940923 142.694005
632.540292 570.961487 40.399242 142.924840
631.430255 571.033585 41.226166 142.515254
630.986826 570.799879 41.390834 143.069910
630.825728 570.555105 41.341443 143.329258
630.284968 570.060220 41.939528 144.074967
630.113319 569.467014 41.994154 144.437733
629.833311 569.467014 42.938629 144.564057
629.632347 568.679125 42.295349 145.308650
628.317312 568.178118 44.131122 145.618914
627.813759 567.958355 43.507063 145.857976
626.456577 566.273469 45.287623 147.030038
625.255294 564.908940 46.468170 147.645226
624.086600 564.207534 46.883461 148.041503
623.006766 563.436407 47.890120 148.453379
622.174329 562.873738 48.213976 148.889816
621.702319 562.490366 47.869478 148.963136
620.658476 561.667690 47.105039 148.539348
620.090468 561.611316 45.773217 147.445636
619.287200 561.154429 43.639659 147.882861
618.112379 560.404478 42.720267 147.089921
617.763902 560.150140 40.743008 146.743689
616.773821 560.178116 41.088740 146.000704
615.609814 559.814714 42.719174 146.561603
613.214073 560.344810 45.314463 146.111480
608.104108 561.180540 50.909542 144.940372
603.202800 560.831172 55.844192 145.161332
600.426494 560.857132 58.638041 144.044151
598.880975 561.455672 60.261950 143.732016
597.235927 561.669975 61.866774 143.447662
596.834130 562.740546 62.402732 142.532336
596.257076 563.443265 63.057178 142.119448
597.207122 563.835215 62.725647 141.375648
596.728755 564.309780 62.551372 140.894414
596.933655 565.048398 61.243851 139.776590
596.714436 565.504669 60.517550 139.492903
596.859630 565.545811 59.724590 139.842257
596.612874 566.246110 58.240554 139.382363
596.537401 566.353417 57.670638 139.565473
596.302913 567.048496 55.665170 138.774390
596.610105 566.729591 52.985810 138.616329
595.788521 566.656270 50.495806 139.607180
595.777000 566.749123 47.830516 139.587590
595.076219 567.237720 44.002719 139.418909
594.696395 566.756976 42.090377 139.383058
595.395336 566.958508 38.237013 139.298218
595.661576 567.173998 36.999314 137.724326
593.464938 567.213913 40.289266 137.644732
591.696319 568.063640 42.298920 137.641286
587.304752 568.248785 46.909428 138.140830
584.253618 568.383987 51.676089 137.463588
582.216435 568.307583 54.600420 136.625366
581.669959 569.350917 56.759695 136.289984
579.797800 570.123537 58.894740 135.557585
579.212464 569.098566 62.037549 137.113573
578.896596 569.848812 64.184596 137.380247
579.758711 570.458136 64.814238 136.859579
579.921869 570.875371 66.878164 136.865938
582.184599 571.040860 66.862434 137.878385
585.278018 571.368713 65.860217 138.494406
587.556737 571.730659 65.580069 139.372741
589.715106 572.060885 65.431563 139.859248
591.274172 572.004549 64.885609 140.152830
592.204088 572.004549 65.291395 140.152830
594.901818 573.130788 64.285721 139.771794
596.749022 572.944717 63.842728 140.030833
599.140663 573.237375 63.454420 139.840349
602.151783 572.759571 62.702209 140.001244
604.867905 572.384439 62.169424 140.346487
608.209646 572.269105 60.892853 140.539344
610.769537 572.451623 59.769708 140.094059
613.025408 572.097862 59.237217 140.386259
615.509618 572.157439 57.515739 140.422792
617.075825 572.422158 57.003136 140.512068
618.957444 572.142494 54.749896 140.920647
620.054271 572.034311 53.447697 140.269896
620.982865 570.960901 50.955091 140.646375
621.964154 571.274169 47.881097 143.118377
622.155233 571.216117 46.083628 144.727810
623.123284 572.531249 44.234112 145.777087
623.902665 572.876339 43.766029 146.579599
623.392470 573.247822 44.768343 148.652061
624.603628 574.051752 44.238793 149.232868
625.182961 575.246414 43.984773 148.882501
625.511079 575.264724 44.284691 149.522915
626.768121 576.105711 44.242511 150.070961
627.919594 576.871605 44.673915 149.472234
628.503048 577.156719 44.788505 149.426115
628.549339 578.230698 46.804715 147.593122
630.723380 578.686100 45.502063 147.137720
632.864256 579.691460 43.915560 145.907938
634.332877 580.641516 43.205503 144.706922
635.195675 581.650254 42.751810 143.469890
636.139049 581.307706 42.692144 143.344814
637.457669 582.768482 42.051967 142.325768
638.630681 581.955421 42.296614 142.922488
640.329933 583.673632 41.147925 141.156770
641.337865 583.713340 40.732170 141.442372
642.177095 583.634225 40.095738 141.268119
643.664713 584.531883 38.664517 140.107068
644.835648 585.193269 37.605899 139.759324
645.704761 586.373141 37.196611 138.484075
645.948451 586.518643 38.096371 138.062425
645.943358 585.662670 39.317096 138.317874
645.994013 585.630961 40.108394 139.474963
644.770937 587.081840 42.348560 137.128533
644.790107 587.503125 43.849767 137.192673
643.127621 587.563766 46.678638 136.816516
641.663428 588.437769 49.488068 135.899071
640.807021 589.174053 51.741606 135.610604
640.789331 591.084631 52.617394 132.811713
641.417285 591.111672 52.812268 132.929962
642.338047 591.254377 53.027361 133.571824
642.903450 592.392065 53.678312 133.054769
644.119198 592.071913 53.394106 134.679373
646.374027 591.426968 52.068525 137.110813
647.789947 591.180518 51.633150 139.101134
648.719564 591.256992 51.404071 140.456271
651.956378 591.870780 48.574118 141.682381
655.095274 591.003261 46.406913 142.908679
658.006539 591.136029 44.279679 143.859767
659.586802 590.381702 43.024131 145.534358
661.441813 591.271133 41.926453 145.651589
662.370782 591.070229 42.077661 146.709541
663.934667 590.853372 41.812013 147.260637
664.477647 591.239073 41.872835 147.788726
665.920320 591.391799 41.343303 147.064462
667.228368 591.380658 41.540149 147.648888
667.692587 592.696498 42.132589 147.030038
668.084402 592.139058 42.089611 147.124319
669.764305 593.294945 41.481264 146.161349
670.594265 593.378911 41.202995 145.799900
671.233994 593.671186 41.449048 145.881124
672.456084 594.523631 41.373985 144.896809
672.486628 595.356871 42.226092 143.358664
673.441422 595.597382 43.033369 143.233054
674.014308 595.944281 42.757599 142.960462
674.783289 596.975919 43.447902 142.108659
676.227335 597.036825 42.761824 141.915567
676.522989 596.793001 42.396501 141.660637
677.044000 598.420028 43.202509 139.271751
677.275040 600.395537 45.798789 137.506465
676.763969 601.759789 49.021352 136.407060
676.803342 601.821660 51.515682 137.025239
675.313007 600.530795 55.629822 137.287839
675.108251 603.408334 57.363976 135.644669
674.598499 602.090148 58.557001 136.417642
674.027640 605.669614 58.891204 132.593532
674.534905 603.414306 58.729807 135.315073
674.734748 604.607152 58.907921 135.667672
675.445788 602.896994 58.440807 140.450503
675.718066 604.536681 58.308186 144.679890
676.654803 602.750221 58.457236 149.429120
677.973620 603.244857 56.829194 150.315043
680.436026 605.428351 53.735876 149.498624
682.768050 604.686358 51.034731 149.921266
684.897570 605.697779 49.421474 148.987293
686.980834 606.535251 46.917051 148.531031
688.678886 605.871556 44.960984 149.476712
690.302128 608.142880 44.034283 147.301818
690.465555 607.353314 42.579657 148.041872
689.572130 607.710414 43.866992 147.120479
688.693373 608.765839 43.504723 145.614515
687.058056 608.639253 45.508097 145.226475
685.490088 611.653261 45.234781 142.534521
683.606987 611.126829 45.983469 142.970826
682.720720 612.360829 46.572857 141.674879
681.984986 612.640006 45.076383 140.829851
680.385680 612.430268 47.829205 141.656759
679.568650 610.451379 48.529257 143.328952
678.458943 610.724669 50.027052 143.124713
675.918968 610.862038 52.584924 142.707526
670.728786 610.464879 58.376987 142.500707
665.538458 611.454318 64.045770 141.252679
660.634935 612.370394 69.188092 141.512345
657.507716 613.890128 73.152014 140.559295
657.143322 614.524600 73.699403 139.953694
656.198447 614.718029 74.315389 140.238835
655.745050 616.610089 75.311049 137.933075
655.741863 616.097731 75.665354 139.118881
656.277762 615.003786 74.954028 140.211660
655.473767 614.290989 74.779896 140.586950
656.084259 612.603096 72.064405 142.189747
655.082751 612.843373 70.089651 142.089360
655.370193 612.190213 67.652962 142.407547
654.019083 611.258952 65.890128 143.246595
652.899302 610.832340 63.577168 142.742110
649.629574 610.279605 62.975358 143.361808
644.912868 609.337468 62.565549 144.632449
640.750444 609.358164 61.807136 145.746530
638.078137 609.384888 58.811930 148.151589
634.622907 608.631816 56.834938 151.928280
630.441691 612.131864 62.203387 151.993856
628.647085 611.040755 64.817943 153.076674
625.715239 612.448841 68.025998 152.506409
624.592274 613.760768 69.178010 151.819572
622.470823 614.554262 71.628177 150.929616
621.190724 615.827980 73.889823 149.902095
622.199809 616.995524 72.576547 149.465317
621.900437 618.202308 72.637632 150.118171
622.730558 618.546288 70.682277 149.739536
623.030401 619.445765 69.322508 148.671308
623.044467 620.980864 68.088167 147.538171
623.731000 621.521226 64.443392 146.753352
623.167851 621.790665 62.365174 146.858718
624.146585 621.955626 58.947391 147.996908
623.501847 622.231005 54.765784 148.333599
622.330843 623.484445 50.981109 147.442744
620.467470 624.403999 47.884824 146.797586
617.879052 625.093157 47.343024 145.975809
616.364840 626.253056 44.432768 144.681000
615.406236 626.692898 44.650626 144.483238
612.872192 627.874181 48.521629 143.493079
610.257632 628.822529 51.942469 142.389900
609.379416 630.152092 53.793479 143.461809
607.647312 632.045452 55.732057 142.391287
606.406742 633.596010 57.159870 139.727372
606.034164 634.473475 57.958360 139.321349
606.714446 635.695032 58.156077 138.714794
606.862962 635.817248 58.800041 138.412721
605.195222 635.940301 62.063011 138.200328
603.225242 636.928610 64.280455 137.689862
602.400345 636.303232 65.200986 139.080860
601.006850 636.757582 64.535796 138.000986
600.055652 635.284738 64.411105 139.559289
597.311320 636.935372 66.426186 140.844245
595.250970 639.279113 64.446681 146.736916
591.836765 638.960740 63.727391 141.633988
592.455025 639.018783 53.169100 119.273141
590.948357 640.014868 56.504822 119.793351
589.252251 642.196562 53.961126 137.142705
587.570346 642.328385 54.854950 144.642867
587.452949 643.123143 53.598452 147.785874
584.151772 643.242718 57.564463 155.302123
586.368971 644.559049 54.095824 157.902845
586.726398 644.406672 54.950511 159.551589
585.220324 644.937733 58.472337 158.879850
582.950593 645.356582 61.212855 159.002047
583.397477 647.272931 61.618675 157.283588
583.719090 648.734055 61.781511 157.102918
584.317963 649.468198 61.818547 156.725028
586.591138 650.094470 61.138904 155.397981
587.999535 651.390316 58.850975 155.501257
589.813551 651.774256 55.855170 154.796127
590.956051 653.539819 53.050062 154.246422
592.067761 653.967990 49.933255 154.005171
592.546357 655.194608 47.571280 153.054613
592.961843 655.815810 44.963312 152.884785
593.036904 655.140648 42.798558 154.271387
592.548150 654.739104 42.592977 154.080717
592.573592 655.912395 43.327972 153.149695
590.028800 655.745125 46.608979 154.284420
586.349873 656.607732 52.378714 152.957151
583.687940 658.323524 56.145256 151.552683
583.107564 658.898990 59.057452 151.523841
584.652769 659.734885 58.452955 151.351455
585.825997 659.485265 58.859498 151.712428
590.311172 659.648474 55.675103 151.546270
591.233795 660.115783 56.710515 151.895814
591.214405 663.034071 58.750838 148.935575
592.954080 662.528911 58.513600 149.851600
595.459443 661.176187 57.887017 151.838593
596.602620 659.700855 57.930064 153.428313
599.007040 658.539104 56.482552 155.397874
600.317111 659.342535 56.441404 155.748433
601.599592 659.175245 56.203659 156.003659
601.856762 658.638908 56.648614 156.190928
602.534897 658.267533 55.508621 157.563126
602.853387 657.343040 53.335717 157.925734
602.829333 657.202815 50.974330 157.163407
601.595828 656.275911 52.180781 157.246662
599.487848 655.988130 52.946296 155.309684
596.731659 657.098208 54.620282 153.093482
594.434603 656.439874 58.102154 152.547974
594.176928 654.634475 57.004386 153.353697
593.027780 654.387592 58.804822 153.698744
591.986484 656.795187 60.468059 151.861331
592.291876 658.676088 60.965385 149.250931
593.027780 658.961408 61.568712 148.996203
593.474247 657.188729 61.261551 151.282155
593.337531 655.986420 63.177847 152.359719
594.059314 656.679578 63.412509 152.153841
595.485806 655.210583 62.953659 154.493435
597.115369 656.376709 62.545131 153.865739
598.638125 656.338323 61.977164 153.070791
599.373466 655.731789 61.776830 153.407870
599.992752 655.950519 61.143867 151.832075
600.466778 655.401328 60.999710 151.003806
600.863883 655.699581 59.594216 149.828645
600.467964 655.578816 57.971962 150.526920
600.356605 655.587973 55.327174 151.586728
600.508274 655.487723 54.179224 151.838629
599.452267 656.193351 51.942178 152.098301
600.252787 655.933896 51.669968 153.178652
598.804049 656.491649 50.678477 152.471503
597.348589 655.927052 50.315530 153.810836
595.082894 656.160334 51.035173 154.169435
592.951512 656.055466 52.963642 154.975921
590.376128 656.164674 56.060567 154.872440
587.854727 655.703596 56.400258 156.661912
585.491038 654.675592 57.039101 158.327680
583.357741 654.520755 57.965671 158.804420
581.565241 652.560978 57.902925 161.184592
579.527413 652.804014 59.142110 161.323695
577.832324 652.462282 57.964958 162.723642
576.704685 651.953353 57.632943 162.785021
575.704708 651.661649 56.955262 161.638737
575.051983 651.045129 55.841030 161.953024
574.443860 650.587588 54.744029 161.780708
573.508630 651.796475 54.022019 160.176726
573.201431 652.372417 51.747232 159.386010
572.078217 654.400157 50.825112 156.722323
570.887537 652.530810 49.682600 157.580293
569.242605 651.932807 47.945450 157.735901
566.378303 652.545337 47.830250 154.882424
563.218264 652.267437 48.179882 153.478228
560.143694 653.074030 50.080832 150.029195
556.720244 652.609117 52.034804 149.851054
553.415474 652.319101 52.661595 148.674944
550.209071 653.406577 53.246697 146.653426
546.826245 651.505539 54.189376 148.700926
544.268271 651.289838 54.962652 149.688361
541.598519 650.290601 55.224766 150.957222
538.976806 649.076635 55.701663 152.768871
536.563582 647.235329 55.115957 154.956337
533.847168 646.658742 55.192147 155.959594
531.130767 646.227087 55.183078 156.717222
528.020881 645.666684 55.763476 157.655606
524.092063 645.835690 55.493602 158.126274
519.988561 646.467412 56.252151 156.950711
515.617025 646.239647 56.978895 156.418620
511.156286 645.059316 57.783461 156.961987
506.583987 644.182386 58.353347 156.511246
502.011127 644.119730 59.442454 154.514149
497.094881 641.828399 61.384827 154.398245
491.574386 640.566672 61.195910 154.651301
486.935474 641.901951 60.591086 151.762845
481.582587 641.186902 59.929687 150.949925
476.256669 641.901836 59.708135 149.746863
471.090833 641.899130 60.891615 149.596668
465.922233 641.850223 59.547631 149.730670
460.839567 641.938232 59.216608 149.691333
454.924598 641.120319 59.534299 150.490893
450.003884 642.297697 59.369656 150.239155
444.674558 642.372657 58.852778 151.211146
439.173711 642.329471 59.441364 151.457571
434.750925 643.056431 58.111464 151.436984
429.090814 642.440634 59.030185 152.073435
424.742340 642.912100 57.254960 151.918875
419.658314 641.964996 55.615028 153.209744
414.463694 642.333291 55.009791 153.117567
409.598232 642.545680 54.425861 152.672052
403.884274 642.600851 55.349616 153.272708
397.820627 642.808348 56.311918 152.546846
391.832611 642.387115 58.405533 152.719189
386.090206 643.015872 56.380474 151.471536
380.240202 642.598177 57.754613 151.870381
373.924692 641.966226 57.453438 152.480803
367.841451 642.744209 57.973316 150.497471
361.509901 646.029480 56.384952 146.177165
355.043936 645.813653 56.705816 145.187084
348.956612 645.092479 53.773020 146.014749
342.364758 642.401817 52.452336 146.272459
335.668180 639.747260 51.198369 148.798893
329.086595 638.089866 51.509436 151.972821
322.415450 636.989219 50.221328 153.010877
316.186850 636.042370 48.757885 154.108000
310.172409 636.682440 47.523445 153.254334
304.282309 638.852731 48.383852 151.958663
296.890771 638.357037 50.185202 152.102239
287.053586 639.203049 55.920465 151.433593
278.083476 638.960246 60.027845 152.325284
272.156901 639.709333 61.521996 152.415133
265.706526 640.609877 63.093013 151.864095
261.330645 642.178451 63.012376 150.847220
257.422712 642.501750 62.590593 151.236263
252.913240 642.142295 62.368555 151.092351
248.675726 643.006645 63.468054 149.962083
244.242092 642.506222 62.307578 149.705332
240.005116 642.072950 61.664945 149.318472
235.507090 642.096975 60.052762 148.957864
231.167234 643.207804 60.434424 147.340349
225.844247 643.329795 60.425446 147.386242
222.302784 644.812884 59.748855 146.722773
218.483767 645.370276 58.958095 146.907252
215.361707 645.597956 57.885769 146.210288
211.448128 645.172066 59.831484 146.552964
209.018636 645.583556 59.806412 146.304454
205.945466 645.649811 59.456853 146.339101
203.561206 645.464902 59.486019 147.655448
200.970385 645.359749 59.072317 147.632494
198.510770 645.440201 57.703557 148.041748
196.340954 645.398319 55.848528 148.695776
193.630045 645.006550 54.688945 147.887630
190.522003 645.486822 53.236578 149.204554
188.502111 645.171527 51.340824 150.212863
186.222351 644.875612 51.217805 150.650652
185.415397 644.631579 50.692584 149.443267
183.789977 644.278983 51.401599 150.515139
182.056867 643.488671 51.686396 151.099617
180.714524 643.282582 52.977942 152.034991
179.610665 642.260304 54.234731 153.075603
179.160757 641.334662 53.259198 153.130814
178.954818 639.747438 53.658377 154.889458
177.449810 638.608201 54.247370 156.271214
177.782468 637.511670 52.607353 156.334123
176.187217 636.286409 53.434615 158.244129
176.367624 636.025625 53.254219 157.398304
175.139414 635.340529 51.862501 158.093544
174.084806 634.453626 50.944567 157.425825
173.311123 633.599610 49.354763 157.553409
173.216689 633.187145 47.504603 156.368563
173.002031 632.378198 46.384010 155.156981
172.081411 632.128590 46.026439 155.111190
171.364897 631.959465 44.670007 154.692997
170.833114 631.839670 44.832412 154.365596
169.305265 631.500873 46.397741 153.966536
168.469442 631.027540 47.385968 153.887377
167.320637 630.877846 48.809561 153.991862
166.852631 630.072778 48.748233 154.608193
166.382697 629.962692 49.344508 154.517922
166.102511 629.688518 49.881753 155.963115
165.821948 629.542100 49.905726 155.752172
165.198597 629.473130 50.399671 155.767760
164.993005 628.989691 50.516605 156.639729
164.687716 628.817111 50.781550 156.763229
164.619025 629.127372 50.895714 156.658643
164.273918 629.196791 51.355264 156.750597
163.563079 629.158887 51.916100 156.512633
162.904749 629.026620 52.497551 155.481714
162.139396 628.437577 53.193473 154.077291
161.229504 628.095819 53.851153 152.272351
160.126171 628.044168 54.827253 151.723479
158.440833 628.489926 57.046187 149.685616
157.940577 629.573512 56.936870 146.740825
156.787858 629.056356 57.975935 144.668136
155.932633 628.737627 58.251206 143.367275
154.977970 627.572941 58.185101 144.158769
154.206147 627.023909 58.293543 144.782503
154.024147 626.534608 56.756423 145.867044
153.373886 626.092484 56.103527 146.409100
152.628313 625.839923 55.433952 146.925284
152.374832 624.840979 53.361726 148.116970
152.433224 624.476955 52.023509 148.280392
152.189949 624.184775 50.190574 148.354565
152.471752 624.205437 48.714300 148.350551
152.890051 623.546473 48.093362 149.116731
153.733714 622.885243 46.699895 150.086059
153.797903 621.819798 46.169505 150.792163
155.621665 621.287116 44.272046 150.530007
155.665975 620.297211 44.152673 152.120448
154.917713 619.273491 44.820191 152.657708
155.096702 618.453226 44.797009 152.934858
154.087205 616.986777 46.220044 154.327237
151.825890 616.721696 48.948560 153.344939
148.519939 616.579521 52.761679 152.464579
145.781936 616.396679 55.582255 152.468872
143.751693 616.029713 58.504647 152.428000
142.101553 616.466614 60.765367 151.618187
140.894057 615.529515 62.016429 153.493547
141.078711 615.504533 61.705162 153.593251
140.843251 614.718552 64.168107 153.182761
140.732112 615.098714 66.013211 153.505507
141.156650 615.067899 66.424776 152.708716
142.545347 615.093193 66.879264 152.426943
143.943293 614.883520 67.533177 152.116326
144.838644 615.185753 68.963560 151.124016
146.807699 614.860676 68.469952 150.656024
148.408936 614.928202 68.752041 149.684973
151.121104 614.670292 67.539741 149.171836
152.854374 614.619938 66.766451 148.719226
154.797304 614.911367 64.207915 148.942461
155.841295 615.259217 63.008134 147.919978
156.895252 615.351289 61.557953 147.687930
157.813952 614.979912 60.001772 147.110872
158.519100 614.895294 59.401841 147.046546
159.745428 614.183448 57.808797 147.302371
159.808005 614.144279 57.936381 147.193787
160.838411 614.210657 57.051048 146.924804
160.249406 614.370756 58.230583 146.656738
160.339832 614.026009 58.600932 146.926461
162.135938 614.210657 57.338773 146.069836
161.111617 614.202315 58.544978 145.713804
162.109884 613.956013 58.981361 146.197220
162.754339 612.741523 59.319628 147.239604
163.609176 613.171563 59.526922 146.546795
166.111803 613.185209 57.549666 146.400947
166.296215 612.574197 58.116355 147.858464
168.108721 612.518317 57.400615 147.521113
168.015525 613.154358 58.098456 147.676186
168.451300 612.462155 58.792018 147.546399
168.703971 612.918914 58.332488 147.627432
169.378126 613.649794 58.483661 146.541324
169.540238 612.491305 59.330112 147.964091
170.035223 613.295320 58.545235 147.611380
170.803708 611.970147 58.324048 148.867454
169.572429 613.028784 59.837986 147.470122
170.857261 612.493884 58.626906 147.852652
173.020509 611.713063 56.169315 148.579405
174.336961 611.892579 53.952883 147.967635
175.212095 610.724476 53.072000 149.411912
175.121326 611.174356 52.766856 149.467632
174.914556 610.523203 52.741339 149.970465
174.776183 609.970028 52.828624 150.414403
174.218272 609.820658 53.033980 150.301129
173.653347 609.887753 53.673712 150.647885
173.267388 609.356069 53.146928 152.031734
172.370924 609.186220 53.683076 152.104565
171.507040 609.247733 54.035482 152.199390
170.673505 609.154473 54.230588 152.506916
169.758652 609.086258 54.113392 152.732195
168.974172 609.018001 54.272044 153.220913
168.489747 608.988393 54.201672 152.991061
167.708284 609.398212 55.104917 152.476276
167.047083 609.398212 55.412277 152.791624
166.369532 609.850594 57.061395 151.405353
165.403761 609.781093 57.772149 150.537285
165.336609 609.508390 59.778730 149.283852
165.398521 609.641696 61.439930 147.798905
165.466499 609.586290 63.792643 147.105248
165.586217 610.092311 64.426017 146.293244
165.586217 609.900581 66.740079 146.212441
165.587827 610.004535 66.510228 146.191689
165.981182 610.146343 65.068491 146.258579
165.899978 609.888190 66.867504 146.977757
166.309856 609.657534 65.201590 147.665301
166.791727 609.327048 65.013472 148.359915
168.150413 610.138221 65.393287 147.855099
169.052131 609.312085 65.163303 148.998401
171.208198 609.657534 64.938400 148.943853
174.388601 609.584529 64.283302 149.135385
178.260868 608.902279 62.695559 150.332664
182.433855 608.913860 61.938464 151.108130
186.524265 609.236779 60.808099 150.631541
190.842776 608.923654 58.545976 151.060461
194.379378 609.234555 58.415147 151.118784
197.604077 609.622195 57.045079 151.308652
200.679733 610.865827 56.437662 150.435514
203.023952 610.625454 56.070473 150.938702
205.979490 611.031095 55.114934 150.688935
208.615865 611.663413 54.610385 150.888806
210.846354 611.932540 53.919791 150.632966
212.851170 613.173951 53.276983 150.946896
215.207778 613.436601 52.559039 152.000503
216.009423 614.839358 52.901549 151.334112
216.567254 616.040211 53.556184 150.713232
216.177805 617.374267 55.661028 148.568063
216.523890 619.817074 56.470192 146.586899
215.759893 622.298465 57.444684 143.837639
213.680369 624.707461 58.669748 142.335688
211.600122 628.669723 60.472011 139.473194
208.874687 633.232780 61.915995 134.486480
206.931693 638.004302 62.787189 130.393756
204.939361 642.311822 64.086541 127.468503
203.855720 647.804723 64.669362 123.114234
202.271594 652.754530 65.204623 119.219073
201.039738 656.823662 64.940651 116.105457
199.612804 660.957119 65.075228 112.961062
198.067706 665.584725 65.463007 110.148279
197.116926 670.349808 64.770368 107.029574
195.528212 674.649611 64.883951 103.640958
193.889643 678.153825 64.677632 101.028949
192.746053 681.628764 63.801281 98.095241
190.949738 684.581830 64.040276 95.872406
191.736671 688.041411 61.489858 93.407906
188.455182 690.924783 63.188189 91.485296
187.631427 694.122837 62.152341 89.112202
186.781947 697.177782 62.129881 87.315295
186.476085 699.098169 61.101947 86.548457
186.132411 701.511262 60.214846 85.174805
185.818235 703.094202 59.229535 84.778201
184.227066 704.853974 59.734562 83.655605
184.194013 705.855375 58.487816 83.854048
182.974169 707.218142 58.186943 82.811816
183.612338 708.421831 58.785938 82.540414
184.122420 709.263579 57.382384 82.467929
184.493310 710.271977 56.797933 81.819974
185.154824 711.201438 55.840963 82.112114
185.493037 712.139486 55.116509 81.809433
185.033860 712.920528 58.637080 81.444317
185.455222 714.368491 58.845108 80.780087
186.021955 715.150899 58.029098 80.566920
186.156046 715.901056 57.909999 80.358998
186.589832 717.078442 57.508084 79.864225
186.344489 718.488504 58.034132 79.141660
186.529495 719.297332 58.166330 78.784337
186.418681 720.658095 58.340855 77.995973
185.958437 721.895876 58.588296 77.250145
185.806428 723.246262 58.456409 75.839487
185.214141 725.235100 58.733050 74.604439
185.247971 726.163091 58.821136 74.373301
184.351397 727.455362 59.400640 73.374219
184.119658 728.186814 58.740870 73.483801
183.106843 727.909210 58.404797 74.354268
180.859896 724.595676 59.678625 78.298208
180.563997 723.532203 58.549638 80.358972
179.133106 722.428192 58.862685 82.041984
177.400455 720.096157 59.189228 85.808307
176.449287 719.428066 59.142813 86.782171
174.117191 716.853737 59.968911 90.119600
172.750104 715.678624 59.891922 91.936693
171.458408 715.507515 59.512639 92.849428
169.369082 714.848898 59.809431 94.896656
168.562889 715.927916 59.785655 94.580141
167.119862 715.756378 60.833732 95.682203
166.691849 717.171603 61.598876 95.586050
165.790374 717.661079 61.871340 95.451091
165.547218 718.300674 60.720447 96.162115
164.273379 719.939000 60.897093 95.197539
163.958441 720.600377 60.444054 96.110525
162.977832 721.472360 60.513760 95.401587
162.252065 720.957184 60.352969 96.910293
160.883748 721.620144 61.238607 96.795964
159.930065 722.715320 61.563311 96.778679
158.789035 722.117075 61.052960 97.583109
157.612194 723.351164 61.402197 97.598357
156.268183 722.832228 61.830788 98.220599
155.095749 723.624803 60.816739 98.543398
153.588975 724.570891 61.727015 97.797991
152.089052 724.345745 62.081999 99.547072
150.984182 724.819298 61.933047 99.254704
149.537209 725.771024 62.412868 98.983174
148.943580 726.504526 62.624269 99.441621
147.516004 726.181248 61.998298 100.116416
147.133790 727.402428 61.303082 99.566597
145.681165 727.620072 62.087492 99.957761
145.275069 727.557799 60.483578 100.797407
144.502260 727.456701 60.967856 101.504753
143.784992 727.313939 59.973546 101.799678
142.019970 728.211495 61.183668 102.095463
141.370120 729.009706 61.286240 102.294013
140.129620 729.973794 61.541335 103.228433
139.043380 730.732260 61.772617 103.993718
138.102532 732.467288 63.118502 101.892191
136.470329 734.306874 64.153335 100.937915
134.758581 734.632168 65.220613 100.584820
133.829120 735.185617 65.321193 100.149889
132.458597 734.774499 65.513405 100.812810
131.326069 735.603586 66.357569 100.286378
130.412777 735.058667 66.587619 100.611279
130.514648 736.518546 65.763789 100.409823
130.384556 735.815056 65.150854 100.929430
129.904232 735.502824 65.573235 100.999852
129.656284 735.162825 65.524065 101.427141
129.698824 734.814732 65.017111 101.823946
128.952708 733.861960 65.017472 102.728006
128.822619 734.859387 64.436131 102.867310
128.123826 735.170131 63.227246 102.319224
125.965902 734.368947 63.215659 102.896647
124.646705 735.324670 63.590253 102.821019
123.147442 734.233007 62.568573 102.997413
121.165773 734.809110 62.847488 102.979362
120.167002 734.737690 62.608877 102.966064
118.789935 735.810726 61.663548 102.189294
116.671657 735.128969 62.107475 102.805889
114.565232 734.900867 62.311723 103.196281
112.559884 735.076874 61.604481 102.823840
110.501424 735.282716 62.561638 102.649449
107.740961 734.971340 62.792001 103.224207
105.278476 735.188517 62.346078 103.617112
102.842454 734.604077 62.973095 104.149001
100.192717 734.419887 63.661653 104.799982
97.730947 735.206231 63.347499 103.227703
94.966819 735.004347 63.370211 103.615161
92.959741 734.647710 63.426285 103.971798
89.713523 735.336398 64.281832 103.933538
87.375645 735.925487 64.426772 102.668086
84.854987 736.788119 64.910758 101.551123
82.228451 738.278360 64.751529 100.196153
81.212312 739.105530 64.880695 99.868653
78.149417 741.011097 65.335215 97.541088
76.851410 741.681711 66.230929 96.050607
75.639561 743.001664 66.540431 94.829908
75.347346 743.592813 66.027353 93.649308
74.858251 744.955163 65.853857 92.402618
74.168275 745.651307 65.284595 90.963560
73.804764 746.839779 65.719379 89.689799
73.566562 747.899340 65.961493 88.123501
73.978091 748.645591 65.588611 86.787493
74.754121 749.446820 65.087114 85.974065
75.840086 749.732554 65.324402 85.298310
76.673770 750.398126 65.791877 84.328625
78.550959 750.186967 65.930636 83.897930
80.418609 749.020229 63.345482 84.674375
82.626949 747.599608 62.641452 85.178016
84.593003 747.420378 60.380361 85.163494
86.102777 746.306573 59.808952 85.455188
87.798421 745.425445 58.034937 85.830610
89.355198 744.059556 57.675447 86.590566
91.143492 742.263058 58.673910 87.428210
91.681415 741.342754 58.777420 88.081287
93.445474 740.322339 58.828362 88.286894
95.377134 739.043877 58.795280 88.733692
95.773732 737.701060 59.200156 89.796803
97.062107 736.206743 60.225213 89.944431
97.990924 734.287952 59.687936 90.813140
98.511476 734.083794 61.196627 90.579250
98.980104 731.609888 61.951686 92.074946
100.241069 730.307289 62.308618 92.612465
100.849721 729.389073 63.599123 92.204638
101.022187 728.472356 64.128589 92.322623
102.360502 727.791648 64.596520 92.671335
102.890110 727.171855 65.133513 92.290851
103.831875 726.684820 64.530520 92.132483
105.503990 726.078520 64.112047 91.565411
105.229864 725.440847 64.486296 91.312935
105.879449 725.195020 64.406155 90.295720
105.248715 725.041823 66.022807 89.950845
104.928166 724.628694 66.563095 89.556413
105.112222 723.735224 63.931668 89.873324
104.120142 722.786627 63.864209 89.660179
102.161628 722.349596 65.437624 89.743767
100.818346 722.089407 65.537388 90.020964
98.748680 721.813172 65.288705 89.984593
96.614558 721.274095 63.847254 89.705008
93.912233 721.149472 64.725548 89.947302
92.039159 720.673862 65.169954 90.055438
90.293153 720.580121 63.945479 89.617883
87.636538 720.513427 64.685936 89.363982
85.950557 720.258634 63.967927 89.521374
83.829300 720.088513 63.219502 89.134903
81.669472 719.539626 62.586713 89.400692
78.681354 719.478429 63.935143 89.158885
76.656608 719.121504 62.975478 89.501614
73.930235 718.892187 64.495132 89.476541
71.397434 718.868982 63.922702 88.824085
69.270030 718.440714 62.445603 88.971393
66.403604 718.731951 63.146686 88.303695
63.886064 718.551126 61.917144 87.884144
61.627855 718.369981 62.206777 87.518209
58.618712 717.896785 60.659781 88.071462
55.720026 717.650999 60.698858 87.346838
52.367859 717.479963 61.180935 86.831629
49.511824 716.708013 61.577489 87.294745
46.267392 716.900888 60.537898 86.868156
43.057221 716.597470 60.339051 86.760014
39.782827 715.947318 61.780741 86.890228
36.489231 715.309802 62.126538 86.856723
34.156394 714.841565 60.878244 87.054582
29.891988 714.118860 62.609594 86.941506
26.942434 714.135981 62.138213 87.192852
23.643260 713.123188 62.095937 87.434492
20.387748 712.776648 61.992624 86.834795
17.671612 712.546676 61.332401 86.366974
14.920485 711.888627 61.457093 86.570102
11.930009 711.179301 62.406700 87.132310
8.961116 710.956741 61.064224 86.822809
6.274934 710.179298 61.456127 86.964732
3.508837 709.659317 60.760441 86.820289
0.407761 709.128188 60.753108 86.748639
0.000000 708.297456 58.870821 86.892704
0.000000 708.007827 55.075634 86.330976
0.000000 707.298584 51.734279 86.140740
0.000000 707.645436 49.984456 86.120256
0.000000 706.279842 47.241707 86.412156
0.000000 705.744900 45.698109 85.494894
0.000000 706.359850 41.976163 81.440649
0.000000 705.147270 40.191008 81.371609
0.000000 704.822178 37.523154 81.025449
0.000000 704.834061 35.773820 79.506339
0.000000 703.927144 36.087236 78.963746
0.000000 703.290517 34.972648 78.830576
0.000000 702.382489 32.090370 78.125357
0.000000 701.684335 31.857910 77.198090
0.000000 700.345227 35.439678 75.114514
0.000000 699.776824 35.940288 74.605301
0.000000 698.221606 36.829197 75.194626
0.000000 696.952782 38.458344 74.466347
0.000000 695.645114 39.807556 74.771951
0.000000 693.751331 41.840900 75.582052
0.000000 693.487126 43.586366 74.680207
0.000000 692.137310 45.248655 75.060930
0.000000 690.967822 47.953688 74.545834
0.000000 689.871748 50.487827 76.111781
0.000000 688.458386 53.171618 83.789814
0.000000 686.411171 57.443468 85.103774
0.000000 684.840299 59.635943 84.304339
0.000000 683.283827 66.413880 84.784543
1.785500 682.927091 70.165877 84.032063
7.061485 680.707805 69.404625 84.901320
12.213460 679.539524 69.611857 85.064999
16.479658 678.066460 69.613117 84.955528
21.034993 676.587536 68.578698 84.570616
25.939408 674.932653 67.790068 84.893612
29.242704 673.397900 67.605646 84.481496
33.374454 672.157821 68.289234 84.564271
37.093605 670.873589 68.540714 84.169436
41.272378 669.867543 67.579951 84.158949
44.949258 668.741315 68.080457 83.690122
48.752739 667.450255 67.138693 84.024405
52.636919 666.442002 66.817446 83.641426
56.560263 665.661083 65.691524 82.666501
59.852253 664.537614 66.524193 82.577103
63.776106 663.411201 66.072265 82.338122
67.637137 662.522648 65.341087 81.957461
71.601546 661.293793 65.101346 81.519788
75.582465 660.050762 65.438627 81.525503
79.185056 658.635589 65.462600 81.814888
83.406602 657.804770 64.608803 81.252983
87.093586 656.347701 64.675201 81.494688
91.228172 654.703861 64.550803 81.561241
95.171040 653.759703 64.382989 81.723229
98.727450 652.389015 63.547078 81.400531
102.479768 651.361056 64.414568 80.894012
106.154156 649.702583 63.160679 81.664009
110.206910 648.297329 63.140291 81.611454
114.037735 647.197451 63.635051 81.643771
117.467717 645.881636 62.818783 82.299603
121.168614 644.305708 62.782320 82.516404
124.762137 642.836068 62.540631 82.508435
127.694948 641.661676 62.580631 82.842083
131.261296 640.594729 61.846146 82.386705
134.324215 640.004656 60.808542 81.684439
137.053996 638.756129 61.265346 81.588587
139.172016 637.990315 61.330247 80.806544
142.179938 637.055058 61.137553 80.819368
144.274912 636.256926 60.997364 81.198641
146.148585 635.223563 61.038386 80.299429
148.253209 634.008966 61.476506 80.433789
150.446806 633.578986 60.856561 80.500356
152.267198 632.579140 61.208368 80.490432
154.518229 631.538675 60.991848 80.742336
156.113144 629.906756 60.665501 81.603280
157.767407 628.829194 60.499626 81.477544
159.558549 628.167465 60.718489 80.942375
161.336405 627.192159 60.731770 80.771568
162.663272 626.233923 61.156520 80.558921
164.653401 625.279562 61.389717 80.360361
166.318515 623.885766 60.380113 81.776948
168.211796 623.279562 60.302845 81.303885
169.590177 622.475410 60.519632 80.760860
171.122421 621.531810 59.925043 80.704466
172.433699 620.655576 59.295409 80.304365
173.393738 619.892969 60.222777 80.409487
174.105379 619.102547 60.018282 80.324189
175.221237 618.302214 60.828498 80.523657
175.913121 617.121633 61.129804 80.710272
176.571239 616.724512 61.007295 80.346014
177.756190 616.367618 61.170392 79.596117
178.458056 615.158031 61.686423 80.073762
179.005132 614.587286 62.058129 79.532024
179.736303 614.076756 62.395446 79.237607
181.043283 613.587293 60.803544 79.454175
181.670376 612.636528 61.351510 79.729567
182.534535 612.174967 60.803536 79.112842
182.894408 611.153321 60.980777 79.317870
183.632314 610.046976 61.355865 79.449791
184.381324 608.935588 60.956746 79.676649
185.178430 607.711746 60.517483 80.054783
186.108334 606.767847 60.899296 79.960088
186.520297 605.289933 61.280325 80.776607
187.322768 604.502744 60.599977 80.567820
188.266571 603.624337 61.564529 80.638471
189.175241 602.578728 61.667917 80.698523
190.023477 601.914658 62.127950 80.440949
190.801572 600.634921 61.749372 80.956302
191.755430 599.858886 62.327341 80.732354
192.835048 598.764231 62.344322 81.150375
193.543922 597.683392 63.109931 81.303672
194.642781 596.789368 62.923503 81.395494
195.834670 595.983662 62.523145 81.443367
196.582672 595.264177 61.800243 81.401592
197.525850 594.061876 62.804918 81.964942
198.449286 593.340023 62.770029 81.486563
199.077199 592.509191 61.984178 81.357121
200.042708 592.018105 63.100651 80.573248
200.624742 591.128998 62.469330 80.383518
201.051700 590.493652 62.859799 80.809642
202.151179 589.514900 62.478544 80.918837
202.461994 588.402162 62.617763 81.149746
203.190056 587.571173 62.336974 81.257304
203.756195 586.962541 62.595437 80.945204
204.822359 586.514475 62.279060 81.191396
205.689946 585.175654 63.041698 81.732100
206.110844 584.113302 63.339181 82.271535
206.421261 583.448916 62.894328 81.972905
206.705450 583.035048 62.197627 81.948828
206.951452 582.170113 63.393841 81.934955
206.755900 581.392583 62.361204 82.149884
206.603565 580.757740 63.020202 82.348122
206.146816 580.392587 61.581597 82.190163
205.650973 579.757741 61.805108 82.388283
205.211829 579.226843 60.859708 82.238150
204.443498 578.422530 60.248508 82.522046
203.562668 578.239757 60.161656 82.383159
202.852479 577.634932 60.302234 82.996303
202.089441 577.061868 59.541885 83.371093
201.678267 576.764212 59.251286 83.105916
201.013149 576.601958 58.996704 82.618617
200.030519 576.418908 59.158421 82.558883
199.319700 575.387662 58.808559 83.070478
198.143417 575.248961 59.408846 82.929862
197.832324 574.658899 59.001086 82.762126
196.928646 574.531796 60.091370 82.446009
196.523178 574.012109 59.278239 82.610838
195.019508 573.658919 59.355585 82.601707
194.275471 572.734517 59.645542 83.042929
193.249291 572.578745 59.552130 83.133838
192.639596 572.409649 59.773818 83.018649
191.916623 572.296496 59.389300 82.727839
190.935118 572.111325 60.102249 82.510791
189.892454 571.578723 60.197829 82.768566
189.484258 570.954942 59.157489 83.190278
188.678270 570.373376 59.573288 83.248720
187.562663 569.783048 59.615322 83.685788
186.799213 569.877435 60.119534 83.440168
185.994589 569.718459 59.719236 83.309521
185.188296 569.422538 59.439134 83.447597
184.288617 569.239758 60.189695 83.391461
183.698549 569.004848 59.562750 83.387514
182.483279 568.820867 58.621901 82.846904
181.581274 569.035559 58.860174 82.466197
180.697648 568.725867 59.061478 82.647666
179.464328 568.362368 59.646897 82.937378
178.908977 568.182985 58.637246 82.520022
177.440466 568.289966 58.805628 82.243882
176.110757 567.952536 59.783844 82.822497
174.902311 568.025919 58.763977 82.768089
174.195256 567.669017 59.238465 82.704536
172.856810 567.924201 58.994607 82.335215
171.599877 567.475414 58.802062 82.824339
170.149618 567.812517 59.070822 82.527591
168.710046 567.868398 59.447459 82.431355
167.461384 567.644343 58.855641 82.695766
166.149618 567.644343 59.865303 82.857421
164.972207 567.296467 59.797226 83.253488
163.562665 567.215032 60.000268 82.980227
162.192251 567.382677 59.946749 82.649807
160.733897 567.466069 59.069585 83.083886
159.421477 567.858859 59.240594 82.165446
158.070288 567.924201 59.402828 82.739642
156.778250 567.998733 59.454343 82.422311
154.732976 567.868398 59.490433 83.120845
153.678271 568.247500 60.289804 82.221311
152.162692 568.904206 60.959797 81.483539
150.691878 569.109500 60.764619 81.633565
149.449050 569.081465 60.512612 81.902611
147.997569 569.192251 61.060530 81.872365
146.385675 569.357810 60.760365 82.558606
145.122829 569.770905 60.763444 82.220971
143.344082 570.100406 61.639650 82.298879
142.119992 570.320023 61.580610 81.785815
141.105235 570.294692 60.576592 81.975977
139.598740 570.632034 60.962856 82.121241
138.260690 570.549565 60.949240 82.280042
136.920239 570.494023 62.049591 82.905261
135.591949 570.733525 61.677200 82.376482
133.909542 571.038366 62.116203 82.817706
132.966509 571.481843 60.817980 82.066912
131.879526 571.881069 60.234608 81.989065
130.892455 571.944995 60.650868 82.081186
130.503719 572.081452 60.934246 82.387368
130.737039 572.270991 60.672565 82.396777
130.720630 572.715702 60.230610 81.992496
131.350724 572.502742 62.613839 82.280705
131.804912 572.370678 60.821102 82.462437
132.624363 572.660404 61.700716 82.209729
133.941608 572.708584 61.938394 81.961842
135.315538 572.708584 61.785882 82.002357
136.835808 572.627344 61.348734 82.118701
138.243356 572.627344 61.832280 82.078523
139.413542 572.542577 62.318101 82.493488
141.206344 572.900861 61.175077 81.966464
142.822034 572.438390 63.092816 82.512876
144.724821 572.729351 64.381901 81.934008
146.611505 572.422841 63.157472 82.082392
147.874214 572.370678 64.660937 82.666314
150.128201 572.531916 64.699589 82.498991
152.046675 572.476534 63.936479 82.186128
154.441412 572.255794 63.177660 82.168305
156.233654 572.259155 63.607388 82.941415
158.180668 572.390370 63.545669 82.510889
160.385244 572.255794 63.383825 82.575090
162.234161 572.644366 63.762846 82.309046
164.214865 572.809637 62.281926 82.389571
166.311806 573.067442 63.371371 81.840261
168.308973 573.118377 62.167375 82.030817
170.428779 573.542615 62.087785 81.724058
171.515148 573.096153 62.031698 82.412487
172.482171 573.780616 62.566050 82.309287
173.497531 573.733511 62.332878 82.579402
174.383531 574.288410 62.446879 82.514162
175.497533 574.537340 61.952696 82.255080
175.784361 574.431503 61.868575 82.360603
176.383118 574.763792 62.163726 83.051070
177.440182 575.259138 61.348121 82.696207
177.899224 575.708619 61.484087 82.654238
178.745264 576.122830 62.051030 82.352885
179.410400 576.889104 60.943541 81.995454
179.999084 576.970306 62.674757 82.457961
180.291643 577.481849 62.440882 82.188605
180.740044 577.733518 61.769593 81.932338
181.349192 578.514466 60.994023 82.326068
182.020260 578.326860 62.164283 82.624401
182.758113 579.141949 61.740415 82.140574
183.131957 579.208270 61.690107 81.897595
183.789284 579.349751 63.457736 82.286684
184.237360 579.864549 61.896986 82.293638
185.209032 580.288421 62.953551 81.902676
185.490366 580.537345 63.305355 82.786193
186.117297 581.137916 62.387888 82.102371
186.681294 581.067456 64.368805 82.817091
187.462054 581.862406 61.915225 82.332833
188.285840 582.122840 63.051285 82.312151
188.483325 582.503272 64.342606 82.258489
188.981216 582.671022 64.368014 83.376773
189.856837 583.586886 64.525559 82.437029
190.659519 584.352462 63.847457 82.090113
191.515170 583.975712 64.918465 83.182494
192.365728 585.188989 64.177084 81.876060
193.317057 584.919406 63.840457 82.626465
193.510193 585.826511 64.966225 82.221276
194.896402 586.224658 64.060147 82.611926
195.186011 586.587188 63.850713 82.649193
195.909422 586.893969 63.614282 82.865260
196.670679 587.934610 62.270820 82.237238
197.410398 588.122811 63.821798 82.352885
198.157374 588.589115 62.789804 82.815637
199.042147 588.785153 63.364560 82.935566
199.554587 589.422834 63.323658 82.981906
200.263101 589.893958 64.284591 82.906415
200.862661 590.971888 62.888269 82.305695
201.874218 591.203241 63.103558 83.079273
202.629985 591.754639 63.655727 82.938984
203.496376 592.554776 63.358675 82.949103
204.563383 592.671024 62.661900 83.047106
205.268970 593.228765 63.068772 83.358904
206.429254 593.502882 63.639206 83.793268
207.864351 594.476525 63.021561 83.546779
208.802813 595.004949 63.318661 83.001544
209.999781 595.311569 63.116763 83.547704
210.736698 596.280899 64.210830 83.181368
211.935896 597.114436 63.528297 82.722129
213.333430 597.367250 63.640109 82.955220
214.302070 597.893967 63.012356 83.693142
215.362068 598.390350 62.780401 84.238432
216.503923 599.086472 62.947068 83.728812
217.395686 599.502859 61.774206 83.917817
218.332293 600.199957 64.089265 83.576445
219.187491 600.614349 63.805635 83.886092
220.288866 601.476334 63.365246 84.129568
221.187488 601.918058 63.508769 84.021962
222.423696 602.502288 63.783566 83.873167
223.759088 602.749271 63.448168 84.562310
224.801419 603.781807 64.193762 83.552015
225.975338 604.586879 63.629034 83.098459
226.869794 605.115591 63.723861 83.638378
227.935896 604.822611 62.971505 84.137933
228.214960 604.918042 63.912897 84.523259
229.284823 605.893694 63.717388 84.062031
230.288450 606.614331 63.845115 84.011307
231.366063 606.522651 63.625828 83.872496
232.054008 606.974282 63.096206 84.676998
232.515464 606.822619 64.607770 84.970399
233.435991 608.281811 63.622815 84.047034
233.471757 607.879715 64.778529 85.039065
234.234492 609.425371 64.314978 84.081267
234.607414 609.522662 64.571920 84.956946
234.661316 610.505950 64.432372 85.248480
235.435989 611.055072 65.037611 84.977429
236.045704 611.472121 64.210285 85.501169
236.461553 612.168316 64.977428 85.160534
237.144616 613.035869 64.657289 84.979988
237.991298 613.129706 65.021950 84.704055
238.587964 613.358335 64.288091 85.317627
239.153418 613.483651 64.537116 85.211788
239.587964 613.655977 65.281736 85.292090
239.818178 614.172900 64.842027 85.146491
240.506492 614.072305 64.404708 85.434336
240.752428 613.492081 63.904831 85.909846
241.230099 614.186984 63.927867 85.446597
241.736810 614.020205 63.560506 85.339910
241.961064 614.524944 63.909740 84.737943
242.686238 614.248792 64.173775 85.203774
243.595984 614.136598 64.413438 85.223518
243.785261 614.368320 64.273544 85.243136
244.476086 614.252633 64.640072 85.358824
245.309174 613.786368 65.354996 85.741199
246.101933 613.848148 65.278921 85.774254
247.062168 613.905827 65.646183 85.547015
248.101931 613.616585 65.097844 85.498438
248.611946 612.967662 65.510312 86.139465
249.538123 612.975056 64.803489 85.949859
250.286012 612.082907 65.202389 86.686015
251.136839 612.333545 65.493119 85.766658
252.015132 612.325177 64.825751 85.621609
252.911175 612.025922 64.388335 85.785162
253.219197 611.784110 64.797606 85.764809
254.265925 611.792305 64.429669 85.892302
255.031278 611.493722 65.017921 86.012918
256.299748 611.325158 64.936190 86.000790
257.141622 611.090406 65.384537 86.404792
258.096338 610.916801 65.065906 86.475820
259.378413 611.033306 64.819632 85.637939
260.386623 610.380040 64.771352 86.136318
261.378412 610.090428 64.966170 85.772375
262.306228 609.967672 64.001419 85.759087
263.030524 609.786372 65.603695 85.365036
263.982436 609.149233 64.928935 85.211993
264.669172 608.841961 63.026429 85.369461
265.655604 608.485615 62.344382 85.158209
266.221291 608.013832 62.523273 85.361589
266.617319 607.718516 61.933214 85.509226
266.724107 607.190798 62.944897 85.417157
266.945220 606.899318 63.177875 85.136877
266.810571 607.007672 61.932010 85.052712
266.959855 606.600831 62.667834 85.547586
267.012047 606.660428 62.608643 84.941874
266.916091 605.896927 63.320504 85.395332
266.721548 605.837341 62.219542 85.678119
267.288872 605.602239 61.696422 85.291191
267.382991 605.717221 62.095892 85.056558
267.249076 605.425639 60.798862 85.348140
267.433067 605.013678 63.979552 85.432277
267.515554 604.727695 62.296115 85.423708
267.711517 604.251289 61.845037 85.475632
267.588878 603.720853 63.413007 86.492342
268.338701 603.551099 61.729008 85.809006
268.322599 603.367058 62.421962 85.199495
268.230815 603.246660 62.171775 85.337191
268.591690 602.838301 62.234210 85.370834
268.471758 602.779605 62.552893 85.305121
268.447432 602.485593 62.024438 85.658413
268.379313 602.246677 62.568544 85.546326
269.022604 602.074620 61.725790 85.486193
268.656540 601.891110 62.683930 85.676085
269.469084 601.427151 60.774712 85.258183
269.066695 601.363695 61.457607 85.390424
269.227389 601.535566 61.626817 85.093241
269.362071 601.013287 62.739105 85.448994
269.481455 601.237400 62.346534 84.614335
270.127514 600.948923 62.624277 84.741896
270.112483 600.891129 61.917948 84.716837
270.159893 600.765381 62.941279 84.489302
270.214959 600.013842 62.244185 85.361589
270.792505 599.955419 62.527044 85.753838
270.603195 600.294661 62.433589 85.058913
270.813908 600.246669 62.408584 85.420769
271.288867 600.013842 62.496345 85.070893
271.044040 600.013842 62.025036 85.319972
271.221290 599.717213 62.482724 84.932148
271.385268 599.650750 62.073877 85.436123
271.622714 599.822612 62.273082 84.928519
271.993431 599.891107 61.584015 85.090529
271.718888 599.765385 60.876749 84.863389
271.803675 599.652280 61.793893 84.769349
271.990746 599.362228 60.903636 84.851023
271.966274 599.479368 60.704263 84.694023
271.974591 599.131207 61.853800 84.918402
272.126120 599.121760 62.163254 84.610533
272.495961 599.293825 62.264632 84.314138
272.067000 599.107573 62.206513 84.521205
272.126120 598.650633 62.203208 84.936468
272.317227 598.717232 62.141920 84.519170
272.227387 598.420080 62.423978 85.208698
272.288871 598.478077 61.539612 85.273031
272.261093 598.593135 62.593708 85.077319
272.549444 598.130419 61.765879 85.328299
272.656535 598.179170 61.451265 85.304061
272.521103 598.129937 61.898737 85.457165
272.554994 598.072177 61.591591 85.303246
272.757856 598.293804 61.505442 84.314138
272.629982 598.122510 62.092774 84.405913
272.204967 597.765393 62.570967 84.905066
272.044041 597.765401 62.811706 85.027602
272.002869 597.660437 62.429776 84.858924
272.214962 597.822605 62.962873 84.677828
272.196301 597.420375 62.398915 84.747281
271.872528 597.236551 62.744487 85.162842
271.796295 597.478093 61.903140 84.689563
271.855012 597.477853 62.474316 84.735406
272.018046 596.948917 61.849533 85.324880
272.132413 597.465105 61.343008 84.267185
271.965518 597.189466 61.484937 84.408349
271.832050 597.064911 62.010563 84.670081
271.710636 597.050763 61.994585 84.536346
271.670682 596.936879 61.465588 84.276383
271.672477 596.995768 62.274701 84.716678
271.814573 597.465105 61.902254 83.977471
271.460941 596.833755 62.182220 85.483182
271.457554 597.362557 61.020989 84.805099
271.549549 597.594733 61.451113 84.744058
271.018629 596.896244 61.236641 85.690862
270.993430 596.717229 62.758363 86.229137
270.556399 597.182724 62.863815 85.544007
270.325364 597.480012 63.002821 85.433627
270.365729 597.652518 63.444714 85.219060
269.545583 597.652518 63.645700 85.598480
269.800012 597.488811 63.651935 85.480602
269.800012 597.605324 62.450380 85.364089
269.658031 597.993681 63.841173 85.812251
269.661405 598.078463 62.125723 85.281668
269.574666 598.130419 62.020549 85.537011
269.540388 598.188581 63.448985 85.311836
269.646412 598.364579 64.854016 85.507000
269.528965 599.116394 64.463510 84.990739
269.744007 599.125391 64.036601 85.179536
269.637875 599.468139 64.197903 84.752750
269.800012 599.411222 63.133311 85.019965
269.727248 599.065253 63.260705 85.204418
269.923847 599.767091 64.648259 84.727240
269.826435 599.598657 63.988852 85.180909
269.825339 599.605357 62.736802 85.531613
270.172028 600.007687 64.183556 84.927459
270.144961 599.952841 62.733960 85.100316
270.291323 599.718528 63.467511 85.425508
270.122519 599.721545 62.592636 86.728352
271.401030 599.786361 61.635599 86.203909
270.092492 600.188588 62.923406 85.730186
270.000021 600.306726 63.157098 85.902031
270.041207 600.605332 62.686218 85.447800
271.751735 600.776505 60.903065 86.124962
273.099435 600.833245 59.907124 85.440558
274.401330 600.894024 58.332117 85.797464
274.557814 600.548936 58.851659 87.275137
275.178488 600.835712 58.289630 89.120628
277.075909 601.417716 56.787955 86.856050
278.941396 601.551276 54.563156 82.256236
279.346621 601.408901 55.518542 83.333238
280.078966 601.739942 55.547009 87.333189
282.800110 601.609146 53.777955 99.615373
271.484664 600.354918 65.001384 100.335331
270.006133 598.794943 68.094082 99.745599
260.370785 598.102048 78.299249 96.858121
271.093174 597.556908 74.293742 99.093685
274.043246 595.548387 72.869398 91.782699
277.054123 595.718224 74.390750 93.494338
277.656426 595.009363 54.837353 90.784664
273.146820 597.684395 50.584702 93.576982
269.266981 595.250879 49.072044 95.250055
267.664593 596.382081 43.337900 96.240056
260.294262 593.914838 51.577199 99.086414
258.779324 594.217218 52.742876 97.014379
254.686525 597.734670 54.894549 98.174929
259.424288 601.398363 53.495455 98.957319
266.117054 600.483307 44.245128 99.907689
266.752270 601.656793 42.807256 97.692272
266.667505 601.323934 42.157039 96.279592
267.250708 599.998667 47.224822 94.646996
266.771185 600.717961 46.080346 89.745464
265.768769 600.335381 46.885526 87.845921
264.469457 599.916889 47.148905 88.238957
265.106705 599.377378 47.356906 88.392054
264.186405 597.617611 49.355370 90.353962
263.677994 596.288968 51.620835 91.026925
263.066057 594.386111 53.732808 93.137287
262.197795 592.886206 56.383406 94.205809
261.450055 590.880923 59.888221 96.240519
260.467256 589.928534 63.714527 96.329163
262.075533 586.273258 64.894253 100.429896
262.677614 585.843712 63.839743 99.784776
261.040166 582.211523 64.382703 103.040359
267.143585 580.267614 58.687751 105.105474
266.919514 578.468765 58.408207 104.308158
264.347129 575.608059 59.992521 102.989698
259.728220 573.282314 64.228116 104.004539
258.791957 571.137103 65.510083 107.296834
266.218352 568.064885 57.691573 109.798075
268.832133 567.701712 54.894874 107.994254
271.948759 567.949750 52.203576 108.128821
273.621874 566.865724 48.998599 108.069264
275.337898 564.777982 52.153696 110.822510
274.493981 564.407469 56.909280 114.699180
273.375491 557.500902 52.196768 122.290208
272.134262 557.204397 52.794712 125.271875
269.802149 554.903038 60.140002 128.774359
266.213757 553.736994 70.804872 129.533007
261.585055 553.412905 54.029313 127.954123
250.741320 541.118147 56.595791 136.856296
255.708470 534.645009 43.726786 138.423686
257.290660 536.780283 51.032049 135.065491
254.666554 529.339739 51.739540 141.580145
254.365672 525.490835 50.942544 148.392494
252.902663 522.786913 52.583271 151.383792
252.838600 520.401962 49.921590 154.273475
252.586849 517.916249 51.158211 154.957785
251.925950 517.265572 51.368711 156.094526
251.648693 514.885980 51.522946 157.991589
249.776033 513.934094 53.865624 159.955559
249.968095 513.967311 61.045510 161.518453
249.181429 513.639938 68.515668 160.890523
248.424954 511.486031 71.273152 162.154164
246.903802 510.452425 73.513751 164.622812
245.320454 510.657888 72.388712 165.099328
247.507009 509.288186 66.178453 167.136851
244.723383 508.798134 70.624198 167.592147
244.665722 507.845645 65.057162 167.797287
244.210804 506.781619 65.509483 167.537709
243.689091 506.724902 61.212207 169.843080
242.389950 506.171108 57.299599 170.819211
241.822304 505.218268 53.367837 172.626284
240.352261 503.961757 53.153294 173.499346
239.392341 504.283913 53.089559 171.430733
237.444855 503.759396 55.956396 170.501017
233.211074 504.400352 60.165165 168.488626
229.428042 503.604031 64.708900 167.763859
226.914693 504.199746 68.072198 166.416295
225.431835 504.398558 70.075298 165.276944
225.466513 504.335704 69.062874 165.141683
226.260255 504.137383 67.693601 165.893648
227.679819 505.095532 65.515331 164.128500
228.103795 504.259007 64.868207 164.736440
226.251941 503.712490 66.068325 165.198183
224.457398 502.642934 67.223131 164.755121
222.279809 502.448727 68.096691 164.814063
220.474937 502.318894 66.363043 163.882872
218.615835 501.350152 66.073386 163.110157
217.108661 500.166339 65.413118 159.681510
215.123377 498.451675 64.247492 158.172256
213.748939 497.083052 63.400399 157.660635
212.148534 495.852849 62.778281 158.777447
211.367676 494.874744 59.910276 159.184573
210.213389 494.515611 58.944359 160.652911
209.065551 493.353562 59.941819 160.879343
208.050650 492.744209 59.590743 162.478136
207.614127 491.755857 59.499892 162.744343
207.182506 490.472949 59.693775 163.172220
207.043303 489.326942 59.094857 163.828965
206.850639 488.270148 59.484875 165.058005
206.401741 486.982084 58.977179 165.295625
206.194116 485.059505 59.009675 166.733540
205.802958 483.038831 58.141501 167.531021
205.752781 481.156067 57.603575 168.153440
205.263318 477.781501 57.572561 169.862095
204.874501 476.315864 57.168560 169.153890
204.742868 474.462225 56.764477 168.790398
203.980576 473.259674 56.840469 166.309265
203.088891 472.241304 55.850178 164.914613
201.746905 470.749925 55.326403 165.829628
200.274453 470.355709 55.446473 164.454831
198.804363 469.205146 55.967531 164.944363
196.828903 468.782702 57.090202 163.621525
195.243149 468.076328 58.041184 163.383545
193.243905 467.288776 59.409407 163.763635
191.132161 466.598219 60.544384 165.245359
189.439194 466.525416 62.514709 165.520049
187.542503 466.314270 63.777959 165.724567
185.345304 465.892838 65.482983 165.096900
184.130342 466.474309 67.727346 163.255892
182.753322 466.686734 67.957223 162.107669
181.488792 466.584838 69.162133 160.707578
179.953639 466.555023 69.406518 159.193557
178.606344 465.833215 70.968134 157.237308
176.381006 465.018681 72.210302 157.178739
173.628087 463.848233 73.252071 156.872789
172.917285 462.904990 72.542162 155.383967
171.225613 461.815393 72.201933 154.485898
169.861044 461.049199 70.021905 154.502749
168.165224 459.955902 68.161046 154.809235
166.425104 460.049429 66.770944 154.597017
165.481903 459.132940 64.860449 155.614259
164.065654 458.227093 63.019371 157.772180
163.230123 457.367928 61.440689 159.230558
162.201258 456.285781 61.668253 160.641444
161.663581 455.016449 60.310174 161.076081
160.724196 454.093081 60.691696 161.295969
159.844204 453.189104 61.312335 162.156573
158.778427 452.428246 61.601630 162.574775
157.474105 451.722294 61.617632 162.476021
156.861551 450.374902 61.799547 162.977124
156.189787 448.334793 62.346565 164.211380
155.570855 446.049096 62.262406 165.425156
155.376426 444.051747 61.977004 166.342202
154.936164 441.901605 61.481676 167.426221
154.323641 440.778739 61.319288 167.365565
154.113569 438.842797 61.064135 168.152668
153.728419 436.977549 60.252322 168.624740
153.436164 435.783989 60.332438 167.691936
152.502660 434.999247 61.087145 166.944409
151.970569 434.193338 60.428458 166.959655
151.519392 433.127088 60.526217 166.492234
151.469439 432.413000 60.447970 164.852334
151.593857 431.334793 59.711960 163.935196
151.071963 430.838822 60.028685 163.719114
150.834537 430.575173 59.984853 163.653683
150.064021 429.764961 61.090790 164.127751
149.314406 429.152710 60.657401 164.563873
148.806381 428.838771 60.790817 164.560232
147.520615 428.300903 61.988632 164.809540
147.376993 428.307561 61.947067 164.461777
146.651861 428.138683 61.919188 164.625111
145.719239 427.396133 62.483033 164.580257
145.086576 427.307562 62.321412 164.181372
143.580008 426.916349 63.647052 163.780688
143.433728 426.144809 63.093986 163.688522
142.340862 425.974552 63.517705 162.900953
141.656263 425.360652 63.875131 162.283454
139.881921 425.464876 65.042515 160.959292
139.234847 425.290760 64.574757 160.237385
138.865677 423.920059 64.595154 160.037369
138.432786 422.846878 64.448990 159.193954
137.835495 422.035635 65.194316 157.293605
137.464044 421.289285 64.480101 155.469093
137.032209 419.872818 63.878878 154.592212
136.893305 418.987363 62.956058 152.859287
136.799419 417.636732 63.029329 153.496798
136.913267 416.636746 61.181985 154.955058
136.951389 414.917495 60.192047 157.045275
137.117775 413.811037 59.149413 157.630729
136.886683 413.495069 59.236576 157.759742
136.732020 412.876470 59.506286 158.940527
136.616403 412.057111 60.742617 159.596923
136.958230 411.480024 60.949757 160.334063
136.744042 410.838907 61.496586 161.051482
136.845653 409.633970 62.346246 162.041035
137.606232 409.077780 59.209022 162.029586
137.850240 408.240373 59.273344 163.346099
138.445888 407.383712 58.047888 162.538074
138.876394 406.024995 58.549307 163.005791
139.396979 404.876466 57.229950 163.811941
139.417541 402.848538 57.458059 163.639980
140.166458 401.309309 57.531885 164.260129
140.287673 399.963859 57.300308 164.651805
140.888957 398.618589 56.509706 165.632084
141.556348 397.331871 56.004448 164.531048
142.657344 396.456795 54.754144 162.781343
143.196641 395.760324 54.457641 159.963610
143.794162 394.183194 54.479292 160.824451
144.514178 393.682047 53.110123 158.109548
144.225270 392.732872 53.949727 158.794247
144.742068 391.659522 53.542509 159.171736
144.474937 391.158595 54.220337 158.942155
144.762792 390.753643 53.938349 159.195375
144.402744 390.321789 54.323624 159.335167
144.112647 389.945939 54.488048 160.031827
143.900753 389.589470 53.658068 160.388295
143.305453 389.803471 54.077242 160.064516
143.711906 389.138864 53.657405 160.134438
142.188218 389.349418 54.840536 159.503479
142.552876 389.405737 55.048174 159.577172
141.890214 388.782219 55.082619 160.461183
141.208562 388.812107 55.597991 159.195073
140.244368 388.444504 56.723167 157.195476
139.803306 387.351079 57.382101 156.192112
139.191973 386.201551 57.958471 154.973094
138.403427 385.590961 58.846532 154.326689
138.488606 384.444352 58.364749 152.568236
138.066849 383.597282 56.865760 151.780478
137.809713 382.860988 57.408244 151.408244
137.876704 381.863702 57.353553 152.755773
137.998588 381.388038 56.817974 151.853673
137.356645 379.928509 58.671393 153.268768
137.066902 379.237424 59.339973 152.444466
137.258574 378.237109 60.731424 153.620548
137.828077 377.252615 60.966936 154.025406
137.979686 376.412654 63.018952 155.537788
136.369105 376.147995 65.099096 155.696884
136.597324 375.433765 65.692299 156.627660
138.569476 374.452381 64.383019 157.641262
139.531130 374.234866 63.436354 157.573364
140.658368 373.456201 61.619654 157.818233
140.846217 372.953980 60.437741 158.207791
141.448011 373.179332 59.319836 156.665554
141.795367 371.687282 59.535790 157.394469
142.656430 370.930777 56.578297 156.760702
143.001572 369.435592 57.965051 158.307231
143.847000 368.082047 55.512178 158.562025
144.436025 367.230399 55.238475 159.582802
145.227080 366.498550 54.468101 159.378473
146.376804 366.443362 55.138648 158.227051
146.515816 366.059318 57.375509 157.496304
146.229328 366.063554 59.628845 156.951348
147.296847 366.285463 59.840564 154.541954
148.055336 365.941497 60.954921 154.329091
147.888739 365.226728 62.969149 153.312922
148.401837 365.797419 63.845479 151.507498
149.247411 364.974370 64.758666 151.616860
148.360661 364.288217 67.134105 151.810542
149.058226 364.719990 67.094942 150.660286
151.207145 363.770484 65.998054 151.056771
151.959857 363.723343 65.695813 150.997584
151.278422 364.004328 66.697276 151.220532
151.738073 364.551836 66.672603 149.074769
152.822911 364.043283 65.303838 150.070943
155.127354 364.351531 62.940434 149.900100
155.602540 364.596186 59.913755 149.757009
155.213021 365.249797 58.568919 152.162885
154.929376 364.967418 56.114648 152.250902
153.636230 364.332832 53.961003 154.186838
151.881680 365.333294 52.016512 154.431370
151.219077 366.495354 50.014362 155.527094
151.658717 366.404148 47.657989 155.464104
151.822584 366.201621 47.644921 157.418089
151.698761 367.555532 48.824559 157.012758
151.682194 368.491836 48.783365 157.282906
150.515274 368.908366 51.670888 157.002723
150.162282 369.104477 52.725302 156.451829
150.624006 369.220758 54.706880 156.581369
151.608334 369.806354 57.233547 156.176448
152.030769 369.014270 60.114409 155.541935
153.455261 369.743146 60.616418 154.728602
153.833197 370.051277 61.270507 154.321930
153.238110 369.690055 62.418015 155.413362
154.524251 369.770834 61.853140 154.787233
155.288445 369.170252 61.282452 155.310654
155.838341 369.223707 59.158612 155.327354
154.751394 369.837897 59.817701 155.534187
154.513935 370.157621 60.519425 154.703820
155.368636 370.263818 59.892874 154.667554
154.878653 371.464230 60.992561 154.646809
154.103905 372.573957 61.316519 153.153968
154.886640 372.652743 60.947276 153.987927
155.071084 373.528427 60.852417 151.944818
154.550960 372.582648 61.533168 153.171021
154.920299 374.098359 60.838310 151.852004
155.261405 375.118553 61.487488 150.799085
155.382989 375.454602 60.477445 150.524247
155.941370 376.486373 60.581438 149.549613
156.303463 376.622521 60.369681 149.488698
157.396326 376.683516 58.425777 149.152243
157.597070 376.464386 58.950068 149.259598
157.948970 375.437864 58.673161 149.956203
158.961473 375.681619 56.798033 150.537299
158.559032 374.960263 57.298038 150.555356
158.343037 375.053620 58.240104 150.891154
158.413994 375.321027 58.756546 151.125999
158.116719 375.121269 57.105283 151.392807
158.324172 374.542310 58.316522 151.744738
158.652558 374.544170 57.714555 151.650563
158.681005 374.698725 57.649942 151.748301
159.068944 374.594518 57.481774 151.920881
159.939565 374.698725 56.796537 151.679956
160.205448 374.228602 56.386736 152.194762
159.909762 373.279845 56.898455 152.802955
159.611165 372.541425 58.180763 153.450779
159.357982 371.973024 57.736398 153.608244
159.105233 371.602737 57.486051 154.126104
157.887968 370.646085 57.994135 155.013470
156.991240 371.332810 58.818706 154.807037
157.306747 370.275561 58.576893 154.921909
157.462387 371.716324 57.907761 153.257410
156.860827 372.076690 58.946431 152.616720
156.632690 372.718296 59.174568 152.784675
156.032788 372.487701 59.921256 152.123748
155.690155 372.839145 60.678105 151.295427
155.161051 372.239326 61.055781 150.490333
154.822578 372.537580 61.697585 150.394707
155.026388 372.318091 61.646166 150.247094
155.026388 371.427086 61.114908 149.910742
155.908094 370.100193 60.689832 150.956286
155.024832 369.556654 61.372313 151.125570
153.976227 367.181498 61.366348 151.884627
152.575801 368.305207 63.161436 150.459646
152.123980 367.619398 63.705248 150.320838
152.074890 366.880966 63.349909 151.374106
152.616767 367.973968 63.417820 149.534115
151.311219 368.465725 64.196285 148.751142
150.814064 366.298683 64.336890 150.850033
150.715086 366.973975 64.580409 149.191880
150.652883 365.724973 65.082168 150.501669
150.472225 364.849676 65.166862 150.579837
152.157102 364.541955 64.190336 150.466274
151.677821 364.480923 64.276074 150.796338
149.262278 362.792587 65.536222 152.748167
148.482732 360.287539 65.499806 155.783326
148.822411 359.321217 64.752309 156.144102
148.943087 363.930143 63.083639 151.737591
149.490058 365.749757 61.325522 149.838095
150.900095 361.877106 57.784875 153.899846
148.098849 362.142336 59.282611 152.781424
149.510949 360.973903 54.464793 153.891607
148.784287 359.785179 53.515078 155.513918
149.022843 358.848065 53.357337 155.344965
149.080402 357.956998 54.827800 155.392835
149.080978 356.410769 55.338500 155.568609
149.886658 355.283871 54.707089 156.278478
150.051275 354.423934 56.273623 155.766398
150.577864 353.049756 57.482894 154.926169
151.878256 353.529511 59.263938 152.087280
155.694465 351.431907 57.855560 152.149220
157.874268 351.805286 58.994885 150.871862
160.824894 349.753961 58.135014 151.674301
163.493194 349.598251 58.324866 150.965199
165.897989 349.228631 57.856326 150.521551
169.123390 350.000736 56.592100 149.988812
171.691614 349.082506 54.933861 150.655720
174.256610 348.239278 52.190616 152.370512
177.111331 348.356049 51.596447 151.615947
179.686875 348.215141 51.586446 151.061556
181.725866 348.573654 52.264838 150.534122
184.646131 348.080182 52.132490 151.196516
187.509528 347.865162 51.840341 151.097881
190.019290 347.551902 52.405805 150.983701
193.311003 347.619148 52.184590 150.916456
196.183356 347.204595 53.369886 150.773584
200.186759 346.507908 53.669385 150.988275
205.810320 345.559190 52.503921 151.621248
211.041753 344.986128 51.587136 151.565418
216.469248 344.525066 50.559594 151.118578
220.673886 344.320471 50.631986 150.219907
223.878584 343.451326 51.266357 152.033244
228.005510 342.783152 50.271649 151.411396
230.775481 343.612181 49.731407 150.846986
232.869486 342.570636 50.695949 150.968710
234.886034 341.240761 50.067489 151.509135
237.137702 340.487547 50.639963 152.230194
238.915372 339.821577 50.936591 151.562838
241.365543 338.821576 51.123472 152.130632
243.908151 338.403144 51.078875 151.925268
245.852556 337.630002 51.779236 151.750830
247.881958 337.527568 52.105521 151.539213
249.389150 336.254762 52.521859 151.672451
251.207776 335.881659 53.357717 150.930257
254.365318 335.455702 52.995436 151.040480
256.833009 334.986126 54.269684 149.824493
259.298397 334.038295 54.357756 149.506733
260.619960 333.506348 54.512144 149.437301
261.415389 335.708446 55.651793 147.423157
261.583596 335.272890 56.839076 148.201922
264.078427 333.605027 55.353044 148.522544
265.016770 334.918354 54.965647 148.782975
265.502402 333.785223 58.464091 149.067215
267.998108 333.115780 61.249429 149.457380
268.321216 332.901818 66.109110 150.563256
270.499774 332.798040 69.841758 150.665570
272.802251 332.864040 72.494928 150.322320
274.502228 332.802970 73.111715 149.745637
275.989788 333.007752 71.524575 149.278062
278.148534 332.964674 70.727150 148.855257
279.558094 333.200789 69.796838 148.694050
281.042119 333.539283 69.149455 148.428142
282.845050 333.224142 68.676526 148.800306
284.420122 333.633764 67.864668 148.254216
285.339310 333.036776 67.260987 148.179564
287.433610 332.811476 66.605963 147.869399
289.814899 332.851672 64.782984 147.149389
291.971108 333.147714 63.554519 146.785526
294.257883 333.240385 64.073349 146.751723
297.926361 332.199160 63.195881 147.239400
301.541176 332.129785 61.394277 146.368925
306.241955 331.076321 58.714761 147.305670
311.383127 331.111979 55.971670 146.304468
318.010272 332.547075 51.742491 145.866439
324.338007 332.106195 46.540750 145.621918
328.923180 331.672150 43.627201 145.539083
333.669263 331.095147 46.330721 146.168213
338.623646 331.048615 52.393429 145.938045
343.386764 330.636974 56.752952 145.509278
347.204887 330.444634 62.059672 145.531453
351.595826 330.584134 65.598709 144.867452
356.221014 330.487029 67.517835 144.414103
360.402279 330.267005 70.512263 144.381222
364.085500 330.389857 70.128792 143.939926
367.892795 330.578123 71.952361 143.549641
372.433607 329.804672 70.746452 144.458638
376.117853 329.802061 72.667033 144.228607
379.585808 330.407618 71.892379 144.044154
383.225246 329.153110 71.640858 145.444547
387.060485 328.899075 70.408228 146.173479
390.235689 328.533368 71.012903 145.933116
394.421687 327.660852 70.106645 146.878512
398.249399 327.647798 68.365450 146.763826
402.781089 326.979407 67.117477 147.650856
406.837898 326.229437 64.897207 147.915552
410.654881 325.254840 64.324466 148.910199
415.105803 325.123370 62.549328 148.461764
420.453665 324.119509 60.624365 149.935352
424.316031 323.643420 60.280263 149.396574
429.340987 323.310763 58.581862 149.930938
435.718866 323.010447 54.554621 150.936367
439.585408 325.011370 52.620616 149.959080
441.995322 324.215142 52.206258 150.803498
443.689005 323.262141 51.170655 150.648779
443.941365 323.210943 54.496041 149.852999
445.790149 323.493101 56.036808 149.399831
445.669435 322.552882 59.369656 149.369279
446.620391 322.104290 61.367296 149.845104
447.887101 321.699549 61.163073 149.084600
449.075681 321.961385 62.137642 148.996203
448.811891 321.945130 62.980535 148.957850
449.971098 321.318087 60.056789 149.222880
451.246640 320.894276 59.057791 150.103462
451.990996 320.235090 59.350556 150.352519
452.888792 320.097915 60.645387 149.694035
454.106313 319.534905 63.153284 149.844467
455.623230 318.619103 64.616725 149.206727
457.254622 318.448371 65.650525 147.446889
457.970548 318.123364 66.518598 145.863456
458.805302 316.866161 66.935934 146.339046
459.724381 315.516485 66.434225 147.529100
460.289970 314.841641 65.792156 147.324561
459.798605 314.055411 66.320394 147.368769
460.295140 313.175643 65.320551 148.373246
460.295140 312.157385 64.605234 149.623181
460.289970 311.480920 64.027269 149.667420
460.555803 310.559701 63.108306 150.211553
460.825113 309.894019 61.827772 150.458372
460.511402 309.777190 61.272851 149.745299
460.558385 309.326385 60.479539 150.068003
460.460820 308.600096 60.306856 150.153172
460.033553 308.418725 60.313587 148.724968
460.081613 307.370410 59.527453 148.120332
459.441530 305.795751 59.826832 147.788297
459.278624 304.802761 59.886393 146.625252
459.639953 303.838339 59.529714 145.098333
460.137912 302.746158 58.888190 143.487298
461.749989 301.645111 57.334353 141.465152
463.106893 300.383837 55.673097 142.165387
464.308952 299.401297 55.327100 141.795046
464.896160 298.407514 55.381145 142.411231
464.990603 297.737165 56.074661 142.163272
465.161886 297.269786 57.126516 143.925696
466.251916 296.104730 56.759065 144.085863
468.086606 295.138957 56.219261 145.384543
469.134607 294.472206 57.456753 146.216970
470.585830 293.791604 56.285847 147.157986
471.223725 293.270695 56.198376 148.323187
471.876559 293.159895 55.251146 148.599378
472.580849 293.096830 55.620272 147.580896
473.082882 292.219686 56.369756 148.041840
474.159603 291.079823 56.934270 148.351159
475.506132 289.865191 56.349588 148.990551
477.980920 288.657127 55.022698 149.531109
481.053066 287.194182 53.585711 149.832682
484.430544 285.888388 51.556925 150.041657
485.532817 284.592966 50.666063 151.062208
488.296328 284.216458 49.361184 150.257313
489.827837 283.311452 48.929914 149.999329
491.188280 282.574911 48.935394 146.964757
492.552821 282.428175 48.842051 144.473642
494.626325 281.771613 48.102541 143.480172
496.359629 281.428343 47.866472 143.414900
498.063779 280.771272 47.701161 142.500988
499.499687 280.838637 47.892597 141.753861
501.259694 280.478160 47.696342 142.372947
502.660789 280.151417 47.666055 143.515931
503.147226 280.018756 49.012672 144.475621
502.626681 279.421274 50.901907 144.530722
504.728289 279.018220 50.420845 144.999147
506.672300 278.618940 50.316918 145.657449
508.028819 278.481462 51.057324 145.937889
508.264990 277.778598 53.159511 145.504366
509.214416 277.253222 54.426647 146.948347
510.457003 276.902786 54.984102 146.367592
512.336427 276.277920 55.027552 147.566967
514.283168 276.022626 55.153216 146.812612
515.729136 275.687988 55.051664 145.960833
516.936818 275.071961 55.721010 146.873743
518.015060 273.840991 56.054782 146.816587
518.266555 273.354366 57.022878 145.388395
519.954864 272.486815 56.055753 144.569280
524.673541 272.737733 52.325902 143.099771
525.826624 271.518793 52.423604 143.066119
530.608763 271.650328 49.524256 141.516177
533.475680 270.774937 47.486291 142.911491
535.629513 270.388021 46.678214 142.924712
537.357741 270.526906 47.724377 141.378858
538.512098 270.312296 49.509803 141.597387
539.778281 270.195178 53.185727 141.077082
541.366240 269.910020 58.553875 141.454466
541.933961 270.081866 64.314782 141.269981
542.916476 270.310669 68.758667 141.331966
543.565636 270.354181 70.485216 141.361162
543.840695 270.942165 71.578489 140.458686
545.006274 271.611421 70.135569 139.592912
544.669641 272.363191 71.094170 139.357362
546.159825 273.688688 70.891038 137.529566
547.901539 274.163352 69.440235 136.612134
550.097629 273.934906 67.480697 137.253283
551.536948 273.700512 66.527876 137.500711
554.424045 273.909946 63.926300 137.190300
556.611549 273.534947 62.042436 137.818407
562.076999 273.815775 56.423328 137.761038
567.126765 273.341084 51.500527 138.833541
571.505126 274.155053 47.586016 138.721341
574.439595 273.533262 46.240500 139.666560
577.193922 274.699411 45.286107 139.064351
579.501453 274.733055 45.747749 138.762665
581.964943 275.409477 47.476616 140.162084
583.431936 276.237729 53.643749 139.731206
584.903552 276.838808 60.008363 138.705603
585.199205 278.563068 66.277732 137.118967
585.523569 279.176027 71.365335 136.817477
585.258325 280.523984 73.327895 135.090388
585.112244 279.593146 75.021812 137.158194
585.359131 280.440590 75.000160 136.462316
585.469143 281.192132 75.526620 136.500908
587.167477 281.162514 73.014791 136.999404
588.528397 281.040001 71.218539 137.599790
590.401995 281.069572 70.080784 137.218500
594.423375 281.218118 66.621075 137.202718
597.993056 281.228498 63.641617 137.434943
601.723562 281.623145 62.910305 137.307191
607.292772 281.600706 59.687342 137.890379
613.312361 281.597113 55.893620 138.155774
618.771244 283.513446 54.060463 138.454741
623.879525 284.190435 52.028231 139.772466
626.758606 285.176254 51.494349 141.632253
628.902056 286.251836 50.885004 142.988112
630.665796 287.255149 50.623061 142.815972
631.045155 288.570203 54.290966 142.758116
631.737622 290.011031 58.458518 140.757942
631.998594 292.034339 60.684407 139.402558
632.136962 293.696053 62.899683 139.836672
633.181890 294.993786 63.741303 139.056535
634.491602 294.624777 63.690183 140.428467
636.683561 295.040856 62.688193 140.904986
638.791173 295.376094 60.446057 141.480680
641.204721 295.765715 57.749666 141.842208
645.829699 296.854794 52.521525 141.012307
650.273813 297.226581 47.789892 141.661579
654.784962 298.157625 44.456236 141.377510
659.437972 299.407630 43.193746 141.186360
662.509276 300.423156 41.705268 140.348270
664.411220 301.691225 43.474961 139.626006
665.735009 302.848070 44.653814 139.521083
667.258915 303.504279 48.216300 140.067272
669.016113 304.152691 52.191830 139.942855
670.126019 304.254659 58.333381 139.000088
672.052256 306.921968 61.214032 138.649212
672.916310 308.382492 63.518471 138.053587
674.247275 309.898175 64.051946 137.851976
674.959165 311.336382 64.951088 138.728813
676.415404 312.036933 64.136447 140.391848
677.782240 313.241411 63.751063 139.978055
678.149901 314.080768 63.749563 140.026354
680.384047 313.178296 61.624157 141.873247
681.883751 315.324625 60.353449 140.476716
683.434960 314.873812 59.340627 141.689597
685.073558 315.323474 58.977613 141.976019
687.196458 316.259346 57.929896 141.255274
688.591546 317.023473 58.603041 141.543171
689.096233 317.991976 59.404059 141.590239
689.953895 318.835172 59.323119 141.021736
690.332271 319.673463 59.417336 142.156787
690.327267 320.712739 59.850408 143.512628
690.604402 322.269108 60.100073 144.715599
691.106471 323.770334 59.945095 146.105136
691.900086 325.293947 59.471538 146.586820
692.425704 326.244408 59.321193 146.454701
693.057091 327.835962 58.592946 145.659554
693.312041 329.208363 58.400129 146.453266
694.103845 330.004311 57.237961 145.828226
694.669398 330.737622 57.339848 146.410197
695.186236 331.577138 57.100969 146.886592
695.928294 332.116385 55.982731 146.888404
696.351547 332.993119 55.921776 147.453448
697.257221 333.993117 55.370682 147.247831
698.042065 335.220383 54.518873 147.215440
698.883436 335.982389 54.393008 146.849063
699.388978 337.644177 54.746791 146.113144
699.957327 338.083538 54.682023 145.978001
700.782405 338.868140 54.783181 146.000780
700.113512 339.083534 55.174555 146.988596
700.088165 339.630016 55.686878 146.378436
699.231528 339.653019 56.546054 145.771911
699.692908 339.958372 56.950914 147.015711
700.043419 340.304554 57.317353 147.535555
700.168131 340.691047 58.634122 146.613125
701.394545 340.797263 57.980747 147.374035
702.249833 340.411546 59.029279 148.435492
702.466338 341.028775 59.774179 148.493812
703.142752 340.933309 60.897408 147.858935
703.178971 341.129391 62.878210 147.592224
703.796975 341.229483 63.280431 148.662578
704.444804 340.863151 63.760039 148.423995
705.742685 341.001562 63.302478 149.189423
707.100032 341.594857 62.762325 148.417547
708.687067 341.890692 61.730403 148.114563
710.677855 341.909063 59.811645 147.106148
711.826098 342.028777 58.690856 145.415118
711.906079 341.964596 58.294664 145.459254
711.565541 341.322271 57.593228 145.577801
712.697917 341.434284 56.797680 145.113783
715.086622 341.624837 54.477379 144.149582
717.408211 341.519890 52.305264 144.148988
720.014136 341.342713 48.945887 144.787663
721.374538 342.058536 47.933696 144.954705
721.744091 341.239319 46.911139 145.313834
721.467947 341.510051 46.148116 145.548737
721.589640 340.846916 44.934641 146.670800
721.211395 340.457535 44.489951 148.018206
720.655301 339.938116 44.642278 148.773081
719.533851 340.093034 44.844610 148.618775
717.743040 340.008171 46.485536 149.039398
715.337513 339.762558 47.955179 149.390694
712.620664 339.790436 49.878752 150.027046
710.247070 340.207705 51.578552 148.747612
707.427265 340.118427 53.683908 148.982334
705.720724 340.174338 54.408154 148.850918
704.582887 339.398878 54.333345 149.728791
703.224545 339.074539 55.333839 149.603393
701.936420 338.082332 55.338161 149.691733
699.250146 337.186514 54.884174 149.520988
695.253780 336.772319 55.195309 147.401450
690.191771 335.840995 55.245093 147.164406
684.089793 335.240890 54.563849 146.964005
676.666115 334.741760 55.050780 147.355474
668.821636 334.838208 54.663624 144.932584
660.848115 334.904147 54.410621 143.113795
652.981746 334.321495 55.204888 142.218842
645.489434 334.404097 56.000249 141.072708
638.408156 335.388209 56.898510 140.364902
630.288788 334.501717 59.467114 141.356815
622.687187 334.936767 59.397629 140.899222
615.450137 335.033482 59.043072 141.640712
607.601940 335.840455 58.610507 140.995529
599.618941 335.806584 58.520658 141.253654
591.618931 335.547736 58.756474 141.997405
583.013995 335.873802 57.860688 143.468959
572.774101 335.644184 59.258406 144.448837
561.587346 336.101487 60.408914 144.244465
549.881507 336.467904 60.768525 144.034955
536.524318 336.661578 62.785083 143.724504
524.307015 336.137539 62.971976 143.199338
512.102946 335.460567 63.647327 142.011679
501.132813 334.756844 64.128327 141.586332
492.290928 333.046554 63.733815 142.733712
485.678773 331.436423 63.296579 142.725245
480.276062 329.384569 62.272821 142.771284
475.505171 326.611840 60.788291 143.300280
470.476602 324.307500 59.168476 143.597902
464.905475 321.289499 59.061610 143.698978
458.941781 318.423134 57.244130 143.945312
452.313060 315.215781 55.084419 143.932702
445.008001 312.193668 54.867937 144.488365
436.413911 309.298531 55.296408 145.378369
427.992437 305.760723 55.195999 145.985289
419.444136 302.801128 54.701395 145.619271
410.579413 300.642673 53.993556 146.678949
402.201849 296.388434 53.576130 147.357586
394.046891 292.121818 52.632495 148.199939
387.553636 287.478364 50.564616 148.459230
382.190695 281.389816 50.485264 149.343350
377.520193 275.865075 51.418279 148.709981
374.244881 270.684089 51.983902 149.477646
370.901110 264.871527 52.494880 149.403488
367.581438 258.948800 55.458317 148.798659
364.288311 253.494618 56.890714 147.520653
360.940445 247.549436 58.970522 147.528734
357.305191 241.425284 61.009309 147.304835
353.914236 236.037005 62.468401 147.330128
350.173710 229.474755 64.028168 147.732773
347.135401 224.357629 64.397621 146.727465
343.921005 218.134643 63.615086 146.630903
341.168427 212.131199 61.821595 147.012655
339.520870 206.184045 61.094913 147.336046
339.308833 201.145357 59.935262 147.670111
339.682788 195.983978 59.633341 146.673491
340.074833 190.894868 58.899948 146.656967
341.537935 185.747409 57.912042 145.759737
341.795444 182.568565 57.872388 145.809065
343.468115 181.804176 56.819093 144.833079
344.290389 182.268308 55.914481 144.289761
344.997173 182.566171 55.214034 144.210840
345.795354 182.779080 54.417590 143.765388
345.953012 183.140401 54.271745 143.364612
346.254724 183.674203 53.970033 143.148509
346.158213 183.420584 54.152327 143.591003
346.281859 183.674203 54.502159 143.407238
346.019072 183.401300 54.774799 143.651134
345.856526 183.040636 55.267202 144.607633
345.788796 183.617158 56.204816 143.780062
346.428610 183.027292 55.550135 144.307776
346.622391 182.801451 55.301833 144.229383
346.845438 182.303777 55.505794 144.922179
346.538467 182.417770 56.312353 145.012886
346.688012 182.275948 56.956819 145.413234
347.081311 182.762703 56.867487 145.486023
347.009304 182.300751 57.825047 145.208259
348.012950 182.868519 57.237811 144.716995
347.937188 182.922527 57.251310 145.490471
347.749236 182.662663 58.102018 145.665180
347.666892 183.422831 58.620323 145.074213
347.573109 183.355204 58.494071 145.726441
347.918401 183.475896 58.310800 145.362245
347.604430 183.205333 58.682785 145.810268
348.198255 183.596679 57.718933 145.513476
347.280605 183.384069 58.275717 146.017580
347.094646 183.475896 58.251677 146.153369
347.032029 183.325240 57.519316 146.304024
347.219118 183.425715 56.549372 146.402198
347.754753 183.934500 55.587513 145.731061
347.514825 183.506973 55.482031 146.751286
349.267110 183.894928 53.165119 145.870296
351.292052 183.819540 50.426241 147.002779
351.555394 183.970574 49.609369 146.857828
351.514568 184.042765 49.265318 146.217457
351.375735 183.611323 49.408761 146.341363
350.811133 183.780919 49.471149 146.312611
349.851606 183.579544 50.452206 146.839800
349.407821 183.253685 50.587270 146.302541
349.458076 184.005144 50.143909 145.659602
348.775090 183.629941 51.054690 146.008981
347.973209 183.808598 51.087776 145.100431
347.304638 183.895302 51.588907 145.624980
346.868978 184.023406 51.589510 145.152903
346.390489 184.688805 51.736482 144.636378
345.741217 184.845417 53.707356 143.866313
344.523388 185.918772 54.444707 142.516864
343.557527 185.889860 54.843202 142.311382
342.917486 186.522091 55.585756 141.358877
341.954550 186.618862 56.329185 140.751520
341.334507 187.004612 56.599224 140.812402
340.554052 187.374239 57.652529 139.785465
340.893548 188.035104 57.962872 138.928862
341.079474 188.331115 59.182220 139.718805
342.575233 188.531025 60.201392 139.699658
344.647438 188.659918 60.893046 138.840413
347.358254 189.001606 61.333771 138.840966
350.219344 188.899358 62.242194 139.299655
353.222446 188.874286 62.370716 139.317786
356.224993 189.682287 62.271260 139.602273
358.937187 189.634794 61.252536 141.948722
362.284673 189.901237 59.377682 143.830397
365.362883 190.022951 56.367420 147.111889
367.519647 189.829473 51.398237 149.507835
369.275705 190.001618 49.906608 149.946263
371.073068 190.943075 50.148271 149.315722
371.493527 191.171158 50.320381 148.866883
372.345965 191.781164 49.937256 148.455971
372.690443 192.182164 49.863501 148.386351
373.085105 193.704601 49.336805 147.486909
373.838379 194.294518 48.633381 146.813090
373.903705 195.067986 48.431747 146.184929
374.691043 195.744308 47.904475 145.545550
375.140672 196.318826 47.843491 144.466193
375.143012 197.234163 47.958666 143.688243
374.375828 197.920226 48.917539 143.633945
374.143363 197.939892 49.295721 143.789915
373.580461 198.351530 49.904534 143.425459
373.658284 198.449871 50.042191 143.071556
373.585520 198.400707 50.444669 143.056920
373.512362 198.618497 50.451698 142.189895
373.273616 199.012992 50.340574 142.077067
372.866358 198.890741 50.768582 141.804298
370.887329 199.377483 52.682230 141.380603
369.480089 200.026366 54.556773 141.291581
367.741110 201.074082 56.001442 141.532276
365.918271 201.502336 58.148012 142.773580
364.660970 202.113825 59.483964 142.303493
364.592381 203.260292 59.344636 141.514125
364.546558 203.599091 58.807434 141.947814
364.790438 204.002461 58.573654 141.512153
364.631054 204.851535 58.941026 141.665038
364.088738 205.485704 58.621025 141.060447
363.921242 206.239188 58.796470 140.306768
363.715958 206.579071 59.146385 139.715275
364.133036 206.770931 58.656371 139.269071
364.058749 207.644414 58.221886 138.615404
363.526875 206.715490 59.192006 140.083240
363.108385 206.902955 58.529740 139.875911
362.474343 207.303108 59.677863 140.079957
361.732038 207.033482 60.058642 140.101824
361.002928 207.845122 60.154274 139.412498
360.377081 207.515854 60.426549 139.938324
359.560786 207.611921 60.670077 139.778412
359.154931 207.226825 59.844507 140.163508
358.108315 207.419652 60.101749 140.226307
356.844778 207.226825 60.154656 140.035926
356.694234 208.328243 58.727646 139.125936
356.537408 207.647495 57.036081 139.872392
355.971549 207.758576 55.090297 140.163726
355.720499 207.657500 52.977158 141.137199
354.921518 207.569776 49.919410 143.590747
354.014268 207.566213 49.076089 145.577023
352.903669 207.192782 46.963394 148.713927
352.600708 207.408175 45.868783 150.621577
350.960765 205.955316 46.289216 153.602370
349.119335 207.039980 48.634748 152.950962
349.435356 206.173295 48.767126 152.548825
348.876393 206.749143 49.698720 151.241032
349.459865 206.032650 49.844306 152.451921
349.683560 206.838330 50.445320 151.514516
351.242426 206.592964 50.622974 152.543061
351.972294 206.420012 52.086085 153.176837
352.922446 206.454149 53.848828 152.876857
354.196265 206.758082 55.004427 151.684214
356.072336 206.599689 55.901075 152.587253
357.620828 207.062293 56.162274 152.457387
358.774612 206.860999 55.694849 152.153771
360.519279 207.692351 54.651516 151.593710
361.179927 208.170994 53.797070 151.401994
362.128128 207.716498 53.279423 151.531310
363.078433 208.698884 52.211819 151.148745
363.111029 208.412589 52.829539 151.385587
363.888063 209.074535 52.044621 150.544462
363.920667 208.580104 51.958018 150.445479
363.945196 209.738669 52.626493 149.493217
364.061393 210.077073 51.978362 149.015192
364.488709 210.622010 51.421479 148.216465
365.032827 211.336012 51.385448 147.901120
365.493526 211.730509 50.924749 146.988565
365.577561 212.338980 51.144854 146.833386
367.225738 213.139087 49.496677 145.983203
367.941299 213.818850 48.756367 145.847179
368.376379 213.943860 48.411817 145.670019
368.322592 214.139751 49.060702 145.427955
368.910901 214.192535 48.788652 145.097325
