1401.000000 655.000000 89.000000 159.000000
1400.682580 649.855886 89.595198 159.403937
1399.823387 648.109021 90.797934 157.762316
1398.933378 645.734079 90.483299 157.504964
1398.780572 643.046597 90.632052 156.935962
1396.851910 640.824569 91.694185 156.958216
1396.613434 637.885525 92.170146 157.547707
1395.401945 635.789103 92.538685 157.234465
1394.054260 633.005269 92.781810 157.295259
1392.746997 631.618616 93.375770 155.969138
1392.472577 628.409068 94.298910 157.094079
1390.902229 626.185075 94.191994 156.496890
1390.258174 624.073790 94.434232 155.905945
1388.553393 622.036676 95.308536 155.601122
1387.714980 619.868332 95.957426 155.453415
1386.515526 616.676552 95.998366 155.782980
1385.625617 614.208727 95.888310 156.072323
1383.895095 612.231378 96.159467 155.648579
1382.918187 609.549100 96.535560 156.279160
1381.334657 608.142320 97.075107 155.469976
1380.376087 606.177652 97.854710 154.171219
1378.750867 604.435119 98.644145 154.186728
1377.663743 601.573107 98.270768 155.287013
1376.345138 600.090312 98.066651 153.640670
1375.182656 597.533405 98.438214 154.065638
1374.151095 596.078934 98.542374 153.269928
1372.638709 593.985095 98.995588 153.817313
1371.043583 592.123337 99.364179 154.078189
1369.726036 589.939167 99.337236 154.095207
1368.272614 587.206408 99.492944 154.984692
1367.265917 584.701214 99.826088 155.035453
1365.412294 583.405629 100.258319 154.390396
1364.241542 581.155705 100.557574 154.683420
1363.097237 578.995672 100.469838 154.933934
1361.868440 577.222931 100.158645 154.809370
1361.152579 575.272346 100.182392 154.601204
1359.697852 573.533203 100.273222 153.999029
1358.412166 571.683856 100.631566 154.257862
1356.953331 570.179785 101.442656 153.897682
1356.496089 568.298588 100.435638 154.836573
1354.811171 566.298596 101.365686 155.146061
1354.125136 564.713394 101.184475 155.159066
1352.896091 563.216134 100.560858 154.189427
1351.640808 561.255119 100.755132 153.822346
1350.469498 560.155358 100.987567 153.024276
1349.557580 558.509239 100.888776 153.125134
1347.812808 557.087814 101.086680 153.410972
1346.555326 555.882561 101.611248 153.367879
1346.097232 554.502727 100.651681 152.915702
1345.101917 552.863577 100.201256 153.225282
1344.329436 551.592003 99.554903 153.463601
1343.156762 549.797983 99.430220 152.893557
1342.151091 548.452533 99.686359 152.692879
1340.987038 546.750591 99.420776 152.394817
1340.328142 545.020473 99.094516 153.148726
1339.151101 542.629114 99.019576 153.111239
1337.982519 542.513548 99.068219 151.697347
1337.772299 540.267759 98.432384 152.339285
1337.093991 538.772514 98.464081 152.811515
1335.676752 537.302092 97.837135 152.493963
1335.159944 535.477174 98.105097 152.786039
1334.173051 534.119175 97.616515 152.589497
1333.316115 532.996706 97.517692 152.368433
1332.149601 532.020382 97.861253 151.797120
1331.601647 530.427661 98.090646 151.928573
1330.438466 529.144739 97.348362 152.526974
1329.648113 527.872938 97.779305 151.741040
1328.582756 525.862689 97.421232 152.000715
1327.582721 524.674340 97.891167 151.901630
1326.804754 523.946678 97.669168 151.363130
1326.246781 522.232293 96.991340 151.428890
1324.893463 520.762363 97.270603 151.410901
1324.279393 518.952451 97.238644 152.119089
1323.081340 517.592129 97.156811 152.333393
1321.970798 517.407481 97.859725 150.964156
1321.845505 516.254896 96.331198 151.060615
1320.713585 514.851683 96.737556 151.274963
1319.603536 513.026294 97.140842 151.741127
1318.680369 511.592137 96.554211 151.622253
1317.878457 510.688931 96.748334 151.281116
1317.642926 510.510148 96.456479 150.267280
1317.076541 508.773602 95.778679 150.245879
1316.329013 507.743448 96.030320 150.279366
1315.511680 506.452716 96.210546 150.119543
1314.620976 504.796220 95.696777 151.741851
1313.586969 504.144219 96.443804 151.698274
1312.768632 502.976556 96.507870 150.839231
1311.747825 502.071146 96.686922 150.599214
1311.038000 501.290176 96.011422 150.279151
1310.817012 499.942408 95.309433 150.984086
1310.002127 499.598115 95.143716 150.227025
1309.898844 498.180216 94.689792 151.360026
1309.355614 497.743458 94.712886 151.142407
1308.762988 497.106961 93.943636 149.013896
1308.190807 495.589493 93.680297 149.232339
1307.830513 494.960775 93.322453 149.365988
1307.055795 493.968915 93.558733 149.553192
1306.989651 492.589483 92.546313 151.451111
1306.536946 492.218866 92.354198 150.720075
1306.201129 491.657455 92.003009 149.113108
1305.743334 491.079124 91.694584 149.547465
1305.565032 490.362267 91.411397 149.503829
1305.108265 489.649547 90.778525 149.722632
1305.065676 488.875599 90.282473 149.437992
1304.917303 487.903517 90.332042 149.961574
1304.608639 487.389334 90.091847 150.080124
1304.271997 487.090927 89.696167 149.475082
1304.156200 486.704354 89.520998 149.353490
1304.105112 486.345970 89.085590 149.372783
1303.851910 485.339424 88.639501 150.587492
1303.968664 485.333063 88.061492 149.532025
1303.749654 484.964464 87.884554 149.279616
1303.479833 484.605886 87.634532 149.245479
1304.133404 484.121625 87.115927 149.225558
1303.779246 483.921257 87.608852 149.074160
1303.979223 483.140070 87.037662 149.855348
1303.611860 482.837181 86.763030 148.902671
1303.968541 482.529645 86.667472 149.150776
1303.914280 481.799366 86.971153 149.997636
1304.330995 481.337839 86.014867 150.009349
1303.869431 480.657102 86.608071 150.499102
1304.083906 480.266323 86.209616 150.796241
1304.380300 479.836335 85.652911 150.816550
1304.278069 479.210127 85.550038 150.480202
1304.314293 479.083448 85.796575 149.611260
1304.324173 478.265322 85.135047 149.404052
1304.176094 477.918608 85.625323 149.362242
1304.381239 477.265328 84.927635 150.112859
1304.432497 477.259565 85.170478 149.271473
1304.773701 476.658599 85.335395 149.555283
1305.074187 475.069445 84.401136 150.752176
1305.040869 475.032227 84.906888 150.157406
1304.983944 474.621397 85.467204 150.421527
1305.354103 474.229200 84.499352 150.108723
1305.524751 473.570137 85.176484 150.608362
1305.854073 472.368763 85.101053 151.121847
1305.712287 472.157714 84.925072 150.332890
1306.081188 471.832553 85.475512 150.354532
1306.560157 470.755289 85.239936 150.877874
1306.609222 470.171899 85.087983 150.957628
1306.854015 469.283671 85.152915 151.561982
1306.921042 468.589410 85.212640 151.431101
1306.970242 468.138302 85.163440 150.908059
1307.302815 467.152687 84.356387 151.695527
1306.995562 466.296757 84.561106 151.962424
1307.117652 466.138307 85.221533 150.806177
1307.354114 466.245660 84.645453 150.766479
1307.345731 465.818393 85.225862 150.473549
1307.609292 464.656243 85.087983 151.294489
1307.951731 464.425381 85.107194 150.671995
1308.046581 464.032211 84.901329 150.618907
1308.199078 462.630783 85.424592 152.479493
1308.250007 462.161802 85.244775 152.389649
1308.478390 462.247592 85.041939 151.782835
1308.480672 461.188472 84.355002 152.131362
1308.898241 460.200523 84.492527 153.132260
1308.219633 460.463082 85.253035 150.745023
1308.044877 459.656247 85.247829 150.987401
1308.354055 460.012497 84.791875 149.376274
1308.613692 459.232035 84.661468 149.880379
1309.346142 458.355834 84.198377 150.060148
1308.611400 458.494425 84.766734 149.378057
1308.511516 457.729564 85.302766 149.230888
1308.351167 456.427287 85.367757 149.837151
1308.381216 456.008422 85.764346 150.015209
1308.739121 455.443328 85.405341 149.085793
1308.611400 455.224993 85.597384 148.786083
1308.403402 455.059621 86.249365 148.305815
1308.455541 454.635974 85.851643 148.326469
1307.930139 453.729552 85.984276 148.676528
1308.175256 453.683069 85.920777 147.935997
1307.943160 453.517332 85.871122 148.444610
1307.628601 452.423553 86.185682 148.891391
1307.654128 451.763457 86.244237 148.754987
1307.654128 451.753500 85.752596 148.269397
1307.257502 450.556618 86.360208 149.936217
1307.128816 450.495769 86.521263 149.194569
1306.764459 449.689326 86.911380 149.308770
1306.121501 449.068784 86.937424 149.418953
1305.829312 448.749382 87.612171 149.612856
1305.342595 447.658749 88.284738 149.744486
1305.105946 447.168771 88.014302 149.687272
1305.353796 446.662978 87.439149 149.337426
1304.885198 445.997472 87.776602 149.591510
1304.342511 446.243851 88.124151 148.709262
1303.158259 445.339060 88.964242 149.527568
1302.596963 444.646401 89.108505 148.258488
1301.966551 444.808001 89.023314 148.094240
1301.785288 443.694752 88.788436 148.044615
1301.531533 442.552103 88.449402 149.036701
1300.632431 441.762514 89.156285 149.218639
1299.978609 441.784478 88.958582 148.013555
1299.632668 441.334449 89.657999 147.803322
1299.120802 440.889867 89.667959 147.602562
1298.664992 440.173131 90.018680 147.618935
1298.018050 438.876975 90.424752 148.069643
1297.619581 438.002158 90.409819 148.805866
1296.763416 437.475885 90.696619 148.180422
1297.053975 436.918642 90.117241 147.985384
1296.180849 436.445771 90.730052 147.700340
1295.878068 435.219145 90.314533 148.680751
1294.763379 434.775840 91.685566 148.979134
1294.287129 434.448965 91.335393 148.212692
1293.622229 433.832188 91.461426 147.824111
1292.957530 433.612283 91.587209 147.696155
1292.335208 431.256269 91.051257 149.850846
1291.533950 431.435956 90.972572 149.599687
1290.899883 430.587875 90.606592 148.576537
1289.919515 430.345975 91.585278 147.210721
1289.188061 430.054748 91.983175 146.948815
1288.554714 429.753544 92.570611 147.052722
1288.150253 429.400055 91.933446 146.907733
1287.135503 428.700887 92.593567 147.103725
1286.326574 427.674373 92.773447 147.684712
1285.447138 427.161732 93.296263 147.400189
1284.955057 426.293386 93.043472 148.572732
1283.665914 426.066500 93.702182 147.599317
1283.039070 425.563991 93.216651 147.452000
1282.023468 424.520421 93.891383 148.091362
1280.905979 424.684309 94.283382 147.485178
1280.120390 423.423699 94.354119 148.092613
1278.766840 422.758293 95.303668 147.910575
1277.891561 422.237352 95.198562 147.683215
1276.783144 421.818656 95.594862 147.401206
1275.347976 421.166007 96.671913 147.206252
1274.582924 419.651969 97.450252 148.569194
1273.508544 419.693279 97.203005 148.228728
1272.503035 419.129693 97.085614 148.142067
1271.159995 417.761221 98.431658 149.209586
1269.984083 416.872341 98.222812 149.798029
1268.549714 416.292281 98.135777 150.383238
1267.115686 415.749817 97.872671 149.231355
1266.086120 415.956157 97.524379 148.815300
1265.073063 415.250195 97.711705 148.819194
1264.362562 415.400513 97.424688 148.729258
1262.679146 414.394602 97.855823 148.976093
1261.586146 414.175302 97.848591 149.047211
1260.151463 413.525129 98.649090 148.593796
1259.207124 412.595988 98.833702 149.276764
1257.611568 412.293346 99.324071 149.171245
1255.877678 411.859577 99.640399 149.354820
1254.952864 411.136057 99.640407 149.222916
1253.387377 410.714572 99.431455 149.197313
1252.904984 410.365550 98.688291 148.949959
1251.326087 410.089166 98.892579 149.028839
1250.157857 409.799300 99.180345 149.628886
1249.402360 408.767835 98.950843 151.567416
1247.713061 408.029099 99.253069 151.438055
1246.838549 407.523504 98.782583 149.875580
1246.348968 407.438137 97.765655 148.925844
1245.030774 407.391210 98.291927 148.427913
1243.919817 407.103224 98.223447 148.414890
1243.086145 407.393549 97.701081 147.325066
1242.159999 406.064365 97.771396 148.959650
1241.802676 406.257350 96.807830 148.012732
1240.325361 406.280291 97.251074 148.402995
1239.508544 405.842933 97.499276 149.697306
1238.596027 404.944916 96.739066 149.422920
1237.728186 404.826767 96.051954 148.443316
1236.474109 404.709678 96.681909 147.511720
1235.146170 404.003969 96.540690 146.678178
1234.620275 403.237353 95.931613 147.783335
1234.107899 402.975871 95.385930 148.439266
1232.856346 402.799088 94.700012 147.621936
1231.820995 402.755220 94.963806 147.766876
1231.244265 401.888985 94.769058 147.932841
1230.464075 402.245207 94.685775 147.124522
1230.063106 401.697525 94.228240 147.569835
1229.655516 401.351041 93.793120 147.664956
1228.958968 400.923976 93.267945 147.841737
1228.145373 399.649541 92.886810 148.464480
1227.727143 399.776560 92.472561 147.490643
1227.221075 399.728812 91.964329 147.032740
1226.763423 399.125369 91.242279 146.878190
1226.243067 399.250270 90.549621 146.828956
1225.811991 397.893964 90.741072 147.806669
1225.671384 398.449982 89.873408 146.699618
1225.260670 397.208105 89.828768 147.813821
1224.730821 397.434466 89.597173 147.363947
1224.597698 397.111604 89.517188 146.876523
1224.746446 397.118290 88.324245 146.564871
1224.584762 397.083696 88.558705 146.939204
1224.369494 396.319597 88.468689 147.182114
1224.477025 395.649499 87.359678 148.080949
1224.099071 395.236590 87.539126 148.596199
1224.421647 395.204002 86.741359 147.429204
1223.935805 395.209595 86.436991 146.746243
1224.319718 394.727425 86.449020 147.625502
1223.999902 394.341190 86.285275 147.270553
1224.185424 394.419498 85.508728 147.288426
1224.172459 393.965730 85.134480 147.176650
1224.398816 394.460610 84.933925 145.626757
1224.519803 393.912964 84.341779 146.391433
1224.857230 393.253335 84.055665 146.609219
1224.831762 392.495034 83.611137 147.610895
1224.917529 392.392612 83.922451 147.625913
1224.965626 391.893295 84.131242 148.785439
1225.293188 391.755319 83.159972 148.344010
1225.635207 392.151004 83.255961 148.037499
1225.459314 391.624524 83.383616 148.495464
1225.616370 391.864094 83.458303 147.765880
1225.483077 391.764540 83.549514 147.950570
1225.531490 391.033721 83.501101 148.239887
1225.628221 391.143854 83.855761 147.687967
1225.676524 390.803011 83.959478 147.622236
1226.109685 390.173958 83.577190 148.099647
1226.472190 389.823020 82.901774 149.008265
1226.760214 389.682338 83.062261 148.339236
1226.628271 389.484322 83.404370 148.838972
1227.046941 389.443182 83.180078 148.591056
1226.917566 389.942349 83.465540 148.246163
1227.109736 390.143856 83.022601 147.839746
1227.288523 389.904432 82.913659 148.266322
1227.555331 389.764542 82.788400 147.950570
1227.651192 389.634507 83.191736 147.622750
1228.033285 389.843416 82.509093 147.565486
1228.447274 389.667133 82.164449 147.829432
1228.276805 389.468189 82.545410 147.118017
1228.657260 389.503204 82.514206 146.592027
1228.723707 389.407270 82.213076 146.669620
1229.009238 388.711506 82.722116 147.465500
1229.730020 388.564806 81.682188 148.046833
1229.324465 389.162961 82.398706 147.076651
1229.846590 389.232202 82.124746 146.705059
1230.112177 388.998735 81.594342 146.568525
1230.188228 388.521268 82.360882 147.899879
1230.442622 388.495029 81.793038 147.863282
1230.815348 387.979353 81.480007 148.108896
1231.056776 388.049297 81.143872 148.038952
1231.355573 388.059936 81.303663 147.974009
1231.529428 387.711508 81.851560 148.627374
1231.669480 388.085906 82.382632 148.017081
1232.372157 388.155563 81.702274 147.593025
1233.092112 387.781284 81.388539 147.898524
1233.246250 387.151880 81.739572 147.925012
1233.514807 387.607480 81.864433 147.480775
1233.473816 388.024331 82.249360 146.762262
1233.675966 388.786321 82.904706 145.843039
1234.246233 388.689234 82.434775 145.778040
1234.740728 388.206335 82.049931 146.211005
1234.903894 388.344493 82.345941 146.022976
1234.951357 388.275430 82.298477 146.042168
1235.282686 388.206335 82.216270 145.713662
1235.587064 388.554443 82.013764 145.203325
1236.060178 387.981227 81.998035 146.005065
1235.997171 387.728630 82.384520 146.629421
1236.482374 387.684411 82.501790 146.492598
1236.668724 387.268469 82.037802 146.808423
1236.992626 387.964263 82.171247 145.703077
1237.518334 387.035905 82.689741 147.775784
1237.716907 387.364260 82.535440 147.434877
1238.080582 387.155569 82.375976 147.140046
1238.227400 387.577824 82.878528 145.958374
1238.701497 387.551455 82.462459 145.915809
1238.700419 387.344483 82.872264 145.625064
1239.159647 387.413531 82.478958 145.904057
1239.308420 387.413531 82.377721 145.804439
1239.554664 387.417228 82.226769 146.546329
1240.023709 386.998730 82.470273 147.120970
1240.177813 387.370571 82.497713 146.416012
1240.266202 387.689224 83.177017 146.028237
1240.675910 387.337902 82.904706 146.889243
1240.973180 387.225196 83.194322 147.271371
1241.192888 387.606147 83.464187 146.499774
1241.543430 386.667135 82.918527 147.378082
1241.639159 386.843412 83.072820 147.011032
1241.734762 387.126287 83.534918 146.723400
1242.001268 387.329376 83.402198 146.274472
1242.372077 387.024321 82.950317 146.461912
1242.229030 386.537840 83.042929 147.298927
1242.192890 387.057208 83.464187 146.792478
1242.447508 386.285504 83.114151 147.669431
1242.656244 386.878754 82.644639 146.785930
1242.767882 386.677056 82.508451 147.967679
1242.495466 386.235919 83.367510 147.573306
1242.218684 386.809423 83.826338 145.903790
1242.303414 386.439709 83.864014 146.447311
1242.034728 386.951172 83.522707 145.652674
1242.052494 386.615198 83.478171 145.222387
1241.979757 387.238639 82.910320 145.478828
1241.740114 387.622986 82.754262 144.886223
1241.394953 388.033400 83.165703 144.327082
1241.494104 387.251430 82.614374 144.909057
1240.539383 387.486663 83.268976 144.611558
1240.235638 387.142294 83.313461 145.119223
1240.170880 387.580671 83.835928 145.036617
1239.374219 387.305549 83.709838 144.778132
1238.821444 388.125753 84.369056 143.645746
1238.705730 387.828388 83.843403 143.940508
1238.298487 387.279839 83.860288 144.587277
1237.870075 387.375583 83.772048 144.643592
1237.836158 387.512340 83.556359 144.556489
1236.907722 387.348549 83.762346 143.882561
1236.731440 387.350055 83.629472 144.500148
1236.353094 387.648956 82.858939 143.974361
1235.939276 387.462943 83.031025 144.167887
1235.127711 388.031343 83.000301 143.818860
1234.365294 387.803927 82.866191 143.747986
1233.569616 387.735220 82.897759 144.142907
1232.669269 387.872196 83.057699 144.023184
1231.698199 387.940435 83.868911 143.856631
1231.346703 388.169858 83.362285 143.402940
1230.164842 388.213004 84.102405 143.387865
1229.607420 387.486663 83.567716 143.919328
1228.816582 387.691226 83.594696 143.420287
1228.149221 388.094294 83.436469 143.493308
1227.358266 387.530337 83.133407 144.021576
1226.553239 386.652851 83.269838 145.339275
1225.889551 387.238639 82.711255 145.128826
1224.945276 387.348549 82.489356 145.259967
1224.350491 386.866707 81.943339 145.197314
1223.231152 387.281712 82.213628 144.568491
1221.848184 387.531063 82.867225 144.595257
1220.554850 387.691226 83.010374 145.206774
1219.740655 386.866707 82.600094 146.340788
1218.812043 387.786322 82.564374 145.190611
1218.249685 387.389325 81.856799 145.708899
1216.816598 387.458225 82.748673 145.144832
1215.327026 387.279839 83.201698 144.833510
1214.482824 387.896756 82.670482 144.364761
1212.885873 387.598792 83.605837 144.444323
1211.429191 388.169858 83.490595 144.637738
1210.740659 388.238633 82.647030 145.029114
1209.637768 388.418386 82.890979 144.978655
1208.222730 387.728630 82.603884 145.236857
1207.076045 387.664648 82.629406 145.533037
1205.418889 387.758054 83.275607 145.112404
1203.802034 387.826853 83.538680 144.895206
1202.681275 387.758054 82.919582 144.865258
1201.065704 387.004562 83.181305 146.605161
1199.598639 387.162959 83.413114 146.925288
1197.881845 388.020056 84.164415 145.834388
1196.741990 387.503200 83.527977 146.192976
1195.493874 388.059928 83.282465 145.977948
1194.348320 386.990317 82.934127 147.186693
1193.109839 386.876719 83.066146 147.118518
1191.262483 387.329376 82.888946 146.224478
1189.665742 387.232199 83.242137 146.303999
1188.283197 387.577824 83.305446 145.908410
1186.824610 387.784685 83.176728 145.901656
1185.400168 387.960895 82.694676 144.729493
1184.230697 388.554885 82.334572 144.692608
1182.669305 388.324710 82.354497 144.227189
1181.772639 387.916342 81.570040 145.759197
1179.554880 387.705689 82.777358 146.832606
1178.117251 387.258933 82.659050 145.696170
1176.576570 387.691479 83.117915 145.215890
1174.482729 387.551455 83.437043 146.467475
1172.794816 388.126281 83.569292 144.680576
1171.207311 388.785397 83.534039 144.184150
1169.642782 388.417224 83.463726 143.813882
1168.816539 388.281716 82.237234 145.265245
1167.076079 387.939320 82.582667 146.311493
1165.366095 387.337902 83.234733 145.992715
1163.452657 387.922385 83.268780 144.818665
1162.065698 388.238040 83.040841 144.320807
1160.396782 387.939320 82.749665 144.861388
1159.179213 387.939320 82.060085 145.958683
1157.065686 388.211078 82.947405 145.050435
1154.943183 388.004559 82.959395 145.059459
1153.379076 388.211078 82.774246 144.361716
1151.779936 388.554885 82.502387 144.048172
1150.109188 388.667199 82.128665 144.958257
1148.306217 389.008614 82.531380 144.430035
1146.406121 389.076791 82.968353 143.622101
1145.159460 389.277851 81.905175 144.147520
1143.180950 389.257872 82.388619 143.911062
1141.428012 388.576565 82.451905 145.237667
1139.396764 388.320397 82.657022 146.577595
1137.559390 388.853575 82.883444 145.782686
1135.771716 389.032916 82.393702 144.689152
1134.149242 389.212990 81.949069 145.932512
1132.222772 388.382823 82.325191 146.524554
1130.733459 389.443997 81.296601 145.223354
1128.428018 388.607643 81.718622 146.867684
1126.207326 388.582425 82.280594 147.486879
1124.230293 388.954958 82.613119 147.234158
1122.441342 389.439705 82.217202 146.648544
1120.418877 389.684409 82.715816 145.596725
1118.749024 389.689228 82.153539 145.329945
1116.712184 389.527087 82.434281 145.620844
1114.429158 388.590445 82.749194 146.167335
1112.718785 389.236707 82.262417 146.191233
1110.993168 389.206330 82.048686 147.115351
1108.612605 388.920679 82.552831 148.011900
1106.621123 389.675253 82.673347 146.936387
1104.636037 388.909340 82.885985 148.128547
1102.500757 389.601206 82.913719 147.063475
1100.316114 389.364265 83.020334 147.283403
1098.369677 389.294748 83.059503 147.706818
1096.287262 390.362826 83.127220 146.251438
1094.184217 390.508813 83.165996 145.827726
1092.506020 390.167834 82.659375 146.764745
1090.493832 390.024333 82.721068 147.722062
1088.568938 390.780545 82.819057 146.665727
1086.824613 390.746583 82.156591 147.796665
1084.742001 390.387102 82.409442 148.311004
1082.870815 390.843418 82.543617 147.819004
1080.847513 392.088897 82.396329 146.522745
1078.665744 392.649166 82.684490 146.334046
1076.559359 392.891830 82.976167 146.435613
1074.612555 392.822740 82.460639 147.414334
1072.900138 392.954963 82.901292 147.893232
1070.935263 394.569667 82.616381 146.448857
1068.824605 394.337909 83.363983 147.341906
1066.613517 395.638525 83.308428 146.379998
1065.017817 395.508812 83.011068 147.748076
1063.147914 395.912951 82.681229 148.208073
1061.200842 396.462191 83.000300 147.759383
1059.359126 396.912952 83.122443 146.391433
1057.493877 397.646826 82.814274 145.639874
1055.576571 397.551462 82.372647 146.467475
1053.877382 398.029910 82.472837 146.852039
1052.503668 398.646820 82.031843 146.896428
1050.628944 399.305549 82.598718 146.525793
1049.244239 399.198990 82.105940 147.078292
1047.139897 400.511850 83.142535 147.082177
1045.689094 400.918973 82.740105 148.412733
1043.870822 401.670651 82.916425 147.907612
1041.828406 402.260089 83.279568 147.250120
1040.253727 403.706533 83.415544 144.947376
1038.482751 403.482521 83.065225 146.385524
1037.035129 404.608400 83.247284 145.379140
1035.047709 404.344498 83.646763 146.372978
1033.476460 404.225193 83.045559 147.877797
1031.923360 405.017273 82.957432 148.022262
1030.340246 405.462198 82.822059 147.152082
1028.423094 406.195303 83.098922 146.452352
1026.598670 407.334498 83.365932 146.158029
1024.911055 407.784694 83.490452 146.152573
1023.336032 409.086132 83.252652 145.609452
1021.771706 409.649176 83.698840 145.577975
1020.230291 410.539995 83.687137 145.196447
1019.139871 411.128481 83.189520 145.804103
1017.238071 411.649173 83.483334 145.628111
1016.348329 412.128651 82.840281 145.457557
1014.749049 412.417226 83.077588 146.445034
1013.283210 412.853573 82.745706 147.403311
1012.109835 413.882247 82.133992 147.443563
1010.493859 414.370581 82.349586 146.869038
1009.244290 416.060118 82.663587 146.789953
1007.598654 416.232211 82.802878 147.514184
1006.214168 417.745969 83.149920 146.204915
1004.388717 418.029915 83.670206 147.258060
1003.080351 418.392602 83.364654 147.625913
1001.606946 419.362829 83.461381 147.728132
1000.597946 420.707344 83.083695 147.229407
999.266192 421.882258 83.381110 146.678677
997.636051 422.254060 83.822275 147.639510
996.382691 423.293793 83.649904 147.437857
994.923365 424.362824 84.090964 146.605017
993.072320 424.951192 84.609327 146.863767
991.746278 426.119774 84.286305 147.530645
990.631291 426.840281 84.083752 147.042068
989.233677 427.776102 84.305912 147.212003
988.013009 428.359322 84.351797 147.573854
986.151751 429.601480 84.992278 147.402330
984.771798 430.113015 84.817327 146.622433
982.766877 431.601064 86.123395 147.618009
982.097063 431.797377 84.969014 148.419860
980.957198 433.358653 84.808645 147.710881
979.771802 434.182619 84.531043 147.663721
978.365814 435.117683 84.969805 147.937508
977.231263 436.842194 84.659324 147.073260
976.172010 436.803011 84.478916 147.977401
974.718323 438.152618 84.727511 147.564323
973.525395 438.631788 84.762286 148.013256
972.070447 439.807131 84.963413 148.271449
971.063092 440.524958 84.510933 148.287982
969.771748 442.221573 84.674027 147.753490
968.232709 443.117666 84.974929 148.453564
967.326218 444.216167 84.487647 148.720880
966.273786 445.146441 84.444097 149.205215
964.850906 446.424959 84.627397 149.030695
963.690871 447.069460 84.883148 148.654132
962.529961 448.424971 85.091929 148.460436
961.205729 449.285799 85.560104 148.651244
959.935798 450.112012 85.611173 148.837399
958.983048 451.391022 85.346544 148.661812
957.773778 452.489373 85.388188 148.234209
957.010175 453.633398 84.563836 148.978587
955.904061 454.587419 84.813766 149.194765
954.257417 456.324629 85.241285 149.264633
953.455454 457.460680 85.068436 148.851392
952.522987 459.463276 84.543082 148.187122
951.615271 460.807143 84.309424 147.550037
950.365811 461.151011 84.826086 147.833155
949.090789 462.289444 85.171286 148.347946
948.168596 464.118266 84.982592 147.922180
946.473651 465.150793 85.991958 148.434765
945.070550 466.599815 86.259045 148.868165
944.337191 467.804922 85.532949 149.377222
943.177484 468.622081 85.644093 149.689982
941.855502 470.288960 85.966016 149.450765
940.530691 470.894262 86.319231 150.079434
939.504960 472.633506 86.524743 150.346105
938.425438 473.263553 85.780080 151.147025
937.285244 475.041174 86.285123 151.105857
936.426335 475.960762 86.095282 151.743166
935.318972 477.445761 86.447502 151.497817
934.049000 479.575025 86.914023 150.157971
932.831348 480.900182 86.494970 150.301384
931.750640 482.813578 86.377953 149.859159
930.667679 483.508252 86.576095 151.208064
929.509694 485.152858 87.092072 151.266611
928.291993 486.356326 87.112646 151.460450
927.827019 487.575725 86.364273 151.923931
925.907431 489.850368 87.349802 151.284923
925.078904 490.646903 86.914819 151.958308
923.916237 492.356329 87.324491 151.354588
922.861838 493.274855 87.082580 152.416665
921.783866 495.045464 87.338550 152.095513
920.783844 497.195969 87.239683 151.548780
919.478370 498.274850 87.515323 152.629908
918.678176 499.948381 87.182088 152.730763
917.892572 501.318837 87.017473 152.965523
916.945917 502.676139 87.013876 152.967158
915.838321 504.318824 87.333590 153.126656
914.651841 506.161724 87.598895 153.001095
913.923791 507.019214 87.029725 153.392529
912.542380 508.663257 88.106711 153.661501
911.300356 510.781269 88.128113 153.008055
910.385363 512.079129 88.104143 153.369958
908.800332 513.709822 88.927972 153.671848
907.890997 514.968894 88.565188 154.630901
907.124179 516.745316 88.271866 154.680763
906.283118 518.888970 88.627724 154.156958
905.113227 520.096533 88.442980 154.625095
904.341195 521.817174 88.357429 154.445742
903.258177 524.533399 88.488308 153.838245
902.002253 526.615153 88.754314 153.283215
900.902968 528.626317 89.197365 153.202311
899.723309 529.608363 88.932967 153.435652
899.002271 531.758278 88.704129 153.950021
897.890988 533.184727 89.116922 154.090565
896.646873 534.024246 89.237682 155.021706
896.427713 536.573726 88.197473 154.025388
894.835220 538.615150 88.921387 154.474169
894.036989 540.168808 88.746968 154.714812
892.926066 542.593617 88.908212 154.495860
891.926062 543.657449 88.757468 155.760098
890.794663 545.636042 89.369276 155.343384
890.016763 547.563570 88.743339 155.470314
888.738873 549.579876 88.770087 155.501772
887.939525 551.491076 88.837538 155.815810
886.467381 554.213941 90.108519 154.874456
885.682986 555.544688 89.480916 155.391106
884.627044 557.848479 89.790503 155.616511
883.439452 559.906040 89.750764 155.234561
882.135105 562.429938 90.511951 154.713033
881.279061 564.053427 90.423980 156.026334
880.364555 566.541748 89.901836 155.206383
879.552169 568.125900 89.773349 155.570599
878.495625 569.398910 89.239632 156.188487
877.312698 571.398434 89.694676 156.289772
876.679106 574.771134 89.402057 155.413368
875.519675 575.836741 90.375386 156.909027
874.458709 578.872336 90.189769 155.752199
873.068426 580.743460 91.061976 156.663173
872.514662 582.636243 90.287588 156.815364
871.087273 585.162360 91.279294 156.129737
870.064204 587.654367 91.356672 156.025054
869.064160 590.162350 91.149873 155.737177
867.932243 592.742266 91.815024 155.770209
866.796460 594.654371 92.189419 156.465798
866.279953 596.474983 92.205720 156.969624
865.365452 598.107927 92.219911 158.000832
864.673022 600.314769 91.355261 158.175566
863.686144 603.041488 91.899285 158.345279
862.978758 605.974468 92.115546 157.348509
862.013405 608.334382 92.090058 156.661450
860.938774 610.347934 91.787086 156.876438
860.385026 611.835711 91.113484 157.832414
858.938709 614.913979 91.683654 157.640750
858.282712 617.407458 91.494852 157.699063
857.282714 620.424081 91.443085 156.795918
856.299545 622.416758 91.660234 157.754786
855.735952 623.936698 91.093418 159.002219
854.606636 626.901335 91.820305 158.374816
853.787053 629.535077 91.656184 158.235000
852.579381 632.553554 92.885196 157.777091
851.849978 634.292575 92.235119 158.136648
850.931857 637.322400 92.516624 158.279866
850.079529 638.922624 91.901246 158.951435
849.136728 642.322413 92.524486 158.674862
848.140452 644.860351 92.377844 159.293100
847.371256 647.354655 92.408236 159.012342
846.600587 650.091830 92.388603 159.234768
845.632641 651.612919 93.088328 160.770487
844.774816 654.311635 92.958716 160.709841
844.112231 656.592003 92.501659 160.426014
843.356645 659.096625 92.392959 160.597977
842.392592 661.691708 93.344044 160.457673
841.921585 664.980661 92.281293 159.700143
840.824644 666.808915 93.042629 160.333356
840.169926 669.096631 92.758871 160.089532
839.241550 671.543223 92.875786 160.663174
838.797388 674.706209 93.010315 159.765483
837.660181 676.899360 93.509872 160.301747
836.880311 680.128806 93.206500 159.438756
836.069231 682.492538 93.891716 159.482106
835.182736 683.918562 93.577725 159.976623
834.529144 686.632244 93.785766 160.010296
833.529498 688.964571 93.821390 160.279993
832.450264 691.202500 94.230164 160.583689
831.458050 694.106005 94.233259 160.180787
830.910981 694.928671 94.645693 161.399590
830.261405 697.624773 93.988281 162.165196
828.910714 700.172886 94.232213 161.420027
828.402937 702.052535 94.361433 161.616518
827.318220 703.264090 94.134905 163.124860
826.074943 705.181333 95.406685 163.418691
825.525024 707.934264 94.514208 162.454991
824.943494 709.181342 94.609044 162.961695
824.187992 711.438494 94.084617 162.709507
822.932904 713.333589 95.366284 163.553388
821.941074 715.249112 94.830174 163.368933
821.468299 716.794271 95.177631 164.073577
820.126344 718.139243 94.897519 164.094447
819.766937 720.477925 94.954105 164.468513
818.531995 720.871541 95.579815 165.969519
817.546251 723.287274 95.981200 164.985657
816.510761 725.248067 95.836838 164.211680
815.934953 727.323780 95.732644 163.732212
814.812765 728.210816 95.731819 163.646845
814.691978 729.139249 95.672902 164.251434
813.141366 730.864564 96.762355 164.018866
812.733403 731.737302 95.896337 164.586822
812.121586 733.214437 95.792812 164.577085
810.546281 735.000242 96.663221 163.821539
809.900017 736.899968 96.766009 163.587196
808.726157 737.052736 96.846945 164.348942
808.084108 739.170632 96.824744 164.035435
807.063419 740.400164 97.195833 164.233720
806.210685 740.861603 97.231888 164.727005
805.447758 741.400542 97.239665 165.579557
804.989624 742.367383 96.879837 165.527557
803.887223 742.278729 96.818069 166.105416
802.877625 743.372492 97.987567 166.187268
801.500320 744.274818 98.262689 166.630977
801.378745 744.891922 97.967598 165.623422
800.637188 745.260425 97.577504 166.823212
800.153780 747.563592 97.897527 165.698981
798.958854 748.262182 98.035917 165.737580
797.796909 747.684201 98.173940 166.636077
797.220057 749.148911 97.489933 166.355855
796.225738 748.271997 97.966499 168.251084
795.936184 750.070844 96.457231 167.103389
795.302915 749.982685 96.691875 167.703279
794.653682 750.061598 96.191581 168.321373
794.124504 750.219246 95.995478 168.397436
793.422981 750.691042 95.997172 167.517139
792.897321 751.493332 95.987823 166.857966
791.989598 752.684159 96.592473 166.042590
791.489606 753.250834 95.943222 165.677872
791.149063 753.452388 95.213430 165.710406
790.800028 753.764025 94.648586 166.319049
790.080841 754.332352 95.654517 165.836781
789.306752 755.107065 95.743537 165.408244
789.080867 755.133531 95.712228 166.510143
788.320582 755.314013 96.013071 166.159849
788.197346 756.091352 94.754745 165.555581
787.099304 754.742153 94.491755 166.143680
786.682950 756.443545 93.908099 164.909216
786.107442 755.755331 93.503219 166.601371
785.447518 756.193572 93.555048 166.838028
784.810414 755.372820 93.668009 165.681727
784.381290 755.728975 93.784517 164.594410
784.164703 755.026529 93.232305 165.301021
783.335922 755.380746 93.703837 165.029500
783.392798 755.149723 92.950880 165.780465
783.012094 754.454112 92.652021 166.941067
782.153489 753.831969 93.047314 165.945960
782.141603 754.037087 91.994350 165.079745
781.335248 754.150262 92.401532 164.794193
780.912990 753.807177 91.988457 164.815185
780.503433 753.066488 92.074226 165.252984
780.247440 753.034317 91.759848 165.018571
779.474079 752.646115 91.621732 165.463497
779.331497 751.914779 91.458374 167.423014
779.030970 751.884594 91.316472 167.833734
778.197886 751.273549 91.202763 167.124053
777.879107 750.320524 91.398861 165.730334
777.559308 750.202948 91.228108 164.313544
776.939502 749.218943 91.295148 165.163291
776.974700 748.716909 90.540016 164.659704
776.829545 748.556549 90.973979 163.861029
775.897146 747.551337 91.370857 164.026737
775.716519 747.155399 91.200572 164.044575
775.956104 746.078967 90.319476 164.780143
774.920718 745.149043 91.039935 165.427127
774.756789 745.223363 90.652959 165.940683
774.509208 743.434530 90.103934 164.844511
774.383484 743.094232 89.780222 163.731289
774.129251 741.997280 90.014866 164.683685
773.289156 741.861629 90.666443 164.298693
773.167628 740.653836 89.891920 163.778854
772.801697 739.954233 90.290399 163.219734
772.446559 738.488792 90.578344 163.851046
772.221769 738.094231 90.307700 163.898481
771.648431 737.213794 90.292558 162.903471
771.718739 736.307528 89.837323 163.483354
771.345771 735.152505 89.642458 164.082123
771.453456 734.799295 89.017621 162.605603
771.184061 733.602865 89.226107 163.319090
770.824410 731.415403 89.544435 165.214244
770.383517 730.575752 89.054449 163.801957
770.256137 730.048263 89.040790 162.972680
770.166538 728.602868 88.646913 163.594882
769.738063 727.479967 89.229964 164.718600
769.721047 726.278848 88.647060 164.831388
769.626810 724.631140 88.463511 164.819419
769.784297 723.452565 88.202998 165.004897
769.415553 722.686295 88.571742 164.270683
769.267001 721.970947 88.339251 163.492160
769.179903 721.066586 88.767019 162.855376
769.074353 719.834944 88.665957 163.307543
769.127154 718.989408 88.304435 162.987618
769.258192 717.331930 87.921272 162.778453
768.880142 716.624654 88.274517 162.417500
769.145486 714.932456 87.805224 161.960118
768.681247 714.485187 87.988323 161.565803
769.222715 712.880049 87.088528 162.951899
768.734023 711.491727 87.528430 163.064275
768.824718 710.443253 87.534487 162.008059
768.895970 709.338864 87.084398 161.290896
769.193861 707.481521 87.149672 161.767216
768.967724 706.821004 87.041318 160.653622
769.142912 705.310294 86.589958 161.116148
769.296706 704.301686 86.133636 160.721431
769.471286 703.326775 85.986315 160.050293
769.544185 701.898543 86.040068 160.104805
769.442294 700.384515 86.528579 160.440412
769.623669 699.932041 85.934547 159.553097
769.339909 698.957857 86.496198 159.153029
769.339909 697.504914 86.445727 159.552165
769.544185 695.460515 86.241451 160.472452
769.724821 695.233617 86.135977 159.251522
769.722503 693.337043 86.424658 160.490705
769.421085 692.326777 87.332207 159.996325
769.213054 690.433925 87.897310 160.010261
769.606773 689.908005 87.785014 159.194996
769.905682 688.932044 87.462454 159.067957
770.215518 687.781004 87.407747 158.950837
770.442243 686.821244 87.489516 158.734323
770.854509 684.764154 87.383576 160.060756
771.039921 683.814017 87.711020 159.683880
771.213072 682.832352 87.591153 159.648132
771.472909 681.510045 88.099301 159.826846
771.467092 680.529381 88.540732 159.627411
772.222604 679.327612 88.916636 159.547406
772.077363 677.485342 89.265535 159.685917
772.700244 676.202247 88.612791 160.705996
773.046078 675.339659 89.329885 160.287410
772.845157 674.864982 89.470477 159.064203
773.583287 673.775659 89.864032 159.982945
773.791655 672.485174 89.368604 159.605095
774.289206 671.299307 88.950172 159.671889
774.604265 670.506425 89.258493 159.698441
775.505146 669.609527 89.201026 160.449084
775.305984 667.415587 89.390155 161.160045
775.786682 666.441096 89.222735 161.446447
776.303561 665.394335 89.661766 160.152447
776.786712 664.485199 89.274744 159.928322
777.322574 663.561237 89.461300 160.775803
777.415967 662.453784 89.645485 161.736228
777.767995 662.136315 89.893204 161.049552
778.184058 661.313131 89.848851 160.146117
779.308602 659.951508 89.327980 161.330904
779.773022 658.777973 89.297228 160.789360
780.514846 657.517515 88.755247 161.918942
780.773038 657.313134 89.823993 160.633770
780.986576 656.770074 89.874092 160.068220
781.734000 655.441111 89.588299 159.770024
782.532342 654.561227 89.933376 159.798304
783.322513 653.180485 89.880145 160.883760
783.880146 652.997915 89.615130 160.439907
784.362598 652.673616 90.326477 159.237090
785.322515 651.332918 90.513002 161.168254
785.862162 650.752700 90.442741 159.751146
787.228270 650.066117 90.278027 159.620246
787.414584 649.885583 90.108756 159.947305
788.005138 648.822833 90.513274 159.228082
788.845141 647.713213 90.147795 159.377062
789.532316 647.243686 90.197355 158.954172
790.487960 646.450878 90.280473 159.520319
791.164223 645.561217 90.354159 159.636640
791.575407 645.413617 90.535229 158.929002
792.111316 645.206053 91.309274 158.334114
793.058239 644.621211 90.724328 158.738308
793.738106 643.450848 90.938714 159.466312
794.712654 642.694049 90.824521 160.198554
795.450901 642.337231 90.791192 159.401775
796.469187 642.413630 90.010095 158.658023
796.970878 641.263722 90.100935 159.644509
797.575381 640.279410 90.429610 159.630123
798.575377 639.734317 89.956281 160.482129
799.460871 639.961155 90.030466 159.435812
800.058281 639.319257 90.091947 160.236729
800.628331 639.149592 90.800044 159.147790
801.415930 638.203380 90.483595 159.706128
802.255640 637.809972 90.066635 160.241803
802.891758 637.734291 90.271692 160.207982
803.522375 636.997895 90.429899 159.731889
804.734035 636.885572 89.640581 158.754531
805.480950 637.308916 90.190144 158.674670
806.024161 636.941398 89.734349 158.102089
807.140414 636.826087 89.548966 158.368144
808.400444 636.150999 88.611199 158.073738
809.215544 636.059182 88.958306 159.460626
809.967744 635.037013 88.947243 159.708344
810.916102 635.016479 88.946702 160.152578
811.586224 635.130740 89.287344 159.328396
812.341958 635.615416 89.520822 157.805177
812.633446 635.036972 89.144991 159.642467
812.810483 635.206033 89.636100 157.214535
813.487532 634.846951 89.581807 158.081954
814.780887 635.007198 88.588175 158.452820
815.472907 634.846951 88.564224 157.920058
815.801683 635.250303 88.695973 157.614403
816.751976 633.971543 88.829171 156.778045
817.455693 634.567751 88.550796 156.866795
818.030776 633.819326 88.439185 156.989690
819.339948 633.381462 87.666599 156.554737
820.357187 633.734563 87.492203 157.963718
821.182442 634.198265 87.233438 157.996926
821.359782 634.413782 88.107290 157.252163
821.978978 633.819326 88.027539 157.846619
822.494107 634.346200 88.205996 157.413415
822.822939 634.008405 88.389165 158.156316
823.854541 633.909503 87.897090 158.198075
824.338328 634.093018 87.848661 158.002258
824.718448 633.271586 88.596652 158.230209
825.108524 633.730607 88.001881 157.646475
825.455748 633.157754 88.704952 157.738165
826.318070 633.390379 87.663884 157.434550
826.978936 634.226462 87.796401 156.871714
827.464674 633.777893 87.770739 157.550753
827.561085 633.232390 87.527762 157.986223
828.237244 632.784037 87.308920 157.844041
828.773954 632.670301 87.233388 157.352015
829.310841 631.735411 86.802503 159.571484
829.545847 631.834564 87.080987 159.904878
829.985861 632.097860 86.615036 158.939215
830.391112 631.933638 86.344116 159.864574
830.597509 631.971545 86.826844 157.622350
830.796419 631.332188 87.031331 158.974693
831.512380 631.570926 86.674569 157.395438
831.433941 631.586807 87.647811 157.838860
832.544228 631.008401 86.191047 159.899994
832.854549 631.421332 86.317469 158.295731
832.950407 631.108724 86.422481 157.789223
833.205327 631.216720 86.876422 157.612579
833.362161 631.142539 86.650041 157.957253
833.617603 630.660582 86.142506 158.291095
833.870829 631.068342 85.889280 156.635536
834.119334 631.201014 85.938947 156.108922
834.354033 631.156208 86.064188 156.672407
834.867315 631.201014 85.339572 157.344610
834.867315 631.053548 86.039945 156.469813
835.252446 630.905935 86.015145 155.714597
834.755079 631.619559 86.823114 155.708088
835.356657 631.053548 85.900012 156.791108
836.018788 631.127289 85.287735 156.076132
835.739039 631.477872 85.589759 156.781981
835.816645 630.902867 85.739514 157.656130
835.691493 630.947503 85.891661 155.386254
835.328671 631.328345 86.449663 155.139842
835.328671 631.109466 86.299466 154.456324
835.558877 630.992823 86.290272 154.517009
835.865382 631.284403 85.783734 154.542500
836.096858 631.211565 85.465965 155.253578
836.293234 630.992823 86.192844 154.993125
836.606688 631.182459 86.258465 153.805346
836.683335 630.069904 85.681882 154.885122
837.269139 629.773667 84.832796 154.210831
836.967316 629.831107 85.566102 154.647756
837.148096 630.162700 85.365208 154.427457
837.199300 629.732273 85.215225 155.355505
837.419090 629.700534 84.633336 155.444814
837.045426 628.996694 85.270451 156.287661
837.143779 628.418316 84.837460 156.517702
836.942125 628.743813 85.336909 155.777774
837.327567 628.745210 85.115148 156.008272
837.530216 628.671679 84.764288 156.135092
837.580665 628.407557 84.911530 156.647489
837.881470 628.230036 84.709784 156.398515
837.781557 628.258516 84.859276 156.621867
837.992694 627.640206 85.038111 156.774583
837.840787 627.494260 85.140469 156.048963
837.631015 628.036458 85.607751 155.111974
837.763505 628.357229 85.536829 155.482805
837.865324 627.450874 85.484716 156.783475
838.069077 627.641684 85.387064 156.114260
838.244097 627.523915 85.334128 156.265411
838.194004 627.523915 85.534286 156.158217
838.150515 627.597253 85.816881 156.838527
838.613130 627.610163 85.444666 156.806437
838.756765 628.009414 85.061013 156.227330
838.881517 627.892077 85.057657 156.718448
838.840737 627.566276 85.388548 157.008810
838.968421 627.715306 85.238509 157.059309
838.968421 627.862467 85.288297 156.481528
838.789920 627.862467 85.439365 156.053381
838.636960 628.185330 85.941215 155.674715
839.143746 628.082850 85.584494 156.278572
839.756808 628.009166 85.260580 156.565920
839.636976 628.082850 85.592325 156.118768
839.534570 628.670541 85.943732 155.053705
839.300978 628.988113 86.348087 155.032128
839.483226 629.546814 86.144910 154.548466
839.814463 629.357200 86.386243 154.894599
840.174670 629.550882 85.615172 155.415921
840.881480 629.477876 84.908362 155.222350
840.856930 629.143064 85.352162 155.873532
840.942123 629.185345 85.686029 156.102669
841.143778 629.597252 85.484374 156.192073
841.413754 629.691878 86.042405 155.344787
841.637009 629.156467 85.791479 157.009287
841.356689 629.274667 86.249554 157.054602
841.589674 629.760864 86.144051 157.502050
841.742309 629.655981 85.941190 157.242804
841.973497 630.202235 86.121375 157.387337
842.330149 629.724762 85.814845 158.158859
842.154503 630.438882 86.268718 157.606695
841.971161 630.581841 86.812827 157.424400
842.256025 630.660675 86.571689 156.737873
842.230434 630.760867 87.210172 157.230944
842.589795 630.480938 86.883851 158.172410
843.131659 630.777918 86.520154 157.712909
843.558478 631.512892 86.218539 157.532714
843.691527 631.804113 86.445240 157.687670
844.001548 631.547697 86.371304 158.281598
843.582484 631.852031 87.026816 158.728828
843.494103 632.232367 87.031402 157.556299
843.641567 633.176689 86.933033 156.598654
843.762139 633.099882 86.871181 157.446046
844.103602 634.029489 86.622749 156.315396
844.356671 633.981762 87.004638 156.955964
844.796373 633.878150 86.626838 157.884742
845.103599 633.629495 86.724105 157.753181
845.464659 634.000141 86.446647 157.816038
845.433895 635.103101 86.888588 157.050900
846.052619 635.836127 86.068815 156.872430
846.126809 635.908141 86.068289 157.137783
845.973445 636.468544 86.322031 156.699177
846.330097 636.687128 86.015667 156.283248
846.706727 636.272804 85.862412 157.071178
846.510782 636.465698 86.497108 157.688653
846.950428 637.617204 86.321789 156.266131
847.459485 638.738518 85.847036 155.482770
847.585812 638.743811 86.042322 156.314172
847.917887 639.009420 85.888829 156.495771
848.404693 638.715312 85.462932 157.492401
849.047431 638.778709 85.444040 157.685166
848.819280 639.095797 85.925817 158.167119
848.950422 640.176667 85.671103 157.357909
848.922158 639.947502 85.872798 157.612542
849.024671 641.495005 86.020070 156.267879
849.048249 641.495374 86.219344 156.564269
849.253448 641.495374 86.352748 156.996108
849.333554 641.613386 86.349980 157.486755
849.538637 642.173717 86.195123 157.372216
849.742343 642.836157 86.243010 156.439440
850.338235 643.642266 86.728671 156.417365
850.456411 643.613393 86.338551 157.486755
851.065183 644.529520 86.172664 157.259955
851.105225 644.762175 86.911386 157.142021
850.913693 645.189698 87.481869 157.337216
851.052776 645.116931 86.909014 158.361467
851.062925 645.763775 87.270958 157.342419
851.390710 647.032051 87.665261 157.493909
851.670957 647.116910 87.234606 159.348072
852.266817 646.684613 86.796437 165.048780
852.164640 646.912185 87.061897 166.500791
852.551689 648.151045 87.727298 165.007086
852.476053 648.434014 88.130235 163.029097
853.133799 648.651101 87.915647 161.391488
853.328347 649.506848 87.574374 160.158523
853.361804 650.186722 87.725654 159.657691
853.985878 650.097856 87.073431 158.507573
854.030820 649.933659 87.362568 159.864574
854.213057 651.070827 87.387833 158.673052
854.286216 652.204387 87.391418 157.707847
854.463878 652.635962 87.441687 157.896904
855.233088 652.679083 86.927123 157.917791
855.820405 653.074156 87.209607 156.662929
856.178760 652.878133 87.261840 158.484632
856.645819 653.976047 86.900335 156.919875
856.796401 654.468556 87.591398 158.609251
857.024261 655.612896 87.856654 156.567186
857.277218 655.734558 87.804515 157.311038
857.567604 656.667479 88.002097 157.412297
858.082522 656.901832 87.821390 156.087319
858.485977 657.029481 87.240392 158.272074
858.978934 657.306939 86.977524 158.073586
859.052754 658.520626 87.415633 157.889210
859.567583 659.198251 87.287161 156.109661
860.228693 659.689236 87.181152 157.673522
860.567605 659.926122 87.084219 158.326088
861.029916 660.487860 87.437181 158.482215
861.181693 661.167394 88.210052 157.173352
861.402896 661.715234 88.603626 159.024426
862.091468 663.378347 87.813527 156.456121
862.381766 663.738141 87.293996 158.172793
862.825317 664.124234 87.539353 158.894519
863.215534 664.879306 87.510041 159.301275
863.472875 665.804970 87.535275 158.989474
863.801674 666.432653 87.566443 159.692651
864.142877 667.070838 87.505569 158.020355
864.359832 668.300072 87.698469 157.396459
864.825363 669.300061 87.437047 157.341885
865.104569 669.783834 87.720690 157.749020
865.411875 670.493928 87.544543 157.810544
865.773933 670.381463 87.386262 157.945050
866.616537 671.425402 87.139629 158.315707
866.098022 672.264931 87.452602 158.025941
866.797618 672.942913 86.901689 157.006937
866.899204 673.742774 86.979290 157.121170
867.001607 673.882095 87.131058 157.271911
867.362171 674.690211 86.751172 158.098960
868.189320 676.062020 87.082361 157.502053
868.000833 676.690205 87.518379 157.350274
869.103715 677.155686 87.221772 157.289049
868.896835 677.590871 87.064940 158.264963
869.315119 678.870791 87.869102 157.907135
869.030537 679.272237 88.058293 158.306141
869.494111 679.804967 87.539654 158.059730
869.613631 680.567729 87.678088 158.450999
870.229745 681.093022 87.762210 158.600464
870.220846 681.352420 87.966097 159.564633
870.309005 682.560339 87.829273 160.058663
870.296651 684.155813 87.787228 158.909125
871.240232 685.000000 87.430533 158.390438
871.494142 685.679090 86.980794 158.625390
871.722500 685.893832 86.676499 158.693585
871.773937 686.487888 87.080814 158.866870
872.288599 687.093016 86.800212 159.534355
872.442243 688.241771 86.931528 159.551649
872.751988 689.167400 86.824146 159.515302
872.905653 689.496147 86.619840 159.580522
872.751988 690.167416 87.179772 159.681402
872.905695 690.622690 87.259042 159.889774
873.472899 691.097861 86.874603 160.857293
873.753354 692.784000 86.690610 159.446727
874.007655 693.679078 86.771494 159.450119
873.905669 694.909012 87.281288 158.497607
874.747100 694.409169 86.901121 160.004749
874.472874 695.059171 87.280402 160.342985
874.936578 695.887026 87.201675 160.177911
875.142889 697.591560 86.944549 158.371101
875.442240 698.191193 86.900268 158.943473
875.474499 699.050420 88.031954 159.444667
875.676697 699.336314 87.410784 159.563193
875.853708 700.145357 87.209541 159.754345
876.088621 700.583175 88.008244 160.299543
875.878165 700.849780 88.154546 160.822624
876.380150 702.851488 87.624954 159.647346
876.832892 703.921597 87.739301 159.646039
876.963304 704.037323 88.584937 160.542840
877.224609 705.330317 87.882977 160.224419
877.400435 706.199597 87.785944 159.916347
877.884765 707.261540 87.661318 159.913906
878.194223 707.586593 87.556704 160.037926
877.898285 709.230016 87.804181 159.723376
878.398764 709.772275 87.403484 160.127418
878.985871 710.858451 87.073431 159.983351
879.341114 711.800425 87.971085 160.613440
879.864329 712.112610 87.144712 161.277848
880.019268 713.000494 87.193312 161.561536
880.275757 713.941396 87.243248 160.671142
880.452140 714.210595 87.427257 161.715793
880.841929 715.881815 87.625616 160.115847
881.091427 716.676386 87.762138 159.940758
881.452109 717.485724 87.580584 160.300345
881.936616 718.783997 87.303406 160.057786
882.551283 719.022704 86.790604 160.710776
882.679128 719.962011 86.972494 160.879793
882.988301 721.036979 87.048370 160.860607
883.296697 722.411037 86.892453 160.319312
883.854509 723.365326 87.194541 160.290424
883.832849 725.155830 87.254580 159.352060
884.341079 725.080927 87.329650 160.289319
884.317262 725.962005 87.283632 161.439464
885.199472 726.710245 87.749743 161.011389
885.068227 728.316313 87.783394 161.134623
885.431786 729.431715 87.470958 161.178926
885.551975 731.274130 87.558764 160.232005
886.142900 731.887025 86.944549 160.509876
885.988298 732.472990 87.557800 161.151016
885.967719 732.582387 87.705054 161.808092
885.947599 734.147910 88.006014 161.182717
886.380136 735.130736 88.087400 161.312246
886.532324 736.581918 87.958561 160.582448
886.916078 737.839290 87.756717 160.443244
887.606757 738.226192 87.630910 160.335749
887.832890 739.261565 87.713229 160.636037
888.244695 740.016482 87.788055 160.874511
888.130439 740.640675 88.337405 161.027470
888.584554 741.731989 87.906333 160.655214
888.604262 742.751277 87.965960 160.531631
888.812490 743.526476 87.860281 161.035518
889.173423 744.656980 87.910962 161.121731
889.328364 745.431726 87.830531 161.966122
889.636716 746.771943 87.649543 161.670973
889.532361 747.621191 88.112442 161.150425
890.222749 748.595217 88.964528 160.409184
890.322532 749.356546 88.373600 160.419446
890.656478 750.540733 88.376356 160.406071
891.173467 751.241388 87.807839 160.929052
891.183454 752.540709 88.489315 160.629753
891.224589 753.943107 88.242940 160.123801
891.289202 754.294235 88.692058 160.666306
891.375152 755.435315 88.785137 160.612722
891.911066 756.484368 88.608059 160.705805
892.224588 757.645354 88.242940 160.540599
892.499618 759.041413 88.430135 159.923405
892.983350 760.299497 87.998229 160.414179
893.192612 761.323896 88.302096 159.659490
893.676680 761.829084 87.920585 160.210053
893.930780 763.248260 88.050769 160.156698
893.930780 764.490458 88.255554 159.461539
893.983319 765.600898 88.717629 159.817708
894.551969 767.117866 87.864750 159.304207
894.832861 767.429635 88.226469 160.613628
894.911062 768.001776 88.401973 161.127426
895.068213 769.045740 88.916814 160.930072
895.269901 770.626648 88.323581 160.849614
896.011559 771.727318 88.805375 160.661296
896.005124 773.497238 88.434547 160.213481
896.552013 775.003619 88.223448 159.545395
896.780920 775.625543 88.278430 159.985794
896.930824 776.462154 88.255554 160.760941
896.911060 777.625874 88.145240 161.939922
897.463447 779.064980 87.718399 161.730498
896.845195 780.935986 88.902408 159.717193
896.595263 782.382926 89.282971 158.567409
897.244691 783.547200 88.456301 158.959172
897.936578 784.700327 87.660661 158.872605
897.905724 786.266197 88.540265 159.351108
898.192594 787.284039 87.533840 159.886140
898.421086 787.884193 88.202626 159.860990
898.519667 789.508212 88.539703 159.359044
899.120648 790.302608 88.693741 159.925993
899.289242 791.365510 88.537643 159.883906
899.889262 792.005318 89.059965 160.908697
899.951898 794.002921 88.692884 159.797105
900.341926 794.627221 88.536306 160.169709
900.183449 795.821511 88.591964 160.522861
900.447132 796.905326 88.843934 160.988261
900.944239 797.753539 88.495184 161.428375
901.100948 798.988477 88.856490 161.292919
901.522353 800.151325 88.505385 162.031918
901.824722 801.891748 88.410687 160.836647
901.381234 803.425796 89.396341 160.563272
901.996568 804.149052 88.908891 161.058994
902.427631 805.168085 89.043695 162.120491
902.662636 806.173553 88.747517 162.555967
902.715332 807.536287 89.109345 162.245225
903.392430 808.189684 88.901553 163.406690
903.273404 809.292547 89.834380 164.012276
904.039144 810.470268 89.209161 164.025535
904.149443 811.231373 89.354746 163.906144
904.042332 812.646202 89.461857 163.470841
904.202852 813.634734 89.769868 163.583190
904.362527 814.747342 89.871808 164.025674
904.507150 817.157354 89.584954 162.423022
904.854577 818.509210 89.988532 162.517748
905.003701 819.861192 90.008393 162.193660
905.538939 820.832670 89.883012 163.296725
905.836659 821.504667 89.607693 163.460996
906.042333 823.085720 89.721750 162.901524
906.214492 823.292265 89.902852 164.204799
906.239365 825.418799 90.331834 163.072140
906.399671 826.459346 90.161906 163.522743
906.453462 827.883402 90.475378 162.367189
906.631150 828.638508 89.700544 163.774567
906.880525 830.435113 90.311795 162.471862
907.095932 830.727075 89.720233 164.264359
907.186099 832.108003 90.227034 163.769980
907.819124 832.848669 90.281502 163.973931
908.186038 833.835369 89.182212 164.311768
908.301655 836.296760 89.312218 162.526458
908.697217 837.900506 89.410583 161.905057
908.648450 838.995544 89.765545 161.996102
909.021416 839.173402 89.862821 163.225425
909.888881 839.881224 89.555474 164.114542
909.614289 840.290097 90.051993 164.803546
909.651256 841.738369 90.193228 163.814923
909.539759 843.646914 90.036206 163.364740
909.880515 844.624272 89.995750 163.556067
910.322515 844.807526 90.992408 165.474273
910.291330 845.673551 90.426304 166.446113
910.244966 847.011465 90.374847 165.041253
909.825988 848.456753 90.722799 164.684711
910.457073 849.304817 91.350450 165.785399
910.112766 850.993408 91.147735 165.139904
910.563442 852.200347 90.363525 165.532587
909.977338 852.694200 91.970984 167.816222
910.072908 854.212664 91.237338 166.686820
910.122594 856.188058 91.469706 163.429792
910.524280 857.261310 91.491551 163.897610
910.716492 858.134518 90.309493 164.995504
911.276040 860.014075 89.684602 163.518201
911.415595 859.339197 89.296443 164.737369
911.504236 860.980107 89.071737 163.818244
912.096882 861.345392 88.771436 164.978428
911.880531 861.650953 89.628729 166.123380
911.794443 863.011558 89.701883 165.077084
911.810787 864.197419 89.771085 165.376484
911.686887 864.768011 90.221385 165.628871
911.421394 865.380912 90.074932 165.945994
911.043820 866.413429 90.504964 165.922943
910.958078 867.377948 91.394639 165.729323
910.559276 869.208686 90.810257 164.671261
910.740925 869.777121 90.587277 164.575320
910.141503 869.713157 90.923952 166.088222
909.865914 870.734584 90.806527 167.267927
909.857026 872.013963 90.104649 166.731407
910.350053 872.868893 89.437362 166.731394
909.123152 873.796612 91.205218 166.435267
909.230259 874.997759 90.829993 166.696434
908.633276 875.614047 91.533063 167.002179
908.674404 877.135116 91.562787 165.097536
907.999273 877.822118 92.684350 166.112293
908.014017 878.895963 92.311606 165.627108
907.818220 880.266667 92.524162 165.137468
907.347816 881.559162 92.500754 164.459480
907.533539 881.395268 92.316777 167.060705
907.332225 882.797797 91.815349 166.226710
907.138513 882.776184 92.092927 167.338440
906.028699 884.556155 92.637225 167.251071
905.942050 884.314712 93.113957 168.004725
905.491670 885.246352 93.023805 166.838654
904.647061 886.401009 93.887042 166.231786
904.428665 887.640168 94.217053 166.808819
904.328546 887.799643 93.850871 166.823484
903.946635 889.889020 95.139737 164.379236
903.362370 890.996281 95.370006 163.981200
903.338798 890.714074 94.745825 165.836817
903.382978 891.094218 94.246801 165.740425
903.183691 891.608919 94.491846 167.189733
902.764119 891.890520 94.315107 168.064633
902.255018 894.314038 94.534152 167.538247
902.416154 895.079863 93.513545 169.208410
901.663842 896.190039 94.119141 170.143118
901.351713 896.239415 94.087425 170.755422
900.933048 897.749280 94.583850 170.015290
900.990073 898.487531 94.091266 169.488939
900.816104 898.705847 93.879876 170.527970
900.179472 899.238651 94.585174 170.073489
900.103804 900.742162 94.577112 168.923443
899.564854 901.267759 95.208815 168.985397
899.121930 902.440264 94.915172 168.763785
898.655029 902.548414 94.792996 168.838913
898.564851 903.258026 95.550430 169.544726
897.824629 904.055433 95.445470 169.697976
897.766521 905.337551 95.120738 168.727540
896.779287 906.787394 95.451151 167.722323
895.899420 907.574075 96.330552 167.488521
896.006420 910.052356 95.578479 165.802366
895.447378 910.599095 95.978365 166.287744
895.315804 911.641936 96.600328 165.302628
894.795137 912.573959 96.826137 165.058312
894.952477 913.286340 96.373551 164.238010
894.922213 914.170624 95.586081 163.653412
895.010044 915.512282 96.346854 162.210730
894.342807 916.746678 95.804616 160.869792
893.961847 917.805164 96.064911 160.790601
893.722855 918.395637 95.353658 160.396323
893.504674 918.669884 95.499462 160.683942
892.674927 920.472768 95.922137 158.992450
892.567877 920.675978 95.789116 158.903334
891.984474 922.452758 95.348651 157.516045
891.659242 922.914516 95.924635 156.579963
890.871538 922.344989 96.644642 157.487557
890.577894 923.321876 96.019316 156.115456
889.981272 924.315310 96.653053 155.424521
889.959159 925.720698 96.855657 154.279302
889.239793 925.622353 97.440339 154.377647
889.303378 926.822764 96.913095 153.177236
889.143320 927.248913 96.631677 152.730461
888.576685 928.075865 96.838173 151.924135
888.556977 929.042273 95.968453 150.957727
888.186233 929.900394 95.727608 150.099606
887.654730 930.335247 95.646224 149.664753
887.468879 929.994349 95.941318 150.005651
887.273292 931.466352 95.623818 148.533648
886.454439 931.902572 96.104136 148.097428
886.308523 933.627179 95.492059 146.372821
886.494074 933.652958 95.086182 146.050708
885.729677 932.880948 95.186015 147.119052
885.414120 933.197995 95.002477 146.768276
885.241927 934.626532 94.259215 145.373468
884.743296 934.379370 94.786935 145.620630
884.490421 934.513639 94.596726 145.486361
884.409890 934.859196 94.023072 145.140804
884.484856 935.152375 93.294129 144.847625
884.592822 935.520815 92.796249 144.479185
884.475594 936.461497 92.376917 143.538503
884.307497 936.914491 92.407987 143.085509
883.593230 936.999327 92.751722 143.000673
883.411810 937.568089 93.162203 142.431911
883.017814 939.074208 92.741359 140.925792
882.899267 939.128172 92.695439 140.871828
883.115973 939.698649 92.005912 140.301351
882.620499 939.496279 92.762790 140.503721
882.797933 939.698649 92.126894 140.301351
882.705326 939.781632 92.137925 140.218368
882.242419 940.254392 92.485248 139.745608
882.035688 940.966551 91.725271 139.033449
881.111942 940.556206 92.532104 139.443794
881.190788 940.903110 92.192502 139.096890
881.132419 940.707165 91.770424 139.292835
880.886876 940.895443 91.871066 139.104557
880.526294 940.707165 91.947714 139.292835
880.287069 941.642968 92.012804 138.357032
880.126878 941.263843 92.432687 138.736157
880.595351 941.456908 91.818822 138.543092
880.075330 941.638018 92.311926 138.361982
880.754980 940.981723 90.889069 139.018277
880.900323 941.075909 90.489599 138.924091
879.474212 941.913054 91.825846 138.086946
879.793628 942.006223 91.823560 137.993777
879.676032 941.913054 91.657455 138.086946
879.481794 941.913054 92.165764 138.086946
879.486679 941.638018 91.900576 138.361982
879.178394 941.638018 92.266203 138.361982
879.040866 941.638018 92.350216 138.361982
879.449835 941.544694 92.232923 138.455306
879.537928 941.731217 91.792078 138.268783
879.023765 940.784178 92.078255 139.215822
879.544096 940.423696 91.528360 139.576304
879.338554 940.612822 91.620770 139.387178
879.245650 940.138952 91.626535 139.861048
879.201463 940.149756 91.640234 139.850244
879.098913 939.864918 92.144706 140.135082
879.499960 939.209643 91.599012 140.790357
879.345557 938.873638 91.415405 141.126362
879.055458 937.676758 91.528286 142.323242
879.167416 937.073819 91.498542 142.926181
879.031722 936.508919 92.210224 143.491081
879.240817 936.533511 91.531189 143.466489
879.486024 936.617306 92.006274 143.382694
879.425380 934.771442 92.090368 145.228558
879.605372 934.633249 91.673968 145.366751
879.760378 933.103102 91.916725 146.793577
879.659171 932.356071 92.409320 147.328127
880.246824 931.911974 92.071527 147.628308
880.039244 931.409625 92.279107 148.414612
880.160172 930.224611 92.065308 149.775389
880.541609 929.734986 91.990195 150.265014
880.479333 929.581534 92.419434 150.418466
880.884464 928.436081 92.099066 151.563919
881.218069 927.646674 92.181737 151.814267
880.694684 926.970467 92.819242 152.501846
881.966760 925.651250 91.910364 153.450851
882.089310 926.095146 91.462573 153.713597
881.920798 924.688187 92.048752 155.311813
882.440743 923.462007 91.221044 156.399546
881.921804 921.868515 92.240616 158.131485
881.887409 921.237210 92.328988 158.513328
882.369700 919.928240 91.713424 159.548060
882.806640 919.291883 91.435394 159.257694
882.574103 918.486837 92.128736 159.971477
882.799094 917.212024 91.675363 160.736724
882.982013 915.429859 91.557993 162.124780
882.691757 914.138920 91.659138 163.068134
882.455762 913.158719 92.288891 163.468595
882.219177 911.325748 92.760681 164.771417
882.523486 910.465058 92.122153 164.747285
882.592342 908.690548 91.874125 166.606489
882.564978 908.006280 91.672226 165.654657
882.633256 906.597691 91.798982 166.046078
882.742640 904.610443 91.476792 167.393988
882.619742 902.253182 91.670676 168.108361
882.551940 901.498850 91.862211 168.194284
882.332232 900.121085 92.028534 168.107521
882.560937 899.311932 91.602382 168.455578
882.878682 897.649542 91.162554 169.192567
882.374827 895.975163 92.055541 168.971919
882.319835 894.787473 92.003601 169.670035
882.031908 892.791316 92.253309 169.822653
881.993760 890.792182 91.771920 170.279285
882.102772 888.633118 91.555967 171.046214
881.609222 888.474804 92.370698 169.766896
881.331696 886.996111 92.007326 170.252914
881.157166 886.159268 92.199310 169.891701
881.373690 884.034021 90.965381 170.267162
880.676033 882.569343 92.342533 170.073644
880.498546 880.764626 92.053551 170.664552
880.840584 878.947287 91.727094 171.819699
880.666691 877.516453 91.968694 170.188264
879.939157 876.380170 91.975826 169.112632
879.786291 875.167165 92.500733 169.868929
879.553940 872.729051 91.785109 171.477038
879.842590 870.939170 91.205207 171.351897
879.515197 869.730740 90.773962 170.929873
879.282144 868.029591 91.270907 171.121164
878.993766 866.136032 91.451667 170.905699
878.858912 864.214097 90.863812 170.729460
878.285830 862.231211 92.241820 169.910846
878.265631 861.294705 91.714344 169.878759
877.841351 860.177970 92.123636 169.535907
877.070341 857.367667 92.457271 169.953992
876.993794 856.838506 92.362666 169.270455
877.197777 854.372179 91.342802 169.324597
876.516087 852.581196 91.672494 169.140321
876.098899 850.820570 91.586359 169.043324
875.919619 849.322284 91.564337 168.217167
875.585880 846.984374 91.862211 168.957426
875.484579 844.841500 91.519122 170.058320
874.528939 842.704609 92.329782 170.383505
874.624028 840.215108 92.158983 171.083063
873.985258 838.412554 92.207308 170.813723
873.321043 837.639177 93.266487 170.053213
873.097601 835.676866 92.842787 169.912316
872.349319 834.416420 93.541590 169.653161
871.985249 832.450629 93.170156 168.330809
871.697465 830.093184 93.070547 168.934804
871.210812 828.797724 92.959606 168.337078
871.118675 827.193297 92.875519 168.264364
870.410138 825.700901 93.203652 167.810394
870.335358 823.407651 93.099324 167.816615
869.738030 821.104864 93.585958 168.967340
869.130739 819.586025 94.126598 168.668872
868.663874 817.130889 94.281039 169.260202
868.224393 816.217974 94.323401 168.556613
867.856654 814.078760 94.067303 167.896301
867.227804 812.296610 94.107707 167.572355
866.557427 810.574060 94.318313 167.731711
866.227854 808.684052 94.218254 167.256061
865.730909 806.316468 94.468925 167.823935
865.139595 804.772045 94.703844 167.619686
864.581570 802.435341 95.012657 167.721382
863.782372 800.784063 95.512816 167.678654
863.423652 798.493752 94.915484 168.622719
862.654982 796.386978 95.394700 169.088954
862.182922 794.675556 95.007120 168.184423
860.836391 793.479968 96.349539 166.703355
860.769064 791.588543 95.301951 166.564877
859.854363 789.282826 96.271788 167.220259
859.607014 787.661435 96.017154 168.285691
858.594368 786.085275 96.525628 167.707288
858.008571 783.314222 96.411550 167.773165
857.973862 782.788236 95.904233 166.281130
856.052785 779.676867 98.156215 167.861606
856.173396 777.985515 96.827455 168.054281
854.871655 776.159933 97.309594 167.843767
854.349807 775.141405 96.894976 167.006377
853.521849 773.243067 96.898257 166.661512
853.509633 772.223666 96.008753 166.174472
851.627341 770.028280 97.708795 166.152944
850.833738 767.959959 97.338830 166.587829
850.508511 766.387946 97.125930 166.253830
848.975662 765.529231 98.241931 165.172187
848.371535 762.991650 97.153334 165.289265
847.335148 761.688685 97.873870 165.244350
846.765397 759.539516 97.686229 165.539351
846.115583 757.496550 97.518845 166.301480
845.296055 754.772004 97.295082 167.388305
844.164512 753.518950 98.127211 167.556118
843.627289 751.668908 97.448128 167.470035
842.758491 750.189123 98.000264 165.795493
841.385995 749.761663 98.607596 164.296237
840.805320 747.322307 97.834032 165.005750
840.315135 745.678181 98.195333 165.028703
839.266820 744.739645 97.791265 164.296307
838.952665 742.278545 97.490777 164.867211
837.627355 741.236005 97.998581 164.527698
836.740384 739.719229 97.769359 162.880117
836.007308 737.419667 97.952291 163.271031
835.074146 736.382513 97.603563 163.547698
834.367405 734.754559 97.441825 164.120348
833.535126 732.700325 97.389589 164.774196
832.504013 732.693244 98.293996 162.938949
831.704562 731.304165 97.680088 162.147905
831.029411 728.790835 98.098474 163.299845
829.677781 727.645737 98.057555 162.295799
829.399137 725.884326 97.916073 162.404003
828.613400 723.129527 97.358219 164.270612
828.210685 721.937348 96.543156 163.602706
827.566506 720.208472 96.750589 163.862903
826.804927 718.468236 96.301947 164.202296
825.377871 716.942011 97.002636 163.509916
825.342506 715.256860 95.916744 164.906424
824.063418 713.942015 95.948739 164.942660
823.251200 712.784250 95.912315 165.770933
823.102247 710.827690 95.538184 165.150626
822.066290 709.547321 95.225180 164.893577
820.881856 708.681011 95.596535 162.197192
819.964642 706.617920 95.916350 162.512701
819.480934 705.751374 95.877286 162.068110
818.521754 704.243926 95.846590 162.320063
817.665260 702.817958 95.828476 162.182797
817.037853 701.087658 95.138298 161.934963
816.888628 699.720071 94.385010 161.373344
815.910714 697.224894 94.821150 162.771032
815.772830 695.904296 94.301527 162.386090
814.781797 694.797702 94.220972 161.837728
813.307094 692.874581 94.676060 162.505232
812.957998 691.797713 94.418781 161.566199
811.969413 689.952602 93.960589 162.102504
811.565935 688.419852 93.694039 162.887660
810.918902 687.069711 93.987200 162.073884
810.457310 686.503557 93.858329 161.311384
809.371815 685.128992 93.596855 161.265569
808.913234 683.277020 93.332650 161.200881
808.127766 682.174185 93.527475 160.510612
807.124342 680.142111 94.386940 161.429135
806.451068 678.342111 94.329789 162.200579
806.136281 677.535082 93.547378 160.904438
805.882637 675.833422 93.572466 161.141795
805.127730 674.249058 93.361184 160.468086
804.634340 671.411051 93.625826 161.854863
804.590678 669.770442 92.583329 162.552135
803.793610 667.809930 92.534597 162.151829
803.771237 667.634237 92.308051 161.140740
802.299636 665.644107 93.039568 161.299566
802.258914 664.635345 92.529530 161.211923
801.743845 663.263617 92.235744 160.466042
800.928230 661.664956 92.419413 160.397570
800.389460 660.156894 92.438506 160.614953
800.602923 658.924197 91.624119 160.333759
799.543394 657.173407 92.288449 160.126418
799.512998 655.818643 91.505016 159.922397
798.884939 654.447816 91.269193 160.164166
798.557682 651.912182 91.536590 161.268209
798.095254 650.511058 91.759235 161.198497
797.839393 649.464399 91.552338 160.361316
797.166935 647.682272 91.769758 161.418217
796.950639 646.310771 91.757029 161.545689
796.220665 643.841912 92.013613 162.416071
796.344779 643.142120 90.818934 161.049279
796.021883 641.759028 90.773059 160.582891
795.668426 640.574630 90.797684 160.434119
795.259540 639.651081 90.305813 159.712018
795.040685 638.027862 90.333902 160.385629
794.905698 636.163621 90.019221 160.436545
794.386771 634.931126 90.052636 159.669042
793.977986 632.951511 90.027227 159.977695
793.932652 631.975206 89.300596 159.718764
794.024168 630.003517 88.957129 159.948027
793.269750 628.309578 89.249285 159.216873
793.185626 626.941775 89.000716 159.604726
793.024146 625.734080 89.060253 159.632508
792.864027 623.821011 88.501655 158.838598
792.633465 622.570802 88.476916 158.712508
792.526892 621.344220 88.328279 158.832003
792.580212 620.117285 87.464507 158.419928
792.613660 618.504929 87.272914 158.909553
792.751999 617.369281 86.571277 157.695765
792.899178 615.725080 86.272491 157.872501
792.950404 613.594677 85.970617 158.421033
793.103635 612.198830 85.717393 158.292618
793.407670 610.939555 85.513352 157.734463
793.279422 609.679931 85.665305 156.915294
793.305144 607.595130 85.901780 157.029460
793.330107 606.724746 86.015667 156.607705
793.356700 604.745486 86.450062 156.775051
793.178752 603.724768 86.705807 155.608992
793.305144 602.090833 86.602152 156.529694
793.194538 599.829717 87.100952 157.502745
793.464665 598.285924 87.207425 157.124129
793.641596 596.367388 87.338391 158.088710
793.508443 594.656096 87.834067 157.280648
793.825341 593.446390 88.518614 156.990842
794.098044 591.546663 88.369078 157.943551
794.286208 589.478357 88.620206 158.666943
794.963271 587.543746 88.639327 158.095936
794.849392 586.233605 89.183984 157.066917
795.276298 584.971541 89.845266 157.251743
795.526886 584.172968 89.821883 156.730796
796.116930 582.082919 90.004667 157.956227
796.293231 580.698929 91.133321 158.579349
795.943270 578.509653 92.432053 158.986836
796.778859 577.517859 92.856583 159.408238
797.077291 575.586154 93.259506 159.306735
798.362322 573.532468 92.838943 159.865894
799.254066 572.508093 93.491158 159.985161
799.503360 570.545414 94.618898 159.713402
800.488725 569.230108 94.933367 159.260655
801.376095 568.166924 95.651727 158.223645
801.864368 566.553183 96.384932 158.209751
803.135841 565.444333 96.418727 157.822268
804.443374 564.397282 96.848564 158.266463
805.505716 563.006124 96.881772 157.637749
806.331856 560.940015 99.313086 158.086233
807.545475 559.213216 100.044185 158.865890
808.868451 557.862383 100.431891 157.872440
809.998087 556.344990 101.023045 157.861780
811.137990 554.689964 101.968894 158.317537
812.472692 552.835148 101.971426 158.444775
814.505559 551.503765 101.403067 157.652312
815.687178 549.814712 102.351411 157.867091
817.313974 548.657140 103.756726 156.797616
818.938336 547.980275 104.221093 155.972508
820.385627 546.581886 105.340860 155.111266
822.379219 545.034099 105.078442 154.801836
823.753409 542.823545 106.332947 155.646861
826.122378 541.080295 106.206219 155.840667
828.310728 539.677521 106.563540 156.045613
829.046003 538.320452 107.104502 155.278105
831.398890 536.861758 106.960181 154.959442
833.036685 535.377277 108.386842 155.196401
835.415503 533.669036 107.457329 156.113575
837.797355 531.798978 107.136502 156.983638
839.881831 529.707315 106.745554 157.121053
842.673421 529.528804 106.199379 156.763303
844.483183 526.838653 106.693295 157.653120
846.704514 524.910210 105.380160 157.831578
848.709054 523.523103 105.529336 156.198551
850.404029 521.697402 105.299663 155.097741
852.190942 520.433651 105.625935 157.026209
854.180065 519.405012 105.214661 156.086324
856.772328 517.210347 104.229815 155.727742
859.068729 515.781319 103.528218 156.081285
860.697724 513.864553 103.310867 155.039058
862.364083 512.055362 103.072150 156.072080
865.048745 509.483371 101.348144 157.396856
866.565917 508.291076 100.964038 155.627460
868.128077 506.636059 100.979623 155.284764
870.434295 505.140350 99.669594 154.061981
872.518745 504.162456 98.695821 152.926384
874.078851 502.165707 97.834968 153.293826
876.193759 499.612025 96.633140 154.403939
877.771460 498.476015 95.878287 155.368455
878.941547 496.923840 95.818702 154.603507
880.239140 495.378510 94.940945 154.132965
881.960287 493.261816 94.265168 155.111668
883.757464 491.098977 93.414582 155.055836
885.215147 489.417220 92.658443 155.161863
886.014194 488.022322 92.882803 154.612734
888.361792 487.081529 91.267721 154.276815
889.332549 485.008412 91.035185 154.736958
890.710713 483.008399 90.669873 155.252472
891.706959 480.595473 89.978613 155.854644
893.315148 478.421616 89.358150 155.744741
894.359784 478.447180 88.570117 154.567472
894.610412 476.410421 88.595495 154.270594
896.553228 474.291679 87.650961 154.021581
897.069307 472.492303 87.464962 154.353309
898.628969 471.157001 86.899925 153.706082
898.988642 470.112068 86.810458 152.718752
899.532161 469.096877 86.587195 153.257523
900.352409 468.532929 86.157041 152.510720
901.118906 466.400690 85.918371 153.276096
901.428573 464.736948 85.899577 153.186379
902.931466 462.956552 85.045465 153.894991
903.104799 461.666869 84.624936 152.774073
903.145159 461.620769 84.916362 151.699065
903.752615 460.251480 85.001854 151.332887
903.505741 458.863947 85.229492 150.715456
904.163113 457.008397 84.325826 150.974476
904.602033 455.455235 84.198890 150.719652
904.738248 454.046789 84.180504 150.723408
905.091002 452.782409 83.827750 150.886821
905.290655 450.989483 83.920469 150.822446
905.429167 449.638606 83.900382 150.575407
905.630121 448.660892 83.699428 150.097482
905.858516 447.538040 83.486194 149.966648
905.908238 446.252555 83.436472 149.446619
906.267262 445.058344 83.653011 149.838409
906.097911 443.987104 83.223460 148.756345
906.277737 443.302570 83.153844 149.240338
906.277737 441.530290 82.962018 149.647711
906.363049 440.436699 83.404009 149.801461
906.348163 439.413896 82.973208 149.230485
906.177478 438.808980 83.158111 148.921845
906.227655 437.738292 83.059986 148.992535
906.327756 437.020754 82.911999 148.710074
906.017109 435.834768 83.451348 149.287530
906.135760 434.436705 82.981504 149.851952
905.637630 433.436706 83.431424 149.851952
905.457608 432.680522 83.500621 149.420231
904.845526 432.359165 83.764659 148.929494
904.987218 431.712064 83.613955 149.696393
904.334134 430.466751 84.276050 148.783469
904.248331 430.262909 84.138378 148.532790
903.667232 429.359168 84.065459 148.476533
903.637631 428.641572 84.158094 148.900020
902.970915 427.980566 84.542872 148.663796
903.099684 426.839157 84.411850 149.718069
903.018862 426.303214 83.963998 149.354328
902.385688 426.051230 84.611597 149.403980
902.099140 425.303219 84.835134 149.455132
902.176021 424.587609 84.396567 149.474085
901.999946 424.177882 84.296362 149.377444
901.690862 424.236639 84.363772 148.623408
901.385697 423.359173 84.272796 148.677483
900.960219 423.051225 84.201838 149.200408
900.808310 422.177871 84.703241 149.529664
900.460239 421.942145 84.474078 149.271743
900.153284 422.025636 84.434124 148.681910
899.613270 421.333365 85.259598 149.019976
899.254443 420.587613 85.265179 148.918959
898.890916 420.507164 85.189241 149.421323
898.869330 420.139768 85.045018 149.834595
898.611333 419.763465 85.450040 150.228085
898.739119 419.883644 84.622837 149.716086
898.357500 420.200485 84.625380 148.519468
897.866301 419.743708 84.792156 149.116333
897.511437 420.209597 85.057162 148.055107
897.127101 420.035777 84.967333 148.470445
896.639060 419.673133 85.485537 148.831537
896.455460 420.069452 84.728700 148.398837
895.970915 419.614839 85.367003 149.095685
895.971926 419.494416 84.260660 148.719607
895.488489 419.755321 84.800647 148.293315
894.708784 419.544543 85.288501 148.352199
894.430841 419.236643 85.693746 148.674339
894.351135 419.130064 85.367757 148.793343
894.431386 419.692207 85.314179 148.333146
894.284148 419.517335 85.306926 148.495572
893.786247 419.295582 85.293919 147.960089
893.639012 419.517335 84.754151 148.342716
893.417767 419.403791 84.686068 148.290998
893.127137 419.484676 85.015933 148.821243
893.168944 419.647983 84.677787 148.718450
892.826362 419.262912 84.414830 148.887145
892.123289 420.216162 84.628358 147.694820
892.398808 420.073971 84.165190 148.163281
891.666214 420.213707 84.746405 148.329188
891.845515 420.315550 83.861255 148.037794
891.975916 419.232168 83.889477 149.617668
891.509749 418.879035 84.083144 150.211081
891.378733 419.647983 84.242594 149.024466
891.461173 419.493784 84.182333 149.102431
891.558294 420.035777 83.633006 148.931015
891.385331 419.571023 83.587474 149.530270
891.051192 420.455191 84.002070 148.614355
890.642015 419.852905 84.113078 148.536828
891.075274 420.063864 83.287078 148.884309
890.649239 419.993592 83.675352 148.751002
890.398809 420.344573 83.813210 148.654598
890.435981 420.554678 83.296723 148.240756
890.414708 420.173972 83.236186 148.861228
890.182949 420.934090 83.891752 148.506775
890.182949 420.712058 83.689844 148.829526
890.424114 420.641564 83.048939 149.459728
890.576526 420.852904 82.663264 148.587414
890.407700 420.974267 82.797511 148.094945
890.606677 421.253323 82.742074 147.765189
890.388314 420.724911 82.876945 148.079367
890.705670 421.809420 82.643082 147.057243
890.785924 421.954960 82.240970 147.082920
890.866639 421.537844 82.124144 147.904035
891.226761 421.537844 81.515204 147.954687
891.063223 420.347826 81.690544 148.992842
890.442603 420.145618 82.604056 149.231517
890.752826 420.244052 82.137465 149.303473
890.993819 422.362826 82.040544 147.779587
891.129387 422.119236 81.897506 148.272031
891.468714 423.057192 81.558180 146.540074
891.144266 423.073461 82.237346 146.536265
891.505660 423.482535 82.275831 146.234945
891.847459 423.551474 82.268531 146.770221
891.718288 423.684412 82.367510 146.392481
891.915901 424.649172 82.455865 145.829093
892.140938 424.895571 83.169812 146.173726
891.727958 425.511865 83.090689 145.615085
891.910000 425.551463 83.062394 145.965773
892.014177 426.029905 83.368523 145.997005
891.928738 426.443117 83.658668 146.135855
892.086453 426.508811 83.370095 146.177540
892.181312 426.508811 84.063512 146.529073
892.393806 426.675240 83.700904 146.430671
892.488230 426.604002 83.982194 147.240443
893.061682 427.362821 84.503154 146.757149
892.799747 427.183624 84.282725 146.978612
893.357768 428.326300 84.248446 146.048358
893.545971 428.467840 84.224850 146.487087
893.646979 427.982458 84.757997 147.985346
893.642052 428.733940 84.940224 147.619395
893.874163 428.973675 84.291322 147.012676
893.700396 428.663519 84.954692 147.711145
894.079690 429.252167 84.521493 147.696014
894.536991 429.492608 83.918611 147.541640
894.465405 430.150994 84.051479 147.426234
894.566488 430.359296 84.436511 147.522918
894.721975 431.463478 84.482813 146.621467
895.025508 431.740063 84.582529 147.379934
895.182938 431.770845 84.974941 147.619047
895.837908 432.321693 83.811832 148.035482
895.925304 432.803030 83.988471 148.283238
896.177500 432.302562 83.736275 150.268687
896.616375 433.306850 83.463802 151.091801
896.829732 433.210770 83.402854 151.049325
896.864236 433.989105 84.112709 151.263809
896.788895 434.600565 83.984133 149.283124
897.293216 435.175743 84.218308 147.670455
897.386140 435.571282 84.453826 148.126173
897.837906 436.391169 83.714683 148.842941
897.937542 437.252160 83.421224 147.645080
897.904231 438.500780 83.492475 147.744717
898.587585 438.103852 83.768365 148.372021
898.536987 438.979060 83.725073 148.230557
898.821276 439.840285 84.482748 147.804757
899.177493 439.903947 83.494762 148.504503
899.526930 440.562216 83.629268 148.133965
900.116330 440.942348 83.594584 148.605176
900.076869 441.422904 83.306745 148.993135
900.377693 441.934076 83.294561 148.455792
900.626001 443.048382 83.433096 147.955430
900.515981 443.601216 83.566466 147.722073
900.767633 444.567200 83.555806 147.467992
901.106651 444.809429 83.098581 148.178690
900.917540 445.392607 84.179339 147.778139
901.182925 446.325289 83.841149 147.524556
901.357760 446.809427 83.375339 147.615732
902.033291 446.624517 82.860029 149.004826
901.917575 447.562232 83.020693 148.802179
902.017097 448.422920 82.729411 148.632273
902.165774 449.081477 82.341855 148.723591
902.223471 450.224719 83.076142 147.763395
902.457618 449.764530 82.891185 149.120892
902.675400 451.739336 82.325317 148.508340
902.557130 451.764528 82.409581 149.172222
902.492301 452.523873 82.639997 149.126569
902.635206 453.283473 82.248436 148.566355
902.146833 454.121358 82.947889 148.409822
902.558470 454.663504 81.853878 148.832591
901.997778 455.564803 82.380261 148.761003
902.049451 456.253320 82.107976 148.478328
902.196325 457.329376 82.276835 147.996431
902.344359 457.285506 81.891299 149.297118
902.270930 458.462177 82.622389 148.577352
902.558470 459.253317 81.568825 148.683426
902.178082 459.843417 82.422337 148.996935
902.362800 461.497960 82.001987 148.929070
902.764360 461.764550 81.891314 149.894676
902.264460 463.151017 82.338638 149.068079
902.411844 464.497953 81.715452 148.101003
901.978761 465.093689 82.221923 149.039492
901.951654 465.663522 81.682563 149.503685
901.606698 467.017291 82.027520 148.125141
901.438278 467.641935 82.020042 148.277820
901.479297 468.155578 81.931369 149.902728
901.509692 469.562216 81.333826 149.476619
901.318390 469.314397 81.828086 150.948247
900.435971 471.599341 82.015635 149.312658
900.362825 472.670660 82.049549 149.509058
900.253463 472.709103 82.236845 150.811087
899.596255 475.150798 82.677087 149.635821
899.675406 475.372906 82.134724 150.509742
899.381617 476.764334 82.207463 150.673411
899.234357 477.825493 82.163718 150.488775
898.435973 478.923281 83.009806 151.356369
898.169392 480.622071 83.040547 150.211183
897.946756 481.614821 82.943798 151.119158
897.319201 482.858918 83.566614 151.522134
897.488930 484.188801 82.560436 151.254781
896.957863 485.377044 83.193318 151.285710
896.529835 486.718323 83.509241 151.450739
896.040853 488.762269 83.538387 150.807031
895.408937 490.279587 84.186377 150.783730
895.226864 491.118004 84.151238 151.430422
894.995552 492.377465 84.172180 151.414470
894.995552 493.671361 84.172180 151.487398
894.841932 495.728881 84.568614 150.693006
894.226894 496.683046 84.691851 151.233506
893.707831 497.931535 85.450243 151.897107
893.634588 499.546931 84.545715 151.441692
893.251392 501.001901 85.532909 151.347943
893.480699 502.133385 84.892964 151.721112
892.763742 503.405317 85.118605 152.272270
892.737382 505.173134 84.931036 151.848876
892.660813 505.908368 84.781304 152.822534
892.583008 507.818918 84.792096 152.096890
892.070200 508.908374 85.352561 152.716013
891.785157 510.516657 85.275936 152.062141
892.145139 512.314508 84.670386 152.026967
891.660816 513.495775 84.976593 151.725204
891.660816 514.850441 84.635216 151.686620
891.199905 516.767484 84.994966 150.981038
890.993068 518.703496 84.957766 150.699460
890.532333 520.212829 85.317559 150.714057
890.199899 521.861092 85.043902 150.645251
890.101087 523.447849 85.574714 151.503199
889.914866 525.111596 85.262637 151.194199
889.866324 525.921251 84.771090 152.305368
889.429648 527.900176 85.042251 151.724218
889.224792 529.907934 84.903748 151.692662
888.609174 531.415631 85.322223 152.345773
888.479631 533.243829 85.188774 152.364934
887.904780 535.667192 85.567931 151.781120
887.583040 537.455715 85.330804 151.407076
887.660761 538.688343 85.221533 151.405819
887.712282 540.274612 85.022926 152.112045
887.121862 542.673526 85.202677 151.699565
887.121862 543.495766 84.762518 153.051274
886.686029 545.445761 85.375505 152.934890
886.402334 547.232796 85.296210 152.612327
885.940953 548.960760 85.267181 152.541020
885.737375 550.818946 85.029077 152.415896
885.115073 552.759011 85.406503 152.238803
884.992862 554.878334 84.920924 152.213990
884.582389 555.051524 85.482362 153.786028
884.070395 557.842588 85.958595 152.813439
884.224393 558.646399 85.407839 153.969270
883.967274 560.404502 85.221410 153.592512
883.557341 562.913354 85.387093 152.366098
883.167452 564.445762 85.256497 152.666671
882.889086 565.876982 85.417244 152.861496
882.511341 567.870516 85.931335 152.349069
882.142155 568.876969 85.703819 153.181919
881.721791 570.860177 85.646952 153.131275
881.505746 572.219150 85.834051 153.289500
881.173151 573.918637 86.858113 153.360809
881.040916 575.305879 86.110570 153.426834
880.749732 576.418081 86.076449 153.915016
880.369488 578.674374 86.242839 153.256612
880.012832 580.832197 86.010734 153.057261
879.551280 582.559036 86.179962 152.881574
879.129482 584.132489 86.255992 152.932597
878.603587 585.118462 86.624682 154.256175
878.134812 587.435971 86.804324 153.769592
878.249145 587.720458 85.902329 155.280790
877.555085 589.936105 86.783885 154.378115
877.763053 590.785593 86.176102 155.148901
877.969577 592.127490 85.572193 155.308283
877.763053 593.641004 85.778716 154.969531
877.300993 594.568637 85.949724 155.365882
876.711211 596.362273 86.277837 155.060792
876.240458 598.002182 86.648906 155.040632
875.649634 599.993200 87.229023 154.713600
875.842675 601.192733 86.726487 154.689912
875.596761 602.344524 86.732042 155.199526
875.269873 603.976182 86.697556 155.177240
874.702392 605.777363 86.975778 155.092496
874.374790 607.264862 87.194329 154.942857
874.164508 608.396801 86.902777 155.810904
873.889490 610.463819 86.816932 155.353145
874.099442 611.759234 86.520046 155.720468
873.996988 612.665753 86.421219 156.205608
873.679517 614.246704 86.976787 155.570271
873.521084 615.469368 87.235524 156.064838
873.560562 616.129416 86.684725 156.960060
873.282022 617.421984 86.602552 156.504013
873.141919 618.202225 86.852822 157.169400
872.551658 619.617196 87.282591 157.684349
872.150564 622.055235 87.704210 156.361103
872.224846 623.711591 87.248836 156.150746
871.770812 624.348899 87.776367 156.849755
871.318123 626.853094 87.997883 155.892674
871.126294 627.323706 87.607433 157.538615
870.992677 628.079125 87.406322 158.275618
870.613621 629.567734 87.525872 159.004977
870.223273 630.761073 87.840010 158.811072
870.010206 632.472371 87.749555 158.542485
869.653742 633.612918 87.770639 158.463757
869.329211 635.056787 87.835493 158.349824
869.181685 636.056803 88.210052 158.792018
868.419987 637.398387 88.435206 159.059259
868.150033 638.517308 88.344975 159.326909
867.342896 640.378346 89.203196 158.136483
866.934124 642.043586 88.921026 157.635837
866.525336 642.620185 89.097910 158.064280
866.366346 643.814089 88.641840 158.258218
865.849412 645.405465 89.235399 158.772020
865.560162 647.239288 88.832689 158.821046
865.023633 648.230030 88.804766 158.449397
864.668256 648.932856 88.775670 159.353257
863.860724 650.794795 89.223172 158.546626
863.668279 651.794799 88.775670 158.932916
863.185654 653.230048 89.309059 158.724580
862.477455 654.125009 89.504130 159.051510
862.215116 655.137139 89.508939 159.698069
861.514304 656.255668 89.901700 159.686544
861.197070 657.747080 89.911485 159.414351
860.787797 659.120089 89.886265 159.484663
860.522777 659.806939 89.792854 159.527561
859.812725 661.417688 90.089296 159.465424
859.251590 662.297970 90.219756 159.312869
858.591064 663.851475 90.259492 158.924502
858.238476 664.255657 89.920392 159.908710
857.496695 665.388359 90.201222 159.712037
856.978023 666.835628 90.337639 159.431657
856.386771 667.447828 90.207642 160.602768
856.015503 668.805932 90.479795 160.403356
855.204335 670.597655 90.776487 159.160556
854.534310 671.761185 91.487696 159.339185
854.561432 672.656261 90.611784 159.110573
854.165783 673.522719 90.583986 159.749271
853.850667 674.731118 90.540542 159.476680
852.775394 675.222948 90.819032 160.827657
852.613089 676.716844 90.800905 160.091183
852.093573 678.148857 90.835185 159.498823
851.740299 679.014355 90.443278 159.753318
851.468332 679.714352 90.383323 159.777228
850.662989 680.714348 90.621741 159.227945
850.221199 681.971010 90.476749 159.245650
849.702071 683.268965 90.458173 159.391356
848.775412 684.313634 90.974379 159.398772
849.015458 684.789415 90.116298 160.422201
848.415894 685.262965 90.435775 160.837407
848.115765 686.321778 90.505017 160.547102
847.128104 687.397209 91.392341 160.860406
846.786323 688.533400 90.886991 160.491027
846.613093 689.773612 90.853020 159.763688
846.239135 690.880721 91.100155 159.993343
846.038088 691.623173 90.786643 159.803869
845.518541 692.055780 90.820733 160.929847
845.243104 692.738627 90.603835 160.735898
844.888852 693.698444 90.421087 161.005808
844.338750 694.663073 90.692262 160.866924
844.377391 695.738625 90.406010 160.625053
843.740306 696.848754 90.598935 161.135924
843.892232 697.889643 90.264083 160.862658
843.369737 697.944019 90.143861 161.592441
843.162247 699.191081 89.732994 161.007818
842.588939 699.829880 90.235745 161.379414
842.325191 700.284553 90.088844 162.026354
842.112962 701.684155 89.681979 161.514420
842.130456 702.698431 89.228108 161.230100
841.773344 703.905214 89.048367 161.192171
841.202063 704.754470 89.444056 161.342931
840.968970 704.997905 89.389564 161.709022
840.259539 706.246355 89.995826 160.955591
839.914997 706.413248 89.805884 162.011548
839.755482 706.524090 89.294944 163.745730
839.470123 707.965600 89.705463 162.558138
839.112939 708.473071 89.526042 162.894698
839.326675 709.852816 88.692231 161.952414
838.986560 710.679008 89.093450 162.205207
838.755517 711.565138 89.088057 161.748153
838.666202 712.376770 89.052531 161.720625
838.233886 713.754445 89.330520 161.231162
838.303575 713.694039 88.569706 162.068559
838.303575 714.829884 88.415141 162.110844
838.198274 714.670244 88.160939 162.485714
837.558682 715.603496 88.595968 161.942525
837.565269 716.301070 87.793928 161.294674
837.024164 717.055349 88.239428 161.387624
836.738121 717.168048 88.344129 161.603602
836.839327 717.507068 87.932363 161.593330
836.322539 717.637252 88.270911 162.301672
835.826759 717.922027 88.532422 162.511591
835.291095 719.698442 88.912769 161.567717
835.251004 720.073775 88.622297 161.911844
834.880153 721.036684 88.890048 161.677356
834.933410 721.073757 88.836791 161.800280
834.233890 722.413620 89.023027 160.853653
833.468734 722.734293 89.278832 161.644420
833.022838 722.389439 89.646103 163.156608
832.199875 722.924197 90.236055 163.318284
831.470769 723.646674 90.206717 163.089134
831.399641 724.229830 89.744462 162.843756
831.036574 724.584448 90.035174 162.826960
830.116813 725.153500 90.751462 163.371245
829.359666 725.833952 91.045042 162.331800
828.277418 726.000667 92.272127 162.512600
827.953455 727.245071 92.049041 161.915280
828.111658 727.750605 91.348591 161.637733
827.447019 727.584438 91.682526 162.156393
826.798481 727.951993 92.077774 161.943191
826.149604 728.902736 92.158342 161.652993
826.415262 729.180496 91.303497 161.993891
825.671822 729.153502 91.353076 162.248192
825.470720 729.951975 90.517478 161.166807
825.429587 728.912427 90.462683 163.286487
825.129256 729.875735 90.223260 162.634977
824.151421 730.838891 90.920347 162.178479
824.116809 730.310748 90.283655 162.424843
823.707484 730.889456 90.364265 162.185909
823.928300 730.786646 89.709419 162.293299
823.472974 730.863104 89.360046 162.550723
823.620019 731.473051 89.428264 162.276133
823.063304 731.218628 89.338236 162.589400
822.793937 731.065638 89.772757 162.464370
822.132660 732.004343 90.195573 162.873172
822.495807 731.511054 89.354781 164.463576
822.020476 731.649330 89.450607 166.663399
821.400460 731.013062 89.692801 165.400792
821.768704 731.277016 89.275197 164.936927
821.735404 731.446514 89.670451 164.669749
820.841060 731.368999 89.390932 164.690997
821.219070 731.291450 89.006621 163.375878
820.681005 731.480381 89.440830 162.156605
820.755459 731.600365 89.036421 162.040728
820.715360 731.114874 88.128876 161.218764
820.327816 731.223421 88.677297 161.774251
820.092578 731.051303 88.523190 161.716371
820.048818 730.441088 88.133026 160.901524
819.805868 730.375112 88.455810 160.959390
819.911099 729.919552 88.042859 161.690578
819.611500 730.394821 88.650445 161.098826
819.362649 730.051308 88.001351 161.275058
819.505153 730.147536 87.953691 161.794673
819.111312 730.355308 88.174936 160.477565
819.024175 729.658258 87.883404 160.522296
819.222590 729.396585 87.689244 160.834821
818.983308 729.715897 87.896056 160.342676
819.035763 728.789816 87.385716 160.839399
818.719700 728.396582 88.006710 159.960473
819.069500 727.605192 87.581902 160.964445
818.532154 727.396579 88.020722 161.110154
818.753118 727.450867 87.640152 160.608994
818.656454 726.865814 87.149672 160.708896
818.197737 726.453530 87.048910 160.842331
819.270176 725.180113 86.053115 162.602929
818.130459 725.430459 86.769966 161.407684
817.988274 724.865841 86.845651 161.530671
818.173422 724.961358 86.329439 160.876797
818.138056 724.495329 86.412086 159.975921
818.266824 723.099045 85.789955 160.711306
817.956683 723.007498 86.366585 160.731926
817.884007 722.041526 86.362434 161.802703
818.284688 721.256510 85.903618 162.139992
817.913703 720.616197 86.002683 161.898652
817.555355 720.073588 86.260446 161.276971
817.770532 719.680978 86.448556 161.273650
818.083687 718.692534 86.258216 161.986912
817.709459 717.337080 86.610787 161.155666
817.035824 717.436089 87.385716 160.188431
817.870762 716.680948 86.767422 160.888678
817.728804 714.850164 86.400389 162.829252
817.943600 715.071551 86.551308 161.815213
817.709459 714.637642 86.813578 160.828131
818.245484 713.233750 86.084305 161.463304
817.624393 713.117259 87.209531 160.299543
818.039898 712.073607 86.692936 160.731968
817.988274 711.377643 86.643538 158.392766
817.773969 710.959530 86.524226 158.748048
817.927828 710.147158 86.572241 159.331216
818.361878 708.839958 86.011897 159.877112
818.134177 709.083082 86.802854 158.785182
818.595022 708.258888 85.989212 158.476201
818.310853 707.285917 86.550010 159.259065
818.442204 706.444719 86.545364 159.488239
818.854529 705.369295 86.569835 159.401670
819.007658 704.595454 86.771494 158.745299
819.237266 703.847264 86.598879 158.442527
819.207855 703.446370 86.703421 158.597621
819.747111 702.245325 86.089034 158.990904
820.080848 701.320737 85.815382 158.594867
820.103614 700.959523 86.218888 157.777581
820.306642 699.048043 86.116584 159.243200
820.288647 698.334042 86.497017 159.643023
820.696513 697.142726 86.089151 160.115251
820.597552 696.746044 86.725763 159.024913
820.649148 696.033192 86.724674 159.023908
820.597552 694.731579 86.877384 159.865293
820.472919 693.402590 87.026504 159.490045
820.956731 692.293799 86.670162 159.909906
820.957574 691.932043 87.004399 159.499028
821.266857 690.629763 86.948702 159.639371
821.266857 689.932043 87.612469 159.661368
822.156365 689.495312 87.370166 159.541754
821.950942 688.023054 87.649924 159.388272
822.213034 686.889928 87.134440 159.500616
822.060993 686.609547 87.205376 158.875594
821.971577 684.991418 87.452784 160.375192
822.468965 684.225713 87.647712 159.234583
822.697356 683.495325 87.062414 159.595865
823.215541 682.402593 86.645246 159.651176
823.369234 681.369285 86.289653 160.597714
823.775252 680.629765 86.288041 159.909479
824.629136 679.308441 86.294042 160.247132
824.164092 678.250916 86.394079 159.320501
823.613619 677.334050 87.373957 159.154567
824.215508 675.764146 86.847751 160.222867
824.472889 674.889919 86.874603 159.984990
824.627717 674.041525 86.618687 160.429705
824.730488 673.570797 86.718227 159.304094
824.700640 672.444719 86.774293 159.110828
824.905700 671.670777 86.518692 158.777339
824.876602 670.922311 86.775200 157.939979
825.052745 669.884874 86.858548 158.066816
825.515727 669.595679 86.345134 157.962576
826.001607 668.585732 86.119892 157.617657
826.256077 667.688707 86.066471 156.511627
826.510765 666.976931 86.245788 156.778999
826.973444 665.650401 86.171498 156.788000
827.024659 664.352591 86.775055 157.724655
827.566754 663.510846 86.294135 157.692539
827.329573 662.838019 86.741790 156.941714
827.436249 661.838014 86.498717 157.525780
827.329573 660.987128 87.043332 157.483317
827.259431 660.108730 86.702355 157.094666
827.023196 659.878130 86.962128 156.699161
827.691524 659.284825 85.891661 156.336417
827.842679 658.165161 86.224652 156.719746
827.612458 657.239436 86.833918 157.177157
827.486011 656.099659 87.088641 156.600648
827.526351 655.136071 88.099857 157.067959
828.411896 654.222063 86.735279 156.792590
827.971167 654.468556 87.216160 155.841922
828.456399 653.539568 86.839083 156.324068
828.767713 652.352582 86.477547 157.032804
829.228649 651.952074 86.268118 156.893031
829.531951 650.427129 86.318423 157.703600
829.899191 650.142511 86.222295 157.632807
830.154542 649.473093 86.167994 158.464249
830.207842 648.884880 86.552258 158.389827
830.362153 648.147174 86.852402 158.951000
830.747069 648.008399 86.443101 159.186776
831.535199 647.334047 86.116607 160.244328
831.215540 646.402600 86.898462 158.955471
832.198439 645.971532 86.500813 157.781747
832.515725 644.650041 86.749556 158.748521
831.939898 644.222068 87.762656 158.228704
832.442283 643.346482 87.847019 158.911465
833.623656 642.834561 87.204386 157.523511
833.582544 642.777919 87.885860 156.531919
834.104569 642.290814 87.874218 157.376658
834.670968 641.222066 88.310599 157.907168
835.286184 640.570934 87.645595 158.741327
836.109309 640.046611 87.539286 158.455194
836.390348 638.520110 88.104027 159.250837
837.245510 638.398032 87.351742 158.422890
837.700644 638.083085 87.486349 157.384734
838.104558 637.521030 88.028046 157.234739
838.978944 636.521040 87.334575 158.252720
839.288659 635.858861 87.257529 159.118227
840.029154 635.315555 88.290638 159.251807
840.043614 634.268624 87.689221 158.640696
840.494122 634.953598 87.488645 157.639825
841.403616 633.590132 87.568309 159.292931
841.056057 633.095436 87.494036 159.845403
841.421070 632.495296 87.332207 158.574050
841.597548 632.645646 87.385235 157.641538
842.233124 632.332202 87.542223 157.404903
842.670951 631.296872 87.285475 158.100230
843.237229 630.484207 86.699821 158.465381
843.722527 629.997310 86.525328 157.918283
844.256019 629.696629 86.116834 157.540992
844.589687 628.912580 86.093825 157.611270
844.894144 628.804100 85.940112 157.417566
845.751319 627.910485 86.106792 157.694571
845.944589 627.804095 85.588515 157.202132
846.535412 627.128634 86.209397 157.449522
846.640668 626.284848 85.842414 157.882901
847.045211 625.688723 85.188069 157.038135
847.150502 625.198913 85.617479 156.877183
847.353992 625.274657 85.264833 155.398671
847.378372 625.284413 85.610641 154.807770
847.706481 624.334196 85.153819 154.807524
848.056277 623.850188 85.453164 154.684573
848.301426 622.776814 85.261345 155.919701
849.000863 622.008140 84.978117 156.373481
848.891469 621.892089 85.188900 155.967969
848.804058 620.934168 86.008240 156.077436
849.252448 620.494259 85.416082 155.572680
849.429112 619.892094 85.211761 155.014152
849.806831 618.483039 85.053438 155.051699
850.272916 617.996698 85.252614 155.275219
849.942460 617.480877 85.620346 155.293126
850.276713 616.598124 85.166024 155.836503
850.276713 615.672023 85.463431 156.207874
850.353988 615.450497 85.463773 156.017710
851.392728 614.640226 84.792476 156.295796
851.072288 613.563770 85.320982 155.974897
851.020969 613.963354 85.471229 154.076819
851.566735 613.029693 85.525422 154.867561
852.017443 611.966750 84.590938 155.385082
851.756724 611.146648 85.103580 156.047555
851.931315 610.524556 84.709521 156.282220
852.197087 609.819494 84.936418 156.538920
852.117684 609.450880 85.041533 155.719041
852.145343 608.376582 85.501967 156.662463
851.945625 607.828730 85.425347 155.764977
852.123572 607.377222 85.170982 155.266281
852.118377 606.556563 85.331225 154.821183
852.199300 605.923443 85.611321 154.454285
852.301430 604.703470 85.608558 154.936114
852.661400 603.966752 85.539712 155.595830
852.681334 603.155899 85.208035 155.382775
852.865382 602.260782 85.236549 156.150944
853.093501 601.418307 85.235308 155.831667
853.123554 600.377220 85.467732 156.004381
853.327598 599.640213 85.164629 155.452327
852.966840 599.113867 85.433028 155.237981
853.118381 598.480869 85.231717 154.976283
853.403219 596.819488 85.110103 155.558264
852.916152 596.334187 86.033292 154.755067
853.020998 595.554138 86.067816 154.797695
853.072317 594.450895 86.016497 155.560717
853.173354 594.009175 86.105691 155.030987
852.969580 593.008119 86.019453 155.582945
853.479700 592.743823 85.210776 154.663885
853.403219 591.850186 85.407420 155.104865
853.387687 590.819487 86.137848 155.165029
853.534599 589.935476 85.595434 155.261990
854.319204 589.113861 84.683746 154.818321
854.244359 588.878237 84.729789 153.788238
853.966850 587.911439 85.076248 153.957979
853.915966 587.175802 85.225879 154.563635
853.991988 586.219994 85.328651 154.969647
854.168729 585.409500 84.735368 154.395512
854.018898 584.736954 85.120682 154.583285
853.941250 584.069920 85.131733 154.517211
853.991988 583.073242 84.785014 154.593252
853.991988 582.512981 84.883490 154.466928
854.093204 581.149398 84.585389 155.432546
854.042645 580.483064 84.783562 155.366673
853.856895 579.630021 85.152642 155.325017
854.118384 579.113855 84.736335 155.027856
854.194078 577.999780 84.730703 155.242379
853.991988 577.513000 84.735777 154.624168
854.042645 576.296563 84.635948 154.919300
854.294592 575.659199 84.384001 154.635523
854.497559 574.827794 84.484842 155.123459
854.544369 573.779198 83.986935 155.620797
854.494577 573.146646 84.479572 155.358751
854.791977 572.409502 83.886616 155.230080
854.932711 571.443517 84.010818 154.981297
855.738013 570.883400 83.681267 154.489102
855.095866 569.918393 84.380392 154.030512
855.219928 568.772237 84.233622 154.541529
855.320543 567.590326 84.133008 154.991619
856.412485 566.516947 84.036248 154.855546
855.813885 565.663666 84.444259 154.761167
855.811325 564.002053 84.811025 155.422761
855.656152 562.893396 84.561260 155.588983
856.759640 562.409491 84.246401 155.440226
856.143661 561.189008 84.387622 155.217287
855.991968 559.999769 84.735777 155.400207
856.759640 558.597530 84.143535 155.989608
856.096814 558.188567 84.532585 155.398553
856.544349 557.041068 83.986935 155.388957
856.394743 556.516958 83.940699 154.334599
857.391129 555.259197 83.564548 154.585805
856.505248 554.185737 84.360353 153.987565
856.546424 552.350162 84.896221 155.423568
856.504633 551.996692 84.614377 153.964020
857.033690 550.845338 84.824119 154.468411
856.377303 549.002069 85.154003 155.057425
856.486617 548.407578 85.365241 154.472317
856.352361 547.439777 84.963520 154.487794
856.479333 546.219980 85.152901 154.498643
856.686237 545.732287 85.189242 154.143033
856.580680 544.516963 85.299247 154.334599
856.788514 542.999780 85.383403 154.458460
857.762318 541.484443 84.654122 154.766220
857.268763 540.075751 85.353559 155.296749
856.966790 539.480872 85.632341 154.451314
858.175160 538.630025 84.830851 154.852343
857.583559 537.852787 85.242608 153.676026
857.530066 535.740865 84.954001 155.024076
857.301452 533.819469 85.807784 155.453796
857.479692 533.670549 85.559174 154.684547
857.656121 532.556548 85.253890 154.560257
858.042604 531.776829 84.734358 154.080047
858.470776 530.956573 84.276822 153.998894
858.620277 529.772216 84.472105 154.072794
858.741784 528.619819 85.273205 154.774367
858.555251 526.819478 84.810006 155.872584
858.269088 526.846780 84.981617 154.874284
858.859837 526.219990 84.505202 154.186316
859.017602 525.327542 84.143146 153.246495
859.035838 524.537100 84.239667 153.300083
858.890949 523.946376 84.532966 153.084048
859.296607 523.164247 83.689457 152.762874
859.460792 521.619821 83.587541 153.764944
859.035838 520.655316 84.239667 153.737866
859.158450 519.873657 83.951605 153.779752
859.195718 518.655310 84.276991 153.945985
859.894107 517.845355 83.609003 153.895916
859.845313 516.946369 83.725146 154.020616
859.646998 515.991444 84.070426 154.374622
859.867717 515.137355 84.027470 154.071951
859.858763 513.991442 84.251276 154.426923
859.882708 513.181138 84.453504 153.547072
859.908925 513.009274 84.692838 152.628394
859.835161 511.363542 84.587594 153.100502
860.043741 510.815417 84.722723 152.525812
860.296626 509.319199 84.322809 154.143771
860.644187 508.223463 84.798482 154.345637
860.882661 507.976221 84.404304 152.719777
861.213065 506.899405 84.976140 152.989692
861.301283 505.728151 84.564306 153.198963
861.145183 505.959631 84.621300 151.967463
861.222480 504.345279 84.659816 152.624948
861.346960 503.887566 85.209256 152.298117
861.327415 502.537106 85.390839 152.731221
861.606694 501.719353 84.945753 152.659959
862.597179 500.655315 84.365827 152.399685
862.624349 499.609652 84.553053 152.350279
863.085776 498.391868 84.238731 152.363211
863.323471 497.345296 84.362823 151.803130
863.273013 496.368765 84.805888 151.633296
863.474295 495.417588 85.049089 151.577827
864.531486 493.401338 83.695005 152.136999
864.401267 492.455237 84.497627 152.093086
865.188639 491.489853 84.305648 152.171089
865.323530 490.778471 83.972503 151.574477
866.651116 489.238590 83.712973 152.670219
866.121183 487.619808 84.077639 152.528608
866.474352 486.128092 83.821679 153.049099
867.069917 485.272926 83.274767 152.490974
866.977526 483.836247 84.438320 152.989217
866.788663 482.946387 84.537690 152.620310
867.697941 482.476871 84.180175 151.739942
867.558434 480.295276 84.149228 152.792235
867.898292 479.173722 85.330229 152.275240
867.992919 478.598764 84.724551 151.609354
868.323523 477.778470 84.952588 150.709258
868.701930 477.031129 85.035473 150.446662
868.995566 475.743520 84.366387 150.734266
869.854620 474.046802 84.808198 151.229712
869.862350 472.646978 84.283626 151.033106
870.340370 471.550034 84.213529 150.777307
870.879416 470.550040 84.181972 150.371662
871.368922 469.284269 84.052768 150.283545
871.479529 467.997751 84.093061 150.165881
872.077262 466.302486 83.886085 150.962210
872.685861 465.190783 83.671895 150.832119
872.929030 463.350534 84.083332 152.238050
873.361839 462.272918 83.930865 151.773455
873.851112 461.238596 83.998828 151.391145
874.141030 460.334628 83.680507 151.298499
874.783787 459.190785 83.525069 150.882768
875.662668 458.284286 82.861222 151.098988
876.056361 456.438042 83.512243 151.320302
876.488923 454.830466 83.478405 151.956048
877.147071 453.671539 83.409568 152.237273
877.777946 452.527380 83.022984 151.918290
878.713633 451.782402 83.579640 151.960628
878.551980 450.166294 83.422145 152.125651
879.440010 449.166289 83.458881 151.615671
879.832679 447.902607 83.721232 151.577456
880.734896 446.830480 83.427419 152.058500
881.293923 445.455255 83.214030 151.632258
882.237849 444.278435 83.898490 151.746928
882.249795 443.383073 83.676028 150.540445
883.029690 442.568072 84.447315 151.419050
883.486195 440.676311 84.159694 152.298730
884.167923 439.345278 83.518386 152.058929
884.937660 438.527382 83.790473 152.691908
885.861017 437.284477 83.685063 152.563739
885.354059 437.281921 84.208116 150.662570
885.978531 436.284288 83.984852 150.690085
886.950603 434.710541 84.081462 151.263825
887.372304 433.788671 84.092876 151.398412
887.801475 432.630812 83.366286 150.780756
888.322658 432.018161 83.640676 150.348265
888.567034 431.160797 84.001585 150.409523
889.633664 429.377861 84.015251 151.351299
890.459357 428.346562 83.956461 151.464631
890.701899 427.979721 83.127386 150.093825
892.150477 427.129533 82.983192 150.734646
892.234153 425.811930 82.907330 150.460638
892.998019 424.371177 82.950848 150.873509
892.957904 424.089485 82.424871 150.022930
893.887308 422.700048 82.879762 148.698459
893.867702 421.976463 82.831000 149.246655
894.946530 420.601674 83.106512 149.827020
894.587355 419.792357 83.049559 150.053979
895.773913 419.050991 82.635169 149.773271
895.477267 417.804584 83.050519 149.494082
896.758208 416.297270 82.879033 150.078147
896.348189 416.474194 83.117452 149.441263
897.360190 414.650550 82.714098 149.685338
897.982173 414.359166 82.835859 149.283881
897.526934 414.232163 83.435230 147.646150
898.649329 412.780790 83.166039 148.231436
898.262177 411.356637 84.061287 148.755542
898.787984 411.204322 83.232897 147.581238
899.196321 409.498181 83.526020 149.469672
899.744086 408.697567 83.301740 148.997216
900.234356 408.020754 83.512688 147.957279
900.606730 407.133085 83.367786 147.929123
900.917587 405.992299 83.116762 148.571593
901.655798 405.471026 82.812659 148.199233
902.340812 404.002026 81.578252 149.310569
901.804337 403.302705 82.640296 149.614148
902.309954 402.879637 82.700687 149.053332
902.655785 401.834758 82.619355 148.885593
902.842558 401.117978 83.610917 148.903602
902.887759 400.359163 82.892891 148.526707
903.116291 399.471039 82.391325 147.849713
903.730058 398.584321 83.055790 147.570809
904.196327 397.795129 81.849972 147.211055
904.063253 397.337905 82.691837 147.442897
904.323747 396.737064 82.710211 147.008877
904.562360 396.398496 82.458911 147.237769
904.912221 395.387105 81.288481 146.764182
904.500985 394.339017 82.690129 147.219827
904.973150 393.876710 82.940414 146.521743
905.028644 393.189105 82.077486 147.447148
905.177818 392.607479 82.259865 147.078870
905.571859 392.407266 81.676160 146.071914
905.488731 392.251418 81.827984 145.697865
906.200890 391.002746 82.008247 146.403236
905.960121 391.344492 81.640734 146.022976
906.481436 391.664648 81.576759 144.300079
906.405446 390.477912 81.482560 144.710079
906.170179 389.339835 81.865742 145.189835
905.832111 388.843529 81.847770 144.659446
905.864441 388.229398 81.508447 144.762632
905.619921 387.367144 81.658634 146.308395
904.991984 386.975100 82.561374 145.825609
905.308432 385.966422 82.092845 144.634678
905.570748 385.916347 81.896627 143.056576
905.785481 385.557256 81.460909 143.192436
905.588723 385.149227 82.508744 143.942658
905.422768 384.160501 81.714518 145.866429
905.141904 384.251419 81.844938 144.958091
904.832078 383.984795 82.083706 144.843804
904.782472 383.367137 82.417649 144.820784
904.682998 383.256107 82.517123 144.246874
904.432820 382.984805 82.435741 142.939947
905.140606 381.690018 81.903547 143.743364
905.013427 381.168605 82.337045 144.686620
905.225878 381.462941 81.784572 143.823170
905.307149 381.577207 82.026465 143.538848
905.307149 381.373090 81.603885 143.841060
904.956827 380.963736 81.907448 144.201352
904.914560 380.644877 81.773957 144.031790
903.442272 380.100342 83.011501 144.606374
904.144309 379.251431 81.478644 144.909057
902.701356 380.074678 82.799281 143.902630
902.371010 380.144937 83.397842 142.822254
901.498758 378.847849 85.215469 144.340075
901.283198 376.106420 84.487710 148.692711
901.363900 377.702788 83.480516 146.397978
901.447537 381.726935 83.770996 142.618873
901.262561 382.339408 83.536693 142.190267
901.268186 386.949337 83.671394 137.581158
901.533602 385.633948 83.647619 139.383692
901.774961 385.011577 82.658267 138.571263
901.059553 383.250404 83.863514 140.072647
901.075699 380.034668 83.239426 145.019104
900.403159 379.131967 84.448860 143.525519
900.608834 380.302355 83.641000 141.172169
900.088390 382.319657 84.123531 142.014565
899.836495 384.925398 85.087659 138.719398
899.345398 385.904205 83.622894 136.149170
898.698345 375.595512 85.537277 146.211410
898.013016 370.781566 84.877274 152.184721
897.675468 378.999766 84.439066 144.020363
896.332732 376.578858 85.110479 146.046874
897.170432 377.717073 84.749169 145.062437
897.978725 377.353538 84.926728 145.796682
896.806307 377.346084 84.997398 146.186072
897.157041 377.729011 83.431672 146.886958
895.795766 378.353532 82.281392 146.490909
893.787438 377.017822 83.233916 147.430704
893.471435 377.595912 83.780951 146.839273
893.083371 376.829244 83.327286 148.266322
894.906987 376.675864 84.051037 148.571397
893.301658 376.951360 83.432406 149.068052
893.277765 377.711354 84.561958 147.245286
891.367276 376.964796 83.054377 149.493687
890.787992 376.847623 82.419657 153.526148
892.110976 376.472567 80.601559 155.816280
890.373894 377.417572 81.161130 152.397841
890.013950 378.011268 84.648071 145.342032
889.334706 378.333227 83.535952 147.998468
889.289100 378.928075 82.813243 146.228069
888.907731 378.772856 84.076408 146.059309
888.524931 378.301892 81.811508 149.792163
888.396851 377.936430 81.898759 151.512712
888.712676 378.731616 81.984404 149.524686
887.965613 379.103860 83.417443 144.389009
887.201840 379.623085 83.806202 145.931563
886.772410 378.608728 83.639827 145.714477
886.460831 380.154203 84.524870 148.181623
886.009108 379.949806 84.453913 147.867585
885.715317 380.979059 84.099558 143.983111
884.976101 381.646213 84.875316 146.699001
884.507290 381.701337 84.825455 146.677160
884.434670 381.803015 84.869342 144.748305
884.267395 382.813390 85.133981 144.672852
884.383476 382.814636 83.682929 144.831846
883.577553 383.101546 84.213123 145.365730
883.749975 384.697346 83.876755 144.441336
883.258184 384.004558 84.542423 145.952724
882.790806 384.569590 84.562214 146.602572
881.607913 383.778427 85.285424 148.107691
881.580555 384.841447 84.461561 147.529399
881.012905 384.864094 84.910225 147.866739
880.666224 385.175748 84.796801 147.974306
880.319764 387.048803 85.294595 145.746896
880.198174 387.224718 84.594457 146.439966
879.654579 387.844843 84.229077 146.224372
879.180592 387.918968 84.021562 146.829625
878.637484 387.773824 83.656802 148.092054
878.483128 388.492586 83.499776 147.693862
878.218664 388.670648 82.976960 147.550917
878.049232 389.744292 83.002844 146.968937
877.170420 390.402127 83.602200 146.802458
876.869277 390.882248 83.148040 147.238784
875.777246 391.329381 83.458378 147.638436
875.240502 391.601220 84.294095 147.977054
874.813411 392.391178 84.298813 147.710126
874.307312 392.909686 84.515163 148.196958
874.106759 393.803535 84.055323 147.855854
873.697904 394.909682 84.174861 147.531178
873.006174 395.289912 84.220750 148.412060
872.354179 395.484682 84.907903 149.283834
872.087337 396.419504 84.345649 148.508982
871.172458 397.113014 84.779903 148.244161
870.866290 397.803531 84.888784 148.626846
870.430835 398.377056 84.817043 149.405121
869.939296 399.349576 85.294461 149.145514
869.544992 399.647988 84.975483 148.667569
869.284131 400.489380 85.153265 148.336607
868.826357 401.076721 85.379429 149.535263
868.148973 402.315464 85.827938 148.778839
868.002834 403.042140 85.564677 149.530034
867.496082 404.315453 85.519982 148.317678
867.529330 404.937121 85.319614 149.258770
865.797066 405.411490 86.581002 149.537925
866.265054 406.423367 85.278535 149.873624
865.556588 406.621756 85.705180 150.613144
865.476610 408.001908 85.149553 150.034194
865.052189 408.400881 85.209521 150.520745
864.460847 409.447830 85.340066 149.564311
864.347832 409.894245 85.425215 150.235705
863.770216 411.423362 85.927018 149.821345
863.559743 412.024940 85.342777 149.523388
862.967885 413.385516 85.292075 150.058079
862.658494 413.883649 85.091749 149.973563
862.396988 415.245370 85.119300 150.198214
862.071752 415.812912 84.895586 149.941174
861.544999 417.245374 84.975483 149.676254
860.915823 418.245369 84.711797 149.364896
860.185811 419.559229 85.663185 149.611264
860.150907 420.095545 85.212387 150.383488
859.219535 420.458707 85.728334 150.760575
858.451383 422.328226 86.234919 150.050621
858.128822 422.851569 85.800811 149.794822
857.941154 424.498301 85.204825 149.189181
857.495610 424.788628 85.226850 150.748168
856.919076 425.649503 85.932644 150.909271
855.965588 426.617685 86.162991 150.792915
856.083926 427.617682 85.845819 150.740608
855.072467 428.970691 86.448633 150.439903
854.786227 430.181984 86.040375 150.385787
854.128832 431.133383 86.107422 150.511649
853.504978 432.204008 85.937104 150.964412
853.193228 433.192598 85.689086 150.696485
853.067550 435.048198 85.425005 149.753467
852.107347 435.471465 86.408929 151.709219
851.803390 436.729132 85.793227 151.796548
851.195045 437.463669 86.585229 152.240263
850.711827 439.497732 86.627954 151.054661
849.445498 440.019403 87.458587 151.137755
849.024788 442.342287 86.919644 150.633599
848.639876 442.889873 86.520305 151.024780
848.294645 443.587195 86.642695 152.176035
847.984978 445.709427 85.860988 151.319544
847.232208 446.688349 86.190566 151.511564
846.533286 447.178639 86.380556 152.155877
846.262473 449.143958 86.128682 151.039892
846.232292 450.476167 85.389096 151.723766
845.086399 452.111589 86.534989 150.877027
844.639863 453.102393 86.916320 151.126930
844.523751 453.591537 86.028680 151.409378
844.344381 454.818922 85.662688 151.990857
843.103141 456.385153 86.516260 151.903008
842.615112 457.219146 86.132532 151.702572
842.145218 459.575038 86.792135 150.579657
841.318954 460.688368 86.693317 151.670457
841.212631 461.860177 86.281627 152.115705
840.774170 463.090581 86.071819 151.642416
840.195089 463.377023 86.377078 152.989445
839.696853 464.775842 86.227898 153.611025
839.105444 466.618536 86.953958 152.416128
838.431114 468.488059 87.287713 150.884435
838.052384 469.729115 86.903343 151.109107
837.895394 470.374825 86.418559 152.310419
837.571879 471.013987 86.824559 152.493436
836.539950 472.475884 87.389690 152.293670
836.163003 473.404481 87.107975 152.312138
836.081234 474.547224 86.028402 152.753515
835.129450 477.266533 86.403950 150.315412
834.979214 477.708697 86.103330 151.354748
834.587022 479.173146 86.602150 151.003651
833.479855 480.173133 86.977135 151.848876
833.019209 480.704373 87.168828 152.509546
832.729848 481.461098 86.841198 152.757911
831.892678 483.541585 87.279246 151.122181
831.240759 483.520052 87.446941 152.687520
831.316857 485.603352 87.092301 151.246359
830.455435 486.575719 87.443072 151.818491
830.076347 487.190061 87.052243 152.685417
829.537708 489.329221 86.337777 151.440333
828.693021 489.948229 86.863174 151.574859
828.508582 491.427028 86.534504 151.019877
828.195050 492.173140 86.480975 151.583679
827.260104 493.445744 86.539373 150.920297
825.885939 494.808004 87.869179 151.267149
825.462056 494.852918 87.622340 151.315314
825.671847 496.779916 86.987072 151.461863
825.455194 497.076220 86.489225 152.002678
824.348123 497.861464 86.843139 151.227865
824.047523 499.638882 86.950213 150.544942
823.479854 500.102370 86.927596 151.074415
822.940698 501.161709 86.908288 151.413804
822.156614 502.232801 86.978359 151.185565
821.833533 502.448557 86.817611 152.126958
821.321187 503.789137 86.556971 152.239861
820.611228 504.989972 86.986466 151.802041
819.377172 506.488079 87.354020 151.251366
819.571871 507.076215 86.616167 151.950266
818.912589 507.287014 86.736952 153.054559
818.325992 507.741539 87.245002 153.424611
817.547430 508.875611 87.541358 152.686989
816.731869 510.104989 87.527095 152.485166
816.109126 510.819264 87.261153 152.983801
815.245085 512.033613 88.013927 152.822766
815.107431 513.734574 87.233312 152.410775
814.021602 513.597072 88.070555 152.780652
813.167865 515.079139 87.920931 153.101641
812.955694 515.496225 87.126225 153.568142
812.031935 516.587878 87.817195 153.451163
811.708787 517.777385 87.479992 153.264771
811.407490 519.019227 86.694419 151.965295
810.932379 520.203720 86.357839 152.222080
810.240699 520.286994 86.752987 152.949379
809.643926 521.547231 86.676730 152.381280
808.809299 522.274692 87.021065 152.675250
808.484444 523.118478 86.687465 153.235596
807.678203 524.317538 86.637709 153.113315
806.624366 525.747722 86.987931 152.365624
806.521763 526.775850 86.979338 152.385228
805.485748 526.843430 87.592970 153.741677
804.792742 528.423705 87.785441 153.097893
804.331133 528.857844 87.359361 153.153748
803.936426 530.019204 87.746723 152.280041
802.861188 530.962206 87.949464 153.214939
802.869215 531.272224 87.219588 153.399158
802.899888 532.505990 86.954872 153.567715
801.815251 533.589025 87.237114 153.272296
801.293952 534.299447 86.537406 153.899100
800.698553 535.154971 86.588996 153.566120
799.986988 535.987274 87.907611 153.723482
799.308844 537.065057 87.608645 154.478977
798.686125 538.552757 87.631675 153.952408
798.170555 538.619566 87.457592 156.359214
798.067036 539.250194 86.355497 159.889847
797.494114 539.944036 86.376321 160.405238
797.061031 540.609542 86.095762 157.695254
796.537937 541.542160 86.483231 154.396338
794.948903 542.857847 87.642370 155.510777
794.983394 543.878945 86.861462 154.040805
794.247086 544.513680 87.152759 154.520843
793.649622 545.633268 87.329472 153.196763
793.354127 545.792987 87.394929 154.033914
792.601314 547.280363 87.387696 153.241213
792.247079 548.877157 87.102988 153.124097
791.785547 549.082662 87.323684 153.691334
791.354120 550.290333 86.846959 152.985344
790.731874 550.957863 86.929942 153.155479
790.316862 551.741521 86.792401 152.688494
789.907825 552.775843 86.561826 152.385228
789.182471 554.061243 87.095728 152.152659
789.129445 555.345977 86.502806 152.186002
788.826970 556.076215 86.068196 152.212745
789.044345 556.162069 85.557449 151.995086
788.479626 557.035870 86.026945 152.509488
788.142179 557.646393 85.802273 153.435702
787.498863 558.544339 86.034560 154.345106
786.778545 559.515844 86.521794 153.258157
786.526824 560.389331 85.838437 153.307195
786.377636 560.843441 85.353559 153.476336
785.235423 562.219155 85.904136 152.809837
785.142161 562.070857 85.753046 152.798562
784.100808 564.073095 86.847313 152.328697
783.749716 564.632877 86.471720 151.582969
783.628604 564.734328 86.220409 153.807721
782.945935 566.101862 86.271482 152.275886
782.240727 566.235052 86.802344 153.344884
781.299539 567.389322 87.115026 153.787814
780.762355 567.930028 86.630946 155.275507
779.686109 569.055063 87.181504 154.466524
779.170576 569.910065 87.058757 154.451373
778.964940 570.764902 86.463531 154.810183
777.655078 571.133524 87.085068 156.671709
776.640745 571.468560 87.393393 156.753119
776.425360 572.176688 87.878928 156.114579
775.157413 573.202132 87.913916 156.660202
774.072101 574.398494 88.738375 156.744473
773.993468 574.641495 87.513262 156.577113
773.202031 575.470557 88.364051 156.900677
772.327069 575.561935 88.156727 156.727885
772.123638 576.887383 88.188752 156.591016
771.127305 577.295874 88.532300 156.602071
770.737629 579.033743 88.007020 156.335787
769.918700 580.056158 88.393662 155.881184
769.157433 580.323693 88.366743 156.993174
768.162467 580.635950 88.825110 156.707491
767.599492 581.814097 88.692226 156.284067
766.699903 582.447156 89.104092 156.218778
766.436332 583.523171 88.551265 155.641541
765.270237 584.420748 89.557485 156.059363
764.470938 584.936128 89.399728 156.390380
763.834793 585.572630 89.352103 156.739637
763.034910 586.278134 89.267739 156.763013
762.404346 586.464594 89.121153 157.037215
761.680191 588.086260 89.200717 156.334761
760.830779 588.493939 88.954883 156.294739
760.018426 589.961598 89.360456 156.069927
759.167457 590.005356 89.588682 156.177339
758.575108 590.204381 89.558890 157.053570
757.756139 590.767792 89.611998 157.151260
757.398699 591.472346 89.325015 156.581408
756.627125 592.351811 89.825802 156.635204
755.878415 592.693993 89.528948 157.116351
754.721583 593.324328 89.949171 157.106729
754.385480 594.331707 89.367829 157.466795
753.651230 594.232992 89.662191 157.696178
752.233830 596.360312 90.210102 157.041866
751.955006 595.962944 90.108135 157.222993
751.651245 596.165480 89.503257 157.572985
750.703278 596.930648 90.417036 157.821309
749.470358 599.270197 90.256067 156.359015
748.773906 600.942421 90.484316 155.326732
747.842818 600.425405 91.642206 155.859413
746.210114 602.017531 91.960212 155.422121
746.061379 602.778456 91.001778 154.895444
745.068426 603.355235 91.223758 155.849818
744.918657 603.832955 90.876373 156.021683
744.494889 605.798464 89.554155 155.509665
743.966773 605.709921 89.465548 156.472773
742.632216 606.866400 90.554700 155.904564
742.709042 608.161398 89.765590 154.570460
742.610234 608.032072 88.545124 155.705036
741.164903 609.347899 89.308765 155.158096
739.850327 609.323698 89.618055 156.289899
739.514967 610.303359 89.518789 156.564905
738.470963 610.612890 89.822115 157.590796
738.319771 610.634928 88.434718 157.683516
737.070244 612.305691 89.253033 156.935749
736.899134 613.130642 88.272875 157.399276
735.789843 614.669494 89.141932 156.580324
735.052287 614.464600 88.431509 157.522443
733.735048 616.013036 89.451910 157.173469
733.252769 616.694022 88.962773 157.225059
731.562633 617.646147 90.420137 157.981244
731.397649 619.026319 89.899309 156.556487
730.644733 620.209637 89.115021 157.310175
729.644733 621.572628 89.418544 157.394383
729.450523 622.472373 89.969875 157.066883
728.770530 623.993956 89.391031 156.913942
727.977810 625.136123 88.882963 156.403133
727.162473 627.398446 89.230885 156.125080
726.323061 629.107406 90.679864 155.273125
725.789183 629.425473 90.193560 156.778229
724.770982 631.433470 89.779146 156.858619
725.223218 632.796228 88.766614 156.449914
724.530049 633.740836 89.226102 154.749402
723.884775 635.363438 89.146061 155.334846
723.347165 635.470562 89.172078 156.792008
722.735042 637.743454 88.790462 156.168795
722.788685 639.033748 88.165919 156.826786
721.864415 641.345968 88.484168 156.951864
721.430293 642.449972 88.629832 157.789857
720.450525 644.136119 89.114584 157.548345
720.150975 646.525446 88.095431 156.544618
719.836390 646.958618 87.572392 157.732129
718.761844 648.373631 88.023810 158.423034
718.580894 650.136118 88.462403 158.655240
718.419963 651.331690 87.826458 158.015409
718.084013 652.692094 87.399761 158.651846
717.454226 654.425466 88.468937 158.534272
717.258832 656.700080 87.785874 158.310630
716.866024 657.686996 87.608896 158.940372
716.905692 660.209629 86.351194 158.359072
716.264940 661.222000 86.844091 159.075840
715.927067 662.909010 86.657210 159.607820
715.129319 664.093022 86.640954 159.368725
714.927044 666.719613 86.256284 157.963113
714.433922 668.323706 86.587246 158.143194
713.844667 670.398505 86.714480 158.790969
713.402893 671.715235 87.080897 158.857493
713.181671 673.499045 86.789157 157.797432
712.635130 675.471641 87.024468 157.660161
712.104927 677.178770 87.454206 157.347209
711.621123 679.033762 87.375397 158.486504
711.770744 681.083143 86.412581 158.823829
711.203006 682.124222 86.893894 160.230682
710.845492 684.626472 87.653912 159.841653
710.780931 686.378347 87.053041 158.963109
710.390337 688.939717 86.882479 158.633041
710.237245 690.420096 86.347025 158.819715
709.825354 692.520636 87.080230 159.167544
709.338290 693.908996 87.390078 159.943974
709.348355 696.257883 87.648090 159.590330
709.108507 698.479174 87.239011 159.481384
709.112615 699.879299 86.849347 159.522855
708.749567 702.283101 87.313715 158.675658
708.822967 704.596355 87.265890 158.310623
708.508451 706.449972 87.529768 158.067164
708.875060 708.156575 87.112554 158.918099
708.455739 709.641492 87.430833 159.042471
707.918836 711.939712 87.809549 159.420237
707.845498 713.888155 87.856962 159.623981
707.936582 716.485056 87.303406 158.972601
708.061015 718.204389 87.154532 159.312437
708.164115 720.204387 87.000621 159.256534
707.918836 722.130619 87.606684 159.834732
707.884772 723.591562 87.661318 160.537793
707.719739 725.794806 87.904909 160.497607
707.864344 727.720565 87.911098 160.402681
707.719739 728.751264 88.312992 161.937183
707.891800 732.058639 88.238662 160.500113
707.858520 733.764686 88.506000 161.137077
707.845151 735.971003 88.748290 161.092282
707.522774 738.343333 89.121995 160.719954
707.575402 739.896396 89.538163 160.884287
707.558693 740.754439 89.624924 162.299400
707.755493 742.231362 89.346785 163.618027
708.371697 744.369403 88.803897 163.352097
708.273394 746.608795 89.261890 163.125703
708.273394 748.004351 89.417552 163.845050
708.626812 750.189835 89.607487 162.978979
708.631145 751.726522 89.909217 163.197235
708.772907 753.908096 89.887112 163.378842
708.718740 755.771670 89.889267 163.803116
708.933480 756.957506 89.890223 164.906899
708.651223 759.752411 90.827464 163.560343
709.079299 761.243806 90.703143 163.723047
709.329667 763.110495 90.672823 164.036499
709.544413 764.977313 90.142380 164.526055
709.704498 766.388521 90.456377 164.949226
710.116504 767.764705 90.422553 166.687880
709.656772 769.403959 91.934575 166.958204
710.871448 771.431868 91.452801 167.328480
710.674404 773.058765 91.669285 166.551489
711.323099 775.531705 91.020590 165.187674
711.181815 777.378189 91.482875 165.670759
711.710680 778.928179 91.132399 166.497186
711.742652 781.267274 91.583090 165.551359
711.726348 783.286817 92.169865 165.024479
712.112775 784.631423 92.317570 165.244356
712.413342 786.266668 92.339273 165.195505
712.797204 787.425344 92.223469 165.771917
713.208473 789.824240 92.456358 164.317750
713.592324 791.455366 92.140723 166.647758
713.674400 793.213035 92.580864 165.656308
714.371893 794.560867 92.454706 166.764472
714.589335 796.981060 92.289623 165.901408
714.934218 798.974823 92.676782 165.256092
715.099053 800.630749 93.214906 165.817926
715.366244 803.502343 93.263533 165.098377
716.099062 804.629560 92.889631 166.202376
716.728966 805.753890 92.580318 166.770048
717.085763 807.497645 92.328702 166.551360
717.012082 809.853745 93.135351 165.135038
717.510115 811.916619 93.559074 166.192857
719.382604 813.096024 92.924264 167.128763
719.017206 815.921559 92.985388 165.479556
720.054445 816.648506 92.688084 167.270200
720.532442 818.448015 93.716567 167.131598
720.483376 820.505888 93.268706 166.552315
720.577146 822.049524 93.884917 166.941163
721.676507 824.066714 93.931115 167.428879
721.753426 826.211606 93.446425 166.975146
722.154277 828.108409 93.844376 167.973551
722.387426 829.493250 93.891594 167.682644
723.087266 830.851606 93.984083 168.184060
723.387412 833.013842 93.946243 168.214796
724.319667 834.610705 93.452496 168.534116
724.884410 836.205179 93.668181 169.165240
724.909777 838.181329 94.233546 168.310213
725.609244 839.625510 94.272938 168.901701
727.145314 840.756368 93.095215 170.366580
727.285244 842.166674 93.326377 170.834849
727.587532 843.036108 93.942441 171.302795
728.133921 846.332801 94.136181 168.245412
729.102788 847.896204 93.449783 169.942836
729.653334 848.708023 93.205575 170.226857
729.982172 849.980413 93.422477 170.656806
729.919246 852.422039 94.117817 169.020184
730.708393 854.786943 94.301302 168.280379
731.296385 855.773830 94.232384 169.280985
732.009969 858.072543 94.204737 168.303551
733.211423 859.606986 93.560758 169.673876
733.321022 861.838532 93.755722 169.678674
734.913580 862.771410 93.655736 169.807209
734.395890 864.671643 93.888861 168.430264
734.884414 866.136344 93.723044 169.587213
735.209508 867.966862 94.249956 169.123389
735.788018 869.303147 94.097111 169.573699
737.434115 870.898914 93.668567 170.366731
737.477094 873.260118 93.287551 168.607680
737.719606 874.606800 93.614068 169.576722
738.598180 876.251361 93.533123 169.610360
739.913604 877.460077 93.596866 171.078161
741.049658 878.523130 92.903382 170.139806
740.405792 880.239962 94.027016 169.314473
741.687162 881.576626 93.485392 169.758045
742.487893 882.650980 93.381540 170.759911
742.642588 884.280265 93.122066 168.830424
743.048338 885.686880 93.230689 169.685572
743.786573 886.532482 92.483226 169.956449
743.829552 887.790101 93.613515 170.137368
744.285264 888.751040 93.381016 171.712568
745.784252 889.719425 92.987118 174.435787
745.392819 891.394930 93.355345 171.970075
746.284717 892.754835 93.040190 171.024098
746.143558 894.450859 93.458215 167.882423
746.398593 895.186237 94.027150 168.491396
746.574676 896.194697 94.349328 168.288567
748.074442 896.898373 93.843804 168.974092
747.589139 897.905594 94.324180 168.443515
748.754096 899.065257 93.524352 168.407787
749.070350 899.957732 94.256483 168.144485
749.051789 900.854581 93.845994 167.729128
749.342813 901.223359 93.810190 168.126641
751.085046 902.063721 93.417212 168.354426
751.178159 902.732284 94.090927 168.675595
751.236069 903.405591 93.871144 168.326598
752.234308 904.454028 93.916366 167.883534
751.903569 905.006097 94.134053 167.512786
751.809319 905.621399 94.977707 167.859479
752.179294 906.184969 94.909141 167.740492
752.965307 906.846310 94.123129 167.495243
753.359573 907.324292 94.383777 166.592017
753.820557 908.331841 94.014322 166.360023
753.790513 909.484233 94.290395 165.620405
754.908490 909.543561 93.335536 164.780856
754.584498 910.090754 93.704348 165.237014
755.123445 910.523199 94.054959 164.768985
755.310238 911.110460 94.187125 164.415150
755.675766 911.444571 93.904015 164.207655
755.870274 912.009933 93.956301 163.882123
755.699078 912.662789 94.181523 163.514779
756.468471 912.574827 93.525470 163.670217
757.167620 912.727757 92.908912 163.802631
757.533553 913.472010 93.106333 163.508280
757.474093 914.006548 92.620750 162.090617
758.365709 914.010205 92.248116 162.909904
757.826967 914.342115 92.407299 162.388770
758.513694 914.225629 92.464142 163.325431
758.871641 914.792217 92.527652 162.832398
759.037293 915.278112 92.544411 162.199302
759.255397 915.709092 92.399827 161.468860
759.080258 915.865529 91.795989 161.397191
759.391833 915.902215 91.739295 161.582207
759.765679 915.810449 91.956895 161.605295
759.913144 916.795700 91.950506 160.696625
760.040471 916.510554 91.752080 160.920547
759.829958 916.790457 91.739404 160.556694
759.777222 916.730099 91.736583 160.701001
759.618808 916.839640 92.061976 160.972504
759.282534 916.462315 92.766767 161.266777
758.634379 917.340447 92.936811 160.926006
759.217538 916.735884 92.293751 161.299586
758.741799 917.221396 92.134448 160.938359
758.503373 916.648861 92.257081 161.572150
758.649086 916.132727 92.158607 161.672890
758.437100 915.479173 92.651445 162.396678
757.967166 915.488878 92.726732 162.457779
757.984137 915.599072 92.597548 162.270501
757.720603 915.267990 92.713131 161.986632
757.771210 914.649388 92.197470 162.382979
756.934985 914.225629 93.337347 163.014137
756.587669 913.877414 92.825599 163.296488
756.516811 913.659376 92.360038 163.470085
756.051668 913.049338 92.554403 163.398076
755.910331 912.917057 92.628906 162.983806
755.543942 912.481615 92.531568 163.955357
755.093913 912.451149 92.692615 163.691293
754.757284 911.373405 92.602805 164.939403
754.335240 911.239831 92.881007 164.709089
754.193833 909.919929 93.061708 166.199969
753.744706 910.180979 92.974453 165.401615
753.818234 909.347211 92.971723 166.475859
753.551128 908.515336 92.490063 166.826113
753.141599 908.983814 92.417993 166.505345
753.067833 907.898871 92.275877 166.719417
752.533728 907.324896 92.452044 166.931222
752.310226 905.516240 92.515418 167.822573
751.876398 905.453014 92.553967 167.763622
751.798405 904.359490 91.937086 167.923363
751.277013 903.888017 92.511983 168.047446
750.987863 902.276406 92.122227 169.058796
750.675988 902.016398 92.342533 169.167843
751.005756 901.119827 91.959178 168.922505
750.659097 899.696129 91.954698 169.396517
750.342787 899.747546 92.354819 168.924322
749.809316 899.198156 92.475869 168.885748
749.620720 897.741866 92.397827 168.968475
749.565338 897.512803 91.919157 168.441341
749.043420 895.179748 91.960249 170.056571
748.664466 894.479161 92.315478 170.299722
748.515218 893.163491 92.160056 171.339457
748.340024 892.077107 92.080143 170.149456
748.127279 891.151024 92.541015 170.750877
748.036632 889.237316 92.388594 171.204187
747.508423 889.161506 92.911744 169.248840
747.858944 888.468744 91.875470 167.829232
747.371890 887.537838 92.406327 168.235931
746.978718 885.029445 92.209870 170.294794
746.498514 884.069981 91.946931 170.450713
746.405965 884.112354 91.839907 168.979609
746.484551 882.167942 91.200703 170.302132
746.169384 882.010157 91.742023 168.564614
745.853499 880.213856 91.669046 168.464088
746.182004 877.521510 91.022343 170.324869
745.565335 876.439696 91.812873 169.662812
745.527040 874.880623 91.225484 170.117941
745.223707 875.340687 91.580730 168.784325
745.371031 873.493955 91.175810 169.229804
745.072882 871.269923 91.449659 169.855755
744.731205 870.333751 91.966414 169.329120
744.786303 867.949049 91.062608 169.991759
744.374848 866.925460 91.841854 169.704441
744.417665 866.050584 91.547476 168.236055
744.387247 863.109334 91.335824 168.862727
744.181996 862.399926 91.446949 167.351973
744.030978 861.292479 91.104968 167.360402
743.892109 859.798055 90.867798 167.594326
743.400098 858.219746 91.465603 167.714993
743.466544 856.780023 90.880902 168.880995
743.309036 855.605331 90.838516 167.760901
742.783469 853.253457 91.294303 168.060852
742.878653 851.946043 90.950358 168.811803
742.442243 850.065482 91.598964 168.638958
742.614706 848.353808 91.014232 168.404546
742.789266 847.504994 90.346673 166.637735
742.440306 845.650677 90.767471 166.341888
742.222329 844.469514 91.143778 166.085482
742.925260 841.504480 90.177196 167.458398
742.385947 840.330668 90.716509 166.732546
741.851691 839.150107 91.208576 166.130851
742.283983 837.232012 90.406242 167.073428
742.176476 835.304025 90.408365 167.345494
741.797226 833.778274 90.998525 166.392878
741.978706 832.092835 90.440217 166.323008
741.592322 829.944293 90.607950 167.181963
741.337587 827.846160 90.247253 167.775381
741.337587 827.457592 90.036974 166.045046
740.940482 823.750466 90.091396 167.135083
740.764456 823.301550 90.443316 165.573096
740.886893 820.981863 89.726249 166.099831
740.475007 818.951347 89.968921 166.084923
740.314015 817.078023 89.920641 165.915254
740.152188 816.213592 89.873822 164.739051
739.950287 813.930085 90.109285 164.883465
740.169772 811.848090 89.373184 165.550158
739.902441 809.665585 89.432591 165.139418
739.651233 807.484188 89.304389 165.951223
739.592672 804.527636 89.472769 166.854124
739.047363 804.539544 90.089600 164.278338
739.345585 801.964078 89.334491 164.873434
739.239349 799.787030 89.492842 164.299939
739.504248 797.376827 88.967784 164.960686
739.504248 796.600263 89.071737 163.434775
739.432989 793.818962 88.688850 164.562445
738.934839 792.804424 89.155501 162.904247
739.021415 790.182402 88.615811 164.449460
739.045000 787.937522 88.355487 165.019014
738.993039 786.110974 88.200568 164.511538
738.631144 784.843164 88.769222 162.489028
738.609841 782.159564 88.542494 163.564917
738.432993 780.284048 88.688850 162.926383
738.389893 778.736836 88.350401 162.470409
738.824744 775.521625 87.534487 164.646886
738.273382 772.877508 88.130916 164.248236
737.644535 771.761161 88.838968 163.421137
737.802206 769.306056 88.422775 163.498161
737.379885 766.977696 88.845096 163.985722
737.214502 765.335486 88.391746 163.087753
737.285079 762.928066 88.249219 163.197515
737.442180 761.117093 87.886738 162.806972
737.408555 758.306853 88.155837 164.169592
736.791342 755.670025 88.814906 164.405570
737.303410 753.159977 87.580945 164.809014
737.063204 751.697983 87.852859 163.661537
737.133838 748.903153 87.098225 164.407242
736.702195 746.592873 87.832104 164.451935
736.433001 744.201830 88.073341 164.390495
736.907323 742.079784 87.930729 164.650508
736.273390 739.709390 88.437503 163.891945
736.631862 737.925631 87.871337 164.490840
736.371692 735.377283 88.028685 163.891947
737.079957 732.544136 87.269624 165.171307
736.326691 730.534218 88.179651 164.115502
736.166977 727.112217 87.851949 165.580804
736.525765 726.221041 87.689934 164.320353
735.968411 723.966842 88.155746 164.024846
735.854605 722.081921 88.164321 163.187329
736.666293 719.213012 87.044417 163.713057
736.250970 716.755245 86.990676 164.300491
736.360443 714.213039 86.939743 164.314394
735.768014 711.556606 87.362560 164.157930
735.650371 709.826350 87.473787 162.948146
735.947368 707.692764 87.073300 162.820517
735.532323 705.282309 87.448041 163.332270
735.565289 702.713101 86.979363 163.512070
735.940161 700.926103 86.442366 162.803709
735.276540 697.996315 87.116712 162.866895
735.152971 695.949747 87.008065 162.517723
735.324056 693.794488 86.935242 163.215283
734.839298 690.658957 87.220513 163.412702
735.049258 689.236575 86.715503 162.873637
734.688718 686.405564 86.885988 163.332606
735.041255 684.282333 86.495295 162.411634
734.583243 682.670430 87.089951 161.588303
734.499603 678.572212 86.902476 163.737734
734.635995 677.700913 86.440918 162.354841
734.698538 675.361887 86.437133 162.437702
733.963563 672.198384 86.924026 162.576932
734.425231 670.027321 86.421679 162.494235
734.092475 668.824436 86.888240 161.219041
733.624440 666.234110 87.310824 161.332911
734.497132 664.131869 86.074271 161.342749
733.519658 661.516610 86.910695 161.392715
734.284647 659.797612 86.211590 161.288315
733.467140 657.926981 86.562022 160.107994
733.943184 656.629770 85.944219 160.180594
732.653726 654.468733 86.816739 159.807401
733.009309 652.031020 86.448265 160.380312
732.487548 649.877714 86.769335 160.586948
732.195773 647.823481 86.716813 160.032572
732.642819 646.175008 86.555496 159.986367
731.706948 644.642399 86.863308 158.973791
731.545876 642.460517 86.726936 159.133367
731.649118 640.612459 85.921122 159.087670
731.156242 638.488859 86.553574 159.426729
730.875043 636.612462 86.408266 159.087670
730.463877 635.320729 86.683292 157.904898
730.156261 634.135765 86.503342 157.749234
729.687632 632.949960 87.122834 157.276781
729.948886 630.759514 86.811247 157.597971
729.687632 628.457726 86.521213 157.742238
729.381799 626.725078 86.840104 157.554538
729.589829 624.759497 86.131344 157.230989
729.384934 623.239751 86.148165 157.328725
729.178773 621.154281 86.304299 157.755957
729.278847 619.725101 85.976302 157.660348
729.075153 617.563290 86.058461 158.428269
728.641608 615.382163 86.279422 158.768068
728.722532 613.488888 85.973646 159.107462
728.255382 611.943308 86.841540 158.176784
728.411911 610.018848 86.584608 158.365423
728.207881 608.772208 86.602590 157.242450
728.538609 607.314689 85.894398 157.729934
728.075148 605.789171 86.407919 157.568708
728.178957 604.389566 86.127754 158.616665
728.052754 603.360959 86.255962 157.259819
727.971164 601.904561 86.262102 157.693023
727.978821 600.650051 85.968539 157.576694
728.105218 599.539243 85.767934 156.766090
728.048249 597.486967 85.819353 157.421912
728.024671 595.754833 85.870133 158.268937
727.928692 595.696640 85.967675 157.113694
728.024671 594.203447 85.521393 157.820349
727.973456 593.203444 85.374170 156.864840
728.529956 591.861135 85.782542 158.375615
727.796387 591.174449 86.024619 156.735995
727.664134 589.345185 86.293429 157.645735
727.847813 588.622167 85.973193 156.975406
728.205033 586.904540 85.770284 158.279696
727.796387 585.574939 86.174675 157.440766
728.559725 584.763386 85.730634 157.760471
727.971164 583.613982 86.262102 157.112860
728.481618 582.576014 85.163896 156.386887
728.429089 581.640218 85.311050 155.767492
728.225734 580.745775 85.663601 154.769139
728.148125 579.114841 85.612858 155.787522
727.969566 577.415307 85.820284 157.125453
728.228654 576.724772 85.716073 155.765783
728.174678 576.082863 85.814341 155.800147
728.276977 575.008124 85.506451 154.593865
728.555240 573.996683 85.057068 155.593463
728.558859 572.966764 85.147935 155.648615
728.681301 570.146979 84.860458 157.277766
728.856588 569.457456 85.060898 155.718292
728.966823 569.113850 85.135091 154.818321
728.839489 568.732279 85.085269 154.984346
728.605741 568.799561 85.653256 153.735204
728.991965 567.366597 84.883490 154.091658
729.017606 565.814332 84.828359 154.794106
728.583577 563.892867 85.538816 155.825758
728.891467 562.860185 85.487155 155.521497
728.866482 562.040346 85.675290 155.311491
728.969580 561.450883 85.671285 154.513915
728.735338 560.556546 86.174665 155.083024
729.225748 559.155893 85.663601 155.330405
729.072317 557.563790 86.166482 155.817919
729.354022 556.640208 86.064188 156.508210
729.459502 556.274657 85.946744 155.610247
729.585842 555.566294 85.643487 155.212506
729.916138 554.818651 85.136271 154.824849
729.941249 553.703464 85.280229 154.883667
729.942460 553.143079 85.324173 155.659986
730.319187 552.303479 84.981191 155.078210
730.301462 551.850175 85.310848 155.527643
730.276704 550.745758 85.513141 155.186408
730.327580 549.819493 85.811189 155.374728
730.429085 549.743817 85.559929 154.663885
730.806849 548.923463 85.352292 155.031590
731.118371 548.113867 85.381062 154.975398
731.250422 547.627381 85.065471 155.624434
731.218961 546.893139 85.031781 155.406118
731.468896 546.334191 84.781846 155.757987
731.568274 545.893135 84.632828 155.196123
731.504644 545.878254 84.712731 154.732693
731.681716 545.439798 84.851694 154.331010
731.631262 545.394633 85.050431 154.344807
731.732088 544.512979 85.098247 155.150772
731.956751 544.508218 84.853886 154.605102
732.394743 544.387764 84.678219 154.593774
732.982632 543.883388 84.452103 155.436372
732.956769 543.878242 84.507163 154.891304
733.032483 544.024029 84.599768 154.745516
732.839513 542.999780 84.937491 155.769766
732.763528 542.773660 84.648425 155.959036
733.118346 542.260781 84.391772 155.831381
733.155438 542.653948 84.357899 154.989329
733.494579 542.175783 84.184016 155.409313
733.643662 542.387752 83.985793 154.646894
733.420755 542.420038 84.376007 154.662071
733.479369 542.248753 84.758455 154.280743
733.479369 541.976232 84.660218 155.356873
733.403219 541.996681 85.110103 155.328156
733.856896 542.647922 84.360482 154.284996
734.169443 542.637368 83.991306 154.817826
734.169443 542.394610 83.991306 154.713595
734.118917 543.574597 84.041832 153.507512
733.941970 543.381702 83.947179 154.005489
733.707770 542.873684 84.157795 154.724506
733.782383 543.056983 84.259097 154.706830
733.932718 543.637374 83.717833 154.817826
733.916940 544.370712 84.175444 153.889772
733.959015 544.442874 83.955382 154.135926
733.808531 544.091643 83.764886 155.463616
733.782383 544.613051 83.770842 155.184999
733.420755 545.121201 84.081685 154.730185
732.966811 545.202352 84.388955 154.773555
732.932700 545.758456 84.354273 154.773524
732.932700 546.555081 83.913004 153.817707
732.246230 546.815439 84.471213 153.729938
732.497546 546.719347 84.739685 155.072439
732.096843 546.512991 84.825946 155.045151
731.991967 547.380080 84.735777 154.103834
731.557344 547.202332 85.043122 155.092734
731.096826 548.380097 84.727984 154.529653
730.991978 548.758446 84.637465 154.138809
731.017618 549.502758 84.338169 153.208153
730.788669 550.175661 84.635278 152.373541
730.276142 550.694746 84.999355 152.399423
730.233524 550.432223 85.286815 154.685542
729.942460 550.944931 84.882365 152.601274
729.992886 552.035870 84.675530 151.669732
729.660795 552.443311 84.732554 153.065816
729.707767 553.305433 84.157795 153.220230
729.480678 553.044055 84.598976 153.157513
729.043748 553.821399 84.919290 152.988385
729.246237 553.887569 84.569319 154.507343
729.068311 555.059259 84.581136 153.419598
729.008993 555.153978 84.150061 153.895057
728.606681 556.018573 84.945753 153.773188
728.479374 556.699333 84.562111 152.882599
728.043728 557.266318 84.771808 153.945712
728.017600 557.347505 84.338169 155.214615
728.042633 558.121214 84.390641 154.304578
727.966813 558.926521 84.486695 154.262000
727.813901 559.915415 84.737508 153.457353
727.758186 561.018594 84.400852 153.241906
727.547342 561.606544 84.170101 153.415463
727.346941 562.103722 84.028168 153.971433
726.992892 562.874937 84.528695 153.916847
726.762784 564.018580 84.837684 153.507077
726.454363 564.514990 84.753749 153.218025
725.992664 566.445764 84.970606 152.079910
725.815076 566.210139 84.432355 153.750493
725.555982 567.162096 84.603054 153.576385
726.058892 567.514976 83.855497 154.063829
725.454346 568.031700 84.216273 154.149865
725.068320 568.803024 84.777654 153.404565
724.966828 569.789824 84.388955 153.825846
725.008989 569.936875 84.297335 154.006712
724.908942 571.662984 84.152153 152.862696
724.985818 572.552105 83.703852 153.338814
725.135670 572.764548 83.263080 154.447494
724.894715 573.731078 83.091373 154.327816
724.597211 574.548837 83.777904 154.235374
724.397181 575.226272 83.588908 154.458959
723.858796 576.103704 84.006792 154.612260
723.818394 577.215004 83.684051 154.561521
723.403421 578.215010 83.782444 154.400681
723.208093 578.587051 83.950956 153.991748
722.908940 579.247604 84.250108 154.093888
722.657274 579.514988 84.599925 155.676126
722.352379 581.389338 84.668426 154.812747
722.693175 582.184127 83.740094 154.330162
722.246230 583.448553 84.471213 153.503364
722.145163 584.662980 84.327565 153.771437
722.058921 584.501439 84.100143 154.918047
721.631273 585.843448 84.312269 154.168196
721.169463 586.659107 84.186329 155.044683
721.082243 587.843420 83.568296 155.353813
720.121851 589.287016 84.626240 154.489517
720.181519 590.266003 83.762018 154.478764
719.908954 590.926517 84.250108 155.388534
719.428974 591.895157 84.711174 155.048071
719.194060 592.532929 84.435375 154.981345
719.194060 593.265993 84.141386 155.606064
718.583582 594.524784 84.751863 155.028304
717.993978 595.307691 84.733102 154.976675
717.991980 596.184114 84.539316 155.733286
717.706470 596.653974 84.314346 156.168888
717.096843 598.154951 85.022196 155.332117
716.300997 599.452479 85.110959 154.939269
715.993976 600.307680 85.125045 156.003079
715.659215 600.842555 84.850443 155.983811
715.072313 601.331678 85.222219 156.332767
714.840769 602.255426 85.338866 155.480244
714.661361 604.002202 85.193315 155.094840
714.301444 605.082648 85.360385 155.296189
713.918063 606.154949 85.376455 154.953970
713.558867 607.082655 85.147935 155.242093
712.735353 607.865473 85.679201 155.784215
712.121373 608.910038 85.760897 156.341711
712.048262 609.449232 85.223884 156.758459
711.483259 610.595513 85.597129 156.071218
710.702435 611.619564 85.883802 156.032927
710.534586 612.036462 85.744446 157.215318
709.941757 613.155095 86.016768 157.262312
709.664313 613.317897 85.485473 157.999387
709.023181 614.099866 86.309856 157.989606
708.693298 615.029484 86.127737 157.887627
708.381800 615.808336 86.040759 157.889937
707.866827 617.029478 86.067949 157.887627
707.172344 617.955809 86.449174 158.125841
706.792422 618.364856 86.217072 159.323065
706.098033 619.635941 86.498374 159.216160
705.402906 620.604748 86.880417 159.083476
705.129295 621.761065 86.440937 158.315588
704.635118 622.635943 86.573710 158.773893
703.992694 623.265430 86.703469 159.089321
703.770756 624.124229 86.612760 159.337354
703.494106 625.686994 86.376321 159.051038
703.082556 625.744842 86.401243 160.999428
702.472918 626.996239 86.471228 159.295832
702.030791 628.788910 85.853352 158.561724
701.433931 629.290790 86.487087 158.955704
700.978975 630.641474 86.404537 157.936889
700.641599 631.148114 86.530069 159.039015
699.514137 631.901846 87.082266 159.393360
699.233985 633.176203 86.837334 159.503763
698.329244 634.018548 87.128337 159.443195
697.592636 634.283383 87.420005 159.952549
696.990268 635.145335 87.742581 160.032135
696.884794 636.186713 86.747056 159.823016
696.540146 637.390375 86.817056 159.292345
695.653712 638.686998 87.518272 158.554448
694.813076 639.687013 87.915305 158.995705
694.473451 640.443042 87.571248 159.290448
694.063604 641.368682 87.393978 158.594005
693.600425 642.093010 87.269994 159.589688
692.903111 643.294264 87.755767 159.605422
692.150988 644.814098 87.994545 158.643220
691.362090 646.176200 87.894801 158.453356
691.116917 647.102066 87.743862 158.912787
690.580223 648.027847 87.919200 159.263427
690.204980 648.097838 87.638651 159.919605
689.419967 649.517308 88.028768 159.548939
688.668268 650.560347 88.165690 159.670386
688.096896 652.230038 88.398116 159.388983
687.990276 653.348644 87.742581 158.882776
687.749571 654.324350 87.618581 158.966923
686.956694 654.581696 88.055949 159.598887
686.519647 655.858459 87.771276 160.599199
685.810438 657.868965 87.591638 159.413929
685.116919 659.324349 87.340665 158.966923
684.224766 660.093026 87.046634 159.423890
683.540148 661.694013 87.929962 159.544567
683.150054 662.709476 87.179774 159.965193
682.258849 663.772258 87.987579 160.572352
682.077351 664.526519 87.627575 161.091470
681.604289 665.791141 87.812460 160.433240
680.917514 666.900873 87.990049 159.771517
680.666722 667.634940 87.653480 160.374342
679.990295 668.000481 87.742581 161.282419
679.327775 669.016481 88.574950 160.707299
678.414563 671.222385 89.127620 159.388271
677.915133 671.676406 88.506391 160.217443
677.649245 672.241415 88.614343 160.538056
676.733301 672.677909 88.659928 161.375310
676.309207 673.864463 88.667237 161.186401
675.468725 675.672335 88.970936 160.602173
674.950788 675.979960 89.310853 160.962257
674.558670 677.506435 89.057104 160.144871
674.220515 677.677902 88.631093 160.436815
673.703056 677.602287 88.815952 161.395393
673.202051 678.939407 88.569604 161.224003
672.791643 678.256740 88.596823 162.514902
671.968984 679.603493 88.161585 161.717861
671.734006 680.621218 87.731699 161.261884
670.917498 681.731971 88.193249 160.432404
670.131717 682.016462 88.645696 160.762992
669.468752 682.470365 88.207177 161.301280
669.427640 682.904522 87.858609 161.426891
669.403387 683.375109 87.738106 161.014448
668.541252 684.016472 87.559374 160.762992
668.348609 684.490008 87.684126 160.900445
667.864025 685.526521 87.538062 160.201208
667.780927 686.411038 87.357356 159.048975
667.116922 686.421329 87.642845 159.545667
666.686610 686.697494 87.812795 159.980665
665.990286 687.036967 87.843671 160.083211
665.719736 687.526494 87.398268 159.157281
665.063610 687.534438 87.595274 159.602514
664.258853 688.591579 87.785874 158.755530
664.116923 687.971524 87.139973 159.721955
663.697354 688.022724 87.416647 159.994748
663.096909 688.097867 87.534938 159.700638
662.739641 687.947514 87.607860 159.741760
662.203114 688.323077 87.630836 160.024042
661.722178 688.736887 87.306963 159.668397
661.276325 689.133961 87.483443 159.385837
661.056095 688.495303 87.089449 160.357894
660.676680 689.186718 87.258576 160.099379
659.898279 687.965719 87.247255 161.601924
659.394596 688.866280 87.411527 159.971875
659.160815 689.097842 87.085596 159.646022
658.540153 689.208700 87.421818 160.138011
658.150033 688.529396 87.481797 160.005167
658.265192 688.511356 87.183520 159.839202
657.792596 688.007505 87.151518 160.897053
657.361813 687.983549 87.270040 160.750834
657.244676 688.285437 87.075548 160.284194
656.898285 688.285437 87.146437 159.465829
656.697355 688.346488 86.961530 158.694658
656.084027 688.753412 86.700724 158.006191
655.948884 688.332186 86.560086 158.974693
655.455730 687.858846 86.727616 159.009425
654.978964 687.334051 86.857138 159.479837
654.749577 686.444739 86.808627 160.030677
654.265223 686.759596 87.082298 158.833817
654.233978 686.570922 86.636446 158.795688
653.770751 685.094398 87.065361 160.766145
653.572079 684.605189 86.757745 160.636054
653.213071 684.117264 86.831648 161.284914
652.878172 683.865841 86.736898 160.599966
652.317263 683.495325 87.131462 160.851791
651.613631 682.941791 87.504360 161.344638
651.289215 682.506418 87.213659 160.947436
650.930789 682.547848 87.389416 160.135948
650.361809 681.453540 87.573446 159.757112
650.056095 680.073582 87.697221 160.677680
650.476975 679.996612 87.539685 160.137140
649.990290 678.997484 86.938918 159.890657
649.886026 678.707920 87.679097 159.519814
649.633471 678.961995 87.411254 158.626676
649.390347 677.595464 87.034033 159.499818
648.918843 677.384106 87.253169 159.263477
648.645052 675.688302 86.812540 160.190593
648.056077 675.872244 87.291422 158.948688
647.760034 674.520109 86.910112 158.874297
647.508421 674.121667 87.075829 158.811306
647.545891 673.334056 86.626124 158.561858
646.674477 670.974833 87.221755 160.463251
646.467123 670.073580 87.265741 160.731968
646.222628 668.486114 86.965655 160.804397
645.624413 668.134591 87.666494 159.454078
645.524607 667.721600 87.177850 158.722603
645.129287 667.421330 87.143509 158.836627
645.286170 666.067080 86.584247 159.381025
644.822967 665.218299 86.260482 159.015328
644.307634 663.716272 86.288757 158.986298
643.508427 663.222068 87.378121 158.605682
643.442250 662.258910 86.629056 158.744444
643.255373 661.634192 86.640868 158.530518
642.992700 660.396086 86.305129 158.147143
643.028928 659.585739 86.641531 158.473470
642.359825 658.169867 86.536426 158.639144
642.150575 657.108466 86.745677 158.466150
641.875057 656.222042 86.608746 158.282444
641.825334 654.759517 86.070895 158.497087
641.104534 654.024836 86.304228 158.052276
640.589819 652.349405 86.481519 158.620870
640.515791 651.018852 86.080608 158.418361
640.104553 649.230926 86.304228 159.399118
639.978979 648.183694 86.004748 159.467361
639.670979 648.222059 86.425943 157.374279
639.485990 647.249162 86.035922 155.980629
639.585833 646.124947 86.092366 156.577734
639.510782 644.793129 85.696102 155.675480
639.380295 643.270123 85.403140 156.559899
639.252457 642.418313 85.465834 155.674232
639.020991 641.671668 85.421749 155.076798
638.814478 639.857863 85.188433 155.553120
638.865346 637.411507 85.038711 156.835186
638.688059 635.935835 85.095360 157.395322
638.408122 635.313667 85.649634 156.254108
638.099435 633.898977 86.067963 155.308085
637.866462 632.640221 86.572765 155.034277
637.860184 630.693539 86.618120 155.817487
637.791018 630.495371 86.426428 154.285539
637.711175 628.893126 86.929191 155.196123
637.894181 627.684168 86.423592 154.732510
638.020977 625.266682 86.317976 155.490584
638.303254 624.051000 86.822182 155.910539
638.613089 622.246568 86.445189 157.992583
639.078987 620.424620 86.748721 159.131902
638.508443 618.817859 87.176437 161.586636
638.604293 616.644826 87.506474 160.107618
639.870754 615.769232 87.840873 157.159604
640.045420 614.684793 86.951088 157.901410
640.104553 611.135110 87.925450 158.373805
641.229752 610.346497 87.491544 157.247386
640.780917 609.084715 87.820267 155.934426
641.766703 607.696634 88.698716 156.477303
641.514145 606.029922 88.748259 157.302598
642.338305 604.427827 88.361807 158.441537
642.329255 601.985374 90.263844 159.173089
643.058240 600.617252 89.621298 157.561414
643.419951 598.487549 90.085185 158.550259
644.990952 597.490028 90.360996 158.876567
644.678712 595.445267 90.880004 160.299051
645.237636 594.407623 90.951400 159.324560
645.551525 593.010680 92.196019 159.228116
646.808862 591.358921 91.934055 159.177033
647.204318 589.127601 92.037740 157.179049
648.487954 586.779952 92.304217 155.782350
649.532450 584.768595 93.121586 156.814654
650.496684 583.765863 93.541636 156.434974
651.165789 582.439864 93.981178 156.539725
651.843863 581.270165 94.627616 156.659063
652.815033 579.022985 94.306612 156.225604
653.815027 577.780756 94.252206 155.970088
654.831440 575.673613 94.478689 156.864689
655.759038 574.503342 95.073048 157.228856
656.585703 573.893213 93.860635 157.223264
657.502140 571.024737 94.215379 158.694542
658.839421 568.319053 93.956276 159.360781
659.277430 567.209116 94.463980 157.507013
659.714610 566.132007 94.459854 157.240790
661.462830 564.517255 92.444131 156.244038
662.378614 563.037379 91.853902 155.541738
663.014196 560.976883 91.607746 155.005656
664.434886 558.315536 91.484467 155.651244
665.312637 556.746144 91.774974 154.656291
666.525375 554.917562 90.857825 154.399557
667.992705 554.137713 89.403197 153.591498
669.141921 551.355847 89.193160 154.611670
669.919011 550.902289 88.647313 154.529715
670.664307 548.410445 88.929966 156.436430
671.411909 546.640836 87.952797 156.982487
672.515719 545.901827 86.345134 157.832734
672.796400 544.201328 85.924759 158.622000
673.271467 542.535769 85.538987 157.336250
673.782341 540.311396 85.764822 156.592062
674.960063 539.182991 84.997480 154.273447
674.941226 537.073839 85.280229 153.864905
675.173181 535.666871 85.955387 153.058267
675.681721 534.831108 86.450577 151.075178
676.195748 533.770695 86.109357 151.410376
676.375943 531.658491 85.587086 152.026984
676.839858 529.444735 85.468515 152.240733
677.916887 527.551684 85.817968 152.275176
677.628568 525.625846 85.776058 153.393330
678.223047 524.468028 86.345869 154.846217
678.110659 522.631370 86.022867 155.727643
678.421807 521.075688 84.985732 157.547264
678.252466 519.910652 84.233881 156.496425
678.881539 517.649235 83.949798 156.547062
678.403241 515.332160 84.421593 155.904660
679.367779 513.634838 83.113622 155.695822
678.530075 511.261953 83.635111 156.555197
678.662564 509.372633 83.985050 153.682054
678.429467 508.069182 83.528223 151.561434
678.141037 507.836692 83.245023 151.001036
678.259638 505.989510 83.321792 152.068349
677.788859 503.860695 83.920469 153.731411
677.497365 502.509538 83.682920 154.824974
676.711569 500.522597 83.964076 155.895756
676.859877 499.926299 84.351649 153.448796
676.095874 498.436561 83.993433 150.411117
676.645810 496.782406 84.099759 150.937555
676.071765 495.046809 83.119807 151.229712
675.767445 493.278435 83.652528 152.877986
675.121168 491.109392 83.401168 154.587792
674.250037 490.436567 83.839268 153.852781
673.788660 488.484092 84.197426 153.012345
672.966725 486.882227 84.432011 151.706604
673.000494 485.064527 85.529822 151.863202
672.375929 482.663129 84.950401 151.975989
672.070230 481.417590 84.619447 151.374322
672.243818 477.716423 84.556310 153.775292
671.454097 477.564975 84.706672 151.957691
671.019474 475.910499 84.617897 151.324783
670.412784 474.261080 85.181949 152.138389
669.443868 473.381698 85.635765 151.215976
668.914850 470.516883 85.164803 152.677961
668.375949 469.210235 85.243489 153.117459
667.471217 466.670261 85.933432 154.967398
667.352759 466.477876 85.699641 153.279386
666.471698 465.175791 85.897038 155.143972
666.300953 463.712052 85.130766 155.045196
665.540720 461.375147 85.602378 157.962913
664.913715 459.756209 85.493902 156.225366
663.649656 459.082844 86.629389 152.892717
663.170371 457.659203 86.810720 152.002927
662.611195 456.056984 86.168908 151.497589
661.745052 454.309221 86.775277 151.035700
661.503960 452.791857 85.990824 151.360368
660.895411 451.091644 86.162617 151.658164
660.203202 449.864389 85.988263 151.490895
659.544126 448.091651 86.361385 151.354269
658.372664 447.033001 86.985208 150.864614
658.403845 445.598769 86.707059 150.695727
657.694902 443.800061 86.981147 151.299751
656.800157 441.704887 87.103956 153.433606
655.869589 440.334178 87.281888 154.912505
655.790340 437.367377 86.291727 159.655654
654.813081 436.444733 86.358977 159.057070
654.045407 435.471396 86.550979 158.124930
653.635138 434.959517 86.473912 153.463840
653.579077 433.556555 85.884835 151.952868
653.244903 432.091630 85.966437 151.202840
652.636880 430.246449 85.477631 151.594207
652.429635 429.692698 85.294216 150.654494
651.416892 427.490873 85.582633 151.155896
651.327777 425.162434 85.551069 151.725961
651.232322 424.548852 85.083903 150.140619
650.390220 423.520996 84.947613 149.820328
650.396991 421.641759 84.915484 149.619409
649.987652 420.532010 84.734818 151.044437
649.114597 418.936200 85.004704 151.656397
648.866303 417.489857 84.332503 153.103036
648.885467 415.955153 83.707065 154.612618
648.301259 414.699053 83.788053 153.628654
648.629579 413.144261 83.108724 152.910729
648.063183 412.383081 83.160894 151.960080
647.585792 412.194001 83.176348 149.374725
647.385335 410.294155 83.251586 149.391246
647.097922 408.844493 82.935925 149.297893
646.834496 407.401681 83.527860 149.973744
646.558307 406.231370 83.434277 149.831495
645.896184 405.200678 83.425207 149.242468
646.554199 403.721291 82.260678 149.719025
645.823815 402.408695 82.417958 149.311658
646.284921 400.744346 81.793916 149.533829
645.606698 399.550866 82.027520 149.420406
645.558483 398.052462 81.901503 149.318155
644.867676 397.285793 82.687685 148.976628
645.061706 396.503878 82.428589 148.623390
644.507391 394.646347 82.316599 148.868193
644.307722 393.639581 82.658959 148.622844
644.066765 392.356640 82.488608 148.705566
644.365739 390.611024 82.426874 149.718311
643.772947 389.934307 82.752413 149.152649
643.773974 389.117973 82.226765 148.053521
644.115768 388.597199 82.098348 148.252486
643.687042 387.443605 81.913002 148.110252
643.835241 386.207021 82.001570 148.179387
643.884484 384.118674 81.952327 148.976559
643.853529 382.949675 81.875513 148.654170
644.048146 381.737373 82.053889 149.217558
644.365739 380.550870 81.633641 148.273697
643.933633 380.049303 81.950651 147.187617
643.718325 379.081739 82.035462 147.347897
643.424694 377.839296 82.393954 147.298130
643.424694 376.136580 82.012966 148.150121
644.011548 375.806904 81.550142 147.038645
643.109898 374.675303 82.054897 146.554470
643.060058 373.998740 82.341236 146.269017
643.551331 372.605223 82.189755 146.087167
643.693427 371.860126 82.246521 145.418730
643.291041 370.002759 82.262309 146.896977
643.128159 369.189107 82.214575 146.010621
643.329896 367.339027 82.622972 148.169906
643.491589 365.878948 81.791453 147.929182
643.276817 364.979364 82.160843 147.656902
643.609778 364.106426 82.064010 146.995544
643.419347 363.011563 82.098327 146.629841
643.060058 362.443337 82.293856 146.328165
643.209345 361.443342 82.191949 146.526219
643.209345 360.164619 82.097219 146.016112
643.046264 358.966416 82.910300 146.493181
643.326203 358.258936 82.063963 145.891807
643.846699 357.036439 82.310157 146.615008
643.718325 357.029900 81.893694 144.709525
644.050606 355.467057 82.176789 145.593920
643.750125 353.863177 82.108934 145.857626
644.095323 352.408897 81.669181 146.556595
644.329892 351.618294 82.269356 146.692680
644.218554 350.711508 82.080019 146.966351
644.529446 350.545952 81.801892 145.784666
644.340605 349.281412 81.646233 146.124581
644.518302 347.233069 81.880779 146.536450
644.258962 346.651907 81.953068 146.416919
644.159686 344.918882 82.005119 147.789125
644.031680 344.317017 82.042776 146.834278
644.388006 343.781293 82.042793 146.253069
644.456470 342.618297 81.755560 146.593808
645.117810 341.548519 81.772308 145.682589
644.483037 340.350945 82.385532 146.301451
644.895926 339.651915 81.742718 146.070155
644.898569 337.653501 82.007825 147.345404
645.014197 337.677066 81.929105 145.326877
645.084167 335.932985 82.232802 146.325595
645.603681 335.582422 81.231553 145.402558
645.124486 334.538332 81.731181 145.502642
644.931051 333.291136 82.174197 145.653448
645.821127 331.966426 81.703754 146.642095
645.750182 331.094860 81.367438 146.429869
645.831390 329.932978 81.959509 146.374690
645.997096 328.827277 82.146457 146.483691
646.109897 327.605223 82.149409 147.116845
646.717572 327.129478 81.963439 146.548381
646.603691 326.025015 81.702871 145.182604
646.721458 324.676877 82.455423 146.201255
647.246220 323.860127 82.134767 145.763191
647.377065 322.966429 81.972212 145.606377
647.241403 322.458225 82.028053 144.702263
646.923950 320.953483 82.780298 146.023821
647.551340 320.129487 82.639157 145.462976
647.400750 318.478732 82.222188 146.733372
648.399167 317.081741 81.942686 147.397440
648.276831 317.059933 81.829289 146.122393
648.387917 315.757669 82.136983 146.454430
648.456448 315.129477 82.563774 146.797503
648.669512 314.816090 82.821356 145.727578
648.506023 314.344498 82.800538 145.724340
648.603680 313.790777 82.656154 144.901619
649.341306 313.113347 82.325351 146.034589
649.060056 311.548525 82.769065 146.367766
649.227360 310.990320 83.070725 145.994806
649.318988 310.129484 83.580409 146.448982
649.637452 309.641956 83.299968 145.706970
650.112170 308.721383 83.125172 146.000686
650.519314 308.337910 82.948088 144.572859
650.919092 306.900625 82.798868 146.022966
650.809505 306.545946 83.115082 145.834148
650.580417 305.779396 84.175308 146.325052
650.997754 305.329375 83.724567 145.676808
651.514831 304.816093 83.730004 145.530815
652.181331 304.012425 83.090674 145.790252
652.388948 303.684410 83.292070 145.300711
652.580446 303.131967 83.352970 145.492447
652.723695 302.521741 83.311304 145.966430
653.037888 301.810876 83.335056 145.580717
653.532601 301.081702 83.451527 145.337650
653.961725 300.572067 83.380035 145.847407
654.133542 299.659323 83.800651 145.732268
654.117268 298.607473 84.277112 145.006657
654.271117 298.222596 84.268029 145.885563
654.947907 297.301883 83.968710 145.131173
655.218286 296.269725 84.407473 146.149754
655.495326 295.994763 84.567411 145.025271
656.078468 295.613590 84.433774 144.914858
656.894081 294.521735 84.612043 144.532878
656.296329 293.873066 85.232088 144.861900
657.543433 293.254057 84.873612 144.931319
657.473352 292.352330 84.899855 144.944448
658.338183 290.642785 84.964515 145.382010
660.048168 289.704181 84.338278 145.660447
659.730366 289.433755 85.032637 144.981564
660.338202 288.225195 85.359775 144.607174
660.934367 287.711262 85.466925 143.543225
661.400183 286.577833 85.861539 144.475011
662.189720 285.993791 85.264246 145.055041
662.997770 284.134129 85.195929 145.681251
663.897988 283.133317 84.850918 145.747300
664.291940 282.082744 85.162029 145.592430
665.157048 281.183893 85.235038 145.971249
665.751462 280.335310 85.443268 145.957323
666.566480 279.244044 85.667525 144.727805
667.519774 277.894068 85.866653 145.948225
667.954685 276.653829 85.882970 145.940974
669.231249 276.359311 85.778499 145.613714
669.696021 275.733286 85.747556 145.207203
670.802456 275.086472 85.589625 145.230022
671.797823 273.624522 85.993521 145.370211
672.616898 272.103853 85.866033 146.032084
673.313098 270.354961 86.570024 146.355964
674.127106 269.812269 87.140827 146.173193
675.102254 269.052665 87.164312 145.486471
676.232917 267.458423 87.449174 146.942246
677.306028 265.608272 87.607114 147.789993
678.114595 264.708064 86.871435 147.029424
679.051123 262.401434 87.570549 147.858567
680.492060 261.348883 87.067390 147.665913
681.002822 260.468934 87.141635 148.285678
682.296884 259.554366 86.931625 147.599354
682.766409 258.770371 87.337070 147.490803
683.869321 257.462791 86.680217 148.355398
684.990633 256.621387 87.216425 146.623732
685.742586 255.429707 87.777454 147.592927
687.148323 254.759243 86.841340 146.013057
687.770917 253.289482 87.203245 146.661719
689.418568 252.480730 86.850698 145.405850
689.894568 251.721823 86.536683 145.263641
690.465842 250.117781 87.669812 145.733579
691.897257 248.697529 86.764755 146.598215
692.948639 248.355626 86.463020 145.595574
694.026442 247.067059 86.906507 144.620381
694.903123 245.827323 86.530000 145.024038
695.696007 244.978409 86.637471 144.328106
697.606710 244.087573 85.981568 143.973501
698.820874 242.301883 85.384357 146.158335
699.386161 241.524114 85.921196 144.850367
700.596505 240.234398 86.044928 144.283666
701.947907 238.912959 85.743490 143.802370
702.727969 237.513747 85.672303 145.220335
703.997763 236.601215 85.394585 144.684972
704.820872 235.364256 85.809479 144.516490
705.495331 233.591094 85.946762 144.680449
706.809128 231.981448 85.847984 145.147694
707.802451 231.234399 85.787516 143.810748
708.878683 230.563679 85.720501 143.738972
710.514832 229.812820 85.551644 143.151686
711.306579 229.573732 85.752596 143.028970
712.484745 228.322148 85.493206 142.451233
713.331523 227.828386 85.346659 141.436123
714.083577 226.531067 85.510309 141.771055
715.494019 225.554883 84.803696 140.541340
716.356854 224.274877 84.424804 140.860295
717.356854 222.883941 84.620718 140.719865
718.406469 221.589234 84.375188 141.080832
719.849232 220.490725 83.883545 141.245640
720.898495 220.029969 83.366518 141.653310
721.599119 219.542726 83.955255 140.938033
722.547931 218.444852 84.238757 140.373574
723.340859 217.687689 83.282241 140.537185
723.882843 216.665314 83.675171 140.771545
724.736438 215.711823 83.368263 140.256194
725.794673 215.006226 83.363710 139.835541
727.261576 213.740298 82.687793 140.122868
728.116577 213.371499 82.539308 140.019754
728.508557 211.861290 83.250881 141.294227
729.191123 211.590732 82.196311 140.700696
729.606129 210.691473 82.522067 142.366743
729.997621 209.309068 82.979299 142.504413
730.995304 209.323586 82.812916 142.286392
731.554874 208.373095 82.441672 142.097160
732.174926 207.625113 82.352283 144.205847
732.956699 207.326523 82.069078 143.714457
733.013459 207.323318 81.816355 139.942208
734.216163 206.037780 82.364999 143.655681
735.106105 206.126832 81.478772 141.462729
735.479161 204.806984 81.404930 143.049867
735.539307 204.353418 81.519480 141.096536
736.196733 203.537944 81.624561 140.988357
737.083220 202.789059 81.299674 141.332532
737.441576 202.058480 81.098627 142.139511
738.036951 202.419808 81.195405 141.571238
738.994855 202.032370 80.347011 141.556549
739.219428 201.816584 80.166180 140.461299
740.486258 201.778646 80.032314 141.424637
740.851674 201.086711 79.867146 142.528676
741.103291 201.198176 79.408847 139.219029
740.825893 201.007299 79.974818 139.075862
741.526119 199.960246 79.868502 141.018028
741.654948 199.972354 79.819311 140.268833
742.349925 199.432791 79.575815 140.580139
742.483228 199.897726 79.463295 140.115204
742.403182 200.096399 79.660748 140.108475
742.984130 200.558547 79.204032 138.976918
743.063782 199.876255 79.736880 139.500193
743.473540 199.887193 78.727230 139.323340
743.368958 199.213511 79.015568 140.257977
743.662837 198.960243 78.492522 140.825233
743.378392 199.093168 78.958761 139.217179
743.795512 199.403581 78.271520 138.830573
743.881560 199.591852 78.731014 139.179206
743.795512 199.403581 78.953881 139.067907
743.464325 199.469322 79.193650 139.623255
743.139089 199.939752 79.563231 138.993856
743.614822 199.809845 79.236476 138.562806
743.889424 199.600686 78.177608 139.108997
743.881560 199.853670 78.549048 139.396944
743.748452 199.734692 78.182999 139.601411
743.748452 200.325347 78.318580 138.772070
743.886645 200.460691 78.610216 139.645680
743.978227 201.401059 78.509953 137.924500
743.807601 201.512996 78.400845 138.788261
743.693001 201.657367 78.104821 139.113693
743.455485 201.788276 78.297370 139.270115
743.567715 201.800458 78.377324 139.823192
743.660985 202.140230 78.169901 139.952348
743.225299 202.469323 78.211675 140.347226
742.825844 203.269959 78.469080 139.966246
742.978223 203.612067 78.509953 141.257072
742.431038 204.262610 79.073738 140.445207
742.209730 204.166362 79.338707 141.406592
741.888830 205.242896 78.780115 141.058001
741.620226 205.963997 79.230228 140.674822
741.391715 206.360730 79.172501 140.909883
741.116372 206.409533 79.211540 141.357569
740.750586 207.636269 79.081675 140.954588
740.197516 207.963995 79.365045 141.698387
739.920207 209.176701 79.273012 141.221929
739.607025 209.768568 79.270842 140.871015
739.483208 210.030237 79.319307 141.191580
738.976260 210.636268 79.446790 141.688964
738.433522 211.916221 79.850922 141.833700
737.890844 213.443957 79.799776 140.518256
738.030698 214.559011 79.314311 140.717011
737.470097 214.897727 79.139021 140.163130
736.849222 216.005256 79.715933 140.184880
736.322341 216.360728 79.920752 140.861087
736.387259 216.957030 79.624511 141.265767
735.796317 217.375953 80.091130 142.329057
735.764966 218.602087 79.557518 142.176281
735.086694 220.443960 79.878130 141.157585
734.482532 220.977850 79.938915 141.079288
734.073519 222.242896 80.297285 141.204692
733.792494 223.706861 80.126547 141.191776
733.236462 224.452323 80.093599 141.119426
732.580375 225.639266 80.207937 141.102608
732.570326 227.296630 79.808029 140.346996
732.171867 228.361949 79.797441 140.375147
731.763325 228.636266 80.074392 141.590581
731.713798 229.982337 79.664553 141.274189
730.828701 231.507294 80.277928 140.891334
730.384401 233.099842 80.773036 139.617518
730.074183 234.411612 80.032390 140.005654
729.839802 235.737938 80.543164 140.170428
728.536078 237.296633 80.520633 139.760505
728.074415 239.063251 81.039630 140.042550
727.383842 240.689141 81.220784 139.954482
727.137416 240.916218 80.696875 141.143945
727.065940 242.246359 80.267972 141.851052
726.151156 243.590035 80.724898 141.773392
726.148173 245.198293 80.179106 141.728797
725.495442 246.590039 80.426741 142.571469
725.066428 248.476320 80.297971 140.978802
724.186989 249.573294 81.016691 141.168576
724.151168 251.642112 80.540614 140.523241
723.038080 253.231084 80.934509 141.103210
723.050859 254.919917 80.046152 141.196013
722.335128 256.378140 80.453189 141.421332
722.086693 258.051578 80.291676 141.212738
721.594672 260.230760 80.370151 140.222733
720.927153 261.886671 80.593235 140.635721
720.236420 263.558468 81.059913 140.726262
719.952528 265.248793 80.739219 140.719032
719.594663 267.361338 80.922148 140.885570
718.952565 268.854016 81.015840 141.064507
718.459770 270.314454 81.330614 141.796907
718.245286 272.531185 81.343620 141.658189
717.262845 274.465565 81.561485 141.174032
716.617135 276.334192 81.810384 141.255637
716.225306 277.939102 81.142102 141.402454
716.099583 279.659764 80.690823 141.815478
715.707557 281.330334 81.129319 141.845351
715.508793 283.399912 80.872148 141.739307
714.717557 285.593949 81.291790 141.731328
714.619060 287.136832 81.314545 142.606634
713.921188 288.865427 81.556290 142.548219
713.024506 291.092285 81.932098 142.173706
713.473816 293.092285 80.575531 141.973114
713.070064 295.066088 81.222411 142.309144
712.275356 297.614349 81.323718 141.190980
712.395277 299.330339 81.144946 142.144907
711.262834 301.284270 81.700176 141.968340
711.327209 302.886825 81.001251 142.615497
711.064260 304.621059 80.627674 142.382711
710.619114 306.343732 81.613285 142.645188
710.090905 308.504572 81.547864 142.475309
709.431549 310.231079 81.757202 143.690857
709.307153 312.519231 81.557126 143.377188
708.699288 315.115517 81.482228 142.679645
708.638069 316.708574 80.954180 143.422609
708.391190 318.174668 81.232651 143.906016
707.498670 320.319723 81.496819 143.071861
707.340868 321.908158 81.297872 143.425209
706.848855 323.575353 81.472618 143.203371
706.340899 325.441968 81.717936 143.537917
706.145610 326.249520 81.269276 145.104316
706.203262 328.355187 80.793077 144.177746
705.347277 330.375196 81.555322 143.453745
705.341790 331.719004 80.700111 143.421544
704.482025 333.708579 81.939728 143.070139
704.397775 334.518035 81.952994 144.733895
704.422792 335.756178 80.734370 145.491054
703.964087 337.615648 80.883416 144.462089
703.307159 339.518040 81.463639 143.422311
702.848838 340.719010 81.566081 143.521844
702.296686 341.726953 82.071486 143.625515
702.107498 343.397704 81.850367 143.104655
701.749224 344.585085 81.525588 143.455294
701.638042 345.652068 81.327142 143.338289
701.141071 347.174682 81.637388 143.203401
700.649227 348.652065 81.672190 143.138518
700.489871 349.518035 81.242007 143.322440
700.241178 350.772523 81.351075 143.256880
700.174945 351.436294 81.071446 143.642841
699.932156 351.963821 80.892948 144.065581
699.341796 353.047684 81.401287 144.747475
699.307999 353.735219 80.958590 144.440874
699.043845 354.912938 80.773686 143.678485
698.241179 355.638157 81.397596 143.889882
697.699288 355.916601 81.668879 144.087419
697.849253 357.204792 81.015037 143.211604
697.440278 357.420502 81.059058 144.795288
697.308001 357.302904 80.725386 145.561209
696.815711 358.732348 81.274557 145.747381
696.717983 358.013910 81.137701 146.474356
696.191689 358.802075 81.795130 146.146231
696.290725 359.417227 80.956265 145.640017
695.815690 359.642076 81.415734 146.688182
695.650744 358.966416 81.549373 147.441893
695.357862 358.641722 81.618367 147.886871
695.078445 358.746590 81.416519 148.407901
694.571859 358.176650 81.960845 148.420629
694.589337 357.584329 81.693710 148.019528
694.326227 357.885563 82.016531 146.500839
694.109912 357.094857 82.338777 146.627206
694.307075 356.860131 81.494038 146.208701
693.849179 356.244173 82.246851 147.264759
693.569224 356.232201 82.090028 147.463375
693.276831 355.398485 81.971178 148.195505
693.080582 355.495031 81.946311 148.218200
692.933636 354.895451 81.950651 148.199780
692.538063 354.806899 82.346224 149.267066
692.313693 353.692903 82.289421 150.393348
691.788018 353.571021 83.040658 148.415320
691.917590 353.244051 82.590055 147.276217
691.687020 353.225201 82.387414 147.523398
691.237754 353.155575 82.836680 146.640127
690.677568 352.189110 83.141107 146.206946
690.928766 350.979363 82.271919 146.959587
690.767839 350.607474 82.175466 147.128960
690.268674 349.990317 82.390566 146.488870
690.010129 349.753612 82.249183 146.674331
689.965110 348.501964 82.073181 147.325278
689.619007 348.198993 82.276862 146.877903
689.569229 347.432049 82.279280 147.694889
689.288027 346.036118 82.643719 149.016136
689.215186 345.471031 81.912132 148.149211
688.785914 344.613571 82.145836 149.387988
688.655788 343.550867 82.090723 149.773268
688.362803 342.905618 82.335863 149.166293
688.017100 342.682351 82.633784 149.557350
687.675422 341.365458 82.468625 150.582724
687.348163 340.487241 82.637867 149.555176
686.823821 339.950211 83.415965 150.465839
686.407104 338.875361 82.975646 151.207223
686.219413 337.997761 82.942532 151.436776
685.730105 337.498748 83.067910 151.657665
685.630140 337.069445 82.927690 150.904920
685.018877 335.894732 83.383432 152.145728
684.751736 335.550048 83.367553 150.777307
684.319176 334.517640 83.131325 152.184568
684.090993 333.959258 83.150543 151.179292
683.328184 332.854214 83.517995 151.477797
682.839479 333.210787 83.643144 150.635374
682.912603 331.782404 83.607865 152.115353
682.501839 330.238583 82.942869 152.515508
682.091005 329.887388 83.246848 153.587253
681.424140 329.055611 83.580653 153.225265
681.121153 329.066421 83.593718 150.827137
680.715480 328.355827 83.879819 152.791966
680.222506 327.706407 83.879208 151.697817
679.687530 326.383073 84.238274 152.577383
679.683773 326.640244 83.521728 152.109145
679.552006 325.093941 83.277316 153.125335
678.962940 324.634240 83.744718 152.078165
678.609312 323.743511 83.807753 152.268635
678.350864 323.008404 83.382071 151.942329
677.990641 321.033979 83.540260 152.854999
677.456437 320.345296 84.057337 153.143473
676.890966 319.537097 83.901458 152.937546
676.633122 318.537100 83.862422 152.937546
676.070386 318.116266 84.079862 152.617129
675.453894 316.692547 84.454120 153.536451
675.198741 316.381684 84.083769 153.480629
674.890959 315.655306 84.095114 153.014141
674.121853 314.319197 84.276896 153.778069
674.058908 313.283108 83.806665 153.096188
673.480664 313.044036 84.257620 153.786464
672.992663 311.991428 84.483617 154.322320
672.608802 311.029688 84.551941 154.342805
672.173158 310.976239 84.380046 153.763200
671.908941 310.137355 84.397382 153.190350
671.375942 309.164239 84.513196 153.855143
670.966831 307.332598 84.388955 154.928910
670.428564 308.265994 84.514979 152.897691
669.992883 305.851307 84.822657 154.802114
669.634954 304.410653 84.700505 155.360154
668.993974 302.597530 85.026822 155.989608
668.865363 300.783560 84.546606 156.463134
668.123535 300.745214 85.170982 155.003267
668.045455 298.819475 84.681636 155.506013
667.352368 297.523432 84.668426 155.074440
667.042639 295.893384 84.586808 156.590537
666.731470 294.043358 84.859801 156.233856
666.327584 291.670307 84.671500 157.446829
666.252451 291.272813 84.822361 157.232368
665.531564 290.383071 84.274896 157.479428
665.093517 289.003644 84.788765 156.931820
664.739066 286.628729 85.044379 158.148396
664.682444 284.172243 84.665186 160.012007
664.001568 282.851996 85.222581 159.351401
663.617623 281.684131 85.193057 159.698563
662.844654 280.834838 85.373267 158.528249
662.282035 278.897115 85.951242 158.753590
662.104528 277.608735 86.454592 160.044609
661.905703 276.175005 85.852084 159.986367
661.185739 275.353594 85.897685 158.212741
661.103631 274.239745 85.817386 159.306175
660.773948 272.640509 85.523870 157.640540
660.351931 271.278029 85.896733 158.282014
659.899177 270.547681 86.021844 158.173694
659.847835 269.048051 85.973193 158.020380
659.744900 267.349400 85.876608 158.195102
659.067055 266.314685 86.355497 158.102415
658.792417 264.230920 86.416435 159.828291
658.442253 263.444727 86.127976 158.628416
657.948879 262.959517 86.259959 157.617058
657.796415 261.688711 86.024619 158.479025
657.362198 258.530575 86.046588 160.921674
656.905704 257.433940 86.351194 160.171484
656.390323 257.308879 86.480099 159.392940
655.770765 256.746049 86.312676 159.186924
655.307652 254.289250 86.588597 160.392297
654.801715 253.705411 86.655875 159.563726
654.338293 252.250916 86.833698 158.735251
654.082541 250.807062 86.602324 158.023265
653.844661 250.183249 86.664315 158.415860
653.567609 248.169881 86.529300 159.066357
652.875048 246.580525 87.011511 160.233358
652.317263 245.662128 86.929152 159.407234
651.813068 244.932047 87.057359 159.229324
651.494124 243.099055 87.082043 159.686354
651.056071 241.738092 86.888047 161.279361
650.256116 239.950778 87.375733 161.135140
649.772627 238.438600 87.446347 161.415301
649.656434 236.926883 87.149672 161.369254
649.183457 235.131871 87.218619 161.830775
648.963545 234.003516 86.823341 161.782681
648.604275 233.506421 87.201843 160.619580
648.414491 231.845079 86.915314 161.341577
647.930813 229.593350 86.684274 162.369297
647.790960 228.003754 86.500880 163.110958
647.224590 227.338864 86.562299 161.998160
647.070742 226.285356 86.634172 162.004403
646.394581 225.131872 87.209207 162.212563
645.911070 222.849268 87.482170 163.101018
645.356129 221.391542 87.391252 163.926909
645.029758 221.344939 87.712010 162.413265
644.681246 220.492303 87.581206 161.844722
644.375111 218.800402 87.605252 162.372817
644.048773 218.593931 87.518723 161.787454
643.594294 216.723310 87.293284 163.107275
643.100923 215.674215 87.926794 162.158672
642.255661 214.134670 88.515994 163.356895
641.808865 213.682285 88.417661 162.792244
641.237623 212.422107 88.401949 162.456267
640.612485 213.527966 88.746745 160.845875
640.541174 211.312189 87.649345 162.583379
639.944227 210.057422 88.083503 162.502710
640.048791 209.854553 87.620767 162.908038
639.734010 208.159026 87.935547 163.552868
639.442205 206.880751 88.195047 166.008243
639.249364 206.122351 88.635128 165.601102
638.810695 204.179580 89.040921 165.267235
638.662085 203.980687 88.499097 165.473791
638.345590 203.954247 88.300501 165.517456
638.196929 202.474560 88.480542 165.309200
637.774287 201.709305 88.903184 165.297423
637.292515 201.524000 89.075768 163.641763
637.109283 199.415407 88.806925 164.165823
636.684645 198.738807 88.921616 164.560413
636.626808 197.919625 88.670115 165.041572
636.039114 197.177553 88.845352 164.217601
635.844587 195.686309 88.761688 163.718429
635.036608 195.818652 89.983263 164.439134
634.810697 195.136166 89.557570 163.641642
634.446554 194.694305 89.850369 163.930720
633.856520 195.110585 90.339631 162.728882
633.718734 194.588015 89.889267 162.708984
633.199885 194.250217 90.340494 162.166270
632.652334 193.202698 90.835791 163.538137
632.430772 193.142110 90.614867 163.581343
631.990877 191.435127 91.002405 165.232371
631.482245 192.503557 91.348302 163.750663
631.469862 191.432350 91.069170 163.552551
631.321344 190.550836 91.197092 165.227059
631.400460 189.718349 90.631417 167.014212
630.851677 190.435985 91.474074 165.291898
630.647244 189.941097 90.762496 166.487254
630.440298 189.862947 90.767471 166.737076
629.726338 190.514147 91.376110 166.978445
629.674414 189.436089 91.297244 167.631220
629.234384 189.168111 91.631338 168.940130
628.908471 188.992780 91.720462 168.551953
628.521555 188.813375 92.107378 168.588842
628.539257 188.754409 91.784200 168.216694
628.055389 188.337690 91.985808 168.775872
627.565334 188.389136 92.453209 167.467760
627.298391 188.995095 92.757730 165.070817
626.631607 189.609113 94.799107 166.369955
627.062484 188.410106 92.103510 167.366922
626.254138 190.170890 92.411783 167.125686
626.221786 189.554220 91.819432 168.648792
625.798421 189.099193 92.204169 169.072036
626.035023 189.389179 92.733996 169.519042
625.751304 190.449585 93.028658 169.586243
625.236049 190.023627 92.796115 168.274726
624.608917 190.439433 93.356020 167.939857
625.035049 191.337027 93.873822 167.120899
624.379778 190.040600 93.799718 168.204838
623.939139 189.960872 93.633379 170.620049
623.749990 188.887185 93.797493 171.433996
623.514184 187.667570 93.883782 173.622836
623.360351 187.884922 93.430494 173.095786
622.788589 188.289786 93.675840 172.544836
622.619241 187.077616 93.520046 173.331131
622.086839 186.476674 92.670777 173.654255
622.003965 186.546335 92.351861 173.636123
621.677065 185.497022 92.246277 173.719560
621.662938 185.600614 92.568719 171.900639
620.579900 185.291537 93.105252 172.248170
620.601995 184.361973 93.264086 172.863290
620.426907 183.338015 93.005715 174.684916
619.703877 183.722582 93.628673 174.783744
619.708467 182.071120 92.677508 176.196157
618.652296 181.087269 93.462668 176.813479
617.532722 181.414548 93.319284 177.328226
617.249565 182.050722 93.641148 176.363605
616.701354 180.921198 92.718813 177.365218
615.476298 182.155266 93.810120 176.648751
614.718153 180.337424 93.936044 178.395581
613.608324 179.912576 94.148294 177.863581
612.852838 180.556697 94.100248 176.545354
611.560267 180.337636 94.400089 177.250112
610.963924 179.418657 94.372709 176.453341
609.502077 179.670596 95.043375 177.193461
608.434547 178.809562 95.194729 177.240611
607.142849 177.049286 95.724830 178.733520
605.960239 174.847703 95.901450 180.021434
604.364917 172.346426 96.838805 182.538655
602.523167 170.260423 97.522273 183.034988
600.934431 169.965917 97.976007 179.927621
599.400340 167.907111 98.933541 177.824988
598.535588 165.009443 98.489038 178.838729
596.907224 165.054428 99.365580 177.333502
595.746021 162.818675 99.675967 176.464908
593.963278 160.494886 100.473622 177.482361
592.371610 159.689236 100.618406 178.502333
590.845415 156.268170 100.548782 181.969951
589.298994 155.163010 100.845161 182.186114
588.676122 154.046049 99.953156 183.223621
586.673714 152.125053 101.299347 182.824677
585.432715 151.006027 101.408140 183.062399
583.678326 149.520236 102.131892 181.339442
582.208314 147.937821 102.452204 184.289911
580.462213 145.540527 102.966147 182.365744
578.646960 144.342940 103.397977 183.858167
577.669422 142.579091 103.390951 184.960648
575.819657 140.865209 104.479822 182.944600
574.740431 138.715754 103.862349 183.591300
572.887297 138.357891 104.303602 183.074660
571.284501 136.654515 104.554371 182.698321
569.556151 134.899625 104.668263 183.239811
568.208173 133.892545 104.544053 182.144858
566.218366 132.936488 104.796246 182.771606
565.046259 131.302617 103.877798 184.601055
563.697716 129.710996 103.754175 184.961738
562.166235 128.361945 104.295201 185.474268
560.551284 125.706016 104.304480 186.789444
559.695464 125.547629 103.505133 188.563119
557.796575 123.325190 103.813161 189.904386
556.536651 122.545859 104.014887 187.489178
554.735004 121.720226 104.111034 186.322714
553.444494 119.815831 104.925790 187.008650
551.680579 118.179377 105.325473 187.262493
550.548243 118.728087 104.331743 186.901012
549.713454 116.085257 103.644031 186.813340
547.721748 115.459341 104.759843 187.104770
547.107616 114.702858 103.541516 187.769229
545.194549 113.400116 104.399538 188.531230
544.068041 112.465957 102.520602 188.307184
542.896164 110.617676 102.483030 190.604111
541.622369 108.898067 101.900820 191.086045
540.021377 107.187356 102.232646 191.858651
537.946428 107.083902 103.951236 191.542019
537.072841 105.406180 102.295143 192.521903
536.042732 104.376367 101.764436 191.943888
534.309876 104.120806 103.235741 192.820064
532.831997 101.992994 102.844042 193.236936
531.612218 101.058862 103.545690 193.397262
530.623331 100.241082 103.347940 195.728526
528.696569 98.295880 105.297853 196.876510
527.344003 96.188560 105.621271 195.036787
526.486708 97.243741 105.205597 194.159688
525.479281 94.958783 104.799167 195.474762
524.238066 91.828494 105.031177 197.721575
523.039966 93.927569 104.975265 195.964340
521.710775 91.675506 104.904055 197.136152
520.531776 89.657142 105.073767 196.995960
519.690433 89.495566 103.153079 198.635085
518.278689 87.124349 104.446330 199.632272
516.925672 85.084030 103.723155 201.047122
516.789134 85.561954 103.993868 198.948886
515.226433 84.725398 103.199610 199.535120
513.969924 81.023233 104.074463 201.106918
513.507936 82.426572 103.678547 200.734935
512.371114 79.940174 103.647521 201.600545
512.570377 79.401496 103.249326 200.048852
510.285663 79.795559 104.444618 199.260881
510.348103 78.074993 103.476593 199.682304
509.544245 75.960539 103.186038 200.905409
508.458638 74.615992 104.218056 201.154831
508.544562 73.233621 103.389247 200.761053
507.016295 70.967957 103.696857 202.586618
507.010408 70.531540 103.343877 202.234524
504.972606 69.237299 104.540418 201.215268
505.045306 67.584249 103.119329 202.033836
504.155529 67.109393 104.299902 202.184370
503.397686 64.721677 104.322801 202.744884
503.181232 62.801749 103.756958 203.112779
502.418511 61.769135 104.876121 203.359793
501.552677 59.486534 104.770293 204.377198
501.745223 56.667710 104.235646 206.736936
502.251125 55.210549 102.851175 205.730177
501.053879 54.451458 104.025347 205.299109
501.142233 52.705744 103.568646 204.994630
500.609400 50.228713 103.469817 206.223687
500.632743 48.447852 103.258490 207.194803
500.220812 47.766142 103.537285 204.655325
500.432553 45.476511 102.813453 204.732826
499.101539 43.921472 103.811851 205.737284
499.387866 41.589562 103.745352 205.899810
499.632750 39.053347 103.379269 205.998888
499.603272 37.592767 103.643884 206.076294
499.681426 36.274478 103.613129 205.729132
499.356914 32.999145 104.435158 207.879825
499.222678 31.906338 104.649198 208.705220
499.303274 30.415398 104.372271 208.135733
499.593824 26.900323 104.399978 208.828170
499.427209 25.880805 105.228832 208.333459
499.221383 23.715443 105.525185 208.369470
499.719729 21.187718 105.026839 207.855509
500.179164 20.668469 105.105962 206.193397
500.682721 18.407893 104.849021 206.187422
499.745837 15.653701 105.493734 207.359933
500.550927 14.472630 105.668800 207.017697
501.303265 12.370044 106.233426 206.960024
501.555797 11.751998 106.287177 205.136487
502.434376 10.273649 105.343039 205.905741
503.053810 8.415465 105.033120 204.200261
503.603268 7.095791 105.430781 203.382990
504.233483 6.299914 106.181706 203.020653
505.233477 3.347061 105.360990 202.915874
505.447371 3.757757 106.316727 200.430251
506.449493 2.460513 105.870755 200.427531
507.004431 1.089901 106.267796 198.186768
506.808291 0.243189 105.798850 197.394877
508.056352 0.173688 106.303849 196.668792
508.382132 0.309470 106.515721 194.861739
508.893726 0.000000 107.172449 191.951784
510.480361 0.000000 107.144905 191.805657
510.099464 0.312950 108.544717 187.605634
511.149347 0.000000 108.706208 187.492861
511.663026 0.000000 109.659807 185.756678
512.323962 0.000000 109.937258 184.444141
514.218932 0.164826 108.980056 181.667831
515.111602 0.353059 108.643443 180.984119
515.645633 0.000000 108.856788 179.378777
516.228598 0.085340 109.236706 177.833297
517.021501 0.084889 110.002969 175.389366
518.266420 0.000000 109.118085 173.909521
518.044395 0.000000 110.697065 171.940763
518.777026 0.000000 110.740557 169.865464
519.500237 0.000000 110.656652 167.612005
520.216986 0.000000 111.063346 166.576116
521.069029 0.000000 111.484107 165.322214
521.993090 0.000000 111.669006 163.999320
523.054730 0.000000 112.091536 162.060180
523.488184 0.000000 112.306476 162.418987
524.075107 0.000000 112.302261 160.101697
524.943898 0.000000 112.850950 156.996760
525.605716 0.000000 112.974666 157.511688
526.048465 0.000000 114.313230 157.327995
527.054375 0.000000 114.015694 155.287306
527.616048 0.000000 115.036387 154.532498
528.544473 0.000000 115.107951 153.316557
528.888471 0.000000 115.105401 151.737893
530.317931 0.000000 114.522468 151.560482
530.484236 0.000000 115.410263 150.896394
530.971286 0.000000 116.049261 149.938399
532.642398 0.000000 114.595036 147.541498
533.411734 0.000000 115.296915 146.375614
534.005763 0.000000 116.406131 144.888416
535.174073 0.000000 115.369453 144.020955
535.560626 0.000000 116.084126 144.279344
536.904738 0.000000 115.164788 143.659648
537.904368 0.000000 114.567036 142.034843
538.296535 0.000000 115.230263 141.502600
538.485153 0.000000 116.228672 140.894416
539.318526 0.000000 116.134625 140.824627
540.022175 0.000000 117.311771 140.964274
541.022240 0.000000 117.100909 140.070623
541.648979 0.000000 116.992212 139.162936
542.649135 0.000000 115.706190 138.587832
543.396980 0.000000 117.181899 137.941887
544.036708 0.000000 117.260306 137.346997
544.431255 0.000000 118.198150 138.694459
545.498850 0.000000 117.079618 136.973202
546.951088 0.000000 116.373917 136.232949
547.566991 0.000000 117.283360 137.002920
548.487422 0.000000 116.890899 136.703853
549.340017 0.000000 117.557851 136.012113
550.265020 0.000000 117.381350 136.684723
551.100218 0.000000 116.349368 136.501781
551.427246 0.000000 116.542644 137.497691
552.838508 0.000000 116.614200 138.334872
552.509610 0.000000 117.672223 139.053658
553.648953 0.000000 116.804175 138.601773
554.783029 0.000000 116.702358 140.578808
554.961470 0.000000 117.106129 140.476280
556.022254 0.000000 117.227306 140.198422
556.947762 0.000000 116.442782 142.300053
558.002380 0.000000 116.483310 142.670674
558.217579 0.000000 120.763225 142.819146
558.991992 0.000000 118.167158 143.901311
560.057388 0.000000 120.540330 145.843450
560.859095 0.000000 117.533013 144.825417
561.283426 0.000000 120.314291 146.425880
561.867160 0.000000 118.689983 148.611343
562.783216 0.000000 118.028379 148.842912
563.317469 0.000000 119.163693 150.011784
564.472504 0.000000 119.400922 150.957901
565.199082 0.000000 120.253679 152.212911
566.218920 0.000000 119.182259 152.484246
566.830402 0.000000 119.673473 153.393206
567.836848 0.000000 119.500661 154.350440
568.697616 0.000000 118.432361 156.781280
569.674623 0.000000 118.061859 157.810406
570.551454 0.000000 118.599129 158.076602
571.563326 0.000000 117.253004 160.528740
573.179657 0.000000 117.341360 161.356446
573.810430 0.000000 117.559820 163.800502
574.600397 0.000000 116.312969 166.299087
574.791853 0.000000 117.191308 167.461116
575.860900 0.000000 117.000034 169.493065
577.178641 0.000000 115.668151 172.945585
577.966560 0.000000 116.019683 174.055307
578.911401 0.000000 116.213517 175.657948
579.944424 0.000000 116.259632 179.374899
580.091033 0.000000 116.603485 180.270894
581.313025 0.000000 116.838119 181.779157
581.390779 0.000000 117.564258 184.117652
582.074288 0.000000 117.943835 186.955447
583.000224 0.000000 118.209096 192.260705
584.030229 0.000000 118.066053 193.916372
584.462724 0.136322 117.949043 195.536235
585.181047 0.207930 117.409576 196.736155
585.087480 0.681008 118.772889 198.091347
585.407480 0.000000 118.680819 201.032511
586.416841 0.116266 117.350837 203.959327
586.784586 0.000000 117.625261 207.224699
587.699019 0.000000 117.378607 210.966160
588.336014 0.334166 117.264135 213.371320
588.359531 0.000000 118.604044 215.077255
588.729609 1.234772 119.369941 217.844433
589.271389 1.552002 118.420920 219.990502
590.414521 2.124023 117.730963 222.005715
590.794556 1.824686 118.495117 227.597645
591.524032 1.307747 118.484635 230.745895
591.081568 1.956681 118.881376 232.759389
591.849644 3.327951 119.039891 235.716099
592.431781 4.969821 119.279158 238.786106
592.653363 5.546052 120.143128 239.236694
593.045752 8.133108 120.150679 240.219705
593.167103 9.838263 120.845247 241.357852
593.262159 12.170329 121.228615 242.531836
593.368243 15.738796 121.168694 243.611628
594.492551 16.396808 120.000949 245.355045
594.194591 18.477052 121.092532 244.317642
594.481721 21.715026 120.735134 245.774724
594.878543 25.784259 120.527836 246.112347
595.165582 28.965956 120.942377 247.233869
594.987719 30.825581 121.799679 248.991828
595.366688 34.124077 121.349947 248.971293
594.950085 37.638998 121.394489 249.629074
594.638562 39.859185 122.008408 252.330641
595.457624 43.887868 121.052905 250.881907
595.057211 47.243691 121.130793 251.290658
594.911761 49.231457 121.341650 254.280229
595.006316 52.198695 121.318877 251.904509
594.748665 55.357855 122.372369 254.630078
595.263993 59.786806 121.665670 253.385582
595.004022 63.152861 122.369006 252.253774
595.150131 65.739705 122.861904 252.249754
595.568803 67.056995 122.386300 257.400989
595.336621 70.214762 122.869633 256.743709
595.800389 72.816318 122.739852 259.873232
596.319270 77.708132 122.303019 258.748877
595.025499 80.825374 123.342289 255.097900
593.446326 84.070531 125.863328 256.032966
594.159827 86.330784 124.361907 258.532897
593.699292 89.523601 124.771216 257.984686
592.346191 92.442326 125.626367 259.932837
590.818331 97.195038 127.345449 259.413549
591.628484 100.092489 125.986677 256.242012
589.559733 102.055707 127.832458 257.388087
589.581833 105.268173 127.744772 260.756855
588.622144 108.874196 128.102853 261.833199
588.641147 110.900240 127.683608 263.796955
587.119878 114.998627 129.682016 262.697166
587.035932 118.317651 129.527857 263.520557
586.368721 122.432504 129.009062 261.232285
583.176939 125.458934 131.722618 266.291616
583.786291 127.464303 131.574336 266.294371
579.920885 132.811037 134.192280 260.671404
579.456100 133.912031 134.328584 264.815750
578.345344 137.859354 134.381754 264.093068
578.472836 140.704821 133.088045 265.360939
577.251058 143.220356 134.897882 265.682770
574.143667 149.041463 136.596451 262.659842
573.215656 151.591626 136.674395 265.826138
572.670381 156.196416 135.171476 266.774740
570.769656 159.475373 136.885431 266.689825
568.933303 163.029908 138.616712 267.342066
567.750326 166.921180 138.420759 266.397763
566.759428 171.212162 138.481153 266.974323
564.289109 176.131299 139.679813 266.130629
562.758144 179.550319 140.862612 267.330456
563.312495 184.381629 139.746748 268.744731
561.897763 187.551296 139.618791 270.833089
559.801954 190.786927 141.516802 272.975776
558.607725 197.063609 141.575050 271.760644
558.284221 202.439362 141.217940 270.066109
557.296325 206.947077 141.111140 269.620513
556.883031 211.958251 139.889515 271.819113
556.043203 216.474206 139.977168 271.045804
554.214412 221.006226 141.689597 271.433101
553.200705 226.727085 140.587514 272.434345
552.451278 231.900515 140.080226 272.444368
550.955437 234.879878 140.648874 273.859293
549.101618 241.408195 141.277433 273.716134
547.514095 246.314241 141.688211 273.460773
546.825738 249.586908 140.907976 274.867625
547.352842 256.513639 139.258409 273.015889
544.026419 261.271951 141.594815 274.077749
543.688490 267.031103 140.121650 273.136983
543.943517 274.383763 139.070729 272.717662
540.699880 282.947147 140.707325 272.432257
541.692231 290.108051 138.335668 272.831783
539.046615 298.340396 139.856112 273.286169
539.856327 307.509687 138.654630 273.943953
536.103607 316.028170 142.326410 274.216840
537.105373 326.104274 139.287667 274.636888
534.350883 334.148023 140.577807 274.995273
534.936742 340.039878 138.529072 279.204189
535.008598 349.644817 136.411120 276.567434
531.925656 360.285784 137.946150 276.065351
529.697915 368.175311 140.819754 277.034128
529.351228 376.365305 140.110814 278.059203
529.433294 384.976663 139.934988 279.066889
527.510310 392.043432 140.957531 280.276713
526.337315 400.155323 141.061356 279.520354
525.337302 408.605268 140.584252 278.801121
523.417844 417.052053 140.836433 278.054444
523.849380 425.230980 139.618456 281.388521
520.806514 433.159567 142.352965 281.866736
520.672989 440.667574 140.980496 280.575529
520.929814 448.025373 139.494653 282.355775
519.335893 456.207191 140.670510 282.038248
517.750779 464.618045 141.395745 280.625518
516.581380 472.479372 142.784564 280.412903
514.801559 479.598163 143.737944 281.591990
514.410473 486.052478 142.964760 282.890078
514.335753 492.499298 141.727613 283.172075
512.825222 500.535053 142.073287 281.056153
512.165666 507.618334 141.403127 280.411098
510.997204 514.843286 142.050111 282.130851
509.995441 522.485023 141.418420 281.297824
510.431054 527.820842 139.475431 284.212609
507.183464 536.282857 141.399739 286.241814
505.070843 542.109991 142.497771 286.254965
505.771413 548.491031 141.448005 285.295539
505.259927 555.551347 141.466625 282.605334
504.716205 563.691668 139.283547 284.868484
502.841759 568.304744 141.375803 285.288861
502.428915 574.894435 140.655396 282.780104
502.765192 580.424922 138.749397 284.506841
500.672986 586.799683 140.735979 286.066876
500.687543 593.131681 140.298927 284.987742
499.334947 599.111726 140.294632 284.162368
498.762985 603.905683 139.599277 284.195838
498.598650 609.373570 138.288132 286.470450
497.098605 615.586803 139.106600 286.470760
495.427352 620.912593 140.097489 285.384031
494.951961 625.631181 140.112468 289.925135
494.114182 630.956859 140.183065 288.663016
493.357416 636.290584 140.876957 286.394387
492.845419 641.567412 139.794810 284.219706
491.165181 646.495117 140.537184 285.308379
491.435103 651.874190 140.694562 283.171927
492.015917 657.203500 139.318298 282.401612
492.591059 661.746670 136.972007 285.707592
491.431063 665.423653 137.523331 286.330149
489.514234 669.409505 139.188142 285.668087
488.179449 672.613959 140.719063 285.251830
486.580585 677.434558 140.865431 284.445666
486.683108 680.986758 139.735376 285.966543
486.768978 684.612618 138.755866 286.837405
485.764294 687.578951 140.315810 288.113843
484.678386 692.775106 140.201211 287.634388
483.508809 696.333642 141.320830 287.765606
485.196442 700.355881 138.238791 288.526182
483.766111 704.899136 139.293512 288.065801
483.440457 708.071072 139.887358 290.233081
485.848515 711.254578 136.748976 290.239394
484.523321 715.797271 138.194966 289.194587
483.607832 717.012764 139.800112 293.052173
484.133818 721.653419 138.577627 289.413300
482.599896 725.413495 138.923437 288.678036
483.772257 728.289589 137.137200 288.693606
483.101898 729.853244 137.796611 289.409172
483.187420 734.621006 136.221997 286.631874
482.757202 737.214229 136.890079 286.483062
483.160969 741.065383 136.930061 285.704110
482.427182 742.579792 137.297738 287.486340
483.003567 745.787457 136.159322 286.869450
483.975212 747.378672 135.252906 287.172863
483.741349 750.536082 136.217405 285.441680
483.084578 752.059037 136.946313 285.606484
483.741349 756.331088 135.828409 284.146619
483.898875 755.524206 134.956278 288.893304
483.416792 756.613845 135.774297 290.224368
484.078157 760.375291 135.126176 287.952284
484.067407 761.767386 135.502351 284.817635
483.501046 761.673966 135.553270 284.143899
483.082775 764.427904 135.240075 284.588031
484.512682 767.484937 133.419038 283.476673
484.221881 766.287421 133.998727 284.309489
484.287319 768.880853 133.979123 285.433793
484.610541 769.696371 134.357402 284.910522
483.007953 770.415859 136.266754 284.632892
484.131292 771.747240 135.396416 286.704571
484.809857 772.014343 134.564517 288.884353
485.783308 773.959639 134.678523 288.282024
485.812874 773.941269 135.648946 288.361008
484.594102 773.639867 136.673717 289.333678
485.171472 777.119820 135.766088 285.958481
486.064873 776.258340 135.498201 286.067321
486.713466 775.242624 135.160972 286.656201
486.902117 776.909136 135.198124 284.652566
488.672704 776.465447 133.721309 286.387967
488.385600 776.193458 134.699677 287.484316
487.503213 777.297442 136.254303 287.256815
487.580586 777.588512 136.462353 285.634169
488.647393 778.072274 136.122181 283.826551
488.828617 776.488057 136.069054 286.131759
489.321721 777.782177 136.369159 284.645253
490.225258 777.527273 136.114304 286.122306
490.484671 776.356348 135.737089 288.091281
492.204840 777.649304 134.371390 286.077182
493.638781 775.503628 133.950373 286.720730
494.033504 774.350522 135.227071 289.247501
493.747460 773.668975 135.912449 288.003672
495.365934 773.805273 135.069692 287.259678
495.777906 773.306694 134.900340 290.072345
496.486221 770.439064 134.766350 290.539000
497.145479 772.235093 135.484102 285.131077
498.355050 772.317985 133.968919 286.073694
498.708849 769.584117 134.918134 287.687699
499.198071 770.737425 135.223984 287.571972
499.716588 768.736577 134.314289 286.918738
499.807365 769.576444 134.789193 284.979101
501.031100 771.458765 135.065520 282.088597
503.406875 770.900997 133.313130 283.175147
503.607298 763.892189 134.259886 286.182405
504.612703 767.012569 134.207566 285.286240
505.672710 762.154873 133.566624 289.316960
505.230059 762.153052 134.192979 284.543882
506.286716 758.925750 133.005968 291.516402
507.033186 756.470526 133.313107 290.427160
508.122543 754.860662 132.319281 290.606695
508.986504 753.793154 131.010381 289.686031
509.154656 752.423851 132.252234 289.265309
509.736158 749.528236 132.478173 289.913240
510.899569 751.575836 133.012129 286.089684
511.029359 747.845953 133.664893 287.599868
512.097117 747.283947 132.662995 288.971852
512.197345 745.358232 132.991711 290.156785
512.783298 742.661963 132.918032 290.572616
512.622174 743.575888 133.988809 290.390018
513.141115 742.411073 133.269626 290.727365
513.365924 740.554568 134.755236 288.925318
514.043533 738.367862 133.994394 290.666921
514.464886 739.500309 134.383137 284.914970
516.153131 736.657456 132.075724 287.556833
516.031095 735.479774 133.291750 283.892402
516.607831 734.842745 132.367527 280.700077
516.608823 730.631959 133.306989 285.706795
517.091548 730.314278 133.489885 286.757397
517.290523 728.284856 133.235593 287.360644
518.413797 727.455372 132.792648 283.520625
518.446889 725.019949 132.742259 284.193354
518.125502 721.815573 133.448697 287.174658
518.355040 721.138167 133.355446 285.568746
517.965799 718.356649 133.626560 287.044042
517.225253 717.548288 135.021551 285.792191
517.549278 715.108425 135.084676 287.847604
517.650262 713.719627 135.191101 287.958259
516.175654 711.538641 136.588726 287.125231
517.233278 708.426504 135.497975 289.460701
515.683628 707.404331 138.102666 289.892430
514.522489 706.117697 139.829594 289.679092
515.947554 703.899094 137.831508 288.058715
514.180967 701.168118 140.083293 291.262706
515.041373 701.234483 138.559398 287.793535
514.437499 700.234620 139.170935 290.048164
513.188701 697.407313 140.167407 290.324353
512.609855 695.384106 140.489341 289.847480
511.684315 693.032108 140.675595 289.506144
511.361208 690.867029 141.770271 289.855515
510.422817 691.620300 142.965705 287.838427
509.664214 689.227272 143.633053 289.044293
509.083757 687.309946 143.633092 290.357887
507.293239 686.521586 145.418707 290.948137
506.823093 684.414018 146.058289 292.364220
505.727967 684.115803 147.499256 291.651249
505.384160 681.721475 145.498628 292.136931
503.846272 681.013623 147.196074 295.236488
502.346305 679.745565 147.686573 293.612778
501.630612 678.420547 149.038383 291.872387
500.570270 677.905702 148.978048 291.769627
499.570279 677.212710 150.011624 289.607061
499.150393 676.136168 149.245397 289.575701
500.667083 674.795756 145.956623 288.735449
497.244808 672.066236 148.465747 289.117973
497.197422 672.506676 148.724768 289.039087
494.717084 671.621209 150.513132 290.195856
495.278229 671.349985 149.216690 290.779533
492.235980 668.961572 150.721859 292.653845
492.531011 669.024807 149.887182 292.434040
489.293113 666.518870 152.435383 291.024160
489.641699 668.669158 151.039335 287.463724
486.416631 665.790353 153.261315 289.915732
485.972570 663.678815 152.299249 292.431308
484.079765 663.798432 152.569078 291.688995
482.121396 662.309941 153.905875 293.452143
481.870270 661.752069 152.524743 294.594308
479.362953 661.254516 154.235973 293.296765
478.506197 660.983216 153.325458 290.067020
476.017348 659.615747 155.016301 291.275192
474.308990 658.848751 156.498705 291.364899
472.861069 658.574684 156.746612 290.685753
471.484331 657.688175 157.223283 290.612589
470.172718 657.005079 158.132847 291.662163
469.279487 656.431130 157.177823 291.185876
467.119216 656.431130 158.035516 290.226787
466.119220 655.339167 157.397862 292.415156
464.069581 656.144403 158.205686 290.466780
461.782379 654.854003 160.636871 290.119174
461.263657 654.395374 159.567400 290.841565
459.325685 653.997953 159.670795 291.101953
457.513837 652.715215 160.410778 290.832327
455.168193 651.462433 161.344119 290.965302
453.269786 650.597929 163.135282 292.786102
452.132342 651.227436 161.823888 291.979069
451.159735 651.396404 161.859465 291.905212
449.211311 651.595559 163.478501 292.257522
447.654439 651.709320 163.336756 291.958801
445.478542 651.510852 165.366625 293.265592
444.008503 651.478087 164.893916 293.437310
442.020804 650.759989 165.293278 292.908871
440.600184 650.462780 164.330506 291.266795
439.654440 650.745743 163.909657 290.345631
438.238193 651.204651 164.622683 288.991674
437.734492 650.317871 163.380002 291.032085
434.989681 649.833333 165.000464 290.638424
432.810696 650.042612 166.409001 289.912874
431.411372 649.069599 166.890301 290.006263
430.975706 648.192936 166.015238 290.416780
430.183058 648.684424 167.115970 289.512008
429.701247 648.397610 167.096929 290.159659
430.167572 649.082153 166.823625 289.475116
431.303058 647.501798 166.725647 291.107918
432.132712 646.930260 167.577589 292.129455
434.693186 647.342243 166.796492 290.643929
439.286646 648.012907 163.417385 289.249942
440.373315 646.393447 165.120885 290.906904
445.510787 646.236762 162.763714 290.888430
447.870778 645.418205 163.501398 290.259292
452.121364 644.740793 161.536178 290.547143
456.367284 644.645406 161.362260 289.448261
461.120205 644.547496 161.980652 289.408901
464.684523 643.173150 162.659414 290.723631
469.975515 642.882839 161.224034 291.587049
474.017839 642.386750 162.109943 291.175490
479.155691 641.604910 161.777105 291.425331
481.642754 641.208789 162.523819 292.650073
488.375206 641.218880 161.301097 295.600766
494.094592 641.999057 160.984412 296.410621
499.153429 641.786088 159.242710 291.542110
504.371215 640.193507 160.307291 291.723847
509.800700 639.167370 159.100033 289.826350
514.052092 639.016214 159.904251 291.254309
519.548855 639.168723 159.086442 288.802955
525.045234 638.429191 158.334879 288.683383
529.743979 638.232950 158.938681 288.607103
535.923578 637.938087 157.663468 288.765735
540.441379 638.237098 158.155545 289.080941
544.743972 637.445193 158.323864 289.394860
550.045230 637.442367 158.645524 289.191780
554.754246 637.245315 159.323719 289.525185
559.230725 637.732824 159.313963 289.242328
564.348419 637.438599 158.194183 288.580315
569.098373 636.652822 158.481355 291.142665
572.825411 636.747061 159.107995 289.202012
577.931718 637.340413 158.323250 289.087866
582.692045 638.227809 158.071582 288.406338
585.181279 636.751793 159.887145 291.795219
590.915915 637.392198 159.847681 290.582302
594.579987 636.943697 160.029629 290.238039
599.598471 636.645325 158.519921 291.434509
604.359556 637.238042 158.165833 289.943695
609.814977 638.227809 157.439990 288.815822
613.556761 640.289631 158.222370 286.620205
619.134056 640.697104 156.356887 285.947985
623.405478 640.491276 157.743165 287.442383
626.478054 641.289949 156.634880 285.562092
631.106310 641.856861 157.350718 285.333043
633.870213 641.892945 158.352966 287.129972
638.495130 643.426411 157.791985 284.849096
641.938574 643.274207 159.320274 286.022555
646.724971 643.344980 157.867212 287.585139
647.673920 644.480268 160.918261 286.610025
651.550516 644.569335 160.933010 289.054193
658.596609 645.232941 157.439147 289.332001
664.087040 646.117176 155.277688 289.780705
668.832270 647.983528 154.855132 287.278357
673.629189 648.333691 154.503477 288.025583
677.348188 649.503296 154.004675 289.243200
682.159231 650.053521 153.565583 288.632150
686.904424 651.131321 150.930081 289.795938
691.847736 652.026458 148.937398 286.625081
696.145381 653.305194 146.923517 284.949910
699.707847 653.942833 145.526988 285.501642
702.960529 656.865912 145.856435 285.249961
706.874946 657.096403 144.363318 284.869652
711.022253 657.421798 143.132927 284.932575
714.765942 659.284587 141.656221 284.660313
717.919333 661.355051 140.811450 285.042083
721.891028 660.718933 140.446717 287.307151
724.998784 662.742700 138.542288 286.435329
728.595813 664.833062 137.779901 283.492195
732.794335 665.099484 135.899107 284.112383
735.413788 667.365933 137.192243 283.033066
739.208832 668.354164 135.647972 283.854228
742.046954 670.023207 133.546434 284.947427
744.202330 671.785001 132.991905 284.780129
745.621934 673.668471 133.382402 283.041585
746.507593 674.382136 135.606687 285.864061
746.902106 678.287755 136.760154 280.636711
748.059952 678.692286 136.339766 281.512864
748.154012 680.415765 136.196741 283.540060
750.191905 680.245896 134.124726 282.712183
749.573222 682.949846 147.819192 279.830734
751.922879 684.006818 144.807688 280.909638
752.674590 686.603379 145.776966 282.043267
751.760603 688.310422 141.203144 278.753902
752.677711 691.069847 145.770032 279.050637
753.995382 689.753314 145.581409 280.937457
753.212172 692.128256 147.915443 280.743252
753.281587 693.180402 149.501790 282.899395
752.891278 696.526577 148.163969 281.024793
755.171135 698.614515 144.546341 281.040184
755.208379 701.874256 143.533119 282.590116
756.180970 702.912499 145.270587 284.766911
755.512910 705.790846 143.957314 286.312532
756.101175 706.951240 143.946684 285.820923
756.344313 709.707762 144.713672 284.541173
755.559251 712.685451 147.123262 284.059586
755.976456 715.229743 147.290439 284.594565
756.113171 716.304889 144.857679 284.838452
756.587238 718.742744 142.879438 284.365533
757.014355 720.282702 140.333576 283.816360
758.671969 725.430715 138.303016 280.333833
759.572708 725.738027 139.110088 283.576001
758.705031 729.092684 137.807519 285.380187
758.845227 730.155020 138.964334 284.310421
759.485396 733.750353 138.583046 284.702153
759.829650 735.451010 137.500909 285.758690
758.848742 739.147263 138.887918 282.642519
760.591727 742.738237 137.312989 282.116880
760.903349 745.113838 138.997892 286.626725
760.519059 745.525164 136.914302 289.202307
760.985475 750.362393 137.827648 289.583015
761.979584 750.649036 137.663832 290.565642
762.742716 753.026692 138.398976 292.703793
762.319836 756.256154 139.138929 295.768858
760.535173 757.336225 139.896101 293.764409
762.597780 757.301285 138.439026 289.877132
764.280055 759.363637 136.860154 292.601160
764.505372 763.816172 138.297510 291.606433
763.983706 766.013648 140.072746 288.839579
765.272066 768.724495 139.202020 288.679916
764.768659 771.895163 139.704316 286.815779
767.093903 773.316980 138.646134 287.951369
767.312565 775.258021 140.089785 287.225517
768.465749 778.390940 139.261382 286.639565
768.577048 781.766480 139.570400 285.138839
768.764172 784.587208 138.970521 283.807797
768.612120 786.528008 139.623759 285.429258
769.056472 788.249304 140.269995 285.233968
769.519056 791.741592 140.716684 283.852462
771.571780 794.466811 138.665245 281.324960
770.961929 798.158094 140.189821 277.433705
771.215402 800.711743 138.940549 274.781540
772.204226 803.934743 139.098075 273.406732
773.270176 806.767160 138.442145 270.777718
773.579591 809.427965 138.950034 270.426449
773.591769 812.478437 139.523552 266.868019
774.201084 817.319437 138.977966 262.031769
775.692676 820.106815 137.439372 259.893185
777.759664 823.326783 135.515600 256.133816
777.908797 826.139980 135.912468 253.688723
780.369537 828.599987 133.421518 251.230038
780.599723 831.606579 133.948090 248.393421
781.481497 835.358865 133.729622 244.641135
782.893547 838.098901 133.330214 241.901099
783.161470 843.568846 133.687605 236.431154
784.251575 843.691479 132.516488 236.308521
784.156094 847.809567 133.821898 232.190433
785.806894 852.323888 132.390049 227.676112
786.078468 855.434016 131.940989 224.565984
786.563960 857.359349 132.065694 222.640651
787.787317 861.255106 130.179731 218.744894
787.740406 863.517228 130.499595 216.482772
788.918052 867.809848 129.635727 212.190152
790.586520 871.321498 128.385756 208.678502
789.583907 874.033307 130.857957 205.966693
789.961309 876.133199 130.014083 203.866801
790.457647 878.253356 129.161487 201.746644
790.820839 880.630688 129.257930 199.369312
790.506380 883.510407 130.308821 196.489593
790.504564 887.610161 130.431406 192.389839
791.161618 889.067833 129.381754 190.932167
791.734187 892.055442 129.107925 187.944558
791.584481 894.557898 130.030065 185.442102
791.605380 897.090315 130.116194 182.909685
792.087843 903.137392 128.975092 176.862608
793.526035 905.475395 127.142827 174.524605
793.987665 909.354048 127.375986 170.645952
793.355369 912.739012 127.843593 167.260988
794.068965 916.615530 126.975336 163.384470
794.257703 920.463599 127.337057 159.305633
795.991216 922.912451 125.413023 157.087549
796.319038 926.272791 125.850800 153.727209
796.916835 929.409523 125.316198 150.590477
796.264090 932.477295 126.825605 147.522705
795.648462 935.682571 127.063609 144.317429
796.528543 937.237318 124.782271 142.762682
796.462680 940.949498 124.900378 139.050502
795.863440 944.825027 125.737346 135.174973
797.157035 948.423713 124.305340 131.576287
797.020629 952.189556 123.832714 127.810444
798.695062 954.331732 120.030063 125.668268
800.007711 956.643973 118.535770 123.356027
799.876601 961.127407 118.942921 118.872593
798.147226 967.664523 122.469099 111.594018
800.761856 971.287634 117.955480 108.107359
805.354038 973.040682 110.289791 106.629691
807.244593 976.112158 107.961166 103.143308
809.390699 977.968827 105.447543 101.582490
810.578376 980.206451 103.904592 99.793549
810.853400 984.338659 104.050313 95.564741
811.340996 986.802984 102.569185 93.197016
812.003053 988.870184 102.562985 91.129816
811.759947 991.099648 101.756314 88.900352
810.851885 992.939259 102.150124 86.823686
811.018492 998.596327 102.478838 81.403673
810.653776 997.509265 102.200188 82.490735
810.616267 1001.669477 101.843231 78.330523
810.123132 1003.232306 102.193100 76.767694
810.155917 1006.161354 102.290919 73.838646
809.764012 1008.094476 102.446229 71.905524
810.449678 1006.106824 100.422230 73.893176
810.537068 1010.149921 99.895018 69.850079
810.132292 1011.758922 101.323825 68.241078
809.798161 1013.951431 100.644908 66.048569
809.068316 1014.565740 101.942529 65.434260
809.644225 1007.545537 101.637059 72.454463
809.200639 1012.396617 102.397240 67.603383
809.197102 1013.452105 102.189631 66.547895
808.902693 1018.147627 103.931937 61.852373
808.652976 1018.663298 102.914263 61.336702
808.379432 1017.906955 102.265050 62.093045
809.523285 1018.500663 100.361296 61.499337
808.726490 1019.163552 102.165472 60.836448
809.180349 1022.123675 101.299151 57.876325
808.526064 1021.395695 101.376010 58.604305
807.338816 1015.668489 100.835028 64.331511
806.588252 1015.315839 101.880224 64.684161
806.133380 1014.133395 102.259485 65.866605
806.258781 1012.662499 101.462605 67.337501
806.099342 1009.245240 101.271062 70.754760
805.689840 1004.860229 101.253745 75.139771
805.266419 1001.915197 101.875119 78.084803
804.869904 999.917476 101.899592 80.082524
804.317157 998.449716 103.192153 81.550284
804.474533 996.157135 101.340796 83.842865
803.578681 994.320202 103.235644 85.679798
803.138903 991.664283 103.251073 88.335717
803.438652 988.184721 101.711560 91.815279
803.483729 985.889046 101.704576 94.060399
803.058138 984.839646 101.425404 95.059958
803.112264 981.898010 102.605322 97.642751
803.258073 980.424863 101.774454 99.465629
803.192814 978.008239 100.421465 101.881407
802.634647 975.432521 99.476826 104.567479
801.268563 973.627856 100.015956 106.296562
800.095832 975.602890 100.908033 104.397110
799.964713 972.634846 100.852463 107.365154
799.362366 967.920271 101.556309 110.817217
798.850059 967.356418 101.855915 112.304401
798.192820 963.332669 102.853213 116.049557
796.650128 959.691324 106.650728 120.274116
795.702863 958.549662 107.043948 121.443723
795.712155 955.782044 106.330899 122.431099
794.296480 953.066029 107.971299 125.381428
795.948867 951.441141 104.351016 126.228571
794.735725 949.527640 104.979488 126.937642
794.889918 946.666387 105.320935 132.091871
794.158715 944.766618 107.255679 132.989159
794.802495 941.472229 106.450147 135.035550
793.701607 937.414525 109.761753 141.001453
791.408381 935.485755 116.698285 144.514245
791.878035 931.362714 115.478791 148.595756
791.291988 928.802110 116.289350 151.197890
791.976825 927.853727 115.884362 152.146273
792.295499 924.823236 116.744871 154.261475
790.365066 920.553909 120.268794 159.446091
789.166919 916.962877 122.332396 162.940404
789.481408 913.706282 121.943401 165.552885
788.755078 911.648693 122.458540 167.261979
789.025679 911.094915 120.848677 166.087872
786.910778 908.317091 124.176404 169.430312
786.096362 905.455987 124.847835 172.159169
785.261936 903.165347 125.129026 174.333515
783.952103 899.983728 126.065233 176.983215
783.986855 895.709104 126.048321 179.661483
782.942719 893.803897 127.635960 184.440952
781.686687 889.535213 128.603328 188.012879
782.011533 885.419112 128.292727 193.231991
782.677856 882.653954 127.427588 195.127262
784.250107 878.592387 125.343253 196.468001
783.576857 877.166145 127.048229 200.204454
781.577414 875.259807 129.237861 203.052558
782.492823 873.002118 127.978097 202.478132
783.136609 867.276972 126.521964 202.163532
782.877292 867.206991 127.492953 204.731799
781.374640 866.797146 130.255939 208.206076
780.792731 860.105996 129.998559 216.764106
781.517383 858.418572 129.471474 219.008094
780.886989 855.488556 130.680138 218.456081
780.591428 849.754889 129.859915 224.878242
781.158823 846.177183 128.170053 231.719662
780.401593 842.002052 130.139285 237.069332
778.519752 837.595050 131.642852 241.122892
778.054361 829.899010 131.162037 248.343501
778.260192 829.241704 131.897590 246.994233
776.905773 824.626405 133.043491 253.001905
778.342253 820.854594 131.738848 254.842554
777.359302 817.931577 133.151460 256.464350
776.683619 812.616954 132.339769 256.264091
777.729560 809.352072 131.578663 258.405713
775.462846 808.744805 136.108357 262.354281
776.154942 805.301085 133.866308 266.662572
774.104279 796.925347 137.334878 275.439477
775.483998 796.492967 136.145202 274.241431
774.121886 786.849865 137.590835 285.055703
774.086227 786.051443 139.444680 288.027011
773.105020 781.868504 140.142850 293.615047
772.794041 776.909228 141.923788 297.556454
772.394869 772.029750 140.757664 301.247041
773.716123 767.240468 140.247032 305.727563
773.413126 764.630535 141.545382 307.561062
771.691645 757.817312 144.504828 310.781776
773.108081 756.601954 141.930788 304.573002
771.771995 751.433232 143.282228 300.323569
772.536751 748.551468 140.904833 297.242212
771.900029 742.681636 141.352777 296.257663
772.160796 737.654921 141.477681 295.361694
771.721873 732.482100 142.416464 298.069302
771.780258 730.352906 141.791627 295.604597
771.140110 727.773318 142.335959 294.354157
770.275952 718.505674 144.683953 299.012031
771.707790 715.893757 142.253367 296.019000
772.240608 710.351887 143.300961 297.085946
772.372188 707.500020 141.690640 294.336530
771.885351 704.340729 142.661836 293.101803
771.955561 698.354646 143.091587 294.000951
772.132960 696.159734 141.378707 292.714279
771.702576 691.836635 142.270799 292.775204
771.367122 687.863718 142.444894 291.645669
770.676212 682.241455 142.650380 293.803992
771.395059 682.051172 142.069966 289.238843
771.783398 678.012284 141.523653 288.485551
772.111918 672.253036 141.600919 291.492625
771.697204 667.761805 142.684302 293.088463
771.714908 660.154140 142.504550 296.433504
771.051367 657.167088 143.413251 294.625013
770.527177 654.731325 143.045758 291.722244
771.557395 651.333678 141.989699 290.263715
770.597895 643.986459 143.118969 294.257796
771.741386 640.210678 140.750257 294.423061
770.878785 635.730897 141.129980 292.732422
771.300862 629.262932 141.171984 294.672024
771.225416 626.956713 141.668601 293.522666
771.218593 622.304817 140.869877 293.914370
770.969462 619.382524 140.458611 291.344308
769.764515 614.825014 142.218198 291.396022
769.963212 609.232395 141.428183 293.316459
769.460694 603.926144 141.931885 293.319638
770.145379 600.870351 141.086206 294.169801
769.196037 595.503387 141.258820 295.945389
770.247677 590.483514 140.566146 294.970708
770.483062 586.577490 139.551759 297.867696
769.910402 580.575786 140.661542 299.745057
771.077263 579.059063 138.985568 295.492847
771.147616 572.161198 141.814179 296.136969
770.215652 571.749167 141.090221 294.402545
770.314353 565.606638 141.980213 298.257922
770.087484 563.527933 141.889176 298.026911
769.916759 558.805692 141.737769 298.523397
770.598043 549.147501 141.136808 298.874170
769.403119 549.197452 142.091121 296.223708
769.829773 545.274525 142.053270 297.372118
769.223262 539.316948 142.915371 300.126300
769.183624 533.355044 142.051548 300.565040
769.011927 526.998092 143.113399 298.182787
769.002373 519.727110 142.879339 301.262846
768.505165 519.067415 143.537365 294.927808
769.489282 509.217514 142.475539 298.582599
768.895522 504.825229 144.225199 297.655244
769.421197 497.080414 143.204685 299.589724
768.740949 491.052042 143.720723 297.119789
768.649667 483.620564 143.151232 299.663566
769.355050 481.468259 143.016047 295.929770
769.223262 475.392140 144.484287 295.501844
769.984682 469.105551 142.572938 294.841014
769.454448 463.586981 143.021600 294.382275
769.892404 456.574231 142.083407 295.600300
769.523937 450.321364 142.849736 296.981283
769.916759 445.728106 141.898536 295.156656
770.062734 443.068284 141.589761 292.972016
770.475900 433.728625 141.161008 294.035354
770.430478 430.521095 141.012168 293.797393
770.106931 423.219619 140.325458 295.041583
770.936671 420.624430 140.014593 292.094601
769.536972 414.030264 141.923838 292.787834
770.812275 410.091211 140.824634 292.362872
770.433609 402.569960 140.516189 293.572537
770.719718 397.833177 140.929153 293.755137
770.969462 394.400743 140.617954 292.852181
769.870937 385.767632 141.156045 296.695283
771.674523 382.792763 139.639661 293.905863
771.013463 377.467047 140.517315 294.323547
770.444687 371.696221 140.575225 296.090837
769.983504 366.307259 141.007525 296.604295
770.498952 360.744398 139.698000 297.362148
769.928592 356.727598 139.907892 295.648662
770.063679 354.261025 139.234136 293.053985
769.707845 350.531395 139.896121 292.265703
769.031871 344.868592 140.099348 293.266864
770.884088 339.571431 139.333285 294.485262
769.963212 337.567452 140.145184 291.223142
768.688056 332.570899 140.992139 291.897199
769.218217 328.476348 139.309714 291.322855
769.122049 323.728906 139.215826 291.283712
768.787784 319.039210 140.680655 290.710384
769.374061 313.481590 139.785303 292.122166
769.289412 311.865664 139.813010 289.797036
768.436846 306.904190 139.715586 290.175558
768.111912 302.126711 139.983777 290.222334
769.367563 294.949165 138.628648 293.058105
768.121026 292.541853 139.744271 291.519322
769.207568 287.053377 139.274050 294.006943
769.218217 285.035167 139.547254 292.022729
768.702760 279.534011 139.034095 294.127243
769.054305 274.031736 139.109841 293.104504
768.838156 272.921541 140.454011 291.317233
769.044319 267.179125 140.117551 293.642671
768.689876 264.015644 140.337097 292.589040
768.206523 260.848381 140.163675 292.341637
768.126334 256.438214 139.900104 292.408254
768.547086 253.580509 139.215537 291.319983
768.284499 252.367106 140.213181 288.479549
768.443922 246.725901 139.727762 292.033262
768.289413 245.010480 139.733831 290.180960
768.535985 243.001227 139.701144 289.589034
768.280071 239.941973 139.420162 290.548308
768.535985 236.655998 140.186835 291.329151
769.292169 234.466369 139.418465 291.124679
768.032438 233.108926 140.765924 290.028191
767.947659 230.094805 140.310461 290.513420
767.365518 228.128813 141.278081 288.127535
768.029709 225.373327 139.803317 290.952723
767.920884 226.674329 140.208183 287.646759
769.025901 222.205089 139.773980 289.573286
769.006845 221.458973 138.962656 289.779750
768.508455 217.492024 140.215307 291.262187
768.793108 217.400620 139.151075 289.285104
769.539750 212.224455 138.848828 294.330014
769.553428 216.464840 138.895578 287.689912
769.186839 214.078634 139.475210 289.587859
769.959112 211.500030 139.178871 290.825220
769.280094 214.603121 138.950156 286.895020
770.259094 209.295496 138.545092 292.712879
770.683223 217.078611 138.189170 283.833395
770.675805 211.547459 137.656760 290.802540
769.443942 214.057059 139.331132 286.165010
770.317245 209.747069 138.083436 292.281272
771.357115 212.239173 137.319795 287.768362
771.135160 209.108414 137.354401 291.240072
771.107515 211.928301 137.588582 287.546530
771.675093 208.596261 138.062836 292.016078
771.535991 213.167713 137.731727 285.166703
772.414274 208.979640 137.572085 289.823046
771.356709 212.374993 137.817894 286.086589
771.671987 208.877931 138.303016 289.662152
771.859825 214.565054 137.166353 285.598812
772.414274 210.970401 137.732243 289.163861
772.602684 213.336154 136.837883 284.839936
772.503218 208.036068 137.820943 291.722812
774.074779 212.310375 135.482357 286.318965
772.920287 210.156947 137.662564 288.941249
773.427478 212.670286 136.710118 286.055852
773.414270 211.328415 136.779565 286.833136
773.744133 211.627337 136.770477 285.879151
773.427162 211.752140 137.142576 287.742237
773.839448 212.172079 136.946837 286.483982
773.594100 211.800000 137.448834 286.215909
773.594100 211.627337 137.684029 286.928099
773.926551 211.772356 136.810853 285.968092
773.427162 211.255541 138.081989 287.974677
774.587471 211.782616 136.858551 288.270753
774.510451 212.943255 136.420970 285.566940
774.667401 212.816897 136.632197 286.792355
774.340522 212.397237 136.809987 286.011745
774.086227 212.223377 137.900124 287.253912
774.839454 212.444441 137.420167 286.196502
774.594108 212.694910 137.292671 288.351975
775.094527 212.115197 137.115997 287.558419
774.926561 213.067507 136.966232 286.376342
774.594108 212.595752 137.527060 288.318540
775.259092 212.014707 137.344641 287.265529
775.747478 212.271880 136.851357 289.153527
775.513926 213.289428 137.750320 286.892566
775.596484 212.843642 136.831769 288.959918
775.678686 213.289428 137.585561 286.367830
775.923941 213.364701 137.275691 288.193469
775.764615 213.589034 137.681406 287.250624
775.926541 213.315918 137.200368 289.396850
776.591671 214.559726 137.174833 286.393448
776.923921 215.899371 136.420736 286.834948
776.340500 214.950184 137.356228 288.703654
777.171477 215.330534 136.385462 288.779737
777.003578 215.775872 136.939963 287.306023
777.091248 215.900791 136.568669 288.778011
777.094526 217.371911 137.037806 287.025786
777.342784 216.276530 136.275074 289.710334
777.259091 217.826941 136.873240 286.933250
778.418148 216.675849 136.484284 290.376632
777.768168 218.004377 136.749335 288.455875
777.675100 218.422805 136.798409 289.521981
778.007461 218.680189 137.177644 289.754716
778.427487 219.653760 137.023503 288.359533
777.849465 220.010203 137.313417 286.334237
778.744116 221.434020 137.247083 288.373711
778.267939 222.065446 137.166572 285.039989
778.503216 219.745585 137.345170 289.264630
779.018228 221.169235 136.390067 288.172154
779.255676 222.870642 137.027940 287.017316
779.507480 222.598169 136.804513 288.354880
779.015114 222.358233 137.380511 287.652680
779.015114 226.269505 137.692791 284.796824
779.086234 222.139727 137.581474 290.780295
780.181112 226.044421 136.855442 287.587308
780.747468 225.424963 136.536157 289.181770
781.587469 224.894162 136.779955 290.476797
781.902572 225.778506 135.593853 288.910501
780.873162 227.409481 136.543109 289.167242
780.867672 227.381616 135.565682 290.629385
781.335243 227.751585 136.143810 290.628388
781.591680 229.741263 136.937968 289.688033
781.843185 231.221114 137.341911 289.259244
781.602694 232.609966 137.223730 286.532983
781.759164 234.102809 136.817073 287.056399
781.177804 234.587665 137.603109 287.723608
781.510464 235.567121 137.590835 285.936628
782.580589 238.127282 136.150660 285.366319
782.575818 238.906328 135.832451 285.620377
782.575818 239.498895 135.987245 286.475471
782.250370 241.270123 136.241983 285.353412
782.084569 240.550881 136.478495 287.890154
782.910886 243.543200 136.137786 286.499519
782.667398 244.710500 136.321611 286.094419
782.338744 243.573258 136.650265 289.041480
782.587468 245.633618 136.466786 289.391200
782.259089 247.285621 137.108334 285.586850
782.250370 247.856754 136.552421 286.865611
782.416799 250.422925 136.392157 285.350897
783.227390 251.757831 135.335674 285.694838
783.319661 252.381316 135.276911 286.735365
782.933533 253.706205 135.094349 287.000437
782.084569 256.655833 136.478495 284.183741
782.737360 257.277948 135.974481 284.564461
782.247279 259.439371 135.999513 284.913457
782.319648 260.312816 136.760352 286.361888
782.833522 261.755434 136.550292 286.253514
783.324311 262.586984 136.137521 286.750513
782.757201 266.215502 136.426891 282.860875
782.720484 267.124834 135.962424 285.259771
783.156583 267.955766 135.825541 286.675930
783.647394 270.397641 134.956407 285.577098
783.318122 272.042337 135.734598 284.386753
783.155175 273.212023 135.587920 287.852151
783.812886 273.804511 135.182794 287.293587
784.067406 279.052826 135.579875 282.759212
783.664615 281.009834 135.449127 285.351546
784.225264 284.108687 135.331031 281.966595
783.828475 284.669317 136.124348 287.000393
784.160977 285.840567 136.144880 286.779562
784.160977 289.736342 136.378992 283.750690
784.643246 287.716202 135.643177 287.875828
783.594096 293.308527 136.367435 282.716503
784.965800 293.509929 134.924519 286.062213
784.900262 296.725709 135.269506 284.333274
784.082787 299.058878 136.233866 284.584992
784.574236 298.720324 136.607529 287.205893
783.847101 301.629492 137.620600 284.996410
783.921863 302.118686 137.036886 287.096255
783.507492 306.979482 136.726829 284.384155
784.156568 309.346788 136.844122 283.587927
783.425474 311.487987 137.520709 284.962477
784.577941 315.826329 137.248783 283.917024
784.172990 313.669476 137.827713 288.928827
784.271072 317.888629 137.944671 286.834152
784.265388 321.357462 138.018227 285.811906
783.598643 321.486694 138.915950 287.405254
784.513928 325.322179 138.148104 286.670998
784.431037 328.068830 138.088791 287.174572
784.599324 328.774198 137.533005 286.931531
784.431037 332.165129 138.246939 287.078275
783.435106 332.478961 139.565247 288.826583
783.693579 337.049196 139.056140 287.500335
783.938413 338.434428 138.670018 287.885173
784.271072 340.726538 138.654047 289.480327
784.025898 342.824295 138.619310 288.105608
783.604710 345.792165 139.320410 286.661750
784.018145 349.130495 138.803985 285.786116
783.266042 351.392934 140.050066 286.107720
783.852401 353.792168 139.049980 286.527434
783.768979 357.507390 139.072332 285.201800
784.265388 358.381016 138.491864 287.116325
783.919895 361.026539 138.646301 285.548946
783.847101 361.405870 138.726331 287.690485
783.186822 367.372515 139.077426 283.142984
783.843898 370.446914 138.004485 282.167301
784.172444 370.279723 137.981318 285.513784
783.607680 371.424692 139.128984 284.735400
783.349127 373.252743 138.118574 285.310083
783.594096 374.327504 137.841516 286.159529
782.607672 377.880008 138.633095 282.288393
783.337543 377.222709 137.504933 285.579543
783.340524 378.035554 137.750514 284.728012
782.933582 379.092439 138.309190 284.133939
783.174087 380.383206 137.832329 283.975188
783.387655 380.261369 137.109089 283.968972
782.346456 381.578230 138.181250 285.552391
781.931473 383.145463 138.741425 284.684257
781.931473 383.464862 139.219758 285.364859
782.596493 381.166464 137.765773 286.888047
781.933263 383.489667 138.350362 283.619668
781.678454 386.256778 137.699089 282.489932
781.919310 386.085753 138.621120 282.807563
783.084570 385.943071 137.182056 284.076416
783.008153 386.514303 137.129195 284.099020
782.591057 386.358957 137.833398 284.397175
782.727513 387.673379 137.515263 282.762433
783.598789 388.720201 136.153939 282.159642
782.918849 387.387457 136.235778 284.338093
783.805421 389.533790 135.325104 283.068778
783.082691 389.363170 136.071935 284.675072
783.737383 390.763437 135.125597 284.367679
782.918804 390.633130 136.397844 285.089285
782.993247 390.772412 136.299870 285.774708
782.831323 390.512889 136.546219 287.101325
783.088451 393.048411 135.873100 284.648914
782.992028 392.327718 135.828244 286.011038
782.174073 392.576308 136.969913 285.838813
782.250370 393.020922 136.552421 285.337477
782.084569 391.887842 136.556178 286.659272
782.812882 393.715810 135.570928 284.709097
782.083394 391.815243 136.628446 287.380565
782.423735 393.367349 135.342963 286.258551
781.920294 389.596213 137.032275 290.347453
782.596464 392.962546 135.773423 286.554573
782.577950 391.226463 135.837167 288.918184
782.747458 392.639341 135.527031 287.594406
782.250370 393.923094 135.780517 285.567377
781.993234 393.361467 136.144116 285.988526
782.484688 394.566172 135.195928 284.651018
782.318121 393.801831 135.194181 285.734998
781.993234 392.539160 135.526593 286.141431
783.036275 394.621396 134.449333 284.454607
781.754802 392.664664 135.863186 286.400797
782.321738 393.004550 135.435794 286.477284
781.503229 393.183309 135.265129 285.967942
780.665920 392.361468 137.097666 286.647477
780.594100 391.995065 136.750561 287.497985
780.671993 392.817444 137.030391 286.152045
780.997370 392.959749 135.998302 286.200349
781.321724 392.414378 135.589969 286.274556
781.321724 391.887842 136.055820 286.527279
782.067414 393.020922 135.040024 285.337477
782.549272 393.111848 135.240530 285.622745
783.454244 392.361468 133.760083 285.069222
782.735525 392.241669 135.111633 286.007686
783.292854 392.050117 134.226973 285.299878
783.223612 392.840667 134.326620 284.289136
783.868487 394.138765 134.055345 282.848688
783.640908 391.237494 134.847505 284.827110
782.754569 391.646101 134.893560 285.010646
783.129059 393.527599 134.923659 281.435643
783.544811 394.581860 134.362514 279.553974
782.995745 392.454499 135.467067 282.112175
783.706322 394.057189 134.672638 280.737069
783.318470 393.228246 135.230318 280.204519
783.318470 392.808933 136.167736 280.917354
784.125483 391.799803 134.905201 281.154145
784.317288 393.819845 134.398746 280.008946
784.545730 392.852411 134.267314 280.608081
783.900189 391.510655 134.989866 281.158147
784.125393 391.139234 134.664113 281.776335
783.898070 391.525397 135.317933 281.129978
783.898070 389.583415 135.240551 282.163600
784.867296 394.643982 133.894967 277.673225
785.350541 389.497544 133.900353 282.106093
785.446886 392.107089 134.576053 279.529124
785.158050 392.776901 134.311938 278.425549
785.388097 393.589707 134.329658 277.275694
785.229796 393.070962 134.787706 278.302161
785.483992 393.589707 134.431817 277.147099
786.031498 391.724399 134.063685 279.007307
785.322308 390.387404 134.364937 280.380303
785.706539 389.665777 134.570537 280.981206
786.125790 390.387119 134.345778 280.598772
785.642134 389.704828 135.061532 280.834704
786.286268 392.670225 134.425659 278.505878
785.742720 393.018663 134.821381 277.332807
785.969664 392.017251 134.630076 278.511083
785.645423 392.399656 135.041002 277.980918
785.967528 392.494741 134.874659 278.014821
786.065920 392.401206 134.806020 279.084235
786.386179 392.298324 134.340909 278.904126
786.386179 391.676666 134.264086 279.703902
786.707664 392.540834 134.405510 279.284792
786.804838 393.636174 133.816396 278.413516
786.808907 392.632348 134.173722 279.281284
787.128196 392.199118 134.171259 279.979717
787.607793 391.529073 133.777825 281.096421
787.867095 390.898682 133.334775 282.197514
787.383804 391.382169 133.676225 281.974496
787.545001 392.290916 133.364363 281.215070
787.384728 391.762457 133.969134 281.403380
787.705943 392.962895 133.733345 280.673314
787.061929 390.620422 134.215881 282.250544
787.125395 393.721582 134.124107 279.255133
786.967522 390.377452 134.409056 282.801395
786.640912 392.437607 133.933273 281.209347
787.217498 390.437983 134.140386 283.397968
786.152766 391.517650 134.819122 282.668706
786.694526 391.217008 133.760314 282.646978
786.866702 391.856142 134.271914 282.381870
786.818419 392.662974 134.378856 281.531712
787.446906 393.098320 133.956157 281.277555
786.402843 391.535853 134.409842 282.780637
786.640912 393.629004 134.311865 281.279568
786.866641 392.450186 134.418764 281.369858
786.479434 394.440159 134.388371 280.912075
787.027075 390.565608 133.948755 283.973927
785.337096 392.385799 134.946172 282.586797
785.545127 395.579309 134.833847 279.214949
786.287324 390.914470 134.485577 284.711027
784.843191 390.339649 135.374806 285.251217
784.410895 390.390485 135.990340 284.883302
783.919328 389.951929 136.327482 286.321148
784.086241 390.039583 135.715627 286.318810
783.995062 390.004551 136.148938 285.948340
783.503228 389.118304 136.177387 286.702552
783.904492 389.923097 135.356492 285.964183
783.412289 389.558595 136.540281 285.923008
783.741348 390.801036 135.673764 285.218665
782.919333 388.447660 136.870486 287.759299
783.747468 390.421486 136.379451 286.279254
783.086246 389.546304 136.561035 287.473393
783.744129 390.111992 135.987129 287.317595
783.833526 389.578396 135.700891 286.921167
783.904492 390.592227 135.898295 285.757228
783.084570 390.281650 137.024741 286.265470
783.580598 391.367347 135.841154 285.329977
784.064863 390.065325 135.498201 286.811671
784.158529 390.727245 135.522087 285.367166
784.482467 389.736702 135.732644 286.338578
783.667412 389.808075 136.244294 286.673759
783.997380 389.073320 135.232209 287.484051
783.086246 389.236411 137.265006 287.446547
783.747468 390.068777 135.835077 284.916414
783.574242 388.242311 136.528887 287.492284
783.177824 388.325235 136.901590 287.572316
782.926551 388.915704 137.122130 286.451083
783.580598 388.501656 135.995648 286.402771
782.921867 388.236408 136.880920 287.048363
782.923941 388.620786 136.729724 286.878547
783.088451 388.995069 136.798337 285.645670
782.921867 388.315754 136.725414 287.166080
782.923941 389.013875 136.497810 284.636426
782.993247 389.902118 136.928322 284.503140
783.412289 389.539899 136.228459 285.733179
783.902106 390.748638 135.506164 284.139147
784.547355 390.743422 135.157573 284.386377
786.053264 389.060569 134.373545 283.396108
783.932161 390.673943 135.846352 282.429958
784.964752 390.460375 134.995712 283.527077
786.029353 391.759956 133.588617 283.029084
785.854930 389.336555 134.246950 284.078817
785.316644 392.678090 134.644843 280.979674
785.544990 389.683510 134.200079 282.749250
784.898067 393.528002 134.855677 278.988263
786.188135 393.585680 133.925011 279.521260
785.967528 392.426456 134.101348 280.623248
786.607274 392.916900 133.710257 280.508866
786.223468 391.075000 133.978401 282.680359
786.854928 392.913879 133.439163 280.150718
786.225030 392.387405 134.810646 280.897602
786.788598 392.483257 134.312542 281.152952
785.985036 391.316262 134.728500 281.481929
786.607297 391.332457 134.337684 281.843645
786.673816 392.102691 134.200831 280.552684
786.223468 390.012357 134.359394 282.764206
786.928172 393.150373 133.253365 280.282334
785.902056 392.716750 134.748209 279.688411
785.575899 390.695586 134.474542 281.563033
786.125385 388.667749 134.047440 283.578020
785.775988 389.711061 133.715175 282.606147
786.826567 386.117233 133.622372 286.058873
784.587465 386.962820 134.261109 285.166984
784.870123 390.058880 133.908578 283.390619
785.125494 386.568463 134.439952 284.479127
785.384392 386.241672 133.105707 285.480746
785.126154 386.093427 133.157114 285.681662
785.029348 386.535381 132.386632 284.924051
785.247516 385.945861 133.240897 285.880740
784.801676 386.143607 133.106796 285.447260
784.534152 386.973697 133.758517 284.538581
784.458160 387.168561 134.157473 283.950012
784.845733 387.071186 134.256424 284.309744
784.733528 386.127072 133.336866 285.006484
784.534152 386.778605 133.115491 284.602324
784.466686 386.372231 133.826931 284.552651
783.922494 386.790697 133.567031 285.050964
783.868487 387.108108 135.064280 283.894625
784.707351 386.045486 133.606933 285.413946
784.384387 385.947336 134.157416 285.512096
783.409969 386.451250 134.837399 285.337434
783.643245 387.754279 134.715844 283.651025
783.479012 387.108108 135.171658 284.812211
783.318122 386.276204 135.502151 285.722007
782.008168 388.192335 135.751956 284.477505
781.828623 390.052826 137.086923 281.971482
781.991322 388.535380 136.366470 283.352344
782.138795 389.422830 135.475580 282.133386
781.246542 391.534716 136.994587 281.569185
781.246296 387.543111 137.001580 284.895255
780.180641 385.920625 136.813989 287.561211
779.431046 385.831239 137.852578 288.598346
779.602679 386.534891 137.223730 288.577583
780.094525 387.203681 136.726314 288.505512
779.839455 388.264828 137.104075 288.442472
778.935570 389.301998 138.274952 286.011614
779.671982 393.074715 137.901456 283.888112
779.095308 391.414378 137.935573 284.697075
779.411603 392.962908 138.492174 283.659753
779.275495 392.396612 138.715364 285.424243
779.266331 393.769117 138.061694 283.539830
778.938538 395.680547 139.297866 281.943992
779.591055 397.636178 137.991801 281.646951
778.929758 396.353692 138.641456 283.594851
779.338759 400.393497 137.273617 281.485817
778.843180 399.897855 137.828980 283.036396
779.993236 402.013075 137.405426 281.798967
780.336727 399.652366 137.414370 284.888885
779.512780 405.520476 136.557490 280.491453
779.501754 406.341794 137.315270 281.043883
780.154019 405.654533 137.067551 283.071021
781.155172 407.487987 136.131247 282.707822
781.154357 407.800996 136.675840 283.395681
780.918793 410.821955 136.243444 283.157623
780.828045 411.616346 136.923051 282.856407
780.918793 412.141478 136.708183 284.318396
780.501840 415.396349 137.104390 283.069081
780.828622 416.238070 137.007804 283.693895
781.083400 417.674539 136.395322 283.070626
780.425404 419.195225 137.435794 283.989716
781.156585 421.776389 135.903132 283.564514
781.154357 424.821958 136.596739 284.221372
780.183908 426.095659 138.721108 282.597270
781.084568 427.872209 136.323701 283.468699
781.246465 428.616337 137.166022 285.363234
781.904500 431.732009 136.367973 284.749389
781.501825 434.633838 137.340653 283.300881
782.410877 436.533790 137.007709 284.259719
782.665918 437.708365 136.861804 285.358929
781.678454 443.239631 136.619693 282.370085
781.991322 445.868384 136.602064 281.051940
781.755504 448.389978 137.644216 281.108285
781.590505 450.107097 137.657376 281.220894
782.246301 453.245457 136.765073 281.003894
782.897782 453.481923 136.343341 284.335919
783.737383 456.585903 136.208805 282.148682
784.479012 458.487452 135.094565 283.676945
783.664539 458.887901 136.148388 284.821909
783.172977 467.977700 136.577389 278.953557
784.383803 465.254997 135.764189 282.730897
784.735506 468.058414 135.884345 283.504258
784.573183 466.947341 135.743470 288.023160
784.088430 472.455178 135.720794 283.507644
784.479664 474.246933 135.721762 285.122543
784.574236 475.956433 135.441906 285.368417
783.590330 478.725706 136.349171 285.531873
783.575819 482.159224 136.455064 284.644203
783.993232 483.473409 136.456139 285.320095
784.084570 485.911082 136.015660 286.292797
783.995062 490.161624 136.460672 283.514724
783.992030 494.388434 136.294394 282.662554
783.664539 494.509936 136.071109 283.949500
783.664937 498.580663 135.924146 283.596020
783.409969 497.570893 135.984050 285.558913
782.920295 504.555607 136.954133 281.514672
783.082691 506.678092 136.771614 283.221139
782.903352 509.441642 137.013903 281.622194
783.246278 513.098805 136.295701 281.403287
783.083078 516.709493 135.832506 280.711704
783.317306 516.856149 135.861982 281.468679
783.894814 520.145632 135.931084 281.804586
783.500969 523.951400 135.918761 281.142575
782.828464 527.193223 135.969000 279.699331
782.574298 530.310002 136.573703 278.878703
782.411633 532.579332 137.133981 277.590515
782.504969 540.176951 136.981237 273.848073
783.642158 538.992389 136.820645 278.594676
783.341539 544.484148 135.441012 276.608858
782.616529 540.089349 138.180367 281.080713
782.095235 549.661230 136.607122 274.664268
783.390663 548.370510 136.367229 279.729706
783.666408 553.933551 135.201378 277.201670
783.418568 552.640936 136.154041 279.920927
783.706482 559.299566 135.720327 276.591876
782.603897 557.280120 137.047256 280.134591
782.501730 561.081990 135.832922 279.221179
783.125797 561.318641 137.625783 280.218084
782.514036 562.441733 136.828999 282.803573
782.409964 567.419190 135.984050 278.604377
783.384724 568.587924 134.970205 280.069016
782.671443 572.018573 136.497440 279.696717
782.585179 574.055241 137.403243 279.413950
782.734808 576.949465 137.255279 279.179908
782.367802 580.174392 136.572070 278.654248
782.574298 580.613707 136.811841 279.369674
782.666426 584.980211 134.823073 278.949923
781.995744 583.386422 138.091293 280.567351
781.931754 594.154961 136.588624 274.220287
782.489694 590.877275 137.578248 278.102308
781.485788 595.464323 138.919486 278.453810
782.338023 594.932260 137.957432 281.788301
782.590106 602.101932 137.036881 275.933929
782.020204 603.914311 137.213787 274.827484
781.367772 606.830571 137.936707 275.558539
781.866936 611.617561 137.860631 270.107149
781.391600 609.130482 136.936605 274.460501
782.060011 613.943711 136.823195 272.842521
781.127625 615.170052 137.104780 275.088204
781.418569 620.969033 136.154041 270.193081
780.799573 616.488362 137.274239 276.211078
781.090270 616.018988 136.490677 280.479815
781.478936 624.224286 136.179663 274.689500
780.612768 616.961169 137.735638 283.721590
780.260787 625.600361 137.457700 277.282856
781.318475 623.920960 136.246757 279.999386
779.153097 626.877494 139.418430 280.608419
781.318119 629.566410 136.756120 277.703321
779.491701 629.940637 138.911057 281.114146
780.501044 634.250024 137.892238 276.976452
778.501558 632.874410 139.247771 283.915040
779.010587 636.556323 137.451235 281.319063
778.754788 640.770026 137.414073 279.502565
779.084065 638.991189 137.308956 281.820292
