609.000000 965.000000 66.000000 113.000000
608.127360 962.545094 69.129620 112.914977
608.509027 960.460853 68.664372 113.208551
608.134085 958.413524 68.936982 114.156779
608.322739 956.183082 68.725260 113.964266
608.327962 953.358990 68.969382 115.631302
608.543382 951.332736 69.168314 114.177465
608.690550 949.774532 69.043922 113.655874
609.163588 947.440368 68.762735 113.531843
609.342954 945.383098 69.225072 112.510342
609.559654 943.388286 68.979556 113.441320
609.665651 940.776207 69.419076 112.862764
610.133705 938.740729 69.000391 112.187746
610.654089 936.835241 69.117097 112.250949
610.079585 935.285857 69.553004 111.977316
610.432755 932.376122 69.263391 112.246210
611.184543 930.346012 69.064593 111.963692
611.538146 928.381698 69.045550 111.720099
611.832640 926.595349 69.420556 111.365022
611.895176 924.338643 69.649444 111.059855
612.325665 922.075645 69.375615 111.875809
613.040883 920.750431 68.817526 111.159157
613.551873 918.202348 68.514442 111.160414
613.432178 915.883593 68.999411 112.168040
613.999365 914.162091 68.780389 111.186936
613.878837 912.105014 69.579780 111.181502
614.706865 909.847853 69.269654 111.295977
615.593321 907.615470 68.629590 110.876109
615.854516 905.928222 68.343885 111.400952
616.677841 903.746054 68.262505 110.139270
617.091547 901.855899 68.331238 110.977888
617.574312 899.970693 68.534232 109.911409
618.375148 897.995540 68.008493 109.543052
618.621439 896.204869 68.566790 110.133536
619.292766 893.659789 68.570894 110.133468
619.304560 891.928320 68.340078 110.060756
619.927982 889.741810 68.065435 111.074347
620.251521 887.667282 68.105093 110.255424
620.597512 884.978520 68.318240 111.111168
620.986203 883.099876 68.044290 110.708369
620.918952 881.602275 68.671099 110.565991
621.281753 879.290376 68.593022 110.634069
621.491075 877.648255 68.344865 110.620337
622.210197 875.928291 68.068830 110.341853
621.880019 873.662664 68.533375 109.797149
622.472374 871.797312 68.249576 108.591618
623.382388 869.736416 67.246037 108.608222
623.448986 868.034472 66.951584 108.597618
623.776527 866.527456 67.464332 108.156119
624.370908 864.109167 67.426461 108.263581
625.019252 862.542674 66.952771 108.475773
625.167314 860.209659 67.476278 107.999856
625.531256 857.944834 68.095999 109.036241
625.828779 855.556840 67.739968 109.227822
626.175287 853.857438 67.874312 108.900575
626.505822 852.308856 67.774937 108.012301
627.139707 850.640833 67.332680 107.477363
627.184453 848.155231 67.290689 108.654311
627.531269 846.598958 68.018501 109.009319
628.400002 844.439604 67.866176 108.544082
628.977346 842.713594 67.591176 108.180230
629.572333 840.450241 67.284891 108.038749
629.503938 839.067604 67.528880 108.137945
630.139703 837.142762 67.565195 107.950762
631.059467 835.976995 67.451575 107.167157
631.598606 833.623853 67.218520 107.325441
632.126489 831.316862 66.958143 107.532403
632.111980 829.193432 67.758640 107.353106
633.046021 827.460164 67.345954 107.690146
633.411438 825.610566 67.733609 107.132124
634.405925 824.214775 66.947569 107.493010
635.485127 821.694464 67.138566 108.002594
635.226216 819.265133 67.362691 107.828203
636.642792 817.418912 67.019619 108.329751
636.671492 815.801474 67.437292 108.149948
637.931871 814.257323 66.481862 107.131334
638.154032 812.398275 66.850162 107.655151
638.720402 810.814793 67.034932 107.034510
639.316505 807.891503 67.018124 108.689043
640.339098 806.561552 66.632951 107.633196
641.430204 804.814777 65.942528 107.034510
642.381147 803.133904 66.407414 106.819465
642.868411 801.473878 66.920159 106.679378
643.908260 799.588233 66.803685 106.464632
644.506666 797.961074 66.445033 106.242238
645.581418 796.394586 66.341370 105.662014
646.650489 794.412265 65.849783 105.398561
647.635432 792.584477 65.871708 105.677152
648.165561 790.959101 66.038557 105.598751
648.925624 789.150084 66.295024 106.056575
650.016789 786.922768 66.194283 105.993103
650.372528 785.300054 67.218421 105.956223
651.660420 783.360781 66.414754 105.699166
652.491809 781.490652 66.197085 105.523607
653.690027 780.190716 66.150278 105.713479
655.158828 778.337483 65.530084 105.770046
655.789918 776.396092 66.060146 105.325322
656.828400 774.747362 65.451348 105.063467
657.275314 773.314187 66.374440 105.093577
658.674178 771.374888 66.290724 104.699035
660.150922 768.994696 65.757076 106.250304
661.236049 767.503135 65.680103 105.761435
662.351337 765.959089 65.640771 104.713427
663.549884 763.979354 65.796682 104.986260
664.687283 761.717245 65.906793 105.318720
666.583798 760.810478 65.113571 104.401889
667.490836 759.046992 65.331918 104.466255
668.221219 757.083929 66.056256 105.117915
669.323254 755.552857 65.994292 105.054428
670.828393 753.169519 66.059936 105.640869
672.081363 751.561465 66.215703 105.298736
673.618085 749.858543 65.755500 105.497085
674.828391 748.108201 65.754766 105.153425
675.720358 746.543624 66.187626 104.824709
676.917061 744.207073 66.218622 105.112297
678.655952 743.030246 65.947839 104.428747
680.203247 741.609991 65.522606 103.478759
681.978566 739.889390 64.795494 103.877703
683.313822 738.290919 65.065593 103.005768
684.364176 735.553836 65.547659 104.787240
686.278850 734.305643 64.766323 104.151406
687.599945 732.595114 65.551650 104.123235
689.537424 730.750778 64.854368 103.692573
690.865672 729.096204 64.795655 103.909437
692.350770 727.657146 64.423304 103.073679
693.529493 725.791078 64.706418 103.662068
694.941448 724.169208 64.458202 102.529579
696.567111 722.376792 64.820697 102.749017
697.899298 721.045259 64.899729 102.103291
699.340759 719.180097 64.782888 102.924298
700.937040 717.057611 65.125544 102.947339
702.192828 715.424004 65.056363 102.804550
703.709646 713.972776 64.864550 102.367661
705.073741 711.718191 64.788810 102.736363
706.679338 710.153837 64.857224 103.056069
708.421797 708.498964 65.095743 102.410428
709.785703 706.990935 64.863314 102.183034
711.529503 704.836282 64.856505 103.209960
713.236612 702.909535 64.487364 103.133054
714.642011 700.772707 64.856905 103.718676
715.827900 699.387694 64.683526 103.179885
717.859727 697.681757 64.354109 104.064305
719.239785 696.059638 64.271631 102.927653
720.902217 694.558233 63.700567 102.567586
721.937455 692.445308 64.134294 103.223831
723.495416 690.681727 63.929419 101.846555
725.218547 688.954670 63.850493 101.656174
727.111199 687.568214 63.845167 101.374948
728.895283 685.831201 63.707593 101.797283
730.485509 684.154540 63.681910 102.336350
731.375503 682.982184 63.480716 100.895926
733.010239 680.753724 63.072411 101.720107
734.417566 678.948293 63.118271 101.040860
735.565947 677.256814 62.772692 101.027507
737.364677 675.772835 62.813256 100.863202
738.079638 673.986818 63.403989 100.743609
739.047262 672.541982 63.071840 99.848491
739.522522 670.538828 63.871200 100.684447
740.218155 668.741245 63.465618 100.623843
741.117412 667.199896 63.657417 100.012662
741.349111 665.868552 63.413831 99.861890
742.139568 664.104507 62.848561 99.648409
742.712010 662.020160 62.687669 100.319301
743.230515 660.656440 62.803149 99.823830
743.408000 658.856660 62.991646 99.928102
744.041436 657.197746 62.492307 99.256041
744.306699 655.126430 63.140571 99.405558
745.155072 653.656442 62.485356 99.589279
745.522506 652.383930 62.734326 99.073885
746.306706 650.515553 62.530425 99.527355
746.937246 648.785943 62.390930 98.929960
747.599327 647.559300 62.073851 98.557082
747.345370 645.763270 62.521510 98.659524
748.162407 644.068957 62.397543 97.762699
748.677021 642.463346 62.330015 98.309371
748.966429 641.077818 62.638761 97.656480
749.714964 639.425548 62.186210 98.555047
749.851256 637.127906 62.577092 98.697854
750.370052 635.941043 62.092686 98.360698
750.752885 634.494109 62.395636 98.159658
751.232867 632.247304 62.942411 97.887477
751.966411 631.179750 62.110249 98.031221
752.348667 629.422396 62.165964 97.894857
752.409614 628.047558 62.562126 98.050513
753.119092 626.077860 62.770324 98.714820
753.788656 624.837240 62.025369 98.186591
754.313422 623.357042 62.083635 98.018588
754.714976 621.071534 61.905140 99.072712
754.750897 619.384735 61.992629 98.777923
755.004692 617.903318 62.423671 98.151465
755.157082 616.286416 62.024847 98.321085
755.332592 614.457334 61.903631 98.226318
755.714970 613.150959 62.539899 98.085772
755.889716 611.803902 62.538641 97.896148
756.940292 610.047539 61.735794 97.819997
757.044756 608.394121 61.873759 98.193873
757.386368 606.562036 62.092995 98.397642
758.053635 604.840091 61.182619 98.581921
758.235160 603.670305 61.301510 98.009961
758.131708 601.983187 61.960593 98.186319
758.294023 600.394112 61.768781 98.517403
759.090933 598.805415 61.459164 98.385068
759.006470 597.497907 62.086597 98.182386
759.752872 595.874707 61.275311 97.625517
759.793467 594.052189 61.147787 98.330101
760.391220 592.740648 61.244334 98.060860
760.423968 590.636300 60.905697 98.394983
761.328398 589.396171 60.693366 98.143207
761.085642 588.396149 61.054467 97.819471
761.689688 587.019080 60.793743 97.225695
762.428404 585.539725 60.138036 96.965188
762.622707 583.693041 60.073155 97.411133
762.985986 582.032787 59.709877 97.812704
762.917309 580.752389 59.965345 97.789305
763.679408 579.821119 60.371645 96.401946
763.360852 578.002019 60.400128 96.874929
763.805100 575.963624 60.786569 98.064928
763.200170 574.295723 61.559723 97.766043
763.833773 572.740651 60.324109 97.148868
763.657150 571.752964 60.909295 97.413216
764.469849 570.471333 60.486466 97.720792
764.359137 569.299939 61.220421 97.341937
764.427454 567.717463 61.124945 97.350977
764.838167 566.185298 61.060565 97.107643
765.469820 564.744325 60.970493 96.532954
765.280098 563.129169 61.320814 97.412528
766.022332 561.779174 60.911173 97.236937
766.579974 560.299899 61.209117 96.569415
766.806201 558.545607 61.071212 96.857905
767.433009 557.231393 61.076886 96.307749
767.280102 556.529153 61.183156 96.499419
767.694517 555.129152 61.113628 96.500566
767.769039 553.684821 61.177775 95.891942
768.028410 552.529143 60.872689 95.588648
768.666284 551.372146 60.486718 95.674843
768.184452 549.490391 61.175305 96.062115
768.768753 548.193266 61.242137 96.196555
769.586044 547.159575 61.040467 96.184871
769.839341 545.922809 60.618190 95.429765
770.225009 544.972870 60.193123 95.662913
770.334528 543.422364 60.599061 95.796290
770.666277 541.763462 60.452327 95.968471
770.812020 540.640121 60.526765 95.723338
770.920535 538.831488 60.719442 95.990304
771.579691 537.678756 60.552218 95.671317
771.812379 535.592986 60.100491 96.318835
772.399371 534.439326 59.871036 96.014834
772.114939 533.237586 61.200211 95.899677
772.695861 532.159547 60.722271 95.732308
772.811986 530.512550 60.904418 95.867096
772.849161 529.050981 61.005334 95.689991
773.435556 527.849797 60.940332 95.891170
773.587571 527.017508 60.751184 94.600268
774.188370 525.216383 60.779756 95.086396
774.259248 524.029109 60.619434 95.279292
774.629580 522.557923 60.489010 94.946710
775.078108 521.029119 59.728855 95.189539
775.524689 519.819423 59.766407 94.930187
775.776457 518.376311 59.993151 94.948306
775.713655 516.672712 60.611480 95.921276
776.435569 515.271251 60.005908 95.595527
776.893290 514.162875 59.893319 95.596052
777.114908 512.928547 59.962694 95.785185
777.695570 511.794098 59.620133 95.245361
778.573033 509.877921 58.840574 95.916496
778.415891 508.841213 59.233539 95.573076
779.166064 507.503584 58.887630 95.821001
779.306482 505.908421 58.842556 95.237114
780.140174 504.600261 58.014014 94.985619
780.188815 503.475509 58.144310 94.739634
780.188815 502.309191 58.410329 94.461901
779.728761 501.247978 59.567581 94.083967
780.770611 499.557683 58.525731 93.891552
780.833486 498.332236 58.765656 93.966022
781.329243 497.298098 58.537460 94.408674
781.381482 496.181904 58.580762 94.684276
782.014468 494.949978 58.315422 94.293271
782.259141 493.309204 58.339999 94.772444
782.488340 492.379784 58.741006 94.307889
782.617356 490.750276 58.782113 94.981979
782.714866 490.345849 59.279585 94.036981
782.875549 488.883523 59.220064 94.537166
783.560174 487.887734 59.010936 93.915690
783.581127 486.409069 58.884814 94.317812
784.329239 485.805443 58.604601 93.704129
784.500117 484.627854 58.535563 93.803228
785.061975 483.725937 58.374629 93.660836
785.104868 482.233271 58.368801 94.330857
785.744848 481.558136 57.820958 93.434627
785.796116 479.788886 58.444195 94.121238
785.976337 478.937991 58.389943 93.435836
785.988480 477.594328 59.253029 93.177521
786.393041 477.583207 59.515694 92.631933
786.959283 476.018913 58.613039 93.367836
787.236635 475.018941 58.568369 93.412131
787.571192 474.277771 58.564380 93.464166
787.336646 472.825670 59.035932 94.709649
787.964995 471.953493 58.928397 93.761219
788.259133 471.298093 58.910453 93.961599
788.435562 469.641239 58.567185 94.351539
788.689637 468.806351 58.544110 93.479505
788.845353 468.245487 59.026552 93.585501
789.572707 467.232834 57.993093 93.582561
789.971285 466.868248 57.936858 93.044863
789.641096 465.549785 58.669980 93.228795
789.917010 465.028943 58.988345 92.311218
791.006115 463.680822 58.367692 92.400368
791.285374 462.608713 58.091729 93.076507
791.297617 461.286575 58.643631 93.273327
791.712619 460.996860 58.223386 93.226693
791.628794 459.909221 59.042694 93.264709
792.321349 459.663182 58.548289 92.194142
792.274563 459.146292 59.267981 91.939167
792.548322 458.168816 59.532885 91.782410
793.152999 457.157075 59.120638 92.095333
793.619437 455.909226 58.620865 93.044808
793.628807 455.394706 59.109395 92.955622
793.812726 454.803808 58.990682 92.317234
794.080292 453.996855 59.293510 93.182232
794.677360 453.470909 59.095998 92.386417
794.737357 452.874915 59.537924 92.475437
795.464467 451.868233 58.972119 92.823946
795.737363 451.539260 59.436743 92.108845
796.189219 450.811180 58.685830 92.627535
796.405405 450.039204 59.472595 92.914816
797.223987 449.535075 58.945587 92.278297
797.189238 448.970308 59.251497 92.027637
797.512702 448.539240 59.028592 92.462399
797.809390 447.803783 59.163009 92.448628
798.189216 446.996851 58.652765 92.519109
798.548315 447.097175 59.161010 91.812947
798.893961 446.306082 59.115079 91.954164
799.369549 445.330288 58.804119 92.316982
799.512699 444.394718 58.995031 92.779210
799.881219 444.125099 58.524467 92.611220
800.261558 443.330291 58.779165 91.881143
800.858032 442.907866 58.717698 92.900019
800.917041 442.157080 59.629103 92.977613
800.992940 441.232828 59.439771 93.053025
802.234440 441.073711 58.437664 92.388218
801.970838 440.433483 58.904245 92.928789
802.249430 440.252947 59.053116 92.926132
802.773390 439.587392 59.031594 92.926035
802.628113 439.221008 58.977167 93.135949
802.988467 438.599169 59.422029 93.410282
803.508487 438.519862 59.157431 92.695290
803.881204 438.252954 58.957230 92.571708
804.297623 437.459041 59.176624 92.847137
804.665036 436.739246 59.273840 93.484294
805.468744 436.873869 59.039711 92.828737
805.809401 436.016970 59.432114 93.762004
806.057640 436.178491 59.846243 93.594410
806.168690 435.734751 59.422905 93.917096
806.770638 435.612761 59.576950 93.342851
806.506762 434.753077 59.923934 93.981422
806.829281 435.533975 60.170185 93.028065
807.910339 434.552747 59.989077 94.010563
807.871684 434.876724 60.089047 93.495132
808.498067 434.370117 59.834738 94.145283
808.460606 434.145988 60.266726 93.797711
808.719361 433.799238 60.485298 94.393602
809.343017 434.072562 60.186753 93.882211
809.645736 433.182789 60.490445 94.469060
810.524718 433.485361 60.520540 92.995820
811.274481 432.863618 59.704825 93.519205
811.765567 432.775438 59.530785 93.932935
811.838950 432.324957 60.371665 93.998350
812.159802 432.660100 60.233464 93.553122
812.425301 431.807170 60.351055 93.753960
813.227700 432.638999 59.771770 92.754493
813.761683 432.068648 59.917101 93.474940
814.523839 431.730514 59.652612 93.401522
814.655025 431.550539 59.708449 93.201513
815.417178 431.740293 59.588734 93.186003
816.153548 431.918358 59.593541 92.784255
816.325745 432.169015 59.608091 92.659233
816.702129 431.901144 59.333536 92.990348
817.571178 431.632286 58.731361 93.101263
817.881255 431.196406 58.790280 93.806765
818.294215 431.293229 59.282300 93.665106
818.689637 431.517110 59.311441 93.859951
819.927717 430.968120 58.270000 93.853383
820.317375 430.739248 57.981380 94.739469
820.325166 430.265496 59.057700 94.575962
820.498055 430.730509 59.160456 94.366372
821.104842 431.088231 59.476595 93.968961
821.608466 431.078160 59.149210 93.546512
821.215366 431.113621 60.021793 93.303171
822.093856 431.373858 59.068572 92.581754
822.262998 430.996850 60.147547 93.583104
822.906959 430.475863 59.827573 93.371972
822.984988 430.865198 60.191460 93.394255
823.131789 430.963278 60.234979 93.351154
823.678875 431.184134 60.063198 93.333074
824.202192 431.247968 60.420496 93.045416
824.655025 430.671279 60.113173 94.561711
825.517945 430.460296 59.618672 94.947947
825.348751 431.486544 60.548487 93.785347
825.534824 431.403804 60.841467 93.584748
827.095771 431.540804 59.949471 93.836925
827.131786 431.468024 60.268968 94.241960
827.704819 431.532140 59.996129 94.268545
827.682544 431.978356 60.831480 94.095038
828.632967 431.362829 59.965203 95.181998
828.783923 431.944383 60.275796 94.965918
829.074309 431.709174 60.053945 95.260793
829.747373 431.774382 60.039253 94.968035
830.233261 431.839494 59.550506 94.495128
830.388882 432.216076 60.114056 95.116738
830.893291 431.839494 60.166438 94.902922
832.130958 432.677252 58.888919 94.612462
832.805631 432.475861 58.996434 94.716970
833.247248 432.573118 58.747217 95.621967
833.119825 432.972141 59.709423 95.467577
833.740691 432.984448 59.346842 95.699655
833.965885 433.455151 60.128093 94.664694
834.306491 433.591736 60.154961 95.175706
834.783952 433.938809 60.344331 94.897573
835.360782 434.389079 60.527879 94.946405
836.253812 434.377397 59.703320 95.436344
836.847878 435.486540 59.341373 94.607181
837.653897 435.170912 59.175327 95.548377
838.166027 435.409557 59.227193 95.260111
838.954444 436.040557 58.694969 94.823959
839.166119 436.227113 58.996298 95.494602
839.759076 436.546237 59.104129 95.450111
839.938687 437.613113 59.014902 95.543977
840.724066 436.833866 58.631601 95.830819
841.513960 438.073365 58.505929 95.239754
841.858202 437.854864 58.301039 95.066972
841.678920 438.323854 59.315567 96.505784
841.443543 438.462390 60.663140 95.931928
842.034138 438.859193 59.828289 95.416033
842.467165 439.517379 60.005219 95.739833
843.674269 439.381638 59.501752 96.207435
844.120770 440.066627 59.778247 94.857766
844.632994 440.380584 59.420720 95.985708
844.340858 440.709174 59.904198 95.169697
844.856886 441.772872 60.237081 95.577141
845.980031 441.924149 60.230752 94.893785
845.974984 442.453287 60.691694 95.341678
846.775998 443.122614 60.549265 94.774824
847.695609 442.969422 60.272546 95.963908
847.993676 443.855209 60.643154 94.834021
848.266156 444.131303 60.520454 95.021210
848.856905 444.677245 60.202824 96.559954
849.935642 445.076390 59.677460 96.498516
849.993626 445.401824 61.026769 95.690162
850.519167 446.712916 61.117673 95.001386
851.224998 446.728997 60.846959 95.043355
851.957522 447.105390 60.679294 95.831995
852.445175 448.523595 60.949084 95.516906
853.290454 447.939724 61.120389 95.650622
853.322849 448.713598 61.670132 95.935286
853.991104 449.274553 61.339122 96.119161
854.512482 450.291470 61.709345 95.284743
855.768754 451.269853 61.032088 95.027075
856.291881 451.090819 61.016225 96.269050
857.283548 452.017225 60.688840 95.690444
857.666293 452.982041 60.212418 95.542064
858.151654 453.446549 60.609464 95.267550
858.556015 453.742279 60.942059 95.104122
858.668917 454.918677 61.472391 95.605442
859.364652 455.364954 61.436157 96.051158
860.101200 455.815673 61.263932 96.042317
860.805106 456.493177 61.205766 96.297256
861.066020 457.107317 61.630124 96.308779
861.742477 457.228537 61.988189 97.133381
862.844787 457.922672 61.527228 96.933424
863.173315 458.531156 62.214443 96.086975
863.910607 459.449437 61.878517 95.300179
864.364719 459.649965 61.681289 95.729894
865.103539 460.291475 61.418615 95.449088
865.436651 461.649914 61.834468 94.693280
866.071692 461.530870 61.704257 95.885951
866.431656 462.875579 61.758724 95.075145
867.180958 463.300688 61.828019 95.696462
868.064559 464.227573 61.722625 95.750209
868.657121 464.650846 61.883444 95.953703
869.061078 464.627792 61.938462 96.404066
869.652461 466.213298 62.158570 96.079136
870.943117 465.919987 61.979080 96.456490
871.585375 466.867450 62.146992 95.717595
871.857856 466.905662 62.367452 96.986263
873.017484 468.219232 61.886750 96.440791
873.801108 468.676213 62.151725 97.474405
873.968117 469.407296 62.581799 97.441106
874.255340 469.920630 62.787011 97.204951
874.978800 470.270388 62.382647 97.272998
875.386378 471.116788 63.054233 96.914751
876.573850 470.925877 61.905453 98.104140
877.202426 472.571016 62.265848 97.168984
878.243294 472.390439 62.132217 97.282597
879.162045 473.312037 62.369902 96.860658
879.295707 474.603605 62.339871 96.622987
880.391243 474.565151 62.126513 97.159950
881.094344 474.879665 62.033247 97.358162
881.907418 475.766418 62.103610 97.270861
882.423961 476.275979 62.444721 97.666795
883.128185 476.920643 61.949561 97.252057
883.944460 477.144240 62.006878 97.609895
884.273065 478.116757 62.738016 97.291774
884.903769 478.467136 62.922320 97.595812
886.202458 478.751814 61.981475 98.108287
886.409609 479.662998 62.738894 97.589744
886.941312 479.708130 62.669796 98.354805
887.863945 480.388775 62.446147 97.665857
888.685645 480.456628 62.790921 98.708921
889.269051 481.452131 63.250505 98.192285
889.927234 481.604655 63.124382 98.339113
890.523215 482.561164 63.468180 98.240993
891.494069 483.020114 63.388491 98.339221
892.231365 483.086856 63.071710 98.272479
892.901447 483.504538 62.909720 98.391832
894.013647 484.036011 63.158515 99.054397
893.748189 484.669400 62.765631 98.963213
890.867459 485.066293 62.762344 98.960755
883.453751 485.640685 64.338494 98.944356
872.754488 486.635947 65.980396 98.536959
862.045127 487.749591 66.352234 97.754778
852.204138 487.935726 64.329217 98.253116
849.999559 489.009306 63.993951 97.654718
851.344288 489.452137 63.139114 98.574020
852.117813 489.007070 63.077349 98.973777
852.560517 490.264324 63.054133 98.033325
852.966446 490.804229 63.388351 97.713876
853.750892 491.101958 62.809058 98.222125
854.976908 491.571307 62.594135 98.277649
855.458765 492.022773 62.931992 98.267916
856.088209 492.471115 63.520711 98.615048
857.526819 493.395446 62.123770 98.237158
857.790691 493.741411 62.856175 98.511325
858.484978 494.220026 63.039228 98.091896
859.270676 494.303593 63.192092 98.308937
859.619031 494.804263 62.969037 98.472196
860.568492 495.086832 62.951071 99.130876
862.191399 495.100139 62.292039 99.293027
862.370037 495.651270 62.797760 99.183780
863.827161 496.650137 62.152849 98.280413
864.458758 496.940529 62.430635 98.741009
865.088209 497.169117 63.120263 98.348992
865.408424 497.471081 63.187360 98.141420
866.306733 498.364949 62.996338 98.149990
867.675135 498.370669 62.605919 98.430941
867.657982 498.903716 63.160188 98.325120
869.227443 498.953263 62.582247 98.500966
870.310192 499.771016 62.393197 99.560369
870.598493 499.557823 62.801175 99.883205
871.192841 500.335428 63.418438 99.345142
872.003384 500.918935 63.174039 98.792826
872.560506 500.965191 63.270054 98.666873
873.605661 501.518237 63.863012 98.939644
874.139543 502.218966 63.708870 98.875713
875.192852 501.869916 63.819407 99.365822
875.710740 502.768861 63.348525 98.499660
877.299389 502.718566 63.501880 99.116486
877.268628 503.483964 63.872793 98.180035
878.446213 503.802298 63.819009 98.590881
879.292980 504.019153 63.754497 98.597171
880.560519 503.863689 63.523168 100.057183
880.621023 504.617798 64.226868 99.398916
882.079634 504.718644 63.804826 99.298070
882.619646 504.587869 63.882808 100.264717
883.561097 505.337095 63.850275 98.995593
883.984539 506.019159 64.518949 99.123521
885.298589 505.592276 63.802581 99.915777
886.079607 506.076073 63.295222 99.366295
886.503259 506.448142 64.289873 99.406982
887.774888 507.053198 63.491407 99.397073
889.047783 507.176975 63.565708 99.201301
889.735453 507.176975 63.586189 99.917721
890.560474 507.852795 63.578059 99.645842
891.100891 507.796175 63.819900 100.580400
892.080582 508.485684 63.564646 99.739423
892.936259 508.931570 63.603843 99.145849
893.542119 509.435812 63.276657 99.650158
894.934586 510.019126 63.004511 99.027542
895.292918 509.727987 63.070959 99.904624
896.079334 510.301913 63.170130 99.687469
896.542106 510.312757 63.779535 99.877948
897.216689 510.651441 63.921842 99.798848
898.041746 510.453022 64.320530 99.895516
899.064068 511.337061 63.982245 99.961096
900.267925 511.252750 64.020539 100.223937
900.171570 510.908601 64.471081 100.232341
901.491756 512.354355 64.185517 99.257912
902.330630 511.501366 64.004594 100.661532
903.786021 511.703091 63.225431 100.666959
903.855054 511.665567 63.827472 100.591731
905.121105 512.553096 63.437055 100.156237
905.543686 512.694315 63.686541 99.813735
906.408278 513.234776 63.584942 99.658077
907.293558 513.181817 63.591046 99.514814
908.117254 513.515705 63.096203 99.626953
908.696945 513.583147 63.372658 100.428537
909.380185 513.802841 63.650826 101.034876
910.230952 514.282812 63.414213 100.184033
911.003834 514.284802 63.661584 100.752876
910.947719 514.899692 64.098526 100.252903
912.076179 514.629963 64.143425 100.770005
912.776594 515.215002 63.686462 100.300308
913.824271 515.526269 63.733927 100.046652
914.309995 516.007928 63.956302 100.732739
915.491787 515.976809 63.888496 100.683942
915.555873 516.252766 64.563248 100.948316
916.604322 515.912795 64.155376 101.061386
917.764349 515.947304 63.194228 101.172467
918.246478 516.730318 63.838745 100.859847
919.004979 517.687653 63.786406 100.167544
919.272850 517.008123 64.294445 101.056649
920.562380 518.038187 63.535497 100.813487
920.783532 517.666182 64.099478 101.051229
921.588374 517.601079 63.982582 101.615910
922.447122 517.981807 63.754603 101.527490
922.806192 518.393627 64.314167 101.213345
923.510299 519.658266 63.966964 100.358394
923.986562 519.798118 64.278433 100.743286
925.230960 520.113064 63.560375 100.936982
926.040962 519.422549 63.521418 101.633151
926.712753 520.359427 63.604583 100.760331
927.333024 520.933499 63.459209 100.803079
928.025300 521.696393 63.334456 100.407732
928.851458 521.355321 63.559598 100.998412
929.636642 521.942679 63.591884 101.645794
930.448966 522.222466 63.176731 101.531233
930.623087 522.600046 63.767343 101.401262
931.600133 522.809098 63.680602 101.602607
932.027951 523.564104 63.996990 101.533048
933.082159 523.427003 63.614238 101.063911
933.468515 523.358649 64.176717 101.399250
934.182012 524.253427 64.282194 100.958966
934.716773 524.835652 64.126278 100.673646
935.545899 524.976822 64.135770 100.781099
936.181983 525.153832 64.135387 101.502011
937.269548 525.363734 63.317158 101.020220
937.485353 525.696370 63.234568 101.579263
938.931610 525.878253 62.750102 101.728693
939.352656 525.874047 62.816474 102.303284
940.047360 526.771684 63.087060 101.522685
940.485336 527.492135 63.379346 101.342140
941.305767 527.185475 63.779156 101.718380
941.817148 527.776490 63.806144 101.632066
942.600108 527.947309 63.864072 101.708535
943.486882 528.294605 63.175018 102.015820
943.967044 528.705190 63.532377 101.755288
944.787562 529.016234 63.750161 101.835445
945.675294 529.570572 63.095233 101.641813
946.080574 529.703074 63.201040 102.032856
946.750250 530.050694 62.803242 102.391400
947.694036 529.404605 63.103858 103.104682
948.261319 530.776509 63.087866 102.620236
948.664177 530.527148 63.305376 102.930524
948.759921 531.294578 64.351684 102.705441
950.056695 531.406160 63.614923 103.115724
950.552494 532.232143 63.827938 102.338015
951.223214 532.468012 63.742340 102.842051
952.271358 533.058676 63.622011 102.906950
953.234107 533.711210 63.548909 101.959117
953.471654 534.222471 63.570172 102.615614
954.108291 534.328459 63.857245 102.439946
954.564145 534.641848 64.001741 102.224779
954.954136 535.090851 63.902080 102.318077
956.048143 535.223529 63.911936 101.958153
956.779032 535.844915 63.990677 101.957460
957.316392 536.225345 63.401300 101.742464
957.852992 536.874361 63.938378 101.468936
959.047398 537.050682 63.416818 101.850055
959.027962 536.831644 63.815099 103.049598
959.359430 537.885512 64.167056 102.030602
960.337496 537.915691 64.067637 102.388919
960.759936 538.068324 64.388273 102.820845
961.820076 538.753513 63.889528 102.224144
962.146610 539.363715 64.148244 101.701812
962.702537 539.467250 64.067118 102.681299
962.968241 540.023910 64.558219 102.793190
963.490751 540.371296 64.194963 102.261934
964.069779 540.953168 64.741687 102.406317
964.332720 540.478117 64.498607 102.941744
965.035327 541.791064 64.456527 102.286591
965.552487 541.083900 64.859057 103.171282
966.286703 541.455612 64.655695 103.043192
967.013300 542.378867 64.524328 102.301915
967.705753 543.098259 64.040510 102.324381
968.261375 542.518069 63.740639 103.397680
968.513982 543.513916 64.085593 103.101827
969.150344 543.779812 63.753931 102.839684
969.629225 544.577188 63.824116 102.785864
969.876668 544.428880 64.052405 103.487227
970.091737 544.910838 64.117147 103.253388
970.372358 545.513912 64.313365 103.495130
970.855665 546.206023 64.135286 102.772198
970.849537 546.580133 64.713433 102.941744
971.364183 546.753669 65.023382 102.335515
971.803530 547.995776 64.873335 102.380822
972.411844 547.739153 64.237500 102.551190
973.007684 548.263743 64.555364 103.088522
973.671518 549.102019 64.344748 102.578748
973.809929 549.231540 64.461273 102.844793
974.253344 549.611859 64.359735 103.039471
974.647686 550.580171 64.074405 103.240139
974.881078 550.703753 64.316149 103.175341
975.052614 551.475836 64.448431 102.946810
975.093704 552.171370 64.847115 102.806851
975.451329 552.475857 64.856186 102.501819
975.996865 553.440495 64.679992 102.230477
976.971539 552.824855 64.032444 103.719668
976.496973 553.170611 64.711943 103.285981
976.816080 553.566256 65.015577 103.883958
977.175921 554.911705 64.298051 102.730512
977.253361 554.703745 64.468747 103.421958
977.731168 554.665393 64.698176 103.656160
978.220332 555.209503 64.365872 103.932783
978.575237 555.890261 64.522549 103.792532
979.154757 556.485357 64.311638 103.647310
978.816049 556.928153 65.126287 103.949086
979.346343 557.483782 64.503452 102.958913
979.608517 557.543376 64.625418 104.033074
979.624545 557.784466 64.520421 103.699203
979.924700 557.962652 64.764141 104.000045
980.136965 558.764135 64.705111 104.024702
980.457493 559.448617 64.310754 102.944661
980.803489 559.366786 64.320314 104.002626
981.268838 559.615759 64.494335 104.096599
981.536003 559.913192 64.708839 104.157170
981.504673 560.448614 64.822801 104.189546
981.424422 561.053744 65.196476 104.004366
982.097932 561.210457 64.929185 104.515882
982.542663 561.805869 64.748545 104.685042
982.790953 562.157810 64.690946 104.364644
982.901865 563.322344 64.535433 104.274052
983.292336 563.210451 65.293996 104.336039
983.392841 563.954676 65.199543 104.572466
983.473023 564.302621 65.340892 104.627071
983.791031 565.682525 65.245366 104.430627
984.346341 565.100842 64.944866 104.649549
984.711922 566.496449 65.138989 104.555793
984.987580 566.358813 64.715427 104.487771
985.306875 566.257845 64.652884 104.549546
985.306875 566.507406 64.910504 104.443090
985.503519 567.004231 65.084102 104.341979
985.552909 567.457549 65.187024 103.958470
985.828016 567.507406 64.948572 104.514792
986.068663 567.855503 65.185617 104.816842
986.588853 568.501232 65.119273 104.392361
987.259919 568.607015 64.888043 104.164651
986.747249 568.507405 65.617921 104.550701
987.077203 569.098015 65.630968 103.910326
987.552878 569.401997 65.632311 104.131410
987.869797 569.302637 65.352681 103.980240
988.503518 569.796085 64.935687 103.199649
988.855664 569.764603 64.718660 103.099217
989.013330 569.664843 64.560995 103.535027
989.731162 569.715017 64.256497 103.712839
989.816110 569.814166 64.247427 103.295585
989.617177 569.923690 64.591768 103.478814
989.855695 570.012083 64.499094 104.238274
990.485074 570.160799 64.172591 104.673818
990.343865 570.607014 64.619219 103.879943
991.040028 570.615731 64.500419 104.562544
991.188072 570.562333 64.918737 104.200563
990.948637 570.936995 65.121362 104.356885
991.503516 570.717128 64.566483 104.229148
991.783386 570.989160 64.911088 104.298486
991.908502 571.013639 64.868083 104.180458
992.227733 571.342988 65.211469 103.545921
992.343858 571.272430 64.619219 103.170266
992.736733 571.121023 65.131826 103.230328
993.140644 570.863670 64.810375 103.813009
993.808753 571.694214 64.178904 103.045704
993.881064 571.632981 64.242783 103.344700
994.052552 571.774500 64.047224 102.662643
994.629243 572.370473 63.460358 102.545637
994.798954 572.328447 63.730771 102.932208
994.690423 572.133387 64.218294 102.530678
994.530192 572.312547 64.559402 102.329084
994.928727 571.973046 64.707483 103.713952
995.299639 572.762811 64.688064 102.919974
995.647622 572.269690 64.696662 103.222020
996.013360 572.718664 64.050177 102.912640
996.164624 572.182884 64.179331 103.107269
996.093731 572.822683 64.519350 103.247122
997.273824 572.788588 63.631655 103.040791
997.436799 572.380484 63.980047 103.296406
997.332724 572.229521 64.498607 103.538945
998.039956 572.437895 63.764784 103.391484
998.007611 572.779804 63.398109 103.334629
998.203687 572.375777 63.309376 103.098764
997.992769 571.984771 64.082303 103.130647
997.730287 572.022360 64.504490 103.628993
998.633347 572.554873 63.393858 103.277610
998.667508 571.636939 64.152222 104.110596
998.575228 571.665408 64.266104 103.797892
999.116572 571.814165 63.907813 103.755721
999.325497 572.084604 64.285524 103.349129
999.686773 571.623396 64.181066 103.622929
999.376149 572.102034 64.687326 103.925969
1000.408128 571.412015 64.102470 104.776715
1000.464323 571.462139 64.202683 104.300754
1000.496785 571.819755 63.907917 104.563886
1000.536017 571.632704 64.086494 104.505211
1001.116525 571.739918 64.128331 103.900785
1001.402829 571.960660 63.443331 104.071818
1001.556775 571.585619 63.579378 103.897462
1001.647656 570.990973 63.675852 104.978948
1001.808749 571.037312 63.886556 103.851828
1001.776456 571.473101 64.105921 103.455491
1001.376210 571.296908 64.651026 102.841378
1001.996860 571.788101 64.053673 102.733796
1001.968258 571.358376 63.976634 103.359861
1002.052613 571.120073 64.156332 103.610215
1002.130913 571.261591 64.041616 102.925858
1002.047025 571.075353 64.224175 103.544141
1002.169961 571.013655 64.331083 103.026372
1002.213491 570.241631 64.399534 104.528845
1002.346331 570.335261 64.430249 103.561497
1002.299658 570.683687 64.432170 103.195298
1002.803492 570.508272 63.592217 103.073602
1002.759944 570.083892 64.169102 103.031539
1002.919703 570.301499 64.314209 103.369483
1002.816048 570.190905 64.320074 103.588929
1002.816048 570.402723 64.102430 102.833928
1002.889222 570.146278 63.803366 102.834326
1002.328410 569.801515 64.400127 103.508536
1002.100811 570.241222 64.376455 102.204931
1002.164675 569.304433 64.106525 103.170082
1002.133677 569.580157 63.651458 102.545565
1001.883943 569.849627 64.266396 102.559308
1001.968258 569.639762 63.724337 102.096469
1001.684687 569.032299 63.497541 102.886706
1001.876648 569.153472 63.616876 102.321049
1001.923588 569.259960 63.507797 102.246874
1000.911942 569.190654 63.916554 102.168793
1000.804371 568.492068 64.309694 102.520315
1000.849613 568.479095 63.986986 102.916198
1000.124884 568.083859 64.711715 102.753260
1000.133727 567.845067 64.479347 103.577568
999.738550 567.430119 64.197476 103.065138
999.647705 567.684254 64.038030 103.435536
999.093748 566.847112 63.834452 103.345476
999.007604 567.266533 63.684920 103.953346
998.537125 566.513930 64.128683 103.624371
997.721539 566.332186 64.442720 103.894784
997.020730 566.108949 64.820533 103.337182
996.738528 566.554876 64.413242 102.680517
997.164617 565.683461 64.070167 103.052744
996.361867 565.562023 64.103112 103.120311
996.332749 564.955020 63.523894 103.091227
995.530186 564.482521 64.595669 103.876944
995.181975 564.267349 64.131918 103.421546
994.617146 564.120089 64.156801 103.511246
994.091943 563.585650 64.107946 103.307290
994.372311 563.632951 63.951188 103.295386
993.852208 563.384281 63.506528 103.101804
993.326978 563.034361 63.986259 104.032420
992.819497 562.573477 63.581260 103.918233
992.253354 562.915591 63.926063 102.815925
992.125505 562.534444 63.927888 102.691295
991.489987 562.252445 63.417937 103.367062
990.889210 562.146285 63.803366 102.736492
989.919602 561.640510 63.741310 103.416870
989.530087 561.455461 63.721310 103.818582
988.526438 561.179703 64.258745 103.869493
988.457489 561.121039 64.019737 103.405881
987.444334 560.626921 64.735091 103.351969
987.173474 560.416831 64.528299 103.341945
986.779097 560.319197 64.517074 103.916356
986.862434 559.917451 63.630942 103.841325
985.852223 560.013640 64.111738 103.026372
986.046948 559.676443 63.430291 103.797028
985.490754 559.985974 63.905011 103.486288
984.771225 558.980168 64.336254 103.788300
984.091913 559.084620 64.001059 102.955407
983.889165 559.021153 63.803366 102.956531
983.530174 558.942632 63.413114 102.924019
982.518646 558.268752 64.614885 103.254692
982.577150 558.319228 64.196798 102.613469
982.650459 558.287783 62.589937 102.888862
981.844166 558.041739 63.302515 102.908056
981.954148 557.907342 63.395096 103.106783
981.720958 557.094864 63.520311 103.159262
980.845261 557.034355 64.431985 103.466352
980.497003 556.972041 64.421537 103.625230
980.575190 557.155478 63.829521 103.031956
980.490695 556.754961 63.688654 103.421690
979.973238 556.419871 63.562699 103.508457
980.226690 557.162858 62.916697 102.358036
979.638337 556.475832 62.985314 103.621349
979.398136 556.919469 63.294428 103.742913
979.164645 556.790659 63.098363 102.653334
978.764596 556.640543 63.524250 103.433870
977.973288 556.824848 63.811894 102.734115
978.164651 556.774278 63.312641 102.902627
977.564091 556.640496 63.821110 102.961198
977.667555 556.577633 63.785825 102.993475
977.889205 556.528398 63.160442 103.289933
977.992713 556.392947 62.854631 103.523734
977.876617 556.343338 63.185157 103.258356
977.603391 556.380499 63.208295 103.579668
977.007658 556.479128 63.541287 103.339203
977.203734 557.611538 63.237799 102.156124
977.143571 556.705930 63.050149 103.393190
976.915390 557.035024 63.253980 102.987137
976.837789 556.689924 63.009562 103.543877
976.759927 556.591045 62.696718 103.572119
976.207394 557.223527 63.107953 103.037132
975.798892 557.641839 63.550299 103.064421
975.485311 557.709838 63.469136 102.761770
975.524736 557.624554 63.501256 102.557120
974.668353 557.138733 64.846271 102.829047
975.052614 558.166896 63.685270 102.255738
975.199264 557.772674 63.196470 102.292851
974.950604 557.597425 63.494686 103.650314
974.686754 557.809796 63.745157 102.529431
974.524742 557.695407 63.932657 102.583739
974.720912 558.058693 63.628286 102.068905
975.066600 557.842590 63.270732 103.157416
974.485317 557.411360 64.044353 102.575709
974.876636 557.358377 63.364586 102.916449
974.876636 557.745833 63.364586 102.663087
974.247319 556.996729 63.886178 102.727254
974.436859 556.887319 64.016541 103.630121
974.411886 557.296893 63.803508 102.645020
974.603409 557.258528 63.422589 102.952771
974.127401 556.392947 63.470962 103.594054
974.398169 557.197532 63.800340 102.323362
974.406253 556.624560 63.906923 102.605844
974.759939 556.358384 63.409444 102.720190
973.682469 556.607128 64.811043 102.161275
974.164678 556.510650 64.070167 102.319235
974.247319 555.977811 63.778680 102.350141
974.238311 555.053967 64.129695 102.884549
974.530094 555.580139 63.901817 103.090804
974.803547 555.004347 63.664556 102.976264
974.406253 555.502823 63.942945 102.659151
975.108249 555.287802 63.132973 102.741771
975.160082 555.148234 63.450071 103.044077
975.164671 555.607134 63.169691 102.063191
975.600121 555.322219 63.061761 102.824122
975.471670 554.925571 63.210175 102.749745
975.702588 555.432785 63.158916 102.369609
975.081595 555.217226 63.933248 102.389732
975.681798 555.223539 63.451692 101.666416
975.677572 555.393225 64.201790 102.293539
975.690457 555.012988 63.679596 101.586320
975.794955 555.291013 63.794580 102.003075
976.199240 554.315694 63.339310 102.165287
976.002676 554.705216 63.750928 101.755288
976.081503 554.461871 63.779977 101.998633
976.160058 554.570561 63.917899 101.837982
976.510297 554.287273 63.279220 102.270861
977.119801 554.147129 63.211905 102.313374
976.361632 554.147129 64.011635 102.655557
977.382758 553.907367 63.143708 102.861049
976.804403 553.766183 64.382132 102.757248
977.203734 553.809804 63.922154 102.334000
976.966553 553.676559 64.310627 103.129081
977.441408 553.703770 63.876844 102.537703
977.167419 554.023909 64.326074 102.152723
977.720893 553.479102 64.208130 102.951327
978.035370 553.232323 64.235378 102.674220
977.889205 553.718877 64.272966 102.753376
978.086282 553.217057 64.184894 102.861491
978.514007 553.091360 64.012445 102.640131
978.167503 553.083298 64.834532 103.276197
978.692325 553.450545 64.442213 102.933702
979.208879 552.942565 64.365416 103.491185
979.595060 553.402709 64.384241 102.196744
979.368889 553.537632 64.756980 102.920787
980.325467 553.084620 64.175547 103.102830
980.093671 553.441009 64.737624 102.339659
980.569299 553.684236 64.591177 102.096432
980.368882 552.968776 65.047977 102.135625
980.725696 553.335924 64.324809 102.283558
980.770124 552.977829 64.610287 101.573152
981.087342 553.535568 64.514758 101.972376
981.207453 553.153482 64.612390 101.785053
981.326963 552.744818 64.347613 101.845162
981.720958 552.745865 64.427301 101.826508
982.146666 552.953184 64.479746 101.913466
982.720952 552.709825 63.953617 102.663322
982.968201 552.744818 63.509059 102.284730
983.316403 552.527164 63.437214 102.391840
983.510310 552.351011 63.495404 102.519212
983.587407 552.502842 63.744312 102.020602
984.602897 552.456784 63.130160 102.559898
984.199230 552.491986 64.168809 102.378237
984.047139 552.502842 64.374198 102.511321
984.743899 552.393630 64.039088 102.832084
984.206430 552.358364 64.846918 102.916449
984.617116 552.226268 64.337572 102.666673
985.046955 552.196551 64.589230 102.534965
985.093730 552.266540 64.410567 102.415821
985.164605 551.985990 64.618375 103.041000
985.490754 551.880356 64.086020 102.900337
985.996891 551.880356 64.017069 103.048005
985.968181 551.880356 64.085161 102.900337
986.007599 551.703774 64.372779 103.126118
986.013330 551.632975 64.597662 103.196918
986.441407 551.753638 64.871702 103.174939
986.214208 551.890262 65.250238 102.752496
986.376210 551.890262 66.160639 102.801692
986.584897 551.937005 65.669383 102.368363
986.738579 551.997775 65.395933 102.238847
987.053608 551.858420 65.253883 102.378201
987.577119 551.823516 64.668180 102.906758
987.696893 551.997775 64.950781 102.337334
988.053675 552.371318 64.450639 102.212848
987.968259 551.836844 64.778048 102.491132
987.973314 551.845099 65.223931 102.445236
988.213564 552.067286 65.093994 102.465165
988.416509 552.021144 65.121149 102.612108
988.456781 552.344336 65.707693 102.485043
988.779050 552.136205 64.843443 102.457359
988.933012 552.161522 64.971290 102.717594
988.934640 551.526554 65.081655 103.549796
989.100748 551.903720 64.740519 102.885857
989.530087 551.648627 64.447307 103.428998
989.132783 551.473086 65.662054 103.158219
990.097906 552.042857 64.302737 102.449314
989.889217 551.884578 64.930566 102.636304
990.530063 552.032542 64.374215 101.713494
991.031296 551.807657 64.080318 102.160131
990.723238 552.228129 64.661965 102.378881
991.007657 551.774494 64.445722 102.125732
991.047006 552.093429 64.369878 101.594026
991.160061 551.982126 64.207991 102.083407
991.406237 552.293538 64.925336 101.596437
991.409331 552.335931 65.044041 101.156677
991.759923 552.535529 64.718822 101.577110
991.518590 552.537639 65.119668 101.303816
992.047000 552.083304 64.552599 101.855237
992.087273 552.542780 64.623505 101.879586
992.127378 552.433180 65.130760 101.505361
992.449675 552.748720 64.967196 101.575267
992.368894 552.711226 65.487659 101.373103
992.889197 552.580167 64.783679 102.594993
992.771210 552.371318 64.914491 102.853270
993.052613 552.332217 65.111891 102.169679
993.093714 552.545435 65.287474 102.778124
993.299594 552.893332 65.203754 102.343320
993.416478 553.032572 65.047907 102.154893
993.842338 552.491009 64.983020 102.457844
993.771185 553.576674 65.060129 101.105687
993.641671 552.977829 65.947820 101.573152
994.013466 553.585437 65.700483 101.602029
994.647647 553.684236 64.844194 101.362013
994.270784 553.572407 64.934557 101.951030
994.409311 553.510633 64.716550 101.926479
994.449662 553.258553 65.113332 102.215977
994.456780 553.580143 65.301222 101.514874
995.125486 553.748713 64.915390 101.624434
995.642690 553.849637 64.395850 101.234687
995.443295 553.601049 64.852041 101.908217
995.570343 553.709819 64.555511 101.491438
995.923551 553.918686 64.772852 101.019848
996.081476 554.185608 64.982296 101.715551
996.570336 554.023909 63.871156 101.420065
996.401339 554.085067 64.660058 101.913797
996.409298 554.301358 64.716550 101.093995
996.724610 554.016951 64.534403 101.609721
997.120758 554.090868 64.832490 102.120456
997.372328 554.473920 64.422559 101.359954
997.604520 554.501719 64.799912 101.514939
997.409292 554.641858 64.934650 101.734922
997.530173 554.433167 65.363160 101.992474
998.253297 554.545431 64.468747 101.940673
998.326947 554.884155 65.225590 101.933348
998.610412 555.440491 65.282914 101.685237
998.690397 555.231528 65.350453 101.571456
998.403145 555.748700 65.941223 102.465073
999.060811 555.557328 65.405551 102.469368
999.376149 556.067317 64.905588 102.317124
999.451373 555.880348 65.040526 102.605753
999.577119 556.654078 64.595350 102.324174
999.247216 556.428892 65.315836 102.796842
999.376149 556.866432 65.936930 103.016012
999.544132 557.911704 65.747066 101.541084
999.892667 557.219315 65.488530 103.289647
1000.384125 557.160795 65.016482 103.850051
1000.303471 558.629592 65.317365 101.467736
1000.409363 557.921431 65.668491 102.228874
1001.169930 557.910822 65.143179 103.111024
1001.339167 559.278623 65.090166 101.758752
1001.610484 558.380485 65.393511 102.874676
1001.080851 559.822469 66.570859 102.210016
1001.980431 559.413436 65.793603 102.831726
1001.978071 559.260104 65.790114 103.010730
1002.100607 560.834894 65.852349 101.954657
1002.496941 560.367445 65.927854 102.280835
1002.616605 560.485355 65.849756 102.305147
1002.900241 560.504753 65.974696 102.289032
1002.779089 561.346951 66.432570 102.086993
1002.772426 561.345987 66.440359 101.659639
1003.295315 560.962628 66.129511 102.517252
1003.263030 561.698115 66.473376 102.091434
1003.329547 561.260098 66.470850 102.975756
1003.625577 561.547197 66.335002 102.904272
1003.828006 561.951878 66.395251 103.308217
1003.700167 562.103597 66.709166 102.633923
1003.741462 562.497987 67.081265 102.214544
1003.502390 562.547197 67.346029 102.515786
1003.905961 562.451633 66.766060 103.404802
1004.226303 562.750251 66.519179 103.194264
1004.706758 562.451633 66.328756 103.334093
1004.492609 562.302652 66.655341 103.483074
1005.037348 562.600336 66.309249 103.326901
1005.028581 562.847564 66.418187 103.292774
1005.352587 562.706501 65.646601 103.497392
1005.091180 563.497986 66.608060 102.564996
1005.132700 563.694619 66.343558 102.792342
1005.339286 563.557302 66.583882 102.888666
1005.298112 563.847549 66.401128 103.221624
1005.421438 563.855505 66.539141 103.172330
1005.617325 564.290612 66.159529 103.063738
1005.868278 564.399473 66.092300 103.407920
1005.492594 564.600305 66.879304 103.009044
1005.741432 564.501201 66.443745 102.687644
1005.854970 564.399473 66.209251 103.229623
1005.700136 564.501201 66.634357 103.037810
1005.823826 564.896889 66.848165 102.818189
1006.312319 564.896889 65.835616 103.314638
1006.380402 564.905107 66.281589 102.947293
1006.380402 565.596371 66.542766 102.046395
1006.648311 565.798879 66.046204 102.310851
1006.616603 565.705538 66.595055 102.182242
1007.019062 565.606764 66.342862 102.419946
1006.854967 565.951911 66.357897 102.144424
1006.896100 565.754868 66.802809 102.902181
1006.987834 565.896920 66.646644 102.571898
1007.339285 566.152670 66.359954 102.559858
1007.380401 566.911699 66.244387 101.738087
1007.493981 566.121008 65.972354 103.125317
1007.339285 566.350181 66.174082 102.572328
1007.059896 566.483799 66.639013 102.367784
1007.544127 567.391481 66.379040 101.752993
1007.411901 566.784439 66.388494 102.465600
1007.584886 567.216194 65.706308 102.275974
1007.370752 566.784439 66.616164 102.367737
1007.625575 566.458391 67.089043 102.917481
1007.946940 566.501216 66.612366 102.757496
1007.882479 566.451618 67.078097 102.842021
1008.019191 566.649827 66.688958 103.100564
1008.110049 566.153390 66.637299 103.667664
1008.019191 566.695497 66.502663 102.935062
1008.091178 566.847549 66.385079 102.761816
1008.007906 567.287426 66.579703 102.214567
1008.544695 567.766581 66.154211 102.022993
1008.657361 567.589562 66.479321 101.318473
1008.886841 567.722597 66.500723 101.760484
1008.702998 567.171206 66.578745 102.029889
1009.464578 566.705535 66.309522 102.705380
1009.049588 566.705535 66.649650 102.670337
1009.174149 567.193326 66.525089 102.404690
1009.091177 566.607016 66.831989 103.210398
1009.102198 566.600735 66.792872 103.273695
1009.019144 567.265438 66.875926 102.586994
1009.132698 566.656769 67.165861 102.777286
1009.325324 567.606698 66.822642 102.140381
1009.313964 566.805866 67.160033 103.046533
1009.513255 567.335218 66.795543 102.418190
1009.503299 567.565911 67.135436 102.528960
1009.864933 567.496094 66.619326 101.968193
1009.565137 567.380855 67.058680 102.212679
1010.007905 567.461683 66.952670 101.647506
1009.913599 567.903151 67.035965 102.785229
1010.019189 567.566271 66.838458 102.536810
1010.215542 567.842744 67.045352 102.749563
1010.575826 567.741296 66.870943 102.608863
1010.450897 567.302622 67.145930 102.886223
1010.492610 567.958492 67.481273 102.540606
1010.726250 567.100363 66.981850 103.286378
1010.768306 567.345508 66.753499 103.198910
1011.150604 567.053714 67.203021 103.485297
1010.701546 567.894472 67.566558 102.509241
1010.935809 567.384498 67.109317 103.121872
1011.143613 568.164404 67.014335 102.185032
1011.339283 567.548499 67.034695 102.560689
1011.617326 566.804030 66.567851 103.141257
1011.575811 566.995511 66.721326 102.860909
1011.782670 567.911698 66.551824 102.034549
1012.059879 567.624175 66.152968 102.473167
1012.263093 567.011610 65.652923 103.329215
1012.303524 566.706499 65.834954 103.993859
1012.312320 566.754003 65.947458 103.330294
1012.215541 567.202088 65.780943 103.143106
1011.772488 567.201781 67.114560 102.502719
1012.271985 567.565911 66.664038 102.528960
1012.298108 567.773697 66.774881 102.123063
1012.313954 567.589132 66.676083 102.017445
1012.355996 567.272443 66.708202 102.579137
1012.503297 567.565911 66.307776 102.777298
1012.174147 567.589132 66.973915 103.002038
1012.513298 567.037305 66.456798 102.917919
1012.132696 567.496448 67.052961 102.252035
1012.049586 567.496448 67.551229 102.202686
1012.029852 567.143566 67.755218 102.467675
1012.594669 566.450956 67.283626 104.129002
1012.654950 566.846397 67.398390 102.978434
1012.599651 566.500910 67.860385 103.760256
1012.654950 566.544875 67.700499 103.493939
1012.697031 566.195926 67.810152 103.489275
1012.989666 566.874837 67.593523 102.979370
1012.787260 566.738842 68.310416 103.262371
1012.929165 566.683169 67.383201 102.775812
1012.726248 566.252923 68.304914 104.280484
1012.645545 566.946169 68.315353 102.661012
1013.628721 565.755799 67.812142 104.149056
1013.415174 566.032087 67.644781 103.822120
1013.570485 565.925689 67.482784 103.728727
1013.528183 566.245016 67.600462 103.609301
1013.485799 565.388151 67.793901 103.536496
1013.612706 566.175155 67.365305 102.729678
1013.768349 565.879842 67.578237 103.569339
1013.358261 565.470723 68.110859 103.832530
1013.499919 565.593765 67.711196 103.510935
1013.822793 565.364143 67.532587 103.640108
1014.072553 565.150306 67.169342 103.407509
1014.513296 565.404639 66.531873 103.746959
1014.267489 565.277682 66.815264 103.327435
1014.226293 564.603768 67.120293 104.536571
1014.140600 564.593808 67.246878 104.267959
1014.056264 565.869178 68.088128 102.985163
1014.421002 565.114570 67.524844 103.097771
1014.462680 565.685181 67.407428 102.967072
1014.557315 565.526544 67.188109 102.782755
1014.700184 565.390640 67.387357 102.811206
1015.019138 565.889656 67.101176 103.010002
1014.935805 565.348925 67.259817 102.862046
1015.184968 566.301154 66.897738 101.749701
1015.187413 565.507885 66.951052 103.219734
1015.019138 565.450957 67.251884 102.866541
1015.060694 565.296079 67.513092 102.613405
1015.472459 565.246614 67.063371 103.297806
1015.628713 565.645925 67.052523 102.599074
1015.367257 565.153405 67.342425 103.210218
1015.295532 565.248154 67.348009 102.718378
1015.534269 566.027240 67.401786 102.521826
1015.658792 565.811156 67.315107 102.489539
1015.617358 565.776253 67.736284 102.672972
1015.641960 565.685181 67.440792 102.520284
1015.852250 565.915692 67.192918 102.583120
1015.823858 565.846024 67.644243 103.100251
1016.379234 565.347783 67.453055 103.037044
1016.545830 565.824822 67.135402 102.578899
1016.367242 565.846024 67.229586 103.100251
1016.462672 565.950190 67.331806 102.803219
1016.684107 565.915022 67.210955 102.690095
1016.241225 566.331553 67.770504 102.018637
1016.450898 566.193342 67.371816 102.008504
1016.409093 565.760801 67.716354 103.135959
1016.042664 565.347783 68.551411 104.027699
1015.858924 565.193574 68.791620 104.248087
1016.260208 565.696503 67.994259 103.304380
1016.485868 565.296314 68.135358 104.091216
1016.330141 565.092836 68.032587 104.313433
1016.244819 565.875922 68.269938 103.378670
1016.433568 565.364143 68.093389 103.094815
1016.654949 565.731208 68.042470 102.872170
1016.739039 564.898503 68.417782 103.556402
1016.886695 566.056388 67.991548 102.248189
1017.019136 564.798658 67.859108 103.380652
1017.237731 565.095165 67.612378 102.869716
1017.042660 564.800017 68.359933 103.004427
1017.187192 565.592816 67.941451 102.411458
1017.301819 565.404883 68.007017 102.200235
1017.173073 564.703525 68.022592 102.901593
1017.420990 564.894484 68.211474 102.807558
1017.358259 564.964940 68.453577 102.691897
1017.443354 564.894658 68.101724 102.762179
1017.443354 564.510050 68.063755 103.391507
1017.187192 564.385054 68.395924 103.619294
1017.287535 563.895325 68.303439 104.178971
1017.287535 564.577583 68.189199 103.126644
1017.101220 564.506215 68.748818 103.498060
1017.159253 564.238695 68.737566 103.318895
1017.372715 564.455330 68.142068 103.498942
1017.570484 564.665548 67.936626 102.988849
1015.821670 564.615201 68.893833 102.987271
1012.535852 564.045683 68.145117 104.135257
1006.516590 564.131658 68.591106 103.823455
1001.109477 564.084971 68.308601 103.369538
997.727701 563.995595 68.634167 103.549042
997.019813 564.850268 68.551871 102.504364
997.058133 564.545123 68.868435 102.858602
997.030260 563.845142 68.789880 103.769747
997.030260 564.296719 68.522553 103.407509
996.943939 564.067500 68.914507 103.337850
997.202042 564.086430 68.198623 103.569136
996.971631 563.392110 68.940719 104.434264
997.260197 564.556632 68.720403 102.947690
997.371060 564.095748 68.507124 104.049597
997.457560 564.577583 68.324320 103.226743
997.272869 564.455330 68.538977 103.298893
997.116298 564.735414 68.474634 102.968872
996.928410 564.665548 69.036453 103.038738
997.372673 564.131658 68.104019 103.973017
997.030260 563.995595 68.180821 104.614265
996.858893 564.577583 68.101980 103.779539
996.630210 564.946165 68.552339 103.308401
996.886697 565.016340 68.525238 103.338271
996.758787 564.426003 68.347533 104.528301
996.602634 564.765573 68.320173 103.888642
996.244777 564.735029 68.959583 104.121780
996.598856 564.647317 68.497347 104.159124
996.645519 564.515655 68.544235 103.839182
996.473533 564.593740 68.563515 103.911209
996.602634 564.664432 68.244138 103.890668
996.542115 564.735029 68.392991 103.269906
996.673139 564.735414 67.751933 103.519832
996.315581 564.789036 68.343645 103.364588
996.315581 564.735414 68.077681 103.570143
996.056238 564.753767 68.470721 103.399857
996.224641 564.735029 68.494634 103.120509
996.315581 564.944368 68.115602 102.959827
996.101207 564.647842 68.216306 103.555643
995.929172 564.805163 68.100981 103.349649
995.971598 564.399728 67.566366 103.405803
995.872650 564.474942 67.620373 103.376690
995.485854 564.404643 68.249683 103.596857
995.877711 564.455330 67.599024 103.498942
995.780966 564.647842 67.574469 103.157690
995.485944 564.615201 68.195271 103.336281
995.400899 564.805163 68.487445 103.199185
995.109364 564.805163 68.466280 102.999019
994.928458 564.364167 68.389125 103.789457
995.287535 564.522942 68.075218 103.731624
994.929140 565.013812 68.944457 103.846807
995.280215 564.444015 68.486113 104.410421
995.260181 564.999149 68.451715 104.110537
995.073357 563.984660 68.746826 105.072025
995.276247 564.145379 69.252558 104.791160
995.618734 564.843103 68.423658 103.708587
995.457602 564.664432 68.785415 103.740260
995.602633 564.416552 68.778621 104.038245
995.559678 564.717899 68.553663 103.335357
995.587189 564.735029 68.291024 103.419586
995.758755 564.595577 68.691461 103.258611
995.715966 564.874818 68.772610 103.229824
995.971598 564.193549 68.210918 104.000948
995.726821 564.664432 68.560002 103.440243
995.630177 564.416552 68.743436 103.938059
995.816348 563.793984 68.834162 104.333714
995.830460 563.894590 68.652279 104.375420
995.688331 564.295740 69.155354 104.296086
995.700122 564.042102 69.126826 104.771950
995.273935 564.772745 69.576841 103.879794
995.099794 564.576641 70.218458 103.777047
995.499542 563.993501 69.525255 104.658063
995.587017 563.993501 69.322120 104.587051
995.789390 564.979246 69.255678 103.883647
996.132062 565.139154 68.312549 103.919924
995.770392 564.665113 69.049722 103.892502
995.960159 565.278734 68.522580 103.326174
995.801462 564.712169 69.149544 104.442676
995.916997 564.441591 68.794955 104.916015
995.704216 565.209902 68.952981 103.994708
995.688331 564.694299 69.660847 104.713288
996.019973 565.124560 68.889165 104.735937
995.960159 564.280475 69.136044 105.927410
996.292902 564.834775 68.890888 104.913912
996.143434 565.068664 69.167066 104.895995
996.613972 564.956147 68.720430 105.354966
996.143434 565.134866 69.243920 104.719768
996.704214 564.841356 68.606286 106.509051
996.549962 565.699006 69.151165 104.400816
996.704214 565.713694 68.798633 104.996839
996.661520 565.784906 69.305744 105.588010
996.890353 566.192276 69.004895 104.607039
997.089145 566.043123 68.737764 105.269318
997.105720 565.739765 68.919096 105.339953
997.105720 565.993538 69.189902 105.626748
997.464178 566.037584 68.966343 105.549231
997.507118 566.088582 68.769385 106.256642
997.549985 566.241372 68.803479 106.432512
997.545928 567.121000 68.715484 105.237390
997.704212 566.933466 68.952981 106.070727
997.678171 566.935480 69.139351 105.938818
998.377553 566.884399 68.227637 105.416598
998.132078 567.395105 69.118612 105.646679
998.507141 567.190457 68.769385 105.864420
998.248361 567.495371 69.297983 105.777087
998.592804 568.150001 69.224741 105.087032
998.499503 568.195961 69.796061 105.496848
998.692496 568.042185 69.027928 105.271953
998.804365 568.296999 69.143246 104.962224
999.276226 569.053539 68.249187 104.512318
999.405246 569.717393 68.014384 104.450571
999.159168 568.730107 68.699236 105.326586
999.105662 570.332614 69.112376 104.642384
998.924446 569.850941 69.848828 104.951158
999.161552 570.755709 69.733764 104.872515
999.334942 570.305599 69.404997 105.148342
999.507163 569.986559 69.817711 105.815735
999.692506 571.181805 70.154709 104.673867
1000.464152 571.547107 69.236971 104.455067
1000.446904 571.855985 69.210281 104.956089
1000.489965 571.076256 69.477290 105.788873
1000.342989 572.672607 69.724629 104.592473
1000.847659 571.833301 69.061477 105.467715
1000.761075 572.044169 69.612172 105.830394
1001.165493 572.042163 69.368537 106.243185
1001.006119 572.450031 69.932277 106.017312
1001.310006 572.749739 69.980605 106.442722
1001.318982 573.816465 69.945566 106.113176
1001.450467 573.968348 69.930970 106.091788
1001.668158 573.632271 69.791333 106.327157
1002.352465 574.816487 69.224347 104.894386
1002.618718 574.485197 69.232043 106.243902
1002.122143 574.794501 69.906811 106.495987
1002.500597 574.535398 69.872281 106.507651
1002.926977 575.207719 69.767431 106.389243
1003.012666 575.534712 69.525033 105.868847
1002.692539 575.743548 70.627888 106.144666
1003.025976 575.895338 70.268118 106.546824
1003.112933 576.202591 70.615630 105.768233
1003.494119 576.508698 70.200227 105.606667
1003.786907 577.811881 69.569585 104.761591
1004.276224 577.178690 69.213617 105.686456
1004.248308 577.647389 69.724800 106.320407
1005.075131 579.111278 68.941382 104.897667
1004.630607 578.841330 70.132412 105.670313
1004.830878 580.181840 69.835202 105.185919
1005.122809 580.192286 69.216326 104.657728
1005.230485 580.843115 69.079995 104.467992
1005.575875 580.713708 69.042659 104.946085
1006.043220 581.491146 68.885171 105.086671
1006.276261 580.575919 68.748531 106.068013
1006.550001 580.986525 69.112398 106.285920
1006.610328 581.899056 69.406150 105.263464
1007.309447 582.206147 69.211806 105.512860
1007.507156 582.983125 68.884851 104.928305
1007.704189 582.178688 68.721614 106.405350
1007.848130 583.899265 69.320144 105.330651
1008.487801 583.127510 69.002019 106.275818
1009.116879 583.590635 68.239543 106.443517
1009.016811 584.190465 68.568148 105.253234
1009.543200 584.643969 68.853322 104.999956
1009.532947 584.896221 69.046985 105.216555
1010.191095 585.599337 68.372561 105.530892
1010.529954 586.195962 68.302203 105.388083
1010.532945 586.492237 68.892851 105.838483
1011.475085 586.241354 67.994024 107.059290
1011.461930 586.845369 68.373990 105.970087
1011.697684 588.193266 68.675558 105.244466
1012.127243 588.284251 68.029872 105.527833
1012.543193 588.926993 67.921075 104.126416
1013.494667 589.735435 66.754283 104.837126
1013.640713 589.640765 67.351402 104.765421
1014.043773 590.455336 67.243109 105.372937
1014.446800 590.192432 67.097040 105.772071
1014.694514 590.765568 67.686770 105.555304
1015.425533 591.434938 67.670626 104.624121
1015.073305 592.156347 68.517618 105.123169
1016.194273 591.959617 67.734192 105.244978
1016.446803 593.278722 67.857813 104.542914
1017.331682 593.092801 67.411954 105.495170
1018.061388 594.014171 67.358271 105.204721
1018.363677 593.840412 66.954068 105.099444
1018.681919 594.243893 68.075872 105.890861
1019.543273 595.979225 67.004877 104.855364
1020.251752 595.339475 67.352046 105.971987
1020.587525 596.647290 67.818017 105.276539
1021.139414 596.280448 67.534273 105.963386
1021.830260 597.505828 66.945435 105.571559
1022.897286 598.024411 66.961118 105.489917
1023.126341 598.522967 66.670090 105.705354
1024.175108 598.375743 66.760006 105.986370
1024.488193 599.717396 66.829469 105.785282
1025.620925 599.773140 66.187828 105.995430
1026.096124 600.238677 66.762356 105.938392
1026.696817 600.694311 66.627905 105.524593
1027.171137 601.238702 67.125893 105.529893
1027.694441 601.035490 67.190304 105.592225
1028.302791 601.743644 67.386260 106.083352
1029.234343 602.143103 66.617408 106.561261
1029.788504 602.636761 66.618001 106.882672
1030.433811 603.927007 66.038671 105.856191
1031.016771 603.957347 66.194283 106.717413
1031.222577 604.907809 67.005391 106.027610
1031.948038 604.321203 66.420427 106.848025
1032.344108 604.991540 66.872399 106.824110
1033.154055 604.984432 66.242895 107.525008
1033.788583 606.642391 66.637262 105.832912
1034.422616 606.845092 66.996976 106.178598
1035.222584 607.120338 66.662173 106.353764
1036.066908 608.434933 66.492060 105.950421
1036.777283 608.375765 66.433832 106.545794
1038.051346 608.229417 65.985673 107.216244
1037.898969 609.576624 67.367263 106.479854
1038.252801 609.669267 67.068704 106.244513
1039.459054 609.687543 66.637147 106.905790
1040.073499 610.140238 66.626203 106.232672
1040.856715 611.014200 66.256603 106.695720
1041.422627 611.684179 66.652533 106.086396
1042.182386 612.048118 66.930935 106.733266
1042.870928 613.150283 66.563739 105.927091
1043.973694 613.372304 66.177811 106.511749
1044.262737 614.156422 66.660052 106.779014
1045.263810 614.575943 66.333358 106.143598
1045.737067 615.381008 66.021831 106.206565
1046.253872 615.629029 66.796468 106.037767
1047.020862 615.576053 67.322010 107.051547
1047.680320 615.716813 66.730545 107.780934
1048.405873 616.485216 66.487493 107.123317
1048.828498 617.570954 66.845169 107.507371
1050.585020 617.252335 66.247177 107.585847
1051.154015 618.356060 65.979431 107.565781
1051.944490 619.104138 65.717235 106.988075
1052.422645 619.665112 66.121162 107.231678
1053.145958 620.104246 66.070615 107.281118
1053.788508 620.720180 66.238737 107.232696
1054.433758 621.067782 65.850069 107.575073
1055.185248 621.756165 66.221222 107.248510
1055.180485 622.286224 66.998151 107.563207
1056.156716 622.268858 66.945257 107.039955
1057.195997 622.831479 66.253002 107.939536
1057.800338 623.229862 66.496219 108.048460
1058.366203 624.198249 66.374733 107.601216
1058.680335 625.212305 66.806906 107.709568
1059.524679 626.017430 66.867329 106.713691
1060.473523 626.720181 66.188277 107.129235
1060.987746 626.885017 67.224267 107.603249
1061.557484 627.981295 66.955544 106.956031
1062.073545 628.740805 66.702156 106.593911
1062.344160 628.811745 67.138581 107.163273
1062.959429 629.016045 67.142579 107.835221
1064.246447 629.654803 66.666590 107.748320
1064.234950 630.488341 67.137813 107.778390
1065.485108 630.508985 66.561164 108.466890
1065.843678 631.326153 66.821171 107.714453
1066.720364 632.305589 66.462104 107.253363
1067.194255 632.523438 66.848171 107.827183
1067.720382 633.415982 66.958190 107.435264
1068.357233 633.539165 66.560051 108.363925
1069.366169 634.399392 66.374733 107.023420
1069.948060 634.575894 66.917263 107.859043
1070.721173 635.536159 66.863824 107.368947
1070.905671 636.488357 67.087222 107.259338
1072.038537 637.016003 67.024792 106.907736
1072.919747 637.884446 66.452974 106.863220
1073.139358 638.031280 67.039233 107.766443
1073.965275 638.763895 66.928114 107.276728
1074.234945 639.991953 67.328740 106.704019
1074.992704 639.942943 67.202747 107.237395
1075.438455 640.052504 67.432215 107.902406
1075.671459 641.040566 67.665848 107.777868
1076.208131 641.013626 68.208856 107.673047
1077.019290 642.328477 67.841207 107.020951
1077.680540 642.320361 67.943145 107.869103
1078.200355 642.683617 67.886718 107.481522
1078.713191 643.130079 68.509440 108.012071
1079.628654 643.586911 67.961883 108.900239
1080.464758 644.884648 67.431283 107.669106
1081.246603 645.978068 67.377056 107.393305
1081.884265 646.105840 67.739417 107.522407
1082.612992 646.978079 67.882030 108.656182
1083.385188 646.245187 67.646362 109.394600
1083.993264 648.101308 67.558438 108.661579
1085.023289 648.048293 67.202325 108.364388
1085.451848 648.323505 67.230124 108.850168
1085.776487 648.722705 67.387386 109.183438
1086.546376 650.063270 66.753935 108.306148
1087.246645 650.981298 67.029871 108.046868
1087.411426 650.884512 67.424453 108.207765
1087.938652 651.605531 67.456455 108.160654
1088.971421 651.686733 66.787455 108.922954
1089.299349 651.650622 67.561131 109.372423
1089.791315 653.460201 67.528030 108.302650
1090.613289 653.239602 67.167519 109.317921
1091.141332 654.118740 67.542591 109.116364
1091.791359 654.971471 67.373698 108.843679
1092.506195 655.218058 67.409255 108.681581
1093.179761 656.136106 67.447559 109.022040
1094.153551 656.180964 66.780896 109.871605
1094.425576 657.228862 68.033939 109.111517
1095.720364 657.001270 67.157255 109.462298
1096.352272 657.341814 67.315969 109.205563
1096.791322 657.966688 67.450792 109.520496
1096.621438 658.446250 68.605748 110.003000
1097.497969 658.694230 68.209176 109.965828
1097.928016 659.426259 68.494806 109.498216
1098.562950 660.181522 68.536343 109.428740
1099.522072 661.874843 68.302943 108.884218
1099.787430 661.910514 68.478742 108.515712
1100.669365 662.884651 68.506783 109.569171
1101.150971 663.199122 68.323471 109.474979
1101.927754 662.875155 68.447186 110.545358
1102.822647 663.408574 67.650535 110.057365
1102.858369 664.105652 68.810556 109.962209
1103.127361 664.931299 68.854000 110.067888
1104.591077 666.284487 68.185309 108.254545
1104.853663 666.100354 69.037232 109.278084
1105.680536 667.587005 68.274029 108.351225
1105.924398 667.116295 68.240645 108.968929
1106.831857 668.090836 68.187533 109.167368
1108.153713 670.382148 67.464651 107.350806
1108.680583 669.625107 67.904450 107.951715
1108.991278 670.313351 68.288135 108.296310
1109.993246 669.621538 67.908844 108.810890
1109.840193 670.302149 68.401934 109.460705
1110.644465 669.875131 67.946545 109.830742
1110.604767 671.109122 68.869643 109.437980
1111.472385 670.746745 68.326983 109.537965
1111.942295 671.934507 68.183800 109.694200
1112.025972 673.402268 68.838117 108.093031
1112.579731 672.477510 68.920942 109.649276
1113.292760 672.904057 68.964180 109.082330
1113.219524 673.061070 69.605441 110.319872
1113.979851 673.995229 69.355179 109.249845
1114.845850 673.589163 68.734005 109.845353
1116.142969 674.715045 67.681507 109.276125
1116.258356 674.214366 68.215807 109.912406
1116.220258 675.511717 68.734333 109.993148
1116.624219 675.715298 69.239458 110.064392
1117.574324 675.334384 68.926049 110.107046
1118.044165 677.362970 68.506878 107.986167
1118.604336 676.920707 68.972487 109.396427
1119.262417 676.976404 67.844208 109.434428
1119.201347 677.022191 68.367333 109.763442
1119.597468 677.144484 68.395938 109.403083
1120.109319 676.980404 68.715627 110.025159
1120.388579 677.303620 68.760549 110.086580
1120.624241 678.430632 68.500001 109.588333
1121.233866 678.302235 68.512965 110.056062
1121.548143 677.657267 68.316270 110.386322
1121.067460 678.658356 68.902396 110.200832
1122.471266 679.080819 68.701712 110.008529
1122.708826 678.647602 68.492783 110.153839
1123.002566 678.760915 68.431791 110.093104
1122.918992 678.882605 69.101673 110.469807
1122.900438 678.468504 69.639228 110.701193
1123.385292 678.239325 69.270522 111.267895
1123.706865 678.599474 69.033615 111.615244
1124.695283 678.172720 68.202449 112.143549
1124.676046 678.874048 68.429418 111.364981
1124.474737 679.528121 68.762457 110.738149
1124.854513 679.717181 68.967997 110.973779
1125.269688 679.414358 68.749349 111.064012
1125.218264 679.792602 69.369292 110.951598
1125.593321 679.721853 68.865321 110.142430
1126.416110 679.034316 68.212944 110.903868
1126.239698 678.857509 69.103604 111.491880
1126.790842 679.715066 68.910454 110.983842
1126.686446 680.317481 68.628414 110.267123
1127.085772 679.591426 69.210633 110.812497
1127.301596 680.055722 69.354218 111.544651
1127.154345 679.683903 69.782801 111.889394
1127.853281 680.736482 69.197732 110.650704
1128.385366 680.792603 68.876793 111.004862
1129.063000 680.980682 68.290756 110.763519
1129.660861 681.408379 68.085340 110.415912
1129.304591 681.602939 68.688857 110.335290
1129.822346 681.798646 68.560216 109.635668
1129.621840 682.013572 68.599620 110.508524
1130.002557 681.574220 68.861146 111.144216
1129.878837 681.309009 68.875711 111.200728
1131.093531 681.641640 67.857648 111.209139
1130.991564 681.571959 68.005876 111.074673
1131.085795 681.512528 67.768568 110.764302
1131.579555 682.174228 67.006333 110.207368
1131.831865 681.420206 67.333186 110.446137
1132.075216 681.664245 67.224712 110.228706
1131.967399 682.022204 67.327984 109.974506
1132.195500 681.739977 67.183046 109.918262
1132.175254 682.207817 67.111069 109.419869
1132.080486 681.208449 67.231758 109.928752
1132.157557 681.159568 67.430118 109.474389
1132.050136 681.601440 67.502047 109.370963
1132.175254 681.415410 67.148977 109.977668
1132.384836 680.970098 67.541128 109.924255
1131.538438 680.389732 68.468150 110.314869
1132.222501 680.685413 68.068733 109.644276
1131.984194 681.001293 67.528343 109.763563
1132.278699 681.355808 67.097887 109.535304
1131.882325 680.853160 67.593778 108.817816
1131.936161 680.320686 67.478881 108.698690
1131.687691 680.697538 67.269702 109.144243
1131.894921 680.320686 67.252678 108.853380
1131.646031 679.315938 67.387373 109.950128
1131.454223 679.947785 67.692728 108.530378
1131.562506 679.508921 67.319021 109.130837
1131.097982 679.003699 67.443436 109.029649
1131.182155 679.403022 67.194666 108.652918
1131.242005 678.826331 66.781052 108.592811
1130.629704 678.633277 67.631334 108.185311
1130.158639 678.649588 68.313696 108.699802
1130.869987 677.078169 66.934450 110.172041
1130.787404 676.501450 66.752187 110.607739
1130.031351 676.424921 67.508240 110.339915
1129.774142 677.256739 67.282903 108.613606
1130.004564 676.055969 66.854124 109.066477
1129.352467 676.550503 66.515421 108.766597
1129.572763 676.266966 66.384213 109.052203
1129.532523 675.708249 66.728493 108.986749
1129.158656 675.076983 65.969477 109.014238
1128.267874 675.006994 67.435016 108.791692
1127.864906 673.471313 67.992305 110.125665
1128.026016 673.431274 66.804779 109.965743
1127.791364 673.341821 66.837082 109.541910
1127.770851 673.158231 66.657726 109.180961
1126.864923 672.446862 67.497733 109.423317
1127.299769 671.870099 66.948731 109.714496
1126.670975 671.764936 66.751392 108.969532
1126.531304 672.019452 66.983055 108.642374
1125.695500 671.052092 67.667174 108.799750
1125.520714 670.733952 67.247255 108.905836
1125.283556 670.093865 67.382938 108.514436
1124.822709 670.019439 67.464332 108.486013
1124.646081 669.723789 66.820098 108.107519
1124.100829 668.914226 66.997053 108.048191
1124.370920 668.513539 65.833746 107.960572
1123.870938 668.738318 66.300085 107.032250
1123.252802 667.473889 66.283479 107.534582
1123.433794 667.450382 66.000885 108.003825
1122.613935 666.458793 66.664929 108.005049
1122.184445 666.354533 66.613533 107.364501
1121.947069 665.750796 66.406473 107.264791
1121.666647 664.923734 66.957205 107.388715
1121.697635 663.908655 65.840230 108.271719
1121.194060 663.824893 66.084862 107.445795
1121.015671 663.221491 66.261205 107.345187
1120.625579 662.565022 66.059366 107.501468
1120.547176 661.661818 66.745301 107.195065
1119.746848 661.193735 66.235914 106.720024
1119.980337 660.517456 66.112276 107.611180
1119.211041 660.669248 66.585655 107.319824
1118.822701 659.378619 66.605673 107.331890
1118.501959 658.935810 66.519042 106.571923
1118.098224 658.221451 67.042530 107.141763
1117.947090 657.539136 66.257198 106.873764
1117.858245 656.506532 66.122175 107.153732
1117.344082 656.369701 66.569863 106.285530
1117.280229 655.443631 65.884997 107.173969
1117.342841 655.099405 66.314372 106.459673
1116.877708 654.758121 66.173297 106.054114
1116.599415 654.194009 66.301878 106.778550
1116.344121 653.221458 67.062374 106.888203
1115.958927 652.898867 66.949809 106.053932
1116.015678 652.062549 66.597519 106.395505
1115.682744 651.502977 66.705991 106.056094
1115.612200 651.136214 66.743134 105.868694
1115.446779 650.319936 66.683256 106.138115
1114.986033 649.466429 66.437156 106.042129
1115.208672 648.755183 66.437780 106.252874
1114.710469 647.988747 66.451622 106.368377
1114.694491 646.692537 66.099490 108.088812
1114.234928 645.629098 66.081284 107.093564
1113.808113 645.098880 66.468754 107.289095
1113.789460 644.824887 66.607499 106.987210
1113.625595 644.295631 66.583047 106.763444
1114.106477 643.848374 65.958574 106.261301
1113.499848 643.300968 66.292754 106.054900
1113.413328 642.460453 66.608904 106.195073
1113.653385 641.600762 66.066233 106.172986
1113.977077 641.157625 65.594613 106.305916
1113.764157 640.264244 65.951377 105.890586
1113.558051 639.775897 65.935454 105.933000
1113.656578 638.710240 65.803081 105.894324
1113.155278 638.227482 66.039165 106.027764
1113.009153 637.497398 65.780561 106.258726
1113.451934 636.828611 65.115447 106.229949
1112.805133 636.176186 66.021747 106.232994
1113.214555 635.238292 65.694658 105.966276
1112.968485 635.747811 65.598896 105.518867
1112.846918 634.293970 65.793820 105.362881
1113.125955 633.540119 65.253960 105.812078
1112.926990 633.066780 65.415751 105.636918
1113.125955 632.136504 65.291134 105.267187
1112.752491 631.503574 65.994518 105.999385
1113.049751 630.644865 65.739963 105.860086
1113.291886 629.957071 65.275495 106.756324
1113.251698 629.238327 65.204868 106.367020
1112.968485 629.248994 65.561942 105.555058
1113.125955 627.922572 65.701891 106.631978
1112.858236 627.755209 65.638885 106.051257
1112.350155 627.120455 66.513890 105.918355
1113.332402 626.576024 65.389013 105.278422
1112.793610 626.049187 65.768608 105.857251
1112.723046 625.739493 66.215422 105.616348
1113.049751 624.515220 65.963281 106.246070
1113.090279 625.345496 65.773766 105.576050
1113.009153 623.852072 66.153312 106.182970
1113.290769 623.809112 65.760227 105.552983
1113.564552 622.883802 65.629891 105.819854
1113.605102 622.899632 65.478381 106.068142
1113.605102 622.703121 66.035660 104.801789
1113.752488 622.042970 65.588849 105.368237
1113.966944 621.320370 65.711178 105.531222
1114.125978 621.139720 65.814487 105.113600
1114.038876 620.613158 65.560240 105.488344
1114.442134 620.611542 65.751193 105.293078
1114.113992 619.773754 66.191692 106.080584
1114.413260 619.520661 66.158362 106.298901
1115.214512 618.865282 65.883138 106.193287
1115.009219 619.138097 65.966597 105.419276
1115.452000 618.540221 65.897926 106.429564
1114.919289 618.027415 66.540328 106.019847
1115.699831 617.502968 65.355345 105.854152
1115.278843 616.777073 65.989759 106.864855
1115.934795 617.137053 65.722415 105.418943
1116.046641 617.435254 65.444957 105.634488
1116.006851 616.674804 66.958076 105.677351
1116.290752 616.129465 66.243530 106.097366
1116.167570 616.282317 66.816949 106.088647
1116.788494 615.933848 66.238737 106.054220
1117.096105 615.845088 66.152851 105.872612
1117.925625 614.524182 65.650004 106.430088
1117.616223 615.487493 66.217820 105.383010
1117.350224 614.848531 66.625595 105.356510
1117.737125 614.916859 66.511856 105.394573
1118.090348 614.916859 66.147056 105.495934
1118.090348 614.630228 66.409975 105.474426
1118.251768 615.208921 66.740371 105.312585
1118.656518 614.447567 66.478907 105.506716
1118.681906 614.390109 67.234201 105.470536
1119.182419 614.048121 66.816529 105.258624
1119.249749 614.238706 66.584251 105.887230
1119.454010 613.867096 67.136919 104.887182
1120.130777 613.845084 66.709510 104.911058
1120.564525 614.102912 66.150978 105.062096
1120.846915 613.791771 66.698163 104.811583
1121.049825 613.747842 66.412846 105.011609
1121.113965 613.321714 67.127951 105.381947
1121.413251 612.882957 66.383151 105.244777
1122.244552 612.971390 65.695909 105.539065
1122.113988 612.103263 66.489455 107.119662
1122.506724 611.884991 66.407308 106.783548
1122.828525 612.104229 66.236551 106.973145
1122.817419 611.563179 66.462717 107.772009
1122.789440 611.665304 66.607499 107.464921
1123.394028 611.575986 66.572012 108.275249
1123.516311 611.252202 66.656770 108.478906
1123.309435 611.929339 67.165722 106.991916
1123.707642 611.502276 67.030040 107.267873
1123.947106 611.649602 67.311397 106.916235
1123.571992 611.612812 67.953442 106.901983
1124.085375 611.509027 68.059681 106.913784
1125.286569 611.836471 67.182554 106.791785
1125.001115 611.814661 67.358102 106.917124
1125.357246 611.280467 68.016003 107.643284
1125.695092 612.112717 67.854731 106.615362
1125.739456 611.906382 68.323944 107.068625
1125.822691 612.293524 68.379695 106.473847
1126.058830 612.366043 68.410243 106.247706
1126.226164 611.459067 68.474962 107.488410
1126.098004 612.471765 68.508948 106.825721
1126.545903 612.510758 68.328501 106.719151
1127.289623 611.884524 67.430753 107.333365
1127.016844 611.855985 68.413676 107.562032
1127.490164 612.340441 68.214738 106.851989
1127.879267 612.906480 68.343325 106.323429
1128.392412 612.326147 67.272450 106.687322
1128.666632 611.768233 67.299395 107.951297
1129.208136 612.834774 67.627724 106.498259
1129.294499 612.340558 68.131320 106.981213
1129.879289 612.582942 67.879567 106.543939
1129.988442 613.305582 68.384805 106.374075
1130.639566 613.699009 67.713870 106.807961
1130.613988 613.105847 68.256676 106.703701
1131.680538 612.770121 66.756751 106.755267
1131.127263 612.882480 67.953350 106.886995
1131.802990 613.241352 67.743327 106.726458
1131.988384 613.280991 68.579345 106.484421
1132.122858 613.488509 67.834162 106.509126
1132.803012 614.561088 67.473508 105.260240
1133.028311 614.035511 67.176752 106.644574
1133.419158 614.570960 68.083672 106.315097
1134.070868 614.161820 68.108483 106.915760
1134.100772 614.402276 67.716290 106.365116
1134.830199 614.415962 67.749743 105.590517
1135.139384 615.007351 67.725902 106.070038
1135.294485 615.031940 67.824356 106.136570
1135.830197 615.248265 68.253772 105.411498
1136.085257 615.427800 67.538561 105.740709
1136.788466 615.286215 67.423496 105.874119
1136.724644 615.467503 68.371549 106.661141
1137.392427 615.945126 67.462827 105.610266
1137.196485 615.612046 68.223091 106.516598
1137.433805 616.017439 68.112554 106.149282
1138.029659 615.759832 67.343051 106.857051
1137.947081 616.560626 68.154913 106.825598
1138.475038 616.105821 68.226077 107.779899
1138.687737 616.532636 68.382585 107.712875
1139.158674 616.550525 67.507768 107.263059
1139.309420 617.556312 68.314256 107.471838
1139.490147 617.714672 67.943546 106.499116
1139.864255 617.581977 68.315112 107.613804
1140.283486 618.390121 67.918848 107.042327
1140.924825 618.032171 67.853893 107.083430
1140.720798 618.437408 68.210818 107.332717
1141.116881 619.184721 68.394130 106.543331
1141.267885 619.293505 68.047108 106.679090
1141.639628 620.017435 68.294586 106.251636
1142.058911 620.556333 67.910923 106.329408
1142.707599 620.632771 67.641266 106.650445
1142.655815 621.419432 68.639742 106.535487
1143.843653 621.184557 67.394377 107.045355
1143.864234 621.632789 68.083389 107.114913
1144.208204 622.402268 68.092151 106.673172
1144.762256 622.727527 67.322351 107.520010
1144.884278 623.293548 68.010999 106.371416
1145.516338 623.198231 67.721738 106.674302
1145.739447 623.740807 68.169700 106.851761
1145.932664 624.269666 67.694224 106.770947
1146.519357 624.052540 67.660027 107.798729
1147.044274 624.859774 67.369436 107.385742
1147.475054 624.476292 67.647840 106.977644
1147.680523 625.912239 67.672922 107.011404
1147.655813 625.576009 68.061090 107.707223
1148.033231 626.328468 67.900529 106.399607
1148.142673 626.161853 68.018581 107.379086
1148.671492 627.049591 67.933711 106.749122
1149.142696 626.979491 67.256810 106.995509
1148.822687 627.234572 68.317953 107.306339
1149.613316 627.678303 67.627538 106.432972
1149.697680 627.559956 67.636978 107.171841
1149.920669 627.872708 67.684546 106.909933
1150.016894 628.307219 67.762150 107.440470
1150.289683 628.142597 67.855370 107.691541
1150.366372 627.961844 68.533071 107.908320
1150.853693 629.173289 67.984464 106.860046
1150.763251 628.180709 68.130113 108.310297
1151.100467 629.750709 68.008667 107.148924
1151.350929 629.819562 67.925550 106.081125
1151.233760 629.729340 68.253514 107.780092
1151.267913 630.678844 68.262198 106.083364
1151.988470 630.280974 68.501439 107.364525
1152.075063 631.614632 68.397271 106.423537
1152.142670 630.700638 68.674852 107.753863
1152.436715 631.237823 68.247205 107.285386
1152.377515 632.004479 68.419801 107.500981
1152.604342 632.166607 68.156623 107.098448
1152.920606 632.582922 67.799768 107.163901
1153.100826 632.472470 68.406893 107.207170
1153.242006 631.754460 68.269084 108.078901
1153.055413 632.894210 68.130401 107.318317
1153.366416 632.782893 67.912998 107.395481
1153.208004 632.229903 68.473957 107.999997
1153.225612 632.513667 68.419845 107.505673
1153.853699 633.328442 68.023107 106.813325
1153.464224 633.326151 68.010975 107.096639
1153.461856 632.921483 68.451123 107.501307
1153.482074 632.917307 68.146317 107.566919
1153.629668 633.313372 68.283311 106.797943
1153.335253 634.120967 68.577727 107.093856
1153.136838 633.181564 68.567708 107.561813
1153.394669 633.896004 68.058779 106.626008
1153.487832 633.908918 67.656686 107.080045
1153.392412 633.581962 68.038131 106.635931
1153.148414 633.618393 68.110075 106.548312
1153.058877 633.252826 68.064059 106.607654
1153.226211 633.524497 67.820098 106.913252
1152.974786 633.179381 67.804231 106.783047
1152.805748 633.052517 67.935194 107.282197
1152.671440 633.038861 68.048934 107.191038
1152.461845 633.111762 68.104955 107.583234
1152.292885 632.908789 67.701988 107.356297
1152.267851 632.709513 67.511143 107.520386
1151.678171 632.253143 67.986669 107.854074
1151.353095 632.323496 68.237206 107.693920
1150.969800 632.714651 68.445250 106.499116
1150.848069 632.032158 67.778744 106.879249
1150.805702 631.979489 67.631568 106.586339
1150.191127 631.906373 68.334333 106.252259
1149.933979 631.691184 67.983326 106.118348
1149.403820 631.307227 67.729688 106.156641
1149.252839 630.759825 67.980967 106.348103
1148.933960 631.063439 67.719509 106.787798
1148.204984 629.983220 67.257775 106.719793
1147.789432 629.304052 67.872360 107.171447
1147.250522 629.362776 67.630748 106.855121
1146.932592 629.472496 67.542543 106.540980
1146.697719 629.234609 67.408916 106.997185
1145.804433 628.979529 67.698920 106.586339
1145.318747 627.889348 67.712055 107.369886
1144.550015 628.691011 67.963029 106.848659
1143.908541 627.128520 68.619964 108.180287
1143.372047 627.070387 68.562390 107.810934
1142.969816 626.289528 68.330453 108.116234
1142.242760 626.990371 68.043558 106.464328
1141.586971 626.654782 68.405928 107.179358
1141.136855 627.040570 67.923824 106.173205
1140.618696 625.597605 68.156922 107.046320
1140.122850 625.672806 67.796289 106.227885
1139.273900 624.856164 68.425768 107.111890
1138.692495 624.408578 68.302427 107.334211
1137.786875 623.910025 68.048390 106.833334
1137.117936 623.320355 68.168189 106.806948
1136.635555 622.884538 67.612924 106.164851
1135.230480 621.752838 68.469196 108.016662
1134.754714 622.822512 67.749064 106.042437
1133.391327 621.972779 68.330803 105.779184
1132.543286 621.340538 68.487483 106.015469
1132.507159 620.459092 67.779042 106.764167
1131.102206 620.114269 68.326143 106.257989
1130.161501 619.217386 68.846513 106.909921
1129.432222 618.598625 68.104151 107.433063
1128.430775 617.576350 68.035939 107.949009
1127.537735 617.515765 68.154543 107.530405
1125.982062 616.961844 68.890705 107.578502
1125.230945 616.204428 68.574811 107.695891
1124.581361 615.891912 67.622268 107.645646
1123.518350 615.460317 67.649027 107.137432
1121.943117 614.648785 68.305327 107.117560
1120.742799 614.636020 68.430877 106.213957
1120.074416 614.800157 67.462684 105.755212
1118.656518 614.322514 68.182118 105.736549
1117.570257 613.669258 68.189174 105.484914
1115.984434 612.933459 68.589005 105.352826
1114.924473 612.178675 68.434764 105.757872
1113.834043 611.768233 67.888124 105.670682
1112.570268 610.820098 68.450742 106.567880
1111.366595 610.062684 68.096103 106.167104
1110.586966 609.942956 67.542798 105.608751
1109.172066 609.322521 67.733762 105.131547
1108.038463 608.321209 68.129061 105.311679
1107.056105 607.850951 66.853339 104.951158
1105.551840 607.139368 67.684475 105.041604
1104.343774 606.781104 67.861242 105.311101
1103.083070 606.024984 67.675141 105.611046
1101.525288 606.114641 67.975597 105.045707
1100.656468 605.539848 67.881780 105.266600
1099.305089 604.591204 68.046368 105.312268
1098.172025 603.820089 68.030389 105.250940
1096.904039 603.025007 67.891022 105.469173
1095.656475 602.535120 67.545962 104.746977
1094.198310 601.840381 67.852626 104.565848
1092.640563 601.120328 67.745658 104.483934
1091.595710 600.665095 67.381308 104.190451
1090.630188 599.884855 67.494942 104.321843
1089.457723 599.461840 67.072735 103.993240
1087.961164 598.683726 67.564170 103.775263
1086.710771 597.863696 67.631982 104.240098
1085.419873 597.174215 67.483339 104.330689
1084.371091 596.390083 67.048646 104.764730
1083.196868 596.138095 66.490902 103.722084
1081.826551 594.594855 66.993487 104.350452
1080.269992 594.541657 66.608851 103.911539
1079.043708 593.487096 67.292546 103.527516
1078.093389 592.497013 66.991508 104.345189
1076.841631 591.235787 66.362852 104.659033
1075.355805 590.742552 66.692574 103.873010
1074.268539 589.776055 66.889410 104.274774
1073.400910 588.738920 66.682614 104.645905
1071.971765 588.291121 66.817010 104.043293
1071.127219 588.148367 66.916888 103.446977
1069.826563 587.242004 66.883569 103.808828
1068.744401 585.992379 67.002586 104.462489
1067.623231 585.994721 67.239052 103.551262
1066.787240 584.941747 66.848815 103.747961
1065.787244 584.229689 66.517347 103.236652
1064.428220 583.574121 66.870237 103.825550
1063.485964 582.703994 66.307383 103.408724
1062.515056 582.496096 66.820071 103.250969
1061.253762 581.402948 67.412324 103.820802
1059.623234 580.489571 67.719554 104.405277
1059.073304 580.558346 67.311768 103.746218
1058.101225 579.032237 66.761015 103.687165
1056.913591 579.228461 67.274579 103.175253
1056.173081 578.265740 66.245149 103.593945
1054.859416 577.574120 66.880544 102.890184
1053.601618 577.284925 67.064497 102.719594
1053.072212 576.538317 67.038511 102.730503
1052.253714 575.538286 66.716184 102.535467
1051.544877 575.496444 66.451585 102.499286
1050.717898 574.489391 66.354213 102.580829
1049.588343 573.562324 66.812284 102.876728
1048.122141 573.203159 66.957090 102.742129
1047.944789 572.681384 65.771136 102.636227
1046.490520 571.862108 66.791159 102.439770
1046.091157 571.335260 66.200015 101.703794
1044.920795 570.812559 66.580248 101.946782
1044.060225 569.739924 66.929800 102.281730
1043.288693 570.254899 66.854919 101.444234
1042.233262 568.812235 66.534956 102.216514
1041.288694 567.918093 66.487864 102.152149
1040.660641 567.764152 65.383192 101.646970
1039.987520 567.056281 65.880282 101.214151
1038.866871 566.475829 66.258961 101.327156
1038.303260 565.084620 66.051496 101.834367
1037.048874 564.823546 66.269346 101.337796
1036.429496 564.126447 66.512899 101.482435
1036.039158 563.683657 65.692677 100.945504
1035.335530 562.954320 65.790328 101.343959
1034.393820 562.611856 65.749614 101.289856
1033.692366 561.676439 65.993298 101.951296
1032.913611 561.136178 66.700964 101.625767
1032.871624 561.285333 65.244180 100.445487
1032.054133 560.705218 65.499335 100.978659
1031.038348 559.849669 66.087536 100.627990
1029.952784 559.266776 66.537115 100.692526
1029.734739 558.926222 65.987308 100.440756
1029.062270 557.919463 65.684858 100.798652
1028.038368 557.641839 66.415028 101.199583
1027.513290 557.240645 66.355268 100.244016
1027.081045 556.577200 65.683496 100.866806
1026.081052 555.744843 65.972377 100.973285
1025.587505 556.157825 65.938898 100.286142
1024.894242 554.942612 66.400657 100.982715
1024.680019 554.510653 65.894335 100.759780
1023.780751 554.508366 66.381378 100.789881
1023.335518 554.644573 65.717840 100.352979
1022.554734 553.711220 65.938826 100.839761
1022.029373 552.744818 65.874908 101.117919
1021.335531 552.441033 66.044876 100.925956
1020.903568 550.790653 65.964248 102.120370
1020.513260 550.718680 64.615355 101.491216
1019.804615 549.942598 65.784803 102.044476
1019.091446 549.437926 65.538320 102.015240
1018.638443 547.955031 65.425093 102.702350
1017.997351 547.913198 65.843948 102.289445
1017.596768 547.319213 65.539385 102.648236
1017.329587 547.896692 65.952152 101.967115
1016.886811 547.368674 65.724150 101.908696
1016.387448 548.063811 65.857851 101.222073
1015.945521 547.475844 65.667496 101.084624
1015.670991 547.023910 65.201678 101.517352
1015.001925 546.674781 65.597698 101.284509
1014.587578 546.266770 65.574617 101.420679
1014.237713 545.674788 65.266571 101.720572
1013.795628 545.441024 65.294017 100.781163
1013.312244 545.603556 65.036974 101.017727
1013.158641 544.632564 64.594957 101.896963
1012.353671 545.193830 65.393473 100.502226
1012.117719 544.153448 65.615344 100.771857
1011.960741 543.035022 65.456090 102.219108
1011.387478 542.714110 65.314325 102.218556
1011.010075 542.648627 65.454309 101.804509
1010.196200 542.406161 66.184998 101.933051
1010.039124 541.960674 65.875318 101.606908
1009.969109 542.067302 65.752142 100.948525
1009.795563 541.499294 65.767416 101.411749
1009.811796 541.196549 65.092533 101.363930
1009.477509 540.989104 64.979936 100.488543
1008.829136 540.670517 65.321193 100.772191
1008.518664 539.842614 65.011058 100.913689
1008.604528 539.879105 64.618285 100.553296
1008.202024 538.705923 65.005464 100.987182
1007.682527 538.954665 65.612395 101.098041
1007.229236 538.427653 65.228221 101.104935
1006.804697 538.748721 65.784803 100.258931
1006.641680 537.689599 65.874030 100.719352
1006.312288 537.542788 65.982640 100.706973
1005.545717 536.725151 66.384483 100.778847
1005.608249 537.098271 65.662419 100.656166
1006.087276 536.084210 65.281041 101.244236
1005.166146 536.125200 65.706498 101.447143
1004.795596 535.268524 65.767416 101.839763
1005.010075 535.447833 65.198809 101.151635
1004.270721 534.380507 65.512722 101.733985
1004.279140 534.415841 65.297594 101.554638
1003.461877 534.604591 66.101142 101.301948
1003.279165 534.545425 65.442913 100.725003
1002.994408 533.849627 65.775237 101.283389
1002.712599 533.926202 65.667843 101.168807
1002.649148 533.649566 65.584831 100.959308
1001.936317 533.232136 66.432018 100.920682
1001.777103 532.611869 65.835988 101.152662
1001.444260 532.953732 65.752912 101.075816
1001.570395 532.126464 65.249400 100.999357
1001.436264 532.296647 65.419922 100.933786
1001.394991 531.964317 65.134685 100.704849
1001.158657 531.470495 65.245769 100.890203
1001.006893 531.178560 65.693455 101.113476
1000.629317 530.676001 66.043591 101.302096
1000.279148 531.166926 66.286616 100.636084
1000.071177 531.166926 65.505565 100.151774
999.410915 531.185616 66.175772 100.587118
999.279173 530.684259 66.102025 100.682729
999.043006 530.232156 66.667017 101.066113
998.845589 530.447818 66.207685 101.347146
999.051022 529.910839 66.336512 101.641328
998.679959 529.896700 66.410349 101.340500
998.721478 529.615570 65.999712 101.661801
998.721478 529.709671 66.073297 101.779678
998.471368 530.072981 65.592108 100.981486
998.449636 529.884131 66.073578 100.618526
998.312248 529.458715 66.351116 101.517341
998.411928 529.351715 65.612434 101.338483
998.530166 529.166114 65.436853 101.844752
998.361909 529.091361 65.688673 101.372294
998.320593 529.099804 65.913394 101.528885
998.237745 529.009044 66.439157 101.681153
998.452997 528.553871 65.755061 101.960825
998.091973 528.516925 65.924353 102.450539
997.854904 528.209538 66.024066 103.253782
998.068657 528.635302 65.779765 103.206888
998.181966 529.146921 65.660049 101.753734
998.214207 529.378883 65.913217 101.220586
997.819339 529.335946 66.451411 101.351524
997.471429 529.275268 67.140219 101.373044
997.481632 529.112258 66.805653 101.396522
997.657343 529.415203 66.629455 101.424623
997.345429 529.516681 67.266218 101.278298
997.355953 529.492196 67.230327 101.310307
997.565084 529.698126 66.536209 102.240540
997.313910 529.448622 66.898890 102.452031
997.421442 529.911719 66.464344 102.034549
997.246976 529.378225 66.627986 102.375256
997.132704 530.663393 66.641083 101.630095
997.122495 530.380894 67.089190 102.458931
997.706762 530.565931 66.141660 101.592281
997.555085 530.859394 65.799704 101.673074
997.444268 531.372261 66.269672 101.211903
997.403078 531.309787 65.757407 101.730225
997.567360 531.107067 65.887550 101.376237
997.444268 531.391099 66.047565 101.799120
997.329596 532.131713 66.062848 100.712193
997.570330 532.508609 65.915623 100.879506
997.526398 532.611520 65.634088 101.173536
997.449642 533.361026 66.073578 101.061335
997.608265 533.780154 65.846645 100.607981
997.518643 534.089896 66.107753 101.135813
997.485367 533.753500 66.080380 101.585707
997.154568 534.982726 66.522267 100.601409
997.689858 534.857215 66.098316 100.751679
997.587508 535.428541 65.938898 101.092323
997.485367 534.919477 66.191468 102.159105
997.738597 536.242761 65.875995 101.101073
997.526398 536.405009 66.373344 101.575597
998.060834 536.067302 65.479608 102.465165
998.051083 536.302844 66.002253 102.541657
998.018999 538.159098 65.271858 101.324580
997.960742 537.528386 65.602226 102.066607
997.762978 539.050083 65.518820 101.720414
997.771177 538.660784 66.054148 102.990544
997.854904 539.698140 65.765939 102.439793
997.738597 540.141616 66.210996 102.491322
997.772442 541.445371 65.885194 101.892272
997.680020 541.722629 66.521608 101.366555
997.596799 542.278607 66.382563 101.020432
997.649090 543.117291 66.437137 101.653197
997.721539 542.997775 66.890108 101.699349
997.896037 543.285345 66.353994 101.321221
997.471429 543.498099 66.804495 102.452748
997.625580 545.135316 67.127030 101.506907
997.606689 545.492190 67.204977 102.247723
998.231622 545.399483 66.666632 102.875014
998.174155 546.143192 66.376327 102.395831
997.978084 547.242771 67.022128 102.044867
998.256861 547.773708 66.628924 102.222037
998.215548 547.606730 66.595532 103.653364
998.431652 549.232797 66.575973 101.917448
998.246953 550.039295 67.492842 101.700606
998.017652 549.743721 67.756389 103.242624
997.829962 550.343168 67.550436 103.328232
997.906341 552.333552 67.449045 101.368450
998.017652 552.560964 67.344205 102.129355
998.174155 553.459612 67.124409 101.784168
998.145046 554.049291 66.919105 101.551222
998.329572 554.698137 66.957202 101.942581
998.355950 555.117933 67.155428 101.927388
998.606686 555.197525 67.469136 102.494764
998.387261 556.844055 67.997110 101.256449
998.459798 556.635287 67.914186 101.965225
998.599665 556.985344 67.860385 103.022963
998.612736 559.359788 67.327734 101.444298
998.523395 559.112253 67.703997 102.231595
998.852220 559.811989 67.494334 102.634409
998.768318 560.048396 67.957493 102.616355
998.658528 561.437465 68.098135 102.965612
998.570516 561.347752 68.547832 103.388501
998.414456 561.991511 68.387955 103.225043
998.630181 562.738382 68.438008 103.758545
998.877694 564.056384 67.904211 102.498712
998.957788 565.095882 67.272877 102.303405
999.007911 564.946210 67.935073 103.587181
999.098446 566.565695 67.817710 102.288526
999.199066 566.493627 67.888426 102.944404
999.253543 566.893509 67.616529 103.768823
999.224645 567.442170 67.767481 103.336141
999.084955 567.893505 67.558555 104.347565
999.308430 568.395472 67.683695 104.358282
999.391934 569.144453 67.524221 103.831163
999.358314 569.892451 67.732696 103.252917
999.127215 571.280587 67.742857 102.473259
999.492593 571.682519 67.405630 101.922593
999.629724 571.694615 67.706526 103.435354
999.528236 572.541001 68.360106 102.952767
999.948047 573.040963 67.369534 103.497172
999.872634 573.695471 67.808566 103.217467
999.989649 574.639753 67.593523 102.996074
1000.042632 575.140309 67.676286 103.810502
1000.350150 575.544887 67.300915 103.957399
1000.013885 577.075323 67.373511 103.182130
1000.420962 577.147577 67.260238 103.932486
1000.711265 578.035099 66.556788 102.919425
1000.325369 578.103211 67.686419 104.279109
1000.433514 579.975239 67.444642 103.189765
1000.752454 579.844625 67.345179 103.604542
1000.906317 580.293621 67.260045 103.164700
1001.349674 580.397546 67.604985 103.906473
1001.558047 581.541021 67.055301 103.631217
1001.042628 581.992324 67.563203 104.067164
1001.391906 583.152433 66.920443 103.102840
1001.409137 583.613250 67.830328 102.935797
1001.916518 584.448050 67.600851 103.205994
1002.084943 584.964018 66.699086 103.589286
1001.684169 585.335200 67.700246 103.163881
1002.155259 586.241213 67.238024 103.110989
1002.143669 586.147568 67.506111 104.619547
1002.599439 586.795415 66.825609 103.930280
1002.420954 586.998514 67.373484 104.807807
1002.499919 587.444908 67.109164 104.890013
1002.640728 588.245766 67.048200 104.580041
1002.558079 588.145670 67.662594 104.739736
1002.919335 588.995063 67.065205 104.520490
1002.948022 590.290577 67.559118 104.027007
1003.266510 590.445271 67.083350 104.056990
1003.685995 591.045467 67.317208 104.054919
1004.031166 592.152446 66.871777 104.012561
1004.031166 592.299013 66.646982 104.304652
1003.948045 592.446714 67.067635 104.833511
1004.249717 593.595587 66.847936 104.366366
1004.031166 593.470757 67.475997 105.141112
1004.280230 594.647540 66.999899 104.622333
1004.224621 594.442602 67.577766 105.636302
1004.694498 594.991507 67.076370 105.649657
1004.858246 595.943278 66.988538 105.428654
1004.752374 596.243897 67.307538 104.946980
1004.960842 597.194206 66.948356 104.611769
1005.031096 597.496795 66.984513 104.603611
1005.031096 598.385087 67.324264 104.729111
1005.043731 598.595327 67.891391 105.210652
1005.196549 599.788371 67.498544 104.524099
1005.927824 600.314665 66.685561 104.697992
1006.401653 600.246134 67.333832 104.998060
1006.529645 600.845362 67.051940 105.106424
1006.350159 601.394680 67.603906 104.976297
1006.363657 601.995082 67.445160 104.740463
1007.208726 602.344425 66.250945 105.098774
1007.278799 602.945985 67.000927 105.501132
1007.238435 604.226229 66.704657 104.440563
1007.278799 604.246132 67.000927 105.250799
1007.454055 604.595293 67.060728 104.884055
1007.516626 605.595605 67.210077 104.874889
1007.886986 605.543419 67.105120 104.744413
1007.919275 606.195786 67.291780 105.283481
1007.960825 607.155680 67.288091 104.910504
1008.043714 607.193569 67.661690 105.904550
1008.211004 607.593425 67.755005 105.919639
1008.911564 607.433329 66.864065 106.535390
1009.221517 608.596129 67.032981 105.628821
1009.653401 608.789833 67.117475 106.344929
1009.556732 609.542833 66.869374 105.461362
1009.858254 610.193552 66.950568 105.105319
1010.494684 610.092814 66.716423 105.968673
1011.061377 610.794014 66.293972 105.776137
1011.130777 611.092792 66.294251 105.604028
1010.805174 611.341645 67.110966 105.846146
1011.056945 612.507556 66.706381 105.891721
1011.535190 612.282309 66.336348 105.693286
1011.575706 613.735422 66.521938 105.606671
1011.817299 613.773170 66.583323 105.083651
1011.805207 614.805204 66.582268 104.461505
1012.201017 614.396356 66.329620 105.409997
1012.452008 614.088724 66.768678 105.990177
1013.020900 615.045294 66.184151 105.708186
1013.571280 615.461847 66.155398 106.110706
1013.372519 615.916884 66.499071 105.699055
1013.737094 617.016355 66.096918 104.396463
1014.321885 617.334235 66.058549 104.876102
1014.401649 616.940529 66.127146 105.311300
1014.806787 618.245039 66.058558 104.977884
1015.281659 617.489531 66.437298 105.610842
1015.290703 618.060176 66.355725 105.454149
1015.453978 617.885806 66.379990 105.652318
1015.372476 619.643185 66.762943 104.380505
1015.966942 618.935522 66.161726 105.574930
1016.689985 619.354162 66.036697 105.506459
1016.523964 618.987304 66.303925 105.730398
1016.937202 619.493015 66.122710 105.658411
1017.531598 619.794939 65.855852 105.392831
1017.564596 620.095362 65.852560 105.874400
1018.323305 620.442608 65.843144 105.491508
1018.401647 620.843498 66.501243 105.256897
1018.886971 621.874853 65.385502 105.055968
1019.116939 621.748264 66.154127 105.224204
1019.237683 621.893919 66.403075 104.991471
1019.966940 621.742514 65.935973 105.035771
1019.998152 622.248123 66.157841 105.102187
1020.645601 622.546796 65.920529 104.625422
1020.796902 621.992381 66.285846 106.030836
1020.897328 621.781081 66.351612 106.972365
1021.668161 622.382428 65.646039 106.440474
1021.085115 623.416559 66.673826 107.258152
1021.880012 622.861905 66.075079 107.000995
1022.382728 624.150324 65.859766 105.722414
1022.401646 623.557259 66.089878 107.117499
1023.224584 623.738287 65.764876 106.624929
1022.919283 623.975756 66.317042 106.498326
1023.020822 623.679100 66.978062 106.854448
1023.194046 624.606710 66.685505 105.715084
1023.897311 624.180456 66.808101 106.226647
1024.708333 624.899846 65.867392 106.382703
1024.696859 624.874060 66.627905 106.713910
1025.154072 625.358791 66.507711 106.667394
1025.425518 625.076146 66.413064 106.673977
1025.947990 625.229411 66.534690 106.666318
1026.180488 625.331443 66.620518 107.151111
1027.066977 624.856164 65.884766 107.256613
1027.502127 626.505825 65.890795 105.930967
1027.925590 626.084704 66.180647 106.632995
1028.342788 626.694307 65.749767 105.728680
1027.948034 626.683714 66.543534 105.928139
1028.249768 626.592931 65.875289 105.870603
1028.610939 627.328600 67.069794 106.150259
1029.262440 626.738311 66.051729 106.422024
1029.167598 627.011940 66.666447 106.615631
1028.974323 627.067782 67.090715 106.651769
1030.066954 627.997881 66.453886 105.528651
1030.171141 627.593758 66.479935 106.064601
1030.817316 627.701133 66.469507 106.271440
1031.342793 627.867072 66.428023 105.288616
1030.989611 628.150301 66.353144 105.360124
1031.650510 628.318228 66.723089 105.745196
1032.061317 628.264452 66.331613 105.446437
1033.158854 628.210237 65.454536 105.751722
1033.205117 628.337700 65.697813 105.771227
1032.968495 628.539247 66.231403 105.415698
1033.768784 629.032084 65.844545 105.031340
1033.670054 628.791788 66.114042 105.062547
1034.006841 628.683713 66.310748 105.371958
1034.291929 629.102887 66.283706 104.909781
1034.523909 628.691996 65.818821 105.336619
1034.766578 628.540216 66.399792 106.870042
1035.342099 628.794469 66.293304 106.068492
1035.208691 629.131678 66.813518 105.943128
1035.405211 628.939562 66.987725 107.047257
1035.870944 628.768263 66.790815 106.815791
1035.992696 628.575907 67.587276 108.270051
1036.241934 628.945689 67.120677 106.909992
1036.419183 628.759835 67.661451 107.626393
1036.503986 628.924575 67.871557 107.549808
1036.837901 629.762943 67.499458 106.158307
1037.303291 629.705658 67.754303 105.700920
1038.513101 629.828099 65.921577 104.978352
1038.766577 629.874118 66.362058 106.049637
1039.222591 629.466443 66.057501 105.890696
1039.211470 629.773156 67.123819 105.944526
1039.908226 630.186006 66.498265 106.250818
1039.694461 630.515670 66.811568 105.754217
1039.898973 629.828619 67.023810 106.129034
1040.344172 629.903325 66.948323 106.417566
1040.466189 629.701555 66.410144 106.256326
1040.776473 629.867076 65.980288 106.555918
1041.182384 629.975766 66.626395 106.805600
1041.466150 629.994743 66.712468 106.929084
1041.748562 629.701555 66.989112 107.273424
1042.478900 629.906383 66.551873 106.761540
1042.987696 629.664787 66.724192 107.003755
1043.113804 629.831463 66.358650 106.938021
1043.303339 629.408687 66.761717 107.669659
1043.519346 629.649603 67.428304 107.427989
1043.721413 629.908921 67.057563 107.028403
1044.316562 629.510681 67.323711 106.425866
1044.211019 629.422198 67.755005 107.347287
1044.639599 629.836454 66.987242 106.637647
1044.992676 629.923429 66.973348 106.500640
1045.466182 629.959628 66.674601 106.515670
1046.224627 629.627995 66.372596 106.684448
1046.466143 629.730114 66.222084 107.023346
1046.587545 629.701555 66.742889 106.509412
1046.788499 629.687562 66.846906 106.574132
1046.640788 630.031954 67.122543 105.881829
1047.142114 629.867076 66.780680 105.945165
1047.413330 629.356610 67.675532 106.303655
1048.113793 629.127508 67.466152 106.856492
1048.519343 629.383171 66.473598 106.637369
1048.828498 629.535147 67.075233 106.397111
1049.221460 629.076178 67.261224 107.185516
1049.184489 629.332105 67.442371 106.324436
1049.043219 629.137102 67.732414 106.816364
1049.598598 629.127508 67.754890 106.529033
1050.193977 629.332105 67.216848 106.397017
1050.336112 629.076178 67.060798 106.167685
1050.262467 629.322540 67.795184 105.181800
1050.776489 629.515668 67.681549 105.448853
1051.098206 629.127306 67.270230 105.154818
1051.454054 628.739219 67.750372 106.066756
1051.748540 628.882492 67.677263 105.403805
1052.547197 628.382429 67.356566 105.681852
1052.776492 628.592408 67.835481 105.613108
1053.015692 628.433356 67.390817 105.380698
1053.488241 628.289106 67.625100 105.698935
1053.891343 628.382429 67.515127 105.040944
1054.372535 627.679107 67.371109 105.912733
1054.514617 627.535131 67.664019 105.529142
1054.974342 627.890332 67.661088 105.030769
1055.529632 627.944851 67.127574 105.406180
1056.142129 627.688559 67.354359 105.179760
1056.321975 627.485685 67.676965 105.633322
1056.302817 627.127290 68.027658 105.437759
1056.974358 626.882496 67.394126 105.905226
1057.262476 627.292835 67.487778 105.121194
1057.899003 627.156397 67.712979 105.150323
1058.321979 626.882933 67.524801 105.032063
1058.776502 626.688581 68.028490 105.610303
1059.460653 626.433340 67.849899 105.702688
1059.808152 626.542842 67.484315 105.970227
1060.262453 626.178362 67.679691 105.921760
1060.584477 626.340219 67.419772 105.990507
1060.682727 626.025002 68.259377 106.039262
1061.153006 626.596710 68.492761 104.904609
1061.766448 626.187934 67.983799 105.455993
1061.891407 626.289489 68.050752 105.354438
1062.460646 626.713701 67.888302 105.047593
1062.974312 626.907799 68.083301 104.701880
1063.776511 626.440901 67.070277 105.402680
1063.415138 626.587208 68.481637 105.174328
1064.001156 626.642394 67.622728 105.679395
1064.344081 626.358799 67.444427 105.447628
1064.939707 626.086264 67.826642 106.374198
1065.316572 626.076280 67.979058 105.788873
1065.789472 626.086237 67.291193 105.917968
1066.180431 626.086264 67.684820 105.721256
1066.501980 626.035352 68.155251 105.860494
1067.029672 625.882499 68.110967 106.085555
1067.276253 625.892092 68.096489 106.164962
1067.529966 625.892092 67.274108 106.495084
1067.952207 626.140250 68.092893 106.335057
1068.680525 625.716809 67.943145 106.077070
1069.029709 626.145390 68.072335 105.911664
1069.419205 626.427823 67.661451 105.282717
1070.020900 625.975759 68.016670 105.937964
1070.419203 626.499449 68.238019 104.907137
1070.640792 626.048094 67.994578 105.007044
1070.766378 626.363929 68.060503 105.202720
1071.180424 626.007345 68.186337 105.508388
1072.033152 625.523453 67.856454 105.731606
1072.043263 625.539819 67.960960 106.332887
1072.598553 625.485193 68.452503 106.207600
1072.890377 625.596692 67.546918 105.612757
1072.974298 624.871339 68.508871 106.408468
1073.680544 625.139513 68.526794 106.205680
1073.890400 625.292220 68.540145 106.712463
1074.122798 624.746223 68.023984 106.816381
1075.166607 624.679722 68.040754 106.774762
1075.184512 624.423172 68.516685 106.740370
1075.292905 624.335067 69.085156 107.065666
1076.059460 624.494181 69.186907 106.992142
1076.770843 624.734908 68.884334 106.332924
1076.822354 624.978078 68.058916 106.148790
1077.599952 624.450383 68.006790 106.361714
1078.194022 624.560632 68.569004 106.107322
1078.739439 623.700621 67.824244 106.316247
1078.739439 624.206166 68.789386 105.512860
1079.445721 623.884418 68.079752 105.274310
1079.598813 623.636788 68.420265 105.787287
1080.194059 623.434185 68.295843 105.753141
1080.403399 623.280987 68.351890 105.512884
1081.234885 623.390932 67.828440 105.830708
1081.501946 623.289495 68.116611 106.004849
1081.781075 622.973723 68.051069 105.465205
1082.252798 623.244027 67.751402 105.433457
1082.345242 622.975754 67.719756 105.280591
1083.541793 622.991543 67.379295 105.794957
1083.932902 622.839696 67.779039 105.910450
1084.584423 622.933484 67.496199 105.068667
1084.919273 622.789816 67.862579 105.653404
1085.584421 622.636780 67.343488 105.535145
1085.612151 622.792149 67.310614 105.317539
1086.020832 622.180452 67.668220 105.795164
1086.666630 622.086198 67.567127 105.954143
1086.132029 622.784874 68.198404 104.824167
1086.849782 622.872273 67.671051 105.295687
1087.221481 622.140711 67.720643 105.313367
1087.612154 622.228452 67.539331 105.179136
1088.142088 621.867062 67.934260 105.590988
1088.419163 622.505840 67.546858 105.828120
1088.891388 621.811736 67.363090 106.095662
1089.180474 621.887178 67.684820 105.115900
1089.735496 621.793986 67.645723 105.922738
1090.056965 621.959598 67.808291 104.541940
1090.070405 621.845053 67.700416 105.415724
1089.901307 621.756165 67.680229 104.949432
1090.446737 621.444016 68.358214 105.469700
1091.252778 621.784876 67.144135 104.722849
1091.681961 621.354180 67.845009 104.901087
1092.112515 621.084217 66.980053 105.121757
1092.575713 621.131661 66.786962 104.423442
1093.442121 620.863709 66.276818 104.839972
1093.196527 620.935521 66.932152 104.517686
1093.401683 620.249022 67.067471 104.209957
1094.086337 619.791768 66.763737 104.861748
1094.523975 620.067502 66.042167 104.691911
1094.916535 619.695970 66.726984 104.305502
1095.113930 619.552974 66.526793 104.598601
1095.072539 619.328604 67.244975 104.727072
1095.331706 618.629012 67.221147 104.425792
1095.640674 618.640775 66.671653 103.814317
1096.241337 618.561984 66.439873 104.337666
1096.641182 618.085327 66.532548 104.417689
1096.834627 617.396345 67.225013 104.445855
1097.237694 617.890188 66.665230 103.814129
1097.553980 617.157563 66.005044 104.097415
1097.553980 617.134901 66.116798 103.965634
1097.716187 616.895272 66.630363 104.500985
1098.442102 616.321736 66.352346 104.434215
1098.793571 616.265735 65.547730 104.237289
1098.741492 616.390601 66.146455 103.605524
1099.110048 615.788435 65.592961 103.561716
1099.059874 615.796106 66.227452 103.896073
1099.267451 615.384496 66.031688 103.072580
1099.298153 614.160887 66.067048 104.496139
1099.226255 614.134904 66.147007 103.272882
1099.215586 614.252531 66.670237 103.840305
1099.102201 613.945212 66.717982 103.707040
1099.553978 613.277681 65.856380 103.475727
1100.068694 612.645638 66.117009 103.655018
1100.069362 612.671381 66.377436 102.678785
1100.132741 612.060138 66.454910 103.234377
1100.272030 611.250810 66.815508 103.901633
1100.711255 610.446670 66.258402 104.254308
1100.337375 610.134908 66.077420 103.965634
1100.390714 609.609877 67.069376 103.296098
1100.253529 609.170635 66.716127 103.780942
1100.060749 608.624514 66.871838 104.077496
1100.113952 608.541651 66.751401 103.512348
1100.226300 607.487129 66.781315 103.969954
1100.587269 607.299002 66.531371 104.203963
1100.504251 606.193646 66.279776 104.558204
1100.295487 606.007212 67.009995 104.345977
1100.113952 605.827757 66.676422 103.977756
1099.472468 605.049174 67.198353 104.404176
1099.558062 604.569292 67.586296 103.786361
1099.272869 603.899617 67.742767 104.005221
1099.224632 603.390124 67.729472 103.816578
1099.391921 602.961169 67.448368 104.093311
1099.224632 602.783440 67.805513 103.472837
1098.841574 601.719754 67.464069 103.937066
1098.738955 601.753773 66.939127 103.399857
1098.852213 600.487089 66.781281 104.117991
1098.545797 600.114577 67.210860 104.288592
1098.640678 599.430601 66.934925 104.226219
1097.579267 598.719779 67.578125 104.135411
1097.681970 598.354179 67.234201 104.100916
1097.187249 597.503045 67.267090 103.857181
1096.864625 596.971397 66.813505 103.438199
1096.977511 596.134875 66.730595 104.314275
1096.358293 595.719757 67.133267 103.394156
1095.744391 594.849000 67.448908 103.955413
1096.031124 594.145667 66.796729 104.206499
1095.187203 593.948527 67.528311 103.929059
1095.266517 593.442569 67.120890 103.682564
1095.084960 592.295542 66.551081 103.740424
1094.216027 591.848039 67.009108 102.970733
1093.726307 591.561965 66.907239 103.043126
1093.700180 590.466572 66.821588 103.046680
1093.283323 589.752795 66.901898 103.547889
1093.143624 589.063326 66.713987 103.838654
1092.557330 588.265748 66.927297 104.187620
1092.504281 587.358035 66.726401 104.199794
1092.379223 586.755813 65.888668 104.099382
1091.514962 586.142580 66.932570 103.272810
1090.944780 586.090542 67.689696 102.960292
1090.829979 584.848046 66.548087 102.970733
1090.782667 584.263967 66.776575 103.287250
1090.367222 583.609904 66.706271 103.099487
1089.730756 583.108163 67.083084 102.650297
1088.987298 582.496096 67.571959 102.262379
1088.644694 582.249598 67.132173 102.019192
1088.502436 580.869998 67.085221 102.265740
1088.575838 580.320129 66.870943 102.438331
1088.114593 579.866581 66.810401 102.980731
1087.599716 579.072754 66.996577 102.931734
1087.199110 578.526531 66.651786 102.194509
1086.288762 577.561090 67.298897 102.121365
1086.029833 576.690132 67.454453 102.223388
1086.199125 575.824066 66.209371 102.152366
1085.618186 574.668475 66.369475 102.304628
1084.674767 573.561103 66.835826 102.315001
1084.756479 573.103214 65.728419 102.539548
1084.370786 572.749129 66.392408 101.576112
1083.997368 572.030953 66.173922 102.464303
1083.772440 571.060133 65.518415 102.302165
1083.122503 569.773024 65.755382 102.813626
1082.565085 569.557329 66.018989 101.881739
1081.575707 568.317197 66.742871 102.609800
1081.575852 568.004230 66.016500 102.015197
1081.534925 567.261606 65.709940 101.609010
1081.361860 566.319197 65.725300 101.889745
1081.051050 566.240645 65.965242 100.775182
1080.795552 565.039854 65.584832 100.959156
1080.436311 564.083274 65.638776 102.391233
1080.246962 563.678439 65.667494 101.840603
1080.010073 562.384306 65.308145 101.982685
1079.649157 561.774474 65.182216 102.271781
1079.567427 561.261607 65.409995 101.948304
1079.112966 560.809813 64.958614 101.460630
1078.804698 559.730827 65.747874 101.820156
1078.303290 559.441042 65.506781 101.947108
1078.091940 558.348680 65.409071 101.536747
1078.124826 557.919463 65.182703 101.621818
1077.795571 557.075354 65.294017 101.114756
1077.518593 556.433154 65.519879 101.456795
1077.071186 555.639764 65.906194 100.885951
1076.836975 555.023903 65.543435 100.597923
1076.600658 554.572400 66.099666 100.305024
1076.229165 553.641864 65.663411 99.900980
1076.281090 552.981791 65.672234 100.028774
1076.076700 551.787619 65.364151 100.688640
1076.207400 551.467279 65.050754 100.048966
1076.121808 550.531488 65.489595 100.192323
1075.579109 549.772684 65.318400 99.885522
1075.387625 548.843712 65.129702 100.840160
1075.443279 547.912418 64.961094 100.651754
1075.158604 547.225353 65.355094 100.242952
1074.911889 546.536151 65.419774 100.654117
1074.641615 545.491972 65.141841 101.216242
1074.353644 544.779806 65.139868 101.421464
1074.287825 544.012967 64.838056 101.200468
1073.966578 543.398269 65.218274 100.863307
1074.047117 542.182484 64.881930 101.520888
1073.559687 541.479136 65.006169 101.567145
1073.449688 540.626814 64.712488 102.037234
1073.165699 540.182867 65.324197 101.253782
1073.042975 539.281730 64.938029 101.696353
1072.723267 538.281737 65.424958 101.222248
1072.518625 537.774266 65.264844 101.682918
1072.165705 537.231563 65.912130 100.509958
1071.837008 536.280629 66.019565 101.251926
1071.973241 535.709705 65.518584 101.260795
1071.670987 535.645890 65.021596 100.168640
1071.263131 535.222456 65.146161 100.027895
1071.161982 534.006555 65.008959 99.816286
1070.780409 533.462281 65.646323 99.803332
1070.511563 532.531526 65.659378 99.527395
1070.263100 531.734368 65.689040 99.958719
1070.362311 531.519039 65.444041 99.822685
1070.593828 530.357172 65.467600 99.891110
1070.511563 529.843719 65.331514 99.737155
1069.630855 529.495979 66.067196 99.466731
1070.161952 528.570596 65.192023 100.185723
1069.960568 527.670526 65.100829 100.531833
1069.387623 526.772692 65.093648 101.079835
1069.321739 526.328464 65.815866 100.405389
1069.270766 525.720821 65.585446 100.675610
1069.062290 524.739326 65.830329 100.982306
1068.754165 524.611527 65.992149 100.881083
1068.878357 523.814754 65.941446 101.435001
1068.973315 523.266528 66.150357 100.955657
1068.878357 522.960648 65.757906 100.793771
1068.419871 521.695407 65.997040 101.325830
1068.444334 521.475849 65.459993 100.939443
1068.104137 521.128171 65.897871 99.253124
1067.821988 520.970771 65.532116 99.471928
1067.716711 519.670508 65.821033 99.767628
1067.346198 519.290998 65.751711 100.103598
1067.117669 518.501721 65.688664 100.350795
1067.321697 517.476590 65.484636 100.446435
1067.321697 517.012921 65.815866 100.587903
1067.270778 516.537638 65.258935 99.957531
1067.161951 516.153829 65.412606 100.530030
1067.076644 515.378642 65.693006 101.290489
1066.754087 514.823368 65.918751 101.359465
1067.013482 514.268497 65.404552 101.222868
1066.836950 514.068345 65.361488 100.368345
1066.537124 513.329193 65.216448 100.091235
1066.879553 512.947303 64.601716 100.015415
1066.437702 511.872182 65.537017 100.012964
1066.362316 511.639336 65.849179 99.781094
1066.199505 511.016226 66.234324 99.898630
1066.270785 510.259970 65.367545 99.969178
1065.911924 510.050671 65.129886 99.435006
1065.256197 508.941983 65.717331 100.038074
1065.362340 508.844928 66.220257 99.719252
1065.020407 508.365008 66.754071 99.321034
1064.809810 507.809705 67.075955 100.345334
1064.861482 507.171372 66.815403 100.265164
1064.861482 506.580166 67.262174 100.593833
1064.997353 505.858437 65.661583 100.867215
1064.461840 505.542771 66.505194 100.464870
1064.154550 504.989114 66.782416 100.344637
1064.196140 504.336418 66.554866 100.070421
1064.187627 503.263766 66.364942 101.124688
1063.987473 502.714127 66.615271 100.950940
1063.928023 502.275269 65.940535 100.643735
1063.166128 501.780483 65.887240 100.673942
1062.919577 501.645886 66.678268 100.024096
1063.124834 500.725161 66.063977 99.977569
1063.076649 500.535539 65.327740 99.533706
1062.529343 499.703103 65.716054 100.040771
1062.804424 499.536145 65.259373 99.027324
1061.962458 498.823133 66.229531 99.860160
1062.158644 498.739343 65.209403 98.898945
1061.955387 497.943155 65.529322 99.246567
1061.360479 497.393237 65.812514 99.066140
1060.613272 497.248907 67.175792 99.303287
1061.042963 496.680184 66.592254 99.318832
1060.469079 496.056470 66.752393 98.774354
1060.410993 495.564107 67.432979 99.542299
1059.909882 494.960657 66.799695 99.160448
1059.597374 494.255499 67.251199 99.869790
1059.522157 494.002431 67.191774 99.346100
1058.823897 493.410013 68.186278 99.892306
1058.619246 492.504738 67.471090 100.068721
1058.819288 492.847770 67.006053 99.615891
1058.545732 492.023930 67.239137 99.832093
1058.393773 491.263754 66.876926 100.442812
1057.649965 491.166913 67.848958 99.383172
1057.479476 490.245576 68.397415 100.382165
1057.063533 490.049303 67.852424 99.556257
1056.705783 489.516652 68.508074 99.727784
1056.327246 489.483309 68.371590 99.552170
1055.798728 488.589575 68.600920 101.172380
1055.773752 488.124080 68.618033 100.561125
1055.415834 487.635301 68.807394 100.839787
1055.471702 487.124072 68.502218 101.095927
1055.166086 486.846005 68.581254 100.742357
1055.029900 486.911719 68.760689 99.789954
1054.622883 486.146922 68.739140 100.680750
1054.253776 485.635302 68.947667 100.791200
1054.297515 485.606701 68.336955 100.175476
1054.233257 485.285349 68.317237 99.867182
1054.362214 485.278610 68.150517 99.998279
1053.534444 484.258787 68.489823 100.515106
1053.629695 484.186487 68.313260 100.483157
1053.239648 484.117949 68.421645 100.600421
1052.592747 483.252533 68.705787 100.304998
1052.195732 483.391504 69.145636 100.326867
1051.989775 482.980572 68.946255 100.058509
1052.073211 482.686444 69.137363 100.342291
1051.768494 482.743684 69.136336 99.796325
1051.768494 482.663396 69.022097 99.182724
1051.886227 481.520112 69.081521 100.467185
1050.696238 482.084300 69.489398 98.638014
1051.016953 482.024737 68.950820 98.962560
1050.578740 481.889984 69.047443 99.097313
1050.356867 481.346941 69.801626 99.016679
1050.019348 481.039311 69.933924 99.933803
1050.471686 481.422380 69.341306 98.876210
1049.816774 480.889984 69.923042 98.856823
1050.107705 480.445361 69.462303 99.140485
1049.930716 479.903136 69.486755 98.818489
1049.666892 479.754841 69.798091 98.895987
1049.797197 479.981097 69.316489 98.992024
1049.534446 479.483314 69.585780 99.407705
1049.504455 478.980551 68.568513 99.865547
1049.283499 479.107239 69.592897 99.237568
1049.195742 479.310407 69.680655 99.420428
1049.107708 478.698130 69.615277 99.887720
1049.110059 478.281632 69.331590 100.122798
1049.558369 478.117929 68.986230 100.163049
1049.768495 477.911701 68.304473 100.855398
1049.245737 477.565913 68.697219 100.473147
1049.417107 477.184101 67.919116 101.598331
1049.629697 477.192352 67.895377 101.822373
1049.428264 477.331524 67.794255 101.230711
1049.502365 476.799064 67.048089 101.758558
1049.523414 476.833958 66.244801 100.510830
1049.250972 476.473932 66.238894 100.775821
1049.029343 476.266776 66.721669 100.114922
1048.987480 476.225686 66.172995 99.878734
1048.829083 475.537624 66.234664 100.675837
1049.001883 475.748725 66.002069 99.489255
1048.746015 475.188137 66.207231 100.447438
1048.754115 475.428549 66.249837 99.579091
1048.537103 475.049634 66.305914 99.754770
1048.518594 474.432779 67.077622 100.275440
1049.132781 474.440490 65.994642 100.168410
1048.894272 474.874700 66.510924 99.194549
1048.911879 474.992902 66.484771 98.811503
1048.716065 474.767906 66.601292 98.765354
1049.117648 474.658280 65.725369 98.762133
1049.193243 474.620414 65.708007 98.788339
1049.070112 474.553088 65.794474 98.284597
1049.064330 474.604135 66.040065 98.202556
1049.256199 474.470810 65.935775 98.335881
1049.146999 473.906873 65.938184 98.756072
1049.478137 473.888685 65.902106 98.663510
1049.792648 473.821775 65.765482 98.826183
1050.028906 473.620415 65.434128 98.692869
1049.874136 472.768545 66.349768 99.198464
1050.035608 472.653495 66.102000 99.443236
1050.844232 473.105518 64.998851 98.761544
1050.955059 472.475203 65.814979 99.187748
1051.315799 472.686696 65.512188 98.827599
1051.070155 472.495632 66.236150 98.749584
1051.234187 472.485674 65.740523 98.209920
1051.105529 472.050250 66.182916 99.253402
1050.829125 472.706922 66.013934 98.255801
1051.397188 472.135738 65.975812 98.623318
1051.998388 471.933487 65.270961 99.064049
1052.157191 471.832030 64.998285 98.927026
1052.555810 471.458052 65.371132 98.495697
1052.755487 472.053226 64.873469 98.341489
1052.787782 471.455862 65.060613 98.250190
1053.153194 471.768860 65.058084 98.356297
1053.433582 471.482994 64.887067 99.293925
1053.555804 471.523303 64.855536 99.206641
1053.915346 471.919703 64.859527 98.618121
1054.353867 471.919703 64.748327 98.284648
1054.867620 471.481952 64.453092 98.943855
1054.635044 471.381600 65.103314 98.965480
1055.076739 471.313900 64.570968 99.033180
1055.310055 470.802832 64.684289 99.449065
1055.713446 471.202933 64.260145 98.938018
1055.750037 471.066593 64.863478 99.297643
1055.505312 471.202933 65.070271 99.033804
1056.034445 470.571336 65.290953 99.664415
1056.638339 470.845619 64.715660 99.116172
1056.432758 470.571336 65.451712 99.495187
1056.839510 470.835630 65.763362 99.222845
1057.282005 470.219472 65.329451 99.944863
1057.755955 470.412660 65.114189 99.751676
1058.037890 470.754755 65.083876 99.277492
1058.237512 470.389703 65.394216 99.655596
1058.679544 470.290993 65.185011 99.623876
1059.156086 470.282810 65.150145 99.653180
1059.356491 470.350529 64.888911 99.249528
1059.674136 469.694486 64.920787 99.923915
1059.679610 469.581552 64.965611 100.646761
1060.081482 469.664529 65.093045 100.149877
1060.321870 470.172765 64.703124 99.462830
1060.397227 469.764248 65.197690 100.097974
1061.432883 470.306900 63.826136 98.895465
1061.386297 469.938344 64.625987 99.487460
1061.674124 470.604135 64.590892 99.016918
1061.755517 470.110137 64.982795 98.951694
1062.427121 470.135727 64.347700 99.292947
1062.875449 469.549701 63.887485 99.197536
1063.255134 470.285362 64.248362 99.483985
1063.698082 469.973798 63.858148 98.756637
1063.872380 469.574194 64.125453 100.037527
1064.034393 469.715312 64.485524 99.724343
1064.317476 470.202938 64.728789 99.225735
1065.025327 469.562381 64.532813 98.885145
1065.153240 469.718650 64.550769 99.202061
1065.659549 469.617804 64.298087 99.446976
1065.994754 468.839008 63.803955 99.948850
1066.349084 468.790870 64.098226 99.861387
1066.595309 469.042019 63.621142 99.639173
1066.393752 469.201209 64.490815 99.258885
1066.915261 468.742698 64.604636 100.045160
1067.623112 468.678282 64.425092 100.106715
1067.639443 469.282811 64.750988 99.221552
1068.192344 469.042019 64.509554 99.352688
1068.317453 469.076092 64.438584 99.844619
1069.218120 469.010922 63.973840 99.302366
1069.710716 468.731493 63.957237 99.235652
1070.139557 468.999140 63.456404 98.792522
1070.292973 469.602815 63.754497 98.361323
1070.590132 469.368951 63.488753 99.024239
1070.351065 469.278841 64.263580 98.720009
1071.100872 469.435821 63.964933 97.598977
1071.773713 469.385943 63.421476 98.831785
1071.865973 468.931376 64.109062 98.748034
1072.307893 469.747431 64.122111 98.683834
1072.268631 468.904143 65.037194 99.521659
1072.759681 469.270066 64.995070 99.350992
1073.197423 469.079034 64.270152 99.138895
1073.750017 469.234799 64.315800 99.081575
1074.113500 469.268368 64.333847 99.000159
1074.552835 468.897766 64.259488 99.227399
1075.139605 469.368907 63.962606 98.232837
1075.787541 468.863687 64.043043 99.338533
1075.433637 468.965382 64.487184 99.112047
1076.231605 468.965382 64.652830 99.159783
1076.713416 469.202944 64.918299 98.556107
1077.466023 469.234799 64.345298 98.319543
1077.347047 469.085851 64.830414 99.104845
1078.270826 469.000995 64.577019 98.996534
1078.867623 468.965382 64.599284 99.064356
1079.152903 468.728308 64.694936 98.683964
1079.671343 468.785775 64.430828 99.327094
1080.034377 468.557617 64.195777 99.708124
1080.309981 468.523298 64.574428 99.780349
1080.752613 469.135732 64.622133 99.053123
1081.427176 468.790870 63.803061 99.289423
1081.710762 468.999140 64.573478 99.749215
1082.156086 468.954705 64.161723 99.213286
1082.750052 468.779307 64.315800 99.356772
1082.835581 469.032876 64.322474 99.235652
1083.927818 469.066600 63.737629 99.681755
1084.178143 469.007923 64.069582 99.148895
1084.828442 469.635941 63.659653 99.016208
1085.110965 469.380505 63.994565 99.522481
1085.310037 469.651441 63.668030 99.992318
1085.621022 469.389880 64.446680 99.340555
1085.875478 470.053217 64.210479 99.252288
1086.231629 469.830057 64.543214 99.247368
1086.752668 470.068403 64.475855 99.600812
1086.955091 469.596801 64.492260 99.797899
1087.476701 469.865849 64.496888 99.083916
1088.192303 470.301900 64.363943 98.775526
1088.552829 470.569335 64.079149 98.317460
1088.470866 470.802299 64.940077 98.638723
1089.270844 470.651435 64.394565 98.600447
1089.789298 470.448150 64.531401 99.072834
1090.427117 470.651435 64.165491 99.173350
1091.023384 470.694331 64.151521 98.907406
1091.965307 471.152456 63.428575 99.230648
1092.189964 470.560873 63.379331 99.912524
1092.560422 470.660339 64.273778 99.656027
1093.152901 471.068397 64.294411 99.360271
1093.698065 470.768558 64.627269 99.817014
1093.879364 471.470804 64.692924 99.198405
1094.231576 471.313900 64.689428 98.985566
1094.955128 472.053226 64.492260 99.252288
1095.466084 471.424443 64.272280 99.400536
1096.231652 472.649165 64.251992 98.656350
1096.631888 472.074845 64.506642 99.398555
1097.504904 472.313894 63.653149 99.558871
1098.062173 472.830046 63.822395 99.486313
1098.621026 472.491933 63.681469 99.475198
1099.139520 473.133946 63.276822 98.895778
1099.560513 472.988324 63.668376 100.522996
1099.752594 473.628401 64.475855 99.704262
1100.310029 473.523292 64.173590 100.395697
1100.555806 473.678277 64.672637 100.140659
1101.429632 474.063980 64.069771 99.891024
1102.447413 474.651431 63.890773 99.461421
1102.867627 475.301904 63.944685 99.110254
1103.307959 475.244904 64.013718 99.801778
1103.813223 475.986506 64.034638 98.838291
1103.991912 476.569335 64.619325 98.460400
1104.750018 477.099427 64.388483 98.552719
1105.542105 477.066594 63.851774 98.535144
1106.138658 477.032719 63.836455 98.931410
1105.991963 477.768861 64.764759 98.739206
1106.233707 477.482977 64.650895 98.864086
1106.513149 478.119826 64.953748 98.417981
1107.582324 478.133950 63.901249 99.422117
1108.062182 478.502614 64.258497 99.438500
1108.113456 478.617812 64.770947 98.967759
1108.634772 479.186346 64.739995 98.782366
1108.755567 479.234786 65.422420 99.465419
1109.911777 479.015891 64.259151 99.162330
1110.466075 479.901369 63.945041 99.087990
1111.062194 479.539922 64.003648 99.731796
1111.427158 480.252755 64.238285 98.860109
1111.671318 480.100285 64.503579 99.263963
1112.034436 480.718645 64.521832 98.723737
1112.233731 480.796160 64.759576 98.568846
1113.100945 481.053212 64.365974 99.542147
1114.192814 480.493470 63.436197 100.044356
1114.466049 481.635942 63.908801 99.401724
1115.139552 481.592294 63.384500 99.199365
1116.117228 481.717774 63.204396 100.051584
1115.828443 482.569336 64.092325 99.516641
1115.955080 482.651446 64.202938 99.895528
1116.543645 482.832013 64.085346 99.885402
1117.141189 482.734250 64.160336 99.851310
1117.889657 483.737061 63.921670 99.125153
1118.189906 483.490011 64.348755 99.682880
1118.752666 483.526271 64.220925 99.950440
1118.830915 483.832029 64.580504 99.308937
1119.543626 484.470820 63.976288 98.957864
1119.906681 484.616852 64.304673 99.238276
1120.034383 484.550430 64.631001 99.274352
1120.713434 484.557602 64.405685 99.434464
1121.309981 484.557602 63.775925 100.225638
1121.813195 484.865854 63.670376 100.044691
1122.310063 484.493466 63.884089 100.331332
1122.634782 485.737072 64.049008 99.028583
1123.446419 485.558233 63.546807 98.854046
1123.470913 485.684142 64.107833 99.458525
1123.552816 485.387516 64.585730 99.594537
1124.218166 485.423885 64.671819 99.239978
1124.674125 485.415426 64.444972 99.986587
1125.116818 485.041122 64.491924 100.025406
1125.830875 485.208152 64.070086 99.985910
1126.466060 485.330777 63.945041 99.600812
1126.552827 485.414431 64.043175 100.161122
1126.036331 485.282581 65.046313 100.396134
1127.027941 485.970786 64.289387 100.685056
1127.351828 486.188156 64.293351 99.870332
1127.516276 485.387601 64.493616 100.466752
1127.599169 486.507363 64.573828 100.295309
1127.599169 486.081288 64.501579 100.088990
1128.077341 486.553099 63.771389 100.448200
1128.141216 486.560331 64.564122 100.060715
1128.752609 486.662403 64.039640 100.441696
1128.679611 486.840150 63.954170 100.095846
1129.333040 486.562382 63.858937 100.646752
1129.555820 487.079039 63.589116 99.953214
1129.433578 486.905484 64.054513 99.967272
1129.869882 486.734246 63.525793 100.138510
1129.955078 486.631210 63.558068 100.145694
1130.034407 486.905484 64.051529 100.015220
1130.427123 486.493453 63.766977 99.948928
1130.427123 486.796161 63.479107 99.952197
1130.388156 486.592299 63.733820 100.252377
1130.504866 486.458034 64.015065 100.355883
1130.791761 486.730310 63.460475 99.219449
1130.708729 486.380487 63.370122 100.050763
1130.631901 485.975223 63.498582 100.054518
1130.473436 485.646253 63.978833 100.345822
1130.595303 485.330777 63.549627 100.588211
1130.634736 485.523291 63.296301 100.189647
1130.592396 485.931586 63.395749 99.624497
1130.032054 485.635772 64.027215 99.568096
1130.466034 485.491953 63.368497 99.847727
1130.193504 485.395936 62.914328 99.470131
1130.022180 485.387032 63.198988 98.538257
1129.829900 485.177497 62.497098 99.134441
1129.812188 484.972945 63.060663 100.244798
1129.273765 484.940700 63.219341 99.377043
1128.671626 485.133840 64.218644 98.782770
1128.590881 484.897753 63.518325 99.706336
1128.112887 484.558214 63.768723 99.233435
1128.031709 484.549443 63.360145 98.733766
1127.708735 484.211471 63.690892 99.242753
1127.393779 484.006637 63.665478 98.756040
1126.619126 483.625962 63.649492 99.195682
1126.750073 483.717758 63.131588 98.660494
1126.424229 483.583889 62.951358 98.444189
1125.949973 482.559173 62.898432 99.147842
1125.510744 482.414990 63.178975 99.277040
1125.031634 482.074829 62.936879 98.876735
1124.310961 481.795886 62.957663 98.647048
1123.950010 481.852826 63.354988 98.839200
1123.351075 481.318527 63.444464 98.653689
1123.029660 481.032726 63.700550 98.836368
1122.265177 480.387034 64.055823 99.672232
1121.915348 480.919689 63.919235 97.952583
1121.055134 480.211479 64.249813 99.005691
1120.499734 479.830066 63.887995 98.629546
1120.109568 479.108909 63.862888 98.465373
1119.752156 478.463266 63.710582 98.535833
1119.150025 478.602797 63.716241 98.504075
1118.466036 477.863668 63.803697 98.721058
1117.824682 477.616854 63.618940 98.904127
1117.311005 477.751340 63.413945 98.152976
1116.465985 477.279424 63.662842 98.654281
1116.028467 476.795889 63.100603 97.755183
1114.944228 476.349612 63.975605 98.235157
1114.550476 476.133859 63.599547 97.557339
1114.228317 475.637970 63.374614 97.974541
1113.870023 474.388276 62.978428 97.867091
1112.908505 474.817509 63.732075 97.520465
1112.107043 474.034276 63.707007 97.360348
1111.463547 474.035992 64.035474 97.529285
1111.147487 472.973841 63.455429 97.722432
1110.668006 472.870590 63.499809 97.459107
1109.491063 472.387511 63.831894 97.841458
1108.547387 471.735462 64.040726 97.944894
1107.947226 471.868595 63.707274 97.009812
1107.299697 470.756587 63.952539 98.254075
1106.660382 470.735904 63.783233 97.612653
1106.147521 470.236413 63.420335 98.140353
1105.425237 469.718560 63.528155 97.744966
1104.780476 469.370653 63.612352 97.443287
1104.389126 468.788272 63.213786 98.360677
1103.425274 468.448819 63.423187 97.687350
1103.107000 468.000495 62.972296 98.047446
1102.147531 467.383487 63.105698 98.107651
1101.268680 467.000497 63.510128 97.720069
1100.739352 466.471092 63.201310 97.389612
1099.988564 466.056153 63.687516 97.061671
1099.422664 465.721071 63.409309 96.701737
1098.529591 465.227255 63.291381 96.962718
1097.942150 464.907416 63.363650 96.514584
1097.428148 464.591792 63.402605 96.644681
1096.867662 463.691665 63.015999 96.390764
1096.468110 463.525747 62.645799 96.478491
1095.548174 462.746787 63.262576 96.838963
1094.819127 461.902274 63.695997 96.873259
1093.968572 461.751802 63.102522 96.645826
1093.388059 461.160657 63.619005 96.658305
1092.983061 460.874280 63.567040 96.131496
1092.584356 460.193969 63.056140 96.255822
1091.610736 459.846485 63.296084 95.451993
1091.028455 459.366431 63.535214 95.878327
1090.502752 458.780046 63.311289 96.343374
1089.988040 458.260506 63.280172 95.319891
1089.542927 457.762964 63.113097 96.033471
1088.858721 457.440067 63.289717 95.637286
1087.858787 457.221131 63.741857 95.344921
1087.226200 456.200167 63.095689 95.360810
1086.746402 455.598158 62.944198 96.152146
1085.858743 455.308839 63.497871 95.722446
1085.468046 454.813282 64.263739 95.622031
1085.105234 454.270401 63.795937 96.058889
1084.746603 453.591796 63.697456 95.857982
1083.652242 453.111279 64.158532 96.474472
1083.217306 453.339490 64.140529 95.964770
1082.736743 452.407625 64.199711 96.001052
1082.587986 452.270391 64.094665 95.735376
1082.049252 451.920642 63.730056 95.207619
1081.583798 450.546719 64.121075 96.484566
1080.926905 450.322442 64.642873 95.778261
1080.654112 449.751805 64.423612 96.040850
1080.299633 449.454998 63.602113 96.152508
1080.028029 448.874267 63.698710 96.223794
1080.187364 448.293748 62.870692 96.018068
1078.940896 448.295811 63.904952 96.570711
1078.707275 447.874274 63.439513 95.901265
1078.548156 447.766423 63.297671 95.912140
1077.776333 446.995719 63.719551 96.108015
1077.543604 446.920642 63.514503 94.978846
1077.266898 446.610961 62.930799 96.181956
1077.218151 445.762186 63.121906 96.471408
1076.584338 446.376928 62.848730 96.279440
1076.543488 446.012158 62.599154 95.514554
1076.375631 445.806426 62.273696 95.247771
1076.027579 444.909940 61.873475 96.047360
1075.780249 444.902578 62.865881 95.227326
1075.708757 444.545611 62.213201 95.508571
1074.868621 443.674166 62.766766 96.128934
1074.621719 443.565138 62.906734 95.359727
1074.063366 443.253453 62.927333 95.551802
1073.946283 442.879849 63.158863 95.639352
1073.865797 442.554734 62.560399 95.513723
1073.307428 442.067742 62.890300 96.060868
1072.420001 441.598160 63.409239 96.244426
1072.929695 441.530562 62.974560 95.769513
1072.932026 440.879837 62.561192 96.258626
1072.660720 441.018755 62.586807 95.825255
1072.893457 440.368299 62.634983 96.606334
1072.588151 440.182035 62.525761 96.706724
1072.450034 439.902400 62.115670 95.685766
1072.298107 440.229480 61.692593 95.449968
1072.145350 439.945390 61.721469 95.798660
1071.896566 439.804022 62.015505 95.921425
1071.973790 439.174813 62.077252 95.590972
1071.427713 438.639316 62.623329 95.902386
1071.227929 438.676203 62.532002 95.423934
1071.220419 437.986256 62.359133 95.518666
1070.867359 437.534946 62.088950 95.749736
1071.012297 438.130244 61.623079 95.015874
1070.783881 437.217955 62.001542 95.387307
1070.801306 437.521632 61.929694 95.572718
1070.702369 436.462162 61.726510 96.064075
1070.427710 436.610972 61.932523 96.181956
1070.452842 436.610972 61.606822 94.985221
1070.246629 435.814008 61.885258 96.067858
1070.355997 435.507087 61.799526 96.126437
1070.393872 435.118509 61.207018 96.767259
1069.896562 435.349002 61.190163 95.981327
1070.141107 434.863469 61.381118 96.910033
1069.568107 434.834938 61.941755 96.164054
1069.796992 434.440828 61.852280 96.514978
1069.682836 434.316144 61.757472 95.600324
1069.417801 433.905654 62.000354 96.323183
1069.298108 433.601253 61.349617 95.982684
1068.857856 433.456553 61.639751 96.494184
1068.606433 432.694938 62.182667 96.628842
1068.504307 432.833497 61.704307 96.568349
1068.298137 432.986272 61.795985 95.747000
1068.242014 432.804029 61.809019 95.921425
1068.694486 432.540176 61.182898 95.635358
1068.322842 432.402172 61.739541 96.405182
1068.336898 431.753886 61.722739 96.668736
1068.220421 431.414959 61.770310 96.494330
1068.375605 431.480194 61.374785 95.711943
1068.398785 431.358100 61.421169 95.624676
1068.170142 430.945393 61.684356 95.798660
1068.127454 430.705264 61.715274 95.882313
1067.857854 430.766849 62.123651 95.873595
1068.012291 430.217425 61.795823 95.744917
1068.089127 429.534950 61.718987 95.556929
1068.103583 429.511754 61.592573 95.510285
1068.054948 429.557845 61.386518 95.593970
1068.054948 429.465630 61.558169 95.556408
1067.990737 429.373298 61.705419 95.519351
1067.877301 429.160534 61.923546 95.868027
1067.935196 428.473987 61.459343 96.021843
1068.028417 428.977940 61.598087 96.438168
1068.050746 428.836911 61.653635 95.980600
1068.127454 428.141467 61.576928 96.171178
1068.050746 428.366487 61.722776 95.632614
1068.089127 428.193534 62.031542 95.514995
1068.544688 428.294591 62.207203 95.293002
1068.379057 427.905663 62.143155 95.508044
1068.379057 427.507091 61.866094 94.896432
1068.208408 427.564165 62.167482 95.455796
1068.582229 427.327082 61.853018 95.582599
1068.262509 427.392036 62.086367 95.656120
1068.431667 427.229494 62.038667 95.266331
1068.106201 427.236329 62.520317 95.067710
1068.694486 427.099016 61.986865 94.939688
1068.725180 427.684805 62.040748 95.219555
1068.952996 426.796060 61.917774 94.735803
1068.977822 426.886384 61.669694 94.765908
1069.625134 426.138346 61.680902 95.089314
1069.686988 426.402188 62.183796 95.021214
1069.839391 426.171878 62.101409 94.719366
1070.016435 425.620147 61.803528 94.724290
1069.744894 425.822125 62.213438 95.243943
1070.393872 425.292349 61.761651 95.279433
1070.340224 425.693349 61.870364 94.730049
1070.131810 425.434643 62.279039 95.355308
1070.991062 425.164299 61.444189 95.194101
1070.430622 424.978179 61.873964 95.719947
1070.725121 424.473978 61.901338 95.792917
1070.741341 425.100077 61.790668 95.086763
1071.103537 424.028342 61.522921 95.588960
1071.401692 424.493180 61.820110 95.829607
1071.355999 424.456876 61.799526 95.683705
1071.801319 423.829322 61.825152 95.515102
1072.253132 424.300683 61.338535 95.418457
1072.284775 423.583152 61.569740 95.748887
1072.431676 423.587484 61.933492 96.085415
1072.375575 423.708805 62.448521 95.852476
1072.568106 423.806420 62.607538 95.893774
1073.123844 423.399606 62.439798 95.936804
1073.721005 423.381841 61.754125 96.318354
1073.568163 423.610963 61.664187 96.135572
1073.769019 423.308022 61.456297 96.509478
1073.948346 423.316141 61.840782 96.291415
1074.136029 423.151509 61.863574 96.271117
1074.393881 422.986262 61.866374 96.621295
1074.720976 423.151509 61.788913 96.178825
1074.682863 423.099007 61.688048 95.305174
1075.141088 422.945556 61.694700 95.404477
1075.322872 423.010337 61.635481 95.339696
1075.474524 421.962119 61.901396 96.158167
1075.758995 422.392025 62.451933 95.702314
1076.012308 422.118521 62.108378 95.113338
1076.494949 422.684802 61.784683 95.498247
1076.378992 421.862577 62.317112 96.120209
1077.098617 422.995566 62.147674 94.478559
1076.783907 422.174362 62.036086 95.707487
1077.127473 422.424464 62.167725 95.300988
1077.318084 422.131670 62.859219 95.226724
1078.061111 421.871368 61.344500 95.274742
1078.016469 421.663756 61.768984 94.881142
1078.208451 422.014592 62.027873 94.729461
1078.997309 421.628810 61.623856 95.115243
1078.977865 421.757789 62.119281 94.848665
1079.016474 421.402188 61.907268 94.929859
1079.512294 421.239595 61.828693 95.275268
1079.648690 421.300686 61.804081 95.325996
1079.990726 421.109076 62.195877 94.995087
1080.301422 421.075026 61.771390 95.551655
1080.915176 420.522062 61.399078 95.414927
1080.783924 420.822125 61.726173 95.336197
1081.622710 420.259431 61.493545 95.494739
1081.915189 420.141734 62.060661 95.694161
1082.203911 419.968156 62.056361 96.264999
1081.708754 419.553758 62.627480 96.133790
1082.540231 419.730047 62.448170 96.204947
1082.777441 419.565124 62.400178 96.369871
1083.276199 419.927139 62.006416 95.501050
1083.731812 418.629420 61.738554 96.079096
1083.624248 418.672314 62.080168 96.099153
1084.061109 419.065671 62.008815 95.913079
1084.431702 418.935392 61.933492 95.928206
1084.452779 418.869759 62.266344 96.039925
1084.644652 419.000998 61.934866 95.699191
1085.012328 418.507093 61.934493 96.126437
1085.507109 418.184478 61.893131 96.376798
1085.986001 418.283270 61.489125 96.047059
1086.089166 418.061436 61.822935 96.104738
1086.657167 418.456884 61.708031 96.008185
1086.801348 418.456884 62.069405 95.729964
1087.318106 418.327083 62.398546 96.184438
1087.142387 418.250361 62.367468 95.666099
1087.529728 418.131683 62.610626 96.008906
1087.621711 418.155976 62.555852 96.242769
1088.085614 418.058053 62.407608 96.340692
1088.948802 417.762962 61.509262 96.775460
1088.910604 417.520303 61.913542 97.365464
1089.168984 417.780031 62.455692 97.224271
1089.082965 418.247045 63.142418 96.549761
1089.891256 417.446343 62.447304 96.538924
1090.238181 417.505514 62.325476 96.685537
1091.019502 417.133496 62.427030 96.662937
1090.468067 417.570878 63.027815 96.154105
1091.726882 417.472799 62.403871 96.205747
1091.738580 417.085488 63.037009 96.753838
1092.536487 417.270391 62.617319 96.151602
1093.123877 417.155970 62.263924 96.242769
1093.276172 416.647757 62.570236 96.392324
1094.094416 416.697114 61.646212 95.822970
1094.544659 416.848165 61.960754 96.009820
1094.491335 416.672310 61.879597 96.007152
1095.023603 416.341265 61.870635 96.430198
1095.577687 416.217445 61.880419 96.900990
1096.131694 416.033292 61.573839 96.578791
1095.973756 416.512926 62.566791 96.512375
1096.755578 416.505514 62.055173 96.126594
1096.796981 416.545630 61.852280 95.646513
1097.438688 416.977931 62.243319 95.464205
1097.896537 416.705276 61.980827 95.698913
1097.741314 416.902582 62.414184 95.227326
1098.318044 416.620135 62.575208 95.408425
1098.064144 416.381851 63.182109 95.856330
1098.411491 416.831379 62.964004 94.970116
1099.431648 416.610973 62.426217 95.168078
1099.624197 417.227578 61.736014 95.516741
1099.801349 416.836907 62.174483 95.384314
1100.089111 416.685420 62.521792 94.931883
1100.648713 416.843956 61.596435 94.743631
1100.844596 416.500249 62.527233 94.727425
1101.533541 416.875588 61.196485 94.936099
1102.071719 416.956602 61.322561 94.633749
1101.996252 416.467467 62.623030 95.533066
1101.708689 416.578323 63.290845 95.613820
1102.981983 416.505514 62.216302 95.433772
1103.012281 416.650848 62.003978 95.860669
1103.203871 416.381851 62.902260 95.626420
1103.491331 416.610076 62.297784 95.324916
1103.857846 416.843956 62.507305 95.574677
1105.247250 416.610973 61.363661 94.985221
1105.093396 416.564182 62.142874 95.548007
1105.431662 416.908135 61.619366 94.955456
1105.474483 416.631120 61.622605 95.278072
1106.144351 416.531841 61.231529 95.396034
1106.398779 416.467062 61.490300 95.691263
1106.145374 416.061431 61.824337 96.012985
1106.318061 416.359572 62.257681 95.504019
1106.619713 416.779680 62.238168 94.899779
1107.141085 416.423754 61.799693 95.056992
1107.398784 416.467062 61.767851 95.047801
1107.625128 416.628810 62.207171 95.437262
1107.935197 416.972207 61.942188 94.891384
1108.662628 416.522052 61.748215 95.095251
1109.028448 416.239595 61.182216 95.001204
1109.556011 416.791627 61.219962 94.346112
1109.855860 416.640795 61.354914 95.119106
1110.408111 416.369718 61.020724 95.328411
1110.474505 416.822129 60.932706 94.646982
1110.893064 416.446551 61.352470 95.634701
1110.571952 416.127531 61.776883 96.038637
1111.173332 416.424472 61.441078 96.319846
1111.203889 416.407672 61.431489 95.494451
1111.436693 416.467062 61.487016 95.231067
1111.474510 416.628810 61.796652 95.023481
1112.435574 416.467062 61.220684 95.368837
1112.208428 416.628810 61.542501 95.621897
1112.700077 416.685420 61.675833 95.023099
1112.430633 416.822129 61.839805 95.521067
1113.103582 416.977931 61.767174 95.326103
1113.131825 416.750587 62.279039 95.691549
1113.103310 416.741378 62.302287 96.005166
1113.682847 416.806430 62.316711 95.986498
1113.606416 416.806430 62.604526 95.523914
1113.606416 416.316151 62.710552 96.662615
1114.273068 416.472799 62.453723 96.205747
1114.910537 415.697693 61.599308 96.914390
1114.414190 416.025342 62.409889 96.606345
1114.679530 415.746773 62.589550 96.792591
1115.044771 416.571019 62.859520 96.790326
1115.179226 415.993714 63.338491 97.196254
1115.266596 416.401661 62.670138 96.625688
1115.944420 417.025734 62.324681 96.493291
1116.123842 416.894347 62.616322 96.225797
1116.526799 416.992649 62.565506 96.313095
1116.425605 417.221129 62.856954 96.224140
1116.906794 416.780031 62.504248 95.883934
1116.932031 417.323388 63.020795 95.981683
1117.101312 416.480970 62.885232 96.687656
1117.179269 416.756533 62.772073 96.479952
1117.295710 416.723629 62.902638 96.373413
1117.256965 417.090327 62.800094 96.569683
1117.641502 416.513282 63.054597 96.748522
1117.814067 417.051497 62.524459 96.417968
1117.893468 417.286202 62.599761 96.438875
1117.983817 417.144250 62.686684 95.979155
1118.314058 417.480814 62.320126 95.871439
1118.948328 417.250368 62.510387 96.403466
1118.816151 417.407283 62.221769 96.271263
1119.047328 417.643615 62.235243 95.871435
1119.336878 417.577354 62.103439 96.802057
1119.218100 417.366438 62.382494 96.476156
1119.023061 417.505514 63.033954 96.638796
1119.334357 417.459582 62.722658 96.405630
1119.793449 417.570878 62.475652 96.573432
1119.816157 417.333230 62.431393 96.140893
1119.738574 417.160657 62.473991 96.654852
1119.816157 418.283529 62.536540 96.470615
1119.970542 417.945951 62.102260 96.039315
1119.741362 417.998062 62.728999 96.927272
1120.197239 418.177225 62.106161 95.762060
1120.280099 417.766864 62.260501 96.891894
1119.944594 417.621705 63.147711 97.598247
1120.384652 417.649072 62.762121 97.629874
1120.448034 417.940519 62.665095 97.133589
1120.620016 417.973625 62.929852 97.428676
1120.502188 417.741426 63.102972 97.426315
1121.042852 417.541436 62.597732 97.907856
1120.825754 418.467138 62.759361 97.123345
1121.235131 418.193955 62.562519 97.743597
1121.216638 418.206174 62.228642 97.587776
1121.386313 418.343655 62.198869 97.495675
1121.411553 418.670422 62.259013 97.369321
1120.826381 419.181951 63.620211 97.415806
1120.548924 419.554150 64.154453 95.730433
1120.786285 419.793105 63.860596 96.047464
1121.345648 420.376910 62.887487 96.466775
1121.373014 419.879652 63.144745 97.217959
1121.463117 419.874273 62.894726 96.919670
1121.227044 420.441706 62.971040 96.027746
1121.717622 420.275967 62.728971 96.170761
1121.893492 420.440051 62.846708 96.424460
1121.905207 420.636155 62.695365 95.625649
1121.788165 421.001004 62.721705 95.467813
1121.906834 421.130244 62.498759 96.174819
1121.504279 421.351169 63.626487 96.514194
1122.022010 421.728095 62.843973 95.786696
1122.181422 421.432770 62.363279 95.264447
1121.741367 421.650838 62.975275 96.326939
1121.983816 421.831378 62.616756 95.940085
1122.123878 421.598170 62.439798 96.521982
1121.944550 421.959904 62.725950 95.790412
1122.259290 422.155978 62.986954 96.103352
1122.179203 422.177225 62.526305 96.223239
1122.200161 422.351175 62.823790 97.266777
1122.255368 422.360149 62.645842 96.043616
1122.267573 422.867446 62.805247 96.279270
1122.179203 422.828704 62.913058 96.849663
1122.541981 423.181955 62.376514 96.427603
1121.908005 423.610075 63.164815 96.302091
1121.905207 423.756525 63.470284 95.739290
1122.449982 424.667326 63.067711 95.804738
1122.504285 424.472798 62.778310 95.881424
1122.425641 424.480812 62.997302 96.337735
1122.345666 424.896264 62.817406 95.782280
1121.948221 424.565132 63.685993 95.954957
1122.463660 425.025732 63.334025 95.885346
1122.627963 424.961053 62.833058 95.763929
1122.621748 424.861544 63.224667 96.212269
1122.588099 425.506403 63.082423 95.358801
1123.047352 425.931551 62.692853 95.606869
1122.827836 426.515657 62.961301 95.416592
1122.748522 426.118512 62.761406 95.935677
1122.543504 426.610093 63.516021 95.002000
1123.123884 426.803253 63.149706 95.828450
1122.667773 426.341678 63.778776 96.244057
1122.865123 427.309590 63.389769 95.951886
1123.334356 427.144248 63.112193 96.256215
1123.068017 427.505512 63.270526 95.941215
1122.747196 428.090325 63.841772 96.100725
1122.627785 428.116778 64.234205 95.794756
1122.943689 428.699937 63.954250 95.629645
1122.461905 428.636154 64.513562 96.461456
1122.588634 428.620143 64.692373 96.358133
1122.626304 429.208858 64.584823 95.745432
1122.787994 429.533628 64.458996 95.817316
1122.422664 429.401646 64.824326 96.252603
1122.509040 430.015562 64.771968 96.032391
1122.381734 429.817504 64.973042 95.975156
1122.051773 429.948585 65.231124 96.917770
1122.669330 430.721548 64.523247 95.410755
1123.187417 430.858002 63.894992 95.982564
1122.988093 430.437183 64.416581 97.302324
1122.949940 431.368538 64.678195 96.754033
1123.147545 431.691481 64.448276 96.356467
1123.187454 431.415214 64.709740 97.229130
1122.906438 432.368541 65.177251 95.861007
1122.821532 432.092522 65.133768 96.871483
1123.230617 432.656507 64.527874 96.315703
1123.066454 432.751815 64.708798 96.692568
1123.548939 433.819594 64.695806 95.456682
1123.587993 433.467154 64.997813 95.538622
1123.381772 434.364868 65.045031 95.736915
1123.381772 434.726897 65.225443 95.390920
1124.108144 434.791132 64.825456 95.793626
1123.942163 434.322446 64.776306 96.100348
1124.025780 434.691473 64.749448 95.935799
1124.306026 435.013976 64.446000 96.057290
1123.777968 435.209566 65.300094 95.629458
1123.985064 435.079264 65.223396 95.852564
1124.187972 436.047080 65.056748 95.819268
1124.747656 435.649078 64.931871 96.467849
1124.780426 436.108673 64.994777 95.608672
1125.187443 436.144480 64.383574 96.299908
1125.227035 436.662573 64.597480 96.203791
1125.187948 436.554162 64.407824 96.656815
1124.903399 436.555621 65.124065 97.723326
1125.193455 436.768874 65.493518 96.470041
1125.587913 436.912732 64.643158 96.644607
1125.667990 436.671292 64.540445 97.236198
1125.869978 437.433271 64.685755 96.831281
1126.267218 437.053477 64.035826 96.849732
1125.707313 437.821413 64.972253 96.838325
1126.109125 437.715931 64.773387 96.982311
1126.230611 438.108680 64.780633 96.261171
1125.903374 438.299365 65.160193 96.795475
1125.906432 438.916029 65.468067 96.621397
1126.310986 438.669391 64.808960 96.323817
1126.025731 439.080096 64.965580 96.863672
1126.510712 438.502719 64.900272 98.271473
1126.550448 439.230964 64.915800 98.469254
1126.228775 439.133956 65.838920 98.752839
1126.518548 439.537515 64.980875 98.221528
1126.991956 439.635936 64.874106 98.632586
1127.153242 440.649151 64.731353 96.798377
1126.821522 440.584234 65.242109 97.396634
1127.109524 441.399178 65.155688 97.551688
1127.141920 441.878572 65.107612 97.594825
1127.631351 441.414357 64.654223 97.178555
1127.013728 442.238790 65.505882 97.691742
1127.671350 442.066607 64.978885 97.172308
1127.742707 443.045205 65.160082 97.971989
1128.193467 442.952357 64.981436 97.340233
1128.431060 443.329933 64.688912 98.206816
1128.428559 443.901386 64.748847 97.890280
1128.752115 443.335972 64.677896 98.312333
1128.792243 443.350856 65.146819 98.650039
1129.113498 444.032977 64.844166 98.181232
1129.153190 444.943969 64.442734 97.386735
1128.950006 444.414988 64.641955 98.283260
1129.189915 445.165253 65.152737 97.816794
1129.387846 444.859083 65.006038 97.988466
1129.265174 444.669268 65.201059 98.244857
1129.715413 445.222307 65.095919 98.328474
1129.787841 445.702451 65.423496 97.804509
1129.991525 446.362095 64.820776 97.619949
1130.230573 445.906475 64.672153 98.275070
1130.112924 446.681710 65.427239 97.744090
1130.153253 446.635009 65.021687 98.163818
1130.867616 446.540407 64.489601 98.090689
1130.711960 447.448947 64.790519 97.687383
1130.671676 447.415274 64.903330 98.518277
1130.392067 447.635006 65.309777 99.183171
1130.919049 448.019922 65.018876 99.003243
1130.914777 448.478712 64.624722 99.063264
1130.994775 448.605295 65.293690 99.080815
1130.995850 449.681998 65.123206 98.477841
1131.032029 450.517428 65.215703 98.115923
1130.950903 450.255895 65.296829 98.744998
1131.436928 451.461136 65.084457 97.107661
1131.190349 450.606813 65.330242 98.590915
1131.351339 450.652917 65.459979 99.168915
1131.558871 451.398980 65.636578 98.829330
1131.463900 452.019919 65.400760 98.561903
1131.795556 452.002493 65.640591 98.794597
1131.833407 453.461147 65.835058 97.871530
1131.940273 453.385282 65.798021 97.771536
1132.392053 453.451407 65.896398 97.326291
1133.032066 453.065599 65.544773 98.666044
1133.595376 453.763016 65.036374 98.472748
1133.513817 454.451400 65.443814 98.277621
1133.715387 454.718659 65.278887 98.295775
1133.554270 454.795676 65.366741 98.485670
1134.231582 454.843189 65.093751 98.237113
1134.273814 455.269553 65.376418 99.030532
1134.518540 455.050234 65.382695 98.478956
1135.192263 455.316787 64.655567 99.258768
1135.197429 455.890684 64.594870 98.558900
1135.473396 456.768869 64.375018 97.880300
1135.905131 456.933880 64.214797 97.797790
1135.709194 457.348755 64.918965 98.473753
1135.994832 457.587724 64.889657 98.922263
1136.076727 457.938128 65.188311 98.781863
1136.436989 458.478700 64.901177 98.824942
1136.554340 458.748125 65.257036 98.904136
1137.117017 459.193308 64.965655 99.178279
1137.516308 459.999108 64.602804 98.988769
1137.105592 459.874855 65.124630 99.464807
1137.679580 460.573601 65.185011 99.173640
1137.463955 461.050245 65.328326 98.545764
1137.675277 461.740476 65.392435 98.697115
1137.833463 462.505396 65.322062 98.045386
1137.910226 462.729510 65.373968 98.951466
1138.157239 463.050234 65.107787 99.628478
1138.397057 463.686705 64.739827 98.692857
1137.787813 464.175005 65.679059 99.435101
1137.838944 464.893778 65.625196 98.918069
1138.277543 465.240965 65.871992 99.301004
1137.885663 466.365684 66.212245 98.366487
1138.679557 466.050239 65.442198 98.948765
1138.955397 467.199224 65.713118 97.655137
1139.353809 466.890679 65.333160 99.067298
1139.315804 467.869615 65.438995 98.080146
1139.835565 467.890672 64.793447 98.256551
1139.746897 468.190121 65.137718 98.632913
1139.835565 468.526166 65.600618 98.947588
1139.833451 469.067412 65.577933 99.298139
1140.321873 470.155374 65.363362 97.872199
1140.023081 470.160809 65.460538 98.873826
1140.476668 470.526155 65.191841 99.738260
1141.077396 471.276153 65.191934 98.753032
1140.995883 471.526149 65.014018 98.981698
1140.710900 472.881211 65.810517 98.281710
1141.237488 472.700543 65.652484 98.715325
1141.152275 473.209681 65.602477 98.304614
1141.554307 474.093358 65.586866 98.791235
1142.076693 475.133491 64.896852 97.911814
1142.153210 474.764234 64.948936 98.149889
1142.631858 474.918126 65.165517 98.797110
1142.594675 475.193307 65.253192 98.873216
1142.792657 476.046260 65.472341 98.529852
1143.277515 476.383708 65.170494 98.480569
1143.228753 477.053216 65.073709 97.677225
1143.752136 477.237293 65.406707 98.961288
1144.116977 478.140432 64.783966 98.197166
1144.671356 479.230955 64.868802 97.513162
1144.428605 478.526619 64.893060 98.755618
1145.113482 479.080361 64.770947 98.809502
1145.032023 479.776695 65.288654 98.427154
1145.105539 480.693542 65.487059 98.026461
1145.955062 481.911460 64.965959 97.292877
1145.947178 481.178388 65.281702 98.890265
1146.397186 482.591505 65.529759 97.645242
1146.664800 482.967493 65.510147 97.966906
1147.072523 483.846037 65.357807 98.074678
1147.313885 483.318815 65.116445 99.435123
1147.111267 483.782066 66.195036 99.207008
1147.429018 484.371509 66.071931 99.098405
1147.675813 484.846451 66.231377 98.896784
1147.429018 486.103366 66.775664 98.387524
1148.480638 485.797644 66.098290 99.604214
1148.870563 486.591062 65.606693 98.352098
1149.317530 486.852777 65.683557 98.972015
1149.518548 487.067418 65.640062 99.712391
1149.593801 487.992908 66.202245 99.731102
1150.047093 488.253429 66.136572 99.888519
1149.994417 489.211331 66.550910 99.098392
1150.362295 489.926189 66.183032 98.637995
1150.675814 490.221804 66.120262 98.906794
1151.321848 490.306901 65.882836 98.991518
1151.070148 490.352027 66.125372 100.082336
1151.436318 490.352327 66.005687 100.625603
1151.312283 491.137241 66.573486 100.182564
1151.671007 491.040659 66.480815 101.179531
1151.555019 491.692895 66.720838 101.101064
1152.416473 491.984158 66.120310 101.087685
1152.403071 492.633011 66.795355 100.821566
1152.345394 493.129368 66.819075 100.977296
1152.927990 493.935685 66.796003 101.170987
1152.955476 495.226093 66.510840 99.390018
1153.281055 495.792420 66.637811 98.771755
1153.221448 495.992897 67.357482 99.391053
1153.461892 496.293412 67.024120 99.472874
1153.919616 497.098319 67.165887 99.345679
1154.764013 496.604613 66.757020 100.646646
1154.804272 496.935685 66.695158 101.310651
1154.969044 498.559681 66.717428 100.230804
1154.861442 498.294110 67.637450 101.056304
1155.229659 498.832528 66.649351 100.400911
1155.485377 499.965155 66.900624 99.917595
1155.960795 500.428544 66.974191 99.772710
1156.124859 501.231039 67.187217 99.651704
1156.208609 501.630574 66.906208 100.008147
1156.320511 502.184383 67.594251 99.764461
1156.762974 503.005642 67.073683 100.181794
1156.692421 503.063937 67.393857 99.869501
1157.154619 504.138607 67.269031 99.950578
1157.279182 504.508618 67.257427 99.713560
1157.503832 505.251422 67.619345 100.332726
1157.829581 505.141609 67.269615 100.717718
1157.787468 506.293005 67.876545 100.251384
1157.490585 506.822470 68.173427 100.329734
1158.164055 507.445343 67.386508 100.161204
1158.429462 507.780159 67.822218 100.656976
1158.745239 508.039293 68.298723 100.665174
1158.975076 509.001006 67.461526 100.648812
1158.745239 509.072968 68.413229 100.786358
1159.339295 509.663404 68.063306 101.085111
1159.374407 509.704567 68.037315 101.797458
1158.782874 510.641221 68.828863 101.359957
1159.173024 511.437469 68.135762 101.217019
1158.943085 512.219818 68.961779 101.031413
1159.684104 512.776550 68.654182 101.672593
1159.572413 513.437467 69.290913 101.217019
1159.355764 514.333557 69.623371 101.169448
1160.421003 514.926999 68.712916 100.735753
1160.122096 514.694646 69.652458 102.192814
1160.630133 516.716494 68.858399 100.838202
1160.859370 516.880218 68.761745 101.420455
1160.563662 516.985384 69.352858 101.924103
1160.402985 519.115684 69.830759 100.239966
1160.695462 518.542944 69.681429 102.052209
1160.419820 520.246181 69.323770 101.109441
1160.572409 520.790690 69.600272 101.118288
1160.872671 521.602587 69.806485 101.599113
1160.928429 522.212278 69.691748 100.950829
1160.739366 523.022533 70.239760 101.362277
1161.414440 524.178625 69.575265 100.730984
1161.164207 524.437502 69.866992 101.464498
1160.977494 524.935250 71.226165 101.402697
1161.416945 527.030842 70.349379 99.629855
1161.386832 526.606676 70.493193 100.710928
1161.841616 527.955401 70.324275 100.547806
1161.560582 528.198440 70.495887 100.957482
1161.398435 529.092401 70.785282 100.911844
1161.488360 529.497080 70.540113 100.919879
1161.308229 530.246226 70.797807 101.408213
1161.331457 530.939007 71.398085 101.215626
1161.596014 531.465894 71.421302 102.794899
1161.743988 532.023063 70.979910 102.427932
1161.769012 532.901659 71.417890 101.603698
1162.525258 533.921322 70.701001 101.986046
1162.416947 533.744709 71.600371 102.607764
1162.517669 534.000694 71.402096 102.875841
1162.653690 534.945890 71.344600 102.493012
1162.880452 535.886029 71.424647 101.833585
1162.948866 537.455766 71.159379 101.958272
1163.082985 537.096524 71.064545 102.277614
1163.481336 538.382959 71.100415 101.129695
1163.281873 539.076315 71.459355 101.768011
1162.984425 539.836938 71.372969 101.742093
1163.172028 540.038695 71.449340 102.102567
1163.211252 540.590777 71.974511 101.848057
1162.755701 541.438855 72.350600 102.283780
1162.639656 542.449689 72.276487 101.516809
1162.801595 543.180236 72.623120 102.571482
1162.710630 544.349818 73.487868 101.143320
1162.685671 544.548619 73.634948 102.681162
1163.334161 545.171815 73.235461 102.658146
1163.058914 545.316455 73.824870 103.789330
1163.063136 546.384586 73.267496 102.738177
1163.105229 547.162760 72.698713 102.444221
1163.674764 548.281778 72.162813 102.012627
1163.197610 548.885801 73.032297 102.514872
1163.058914 550.046539 73.182137 102.097600
1163.219865 550.706932 73.504031 102.083729
1163.292605 551.089155 73.108452 102.751939
1162.680948 552.064076 73.560103 102.677469
1162.312377 552.096647 74.379111 102.486843
1162.385736 552.628146 74.516509 103.560037
1161.938868 553.341561 75.380097 103.569914
1161.583913 554.050087 75.863890 103.436796
1161.535615 554.708941 75.870761 103.639731
1161.438761 555.414906 76.091993 102.935257
1161.244087 556.169964 76.038180 102.536385
1160.899322 557.148273 76.985040 103.142410
1161.275533 557.889590 76.134251 102.902752
1160.900288 558.067533 76.671966 103.079810
1160.821690 558.338699 77.385019 103.966787
1160.219503 558.940144 77.987339 104.779811
1159.848459 559.879746 78.519098 103.840852
1159.647684 560.410170 78.634457 104.554574
1159.734973 560.423325 78.590485 104.229429
1159.293092 561.341621 79.031758 104.238729
1158.582309 562.256692 80.168948 103.886406
1158.672461 562.907752 80.429170 103.438494
1158.715445 563.215670 79.996262 103.863596
1158.570245 563.956099 80.052341 104.268878
1158.570245 564.576671 80.706509 104.216576
1157.971139 564.835249 80.697192 104.960773
1157.899988 565.503704 81.163999 104.216533
1157.729979 566.530759 80.718759 105.502373
1157.216296 566.780264 82.068554 105.083289
1156.266169 567.492224 81.916276 105.377124
1156.396320 568.105040 81.834532 105.254327
1156.077379 568.842040 82.285795 105.132405
1155.627232 569.122701 83.416352 104.879383
1155.260330 569.636541 83.276398 105.464640
1154.866852 570.606257 83.680221 104.669709
1154.586792 571.139824 84.068557 104.639393
1154.364480 571.711691 83.658073 105.514775
1154.091190 572.361384 84.335636 105.232075
1153.479276 573.005060 85.285079 105.545268
1152.977778 574.007982 85.965730 105.474134
1152.696389 574.735781 86.703006 105.592167
1151.497834 575.517723 88.174203 105.666281
1151.689437 575.977662 87.168188 105.677088
1150.472965 576.621022 88.858942 105.624061
1149.977986 577.026077 89.476777 105.337155
1149.024644 576.502012 90.028726 106.963200
1148.929148 577.651505 89.458085 105.969283
1148.091953 577.700272 89.133344 106.077029
1147.888632 578.602469 90.713866 105.905121
1146.978334 579.177247 91.459841 105.790885
1146.361521 579.703461 91.499213 106.407789
1145.562667 579.853552 91.912835 106.749944
1144.279628 580.333077 92.411367 106.686420
1143.465066 581.126095 93.293824 106.383481
1142.785340 581.760241 94.328798 105.877385
1141.858608 581.970101 94.305946 106.229413
1141.549250 582.445788 94.700961 106.171165
1140.668167 582.921790 94.594464 106.112514
1139.731700 583.285726 95.270262 106.837954
1138.356084 583.714472 96.846944 106.585538
1137.164082 584.092879 97.841748 106.887900
1136.249380 584.258061 98.042579 107.111996
1135.496224 584.582380 98.515401 107.368338
1133.986667 585.053389 99.466185 107.145940
1133.028461 585.369438 99.888661 107.893844
1131.373434 585.205589 100.265391 107.865920
1130.159040 585.315790 101.707130 108.403629
1128.559397 585.460464 102.198249 107.408889
1127.460550 585.800927 102.688531 107.517394
1126.210380 586.064860 103.072113 107.955584
1124.655432 586.755988 105.332328 106.799480
1123.501878 586.391161 105.979133 107.556996
1122.383508 586.617160 106.517465 108.809809
1120.907625 586.951454 106.206644 108.160927
1119.366584 586.645888 107.156500 109.522046
1117.801879 587.228403 107.240093 109.088680
1116.316220 588.211001 107.517787 108.423891
1114.863405 587.990995 108.386645 108.316548
1113.007043 588.369449 109.285753 107.849302
1111.320847 588.578913 110.235232 107.905532
1109.485935 588.610305 110.462787 108.266351
1107.861972 589.002121 111.118909 107.676188
1106.050477 588.875167 111.285028 108.698263
1104.080740 589.060234 112.293665 107.871458
1103.197287 589.947470 112.469148 107.543545
1101.024996 590.512163 113.349417 107.716898
1099.114694 590.433845 114.394287 107.892068
1097.732423 590.583645 114.139704 108.415553
1095.443375 591.018734 115.053205 108.028903
1093.476852 591.395630 115.714279 108.037811
1091.482403 591.775973 116.259435 107.352589
1089.146942 592.012217 117.044189 107.380514
1087.484882 592.251983 117.107327 107.591693
1085.969648 591.987241 117.918534 108.186883
1084.008223 592.918125 118.162925 107.737532
1082.093771 592.805930 118.665201 108.301244
1080.251020 593.637858 118.469984 107.659242
1078.520226 593.974791 118.943735 108.132403
1076.677990 593.891993 119.514500 107.874592
1074.262264 594.456679 119.994026 108.562627
1072.779362 594.511727 120.059389 108.604260
1071.285315 594.883990 120.632043 108.675924
1069.027953 595.216617 121.439268 108.653629
1067.754267 595.429047 120.812059 108.772223
1065.829048 595.932637 121.345595 108.364266
1063.818450 596.966317 120.966311 107.101057
1061.299973 597.189271 121.832029 107.195220
1059.275434 598.198165 121.799869 106.878495
1057.539322 598.512538 122.170517 106.597358
1055.023355 598.151360 122.680438 107.229034
1053.567337 598.833445 122.792968 106.623731
1051.258486 598.758351 122.288246 106.685571
1049.149510 599.235163 122.951100 106.423686
1047.464115 599.581616 122.956181 106.528290
1045.321785 599.758345 123.890060 106.855156
1043.108494 600.629228 124.446172 106.444978
1041.724496 600.246727 124.056522 107.941499
1039.703787 600.889860 123.773943 107.749203
1037.895697 600.943436 123.634381 107.567487
1035.342788 600.489336 125.087292 108.373396
1033.535745 601.540730 125.233480 107.839513
1030.584465 602.424756 125.615248 106.932148
1030.458992 602.769199 124.693978 106.816353
1027.741316 603.447065 125.589146 106.187504
1024.331343 603.445528 127.082413 107.365152
1023.324746 604.135460 125.704214 107.297343
1021.078734 604.494435 127.125293 106.357595
1019.503569 605.388578 126.184539 105.662335
1016.955534 604.816955 127.139603 106.325464
1015.028931 605.276010 126.957247 105.912911
1013.852783 605.324868 126.351263 106.043978
1011.225672 605.889903 126.880946 105.802784
1008.810180 605.414483 127.023936 106.703266
1007.664082 606.557075 126.755637 105.562774
1004.549124 606.326979 128.022816 106.365739
1002.863575 606.380777 127.273445 106.145661
1000.233478 607.113107 127.722974 106.017510
998.891862 607.781186 127.444117 105.338641
996.102772 608.001008 127.607211 105.094235
993.549096 608.108818 128.437198 105.622916
992.252751 608.057381 127.800332 105.537881
989.460651 608.835201 128.458538 105.283840
987.918218 609.358674 128.167298 105.203975
985.329501 609.767722 128.839360 105.294806
982.687062 609.952526 129.114661 105.497035
980.571198 610.544496 128.937947 105.066230
979.438640 611.505362 128.570978 104.883696
975.292539 611.564557 130.450063 104.598309
973.994615 612.270428 129.578886 104.917234
970.652177 613.016628 130.856950 104.706784
968.470100 612.996983 130.621944 105.462026
967.565595 612.836329 130.567262 106.003800
965.208678 613.281539 130.757252 105.279718
961.622414 613.453917 131.027823 105.561298
959.459177 613.978022 131.027783 105.707495
958.466590 614.224982 130.781582 106.786050
955.520517 613.395437 131.372687 106.846035
953.480506 613.958465 131.383907 107.249178
951.038813 614.379141 131.543672 106.694147
948.681040 615.127955 131.867875 106.233023
946.145461 614.876816 132.060152 106.653905
944.372859 615.178127 131.380573 106.447105
942.189867 614.991321 131.896884 107.369662
939.955865 614.881853 131.807065 107.355589
937.060833 615.681385 132.929788 107.470428
934.233289 616.289457 134.026612 106.685993
932.267493 616.391781 132.761100 106.576334
929.993574 616.453736 133.345012 107.203308
927.725254 616.276699 133.217488 107.171674
925.233320 617.590603 132.905835 106.273805
923.463687 618.078234 132.440283 106.228851
921.097861 618.178118 132.999108 106.936011
918.775087 619.029507 132.535011 106.362466
916.770841 618.881845 131.471370 106.802490
913.943911 619.162827 132.777469 106.919552
911.821678 619.614222 133.327462 106.543709
909.572267 619.671476 133.862080 107.247913
906.945282 619.953252 133.975042 107.592813
904.437817 620.687429 133.856473 106.432058
901.825153 621.816949 133.914669 105.838924
900.215570 621.728698 134.197344 106.429236
897.928952 622.647263 133.791321 105.457512
895.521288 623.134746 133.296133 105.687189
893.046976 622.950673 134.030422 106.813712
890.453158 623.811345 134.967422 105.903603
888.111971 624.306774 135.839500 106.279830
886.108232 624.878366 134.388286 105.919439
883.961373 624.907745 134.124614 105.856260
881.809514 625.818999 133.902675 105.156449
879.386024 626.585570 134.127380 104.756748
876.775012 626.800428 135.001633 104.999615
874.961403 626.517904 134.647912 106.113546
872.180316 627.829144 135.416718 105.023185
869.495180 628.481591 136.101825 105.355893
867.467015 628.827067 135.854720 105.360834
865.261347 629.265290 135.006052 105.449641
863.657309 630.267755 134.411992 105.527053
861.061196 630.808081 135.971881 104.872414
858.357663 631.323915 135.886978 105.055496
855.434890 631.420429 136.709722 105.615950
853.588794 631.992175 137.265500 106.081094
850.826106 632.907709 137.766656 104.966932
848.840799 633.795838 137.122715 104.957203
846.071261 634.671590 138.059733 104.852543
843.771441 634.497787 136.573733 105.909898
841.463100 634.650280 137.215247 105.873847
839.402596 635.401246 136.665104 105.892942
836.979372 635.838436 137.429874 106.402798
834.180283 636.224565 138.229041 106.402902
831.464620 637.374398 137.595739 106.101627
828.756634 637.509931 137.656956 106.255921
825.761892 638.187302 138.557283 106.327826
822.975090 638.284986 139.252035 106.688552
820.596877 639.045631 139.087624 106.561637
818.452535 639.594948 138.595641 105.987495
816.185215 639.374377 138.680493 107.961115
813.739910 640.267232 138.502561 107.441150
810.751462 640.791981 140.115304 107.066690
808.586602 641.890180 139.279628 106.380717
805.751450 642.652021 140.390696 106.137424
802.962378 642.691354 140.267762 106.627938
800.387145 643.782070 139.391942 106.156638
797.328685 644.309095 141.368072 106.549590
794.737899 644.735174 140.764461 107.031109
792.447322 645.685071 139.242376 106.541690
789.328693 646.251816 139.269574 106.124655
786.751486 646.629909 139.477651 106.275017
783.893052 646.849604 140.154588 106.526850
781.174953 647.839078 140.327459 106.517714
777.530057 648.037401 140.884207 106.970708
775.376617 648.446983 140.307859 106.627451
773.164196 649.518475 138.268103 105.960036
769.355920 650.073465 140.962233 106.581202
766.951208 651.141183 140.642117 105.188745
764.045970 651.709004 140.912438 105.530705
761.184758 652.387788 141.319984 104.714558
758.680980 652.841763 141.935157 105.006192
755.601586 653.004753 142.363569 105.513779
752.161332 653.341329 142.068837 105.988575
749.589920 654.251312 142.651923 105.960583
746.941189 654.071330 142.107815 106.200426
744.299460 654.964950 141.749514 106.178138
741.238618 655.053738 142.457577 106.825791
739.009366 655.522834 141.952538 107.043647
734.859568 655.898080 142.823721 107.268203
732.211437 655.142377 142.839799 108.363232
729.636172 656.504727 143.341647 108.129008
724.513539 658.082043 145.634370 107.057876
717.822357 657.927488 150.597868 108.200044
718.478217 659.603082 146.556219 107.036274
714.980655 661.042710 147.377529 106.507619
714.913404 661.235095 144.945873 107.736001
713.703817 662.269418 143.852311 107.345087
712.638358 663.082040 142.245760 107.622721
711.855969 663.684807 141.863512 107.559558
713.922070 664.257472 136.577227 107.090726
713.230166 666.472605 134.649171 105.016978
712.888818 666.468786 132.389913 105.620629
710.876658 667.578180 132.072841 104.952553
707.705938 668.571848 133.121112 105.650392
710.332060 668.040051 127.690645 107.250490
706.654601 670.006468 128.735838 106.389102
707.280647 670.039643 125.612721 106.183025
705.212791 670.059650 124.956033 107.248678
703.444137 671.669586 124.477110 106.658168
704.045866 670.659829 121.094139 108.648495
704.318593 670.057588 119.295005 110.908606
704.212274 671.298639 116.219524 110.114456
702.587469 671.892812 115.087475 110.066239
690.277153 675.696229 122.866074 107.274251
669.712953 677.106664 141.328306 107.092988
658.973621 679.063963 147.636239 104.778182
671.058861 681.233053 130.913421 102.031641
652.286063 679.944845 148.372031 104.743286
649.113268 683.844101 148.082275 102.890399
647.693373 683.640089 147.813952 106.730345
644.847831 685.337543 148.593130 106.817123
640.624773 686.866050 150.642317 107.016579
638.143647 687.860821 150.294908 105.911843
634.820959 688.468311 150.307994 105.962430
631.920878 688.070913 149.653933 111.966391
629.150133 688.445491 149.741756 112.962987
627.059059 689.338799 149.693822 111.712990
624.602114 690.838211 150.168325 112.503811
619.481700 693.616669 154.061735 110.011291
616.528124 694.812179 142.413295 112.499665
613.840987 694.763052 141.813857 113.973802
610.762120 697.761108 146.602870 112.202166
608.303117 700.491470 146.193250 111.321205
606.241537 703.457363 148.047472 109.466726
605.255276 705.166149 140.681972 112.014465
602.488519 704.238177 142.933777 112.582716
599.138759 707.481799 145.175764 109.245564
597.335714 709.722801 145.427132 107.464730
594.093299 712.044938 147.714767 107.530724
591.451887 714.097271 149.274895 106.486315
589.932949 713.878052 149.618461 106.991228
587.520172 715.867969 152.327789 105.487677
584.480988 716.399188 155.273425 106.070790
581.747912 717.311134 158.163422 107.774621
579.875311 712.020979 158.069502 111.669973
577.365228 713.640664 160.589990 112.505699
573.847357 713.599130 164.726539 112.908066
571.622087 713.384277 167.010446 112.867264
568.782836 712.597569 168.879735 112.728575
566.250109 713.455502 171.779051 115.036019
563.034049 713.899248 175.561716 110.816243
560.667589 713.573122 176.159532 110.475537
558.325423 713.696348 177.627487 112.484932
555.463521 714.149506 179.336187 112.726618
553.355971 709.937350 168.807131 116.322198
550.762309 710.332074 171.024000 114.434069
548.673404 711.227329 169.520601 112.255075
546.155599 712.170775 158.053521 110.872638
543.589165 715.935140 154.040066 107.611230
541.707691 715.147637 148.342347 107.095569
539.489676 716.212603 148.290179 106.361298
536.900485 718.171915 148.502371 106.222044
534.271304 718.084837 149.104415 106.647951
531.896066 720.479039 149.371024 105.891915
528.951220 720.423514 150.066419 106.500134
526.297331 720.938953 150.998292 106.978778
525.041035 722.651161 150.484418 105.548545
522.577434 723.923288 151.147591 105.921562
520.031968 724.005941 152.568804 105.914211
517.593930 723.996322 152.339836 106.866390
516.691626 725.320055 150.063494 106.741466
514.520165 726.339291 150.225930 106.401511
512.220882 727.598840 149.353937 105.713986
509.677426 727.714544 151.085450 106.686450
506.781938 728.200984 149.648399 107.580997
505.505345 728.815349 150.683257 108.452481
503.617020 729.667992 148.959032 107.832572
501.635820 729.315126 148.815465 109.159317
499.561431 730.109174 149.171752 109.158639
497.838945 730.623104 147.401556 110.182049
495.652961 730.738811 147.367590 110.317595
493.742362 731.277709 146.723820 110.918532
491.668915 731.196495 144.709918 111.999755
490.487881 731.893163 144.032030 111.301506
488.479552 733.323754 142.266933 110.948895
485.987094 733.212958 142.512259 112.039482
484.346274 734.374836 141.967955 113.005953
483.346600 734.592540 139.943355 112.765528
481.128654 735.251016 141.013484 112.389486
479.273638 735.784573 140.212033 112.164660
477.416904 736.608766 140.441092 112.579028
475.344682 737.283947 139.958568 112.272725
472.563129 737.861195 141.386948 112.227883
470.631176 738.675015 140.580221 112.861363
468.986637 739.102712 139.224753 112.457854
467.975397 740.079878 137.975697 111.829833
466.190545 740.389801 137.229183 112.362143
465.025138 740.971236 137.202378 112.854545
463.593254 742.136483 136.638211 111.861173
461.404219 742.314677 135.868968 112.210289
460.220121 742.866958 134.684299 112.264855
458.908565 743.168448 134.170748 112.562862
457.954431 743.555436 132.881249 112.495440
455.920685 743.799219 133.194142 112.408905
455.534467 743.619848 132.104921 113.999452
453.389154 744.364363 130.774129 113.796566
452.041619 744.968198 130.245170 113.642804
451.077809 745.225357 130.430025 114.298341
449.108441 745.454435 130.009517 114.023853
447.944792 746.344606 129.292705 113.348509
446.811719 746.654595 128.924657 114.013135
445.349465 747.574238 127.152224 113.788080
444.765578 748.086915 126.156416 114.254548
442.266265 748.644353 127.573138 114.001466
440.977926 748.691649 126.214730 114.738722
440.714069 748.808587 124.046096 115.141516
439.942871 749.186427 123.684769 115.207354
439.575334 749.724190 121.606577 114.441186
438.475483 749.904333 121.351310 114.677448
437.160836 751.022612 121.117373 113.721431
437.411890 750.399954 119.085642 114.857539
436.312440 751.967761 117.701439 113.736160
435.744365 751.007638 117.453599 115.652193
434.678147 750.970416 116.638835 115.485337
435.116858 751.512733 114.131473 115.233216
434.685020 751.744100 112.257391 116.351577
433.875367 752.047131 111.900145 116.245027
433.783108 752.197939 110.157691 116.544487
432.955977 752.571724 109.143534 115.531016
433.536665 753.198447 106.231511 115.395834
433.372691 753.366029 105.761580 115.751476
433.096175 752.954998 104.226565 117.025702
433.205753 754.229370 102.781968 115.882132
431.972503 754.215264 101.969268 115.734696
433.447947 754.827318 99.250202 115.716347
432.626175 755.408586 98.861253 115.589896
433.571857 754.794151 96.767710 115.568133
433.268632 755.509991 94.652179 115.182152
433.695089 755.376695 92.978646 115.533408
434.065007 755.959474 90.215996 114.674884
433.359105 756.113067 90.656691 114.849317
433.195688 756.113067 88.550877 114.451814
433.231565 755.804276 88.618596 115.064748
433.468012 756.262450 87.454139 114.404183
433.114241 756.335595 86.730343 114.012594
433.882646 756.717787 85.683015 114.115752
433.992003 756.225228 84.875488 115.038871
434.363047 756.669832 83.787988 114.463290
435.204703 756.514117 82.395055 114.912540
436.285220 756.880568 80.391931 114.818976
436.892106 756.862235 78.764953 114.831468
436.990726 756.414048 77.306367 115.959960
437.122480 756.512253 76.961722 115.874720
436.898611 757.140545 76.903486 115.639173
437.081816 757.944297 75.995576 114.291998
437.338081 757.350655 75.057296 115.138866
437.138251 757.721532 75.432520 115.887237
437.496153 757.040195 74.638496 116.004769
437.493634 757.528692 73.671356 115.535106
437.927797 757.458179 72.331083 115.226995
437.762055 758.506771 72.526256 115.216926
437.717296 758.574594 72.407553 114.927039
437.975371 758.241204 72.208262 115.332795
437.984670 759.737218 71.855312 114.096052
438.279908 758.969803 70.898378 114.920089
438.279908 760.183866 70.818504 114.470042
438.397334 759.744313 70.827710 115.533052
438.208113 760.688037 70.725246 114.845467
438.440309 760.482960 70.343023 114.954451
438.526033 760.817428 70.820090 114.675560
438.716322 762.183839 70.262534 114.136662
439.178305 761.097958 69.934408 115.299518
439.397336 762.757993 69.473843 113.409314
439.455115 762.563236 69.669254 114.226136
439.393575 762.867776 70.002611 114.716009
439.457932 763.683419 70.135208 113.718805
440.052703 763.471012 69.580227 114.349841
439.794312 764.565770 69.651182 113.635215
440.239390 764.563228 69.401395 114.265310
440.181199 765.642767 69.460979 114.435536
440.687899 766.334143 68.954279 114.579050
440.687899 766.522981 69.230879 114.623146
440.687899 767.642743 69.191247 113.886221
441.071812 768.563723 68.819223 113.856725
441.919308 768.872229 68.569554 113.796501
441.452070 769.640367 68.979431 114.343203
441.653334 770.449152 69.546619 114.412010
442.261692 771.023653 69.132905 113.633322
442.412821 771.680540 69.395005 114.136913
442.181201 772.906103 69.975750 113.844700
442.729651 772.828701 70.350103 114.590820
443.205490 773.989853 69.269484 114.404096
443.393577 774.911351 69.446000 114.719669
444.306793 775.290709 69.049437 114.949510
444.393591 776.758036 69.366936 114.100138
444.687901 777.449121 69.868384 114.633159
445.094634 778.641243 69.857655 113.819075
445.478020 779.487350 69.878211 114.153198
445.242032 780.258916 70.750339 114.477202
445.739033 781.757962 70.445692 113.519400
445.923942 782.831285 71.317879 113.079847
446.714570 783.182122 71.125710 113.729025
446.991962 784.635020 71.406036 113.151571
447.328620 785.066176 71.674658 114.106447
447.499057 785.840464 71.972840 114.424619
447.815959 787.264712 71.804718 114.257929
448.466204 788.266212 72.015317 114.378051
448.728001 788.103406 72.547361 115.264214
449.336952 789.429717 72.527140 115.182195
449.492384 791.042873 72.877794 114.624883
450.598007 791.577883 73.140750 114.215783
450.405086 792.386837 74.233203 114.792253
450.792028 793.283596 74.578894 115.080246
451.331295 793.749910 74.302155 114.807573
451.882603 795.050700 74.361874 115.154133
452.104015 795.633561 74.571532 114.715682
452.972907 796.754693 74.229495 115.763419
453.646295 797.952958 74.240017 115.374109
454.195183 798.788283 74.480377 115.510159
454.598318 799.566634 74.845359 115.760415
455.767843 800.721503 74.148268 115.943686
455.690003 802.106644 75.154084 116.124842
456.541815 802.561425 75.058516 116.006308
457.409942 803.964692 74.337107 116.181501
457.369250 805.227272 75.584361 115.472602
458.634184 806.381633 74.621550 115.938845
458.863890 807.644110 74.967626 115.346015
459.184624 808.177456 75.641095 116.093400
459.991022 809.239931 75.038572 116.790322
460.893596 810.226071 74.991224 116.217686
461.496165 811.111641 74.218346 116.694022
461.723694 812.033368 74.834170 116.489452
462.174343 813.189773 74.791878 117.355294
462.893594 814.540141 74.820309 116.184936
462.988736 815.267773 75.314822 116.594542
463.156405 816.359279 75.788298 116.244949
463.297279 817.125420 76.244453 116.705636
464.247873 818.529433 75.750375 116.666920
465.026792 819.476399 75.329149 116.838167
465.164756 820.540141 76.149458 116.977181
466.612939 821.866591 74.957398 116.732465
466.014813 823.239914 76.398484 116.676090
466.877827 823.748757 75.991748 116.764869
467.752314 825.408007 75.732186 117.049848
467.816945 826.710844 76.410707 116.320067
468.844113 827.162117 76.157376 116.982167
469.381973 828.529438 75.845698 116.552771
470.118541 829.592102 75.723494 117.094463
470.660211 830.436987 75.610208 116.849368
471.758443 831.854098 74.955451 116.691903
472.756194 832.994425 74.828393 116.867065
473.036659 833.657838 74.738567 117.149954
473.164749 835.036854 75.166427 116.614959
473.899544 835.911714 75.002723 117.050400
474.486056 837.164596 75.185218 117.154654
475.440383 837.567357 74.510540 117.653479
476.072706 838.830105 74.769325 117.582854
476.577150 839.853586 74.627010 117.576444
476.667945 840.955421 75.431179 117.210351
477.440381 841.904284 74.890791 117.734246
478.117683 842.774469 74.769294 118.290087
479.062330 843.799637 74.167887 117.831331
479.800549 844.916723 73.721364 118.096562
479.853689 846.253345 74.332217 117.614676
480.977067 847.044400 73.586978 118.113946
481.263614 848.147615 74.300422 117.865618
481.348809 848.857755 74.308088 117.902651
482.072700 850.264135 74.216113 118.396947
482.656476 850.831300 74.400597 118.073122
482.981249 851.925907 73.937070 118.071306
483.667331 852.961010 74.234936 117.002904
483.904333 853.078031 74.061885 118.557407
484.343510 854.383369 74.204679 118.162632
484.667964 855.166401 74.282976 118.889082
485.591556 857.048410 73.596300 117.404958
485.949304 857.995111 73.723344 117.519938
486.526958 858.712845 73.397222 117.777325
487.038997 859.725089 73.133819 117.285332
487.539349 860.154248 73.105886 117.780022
488.077030 861.534470 73.082069 117.837034
488.634193 861.781713 72.612989 117.889756
488.723369 863.265107 72.729774 117.489992
489.395793 863.725298 72.818712 117.767762
489.544744 864.642912 73.156556 117.895502
490.252052 865.489680 73.116339 118.276867
491.177753 866.495934 72.494906 118.179509
491.362685 866.564597 72.659913 118.123143
491.856562 867.873419 72.267395 117.438462
491.913308 868.199584 72.307941 118.285927
492.598519 869.008117 71.525438 118.884402
493.148264 869.026203 71.014042 119.134857
493.019003 870.409081 71.962320 118.960760
493.469139 871.600563 71.002155 118.875847
493.525816 872.432311 71.572509 118.856866
493.671060 872.440688 71.409977 119.605139
493.962683 874.029663 71.101475 119.194598
493.932451 874.851776 71.026967 118.711990
494.205241 875.376690 71.257276 119.159098
494.062154 875.817115 71.426301 119.520473
494.641494 876.923871 71.032939 119.268669
494.583354 877.864852 70.892125 119.665763
494.164686 878.017742 72.082511 119.617744
494.152395 879.151274 72.201942 119.960568
494.294915 879.593792 72.654103 119.618299
494.072715 880.098484 72.876303 120.166089
493.793600 880.672107 73.804166 120.727448
493.963410 881.277441 73.699758 120.908416
493.597620 881.779758 74.282837 121.161702
493.368692 883.824786 74.401060 120.204178
493.101492 884.410787 74.814577 120.238975
493.231670 884.723606 75.431333 120.600253
492.985907 886.747591 75.591139 120.249179
492.985907 886.331672 75.718699 120.333274
492.844516 886.827019 76.158842 120.707221
492.074101 888.870984 77.123175 119.778838
492.219140 888.305622 76.892171 119.986273
491.238224 890.149666 77.959053 119.897385
491.928525 889.993804 76.896421 120.793978
491.502894 890.492139 76.931502 120.857206
491.263609 892.009481 77.604902 120.933378
490.678923 892.377963 78.210972 120.749715
490.433089 892.887129 78.065152 120.824992
489.833649 893.612521 79.137350 121.219400
489.485204 894.935962 79.066014 120.195343
488.929027 895.193288 79.296514 121.100253
488.284558 896.115681 80.150922 121.296800
488.436009 896.653218 79.752709 120.725854
487.674360 897.297979 80.627654 121.217519
487.229047 898.486302 80.915534 119.833052
486.709969 899.206499 81.414439 119.771598
485.633661 899.686553 82.450162 120.362174
484.981841 900.401065 83.177145 120.870424
484.224843 901.286812 83.508936 120.634874
484.040770 901.685543 84.197752 121.550720
483.736207 902.511480 84.495571 121.513183
482.871811 902.601593 85.546686 122.330527
482.777221 903.783368 85.656067 121.190938
481.947290 904.246599 86.138980 121.855007
481.618532 904.685547 85.835242 121.879925
481.342352 905.795895 86.017624 121.473163
481.002604 906.336901 86.413422 121.395289
480.892405 906.945434 86.411632 121.499466
480.231229 907.430655 86.175607 122.399268
479.685181 908.260515 86.683912 121.428246
479.453074 908.552658 86.519004 121.471903
479.014252 909.202264 86.893895 121.479869
479.069346 910.162007 87.029718 121.848855
479.026543 910.601649 86.612643 121.327257
479.014252 911.134308 86.371738 122.025624
478.465198 911.855423 86.618493 122.518634
477.861026 912.697206 87.111787 121.772121
478.136414 913.338474 86.597930 122.160274
478.136414 913.860539 86.597930 121.806161
478.452427 914.144516 85.839086 122.625638
478.069345 914.834639 86.174957 123.347229
478.561109 915.224471 85.585780 122.987288
477.739923 916.239473 86.391256 122.467933
478.497089 916.723651 85.776716 122.956221
478.282552 916.994915 85.658905 123.097475
479.079653 917.892479 84.956594 123.906409
479.215249 918.016816 84.714578 122.575688
478.874734 919.134717 85.305577 123.215501
479.098774 920.102107 84.628541 123.326000
479.522504 920.230094 83.877944 124.065118
479.469840 921.462491 84.117179 123.350633
479.671429 922.709500 84.133490 123.619946
479.647202 922.670709 83.967175 124.001692
479.575070 923.555237 83.639349 124.042563
479.643603 924.247591 84.045274 124.426277
479.469840 925.565212 83.884052 124.576537
479.522504 926.410284 83.183052 123.607335
479.428789 926.854389 83.634338 124.452399
479.940568 927.676971 82.811091 123.608003
479.820773 928.775812 82.855654 123.817625
480.250567 929.205326 82.394698 124.416063
480.250567 930.912405 82.441005 124.428238
480.601316 931.536737 82.459264 123.330071
480.836124 932.448359 82.469946 123.777683
480.977224 933.537558 82.196319 124.334694
480.944987 934.380206 82.285149 124.415196
481.149067 935.781399 82.173091 124.490334
481.351737 936.217819 81.740606 124.308528
481.396952 937.616910 81.955088 124.561881
481.798410 938.632358 81.786275 124.048268
482.194245 940.185497 81.471734 122.857820
482.342657 941.406528 81.666452 124.191024
482.548120 942.055838 81.666142 123.834738
483.246392 943.522848 80.866276 123.935697
483.543751 943.626729 81.197016 123.791528
483.744463 945.435194 81.361085 123.738793
483.843964 946.859338 80.456565 123.541634
483.640706 947.083668 81.766897 124.720477
484.100678 948.130316 81.346691 124.137132
484.146291 949.498050 81.835159 124.696067
484.553089 951.017888 81.310308 124.004536
484.995514 952.036355 80.800062 123.540617
485.092153 953.859752 81.049263 122.777564
485.031249 954.958029 81.510773 122.411859
485.235763 956.224102 81.351506 121.816121
485.088795 956.671691 81.079980 122.340088
485.239645 957.962429 82.025696 121.648181
485.590385 959.483433 81.451296 120.327738
485.685845 960.372083 81.315817 119.617142
486.184983 961.459575 81.215197 118.540425
486.480411 963.063220 80.801282 116.936780
486.784674 963.653494 80.807039 116.346506
486.723514 965.393969 80.998097 114.606031
486.787849 966.198150 80.660521 113.801850
487.043444 967.252068 81.046332 112.747932
487.139205 968.145967 80.765390 111.854033
487.095696 969.037259 80.967300 110.962741
487.249315 969.920077 80.946857 110.079923
487.962302 971.166181 80.689126 108.833819
488.018920 971.980110 81.076713 108.019890
488.826240 973.262673 80.794570 106.737327
488.624184 974.381771 81.082908 105.618229
488.529156 975.307642 81.005296 104.692358
489.155753 976.590391 80.643848 103.409609
489.364739 977.862523 80.605839 102.137477
489.727539 979.189776 79.597310 100.810224
490.374521 980.091897 80.314012 99.908103
490.572370 980.997080 79.820308 99.002920
490.587993 981.790774 80.313086 98.209226
491.147713 983.066514 79.328430 96.457270
491.808428 984.125302 78.783756 94.857123
491.374832 985.521565 79.485742 93.038526
491.560657 986.428368 79.696111 92.572134
491.670658 987.917059 79.708495 91.200717
492.194336 988.754145 79.317892 90.510977
492.596044 989.996330 78.490045 89.229516
492.906712 991.451436 78.794092 88.055816
493.523062 992.305709 78.021538 87.248832
493.676818 994.083981 78.934765 85.916019
494.130859 995.552084 78.754189 84.447916
495.065160 996.963326 77.338051 82.976032
495.148660 998.556056 76.610966 81.443944
494.690883 999.259930 76.921526 80.723142
494.633551 1000.404173 76.559406 79.412602
495.009548 1001.804787 76.644857 78.055633
495.267256 1002.553189 76.270618 77.146890
495.410003 1003.538660 76.272791 76.203158
495.399427 1004.187011 76.727225 75.438187
494.986039 1004.758880 77.229718 74.906066
495.104507 1005.435124 78.158593 73.993320
495.748411 1005.587579 77.006724 73.840865
495.963062 1006.168231 77.255904 73.361933
496.120671 1006.483742 76.841221 73.147400
496.021173 1006.461923 76.737770 73.269417
495.824222 1006.612399 76.731568 72.971624
496.156288 1007.098596 76.850489 72.485427
496.315889 1007.525459 76.037366 72.012095
496.493673 1007.915112 76.571426 71.673363
497.331319 1008.427998 75.850350 71.208970
496.855795 1008.451045 76.796343 71.139695
497.532501 1008.959765 75.318347 70.486704
498.051879 1008.773262 75.426365 70.366367
498.005559 1008.684207 75.693104 70.768243
498.185075 1008.512095 75.134365 70.937400
498.311182 1007.998111 75.489851 71.546962
498.595152 1007.789781 75.551309 71.849190
498.737504 1007.344403 75.441862 72.198167
498.532505 1007.360104 75.919749 72.228371
498.803475 1007.360104 76.107346 72.131586
498.787737 1006.874509 76.343063 72.665533
499.052888 1006.100725 75.910617 73.436829
498.961675 1006.386532 76.170127 73.148535
499.966497 1005.855944 75.780507 73.679123
499.805533 1005.956923 76.632407 73.196992
499.492006 1005.726848 77.410606 73.904294
499.926676 1005.713551 76.508391 74.064773
499.668836 1004.998251 77.336482 74.583611
500.025581 1004.867425 76.577482 74.157413
500.317068 1004.403937 76.339013 75.343210
499.827737 1004.727202 76.724777 75.018655
500.122277 1003.920939 77.246406 74.988594
499.827737 1003.554921 77.491304 76.309094
499.880075 1003.398375 77.273955 76.071372
500.209034 1003.154660 76.694813 76.668540
500.090512 1003.204008 77.017946 76.579154
500.385975 1003.100009 77.245411 76.601603
500.978936 1002.754437 76.549980 76.987380
501.096806 1002.555236 76.432109 77.106191
501.096806 1002.555236 76.381000 77.226808
501.057540 1002.654998 75.963870 77.046613
501.327321 1002.807025 75.970459 77.016176
501.248490 1003.154660 75.849845 76.588483
500.597246 1003.407185 76.732363 76.218013
500.755029 1003.253283 76.932899 76.290143
500.821380 1003.055737 76.810006 76.567476
500.385975 1004.208520 77.296793 75.493091
500.715622 1003.874371 76.767070 75.145296
500.310229 1004.138851 77.091149 75.605653
500.676194 1003.924614 76.908948 74.786436
500.572922 1003.896912 76.913322 75.490460
500.200927 1004.235089 77.077821 75.350423
500.597246 1004.373144 76.834356 74.376397
500.730409 1004.343658 76.551609 75.046938
500.651717 1004.150041 76.579462 75.437657
500.732335 1004.474331 76.898437 75.111182
501.693257 1004.621120 76.011084 74.250021
501.452128 1004.789757 76.205056 74.760793
500.963077 1005.217946 76.743799 74.608007
501.627805 1005.067009 76.270763 73.886475
501.256623 1005.312266 76.147604 74.395507
501.681047 1005.063024 75.858715 74.417743
501.918676 1005.359299 75.435213 74.348475
501.646978 1006.172017 76.419097 73.772664
501.629575 1005.267781 76.603466 74.314081
501.904007 1005.795022 76.075648 72.929562
501.697112 1005.633039 76.654407 73.922292
501.590252 1005.574235 76.744704 74.007627
501.393325 1005.713551 77.249328 73.965278
501.454528 1005.865513 76.980552 73.863023
501.393325 1005.637396 77.146447 74.041434
501.256680 1005.522987 76.771895 74.205549
501.863559 1005.903457 76.252344 73.725728
502.000674 1005.497786 76.029753 74.133356
501.550918 1005.879050 76.327934 73.850917
501.724739 1006.030843 76.547729 73.551020
501.747340 1005.803011 76.485701 73.828131
501.314359 1005.688746 76.413905 73.893117
501.256623 1005.688746 76.758069 73.893117
501.238614 1005.789573 77.083733 73.740590
501.824693 1005.827569 76.914504 73.801616
501.982181 1005.879050 76.455018 73.801473
501.747340 1005.917039 76.689859 73.763484
501.943094 1005.764950 76.494105 73.866192
501.747340 1005.726848 76.587616 73.904294
501.550918 1005.536021 76.127294 73.996624
501.879944 1005.841041 76.134748 73.740822
501.492025 1005.536021 77.255007 74.045842
501.809003 1005.751578 77.089571 73.828066
501.128735 1005.827569 77.274728 73.752075
501.395479 1005.446584 77.186790 74.034183
501.335890 1005.408351 76.844540 74.171292
501.551932 1005.675484 76.563971 73.904160
501.629575 1005.497786 76.098688 74.084077
501.646978 1005.612440 76.265174 73.871069
501.452128 1005.574235 76.460023 74.007627
501.353847 1005.650603 76.525004 73.980539
500.957731 1005.344549 77.326227 74.237314
501.217034 1005.435124 76.510048 74.142296
501.317088 1005.331783 76.901893 74.198380
501.473757 1005.139942 76.642146 74.340825
501.551932 1005.216767 76.358807 74.264000
501.274850 1004.986002 76.907358 74.544161
501.137659 1004.859659 76.992056 74.817471
501.301423 1004.975222 76.914331 74.652001
501.137659 1004.666533 76.790087 74.910886
501.771325 1004.222929 76.290164 74.994662
501.533489 1004.391865 76.343977 75.591992
501.810322 1004.200367 76.251167 75.129173
501.926689 1004.295370 75.950777 75.648762
501.651723 1004.278324 76.427380 75.199695
501.926689 1004.295370 76.203026 75.490089
501.494019 1004.198566 76.183094 75.586893
501.888203 1004.247009 76.952009 75.380167
501.748408 1003.622003 76.955946 75.166051
500.949355 1003.799020 77.251647 76.003131
501.327321 1003.627048 77.038723 75.309760
501.399419 1003.741647 77.650808 76.201858
501.119427 1003.477027 77.474962 75.992721
500.505482 1003.449572 78.695375 76.413709
500.268678 1003.001446 78.761298 76.313920
500.509871 1003.529112 78.837459 76.332770
499.869895 1002.961875 79.840057 76.555800
500.023123 1003.080408 79.782035 76.381089
500.064020 1002.564812 80.221398 76.899449
499.777088 1002.885472 79.918905 76.573252
499.736086 1002.922690 80.228403 76.487666
499.240854 1002.922690 81.206162 76.487666
498.814258 1003.043017 82.217988 76.312988
498.004292 1002.612835 82.469302 76.739912
498.007575 1002.862530 82.638407 75.955081
499.906695 1003.201459 80.773772 75.782265
499.768267 1002.696592 81.281550 76.575956
499.502589 1002.654011 81.521634 76.695038
500.347354 1002.810294 80.931656 76.853187
500.186506 1002.803602 81.086205 76.706224
500.017150 1002.489713 80.990791 77.072074
499.768334 1002.611097 81.674335 76.212457
499.975755 1003.152709 81.086214 75.790940
499.444569 1002.922690 82.067343 76.744206
499.427684 1002.889084 82.383534 76.722389
500.383344 1002.691894 81.593871 76.867678
499.873270 1003.103872 82.615239 76.403475
499.124201 1003.347287 83.322624 76.079199
499.999496 1003.251126 82.962092 76.253732
499.754191 1003.164028 82.836879 76.603686
500.840234 1003.007074 81.105599 76.656407
500.768348 1003.200134 81.185643 76.516847
500.643568 1003.317689 81.526752 76.399292
501.675822 1003.395920 80.224293 76.269251
502.186570 1003.512019 79.197394 76.362218
503.524976 1003.434969 78.184955 76.235305
503.814473 1003.319609 77.151249 76.301698
503.162663 1003.886646 78.372207 76.113354
503.294993 1004.063555 77.846549 75.507162
503.306465 1003.990653 77.738082 75.632580
504.409984 1003.951626 77.211264 75.571015
503.881968 1004.412338 77.960725 75.290808
503.545741 1004.418262 78.343243 75.204971
503.263035 1004.418262 78.522661 75.305899
503.720762 1004.456976 77.536088 75.267185
504.130022 1004.657624 76.824828 75.068001
504.183349 1005.090537 77.187417 74.586593
504.651702 1004.975222 76.276023 74.801929
504.707928 1004.908868 76.356536 74.819668
504.651702 1005.024523 76.630301 74.704012
504.848234 1005.408351 76.230847 74.220834
504.156109 1005.306170 77.076923 74.324972
503.779114 1005.331783 77.401294 74.446541
503.469926 1005.511413 77.591561 74.265738
504.104502 1005.549506 77.214509 74.177593
504.177335 1005.216767 76.851218 74.511769
504.238590 1005.331783 77.135561 74.396752
503.538917 1005.587579 77.641490 74.289905
503.390145 1005.587579 77.364973 74.289905
503.335862 1005.255133 77.459122 74.423696
503.097892 1005.128930 77.748842 74.648222
503.676190 1004.821090 76.501061 74.856040
503.097892 1003.926706 77.542339 75.750424
502.666508 1003.756080 78.638937 75.867154
502.693759 1002.719660 78.291982 76.524778
502.370636 1002.800103 78.460022 76.819210
501.945581 1001.918839 79.031801 77.357436
501.927052 1001.402100 79.340995 78.597900
502.124565 1000.980005 79.135679 78.406104
501.768479 1000.548875 79.034539 79.268797
503.465452 1000.447169 76.583176 79.238154
503.140838 999.525326 77.254671 80.376030
503.072016 998.812337 77.526334 81.187663
502.622550 998.209767 78.168848 81.731357
503.411953 997.855250 77.193715 82.085588
504.467019 997.417352 76.516834 82.582648
503.791587 996.638109 76.877603 83.361891
502.772525 995.947876 77.957416 84.052124
503.288621 995.913399 77.629501 84.086601
502.684886 995.227248 78.042056 84.772752
503.186352 994.894848 77.319228 84.867260
502.908570 994.133780 78.098178 85.866220
502.513066 994.373943 78.938531 85.626057
503.149879 993.337187 78.335476 86.662813
503.120908 993.035190 77.754230 86.964810
503.804886 992.632366 76.982571 87.367634
502.739888 991.931496 78.786785 88.068504
503.195066 991.912946 77.971730 88.087054
503.348026 991.385146 78.086456 88.614854
503.009499 991.444165 78.001798 88.555835
503.440560 991.288456 77.623830 88.467883
503.142171 991.561907 78.210287 88.438093
502.884422 991.737840 78.043614 88.262160
503.088576 991.864901 77.552536 87.772584
502.553804 992.330392 78.509813 87.628314
502.907302 992.720543 77.568267 87.036921
502.532908 992.283576 78.050818 87.675377
501.986906 992.676495 78.283647 87.323505
501.345910 992.791141 79.088673 87.208859
501.824944 992.764197 78.651057 87.111918
502.590249 992.501914 77.700906 87.498086
503.165394 992.744051 77.098816 86.838163
503.271161 992.528487 77.389093 87.471513
503.212541 992.700325 77.535892 86.706243
503.149879 992.516469 77.433847 87.483531
503.088969 992.690185 77.397944 87.309815
503.212541 992.393476 76.833364 87.365193
503.356717 992.349525 77.028349 87.409144
502.791422 992.458381 77.508254 87.541619
502.988463 992.225117 76.967905 87.774883
503.609717 992.261544 76.101266 87.738456
503.477570 992.065153 76.502052 87.934847
503.861984 992.225117 76.134331 87.774883
503.787579 992.058381 75.959005 87.941619
503.598199 992.529841 75.293173 87.322809
502.970916 991.587136 75.347010 88.412864
503.395892 992.031938 75.533378 87.968062
503.213381 991.801414 75.356364 88.198586
503.332247 991.277477 75.614719 88.722523
502.982980 991.588195 75.522024 88.411805
502.998415 991.027239 76.183251 88.972761
502.954871 990.542608 76.073061 89.457392
502.773403 990.234917 76.393028 89.765083
502.941587 990.747856 76.292090 89.252144
502.623528 990.352939 76.421614 89.647061
502.944787 990.411815 76.502660 89.588185
502.603487 990.411815 76.652532 89.588185
502.842445 990.340207 76.716971 89.659793
502.543109 990.340207 76.812518 89.659793
502.593198 990.631842 76.884630 89.368158
502.643206 990.352939 77.284837 89.647061
502.624787 990.515455 77.060710 89.484545
502.792766 990.164133 77.464839 89.835867
503.151828 990.268665 76.619975 89.731335
502.029529 990.046287 77.962512 89.953713
502.455605 990.210345 76.780973 89.789655
500.910521 989.987234 78.646780 90.012766
501.020078 989.703670 78.203272 90.296330
500.397521 989.905940 78.672487 90.094060
501.308915 989.884898 78.100757 90.115102
501.139338 990.139061 78.011569 89.860939
500.465729 989.823068 79.194601 90.176932
499.995088 989.584693 79.667162 90.415307
499.546017 989.765932 80.151755 90.234068
498.868898 989.646340 80.934449 90.353660
499.354009 989.408084 80.685727 90.591916
