1114.000000 495.000000 146.000000 237.000000
1103.146867 490.010021 150.131225 252.412333
1094.263191 493.207375 153.629690 251.738189
1083.236787 496.883716 157.192842 249.709285
1073.463149 495.711606 158.309335 251.557152
1063.761605 495.129009 159.270362 252.946923
1051.863231 496.066923 161.103509 255.239066
1039.530984 497.536370 164.538252 256.776908
1027.748461 497.052185 165.198212 258.581453
1014.772644 499.759100 166.517635 257.769403
1000.100599 500.646019 169.351618 260.565755
985.504828 501.863980 174.025134 261.742643
971.732246 502.720212 175.280900 261.630771
955.835859 503.799723 181.205544 263.213131
941.289690 506.396327 184.959883 264.667288
926.826486 506.699796 187.040357 267.722683
914.107272 505.486159 188.918539 271.596099
900.214874 509.738310 193.806294 269.498858
885.901285 508.722362 198.169883 272.455266
872.930260 510.803064 203.188680 270.676812
860.252771 510.206634 208.757817 272.502651
851.128283 511.223613 210.242186 273.473036
840.077506 511.148630 214.927768 273.497381
831.571208 510.239719 217.966215 274.640171
823.314538 509.621426 221.304214 275.579421
814.019664 508.978147 226.317447 279.316021
805.488852 508.345815 231.906474 276.807601
800.587554 510.108025 233.639156 277.941384
792.086844 508.346488 239.169713 277.763038
784.239559 509.831551 244.610255 276.009322
780.655414 508.962290 246.092716 275.943059
775.349422 509.201923 248.282837 277.295064
771.218845 507.639207 252.439506 277.257950
767.215131 505.207775 255.517999 278.147725
762.203815 502.316048 259.856224 280.210541
759.745003 499.568850 262.209758 280.257438
755.407560 498.831478 265.304272 280.608328
751.377292 495.171143 271.069478 283.421918
748.839011 492.565352 273.923132 282.701624
745.473697 490.352038 278.593044 283.014642
743.503184 487.261383 280.802928 283.590274
742.477429 485.350070 283.820818 284.420747
737.210243 483.447038 290.089541 284.797038
734.908405 483.110416 294.085643 280.288680
731.353155 479.803137 297.992285 282.605337
728.397363 476.872689 304.520018 282.896396
728.037384 473.298947 305.460857 283.391018
725.270472 469.799077 311.218180 286.222955
723.532212 465.975222 312.974814 287.705671
720.458261 464.181119 317.088724 285.057571
714.364864 459.933704 326.352519 288.177747
713.715525 456.491911 328.807718 287.463844
709.374202 453.959105 334.097821 287.457477
707.699480 450.176212 336.691290 285.725666
706.243931 444.172522 338.872324 288.346835
703.318794 441.518356 344.365040 286.864179
703.943292 437.213878 345.072044 287.145789
698.233875 432.210506 352.996574 286.524160
699.388876 428.506826 352.175125 286.062258
693.938498 425.028920 360.107080 286.703343
693.621391 419.376880 361.301086 286.296999
690.461908 414.815128 365.230848 286.424716
687.964595 413.006098 369.090662 282.347916
686.511328 406.256787 372.664282 284.482774
685.993893 400.907380 373.985941 284.422403
686.346284 396.972567 374.711822 283.419870
685.143051 392.074595 377.807480 281.579512
684.572446 387.769796 382.136717 280.388977
681.117636 381.900231 388.114985 281.280392
679.446080 380.551915 389.980689 277.447064
679.222183 379.545899 392.876506 275.754904
681.640537 379.391333 392.023673 273.877578
679.371746 374.436937 395.671880 274.795857
678.689365 373.974515 399.368743 274.571392
679.540174 371.264733 398.878183 273.661895
678.354655 371.448011 402.578601 270.781990
679.250481 370.781729 402.158303 268.449732
677.187089 370.587979 408.820049 270.059543
674.769702 371.275680 412.431625 267.600250
673.812678 371.614430 414.612986 264.317747
673.376288 370.553639 417.650598 264.331230
674.656098 370.814173 418.153633 263.950128
671.638732 371.306891 423.179024 264.049931
670.287881 372.284875 426.662855 262.775409
669.666717 372.327264 431.001564 260.249204
668.992890 372.327264 434.455258 259.661280
667.259423 372.808166 435.690081 257.863704
667.088523 373.604191 434.860986 256.921985
667.992892 373.762572 437.761647 257.055179
668.774069 376.567737 439.993796 253.231281
666.824571 376.414085 441.645589 254.549641
665.491984 378.410356 444.595426 250.227681
664.002189 381.635462 446.323236 249.620493
662.174108 381.454966 448.439261 247.325642
659.504271 382.051429 451.522230 246.586608
658.276937 385.402134 458.180142 244.953349
658.860149 387.040561 454.963761 242.506706
658.300832 385.259186 461.358021 245.527965
657.058141 386.856078 458.928137 241.176984
657.554697 387.903793 461.042742 240.797716
657.703116 389.181948 461.937438 237.560680
657.521201 391.405353 459.900685 235.615816
658.914859 392.413565 465.109210 234.447516
657.927691 393.032656 465.655462 232.323232
655.759317 394.230876 465.084259 229.201079
659.176977 396.407923 465.993010 227.705109
660.075787 396.017846 464.094898 228.095186
662.438051 397.310128 465.701484 225.715257
661.808772 396.407923 462.955204 224.461645
663.306093 398.404963 466.572142 221.820908
667.037963 396.988328 462.796495 223.503066
668.641899 397.506599 462.512777 221.398135
669.277776 397.561022 462.686275 220.258169
668.791364 397.561022 463.798929 218.673283
670.710987 398.303520 461.401846 216.099721
670.639958 396.119039 462.781664 217.977466
670.136557 396.558719 463.604351 216.548534
669.648331 396.335117 463.635395 215.173044
670.456894 395.599353 460.328300 214.873803
673.037842 395.467006 461.157683 213.179612
673.071170 393.536174 462.711763 213.051964
673.373340 392.550182 462.787367 210.245398
674.876295 391.007836 463.875257 210.728344
676.704532 390.796299 463.358034 207.286965
676.705164 389.913263 463.395023 205.134597
678.661074 385.682878 457.998843 208.115348
679.961327 383.212496 460.831087 209.584744
678.863983 381.544216 454.206969 206.818584
678.291077 381.078542 457.942754 204.319868
678.991475 378.467256 459.127739 204.725130
680.084147 373.797605 457.836858 207.185012
680.066172 372.730233 459.296744 206.764365
681.178785 371.760686 455.494545 206.325482
680.036566 366.685450 455.845096 207.204806
676.758982 368.738221 460.068500 203.478381
678.128953 364.001800 455.396943 206.226605
675.775037 361.315801 456.481558 208.056704
673.044477 361.744916 459.289294 207.630317
671.784169 360.449545 459.070814 209.495953
669.763344 359.716207 459.265961 210.988428
669.691889 358.135302 457.308481 211.558231
665.858703 358.505910 458.867149 211.439588
666.075206 359.325966 456.595559 212.705022
663.307152 358.135302 458.491431 213.584848
663.483340 359.665903 459.560819 213.698215
662.199192 361.658464 457.617975 214.058579
661.732504 361.825190 456.341859 216.401001
660.141254 362.092576 455.696060 218.019029
659.185573 363.087309 454.880983 218.070880
654.170747 364.189751 457.581902 217.757542
653.421925 362.092576 455.825786 223.046821
648.135436 363.851979 455.210693 223.461816
643.448695 365.599354 459.007840 225.784417
642.793553 368.322529 456.066454 224.508315
637.976977 370.402943 459.100342 225.934564
635.185292 368.897089 460.349739 232.765837
633.721839 373.275256 452.898535 229.594960
631.529288 375.628199 452.898551 230.025996
627.829161 378.133058 454.137474 230.923698
626.919875 381.966576 451.629114 236.129181
627.234194 382.632400 452.724577 239.288933
624.532526 387.018076 450.034808 239.022775
624.786319 387.902625 446.695325 238.681287
621.032269 391.321697 444.716034 238.576154
622.117132 394.878397 446.012656 240.122542
618.323157 392.785733 445.156282 243.739929
621.559836 394.233032 436.769282 250.665928
619.433466 402.399924 440.400556 246.376838
618.640885 405.312744 438.466297 243.181539
614.769204 407.096848 439.364913 248.992050
615.109775 411.696825 435.366938 246.355936
615.492151 418.323341 433.437079 245.885896
612.507324 423.525180 434.719052 243.859444
615.801390 426.729022 431.218673 241.237877
610.809055 427.897826 435.269659 244.171891
615.070654 433.294499 431.065011 241.396063
612.515026 435.594750 432.969324 242.865640
613.303601 436.128466 433.437053 244.260674
613.516261 439.013018 432.819984 243.074425
613.118816 442.413299 434.621838 241.731241
613.826605 441.751635 432.234287 243.680779
616.536472 443.154406 431.237841 245.248253
613.516845 441.095156 436.475102 245.153176
615.275463 440.996866 433.380989 246.287986
613.384888 439.446062 433.140088 244.980645
614.256023 437.919695 432.898521 246.089073
616.264018 435.256755 429.962357 247.240759
614.539915 432.990908 432.069010 248.387093
617.239302 434.404517 427.443629 248.085264
615.155820 428.946795 427.692589 251.301537
616.007691 427.423105 425.827222 250.953984
617.517099 426.838656 425.262668 249.675789
615.505911 424.053302 427.843567 252.746239
610.574017 424.104374 432.186685 253.042184
609.259870 422.591534 432.683441 251.464228
613.706828 421.631325 427.739900 252.231311
612.505406 419.276113 425.975096 252.140001
613.112677 416.946795 425.627430 257.162010
611.616347 416.364832 425.592235 256.916949
614.251633 416.225497 423.889628 256.718270
613.846611 413.082586 420.537344 260.811897
617.304452 413.314864 418.580987 258.047853
618.448426 410.580951 417.734741 260.399956
617.684952 409.409167 412.570566 260.442436
617.474686 407.293272 413.337604 262.930195
614.959673 407.217212 413.036008 260.746574
612.948059 404.802866 415.736531 262.521759
612.563618 404.779776 411.990771 260.009281
611.841516 402.905758 413.821823 260.170715
610.374960 401.275389 411.954716 262.883352
609.059929 399.381580 412.162767 263.599724
608.395791 398.836015 409.317816 265.322726
609.080453 397.175046 408.884461 265.652134
608.592468 397.342436 407.079917 263.138829
607.485219 396.151973 404.756651 263.620815
606.095691 394.826099 404.128394 262.606873
604.011296 393.659234 405.937061 264.566544
601.926183 393.525704 406.091579 265.260814
601.711082 393.362001 404.606648 265.126975
599.651046 393.143379 405.260606 263.274474
599.895729 392.834359 403.685732 262.603053
598.567405 392.169461 404.410531 263.851848
598.481878 390.053158 401.776162 264.817796
596.608041 390.382385 400.741745 265.229059
594.674702 389.806770 401.757022 266.068385
593.409295 389.722798 399.469677 265.296109
592.042999 391.519776 397.377010 263.275741
590.119071 390.203835 397.592585 264.591682
589.614029 390.721147 394.558200 263.197463
589.042002 390.286461 394.496440 264.379689
587.785260 390.281038 393.649181 263.802189
585.895645 390.140050 391.660648 263.864173
584.071740 390.286461 390.159117 263.717762
582.863940 389.993463 388.257158 264.175821
580.815302 390.432827 387.886523 264.732669
580.053822 389.846742 384.736782 265.485852
578.486344 391.879181 385.931893 262.392005
575.236348 391.008134 381.827844 264.765227
574.587180 391.008134 384.078027 264.597189
571.180071 390.716894 380.381669 267.956244
567.871289 391.153557 385.602866 269.970030
565.726729 390.621905 383.105066 270.633655
564.823201 389.409371 379.925425 268.861362
561.245806 391.589299 379.322339 265.879872
560.644464 390.117063 384.837134 265.913570
561.619565 388.364421 378.673209 265.168590
558.714889 390.955381 381.892521 261.181122
554.462310 391.527629 377.544427 261.615954
552.576824 389.968319 373.765576 263.264008
550.555656 392.940890 371.321934 263.452980
547.417860 392.251430 371.380496 262.770432
543.883798 392.538791 371.518050 264.171446
541.400882 392.999992 369.943465 264.613274
538.879095 393.581045 368.687513 263.865442
534.648549 394.811048 369.837329 265.456346
533.221182 394.249396 368.864462 266.397465
529.400882 393.956499 373.180346 266.522992
526.752748 395.068418 367.488061 266.005979
525.349540 394.834075 369.649163 267.161272
522.005445 395.562563 366.844782 269.009936
518.494388 395.724242 367.133165 271.804415
515.969585 396.754512 366.171912 272.528564
512.424130 395.570262 369.918273 273.565035
510.890340 397.305741 363.899819 268.113321
507.747101 397.656877 365.117855 268.378083
504.445341 396.777797 367.818969 268.826559
501.382247 398.363333 365.104033 267.097967
498.747103 399.253509 362.939445 268.514872
497.370240 400.166950 362.852434 268.991998
494.647957 401.478185 361.558566 269.592641
493.442624 401.643676 362.757150 268.282238
492.194098 403.689396 359.254258 269.325868
489.952201 405.282655 360.659268 267.558592
489.484968 404.701598 360.856380 270.238452
488.443068 408.838639 360.409008 267.506998
489.720035 409.285250 361.185861 267.941420
490.261207 410.155846 357.942427 267.933991
490.992931 408.799470 359.333640 270.162000
493.254578 415.724932 351.852941 262.191742
495.263402 415.455105 348.478832 264.440954
494.359465 417.805669 347.159831 264.100954
494.600253 418.794521 358.510808 265.376499
493.928489 416.455748 357.900517 269.762151
494.424221 418.887383 354.422784 270.704719
497.115423 419.678122 347.414789 268.933697
495.021673 421.187166 354.538862 268.692053
496.423096 423.136914 349.487981 266.692867
499.112813 423.511454 338.840439 268.163280
498.124174 424.391762 344.208117 267.158450
499.680209 426.237869 335.923054 267.214667
497.910814 426.895986 341.343118 268.673770
498.634568 428.935488 336.708456 267.316323
496.934494 429.452910 340.801640 268.362345
496.394101 430.371033 339.710083 270.081394
497.114361 432.237522 335.143439 269.098670
496.970638 435.381660 333.178604 266.757621
496.748317 436.147536 330.199901 267.156028
493.762867 435.719394 340.339241 269.159138
493.599256 439.230747 332.900577 268.066383
492.777858 441.575991 334.149763 266.615016
494.431624 442.037291 329.815172 265.034557
493.118565 442.146490 330.919514 266.043105
492.910604 442.605265 334.488162 268.478405
496.021751 443.079296 330.784303 271.703263
499.291117 443.509925 328.876632 268.621884
502.031235 444.597788 330.551905 267.413684
503.766890 444.313880 328.403058 268.932503
507.325645 445.588577 324.984989 266.422895
507.235580 443.993037 332.391336 269.464850
511.291117 444.511217 328.427304 269.026325
509.910601 446.073833 333.349254 266.832973
511.234054 446.073833 325.235040 267.696482
510.635525 445.425667 330.086203 268.032219
512.093495 447.215261 321.989229 267.076715
510.414216 446.363940 324.205344 268.355180
509.435764 448.261305 323.901155 266.950803
510.649040 447.509225 323.156473 268.772007
508.423436 447.366390 327.339719 268.740208
509.925316 450.458671 319.994976 267.022377
510.372762 450.280400 319.616267 267.932108
507.851649 450.848663 323.711288 267.189655
509.932766 451.406638 319.700887 266.453203
506.635931 452.121644 326.868727 267.494247
509.488578 452.258466 319.015311 268.753700
509.100818 451.698233 322.775579 267.741161
512.953716 452.036846 314.640316 268.963841
512.771817 452.029613 320.533768 269.293904
515.903895 453.037255 314.902481 268.312061
516.248730 452.470881 314.794601 270.432141
516.657746 453.143602 317.718270 269.095648
517.646829 454.754140 314.569291 266.927215
517.995545 453.920227 318.001341 268.402385
517.532391 455.319918 318.383013 266.361437
517.757473 456.935514 318.043501 264.743114
519.567966 455.750055 312.739214 266.926678
519.535098 455.245650 316.692054 266.675281
520.614002 457.677477 316.129162 264.489131
521.004402 456.793853 312.977885 266.175977
521.483340 456.814678 309.565029 265.963217
521.547403 457.421607 315.303570 264.847695
524.621737 458.330332 312.245678 264.113706
524.510870 459.495544 315.249413 263.478820
527.988120 459.376717 309.292752 265.119974
528.839381 459.279844 313.350896 265.794167
530.917830 459.088802 314.864154 267.080468
538.502345 459.969373 308.120013 265.394826
537.864707 460.616364 314.205795 265.267598
541.319159 461.448936 309.988816 265.292690
542.984826 461.828572 313.483398 265.147101
546.584114 461.605347 311.656269 265.941507
549.463892 461.416476 311.451376 265.510577
552.891465 461.076207 309.024853 265.425284
554.457195 461.214994 310.995808 265.104798
557.563586 460.220578 309.650908 266.139321
559.541526 459.876351 308.479220 265.353861
565.285279 459.896133 307.927968 263.017511
569.466500 458.981594 305.797970 263.568025
571.015102 458.161568 305.870332 263.962221
573.753397 458.540820 304.767578 263.420490
576.193799 458.333938 304.213219 263.083092
575.070264 459.252628 307.291588 262.293784
577.359661 459.756912 305.716267 261.532429
578.711632 459.670535 305.342265 261.656970
579.507598 459.670535 306.316830 262.774006
582.609430 459.421289 306.781101 262.125123
585.233777 458.327372 304.880258 263.300357
587.269772 458.327372 304.517606 262.880221
589.131242 457.893151 305.156707 262.399220
589.464259 457.305138 306.996155 263.343692
591.500783 457.075066 303.383146 263.396984
592.332039 457.492193 304.997894 261.634013
594.332038 457.040774 295.576543 263.501438
589.594767 458.240863 305.663699 262.278423
593.102893 458.161568 300.638384 262.397498
594.365221 459.709257 298.443648 261.303023
593.656436 458.219140 299.156898 262.603908
594.111980 460.434109 296.408889 261.793062
589.662184 459.092157 304.714815 263.073769
591.370456 458.333938 297.547664 263.604251
591.744412 461.474793 300.767495 262.134950
588.965099 461.624547 301.136448 262.047357
587.765276 460.641074 304.206331 262.722413
590.090371 461.883045 296.765152 263.706447
587.775870 460.265796 302.688147 266.164452
588.637626 462.015020 301.257085 264.690268
590.399013 462.268071 300.853561 263.968942
591.694673 463.359650 297.032407 263.495143
591.154023 460.986587 300.641151 265.733942
593.195612 462.856133 295.673929 263.185577
592.086283 463.655000 300.471055 261.772361
593.456104 464.111470 299.573483 264.877991
595.680927 462.914761 294.298404 266.887074
594.912838 462.451546 299.213355 267.824550
595.734760 464.771614 295.646331 266.005075
595.847926 463.042507 299.243878 266.724724
596.797946 464.335284 295.473686 265.642654
597.897496 462.519936 298.990095 267.387694
599.987234 464.771614 295.181909 265.579787
601.484616 462.170158 297.185959 269.429043
604.510551 465.017556 291.347004 267.371422
606.754562 463.485277 294.196574 269.026229
607.921478 465.308069 290.425768 267.837424
613.144936 464.885747 291.109065 267.204050
613.264755 465.579282 288.467026 266.791528
613.623022 466.184959 295.391892 264.880336
616.715336 468.140039 289.264346 265.117864
620.099972 467.914467 290.170686 266.881779
620.136491 467.078195 290.981871 268.317445
623.078714 467.343231 288.562054 269.252759
626.276416 468.762931 287.103120 267.839055
629.208173 470.164719 286.693663 265.638042
631.817061 471.662125 283.782894 264.962232
630.413925 470.043614 291.323075 266.171140
635.090439 469.875950 285.625983 268.748320
637.848023 470.036297 289.272860 268.999331
639.191596 470.465446 287.713092 268.488663
643.088946 471.644405 285.251328 267.969325
645.354401 471.466239 286.781799 268.137652
647.848012 470.372608 285.453783 269.478890
650.965704 470.372608 285.515123 269.198032
653.546553 470.220618 283.053863 269.169886
655.723976 467.597567 286.223823 272.147498
659.330511 470.049747 285.087998 269.141167
664.974720 470.800309 282.284919 269.702954
666.421306 471.712430 281.482690 270.206328
669.445021 473.757603 280.279077 266.839654
669.947560 472.185614 280.250154 270.207331
674.501449 475.710377 277.819149 266.345918
673.410596 474.391910 282.023853 269.185445
678.519027 473.455665 277.851251 269.266460
679.609177 474.124892 281.187501 268.548577
682.943414 476.043539 278.685322 266.109254
685.112884 474.391910 280.305095 268.906541
688.567989 475.781352 277.424529 266.983315
691.009115 474.569193 280.521014 269.008163
693.213795 475.171782 279.848484 269.049304
696.204134 475.057265 279.373562 269.632892
698.930791 476.115877 278.213440 268.995181
701.441807 477.806724 276.810508 266.981495
704.438566 476.885499 278.086433 267.685238
706.408694 477.884520 276.674102 267.092698
712.879331 475.292007 277.186874 271.235428
714.635777 477.124574 275.672775 270.049648
720.221514 478.554030 273.005941 267.503720
720.927252 478.740472 276.808749 268.266157
723.564780 478.324961 273.984532 269.923068
726.244987 478.775806 272.759048 268.129912
731.085519 480.139014 269.720196 267.565376
730.321530 479.962049 274.641197 267.432072
734.444137 480.658836 271.617003 266.208492
735.235885 480.748544 277.207618 266.732951
740.306305 480.988090 273.835395 266.711963
739.287931 480.457749 276.172856 267.905308
744.657798 480.460139 273.197613 267.378542
742.920465 480.806710 276.681828 268.115169
747.885129 480.636407 274.084788 269.293480
748.354367 480.700787 274.739291 269.836077
750.907846 480.877435 273.298013 270.220869
752.976828 481.471194 273.541718 269.392162
754.779606 481.535281 274.675289 269.654627
755.284979 482.349271 272.526664 269.215467
759.494890 481.122645 272.415709 270.720279
759.883374 482.240954 271.613709 270.071086
761.473248 483.076578 272.960207 269.045769
762.670533 483.603537 273.249005 269.078761
763.328186 484.476273 274.077308 267.785933
764.953126 485.068827 272.134113 268.500019
765.288397 484.858448 273.889646 269.781583
769.279784 485.992878 269.544448 267.490238
768.224372 486.356515 271.465031 268.744947
769.364858 486.570678 272.954472 270.265830
773.978804 486.823950 264.255812 269.959156
773.034554 487.927994 267.249675 274.758203
773.795505 486.892861 269.432157 274.361146
775.130119 487.845281 266.830366 273.858820
776.738197 488.430110 267.398027 271.688010
777.653792 489.202127 267.842433 269.699598
778.466051 490.504884 265.948943 268.858794
776.989448 490.237456 268.505858 270.951690
778.732325 490.857687 267.806876 271.308999
778.948256 490.389675 269.383676 272.378794
781.629976 490.213900 266.699528 271.920126
781.374871 488.418710 266.172718 275.623696
780.205587 488.768011 268.370776 275.764162
781.657785 490.637664 263.553106 275.403960
783.087945 491.554915 266.243969 275.551313
782.383375 492.704315 261.510952 275.339201
783.704419 491.926922 264.776052 277.859310
784.221499 493.653807 259.156044 274.318771
781.634456 493.478036 266.812707 275.156376
780.312350 495.146275 262.180131 274.698589
779.844684 494.756793 268.238910 275.942024
778.907842 495.629445 260.132014 274.329662
779.675741 495.270982 265.272589 275.098820
777.899354 496.737580 259.942852 274.187893
777.784311 495.866444 265.258806 274.818688
775.631952 498.220005 260.859729 273.727736
776.505078 497.006026 265.303967 273.573309
775.416127 499.517319 259.975212 273.168810
773.782908 498.556419 265.349456 273.917694
774.354808 499.810998 260.845758 275.065876
774.127055 498.623687 262.829400 277.803585
772.161288 498.350930 259.696736 280.141329
773.174285 498.242328 260.224617 279.859823
771.284738 496.937203 257.410706 281.737503
771.849451 497.870883 256.700912 280.947201
768.570083 500.746686 259.638246 277.086290
769.763747 502.262259 255.089366 275.509424
767.622388 502.828431 260.340635 275.234482
766.190132 502.897332 256.094347 274.507441
764.280141 504.458873 260.547319 270.811496
762.754122 504.046124 259.335999 272.863356
763.269694 503.866155 261.243941 274.590508
762.538337 504.034472 256.536253 275.652848
761.780043 504.278873 262.376660 275.902841
759.925004 505.014984 258.187291 283.178996
762.712680 504.260922 252.895476 281.820693
762.368894 505.168075 254.525586 283.508340
761.032086 505.933524 255.723176 285.199108
760.105175 506.006872 255.269377 280.962820
759.509248 506.375009 253.050049 280.292165
757.426755 506.945893 258.242154 279.315770
759.992429 506.892606 253.212179 279.186208
758.961287 506.067813 256.037725 279.214979
760.298539 505.630656 252.172363 280.180684
758.961287 504.916794 260.372212 281.917938
762.809934 503.835727 250.638897 282.646689
763.413895 503.727391 258.481471 286.124260
767.660472 504.931042 250.246767 281.971450
767.611835 505.843445 258.957647 284.170102
771.563796 507.214995 249.585479 284.797840
774.054697 505.772735 257.018331 288.606958
776.158152 508.479952 250.929150 283.729074
780.076370 506.341741 257.871945 288.184256
783.651573 509.405589 249.642274 281.207486
785.946066 508.531016 253.369105 278.464060
788.263822 509.762048 255.026233 277.392942
790.994584 509.183435 251.225804 278.164784
794.566339 509.361872 257.036218 276.717150
796.771326 510.165861 249.005012 276.413414
800.658689 509.470618 254.550855 277.686469
803.809692 510.291319 246.866769 275.789059
805.933101 508.693243 254.784119 281.514437
809.793186 509.919318 246.144505 277.726192
811.859806 509.201923 255.113077 281.418816
815.821670 508.420820 247.168785 282.349881
817.110170 506.654003 256.843556 286.617460
820.992942 508.720004 248.278706 282.774816
823.424364 506.628889 255.344118 289.080396
825.823674 507.969840 248.630410 288.049110
828.254958 507.707231 253.367157 289.009476
831.253193 509.731736 249.388301 284.096614
832.547971 509.104885 247.928578 282.734665
834.741933 508.342121 255.713342 286.930503
836.644923 510.851729 248.310185 279.810285
837.197053 510.637255 250.836707 279.637804
839.598652 511.551960 246.006447 277.151351
836.786407 511.358608 255.094203 281.317928
840.981985 512.391517 246.484076 277.695998
839.042521 512.322330 248.495306 282.176656
839.598652 513.288060 248.489259 284.036163
840.939806 512.803262 245.996908 281.796341
840.490989 513.959962 247.759496 282.801473
840.598649 514.736257 246.787028 280.032963
838.440730 515.513343 248.015536 282.996510
839.465456 514.607952 246.666912 282.607030
837.170705 515.171491 246.812944 283.620391
837.214841 515.545718 246.815343 282.527976
835.335065 515.012375 246.648613 282.927528
834.372137 515.171491 245.582152 282.329296
833.329211 512.556550 245.841512 283.688981
830.716850 513.551977 246.366101 284.799125
830.625904 514.922752 245.724698 280.699759
828.059830 515.922066 247.135077 284.188559
826.682973 515.018082 246.113618 283.535778
823.559895 516.881586 248.943991 284.807105
823.087518 517.830235 247.168722 285.178562
821.775228 516.393585 245.347326 284.317365
819.427088 517.842458 247.822096 283.558064
818.355549 518.475517 245.155909 282.664720
816.516513 518.350836 246.912973 285.232359
816.457023 518.663059 242.868597 283.770241
814.077568 517.656991 246.767255 285.931659
814.965002 519.223842 241.207124 284.510038
812.341901 518.440419 246.275286 285.152379
812.304694 519.065358 246.566695 283.947565
811.626541 519.467814 245.555931 285.135918
810.982467 520.990979 246.108260 285.062959
813.545017 519.543861 243.290981 285.261161
812.384167 521.050796 244.888598 286.890285
813.602276 520.312802 245.015806 288.527325
812.547975 520.677883 242.490386 287.149435
813.529400 518.787105 242.974513 289.322750
810.484435 520.105502 247.582467 288.303067
814.899927 520.874114 244.263767 288.920289
813.386766 521.457262 244.317909 287.382864
812.715513 522.425159 246.388018 288.158330
815.022907 521.297383 244.636729 289.777714
813.609344 523.018083 246.001672 289.526715
814.370807 522.840558 245.213011 288.962749
814.917693 523.810684 245.872764 285.811808
815.650213 525.845739 244.277569 285.891199
816.758916 523.865356 243.750238 284.619422
816.637845 527.018550 243.373945 283.396423
816.391391 525.455849 244.034660 284.953322
816.247899 527.821986 243.993802 284.323259
817.429223 525.636506 242.325014 284.987837
817.185117 528.223896 243.499149 285.661112
820.460435 527.176946 240.557405 284.872637
819.397428 526.638238 244.473198 288.524575
820.705408 526.009389 243.716307 290.030521
821.164293 526.780704 243.316950 290.436458
820.987248 526.787170 243.750410 292.320961
820.551938 526.780704 242.572118 291.462294
822.499700 525.422896 242.152415 291.635157
820.575254 527.166410 240.928641 289.320835
821.393715 525.830114 242.731406 291.281502
820.848547 527.550917 241.312875 287.918485
821.766578 527.190856 242.770583 290.200697
819.939807 528.530890 243.410344 286.776818
820.286942 530.387535 242.926123 285.848129
817.770070 529.893208 243.422179 287.621371
817.105769 528.749642 244.336722 287.833910
817.512853 530.640581 241.839878 287.121274
815.928433 529.349335 243.540302 286.787486
815.176638 531.158866 245.332516 288.140093
813.901484 530.127261 244.803163 289.168782
814.054674 532.145355 242.619663 288.694070
812.143724 532.427794 243.111815 290.230833
810.645234 531.495049 244.866852 289.791060
809.639074 533.585292 242.239116 288.038507
808.812689 532.264491 243.917807 290.651413
808.120490 533.800254 243.423691 287.790858
807.741960 531.887202 243.312720 290.966985
805.285271 533.227375 245.290295 288.218223
805.030102 533.227375 243.160284 289.531124
803.939819 531.495947 243.924825 290.792046
802.639059 532.835315 244.291641 291.118062
802.370813 533.990622 243.527612 290.530387
801.414933 534.011858 243.773894 290.173352
801.372989 534.775828 242.301368 289.996427
798.263824 534.220146 242.431865 289.636505
796.715518 533.640823 244.567877 290.215828
794.017214 535.142056 240.950311 290.389282
791.786132 534.036999 243.109896 291.534699
789.155259 534.446527 243.746330 290.713499
786.831445 534.641351 243.046751 289.936641
786.124547 535.738781 240.285350 290.778963
782.659180 534.429125 241.561457 290.541756
781.035202 534.988444 239.396048 290.916955
777.696941 535.975044 241.061178 286.681460
776.728219 535.941632 240.365730 288.222348
771.294920 535.983182 240.620365 285.660076
770.257197 536.903907 241.015510 287.389705
767.580405 535.408267 239.207242 287.371360
766.115534 535.960147 241.410007 289.649001
763.786125 535.005021 238.547343 289.400709
761.411754 535.209831 239.036924 288.876348
758.775650 533.255566 239.673038 290.253378
756.176660 533.450565 240.581454 293.315360
752.285277 532.273711 240.199314 294.326191
751.478980 533.664209 241.195380 293.250945
748.478051 534.835092 239.113243 293.085274
747.303760 534.626744 240.027536 293.517360
743.708944 534.238451 240.047056 293.635131
741.669240 536.001966 239.844297 289.703163
739.566352 535.983182 239.589701 291.451201
738.216344 536.166942 239.891765 290.995569
737.615268 536.166942 239.389847 290.702103
734.857086 535.983182 240.142059 291.011547
735.553895 536.740872 239.342128 288.521026
732.935055 536.382679 241.286093 288.976548
734.623927 537.501946 240.202047 286.743121
732.868384 537.547713 240.485873 286.502411
734.448464 537.346542 237.801078 287.290576
734.978984 537.167857 236.798214 287.214297
735.816151 537.548106 235.988393 287.557589
736.884012 537.755330 234.678022 288.351254
737.495755 536.631290 233.701939 290.460664
737.120464 535.838288 235.305581 292.164353
737.598627 535.021162 235.354751 290.757225
737.825262 533.681395 235.671343 292.329690
738.290617 532.856707 235.654207 294.264266
738.457936 534.039674 236.069091 294.152706
739.452576 535.597100 236.195091 290.375416
741.035141 536.581949 236.620366 285.753181
743.621281 535.838288 235.756346 288.387958
745.327782 535.827586 234.982629 287.114392
745.870228 536.031301 237.655917 286.187496
748.327780 535.045807 235.744151 288.481894
750.327767 535.238668 236.126020 287.856691
752.327754 534.852625 235.998683 286.093498
754.171358 533.710753 236.206270 287.753080
755.423791 533.673696 237.029993 287.810594
758.166092 534.434819 237.825424 285.671106
760.488039 533.293526 236.224172 286.456842
763.010413 533.293526 235.473354 286.456842
764.919968 533.883296 236.734214 285.286783
767.171371 533.311401 234.559904 281.743900
770.247223 532.666062 234.523017 286.038272
772.064846 532.007257 233.969012 285.550377
773.675715 529.900544 235.262522 286.513824
775.679429 530.208427 236.743138 286.646379
777.035409 529.806528 236.804032 284.182181
779.394015 527.521725 236.008342 284.484592
782.658960 526.754928 237.842678 287.511214
785.256371 527.229444 236.170946 283.899430
788.954572 527.512154 232.701238 285.744095
789.763095 527.014080 233.063079 283.120098
792.688311 525.538337 233.701300 285.585404
795.468707 525.993038 231.583696 285.256923
796.341092 525.320890 232.270507 285.656267
797.804826 525.103032 232.021351 285.727916
799.563087 524.533755 232.275933 285.295276
800.970820 523.745898 233.748310 284.509743
802.210962 523.881568 233.996623 283.932708
803.822136 523.148411 232.141035 279.335603
805.417864 524.068767 234.434954 282.432076
807.433328 523.148411 232.291412 281.006874
808.879143 522.877885 231.809569 279.339324
811.353234 522.586707 231.249431 278.822383
813.013053 522.813708 229.759208 278.755683
814.089246 521.607232 230.939123 277.513613
814.664283 520.071928 232.370112 278.190018
816.196593 518.968210 231.297678 279.197330
817.789563 515.953630 233.074301 283.758621
818.085533 516.019979 234.139774 283.950210
820.061942 514.849625 231.145167 283.969238
819.835530 516.059796 233.810683 282.402001
819.554533 516.962818 232.577144 277.804200
820.599702 516.465275 232.888490 281.436688
820.545400 515.771119 230.765934 279.058845
820.376233 514.797010 232.882041 281.262368
819.704467 514.754445 231.241302 276.685233
820.216296 514.119902 232.445244 280.062050
819.399755 514.607731 229.397386 279.670557
818.387663 513.483410 232.017718 277.552956
820.600937 512.856846 230.657332 279.700504
819.090449 511.286551 227.315411 278.546185
819.319895 511.370930 230.018702 278.117864
818.010877 510.631007 228.270643 278.840045
818.187037 510.675687 232.362703 276.065554
818.162422 510.409389 227.038783 279.814245
817.205516 510.299359 230.376857 275.620501
815.252588 508.111226 230.397778 277.416872
816.110142 506.845006 230.684414 280.249333
814.780164 505.090348 226.278391 280.013546
814.389883 504.846457 227.479821 280.514377
812.379922 503.736429 230.447729 277.189571
812.530072 504.072965 229.564235 278.347596
812.515187 503.387187 228.217265 278.928129
812.335083 503.943754 229.861271 277.395171
810.480019 504.128690 226.313557 275.408619
813.240705 502.463644 223.265059 279.749060
809.620688 502.597818 228.955524 276.252061
811.664887 502.738182 226.246599 276.773172
807.029758 501.984197 229.709594 275.037129
810.435089 500.277634 227.550529 279.055199
811.122268 500.594221 228.583059 278.141659
810.205493 500.964006 229.151774 274.999387
812.468714 500.565173 228.394468 276.544264
813.518838 499.904287 225.545616 272.427660
815.371149 499.104092 225.864719 276.957344
816.157398 498.541733 225.176633 274.561803
818.397088 498.239267 225.805991 275.930146
819.523850 497.924916 224.464074 276.567602
820.134918 497.622989 226.669090 276.360719
822.552891 496.191835 223.909869 276.400025
822.925306 496.267023 226.770893 274.230796
823.684825 495.589268 227.387072 274.939163
825.043871 494.911300 228.603670 276.481900
828.684496 494.233114 225.321999 277.483795
829.301813 494.911300 226.003222 272.503884
832.890501 494.799540 225.059501 274.927191
834.786525 493.143395 224.087366 273.841714
838.249020 492.557301 224.835802 275.982015
840.032786 491.657427 225.060297 272.027247
841.594079 490.398822 223.600233 275.000045
842.190046 489.962764 222.763092 273.327331
845.215898 489.819505 223.653234 275.095787
846.475785 489.157559 222.118542 273.663282
847.245215 489.272270 223.202834 272.217619
849.281952 489.272270 223.274413 270.862898
851.395495 487.972432 223.645037 273.591486
853.165716 487.955793 221.593161 270.493081
855.447070 487.307923 222.997184 270.323774
857.441962 486.985411 218.269080 267.617889
858.744429 485.837783 222.240180 270.559221
860.239210 485.614569 220.841680 270.319199
860.220464 485.697863 219.961356 268.152953
860.751535 482.589996 219.228689 273.385244
859.812639 481.441802 219.029140 272.592132
859.885473 479.627032 219.497162 273.552281
859.769760 478.844106 221.280341 274.126072
857.284051 479.890928 221.087047 269.660799
856.972426 479.658147 221.657843 269.966155
854.554033 478.670243 220.670919 269.931822
851.340633 479.030175 222.526655 268.225178
849.169329 478.222200 223.719138 266.945819
846.595815 477.774247 223.622604 264.657179
847.173457 477.223161 221.982147 266.627330
844.210636 475.883405 219.785860 264.998077
842.894360 475.272754 221.672607 267.266498
838.696713 474.259966 220.793316 265.518005
836.853288 474.803939 219.086673 265.075105
830.762575 474.218976 220.985919 265.529569
827.676032 473.914163 218.316599 265.433494
823.635128 474.218976 217.597570 264.335834
817.088671 473.806337 220.338838 264.330241
812.804206 473.837815 218.304217 264.003410
806.772524 472.820324 218.906585 262.974113
801.613755 471.832561 218.526420 264.394554
795.923825 470.842954 219.319403 264.496217
791.720429 470.459317 219.142022 264.956921
785.304924 469.825026 220.535448 265.099586
780.664499 469.614894 219.885441 266.735013
776.483433 469.966398 218.035713 265.558623
771.508044 470.105416 217.440631 264.118197
765.463453 468.997877 218.902628 266.287110
761.966945 469.190740 218.570214 265.109144
757.039657 470.354390 218.080018 263.112924
750.872320 469.877078 220.111482 264.607739
747.252085 469.720654 217.969509 263.915750
741.613751 470.114838 219.091684 263.344892
737.275116 469.766313 218.420790 264.758694
734.137411 469.750462 216.487633 264.605321
727.630370 469.986453 218.676500 262.741698
724.839502 470.052107 218.116623 265.634078
722.398695 470.812134 216.627596 263.015428
716.638606 470.973249 219.084254 261.722997
714.218404 471.384118 218.317155 263.460618
711.223146 471.727868 218.571509 263.215355
708.516162 471.020488 218.164113 262.870589
704.424927 469.986453 218.465894 263.664960
700.634290 469.766313 220.193332 264.225302
697.845933 467.765665 219.769684 266.534219
693.995969 470.094464 221.953749 265.272924
693.497715 469.333582 219.240196 265.834098
689.036500 470.947522 219.587412 265.221690
685.697859 470.354390 219.917760 266.171874
683.175832 471.662959 218.579747 265.150772
679.166456 471.446031 219.953952 265.660579
676.644762 472.646697 219.190676 263.991253
673.990470 472.430916 220.406107 265.567556
671.440198 473.278041 220.697769 263.319001
669.783402 474.189802 218.451876 262.462048
665.894333 473.806337 220.444359 263.932194
665.183176 475.065090 219.280259 263.041377
662.900121 475.558157 218.848645 262.167744
661.039736 475.660856 219.718379 263.231655
660.926870 476.084913 217.396756 264.551437
659.540819 476.117967 217.056669 263.243657
658.382672 476.406166 218.690289 263.200730
658.535922 476.117967 216.868403 263.639053
655.072207 475.182583 218.692353 265.621617
656.492120 473.685946 216.824188 267.263306
656.072178 473.150416 216.779435 267.798835
654.371682 473.408386 218.479930 269.070248
653.549511 474.448864 218.041731 266.496997
654.072172 475.453230 217.476940 265.763869
652.884140 476.541504 216.820186 264.449841
653.043460 476.397376 218.342371 264.244103
652.212641 476.822698 216.536145 265.456402
651.252768 476.397376 217.267121 265.569683
650.497505 476.470873 217.634340 265.674722
649.598989 476.646933 216.875255 265.098610
648.582214 477.103496 217.556908 263.537983
646.908429 477.630270 218.618511 263.408025
645.967049 477.630270 219.131903 263.408025
644.099342 478.392415 221.397671 262.555385
644.799928 477.248430 216.205760 264.666881
642.667114 477.736128 217.786649 264.718536
640.389532 477.454951 218.438098 265.044777
638.449077 477.346660 218.831906 263.471947
636.629264 475.764012 218.234336 265.582332
634.978967 474.319476 218.682345 267.787574
632.175810 472.928320 219.730905 266.376993
629.292366 474.084599 221.425031 263.532513
628.894350 471.343055 217.491714 263.472528
627.052413 470.270805 219.866797 266.935917
627.446676 468.623309 220.576230 263.055258
630.936398 466.629141 219.528155 263.496200
632.993257 463.485709 224.303172 265.092850
640.568930 459.313144 223.291858 262.095878
647.222672 455.470164 224.022614 262.615223
653.872448 452.100656 224.866123 261.330553
661.075772 448.102532 225.536170 261.213067
669.409455 443.735837 225.823665 259.904426
676.953808 440.463312 227.282540 258.940304
685.614850 436.908221 226.494087 259.009584
692.596252 433.002384 228.263541 257.381965
698.937399 429.360355 228.922088 257.532962
707.060295 425.801601 228.301681 255.949459
714.048818 422.333840 230.945585 255.420055
721.605253 418.157029 229.754418 254.961331
729.931791 411.920638 233.637680 256.192694
739.111030 406.987242 232.412717 256.889556
747.359345 402.801732 232.909522 256.702753
757.680989 397.088354 234.046978 258.297466
767.202455 390.722501 236.177137 258.638261
777.849538 385.810734 234.855204 259.458578
786.561707 384.494416 233.480727 256.379177
795.675322 382.160243 233.852602 254.203752
800.300657 378.841656 233.555187 253.523469
806.401367 374.406316 234.217097 253.203878
813.406792 370.475404 233.717710 253.769338
817.623002 367.522571 234.864273 251.084917
822.203877 363.010337 232.288848 252.226018
824.252105 359.277793 233.737425 251.456465
825.966885 356.685858 233.538207 250.173116
827.837008 352.591319 230.140896 250.398179
826.268048 347.926854 234.628162 250.447411
825.052068 344.725759 231.261023 250.523615
824.020075 340.983599 235.604308 249.061271
821.461187 338.227329 233.832046 248.281541
820.316378 334.886208 235.468926 247.676607
818.028237 330.698202 233.868076 247.996988
815.047805 327.193066 238.584231 248.003098
814.714159 324.472766 234.008679 246.988537
812.622489 319.358032 238.229612 248.537852
810.018017 313.293796 236.081311 250.364688
807.763392 311.284006 239.727222 249.287353
807.760181 307.701939 234.204891 249.393638
804.390212 305.866130 234.506109 246.048356
802.455342 303.892474 236.465357 244.046306
799.857560 299.839423 237.577354 243.500006
797.553541 295.307818 235.450470 243.799038
795.215867 293.359375 237.447367 244.332908
792.282433 289.437313 235.023980 244.070002
788.895771 286.841755 239.355755 242.145533
786.795603 284.726810 236.467249 240.902454
782.511030 280.196546 241.481644 241.718273
780.751977 277.751449 239.422725 240.535730
779.322485 275.062312 240.669220 242.293634
777.565930 271.393104 238.974172 241.692469
776.659601 267.218601 239.833064 242.147056
775.141199 265.483113 241.967890 241.534065
773.614672 265.161034 245.374070 238.744938
773.825130 265.862372 246.928767 238.220321
774.735373 266.158415 246.894054 238.466567
775.923206 266.000121 247.736066 237.886087
776.781482 267.415714 248.749941 236.716465
777.288204 267.873411 249.755142 236.463020
780.766858 267.814731 246.696201 237.888118
779.218797 268.511721 251.334192 237.527902
781.376007 271.869021 250.108092 234.270047
783.762122 274.286892 253.200144 233.034122
787.318721 273.829633 248.458305 235.437038
790.141256 275.695486 249.219835 234.907891
793.515579 277.905719 247.991890 233.240918
797.264707 278.759360 245.950437 233.635154
798.464516 278.772845 250.634438 234.605490
800.617295 281.173495 252.266440 233.809289
805.391321 282.356388 250.882974 232.676392
808.777382 282.572671 252.789887 233.091500
815.014866 284.444770 251.662166 231.938934
820.762067 286.422176 253.045833 231.821019
825.765565 287.113426 252.465969 231.172296
829.388802 288.737586 253.995266 230.456058
830.046607 289.437767 255.743311 231.646447
834.121852 291.663403 255.106312 231.042279
836.350647 293.199749 254.749604 230.546784
835.397340 294.656509 253.179267 230.124454
833.517126 297.440784 257.763856 230.894209
834.123676 298.266970 252.813145 230.154959
832.279251 299.620171 252.782121 230.673604
828.825215 301.710052 255.700568 230.159375
826.177606 304.862172 254.989440 228.921041
824.624766 307.572213 253.195523 228.113371
819.006459 309.697501 256.002939 227.884100
816.694441 310.448711 258.206015 229.360435
812.629866 313.874228 258.588550 228.971073
809.824809 314.881655 257.226643 229.382910
805.698926 318.220038 257.262860 228.152999
800.512282 320.445384 257.199485 227.818425
797.474400 322.764131 255.610064 226.196270
790.982709 324.133665 259.654034 226.541887
785.270558 326.669762 262.420198 225.719390
780.444882 328.083903 260.237719 225.205250
775.548516 329.939013 259.694728 225.241326
770.012088 329.374291 260.064804 229.176301
764.202834 332.311025 261.026801 227.360908
759.345320 333.552483 259.139929 228.312427
753.084152 335.588590 259.971365 229.143418
748.916936 336.562284 256.887582 229.153099
743.474990 339.804233 254.297340 228.315640
738.864502 340.164164 255.905671 228.788196
735.637344 341.495167 253.837745 228.094247
731.552511 340.647897 254.919902 229.808237
729.731537 341.858451 255.390366 229.224818
725.637368 342.946944 259.355686 227.120258
723.359695 343.190212 260.506240 226.608112
725.259304 343.918551 257.238952 225.788713
724.631342 342.339116 257.842710 226.956589
724.748870 342.703299 257.911416 226.612687
723.687168 342.221037 258.649532 227.827167
725.925126 342.220965 258.034095 226.855399
728.446986 341.495141 255.927168 228.113086
728.919503 340.404092 257.517620 228.891614
730.149899 338.848392 258.809311 230.538987
731.902350 339.211089 259.583621 229.656475
733.772812 338.725444 260.962651 229.545742
734.184094 338.360335 260.614945 229.318207
737.160131 338.366616 263.392267 229.451126
738.786905 339.053203 261.544899 227.777236
741.902344 338.366616 267.285744 227.683939
744.361952 337.333568 266.188387 227.629564
746.758707 336.998200 264.075423 226.177072
749.078060 336.659657 263.289757 226.587105
751.470105 335.215132 262.897693 226.995357
754.101668 333.278519 265.179699 227.609695
756.943530 332.753728 264.243095 226.673374
759.052935 331.449451 263.951356 226.770745
757.745704 329.025157 267.620227 228.454457
758.632560 327.198184 262.672620 228.715934
758.733666 325.497755 265.362756 228.278841
758.668539 323.960467 266.249631 227.750206
760.362147 322.163457 258.193559 228.653889
759.041014 320.407137 263.328923 227.741488
757.243396 317.629187 262.271687 227.100056
756.316489 314.770936 266.681907 227.760088
754.040285 311.819192 266.242139 227.666036
754.268997 309.128094 263.274034 229.485397
751.800739 306.639257 265.003340 228.643378
752.067341 303.662505 264.239686 229.766833
749.757830 299.803510 266.650483 230.620533
748.116301 297.699026 262.327642 231.450474
747.730188 295.945035 263.576827 229.871643
745.298930 293.854095 264.612008 228.512428
743.968974 290.528864 266.595547 228.956460
741.849121 287.336996 267.993586 229.413333
741.116311 285.241104 262.327642 228.901738
738.976416 283.655879 261.849628 227.359175
738.475943 281.730172 266.341542 226.408149
736.357240 279.292634 265.204542 227.252865
735.871367 277.440067 261.846340 227.392670
735.505794 276.240240 262.625710 227.172249
734.150110 274.337715 266.942156 228.072789
732.755017 273.808565 265.860103 226.947433
732.770135 271.940340 262.617511 228.447843
731.643288 271.199526 267.178295 228.338497
731.597745 271.051918 261.868486 228.004697
731.633844 269.660101 264.014645 228.602097
730.336727 271.761002 264.291985 226.188276
729.780678 271.451136 264.797203 227.250401
730.304909 272.070883 265.526999 227.473557
729.871368 272.983916 264.460438 226.687202
730.308041 272.056881 261.380026 228.493531
730.530368 273.084449 263.482431 227.186864
730.075064 274.001144 263.428483 227.867794
729.806372 275.471133 263.611471 226.511477
729.179250 276.597075 263.514023 226.287880
730.530368 276.169869 264.381317 227.684116
728.972279 278.258525 265.079121 227.693397
729.700901 278.349084 266.485720 227.349047
729.601342 279.879719 261.005514 227.610657
729.402695 280.822570 262.625938 228.073246
730.790322 282.261032 260.658058 227.920225
732.884706 283.505593 258.206736 228.942135
733.237730 285.461012 258.936730 228.490470
732.800892 288.378703 261.427281 225.539026
733.696039 289.366963 259.496353 226.956355
733.962266 290.531215 261.778372 227.563634
734.267269 292.675455 263.209461 227.147964
734.339889 294.256091 264.228730 228.064776
735.628784 295.448192 264.203125 229.811481
735.699472 296.440840 264.776579 229.091811
736.465287 299.832475 264.555064 228.981806
737.200058 300.373169 265.898549 229.327974
739.758784 302.423079 265.609789 229.897162
741.096932 305.191245 264.827321 228.469026
742.363089 307.029791 262.249505 229.202389
743.551866 307.601306 262.295291 229.833100
745.859554 310.487581 262.873146 230.084492
744.770134 313.531770 269.429731 228.642940
747.301371 315.799048 263.754392 228.243423
748.628781 317.328075 266.376557 229.176147
750.198745 320.355129 262.697255 228.789152
751.551864 320.923647 263.547873 229.264442
751.302493 321.616022 267.795002 230.202851
753.967218 323.738432 259.958541 230.447066
752.496475 323.399054 266.902962 233.755903
758.169232 326.304692 257.591982 230.982490
756.733812 325.809878 263.776282 234.174377
760.786111 328.107679 259.446087 231.290882
763.030180 329.406348 257.701058 230.266591
765.579673 329.565020 258.169323 230.801003
766.772804 329.540399 258.829001 231.035185
769.030664 330.136130 259.015576 230.435561
770.383618 329.406348 258.515829 231.618019
772.935234 329.025157 257.406055 232.146079
775.048409 329.040374 256.959718 231.681987
777.193273 329.418927 256.881280 231.611780
778.791314 327.947399 257.649885 233.465596
781.064401 328.534456 258.250009 232.938642
783.159762 327.775231 257.746324 234.146544
785.693774 327.898931 258.788016 233.721194
787.011095 327.006912 258.617607 234.461778
790.067120 327.733829 258.074473 233.787729
792.693784 326.284451 257.547631 233.990107
795.593923 325.338863 257.177427 234.483346
798.722165 324.964243 257.403853 234.608792
799.640924 324.469421 259.941711 234.799186
803.589064 322.285861 258.441542 235.625513
806.198661 322.458785 257.151880 235.343398
807.919746 319.650317 258.412079 236.619930
810.165380 320.030265 257.923463 235.363879
814.368041 315.570584 261.285693 238.032662
816.115320 312.755309 259.429992 240.092497
819.724705 313.435043 261.092382 237.755498
822.268380 314.984829 257.777317 236.373876
825.971838 313.167251 255.504778 237.019167
825.626160 311.651762 262.037125 238.870394
833.986814 310.704925 253.903428 240.621534
836.165720 310.201411 255.707789 239.130742
837.570934 311.373434 258.116689 239.075010
839.014105 312.333978 263.452385 241.261146
842.793683 316.206935 262.534493 241.955089
845.622875 320.685103 263.519204 241.418913
850.017743 326.230747 260.996922 240.915172
850.870752 328.348262 264.644092 239.899375
854.451736 333.285675 262.200534 239.774786
858.267533 337.081537 263.607810 241.982375
861.710722 340.839512 264.107960 243.585841
865.203664 345.451594 265.426075 243.192080
868.606029 348.641375 267.118984 246.808007
872.229187 352.996462 264.930462 243.960859
875.323345 356.861040 264.701792 245.175788
880.455186 361.460880 262.835976 244.065806
883.683395 366.560624 263.082049 244.704994
886.374956 369.927851 265.117678 246.252141
889.706648 375.235913 266.860735 244.576270
892.147810 378.506146 270.641881 244.870557
898.926539 382.909979 268.112643 245.803549
901.461463 387.722614 265.114935 247.518442
901.662090 391.987197 271.981348 249.812148
905.730470 396.531951 270.193038 251.616882
912.292703 402.647741 265.745765 247.654914
916.914378 404.957798 267.442455 247.143458
922.324147 411.629329 263.466327 246.127322
926.404144 415.075062 267.396522 247.408118
929.775933 421.172931 267.765225 245.390420
933.135734 426.779885 265.581140 243.760564
937.382854 430.404028 262.505303 246.506543
939.495144 434.474335 267.973059 247.304352
943.495824 441.167740 264.788798 245.152184
946.756782 444.396600 263.034263 247.106350
950.269131 449.710911 262.793863 246.417399
952.837947 455.010874 265.008358 245.042895
955.897404 459.674140 264.710525 245.910759
959.130677 462.512963 265.342209 246.196365
960.973284 468.093081 264.083357 245.419534
964.724362 472.312395 266.133027 246.636956
967.762690 477.732564 263.689340 245.829226
970.868585 481.643383 263.290936 247.509804
974.188549 487.378187 261.103166 245.904226
976.683402 491.091198 267.626850 247.362944
978.753343 496.774007 261.003331 246.378687
980.716754 500.264703 266.427433 247.483888
983.855794 506.423714 261.426125 245.848207
985.830428 510.187593 259.221090 246.929046
987.425269 514.218098 264.574718 247.709947
988.868697 519.836798 264.903462 245.651512
990.924416 523.211249 261.795682 246.192888
993.261171 527.814207 262.003755 246.176403
994.368990 532.493032 261.474058 245.592544
995.970634 536.960003 263.031195 246.256499
997.286699 541.700631 260.745340 245.509077
999.935247 545.321419 257.991937 247.108746
1000.539798 549.451874 259.557185 245.718122
1001.481106 553.508489 260.921028 246.267975
1002.343030 558.847477 259.804741 245.197856
1003.652956 562.506394 258.884092 245.608784
1004.108728 567.026226 258.006334 245.701536
1004.363999 571.458306 255.921568 246.078260
1003.560902 575.176798 256.628807 245.692514
1002.760335 578.963610 257.187373 246.473846
1000.832279 583.667702 252.156314 245.954371
995.664810 587.567705 252.757483 245.726296
990.312243 591.262030 251.101035 246.276612
982.442320 595.810157 251.861411 245.152094
974.717214 598.918877 252.339782 246.091675
964.444815 602.612412 252.260321 246.170969
954.260569 607.117096 252.322254 245.989552
943.158728 610.541663 252.198818 245.846863
931.787510 613.804417 252.570009 246.263119
919.776625 618.689153 252.345232 245.948952
908.891335 622.060994 251.230543 246.231005
897.063766 626.256103 249.890486 246.489112
884.144672 629.526603 250.076788 246.987119
870.570583 632.792152 250.188307 247.296371
857.867251 636.453070 249.622694 247.336706
843.945603 640.235936 249.099980 246.966993
832.078254 642.560804 247.814009 248.568123
819.808640 644.472055 246.388983 252.864405
805.801707 648.185150 247.704260 253.888657
791.320602 651.171649 248.557267 256.574839
779.016409 655.599706 246.888953 254.038651
767.641590 657.666653 246.173256 254.910692
759.912818 660.044237 244.915720 254.046098
752.259507 662.483560 246.797893 254.679854
747.189216 665.421791 245.704565 254.896957
743.820457 668.489054 246.071455 253.963422
741.612957 670.391627 248.967494 254.899405
740.739058 672.489791 246.375994 253.626950
739.438280 671.605235 251.503873 257.924869
738.918020 675.611070 252.126119 255.500772
739.412476 678.627346 252.178926 254.176671
737.254755 678.788519 252.262957 255.897499
737.288068 682.209581 248.535977 253.355600
735.613504 683.535907 248.924776 254.832743
734.739081 685.580980 249.564844 253.197940
733.363020 687.259096 250.317609 252.409973
731.014347 687.768467 249.875608 252.871228
731.648557 688.767044 247.512169 251.790783
728.351765 691.125173 250.087433 252.259847
727.947366 690.850901 245.677812 252.606346
727.637417 689.881342 246.560630 255.359304
727.551220 691.027679 243.328933 254.049402
725.884634 692.576312 244.168362 253.644145
725.210267 694.571115 242.713008 251.564214
723.273664 697.110153 242.431104 249.906993
721.934726 696.504391 242.904975 251.300276
723.015602 696.965740 242.192984 251.136057
718.084193 698.633585 245.248665 249.300418
716.992429 695.993755 244.958143 255.161833
716.420085 694.268801 244.487732 256.017751
714.978818 693.419925 246.310795 259.035371
716.808293 694.454538 243.933676 257.749710
715.551216 696.603589 243.454432 254.129890
717.724356 697.142868 240.077012 260.425718
717.372277 696.615079 237.781955 261.725741
716.873521 696.421827 237.656382 259.853975
714.822942 695.115324 239.109037 256.941070
715.739950 693.568501 236.954945 258.317777
715.515487 692.964645 235.327499 258.151528
713.113120 689.153042 237.486640 257.442630
712.979151 687.399435 236.848773 257.891084
711.881766 683.572419 238.690688 256.735218
709.509690 681.646538 236.986997 255.038222
709.141984 678.168564 237.577278 253.103086
707.096397 674.342597 238.034227 254.854887
705.244513 671.177427 240.344010 255.635764
705.006397 664.490702 239.308642 255.292441
703.914775 660.003910 238.306761 255.376676
703.271189 654.611070 238.564787 252.356952
701.793098 648.768230 239.435820 252.796578
700.387408 643.306308 239.217146 251.389249
697.483442 637.380446 243.363728 249.907406
695.898271 631.448826 242.310219 250.885965
696.954814 620.510528 240.626151 254.030572
696.393775 613.517798 240.930013 256.208264
696.714982 612.626928 238.963936 250.106551
696.284311 611.021661 239.202570 246.930877
697.029068 606.617254 237.104002 246.788080
695.880642 601.941445 237.881462 249.781579
693.876279 602.243500 242.605821 248.074703
694.256268 603.813787 239.723153 245.899357
695.586629 601.249562 237.535109 247.709453
695.581560 602.568086 237.794243 245.207732
693.694624 603.053942 237.967389 244.073920
693.532039 601.853898 236.864193 244.169596
692.147911 601.444961 238.968947 244.299034
692.285497 600.140132 237.969431 245.044769
692.285497 600.380724 238.956650 244.147624
692.914736 601.025581 238.080063 243.502767
690.927929 600.640451 241.184360 242.365232
691.880630 600.295038 237.635913 243.702138
691.365503 599.909785 239.622956 241.937549
691.047805 599.816008 239.693286 241.872931
689.282438 599.018518 240.718516 242.420381
687.241112 596.582326 242.869228 244.790708
689.152673 594.998761 241.705718 246.152476
689.356847 596.112226 240.503341 244.167367
691.986363 589.612737 236.512800 250.628019
691.406926 591.012191 241.832757 249.316763
690.991562 595.214768 238.635562 244.014119
693.399364 593.677407 240.976397 245.404107
693.604059 592.568182 241.129530 246.443994
693.994024 591.913025 241.989907 246.279100
696.169859 595.569239 240.686822 241.548980
698.472482 594.480677 239.508301 242.713904
699.532038 594.545583 237.477241 242.362006
698.762364 593.236123 239.106064 241.327012
699.558813 592.719592 235.849005 242.263409
699.674377 593.553679 239.416755 240.760634
701.650523 593.822228 236.725701 240.409733
702.453153 593.653233 237.277444 239.961215
704.227704 593.493977 238.236370 240.491409
706.361278 593.077004 237.492507 240.616915
709.365026 593.553679 237.727518 240.264098
712.527848 592.917558 236.198466 240.281387
714.932813 592.487117 237.898807 239.357137
716.608566 591.803736 239.104418 239.328580
718.207236 590.279570 243.288136 240.558576
725.289791 591.526353 239.852340 236.809639
728.471983 591.226673 240.111518 236.779970
735.330328 589.701402 237.134571 237.397195
738.113765 587.382382 236.340846 240.466589
741.681798 588.167498 236.777554 239.284480
745.012578 587.963288 236.942712 238.795981
747.094141 587.648456 236.622699 239.357730
748.631593 587.490635 236.961928 239.392027
750.779433 587.854727 234.964295 238.235988
750.975249 587.038114 235.397243 238.836605
751.194305 587.391901 236.159587 238.182791
751.726112 587.856466 235.763859 237.718226
752.351110 587.506536 235.281076 238.244729
752.817908 588.127733 236.522802 237.130612
754.127860 588.282405 236.090295 236.361558
754.910120 588.243495 235.812155 235.480910
754.439817 589.017164 238.499631 233.373511
755.599633 589.815594 237.966865 232.876301
757.471624 589.904924 236.350548 231.467856
754.802958 588.393745 240.235379 234.662550
756.789823 591.526180 238.664776 231.598888
754.820752 591.370587 241.970999 230.973156
758.596470 588.898619 238.584581 233.187575
758.649023 588.898619 240.646547 233.308522
759.937434 589.417408 237.546935 233.032165
760.533688 587.535277 239.504901 234.303325
762.414274 589.443306 236.207134 232.702884
761.938999 588.730061 239.954044 233.414060
763.725349 588.931825 237.247941 233.577827
763.750191 591.165232 237.827448 231.098806
763.939003 589.159677 238.968034 233.047778
765.129124 589.205231 240.539597 232.397753
767.975245 589.389051 236.984752 231.788159
767.781178 588.882435 237.048114 233.140362
768.159434 590.112417 238.143818 231.241012
769.723432 589.942354 239.294359 231.233909
768.946680 589.059731 237.787812 232.900275
770.004918 591.897750 239.775981 229.149589
771.096576 589.767970 237.707585 231.714944
771.470461 589.791638 239.064771 231.867885
772.218319 590.426738 238.099607 231.106347
772.306205 589.640731 239.478021 231.897849
772.649035 589.499226 240.770333 232.598268
773.302626 588.472442 240.391826 232.584193
771.514835 589.266044 241.567909 231.726801
771.002212 589.417408 244.549204 231.333874
777.094164 591.538745 236.499355 228.239050
777.949099 587.499122 237.664834 233.233723
779.005109 592.226746 234.385834 229.622215
779.513174 590.325889 236.355011 230.495825
781.001889 590.046210 236.882518 229.827888
781.129495 591.725383 236.437918 228.510699
780.214216 589.762133 239.889839 232.001599
782.443052 590.422067 238.369486 229.859049
781.605445 589.767970 238.579137 229.439948
784.061996 591.436059 238.437662 227.820172
783.318198 589.713397 238.359704 229.048261
783.971870 592.301107 236.959363 227.681231
784.164258 590.514589 239.554192 230.286777
783.721559 594.492341 240.199489 226.619044
786.070324 592.295002 238.430681 229.046916
786.660478 592.185935 237.994687 228.541657
787.124696 592.656233 237.422627 228.685103
787.225404 592.412865 239.383743 229.389844
788.249738 593.036209 237.927397 226.837889
788.317957 591.558025 240.016375 229.723830
786.963551 594.208840 240.117762 225.765013
789.635400 591.640413 239.330367 228.331964
793.147861 594.495590 235.507284 224.784197
794.119869 591.169706 233.664742 230.818843
794.508037 591.992061 235.744951 229.118262
795.572510 592.094096 235.700357 228.944280
795.478934 594.475522 236.187576 226.086009
796.083331 592.997331 235.665621 228.443676
795.001131 592.045314 238.983814 230.085131
795.147408 593.768825 236.712109 228.986319
794.593657 593.873568 237.812713 228.306119
794.751942 595.501235 238.507916 227.208324
795.221122 593.257162 237.557829 228.992210
795.282941 596.657134 238.360790 226.172398
794.842341 595.018965 239.142604 226.310692
794.904066 597.519471 238.727458 225.856485
795.317951 594.570283 239.893284 228.294991
796.718334 597.127432 237.223046 224.470959
796.507613 595.583302 239.185143 227.071243
796.966233 598.089341 237.217154 226.008250
795.451425 595.583302 242.222775 226.131416
796.924626 598.140961 238.991530 223.103261
797.189514 596.031664 240.728682 227.094745
797.924653 597.992712 238.381653 223.795270
795.628552 595.283250 241.938897 228.316281
799.564948 597.855162 237.229391 224.028207
798.659199 596.015126 241.242784 227.773984
800.623136 596.396490 236.115642 227.821238
801.357519 595.001771 237.977685 229.360380
801.179871 596.220420 238.603312 228.725981
801.020705 594.999730 238.640572 229.177864
800.285174 597.556739 239.753158 226.726001
801.756112 594.820761 239.113458 228.951561
800.802947 596.972204 240.847618 228.029875
800.059771 596.368837 241.724480 227.622176
801.361017 597.418214 240.543823 226.919462
802.552261 596.945939 238.736470 227.231655
802.276255 595.579193 240.209775 227.602847
800.831606 598.426583 241.818953 226.575496
801.817325 598.269738 240.093509 225.670279
801.786615 596.760365 241.562047 227.200369
801.706659 598.858320 240.097516 226.624826
802.329838 596.158649 242.891466 228.038333
803.158940 599.070001 240.521892 225.847110
802.674399 596.910215 242.674842 229.307593
803.691774 598.924511 241.232943 226.470809
803.109331 600.004630 243.255743 226.869325
805.211276 598.417430 238.724504 226.646746
801.323185 598.529614 246.748640 228.350586
804.263988 599.004925 240.570465 227.896404
807.972987 597.640315 238.290806 228.793357
807.701690 598.260025 237.019392 228.975360
808.225407 597.039078 238.646562 230.440439
807.509565 600.046097 238.928344 227.755672
808.282949 598.309643 239.340850 227.737917
808.233399 600.722526 238.933297 225.854187
806.933418 597.444854 241.661934 230.640229
807.436896 599.059301 241.002953 228.320718
808.520289 600.485313 240.384543 225.763877
808.638550 599.254453 239.865939 228.288188
809.242867 597.762692 240.514946 228.500764
809.028589 600.922421 240.264910 225.445736
808.465051 598.811037 243.741127 228.851437
808.630507 600.569470 240.213903 226.874123
808.861327 598.491771 242.245210 227.957504
810.106480 601.362928 239.701417 226.739033
809.206415 599.495287 241.663178 226.974452
809.817319 599.290699 240.953360 227.142973
809.318408 599.290699 242.192826 226.550568
810.189189 600.046097 244.316985 225.018079
809.753720 599.457198 242.539768 225.725115
810.229353 598.597009 243.058484 226.879554
813.316596 599.912417 240.331024 225.083805
812.286962 598.216549 241.817089 227.183633
813.509576 598.438348 241.013133 226.439532
815.028742 596.481435 239.361636 229.073667
815.774519 596.812783 237.671748 228.493241
813.835712 596.031408 243.256630 228.570584
815.544591 596.883250 240.144861 227.253048
814.785912 597.536673 242.836171 226.284650
814.245389 597.410948 241.803252 226.991469
814.817323 597.107549 244.558127 228.078495
815.792301 597.767603 242.264871 225.654866
816.109345 597.107549 241.649694 226.170390
817.073587 596.220420 241.672137 227.176162
817.174165 598.140961 240.247179 223.457429
816.339029 595.301269 243.462272 226.808662
817.946671 596.993674 241.834223 224.701667
816.743788 595.024180 244.359837 226.836134
818.048582 596.708542 242.742597 224.799096
817.461470 595.046185 244.151953 226.270602
817.312239 595.840215 245.706175 224.479853
819.125772 595.402868 243.273720 224.798872
819.156418 595.360902 246.717980 225.298525
820.772453 595.846383 240.812925 223.692294
819.430218 592.955670 244.635757 225.878373
819.190676 593.776998 248.219935 225.170293
823.143282 594.559963 240.057735 223.579208
824.415217 590.044143 241.386102 228.685303
826.686494 593.631989 238.126991 224.647853
823.344689 590.477481 245.942347 228.209864
826.197105 591.378929 240.630696 225.951402
824.928863 591.145499 245.298723 226.620829
825.446931 592.625540 242.242521 224.199821
825.026547 591.725383 246.312604 224.690948
827.515406 592.626181 241.534617 225.105401
826.558889 590.197999 245.661419 227.663494
828.002204 592.840567 242.311894 224.015359
826.907324 591.870919 247.695214 224.781738
828.327036 592.764884 242.866494 223.511747
827.743785 592.016265 245.851495 224.164058
828.638388 592.479579 246.634831 223.310692
828.463121 592.769103 245.678711 222.903453
830.174163 591.301188 244.199989 224.683812
830.081767 590.870531 247.177724 225.863945
831.188607 591.905711 244.240850 223.108989
830.153460 590.711479 247.082009 224.487954
829.103205 591.763555 252.099152 222.735779
831.313211 592.273713 245.504326 222.308766
830.988811 591.147804 247.622980 222.560741
834.093600 591.761959 244.676688 222.227867
834.440026 587.295495 245.413178 226.377053
836.048584 589.396743 243.613028 225.449348
834.424623 590.279663 246.956312 224.096929
835.542433 588.541712 246.869898 225.957622
835.834010 589.021988 242.745022 225.964608
837.137345 588.237767 243.111997 224.605493
836.831621 588.538935 245.660636 224.813847
837.682383 588.689711 242.862943 224.627239
838.109330 586.900654 245.879528 225.707933
838.422689 587.822884 243.502038 225.224209
837.712155 587.959413 248.175162 224.370799
838.669162 587.100525 244.759388 225.633236
838.682388 587.239524 246.719993 225.288556
838.803946 587.389596 246.612418 225.344164
839.628661 587.967106 244.171555 224.246675
840.689078 587.666113 243.937471 224.546357
840.875591 588.105712 243.388188 224.460237
840.994135 586.617618 244.748470 225.910227
840.888700 588.398427 245.516879 223.104169
840.890990 587.371824 247.233620 224.840646
838.798153 587.677738 247.373823 224.221733
841.581803 585.778861 246.348264 225.251299
841.103496 587.244414 248.437085 224.102778
840.173734 587.388076 249.126757 224.078064
841.368619 587.531481 247.185794 223.696891
841.861560 588.254910 246.662915 223.602927
842.518711 586.358927 249.286899 225.458803
844.684305 586.455741 246.999663 225.832537
843.173759 585.061624 250.389030 224.511425
842.845689 585.368702 247.600093 224.124008
842.969396 586.379115 247.448463 224.059403
845.076091 586.232393 244.835014 223.340656
844.522231 586.782129 245.971128 221.943705
844.026958 586.062976 244.730853 223.133127
843.686754 585.773705 245.682051 223.422398
843.424624 585.771269 246.331252 223.696910
842.997228 585.191199 248.654062 224.433719
844.533153 584.050032 244.028227 225.717341
842.665893 586.052695 245.857548 223.334877
841.929106 584.902339 247.201551 224.447625
842.299562 585.944828 245.867301 223.547353
841.297491 584.756721 247.715358 224.003314
842.586399 584.175504 246.075005 224.934493
841.402690 584.319812 247.752897 224.909327
841.338668 585.221645 246.208508 224.190558
838.656084 583.740142 248.488811 225.567795
842.036835 584.356842 245.284104 224.186211
841.793550 584.466847 246.343848 225.871831
843.630485 584.776513 244.290965 226.018239
844.095143 585.802875 240.844614 228.403458
845.073623 584.376333 240.381005 231.918662
844.313465 584.635362 241.410414 231.508793
843.819104 585.344815 242.065813 231.994065
844.295419 585.702458 240.828220 235.120325
844.331234 585.264978 242.495828 236.461680
844.028787 584.065462 240.959624 232.817696
844.048797 585.361274 241.396648 231.514014
843.562321 585.447337 241.628257 230.351983
843.941074 585.814116 241.800117 228.157741
842.724545 585.334853 242.664636 230.649921
842.190507 585.464116 242.306029 230.177885
842.560118 585.088439 241.809337 229.649474
842.209312 585.343569 242.922902 229.553372
842.075102 585.234080 241.687962 229.042015
841.466891 584.506421 241.906926 230.547063
841.190003 583.698286 241.212580 229.961324
841.196201 583.103985 241.449920 230.248889
840.456846 583.946061 242.817769 228.178754
840.456547 582.865662 243.164047 227.919070
838.964072 583.832176 247.098546 225.253838
839.083551 585.488859 244.657635 224.199566
838.742725 583.709034 245.997551 225.425975
837.836710 583.715847 248.225908 224.766010
838.323492 584.326154 245.979116 224.450507
837.350343 583.714208 246.458987 224.934961
837.094715 583.716855 245.525872 224.900737
837.224733 583.832176 245.748993 224.951344
836.475499 583.599453 246.498226 225.335186
836.208684 584.296300 247.818544 223.717388
835.962287 584.064778 249.944134 223.199473
836.244707 583.480352 244.096017 224.826076
834.763410 581.972844 246.867689 225.914522
834.007136 581.415733 249.429082 225.671550
833.684774 581.744272 250.025812 225.493551
835.550088 582.717668 245.426312 223.902160
835.485396 581.843963 243.921917 224.848445
832.092133 581.120846 249.915908 224.312325
833.307684 581.400826 248.543439 224.420583
833.822358 582.791620 249.645532 223.951094
833.931707 582.559003 246.532198 222.410762
832.092133 581.264208 251.049867 223.258392
833.686803 583.020922 245.405218 220.840312
832.537736 581.389329 246.743575 223.111493
831.610731 581.957610 251.629852 221.990878
831.931713 581.051386 247.345421 221.809828
830.362826 581.607110 250.713638 221.426490
830.827486 581.630884 247.052118 221.116846
830.757934 580.686570 246.226887 221.530703
828.319151 580.659564 249.041224 222.132500
829.344741 581.481725 245.766568 221.202847
828.772377 581.037825 246.278686 222.377448
828.251015 580.568761 245.873398 221.760567
827.888930 581.016096 246.949388 221.902672
825.478512 579.753280 249.096877 223.603118
826.202122 580.437395 248.123312 222.499902
826.600616 580.332558 247.697827 221.788589
825.236695 579.868528 247.845383 221.959207
824.736275 578.936631 248.132049 223.478823
824.333518 579.053032 251.592076 222.716125
823.141661 579.047673 248.578481 221.013621
822.359359 578.925351 249.175105 222.571142
823.964054 579.167770 249.790992 221.688453
820.645568 577.654910 249.144696 221.887995
820.587694 579.010299 248.511951 222.424806
821.594381 578.471027 246.009864 222.855995
820.869372 578.818662 246.048850 221.068297
820.520465 578.826145 247.184447 220.654874
818.254835 577.315267 247.121317 221.111755
819.124596 577.882375 245.984449 221.647860
816.128505 577.779272 248.882717 222.107687
816.342703 577.062184 246.604729 222.561188
816.867126 577.536327 247.201870 221.550985
814.857975 577.420798 248.717409 220.350628
814.362796 576.837084 250.713638 221.043545
812.542154 577.277377 253.364255 219.037205
812.293953 576.236683 252.372173 220.776086
811.914950 576.344526 252.384047 221.231224
811.917732 576.960468 253.545656 221.247573
811.508141 575.914879 253.661784 222.998359
811.119733 576.148876 252.089202 221.672737
810.663414 575.795993 252.776507 221.250187
808.981299 574.957926 250.761452 220.665420
808.828964 575.424442 253.125233 220.380242
806.745246 577.021870 251.516151 217.147460
806.605046 575.666545 252.658633 218.646809
805.286439 576.573760 253.789246 218.213483
805.035052 576.573760 251.658973 218.502988
803.956123 574.969821 249.222826 220.764205
803.348738 574.612455 249.651114 219.913827
802.477006 575.070461 250.392073 219.309422
801.463597 575.184788 252.077822 218.321485
800.829010 574.944032 252.684063 218.521636
799.665840 575.613281 249.142082 216.940541
798.021463 575.436433 249.424444 218.179562
798.262587 574.737985 248.741935 219.099518
797.125557 574.623091 249.013077 219.069776
797.257139 574.393078 248.213471 220.025140
795.746903 573.469908 251.568210 219.934447
795.829748 572.629434 249.933928 220.028739
794.843494 572.398805 249.490606 220.843795
794.600842 571.008566 250.743067 220.348369
793.434693 572.036787 250.296043 220.105398
792.716959 573.194397 254.365581 218.117847
792.015842 571.798189 252.810373 222.535802
791.508141 571.583856 252.141940 223.588288
792.406431 570.884216 249.170889 225.037650
789.758205 568.636047 250.104655 228.237488
788.740137 569.603045 250.655046 227.481238
787.250936 566.879859 253.392349 232.856352
786.337145 568.660768 249.396783 231.709771
786.825022 570.791754 249.435323 225.412288
784.830116 570.028438 250.744015 226.832564
783.854210 569.592022 249.862367 225.815731
782.536857 570.898518 251.172528 223.525022
783.981868 569.881300 250.493778 224.841171
782.367015 570.322442 252.992150 222.308704
782.026553 569.299795 253.843110 223.236676
780.612125 567.987139 256.056695 224.388438
778.430348 566.238335 259.159809 229.155565
777.558793 564.888375 257.649885 230.093487
777.063632 565.487257 258.721778 227.446526
776.201681 564.395051 258.405464 227.608714
775.551272 562.769962 260.795898 228.188596
775.908558 560.795991 257.688192 226.877404
774.051323 560.406752 262.574645 225.703172
774.114908 559.010001 257.402768 226.566213
773.951172 558.614479 258.988969 227.388207
772.499194 558.074125 263.033854 230.096051
774.675449 556.386340 260.726782 235.466988
768.808637 554.647333 266.402625 239.129112
769.356474 554.602262 266.425347 239.942486
773.053454 554.602262 260.806554 237.430576
773.693980 553.639201 262.538879 236.628665
771.624507 552.824854 261.604471 236.109783
771.472065 552.313793 264.833531 235.796015
769.998309 550.928133 262.487154 237.418862
771.173218 552.466585 263.726520 233.770765
770.514227 549.767546 261.510085 235.339669
773.331852 549.778547 258.510415 232.142810
768.720205 549.065656 261.638799 231.675353
773.039124 547.023040 253.799732 233.499575
771.559958 546.947324 258.246286 233.653345
772.427734 546.413956 257.366229 234.725114
773.769723 542.834764 261.391728 238.675184
772.946371 542.816208 262.416293 237.479819
773.122466 541.450762 258.298676 239.771726
772.867485 541.409232 255.658217 236.229593
772.084696 541.640411 256.404348 236.351812
768.504323 540.247250 261.552187 237.993526
767.929292 539.678961 260.349742 239.654399
767.122458 540.447245 259.472937 239.266235
768.959024 540.389349 260.773162 237.711846
772.485491 539.180787 253.314879 237.717834
769.965288 539.847868 258.435492 235.964094
773.332422 539.281758 251.065364 235.032289
770.626177 538.631542 257.150677 234.921335
772.450446 537.765623 256.736650 234.819034
771.159561 538.398601 254.606034 234.220217
772.224370 537.326306 255.303216 231.577927
768.688084 535.718261 258.773980 233.860457
771.498589 534.681251 255.926638 232.669303
771.009895 533.640449 256.087746 235.074551
772.586623 533.147423 256.099891 234.203131
772.434946 531.702489 259.062989 233.281587
772.937216 530.526847 254.723764 233.554015
773.297906 530.247671 256.096302 231.512809
774.097946 529.195085 256.577520 231.490934
772.192164 527.234250 259.071813 234.345612
775.579687 526.631564 255.060310 233.407009
773.431158 524.902881 258.986601 231.798649
773.770362 523.570812 257.999311 232.589336
775.317808 523.426105 258.023259 231.529764
774.340182 522.364329 255.838130 232.591540
776.525002 523.468054 254.370801 227.799402
773.401445 521.602128 258.571175 227.937001
775.337164 521.278076 256.161277 224.807357
774.367416 519.738951 256.308250 225.020578
772.321312 517.424761 261.903794 224.582355
773.961096 517.551065 259.233079 221.005002
773.416746 515.668531 260.096752 223.351917
775.216519 515.825022 257.411942 220.804269
775.882632 513.144514 258.766621 222.483168
776.886818 513.273570 256.948761 220.624463
776.806053 512.421705 256.368153 219.439815
777.342448 510.410206 258.920529 220.752916
777.575517 509.668427 256.332124 219.510469
776.673106 509.218573 258.534690 218.167786
777.037908 508.846316 256.868149 217.555035
776.694787 507.568939 259.915125 216.723665
780.375334 507.114788 251.164905 215.237422
782.029965 505.259758 252.632827 216.894565
780.189435 503.712260 256.951009 216.906246
781.519926 503.255248 253.553362 216.663576
779.396419 501.675554 258.591729 216.085669
781.781702 501.173969 253.439282 215.498347
780.880331 499.578854 257.606271 215.659610
784.437329 498.824309 248.194074 215.550412
784.320981 497.537059 250.100037 215.928333
783.401011 497.330705 254.971321 214.068444
785.236716 495.289439 252.539787 214.964151
783.604878 494.023331 252.936615 215.216353
784.620492 493.897509 255.829659 214.232498
785.064701 492.594288 252.102255 214.822642
785.271306 491.141351 255.788785 215.285460
786.049474 491.581289 251.880881 213.260639
786.666409 489.876417 254.939934 214.433157
787.209469 488.364442 250.327432 214.501744
787.677626 487.904575 254.464681 213.542622
785.713229 487.034389 254.024159 212.688401
785.888774 485.458896 257.565573 214.117806
787.732617 484.819789 253.705553 213.914820
791.265062 483.023323 247.739469 214.940783
787.611244 482.220516 254.812795 214.282468
789.416335 481.383200 250.591722 214.695405
789.153902 479.753295 253.713543 215.433502
789.612221 478.817560 251.784426 215.943668
789.006277 477.669265 256.203436 214.666105
793.350342 476.708537 247.781567 214.658475
792.473291 476.073746 253.996714 212.622326
793.145089 476.101726 249.594477 211.635972
790.025659 474.774033 256.648748 211.322027
795.631151 473.808138 246.176559 212.083535
793.192169 472.553875 253.173350 212.049754
796.052721 470.219870 247.786720 213.541513
794.741500 468.965534 252.372120 213.871198
796.529138 468.855782 247.878959 212.744806
796.002490 467.199381 251.302435 212.860041
796.695232 466.362869 248.544349 212.445453
795.511436 465.603193 255.274054 210.983325
796.387290 464.875897 250.223529 210.770913
797.002476 463.942051 253.025822 211.050317
797.311388 463.381065 249.762137 209.936436
798.280168 462.685628 252.177238 210.282355
799.482250 460.755752 247.400688 210.860536
799.439236 459.622710 252.619592 211.231309
800.576815 458.882629 248.532935 209.957477
799.930908 457.231839 252.901138 210.964762
800.815753 456.943995 249.092096 209.507978
801.796854 456.243571 248.811991 209.144904
800.440061 454.970657 253.925468 208.671466
802.097845 455.899422 246.762276 206.985451
802.521570 454.113207 246.520837 208.427990
803.481837 453.215980 245.832403 207.884144
804.749694 452.506383 244.960435 207.689215
804.795521 451.404671 245.837770 208.370328
804.644738 450.447114 248.074180 207.826895
803.987794 448.873181 251.304989 207.524466
805.044069 449.188266 248.519651 205.746491
805.161312 447.165200 251.603753 206.924698
806.305571 446.804917 247.133084 206.650744
806.045853 444.840411 250.735989 207.289400
805.008487 446.946192 246.859602 202.778861
806.239180 445.084427 250.176832 204.804126
806.015126 442.772260 253.202535 206.139599
807.419780 442.243856 246.832561 205.773811
808.181619 441.288235 248.979441 205.352923
805.749961 440.577120 251.959395 204.742009
807.351405 439.920525 251.237928 204.693925
805.831667 438.736173 251.544219 205.962982
808.576036 437.366058 251.029057 207.131285
808.691088 435.974324 245.518995 207.534185
808.053019 436.663013 248.390377 205.785042
808.533266 434.780400 252.269030 206.961893
809.544770 434.967218 246.870999 205.571205
806.668303 433.410382 253.126101 206.113762
810.162651 434.507665 247.067819 204.294753
806.560946 432.663668 251.074427 204.807966
810.950027 433.567030 244.334450 204.012701
808.458639 433.819113 245.788322 202.627296
810.388046 431.218392 245.179160 205.048906
810.110774 431.452157 244.494266 204.581067
810.264144 430.807940 243.599580 204.599686
807.794501 430.622037 244.845641 203.932278
807.788140 430.194428 245.659893 203.693341
810.331079 429.630160 243.343997 203.468692
808.013423 428.583577 244.935701 203.315276
809.751991 428.036414 244.480749 204.012538
808.463166 427.675307 244.298157 203.491666
809.023426 426.491005 244.543411 204.954445
806.181275 426.580619 246.457605 203.919917
808.029742 426.365672 244.714610 202.990207
806.071136 426.168243 246.611664 201.485199
809.598408 424.688474 242.802639 203.756973
806.172966 424.064532 246.626347 203.007830
807.009756 424.770021 245.097802 202.081761
806.043186 424.571070 245.758331 201.435205
806.367805 422.984982 244.433700 203.343991
806.259695 422.022996 245.550881 203.855349
805.354909 419.967372 247.244826 205.750011
804.865816 419.551927 248.062459 205.675437
805.427203 418.652060 247.774642 205.164273
806.229450 418.015270 246.594148 205.774724
808.893846 417.508346 243.604899 205.264514
806.156198 416.469043 247.560276 202.978897
806.580393 415.752320 246.554663 203.973783
807.903126 414.951768 245.231930 205.209296
807.879862 415.232947 245.495862 203.771981
810.210131 414.630159 242.637844 204.126278
810.779227 414.008468 243.347786 203.677079
810.929694 413.156181 243.702492 204.992357
811.509746 412.437963 243.866868 205.092369
811.386389 412.966331 244.132486 203.564001
811.047503 412.105835 246.352281 204.858398
811.720265 412.007456 246.836989 204.720742
811.591900 411.612380 249.460916 205.396003
812.384620 409.215981 253.398324 208.551938
812.357061 409.624802 250.213350 208.322603
812.941409 406.893185 251.220924 212.530577
814.445889 405.296658 249.975117 215.252964
814.426540 408.114776 248.913016 212.898410
814.242535 406.462574 251.871098 217.364690
813.971366 406.823783 248.946849 215.845624
811.797048 405.799798 252.783942 217.592703
810.316889 405.869938 254.870920 219.465979
812.645922 406.799722 252.467899 215.612793
813.191016 407.313857 252.329743 216.049044
813.684885 407.190481 251.821097 215.342276
814.793934 406.139125 249.938768 216.189970
814.725967 407.213946 250.999415 215.112598
815.725950 408.738263 248.486491 213.474135
816.429567 407.312670 249.205483 215.883310
816.658426 409.276967 248.039858 214.160390
815.794125 408.595338 248.848452 215.714379
816.624994 410.441352 248.565275 214.524096
816.027609 409.925899 248.883380 213.577085
816.629551 410.518879 247.763755 214.635294
816.961900 409.978685 246.437476 214.586408
817.724521 410.669431 245.656535 214.748086
817.661196 409.880860 249.196518 215.579207
818.790371 412.511362 246.399961 211.675430
818.700868 410.967194 247.731966 214.184623
819.623501 413.122355 244.540731 211.664056
817.275080 412.239014 248.255985 212.168271
819.482736 413.756164 244.632099 210.123760
817.149564 412.845150 247.964155 210.324476
817.404192 413.123860 247.170698 211.193823
818.066957 413.465071 246.383930 211.912247
818.370362 414.465072 244.597939 210.564301
818.340319 415.152325 246.151097 208.964400
818.681570 416.633408 244.101914 207.483318
817.639683 415.641263 246.153109 208.281770
817.654309 418.042197 244.130177 207.237525
817.432115 417.120610 244.234570 208.959872
817.056252 416.658236 245.397692 209.885492
816.681568 418.097921 244.713920 209.468085
817.483064 418.775994 241.915285 209.209275
814.982030 418.919498 247.407974 208.959841
814.360592 420.862775 243.327313 208.172488
813.698032 418.185877 245.828674 209.421680
810.514782 418.268437 246.193140 209.329862
812.461002 418.046060 243.014261 210.511325
811.648553 420.924844 243.456341 208.413230
811.675075 422.175190 243.180019 207.729859
809.117077 419.869343 247.440914 209.313040
805.970511 420.313171 246.988625 210.646164
806.307367 421.254831 246.986345 211.042769
805.687677 419.396959 246.117603 213.795087
804.894266 421.294911 243.999071 212.643172
800.976563 423.372457 249.412177 211.668313
800.000892 424.178476 248.439513 212.152065
800.508491 426.461698 247.625884 209.974941
800.446679 428.465078 246.714168 209.950500
798.852612 428.200812 248.868605 212.457052
792.527831 429.066433 253.418566 213.104926
791.623846 431.673804 256.212678 212.288879
792.333790 431.307894 252.772396 213.992654
792.892344 432.214566 251.015417 213.326549
790.790412 433.105213 252.450498 213.395114
790.530542 434.103138 253.993939 214.618126
786.986958 433.282677 253.792882 216.710223
788.209951 438.127058 250.088462 213.045082
785.684089 443.486231 253.635150 209.151753
785.319100 443.567173 253.509519 210.913964
784.407539 447.330516 252.972397 209.310259
782.558006 447.232379 256.866576 211.805550
781.796064 449.790527 254.815285 210.930078
781.133127 450.450564 255.908245 211.720527
780.199875 453.895280 253.137864 211.007400
776.961188 457.934154 256.106521 208.249625
775.671754 459.404254 257.430265 207.591667
777.406039 461.721171 255.863807 206.495624
775.661619 461.234701 257.089580 209.143501
774.829841 464.380648 254.779892 207.432192
772.790005 465.400305 256.618355 208.364095
771.618479 466.618912 256.975910 208.005987
769.201408 467.839995 256.855194 208.744949
767.437676 469.561076 257.743572 209.470468
767.699470 470.416479 256.823312 210.434395
769.622324 472.176889 252.227627 211.260478
767.645127 471.149742 253.903839 215.695912
768.442176 471.190300 251.702112 217.946784
766.416318 473.028647 253.106663 219.327226
766.147011 473.650162 251.405266 222.659655
762.868053 477.064129 254.212132 220.156983
762.267668 479.450913 254.335436 215.491187
764.096261 481.665891 251.586213 214.988582
763.639311 481.286255 249.768774 215.958726
762.527356 483.215888 251.419200 216.955989
763.875422 484.353459 247.729390 216.880884
763.562199 486.088043 248.144369 218.137333
763.787536 487.172147 246.823305 216.355960
760.317174 487.925898 250.720796 218.956693
760.458582 489.294027 250.685726 219.742637
760.360304 490.112536 249.916426 221.246992
759.049280 490.639337 250.482478 223.047401
760.693409 492.323944 247.395372 226.239243
758.171727 493.486517 250.416560 225.511181
757.750101 493.888690 253.778929 224.781279
758.590350 494.839308 253.693583 222.722287
759.918556 495.853809 254.512632 222.079199
761.791034 496.185182 254.016982 223.318881
765.030275 497.542162 253.436345 221.749477
766.182111 498.591888 253.849651 220.864018
771.927113 499.485668 250.243142 219.173679
772.632425 500.059651 254.104929 218.845511
778.325884 500.573470 251.487916 218.498975
780.958400 499.297164 253.554954 220.573251
789.012694 501.832057 249.924132 216.629398
793.866900 502.286251 250.545270 214.835258
800.585273 502.926421 249.076486 213.769251
805.652805 503.208842 250.580937 213.968931
812.597187 503.540901 249.669233 213.679403
818.752964 504.158786 248.883728 213.215633
824.645794 504.388206 249.238299 212.201064
830.878868 504.617636 249.248913 212.018520
836.781746 505.178475 249.704136 211.734768
843.386071 505.788377 248.745522 211.462766
848.918157 504.947636 248.577920 212.735052
855.601708 504.716238 248.348583 212.919919
862.108585 505.452202 248.199993 211.660594
868.630471 505.510335 248.283925 212.310879
875.134581 505.557506 248.355504 212.879134
881.868086 505.552343 248.795350 212.976187
887.999504 505.552343 249.128252 213.393936
895.575466 505.321948 248.372186 212.193264
902.134555 506.016117 248.178956 211.281845
908.990126 505.225135 248.814584 212.016341
916.108595 505.568717 247.669773 211.729246
922.990172 504.502608 248.457615 213.087723
930.082012 504.665074 248.223548 213.002434
936.988361 504.036881 249.388004 214.573012
943.224469 504.022089 251.731096 213.887358
950.948692 504.311954 252.301617 212.886950
958.969840 504.716749 251.549548 211.868193
966.488714 503.706749 250.743121 212.422414
972.267280 503.946786 251.143185 210.908183
979.371844 502.031278 248.688814 212.596393
986.708543 500.809806 247.600045 211.104515
993.736986 500.019293 249.500529 208.303981
1001.632762 498.585744 248.242155 207.251057
1009.293691 497.712228 247.897540 205.942275
1015.495083 494.890193 247.062378 207.192269
1020.876383 494.002173 246.741085 207.539025
1020.957619 490.765593 251.766914 209.359432
1024.708626 489.502037 249.055776 208.544239
1030.097551 487.239264 244.915559 208.597534
1028.896944 485.000433 249.659709 208.135756
1033.884864 483.250204 245.450337 208.512829
1035.604653 480.995108 248.160405 206.783933
1036.990443 477.985515 251.094150 206.240627
1039.822793 475.809094 247.370506 205.335483
1041.895409 472.676602 247.904906 203.844886
1044.797606 468.798522 248.110248 204.262693
1046.672860 465.070114 250.379230 204.853915
1048.867399 460.873187 248.127021 206.096779
1050.870546 456.589812 249.190573 206.388743
1052.621100 453.929671 249.736220 205.393897
1054.127439 449.760773 250.917629 208.677076
1056.528440 445.751450 248.004918 211.460332
1057.410325 442.799429 252.452898 213.010691
1061.170393 439.454830 247.675673 213.294730
1062.869384 436.141125 250.693310 209.501445
1065.390332 432.816317 248.114536 208.504524
1067.806871 429.231005 249.158245 206.800599
1070.090969 425.413723 250.753833 206.136532
1072.205299 421.968313 250.022499 206.566921
1073.221208 417.796428 253.136649 207.386945
1073.332468 412.562871 252.532843 208.599322
1077.729933 408.696166 252.224928 206.160859
1080.796874 407.249018 250.003573 204.215959
1080.281096 404.973717 252.685291 205.842615
1083.301071 403.249021 252.224054 204.727986
1085.337361 401.202291 252.094641 206.023315
1085.941830 400.196512 253.769835 204.945170
1088.180738 398.026117 252.306379 206.376470
1090.176879 396.582763 251.138186 207.005467
1091.687672 397.523192 250.817145 204.924775
1093.120538 396.265232 252.605191 205.257936
1096.183576 394.699319 250.149887 204.832621
1097.260557 394.042628 252.998274 205.179558
1100.059696 392.529207 250.102601 205.393674
1101.615707 392.255816 251.935980 204.793924
1103.848885 390.261293 250.228828 207.676709
1104.452717 389.921114 253.662822 206.708947
1107.645698 387.959138 250.043703 207.012862
1109.946047 385.753693 252.228742 209.467639
1112.985750 385.845518 250.127874 208.831319
1112.391131 384.740498 252.941160 206.102977
1113.934401 382.634924 255.742565 207.565076
1116.187757 382.733750 254.788843 205.113417
1117.650394 381.298095 255.126591 205.282607
1119.521891 381.124494 255.151550 202.645890
1120.816786 380.947970 255.778224 202.193714
1121.323571 379.355290 256.529443 202.789289
1121.701451 379.163230 256.539769 198.769195
1124.877072 377.937273 253.848687 199.269274
1122.435482 376.406573 254.122833 199.999483
1119.623905 375.292205 256.210685 200.843106
1119.394877 374.428804 254.643509 199.383330
1117.675508 373.702027 255.033696 199.134445
1115.447694 371.390112 256.136226 199.777357
1114.108604 371.292739 254.776458 198.764686
1109.064581 368.350368 256.129408 200.663975
1106.054897 366.726498 255.220473 200.691582
1102.342896 364.584676 254.429358 200.977177
1097.021576 363.458186 255.357307 200.483563
1092.735953 362.675810 254.293347 199.759806
1087.957836 361.509112 254.762252 200.370155
1082.841500 359.956989 254.676667 200.706047
1076.653388 357.899880 254.274523 203.054748
1069.350548 356.857572 254.986103 202.420861
1065.220164 355.025519 252.972050 203.506424
1058.434489 355.453617 252.088822 198.202157
1053.730967 353.967644 251.101831 197.407837
1044.444490 351.445698 254.711547 198.368733
1037.251286 350.916585 255.365041 197.415775
1029.983462 350.457356 256.121195 197.120320
1024.433851 349.404363 255.792960 196.818819
1017.533793 346.682923 256.303382 198.617177
1012.118452 346.536417 256.137208 196.633563
1006.263770 345.528590 256.431629 197.118777
1001.704085 344.738779 255.135265 196.203174
997.648662 343.588377 254.263055 195.990424
994.008493 343.456052 252.265516 196.178244
993.327163 341.534470 252.567979 198.707301
993.250523 341.341804 251.484282 197.660140
993.946309 340.576475 249.259249 198.089834
994.357919 340.383255 250.297509 199.165799
993.809777 340.683925 252.752989 198.992406
993.985884 338.075172 255.175827 199.207147
997.037184 338.495453 253.112978 199.073314
997.596463 338.686388 253.987601 197.991253
998.846134 338.198327 254.958438 197.381260
999.343235 336.519270 256.111290 200.079775
998.838345 336.276843 257.703114 198.995325
1001.474169 335.804528 256.762779 199.466701
1003.864830 336.290859 255.729631 199.145547
1003.634407 334.978151 258.032567 198.236393
1004.346019 334.944465 258.072262 197.996548
1007.739653 333.485457 255.854826 198.484406
1009.290766 332.577842 255.733741 199.349521
1010.761732 332.410364 256.371938 198.364066
1012.400867 332.036027 256.441996 198.264347
1011.999706 326.817529 258.491688 203.381376
1013.597713 328.639142 259.242703 200.733178
1016.653631 327.218520 257.972523 201.233526
1018.282067 324.861915 258.344989 202.709642
1022.502364 327.263911 255.629230 199.666845
1024.514762 324.881455 255.093162 200.792459
1025.499917 325.902078 255.749745 201.232626
1027.840241 325.898337 254.808931 199.676089
1030.400285 325.445976 253.740740 199.514742
1031.067680 327.380718 253.589201 197.883574
1031.485463 326.748230 253.766258 198.370565
1030.081999 326.470637 255.982970 198.952115
1030.267133 326.333307 256.176343 197.737758
1031.411661 328.137456 254.525637 195.525032
1031.152822 327.703827 256.604996 194.927826
1029.590364 329.081987 255.483145 195.868894
1026.824600 328.718339 260.571971 195.341498
1028.225250 327.720275 255.771333 195.316269
1028.007707 328.235609 256.519354 194.714792
1028.365783 328.659351 253.877498 194.167789
1024.168217 330.030361 256.370164 192.132844
1023.832821 328.717401 258.932652 192.480278
1024.480101 329.292784 255.616042 191.950190
1019.485391 328.811767 257.650530 190.957615
1019.326974 328.177898 259.261723 190.885475
1018.298881 328.690419 255.660739 190.529594
1016.639200 326.309847 257.577403 192.503334
1014.831230 327.370847 256.763407 190.541076
1012.994200 327.498174 257.755241 190.184745
1014.482910 326.410830 255.709473 191.146389
1014.140373 324.820334 254.730044 192.872294
1009.567060 324.080578 256.198326 193.490703
1007.830204 323.533296 257.752525 192.852967
1007.247236 323.784435 255.114502 192.291003
1006.450730 323.409452 255.800516 192.203355
1004.764108 324.398224 254.155384 190.830902
1002.926522 323.424671 255.861378 191.430519
1002.102897 321.755220 256.273955 192.650887
1000.119451 322.546692 254.686344 192.712184
997.525004 322.297498 257.349780 192.441713
997.408672 321.249798 255.108602 194.580232
996.029128 320.346558 256.002835 196.114746
993.251664 319.596066 256.887446 196.299008
994.565600 318.693887 255.127820 198.168678
993.163185 319.340041 255.126368 196.529805
992.850254 319.722931 254.373100 196.297133
991.122919 319.675209 256.019170 195.627608
990.344374 319.248714 255.220688 195.068636
989.397486 317.980412 256.661216 197.132747
988.393134 318.278313 255.195499 195.077926
988.888482 318.783667 253.738589 194.863876
988.072448 318.415572 252.974616 195.634527
986.463279 318.097731 252.944531 195.952369
985.323987 317.566538 253.741552 195.984083
984.291506 317.613637 253.543265 196.406164
982.787538 317.827082 253.707539 195.820461
982.184588 317.399948 253.521331 196.123896
981.165583 317.460092 252.653109 196.464802
980.059056 317.140233 253.135920 196.534921
978.661350 316.176656 252.820785 197.373965
978.529436 316.712707 251.422857 196.465474
978.356598 314.801373 251.088409 198.813882
976.794134 315.058350 253.381352 199.152039
974.575256 316.710163 255.117028 197.780650
973.186613 316.369632 255.145121 198.291319
971.798208 316.477068 255.172922 198.945124
970.260037 316.841264 254.290060 198.792113
967.781105 317.056167 254.157680 199.214911
963.601038 318.126329 255.305133 199.566239
961.490463 319.330287 253.521485 199.236712
956.890472 318.843497 254.410140 198.612472
951.345165 320.517626 256.121689 198.884822
944.107510 322.950707 258.025104 197.934491
941.151281 324.484648 255.465460 198.444069
935.922747 326.610677 254.344933 196.933278
930.380530 327.704198 253.395951 198.010621
921.913997 329.773727 254.832272 197.572078
916.862432 330.435588 254.155901 199.032907
907.595926 332.044127 256.655008 199.010740
904.280363 333.870422 253.031897 199.203978
897.085710 335.256987 254.443767 199.980915
889.974356 337.415205 253.668902 199.849627
883.013330 338.578331 253.959437 200.630364
875.979041 340.690996 253.936066 200.204208
869.143443 344.273862 253.829299 199.317907
862.530734 345.300424 254.293080 200.434569
855.326347 348.761422 254.107775 199.803042
848.365744 351.487505 254.400309 200.541311
842.113064 352.514881 253.756083 203.002455
835.434493 357.085373 253.043786 201.414769
828.239490 359.799867 254.158885 202.569053
823.249862 362.901929 252.677752 202.517270
817.150315 364.907626 252.235843 203.398388
811.795611 368.797284 252.842788 202.801014
807.694145 371.690678 252.599600 204.142729
804.432657 374.079664 252.790196 205.985848
802.653348 375.555494 253.280406 207.281303
801.112845 377.878391 256.623792 207.975849
801.534733 382.833775 253.352283 206.246784
801.653602 384.880044 254.284016 205.543592
799.991154 385.285705 259.392282 206.751432
802.260239 387.271140 252.013794 203.890558
802.363712 388.110125 252.757978 205.080569
801.186495 386.861273 255.539615 206.647235
800.069257 387.289753 259.168269 206.848658
800.984774 388.392421 253.793255 206.372085
801.645590 388.295007 254.974043 205.995500
800.221718 387.849396 259.268344 208.278783
800.041968 390.115664 258.722502 206.619600
801.132547 389.285998 253.545101 208.389769
800.470904 390.179076 258.479400 207.362856
800.597336 390.897633 257.789918 206.851927
801.408304 392.549806 252.665028 205.245169
800.180016 392.684374 257.454404 206.691382
800.535725 391.952382 253.546783 207.829678
799.219646 391.681440 260.514852 208.653044
798.087240 393.345238 263.234106 207.207327
798.067944 393.796210 262.644133 207.391759
797.937691 394.738919 261.715316 206.838429
798.634944 396.228667 260.278408 206.188822
799.577000 395.397124 254.330784 208.773056
799.319107 396.398717 256.266196 208.456254
800.406046 397.231877 253.116291 207.295056
799.366736 396.127788 254.986213 209.522830
798.770466 397.676001 257.383195 207.387898
798.492685 397.676001 255.881057 208.882670
798.004768 398.231880 259.902763 207.563095
798.814685 399.010576 254.528819 206.915383
798.216933 399.402471 256.276884 207.049117
797.407778 399.455033 258.877381 207.789140
798.475101 398.450199 254.783340 208.253704
797.429500 400.281069 258.913438 206.892169
797.854138 400.120101 258.054057 207.094894
796.335793 400.286725 262.285396 207.523937
798.655682 402.452514 255.196548 206.052474
797.582052 401.071798 256.581305 207.175872
797.663805 402.229795 258.261405 207.014377
796.722175 402.175868 261.007655 206.295441
797.164580 402.731330 256.559087 206.315891
797.938338 403.781454 256.124936 206.238031
798.321952 403.456583 256.450004 206.093928
799.213541 404.501605 255.919346 205.368885
798.198472 403.738580 257.829833 207.443906
796.948646 404.618916 261.781180 205.985320
798.299855 404.677592 256.399313 206.713296
797.919299 405.781457 258.717399 205.969000
796.975630 406.450280 263.442581 205.942983
799.415746 406.180489 254.323816 207.578577
798.959829 408.111872 255.999401 204.747116
798.221715 407.402470 257.514919 206.645841
798.025474 409.049362 258.891990 204.732698
797.638106 408.119330 260.704820 205.785446
797.027980 408.782995 263.160450 205.920910
798.642578 408.513902 259.208993 206.175041
797.042411 409.940702 264.116883 205.465852
800.420925 409.904210 255.477720 206.394599
798.558396 411.877380 257.588826 204.783119
800.213551 410.068546 256.267480 206.607264
799.535827 412.486228 258.049495 204.340215
799.430675 411.400307 258.050366 206.872382
800.897641 410.897956 256.546167 206.170509
799.791119 412.439682 257.114318 204.375947
799.198458 412.283499 261.356835 204.171388
800.725771 412.940699 259.759426 204.530607
800.229087 412.619039 259.984921 206.029686
801.856788 414.051938 258.038609 204.507555
800.892631 413.230780 259.053421 205.717758
801.770463 413.008312 260.387753 205.455273
802.082784 414.441393 260.932928 205.308166
801.668187 412.502231 260.227209 207.000904
802.709271 414.445654 258.113836 204.811974
802.534855 411.784869 261.233296 208.430112
804.292581 414.562488 259.249773 205.404242
803.975624 414.229438 259.352626 206.431421
805.366768 414.286998 258.064628 206.538728
805.515059 414.176278 258.514236 205.809112
806.153176 414.891015 258.940782 204.704720
805.224539 416.095619 259.825565 204.878943
806.003211 413.442905 260.441032 206.064269
807.090704 415.817878 257.919766 204.677344
807.813000 415.561374 259.598611 204.461482
807.872515 417.249527 258.294281 203.933813
807.919162 414.062423 260.670602 205.789670
808.705569 416.646435 258.304912 203.125316
809.580667 416.986427 259.547125 203.342585
808.607221 416.500853 262.624643 204.793010
810.943164 416.453550 258.518279 204.222322
810.406577 416.009939 260.472283 205.012916
811.107806 417.159908 262.051505 202.602755
811.588889 416.610652 259.739354 204.639451
813.408331 417.440177 261.185781 202.973996
812.707202 417.705134 260.867222 203.943590
813.233012 416.343029 262.283824 203.522713
813.566872 417.534776 261.981805 204.214785
814.056155 418.380645 263.388114 202.860640
815.056170 418.161601 260.540379 204.931249
814.948640 416.397489 262.136899 205.756218
816.041983 417.225747 261.536036 205.165140
816.027989 417.562282 262.624738 205.874210
817.015210 418.175737 260.259613 204.501751
817.233008 420.293073 261.567638 202.435067
818.383686 417.064076 260.069733 204.321959
819.385768 420.763574 260.062158 201.221815
818.398723 418.733440 262.620641 203.676410
820.600568 422.093069 260.946308 198.594789
820.196096 420.598750 262.608633 202.152891
821.850757 421.423892 260.701625 200.569690
823.454263 421.356119 260.209157 201.053730
824.070464 421.789010 260.592974 200.491193
825.070449 420.223007 260.770782 201.803626
825.147295 421.181540 262.335813 200.926233
825.219266 419.830003 262.656184 201.981427
825.842036 420.532826 262.853006 201.881346
825.424226 419.220758 263.913122 202.933166
827.061994 419.772279 263.567133 201.908863
829.082795 418.830952 262.359618 203.978827
829.538707 417.730106 261.233834 204.250092
829.437690 418.989035 264.267417 203.827321
830.496941 417.343838 260.777897 204.294849
831.490042 419.033700 261.489273 203.837085
831.172132 418.561078 263.987159 204.726875
829.524243 418.318211 266.314329 204.343053
832.986585 419.064617 264.240154 203.785737
832.052231 418.784941 264.347945 203.500400
834.428692 420.042580 261.863539 202.372702
834.583616 417.509873 261.864303 205.035255
836.195722 418.552998 260.919715 202.645593
835.865448 418.986479 262.010003 202.079625
836.482673 418.110604 262.034518 202.566981
836.971129 418.486870 262.723909 201.412202
838.357946 418.049362 262.337091 201.336674
837.571045 418.640184 264.736526 200.779483
838.790536 418.098362 263.472585 200.854140
840.100162 418.575213 262.953690 201.621353
840.712869 419.358151 263.340982 200.283991
841.219260 419.248314 263.370060 200.691810
841.966036 420.440387 263.624754 199.845661
842.736395 420.356897 262.852950 200.326032
844.123321 420.248316 262.645165 200.178237
844.865455 419.639312 262.903026 200.821270
842.868746 418.986479 265.984001 200.792063
844.347313 418.318903 264.839702 200.925717
845.094618 418.919540 264.807187 199.676479
845.841078 417.923144 265.965332 199.953274
847.984282 418.078641 263.395321 201.032889
847.936034 417.377612 265.200651 202.427485
848.347262 418.256995 265.381996 201.161089
848.988630 417.881840 266.732539 202.057615
850.597171 417.668591 265.968715 202.185151
854.047963 417.057043 262.966306 203.227455
855.829839 417.161601 264.064536 201.911723
856.141278 416.111863 265.563831 203.129499
858.375956 416.338760 264.462075 203.293239
858.575346 415.342924 265.977299 203.167095
859.305040 415.997658 266.175665 201.985284
861.626619 415.335763 264.206804 202.174257
863.701102 416.144966 262.743183 201.057250
865.383679 415.330022 262.567168 201.448519
866.357966 415.422565 263.055797 202.426391
868.340235 414.721173 261.922888 202.136559
869.744023 415.249528 262.309847 200.392617
870.119312 415.030526 263.544975 200.308218
872.768517 414.748883 261.284220 200.413689
873.942366 413.877378 262.155588 201.366222
875.126657 414.030931 260.857424 199.885330
875.556043 412.660202 263.614757 202.140331
878.366778 414.295610 261.075648 199.784884
878.427357 414.180993 263.562879 198.699050
880.147283 412.377106 262.335813 200.706257
880.865481 412.139670 262.723878 201.317501
883.513888 411.877275 262.622814 201.929585
883.683627 411.987466 263.833205 202.166458
885.443402 411.989035 263.723782 199.570233
886.219261 411.030930 263.908324 199.631543
889.280619 410.204697 262.393548 199.559054
889.760688 408.986427 263.800621 198.726823
891.661624 406.501605 263.080378 201.709354
892.975605 406.641632 263.804950 200.096393
893.966018 405.658584 263.265820 201.119959
895.744012 404.939821 262.669738 201.959253
896.717856 401.563335 264.608465 205.590592
897.707584 401.627960 267.802455 203.789743
900.309934 402.069356 264.652276 202.562839
902.035325 400.509811 266.433134 203.650133
902.892579 401.832796 265.786566 201.973102
903.313974 399.343837 267.147198 204.037642
906.348577 397.068631 265.434616 206.343462
907.931235 399.778670 264.131049 202.503421
907.466987 397.342936 266.888990 203.952329
911.374249 396.794675 264.216829 204.532981
912.375992 395.345390 264.462075 205.026359
913.606989 394.347574 264.511026 206.420853
915.468466 394.075189 263.852223 206.653950
918.011876 393.402006 263.028480 206.448345
917.826842 392.623265 264.030654 207.866960
920.615891 392.408323 264.078255 209.424480
922.186202 390.769438 261.650833 209.474795
923.889993 390.506656 263.336724 209.291898
924.942736 390.798167 262.327127 208.293985
927.661153 389.554704 262.747623 207.904435
928.986589 389.513862 261.187523 207.929324
929.254832 388.165327 264.044406 208.258294
929.770616 389.413509 263.321208 207.336992
931.632295 388.679387 263.412667 205.994262
933.900623 387.511614 263.036521 207.443549
935.753719 387.238777 263.648877 207.413256
936.959681 385.892935 264.183316 209.295034
938.808236 386.524501 262.917028 208.043577
940.736611 385.281345 263.406372 209.651849
942.575191 386.134292 261.973509 208.226516
944.398350 385.391911 263.004250 209.724267
945.953439 384.559673 262.312895 209.398507
948.388694 385.688594 261.853787 208.125631
948.588121 384.166629 263.551252 209.410720
951.092671 385.246162 261.456015 208.384203
951.356952 384.504503 264.403358 208.804713
953.315950 384.860272 263.669167 206.642694
954.588124 384.402007 264.996078 207.506709
956.304522 385.582671 264.039628 205.311521
957.607008 384.734882 265.785131 207.889668
957.705031 385.474487 267.004876 206.372853
960.014720 386.307118 266.607499 204.144734
962.598101 385.905238 264.084128 204.422419
963.885808 384.790524 263.227203 205.759280
964.995940 386.060560 265.396196 204.098567
966.866416 385.901291 265.525755 204.735103
968.198110 386.182078 266.481319 204.536931
969.265930 385.520511 267.150830 204.630781
971.410008 385.909840 266.101672 204.110336
973.198144 385.015306 267.217001 205.095061
974.901155 384.969177 265.525308 204.528269
975.415767 385.071408 268.925216 204.778943
977.196289 384.529686 266.429811 205.709181
979.552749 384.302112 268.556826 206.380248
980.124267 383.646877 268.876035 206.629792
981.671227 384.044663 267.971195 209.205659
983.823397 383.871941 268.125064 208.501155
985.016046 384.268538 268.185867 208.703870
987.068145 384.547496 267.500556 208.360866
989.213825 384.700618 267.437812 208.782352
990.968340 384.865728 267.325752 208.823979
992.050165 385.428469 267.327277 208.664249
993.706418 385.989296 267.771836 209.460987
994.376687 386.210059 268.283862 208.698302
994.975283 386.359684 269.706239 209.333491
997.495720 387.466830 268.309023 208.263729
999.575392 388.436515 268.272094 209.013767
999.432472 387.871940 269.580424 209.305421
1004.002391 389.348375 266.134738 209.083105
1004.934250 388.295756 267.342520 207.980913
1007.244367 389.986660 266.948518 207.155658
1009.650672 390.312206 265.524932 208.149955
1010.375821 391.032371 266.705815 208.362030
1012.766102 391.085316 265.693372 207.852710
1013.360940 392.699196 267.628132 208.516176
1013.731405 392.362814 270.116089 208.583846
1015.723092 394.291144 267.583739 207.580048
1014.357563 392.729434 269.954811 209.075854
1018.191085 395.241488 268.143334 207.509745
1018.503878 395.933088 268.597489 208.496818
1019.640490 396.097451 268.203194 208.542888
1021.542778 397.942059 268.947764 207.845794
1022.884189 397.819258 268.134820 209.153152
1023.869299 398.435115 268.799713 209.147339
1025.133259 400.950335 268.903843 207.242146
1026.391838 401.771070 268.534752 207.726541
1025.439751 402.213035 270.422631 206.942527
1028.692328 405.102610 268.998287 204.671609
1027.735155 404.083699 270.581264 207.216794
1028.246236 405.950334 271.614951 204.576038
1030.172798 407.763792 271.863295 204.658453
1031.710047 408.163825 269.794403 206.538631
1032.894152 409.104977 271.247154 204.730544
1033.622499 409.549048 272.114816 207.083983
1034.688753 410.124303 272.371800 205.178594
1038.528466 410.668002 269.805788 208.141893
1036.208411 410.262379 275.781423 208.187169
1037.923577 411.287621 272.219468 209.424275
1040.685204 411.067841 271.610608 211.691014
1042.770324 413.276135 269.849596 211.287956
1041.255435 413.718676 274.772186 212.925916
1040.304980 413.991147 275.285922 212.713125
1042.757136 415.298184 275.450273 212.843643
1046.191879 417.548812 272.395226 212.429451
1047.187524 417.499213 274.157934 213.371379
1048.891482 418.563481 273.615826 212.553528
1048.518432 420.296221 273.946088 212.517414
1049.328941 420.588177 274.439777 213.528454
1048.955319 422.183978 275.631791 213.235772
1050.805611 423.461846 277.453666 212.598723
1052.616741 423.638090 275.723543 213.389119
1052.809884 424.968396 275.872730 213.393795
1052.130256 427.308549 281.294486 211.217764
1053.470528 429.127573 277.974681 210.273928
1054.225805 429.721428 279.520041 210.437591
1055.488905 431.628239 278.395155 209.585003
1056.304995 431.318447 276.915131 211.528725
1055.662847 433.444452 280.498135 210.241973
1056.452350 434.577429 281.516370 209.534768
1057.829887 434.910417 282.672690 210.824552
1058.599704 432.599160 285.767324 214.704953
1061.543746 434.084278 282.557001 213.650720
1061.580117 436.141339 284.338324 214.718416
1064.763956 436.860242 281.893671 216.705463
1065.895965 438.351034 283.118372 219.339246
1068.494982 437.069867 281.191707 223.936202
1069.286957 438.703839 281.142593 223.019722
1068.234353 440.313037 283.596287 224.712425
1066.312660 442.515143 287.571229 223.342995
1066.914275 443.594132 289.827078 222.715874
1067.379342 444.825586 288.778460 219.577124
1072.532475 444.871855 286.428309 221.048797
1072.623370 446.646117 287.045417 220.535757
1072.982579 447.339231 288.468239 219.299634
1075.521322 449.830912 286.929504 218.480194
1076.352710 449.770962 288.523801 222.510012
1079.956776 452.370893 284.991262 219.514306
1080.083006 452.707058 287.861115 222.471070
1082.643643 454.954225 284.384917 220.411546
1083.019451 455.847066 287.426171 219.926060
1084.969429 459.114776 284.848968 219.152826
1086.043194 459.034798 286.189433 221.085677
1086.623395 461.201113 285.629954 220.101065
1086.930545 462.467849 286.805339 219.644300
1088.674318 464.276374 287.132088 218.966902
1091.248348 467.189435 285.703957 217.892458
1092.300628 468.858956 285.863226 217.337687
1093.557537 470.615247 286.246534 217.673366
1093.951427 471.894874 286.082094 217.261699
1093.563335 473.904784 288.025850 218.559378
1092.371580 475.256205 290.863093 215.876674
1097.560612 477.679428 285.461303 213.926157
1099.303448 480.302051 285.905816 213.456835
1097.815230 481.577674 288.264548 216.880244
1094.725320 482.874693 290.874639 218.785970
1097.001039 485.306864 290.461310 220.839357
1099.661008 487.803962 287.002061 217.900811
1100.248751 489.543732 288.625025 218.163922
1099.925163 492.162035 289.101568 218.114961
1100.067246 493.155904 290.455124 219.491094
1101.225058 494.950836 289.798383 220.541149
1101.802784 498.024896 289.575488 220.277356
1101.461852 499.629256 291.274944 220.212989
1103.245954 502.981782 290.638323 219.298922
1102.225475 503.755775 290.724908 221.404023
1101.050059 505.455857 292.039101 221.276590
1099.565321 508.221368 292.232968 221.315995
1097.765945 509.244797 293.320093 221.616979
1097.989169 512.227595 290.941952 222.200547
1095.565356 512.817233 291.947816 223.748287
1092.787558 514.845227 294.146466 224.092817
1089.922115 517.314769 295.425396 224.151222
1086.817572 520.252567 295.371504 222.156768
1085.210606 521.474515 294.711792 223.189605
1082.107669 522.895235 295.951771 223.771632
1078.967585 526.831741 293.290054 222.688061
1075.076034 529.711367 296.283975 223.126318
1071.996670 531.680982 294.619436 223.216136
1068.956487 532.707350 296.038525 224.687421
1064.230925 533.975850 296.298393 224.665853
1060.826016 534.267349 297.930762 226.695579
1057.308064 536.276969 296.460800 227.494929
1053.367335 539.269853 296.482382 227.251562
1049.598967 541.218953 297.909592 227.656924
1046.077240 543.280909 296.328548 228.377391
1042.957388 544.695461 296.684103 230.406697
1038.704753 546.875350 296.098754 230.387031
1032.746425 548.334195 297.071841 231.877070
1028.806636 550.056005 296.192185 232.450194
1021.462685 553.105876 298.530549 231.850643
1016.208442 555.609991 298.554297 231.253084
1009.945317 557.136873 298.666107 231.803009
1003.733688 558.925678 299.308811 232.064303
997.652089 560.920670 299.085290 232.544812
992.061838 561.234028 298.022815 234.091279
987.110346 563.545457 296.974331 234.000154
982.379713 564.914892 297.077439 234.564689
976.691925 565.675547 297.680206 235.109282
972.842371 566.120490 297.446209 237.493207
968.891929 567.056860 298.959953 238.094189
966.561783 570.488795 299.718442 236.444131
966.273985 572.249018 298.762317 235.959547
965.788280 573.001331 298.627398 236.214295
965.396434 573.251434 300.538958 238.061484
966.292848 576.005030 298.195273 236.022164
967.811371 575.128016 298.983497 240.427745
965.202730 576.840628 301.219220 240.254311
964.439000 579.877926 301.024313 238.633910
962.767759 579.078538 300.847781 241.088467
959.996982 580.497748 302.615047 240.339188
957.865707 581.848324 300.252664 239.905685
953.691789 581.754792 303.220019 240.987719
950.116640 583.568562 302.861607 240.646025
946.821784 583.276406 301.885563 242.147494
942.747042 584.191357 303.564558 240.578072
941.490395 584.125157 299.628226 240.981261
937.011741 585.133207 301.043159 241.081429
928.210216 584.590169 304.467194 241.925522
925.863098 585.961098 303.387003 240.800081
917.405387 586.672123 303.619676 239.974842
915.828408 587.080993 300.247777 240.309846
909.727364 586.596319 303.129649 241.608205
902.275817 587.050994 304.570631 243.098307
899.938677 588.396062 302.028403 242.301097
892.060044 588.814215 303.178586 241.363887
887.694807 588.203368 304.616796 242.894070
882.554012 589.618919 304.095228 241.187275
875.845824 589.214075 305.369744 242.667194
871.975141 589.924962 303.603447 241.011994
864.843872 589.957228 306.622020 241.675379
863.450225 588.931021 301.559322 243.950678
856.591702 589.501740 303.054264 244.027095
851.431363 591.414796 300.975996 241.684470
845.916274 590.480864 304.279886 243.331198
841.250409 591.414796 301.174826 242.811779
834.860773 590.740468 302.837658 243.706518
831.068916 590.425862 300.452554 243.372342
824.475458 591.239106 302.222955 243.257723
819.465488 590.573868 301.547099 244.135353
813.975881 589.666334 301.474739 245.203837
808.843711 588.331474 300.898908 246.325369
804.274365 589.354593 298.172794 246.012226
798.362921 588.638920 301.165505 247.470537
791.052608 587.356048 303.098030 249.823344
789.865435 588.963445 300.281145 248.677850
786.791220 587.016831 296.164617 251.940190
782.490332 584.766738 296.179898 254.099623
778.087625 586.735913 297.885948 251.928525
773.664245 587.543992 296.743676 251.811548
769.246333 587.288365 296.476775 252.426509
762.589582 587.266998 302.257142 252.295297
761.712195 587.781687 298.362004 250.191328
755.811038 588.079199 302.549594 251.214691
753.126618 588.338642 302.875121 251.120414
750.279552 588.021059 303.656292 251.166995
749.092428 589.896665 303.079256 251.203684
746.071037 586.110378 303.415531 256.443962
746.189907 588.407959 302.274394 252.748056
745.072708 588.012994 302.734261 254.160523
744.755883 588.936634 301.687192 253.114783
747.739058 589.956338 301.012975 253.438502
746.772666 591.814690 301.681933 252.602619
743.695611 589.171216 305.046578 254.849151
745.004795 592.448182 304.808231 251.561387
744.385889 588.774879 304.598692 256.631685
745.709810 590.644141 304.247823 254.342648
745.025371 592.439940 304.531975 254.248327
748.308073 594.271911 302.909549 252.138369
747.682146 591.718699 300.197173 256.297971
746.530892 593.070948 306.594314 254.947287
747.781869 594.906484 304.570410 254.644540
748.019512 593.383168 305.022388 257.846586
747.109980 596.106670 306.974033 255.327425
747.535243 596.041618 308.147969 257.096462
747.565546 598.227749 307.029257 256.125271
747.649409 599.250993 310.362542 255.568762
746.140409 599.521347 313.219168 256.741592
747.669885 601.730558 310.112701 256.029103
748.293334 602.051830 307.778800 256.397685
748.222456 599.141389 306.896163 259.351957
750.661124 598.546303 307.548072 259.148297
749.866657 599.249558 309.934047 259.060713
750.559255 600.641117 306.468809 258.053545
749.893946 599.573958 306.449392 259.872978
748.502894 600.837805 307.379709 259.862781
750.937673 597.037627 305.820424 265.945537
748.918058 599.697367 311.192831 261.407357
748.971536 601.638165 310.936264 258.882912
750.597882 602.625630 307.521795 261.990033
753.449357 598.682852 304.035667 266.635918
755.010325 600.160944 303.347928 267.690816
757.527483 599.025065 306.851542 269.427798
757.674752 596.588568 308.486390 264.084548
761.724955 596.578212 304.360540 261.988543
763.483911 593.314243 306.098905 263.117895
768.199441 589.289009 305.414928 263.659339
773.550700 585.175356 303.218095 265.911877
777.350001 583.179087 301.088570 265.250784
781.695771 580.554067 301.677444 260.027343
785.575673 577.556355 301.689363 262.068568
790.692474 574.702611 301.752737 260.854844
795.540896 570.757001 301.989918 260.241279
801.652490 566.015919 300.660429 261.568234
808.202894 561.977280 301.443373 261.038037
814.466663 557.663909 300.695407 259.130741
819.321315 554.045494 299.963794 267.222519
824.108552 550.047889 302.165400 263.976170
830.068139 545.449695 300.668060 267.434429
835.743007 540.699607 302.019469 264.535508
842.772644 535.537279 300.441057 262.342404
849.643424 530.004716 297.841762 263.827596
854.242372 526.409065 297.982780 265.100780
858.542807 522.315558 300.836478 263.148791
865.241839 517.019135 299.775795 258.269159
871.535839 510.720153 298.669041 260.392468
876.278082 506.142673 299.413219 253.985491
884.501635 501.449348 296.834471 250.585087
891.598399 496.242641 294.640402 252.670593
897.454359 490.375840 296.451967 252.369419
904.000056 485.981200 296.410345 250.201327
909.847637 480.739433 297.615842 247.692451
917.456515 476.467494 296.923338 247.364547
925.801858 471.636404 294.465157 248.143957
932.030481 467.887795 294.254774 248.787100
939.259541 462.876186 293.666865 248.787297
946.031238 457.805222 293.669609 247.262476
954.114527 452.359174 292.020254 246.650156
960.211133 447.305808 292.978672 245.875894
968.423141 444.176094 292.242207 244.668282
974.532383 439.989247 293.145666 243.961981
983.090166 435.030139 291.587911 243.512852
990.323800 429.808511 292.868120 243.645472
996.593916 425.467425 293.441630 242.893537
1004.924731 421.993772 292.091363 240.894442
1012.907730 415.230780 290.813807 241.407694
1019.552629 410.836533 292.355735 242.459699
1028.093461 405.563436 290.786038 241.638574
1034.975220 398.777504 290.896336 244.049525
1042.886105 395.484932 289.808962 242.029513
1050.587091 391.882525 290.261955 240.995256
1059.470591 386.839022 288.527784 240.836293
1067.011156 381.544241 288.001950 241.637007
1074.938445 377.521851 287.512225 240.774219
1082.823486 372.969516 286.698516 238.419509
1090.212317 368.386828 286.860211 237.786017
1098.533151 362.580028 285.896151 238.559412
1105.748188 359.626450 285.834185 237.646451
1113.515517 354.593997 285.627235 236.963409
1121.598396 351.286134 284.868780 235.107616
1129.412891 346.487266 285.209827 234.101209
1137.823323 341.906502 283.577998 233.253884
1145.832329 336.986176 282.957155 233.283110
1153.137421 332.804412 282.758278 233.034141
1161.226416 328.582393 281.468195 232.283348
1168.830389 324.277570 282.459383 231.179259
1177.101097 320.058796 281.178695 230.149667
1184.708279 314.794257 281.759522 230.544702
1192.177992 310.167465 281.570915 229.838331
1200.483468 305.269361 282.035645 228.679119
1207.625539 300.762218 281.232903 228.490194
1216.135338 296.261701 280.799701 228.167567
1222.336375 291.579787 281.544719 227.372557
1232.196146 286.774486 278.842264 227.382888
1240.540302 282.676391 278.071090 226.230844
1248.259133 278.268411 278.170015 225.146425
1254.647959 273.554227 279.888948 225.961510
1262.471001 269.124703 278.741372 225.037186
1269.686979 264.743118 279.296079 224.895398
1278.259087 260.144232 278.369752 222.839262
1287.568911 254.888552 276.782558 224.093841
1295.652931 249.527452 276.610322 223.907585
1302.680148 244.427968 276.393553 224.364212
