415.000	260.000	13.000	35.000
414.379	261.707	15.144	30.986
414.310	261.461	15.137	31.196
414.198	261.710	15.159	31.025
414.274	261.388	15.098	31.259
414.563	261.681	14.758	30.990
414.451	261.739	14.908	30.875
414.320	261.596	15.147	31.018
414.432	261.476	14.895	31.078
414.203	261.852	15.033	30.751
414.512	261.438	14.812	30.952
414.546	261.567	14.867	30.812
414.571	261.352	14.752	31.081
414.647	261.539	14.695	30.873
414.512	261.539	14.972	30.830
414.546	261.524	14.903	30.876
414.546	261.395	14.813	31.080
414.630	261.767	14.783	30.655
414.638	261.467	14.792	30.955
414.746	261.496	14.667	30.979
414.810	261.207	14.602	31.226
414.794	261.409	14.816	30.991
414.802	261.323	14.863	31.004
414.913	261.510	14.788	30.796
414.842	261.250	14.768	31.035
414.754	261.682	14.911	30.614
415.014	261.452	14.669	30.843
414.660	261.467	14.876	30.860
414.852	261.192	14.602	31.514
414.948	261.524	14.673	30.782
414.990	261.203	14.597	31.445
414.627	261.268	14.751	31.482
414.894	261.178	14.589	31.825
414.994	261.243	14.417	32.028
414.961	261.288	14.328	31.682
414.960	261.268	14.524	31.906
415.032	261.047	14.343	32.224
415.259	261.091	14.206	32.120
415.042	261.090	14.666	31.588
415.042	261.216	14.898	31.374
414.770	261.621	15.248	31.125
414.887	261.159	15.197	31.405
414.869	261.114	15.361	31.503
415.065	260.970	15.338	32.004
415.092	261.060	15.589	31.468
415.174	260.887	16.157	31.780
415.231	260.928	16.179	32.011
415.346	261.060	16.469	31.913
415.505	261.044	16.507	32.115
415.646	261.104	16.308	32.100
415.655	260.999	16.260	32.383
415.838	260.999	16.173	32.226
416.307	260.924	15.781	31.982
416.283	261.120	16.042	31.688
416.422	260.986	16.022	31.865
416.550	260.731	15.917	32.273
417.020	260.914	15.639	32.071
417.413	260.731	15.303	32.461
417.564	260.701	15.096	32.546
417.743	261.045	15.294	32.036
417.449	261.001	15.523	31.927
417.774	260.926	15.358	31.925
417.551	260.975	15.677	31.804
417.669	261.030	15.727	31.767
417.846	261.179	15.644	31.760
417.678	260.971	15.984	31.978
417.532	260.866	15.935	32.039
417.523	260.792	15.887	32.191
417.402	260.972	15.970	31.922
417.703	260.822	15.821	32.183
417.550	261.001	15.898	31.851
417.374	260.941	16.131	31.813
417.317	261.149	16.245	31.648
417.712	260.941	15.928	31.921
417.791	260.956	15.676	31.787
417.678	261.075	16.138	31.733
417.641	261.045	15.891	31.817
417.729	260.851	15.913	32.131
417.903	260.822	15.951	32.019
418.014	260.866	15.759	32.061
417.939	261.030	15.684	31.821
418.014	260.911	15.500	32.016
418.159	261.090	15.336	31.751
418.059	260.558	15.719	32.564
418.042	261.031	15.480	31.684
418.076	261.178	15.760	31.523
418.023	261.090	15.546	31.805
418.166	261.060	15.699	31.759
418.004	261.090	15.712	31.871
417.958	261.001	15.870	31.872
418.023	261.060	15.768	31.933
417.911	261.090	15.787	31.816
417.720	261.105	15.649	31.867
417.687	261.016	15.615	31.836
417.651	261.149	15.764	31.659
417.523	261.045	15.250	31.752
417.613	260.908	15.559	31.990
417.248	261.030	15.615	31.963
417.204	260.671	15.700	32.202
417.336	260.777	15.418	32.086
417.123	260.671	15.263	32.245
417.222	260.761	15.237	31.992
416.890	260.770	15.976	31.975
417.114	260.781	15.004	32.046
417.001	260.520	15.700	32.270
417.096	260.766	15.093	32.184
417.043	260.564	15.774	32.293
417.060	260.722	15.236	32.206
417.109	260.444	15.727	32.451
417.053	260.603	15.664	32.280
417.132	260.840	15.363	31.998
417.271	260.565	15.683	32.242
416.967	260.928	15.168	31.787
416.975	260.640	15.803	32.085
416.930	260.972	15.013	31.698
417.047	260.141	15.087	32.306
416.803	260.564	15.024	31.763
416.727	260.356	15.368	32.036
416.514	260.505	15.171	31.833
416.767	260.326	15.423	32.044
416.723	260.056	15.339	32.249
416.646	260.134	15.602	32.147
416.541	260.297	15.222	31.940
416.495	260.086	15.314	32.143
416.597	260.060	15.516	32.165
416.439	259.971	15.503	32.232
416.396	259.941	15.545	32.351
416.531	259.986	15.354	32.273
416.336	260.120	15.362	32.050
416.292	260.193	15.258	31.999
416.263	260.011	15.642	32.100
416.222	259.730	15.292	32.796
416.424	259.818	15.332	32.266
416.096	260.208	15.454	31.962
416.123	259.819	15.390	32.691
416.507	259.741	15.191	32.385
416.204	259.775	15.218	32.660
416.168	260.193	15.236	31.899
416.342	260.011	15.514	32.047
416.213	259.841	15.246	32.608
416.310	260.030	15.259	31.985
416.427	259.926	15.332	32.100
416.283	259.896	15.285	32.152
416.439	259.866	15.020	32.193
416.349	259.931	15.390	32.095
416.318	260.193	15.195	31.877
416.278	259.859	15.204	32.241
416.327	260.075	15.095	31.995
416.488	259.908	15.271	32.155
416.275	260.208	15.111	31.840
415.968	260.681	15.194	31.359
416.232	260.638	15.334	31.392
416.089	260.609	15.073	31.476
416.175	260.595	15.297	31.457
416.005	260.710	15.192	31.331
416.125	260.594	15.403	31.421
416.052	260.523	15.075	31.584
415.930	260.696	15.161	31.389
416.208	260.594	15.245	31.496
416.080	260.479	15.117	31.628
416.216	260.696	15.034	31.400
416.142	260.681	15.462	31.376
416.207	260.579	14.867	31.586
416.134	260.520	15.413	31.580
416.216	260.785	15.016	31.315
415.973	260.725	15.592	31.226
416.125	260.710	15.196	31.364
416.234	260.447	15.213	31.589
415.987	260.739	15.070	31.192
415.973	260.754	15.611	31.154
416.005	260.724	15.280	31.229
416.033	260.564	15.457	31.408
415.968	260.739	15.106	31.291
415.869	260.623	15.640	31.402
416.076	260.564	15.264	31.515
415.930	260.609	15.320	31.420
415.968	260.724	15.176	31.261
415.956	260.696	15.572	31.340
415.984	260.579	15.394	31.500
416.034	260.520	15.268	31.527
415.940	260.624	15.030	31.362
415.999	260.491	15.435	31.566
416.043	260.401	15.297	31.699
416.001	260.341	15.321	31.738
416.001	260.534	15.283	31.523
415.911	260.609	15.198	31.453
415.887	260.508	15.603	31.532
415.820	260.534	15.576	31.577
415.820	260.520	15.520	31.570
415.958	260.520	15.382	31.624
416.051	260.341	15.327	31.802
416.125	260.341	15.252	31.802
415.992	260.401	15.404	31.742
415.992	260.341	15.517	31.813
416.084	260.282	15.275	31.819
416.034	260.326	15.231	31.946
416.034	260.311	15.325	31.907
415.975	260.386	15.272	31.897
416.059	260.356	15.151	31.916
416.166	260.311	15.025	31.983
416.043	260.326	15.223	31.903
415.950	260.549	15.316	31.712
415.907	260.416	15.247	31.738
415.933	260.386	15.333	31.843
415.669	260.267	15.448	31.930
415.392	259.508	15.781	32.636
415.412	259.331	15.791	32.862
415.632	259.084	15.828	33.042
415.658	259.031	15.590	33.270
415.883	258.975	15.347	33.341
416.014	258.803	15.306	33.390
415.903	258.369	15.417	33.718
416.073	258.567	15.366	33.665
416.137	258.427	15.206	33.817
416.145	258.599	15.217	33.622
416.176	258.847	14.964	33.340
415.868	258.848	15.598	33.296
415.966	258.692	15.415	33.460
416.211	258.567	14.929	33.619
415.834	258.925	15.825	33.162
416.081	258.785	15.492	33.424
415.950	258.708	15.298	33.445
415.950	258.894	15.553	33.201
415.771	258.442	15.477	33.676
415.605	258.395	15.833	33.757
415.667	257.723	15.925	34.225
415.873	257.808	15.570	34.238
415.776	257.865	15.419	34.083
415.729	257.754	15.710	34.136
415.814	257.691	15.571	34.234
415.962	257.865	15.732	34.037
415.953	258.038	15.893	33.898
415.971	257.754	16.009	34.159
415.980	258.194	15.961	33.719
415.962	257.991	16.018	33.957
415.934	257.991	16.065	33.957
415.944	257.944	16.017	33.923
415.870	258.427	15.786	34.222
415.972	260.231	15.823	34.387
415.931	261.484	15.785	34.848
415.921	265.156	15.290	34.980
415.996	267.480	15.067	34.112
415.789	269.053	15.216	34.355
415.623	268.210	15.457	35.523
415.864	265.645	15.235	34.113
415.933	259.721	15.036	35.191
415.964	258.368	15.345	34.196
416.048	257.290	15.125	34.816
415.988	259.382	15.075	34.200
416.065	261.009	15.259	34.103
416.008	260.723	15.184	35.306
415.996	260.857	15.408	35.334
416.002	261.409	15.118	34.889
415.865	261.307	15.911	35.317
415.897	261.398	15.743	35.230
416.020	260.272	15.599	35.721
415.848	259.504	15.852	36.039
415.918	258.719	15.832	36.394
415.906	257.753	15.633	36.168
416.042	257.127	15.555	35.800
415.897	256.899	15.842	35.763
415.962	256.516	15.672	36.329
416.007	257.405	15.628	35.614
415.905	257.177	15.814	36.180
416.086	257.838	15.530	35.531
416.178	257.802	15.180	35.420
416.212	257.857	15.275	35.493
416.212	257.855	15.426	35.539
416.020	257.818	15.487	35.698
415.930	257.524	15.789	35.747
415.980	257.376	16.120	35.665
416.060	257.310	16.100	35.522
416.051	257.892	15.990	35.337
416.025	258.382	15.860	34.974
416.143	258.409	15.647	35.262
415.939	258.953	15.512	35.048
415.745	259.114	15.558	34.956
415.780	258.776	15.663	35.306
415.584	258.309	15.802	35.659
415.905	258.338	15.500	35.647
416.011	258.606	15.629	34.983
416.438	258.906	15.031	34.488
416.254	259.550	15.477	33.644
416.367	260.950	15.099	32.294
416.439	260.797	15.167	32.532
416.622	260.761	15.244	32.553
416.891	260.596	15.165	32.332
416.723	260.196	15.122	32.669
416.662	260.296	15.355	32.521
416.712	260.517	14.927	32.589
416.622	261.030	15.301	32.095
416.606	261.164	15.384	31.962
416.633	260.716	15.320	32.442
416.790	260.322	15.575	32.529
416.773	260.195	15.300	33.125
416.685	259.707	15.744	33.216
416.551	259.785	15.735	32.917
416.680	260.074	15.960	32.569
416.209	259.626	15.931	33.010
416.468	259.924	16.011	32.514
416.074	260.159	16.260	32.495
416.272	259.995	16.088	32.612
416.096	260.267	16.186	32.233
416.176	260.663	15.931	31.378
415.958	260.411	16.194	31.673
415.511	260.257	16.057	31.906
415.676	260.251	15.658	31.732
415.059	260.482	15.502	31.369
414.628	260.415	16.037	31.426
414.467	260.641	16.330	31.181
413.739	260.252	16.904	31.807
412.973	261.113	17.095	31.024
413.104	261.351	16.888	30.479
413.523	261.986	16.177	29.966
413.197	261.975	16.368	30.061
413.325	263.102	15.795	28.723
413.430	263.064	15.462	28.872
412.780	263.213	16.164	28.803
412.770	263.138	16.017	28.694
412.441	263.193	15.986	28.590
412.310	262.487	16.115	29.568
411.727	262.645	16.393	29.226
411.658	262.903	16.491	29.204
411.587	262.795	16.486	29.163
411.252	262.535	16.839	29.541
410.185	262.316	17.600	29.992
410.601	262.737	17.021	29.643
410.517	262.188	17.211	30.208
410.430	262.515	17.053	29.802
410.267	262.464	17.283	29.825
410.495	262.550	16.836	29.669
410.291	262.458	16.981	29.757
410.095	262.249	17.298	30.208
410.157	262.751	17.094	29.524
410.141	262.144	17.083	30.095
410.315	261.975	17.046	30.254
410.358	262.050	16.826	30.153
410.315	261.938	16.986	30.173
410.335	261.907	16.967	30.213
410.325	261.849	16.886	30.219
410.248	262.235	17.185	29.833
410.037	262.154	17.375	30.056
410.126	262.121	17.213	30.030
410.169	261.931	17.614	30.298
410.232	261.992	17.261	30.210
410.347	262.106	16.998	30.075
410.267	262.206	17.340	30.012
410.328	262.403	17.001	29.998
410.325	262.004	17.251	30.195
410.263	262.206	17.180	29.955
410.335	261.916	17.027	30.122
410.218	262.050	17.235	29.988
410.467	261.907	16.804	30.131
410.420	261.899	16.852	30.277
410.401	261.741	17.093	30.328
410.440	261.676	16.886	30.537
410.358	261.935	16.740	30.278
410.315	261.653	16.926	30.418
410.428	261.618	16.785	30.450
410.579	261.846	16.844	30.340
410.517	262.035	16.686	30.131
410.361	262.216	16.834	29.761
410.391	261.743	16.951	30.319
410.507	261.870	16.734	30.095
410.479	261.847	16.764	30.372
410.606	261.756	16.605	30.323
410.645	261.795	16.677	30.452
410.414	261.814	17.008	30.242
410.537	261.907	16.599	30.203
410.430	261.919	16.707	30.256
410.551	261.624	16.963	30.581
410.238	262.035	16.879	29.971
410.183	261.878	17.121	30.556
410.268	262.319	16.859	29.999
410.047	261.974	17.120	30.377
410.047	261.493	16.975	30.831
410.087	261.745	16.730	30.651
410.105	262.076	16.755	30.263
410.164	261.455	16.909	30.840
410.322	261.911	16.644	30.456
409.789	261.900	16.896	30.353
409.658	262.007	16.902	30.175
409.598	261.532	17.145	30.637
409.615	261.443	17.346	30.791
409.657	262.145	17.017	30.273
409.126	261.586	17.579	30.596
409.084	261.935	18.012	30.224
409.481	261.970	17.258	30.318
409.368	261.932	17.496	30.349
409.338	261.963	17.537	30.260
409.106	261.724	17.823	30.426
409.324	261.883	17.611	30.394
409.338	262.149	17.279	30.002
409.278	262.149	17.406	30.033
409.004	261.870	17.882	30.223
409.532	261.808	17.489	30.393
409.687	261.870	16.901	30.425
409.388	261.719	17.618	30.525
409.503	261.651	17.324	30.679
409.929	261.735	16.860	30.618
409.496	262.024	16.907	30.300
408.994	261.697	18.177	30.572
409.375	261.283	17.735	31.005
408.773	261.327	18.369	30.877
408.386	261.720	18.783	30.171
408.555	261.243	19.205	30.956
407.812	261.752	19.513	30.432
406.613	261.575	20.745	30.803
406.622	262.420	20.404	29.823
406.165	262.284	20.699	29.733
405.051	262.147	21.530	29.730
405.318	263.478	21.155	28.528
405.123	262.795	21.093	29.551
404.483	263.481	21.462	28.577
404.710	262.998	21.109	29.110
405.261	261.473	20.718	31.149
404.486	262.439	21.388	30.027
405.019	261.531	20.826	30.729
405.008	262.060	21.074	30.227
404.565	262.400	21.772	29.947
404.481	261.473	22.118	31.213
404.942	261.614	21.672	30.816
404.734	261.434	21.635	31.022
405.339	261.139	21.275	31.291
405.443	261.417	21.335	31.058
405.759	261.175	21.239	31.198
406.152	261.540	20.969	30.895
406.343	261.654	20.649	30.573
406.766	261.832	20.245	30.499
407.695	262.167	19.452	30.117
408.395	261.589	19.061	30.694
409.073	261.736	18.470	30.630
408.923	261.016	18.833	31.379
409.037	262.393	18.831	30.014
409.170	261.343	18.449	31.210
408.788	261.591	18.490	30.556
409.324	261.763	18.028	30.350
409.524	261.202	17.615	31.002
409.303	261.563	17.828	30.486
409.149	261.428	17.857	30.805
408.616	261.245	18.292	30.670
408.447	261.432	18.565	30.469
408.735	261.620	18.341	30.177
409.004	261.491	17.893	30.424
409.055	261.513	17.874	30.530
408.690	261.288	17.693	30.684
408.524	261.451	18.054	30.591
408.595	261.374	17.848	30.714
408.233	261.191	18.378	30.926
408.391	261.380	18.284	30.759
408.392	261.692	18.270	30.368
407.999	261.555	18.467	30.663
408.223	261.706	18.298	30.567
408.063	261.470	18.307	30.777
408.314	261.777	18.337	30.261
408.396	261.234	18.245	30.998
408.433	261.595	18.276	30.678
408.085	261.555	18.557	30.693
408.339	261.591	18.392	30.585
408.318	261.523	18.413	30.522
408.454	261.585	18.288	30.569
407.978	261.513	18.587	30.749
408.021	261.382	18.632	30.859
408.164	261.218	18.450	30.972
408.042	261.188	18.468	31.033
407.392	261.454	18.819	30.810
407.425	261.663	18.687	30.527
407.555	261.486	18.706	30.631
407.576	261.379	18.613	30.855
407.446	261.795	18.855	30.488
407.414	261.515	18.944	30.726
407.446	261.250	18.912	30.940
407.522	261.211	18.723	31.139
407.349	261.110	18.907	31.198
407.505	261.393	19.020	30.702
407.844	261.098	18.634	31.061
407.640	260.977	18.661	31.337
407.665	261.422	18.738	30.737
407.888	261.293	18.654	30.887
407.855	261.248	18.687	30.931
407.736	261.229	18.715	31.079
407.576	261.326	18.851	30.879
407.650	261.441	18.765	30.727
407.597	261.352	18.727	30.858
407.371	261.367	18.874	30.854
407.608	261.382	18.693	30.932
407.522	261.382	18.813	30.839
407.479	261.229	18.766	31.035
407.500	261.053	18.722	31.283
407.778	261.378	18.591	30.770
407.704	261.422	18.712	30.798
407.894	261.229	18.614	30.991
407.618	261.044	18.717	31.219
407.445	261.451	19.206	30.740
407.862	261.571	18.646	30.688
407.436	261.053	18.877	31.314
407.385	261.128	19.207	31.127
407.871	261.305	18.582	31.233
407.820	261.412	18.818	30.924
407.778	261.604	18.789	30.710
407.565	260.992	18.793	31.406
407.818	261.538	18.577	30.923
407.736	261.293	18.634	31.085
407.316	261.293	19.019	31.043
407.809	261.538	18.527	30.771
407.714	260.612	18.655	31.808
408.223	260.935	18.325	31.515
408.164	261.098	18.288	31.319
408.133	260.713	18.260	31.580
408.210	260.920	18.376	31.368
408.377	260.174	18.282	32.191
408.185	260.550	18.855	31.736
408.178	260.341	18.021	32.135
408.239	259.777	18.553	32.512
407.958	260.100	18.760	32.141
408.066	260.176	18.841	31.988
407.356	260.039	19.306	32.058
406.802	260.459	20.270	31.544
405.741	260.399	20.577	31.747
405.605	261.416	20.648	30.488
404.483	261.003	21.565	31.083
403.762	261.700	21.996	30.073
403.396	262.420	21.902	29.156
401.785	262.272	23.603	29.309
401.981	262.472	22.929	29.309
403.343	262.099	21.710	30.076
402.804	262.301	22.590	29.864
402.847	262.355	22.211	29.749
402.983	262.201	22.043	30.220
402.588	262.156	22.265	30.245
403.002	261.765	22.081	30.775
403.002	261.675	22.117	30.886
403.454	261.588	21.881	31.076
403.103	261.046	22.209	31.547
404.052	261.218	21.377	31.088
404.976	260.064	20.843	32.246
405.289	260.467	20.942	32.053
404.761	260.876	21.364	31.551
404.665	260.940	21.674	31.528
405.536	261.717	20.716	30.859
407.165	261.459	19.649	30.902
408.140	261.115	18.861	31.283
409.059	262.477	18.200	29.736
407.346	261.409	19.449	31.212
408.425	261.905	18.166	30.909
407.719	262.038	18.859	30.613
407.987	262.401	18.610	30.029
408.049	262.483	18.452	29.878
408.128	261.756	18.296	30.736
407.739	261.816	18.610	30.814
407.446	261.175	18.787	31.265
408.029	261.422	18.262	30.974
407.341	261.293	18.779	31.339
407.695	260.980	18.663	31.558
407.615	261.242	18.579	31.380
407.522	260.913	18.568	31.765
407.539	260.990	18.567	31.699
407.849	261.294	18.475	31.404
407.490	261.142	18.644	31.446
407.900	261.127	18.359	31.343
406.985	260.946	19.039	31.717
407.142	260.692	18.857	31.952
407.489	260.718	18.641	31.718
407.464	260.926	18.556	31.635
407.472	260.620	18.655	31.841
406.808	259.994	18.970	32.478
407.437	260.728	18.476	31.708
407.324	260.256	18.548	32.282
407.153	260.183	18.789	32.418
407.381	260.429	18.716	32.095
407.067	260.429	18.649	32.095
407.142	260.291	18.553	32.200
407.056	260.306	18.728	32.185
407.160	260.367	18.839	32.112
407.001	260.183	19.096	32.210
407.435	259.604	18.640	32.713
407.425	259.911	18.607	32.401
407.324	259.588	18.652	32.881
407.562	259.927	18.430	32.543
407.468	259.509	18.553	32.927
407.562	259.804	18.634	32.745
407.703	259.804	18.515	32.632
407.605	259.477	18.668	32.850
407.681	259.788	18.548	32.749
407.638	259.819	18.526	32.707
407.512	259.398	18.785	33.093
407.573	259.587	18.580	32.951
407.704	259.509	18.636	32.995
407.627	259.540	18.602	33.088
407.869	259.493	18.461	33.022
407.409	259.415	18.771	33.134
407.682	259.602	18.529	32.879
407.486	259.555	18.474	33.095
407.489	259.289	18.690	33.237
407.558	259.273	18.546	33.241
407.627	259.834	18.418	32.737
407.626	259.446	18.493	32.936
407.693	259.633	18.604	32.961
407.681	259.664	18.385	32.749
407.901	259.398	18.273	33.006
407.562	259.509	18.645	33.040
407.362	259.430	18.989	33.062
407.149	259.242	19.213	33.228
406.884	259.429	19.515	33.005
406.847	259.366	19.563	33.068
406.631	258.351	19.812	33.972
406.604	259.322	19.787	32.917
406.584	258.563	19.682	33.703
406.668	259.026	19.621	33.291
406.584	258.916	19.773	33.253
406.844	258.852	19.535	33.237
407.050	259.511	19.386	32.647
407.292	259.794	18.947	32.322
407.283	259.415	19.035	32.809
406.865	259.036	19.357	33.155
406.710	259.366	19.708	32.856
406.657	259.602	19.797	32.765
406.554	259.774	20.066	32.571
406.502	260.221	20.029	32.045
406.355	260.054	20.092	32.417
406.671	260.735	20.099	31.643
405.408	260.412	21.148	32.125
405.604	261.302	20.854	31.187
404.404	261.703	21.922	30.768
403.853	261.540	22.218	30.626
403.274	261.765	22.277	30.400
402.966	262.428	22.538	29.655
401.538	262.394	23.808	29.727
400.662	263.024	24.518	29.138
400.884	262.724	24.051	29.275
401.907	260.852	22.887	31.710
402.051	261.268	22.628	31.195
401.870	261.614	22.803	30.775
401.865	261.554	22.539	30.961
401.966	261.838	22.706	30.684
402.506	261.166	22.062	31.448
402.496	261.569	22.118	31.115
402.579	260.892	22.170	31.622
402.657	261.073	22.224	31.139
403.169	260.168	21.865	32.278
404.192	259.784	21.036	32.753
404.316	260.295	21.407	32.222
406.358	260.920	19.761	31.676
405.505	260.509	20.795	32.149
406.921	261.511	19.659	31.143
406.350	260.978	20.230	31.610
406.722	261.594	19.992	31.171
407.316	260.872	19.294	31.791
408.078	261.744	18.703	30.950
407.987	261.233	18.818	31.345
407.955	261.870	18.657	30.375
408.110	261.184	18.541	31.190
407.990	261.337	18.591	31.040
408.545	261.471	18.096	30.885
408.201	261.709	18.502	30.526
408.318	261.417	18.214	30.918
408.314	261.677	18.253	30.782
407.956	261.120	18.630	31.146
408.136	261.322	18.450	31.129
408.251	261.293	18.389	31.085
407.138	261.412	19.350	30.924
407.550	261.386	18.926	30.877
407.755	261.367	18.680	31.031
407.446	261.397	18.912	31.096
407.494	261.308	19.031	31.080
407.679	260.515	18.796	31.860
408.029	260.654	18.288	31.699
407.520	260.741	18.744	31.655
407.615	260.347	18.861	32.071
407.561	260.413	18.710	32.012
407.420	260.581	18.829	31.833
407.376	260.536	18.862	31.944
407.343	260.321	18.984	32.115
407.392	260.105	18.915	32.298
407.510	260.306	18.730	32.152
407.182	260.459	19.139	32.010
407.035	260.136	19.394	32.333
407.243	260.564	19.108	32.053
407.349	260.229	18.969	32.164
407.164	260.398	19.178	32.115
407.034	260.074	19.405	32.493
406.982	260.412	19.332	32.038
406.931	260.214	19.364	32.114
407.126	260.743	19.192	31.727
407.066	260.214	19.348	32.288
406.895	259.649	19.368	32.854
407.308	259.852	18.899	32.526
407.310	259.742	19.031	32.886
407.176	259.571	19.209	32.989
407.026	259.789	19.312	32.633
406.993	260.049	19.297	32.397
406.596	259.834	19.611	32.703
406.750	260.221	19.493	32.112
406.717	259.788	19.502	32.591
406.739	259.549	19.294	32.835
406.661	260.081	19.407	32.403
406.694	259.850	19.560	32.721
406.423	259.533	19.807	33.047
406.868	260.099	19.429	32.324
406.683	259.477	19.373	33.128
406.303	260.083	19.850	32.588
406.347	259.631	19.831	32.926
406.526	260.267	19.762	32.201
406.148	260.412	19.954	32.301
406.146	260.226	20.121	32.465
406.889	260.600	19.597	31.879
406.055	260.705	20.186	32.159
406.200	260.789	20.333	31.730
405.534	261.305	21.036	31.374
404.932	261.615	21.472	30.757
404.702	261.434	21.302	31.170
403.932	261.206	22.090	31.699
403.358	261.294	22.266	31.262
402.418	261.233	22.490	31.472
401.795	260.892	21.757	31.813
401.328	260.783	20.145	32.116
401.949	260.758	19.246	31.910
401.593	260.914	19.213	31.654
401.615	260.703	18.942	31.821
401.997	260.854	18.749	31.736
401.828	259.587	18.708	32.812
401.842	260.353	18.213	32.127
401.583	259.667	18.405	32.959
401.874	260.668	17.950	31.948
401.414	259.743	18.567	32.727
401.781	259.415	18.437	33.179
401.310	259.587	18.887	32.883
400.963	260.202	18.639	32.155
401.243	260.507	18.657	31.729
399.000	260.560	20.171	31.789
399.132	260.702	19.721	31.994
397.826	261.267	21.014	31.668
397.385	260.722	21.544	32.426
396.890	261.156	22.038	32.115
394.582	261.022	23.999	32.052
395.636	261.654	22.472	31.581
394.398	262.109	23.424	30.922
394.293	261.726	23.347	31.475
393.912	262.286	23.716	31.116
394.749	262.560	22.703	30.841
395.003	261.830	22.729	31.791
395.132	261.831	22.394	31.779
394.978	261.880	22.889	31.535
395.166	261.721	22.686	31.932
395.881	261.290	21.997	32.384
396.324	260.520	22.206	33.065
397.288	260.633	21.010	33.172
397.174	260.974	21.647	32.659
396.871	261.180	21.938	32.431
397.567	261.384	21.585	32.096
398.277	261.665	20.842	31.860
399.141	261.371	19.963	31.859
398.674	261.733	20.534	31.737
399.559	261.931	20.009	31.389
399.196	261.854	20.145	31.324
399.692	261.465	19.856	31.741
399.906	261.856	19.593	31.356
400.023	261.694	19.615	31.483
399.958	261.454	19.556	31.707
400.345	261.618	19.407	31.573
400.976	261.355	18.770	31.656
400.730	262.066	18.961	30.971
400.708	261.560	18.733	31.386
400.796	261.517	18.962	31.593
401.112	262.106	18.598	30.824
400.728	261.475	18.770	31.620
400.955	261.779	18.637	31.258
400.675	261.285	18.799	31.661
401.154	261.580	18.497	31.533
401.121	261.429	18.504	31.502
401.292	260.812	18.279	31.840
401.802	261.387	17.901	31.465
401.141	260.902	18.414	31.970
401.740	260.968	18.063	31.781
401.185	261.088	18.202	31.799
401.534	260.824	18.114	31.943
401.699	261.252	18.026	31.415
401.262	261.142	18.174	31.491
401.549	261.379	18.065	31.284
401.286	261.099	18.191	31.579
401.345	261.304	18.193	31.388
401.368	261.549	18.211	31.158
400.826	261.261	18.662	31.506
400.719	261.001	18.787	31.718
401.298	261.240	18.270	31.449
401.164	261.044	18.288	31.708
400.895	261.142	18.526	31.550
401.100	261.812	18.428	31.126
401.449	260.968	18.201	31.695
401.303	261.110	18.225	31.687
401.377	261.142	18.087	31.535
401.388	261.272	18.179	31.316
401.516	260.747	17.897	31.991
401.720	261.611	17.840	31.148
400.805	261.030	18.597	31.727
401.465	260.672	18.060	31.938
401.822	260.582	17.825	32.040
401.658	260.680	17.837	31.790
401.030	260.466	18.166	32.049
401.726	261.010	17.950	31.430
402.405	261.534	17.404	31.046
401.563	261.039	18.010	31.619
401.371	261.326	18.016	31.277
401.793	261.110	17.860	31.628
401.640	261.077	17.905	31.452
401.732	261.432	17.932	31.230
401.772	261.229	17.836	31.434
401.914	261.358	17.896	31.380
401.956	261.315	17.772	31.303
401.954	261.523	17.765	31.091
401.510	260.896	18.166	31.703
401.924	261.793	17.925	30.678
401.827	260.995	17.974	31.604
401.757	260.935	18.118	31.520
401.543	261.326	18.052	31.056
402.034	261.767	17.629	30.791
401.521	260.830	18.125	31.740
401.658	261.732	17.978	30.753
401.120	260.874	18.423	31.637
401.419	261.551	18.185	31.026
401.609	260.511	18.033	32.241
402.264	261.346	17.585	31.629
402.205	260.928	17.472	32.049
401.904	261.142	17.721	31.850
401.457	260.824	17.862	32.168
402.029	261.038	17.946	31.680
400.963	260.846	18.572	32.146
401.360	260.613	18.399	32.362
400.604	260.681	19.270	32.341
400.332	260.429	19.213	32.309
400.376	260.732	19.500	32.249
399.758	260.281	19.776	32.487
399.739	260.098	19.421	32.692
398.034	259.281	18.501	32.849
396.216	258.434	17.822	33.725
397.772	259.084	15.387	33.152
397.289	257.636	15.547	34.120
395.733	257.628	16.535	34.022
396.264	258.410	16.054	33.652
395.435	257.460	17.016	34.643
395.882	257.698	16.825	34.474
395.227	257.338	17.197	34.882
396.394	257.701	15.854	34.331
395.297	258.330	16.562	33.477
395.843	258.891	15.757	32.853
393.675	258.696	17.200	32.912
394.923	259.680	16.648	32.295
394.392	260.639	16.875	31.391
393.882	260.820	16.585	31.354
394.060	261.584	15.788	30.502
393.867	261.570	16.328	30.488
393.981	260.827	15.785	31.378
394.209	260.738	16.021	31.521
394.032	261.609	16.421	30.503
394.009	262.595	16.750	29.325
394.097	262.610	17.009	29.428
394.415	262.624	17.250	29.225
394.341	262.135	17.981	29.785
394.626	262.187	18.269	29.820
393.711	262.118	20.508	29.905
392.542	262.369	21.169	29.728
392.227	263.099	20.061	28.887
392.395	263.045	19.424	29.121
394.984	263.941	24.455	28.297
395.988	262.627	24.841	30.163
395.982	260.674	24.468	32.858
397.558	261.424	23.027	32.117
399.084	262.230	22.186	31.067
400.230	262.066	21.111	30.933
399.661	262.938	22.232	30.041
400.909	261.571	21.101	31.636
401.007	261.634	21.007	31.342
400.823	261.895	21.064	31.220
401.330	261.916	20.791	31.184
401.022	261.855	21.241	30.832
401.828	261.396	20.868	31.270
399.725	261.914	22.569	30.563
401.750	262.233	20.766	30.782
399.135	262.080	23.013	30.880
399.500	262.566	21.989	30.539
398.223	262.374	22.754	31.116
398.240	262.797	22.713	30.573
397.765	262.166	22.493	31.220
397.733	262.443	21.411	31.232
397.849	262.660	20.655	30.526
397.093	262.474	20.547	31.227
397.710	262.728	19.753	30.951
397.598	262.639	20.001	30.728
397.524	262.401	19.872	31.092
397.670	262.610	19.592	30.894
397.620	262.521	19.638	30.805
397.708	262.326	19.348	30.874
397.645	261.831	19.450	31.544
397.802	262.331	19.208	30.986
397.718	262.305	19.312	30.897
398.297	261.935	18.786	31.202
398.241	261.786	18.940	31.599
398.178	261.948	18.662	31.398
398.197	261.891	18.985	31.301
398.083	261.980	19.099	31.265
398.129	261.771	18.879	31.388
398.286	261.861	18.550	31.579
398.286	262.024	18.819	31.070
398.472	261.950	18.557	31.349
398.330	261.935	18.742	31.310
398.264	262.039	18.798	31.259
398.275	262.039	18.776	31.056
398.341	261.861	18.884	31.245
398.429	262.024	18.885	31.156
398.526	262.054	18.854	31.137
398.538	262.143	18.983	30.941
398.576	262.024	18.898	31.049
398.733	262.054	18.767	31.169
398.381	262.084	18.965	30.852
398.468	262.113	18.945	30.939
398.511	261.980	18.870	31.147
398.596	261.891	18.882	31.226
398.642	262.143	18.468	31.188
398.855	262.038	18.473	31.267
398.932	262.098	18.481	31.227
398.998	262.780	18.475	30.399
398.307	262.970	19.105	30.069
398.930	262.984	18.617	30.164
398.896	262.782	18.691	30.319
398.586	262.709	18.753	30.412
398.619	262.620	18.784	30.590
398.676	262.707	18.759	30.472
398.877	262.619	18.568	30.654
398.508	262.545	18.622	30.707
398.943	262.663	18.364	30.589
399.060	262.825	18.377	30.389
398.827	262.694	18.572	30.355
398.962	262.416	18.539	30.644
398.619	262.577	18.741	30.547
399.019	262.634	18.491	30.535
398.652	262.663	18.489	30.450
398.940	262.475	18.285	30.719
399.060	262.548	18.452	30.555
398.706	262.649	18.434	30.518
398.918	262.445	18.669	30.604
398.563	262.490	18.629	30.634
399.189	262.591	18.214	30.672
398.859	262.811	18.061	30.435
399.038	262.651	18.335	30.502
399.071	262.563	18.409	30.590
399.010	262.677	18.141	30.554
398.775	262.587	17.974	30.821
398.848	262.753	17.985	30.556
398.733	262.665	18.240	30.570
398.722	262.665	18.079	30.581
398.499	262.577	17.994	30.513
398.254	262.194	18.379	30.743
398.085	261.661	18.253	31.553
398.040	262.064	18.470	31.285
398.030	261.802	18.331	31.638
397.851	260.714	18.559	32.359
397.892	260.221	18.458	32.799
397.518	261.740	18.833	31.116
397.640	261.210	18.822	32.013
397.882	262.051	18.412	31.168
397.833	261.813	18.677	31.465
398.622	261.801	18.182	31.156
399.021	261.376	17.463	31.808
399.542	260.594	17.288	32.679
401.203	259.544	15.975	33.464
402.036	258.330	15.516	34.440
402.985	258.855	15.131	33.904
403.607	259.165	15.254	33.503
403.824	259.852	15.957	32.879
404.493	259.729	15.770	32.986
404.828	260.899	17.173	31.647
404.401	260.584	17.618	31.678
404.849	261.193	18.314	31.260
404.714	261.545	18.876	30.780
405.051	262.319	20.155	29.989
405.408	261.771	20.532	30.822
405.978	261.438	20.303	31.028
405.977	261.544	20.849	30.893
405.855	262.360	20.702	30.301
406.104	262.440	19.407	29.834
407.485	261.993	17.968	30.173
407.191	262.410	18.021	29.967
407.819	262.594	17.671	29.754
409.563	262.178	16.168	30.021
410.191	262.585	16.540	29.734
411.352	261.856	15.882	30.201
411.188	262.133	16.416	30.057
412.158	262.356	15.879	30.135
413.060	262.028	15.889	30.472
413.224	262.539	16.573	29.806
413.834	262.752	17.273	29.677
413.978	262.921	17.941	29.572
414.316	262.641	18.481	29.691
415.146	262.866	18.756	29.754
416.346	262.827	19.809	29.410
416.115	263.025	20.227	29.398
416.619	263.299	21.841	28.947
417.047	263.287	22.985	28.833
418.769	264.172	21.535	27.849
418.536	264.317	22.405	27.375
421.146	264.317	20.566	27.498
420.716	264.827	21.747	26.691
420.155	264.482	22.260	26.923
419.706	264.299	22.828	27.055
420.479	264.645	22.140	26.906
421.484	264.084	21.787	27.332
416.650	264.207	22.064	27.217
416.649	263.847	21.674	27.413
419.479	263.890	21.162	27.640
419.034	264.039	22.172	27.780
418.656	263.602	22.696	28.116
418.117	263.579	22.281	28.244
417.392	263.512	22.627	28.463
417.934	263.663	21.633	28.415
417.672	263.606	20.211	28.311
417.310	262.513	19.963	29.836
417.430	262.571	19.614	29.717
417.733	262.359	19.552	29.978
417.104	262.585	19.493	29.635
417.870	262.544	18.925	29.966
417.739	262.562	19.003	29.832
417.273	262.777	18.908	29.699
417.578	262.998	18.965	29.606
417.818	263.042	18.555	29.405
417.816	263.033	18.387	29.302
417.203	263.092	19.130	29.361
417.245	263.099	19.245	29.446
417.354	262.825	19.051	29.720
417.437	262.891	18.819	29.565
417.542	262.991	18.753	29.384
417.456	262.808	19.009	29.547
417.338	262.782	18.744	29.645
416.999	262.907	19.274	29.469
417.167	262.820	19.291	29.554
417.142	262.891	19.153	29.483
417.414	262.984	18.970	29.462
417.682	263.042	18.670	29.405
417.336	262.779	18.721	29.637
417.500	262.878	19.020	29.528
417.567	262.811	18.817	29.734
417.840	262.650	18.854	29.896
417.590	262.620	19.257	29.826
417.374	262.490	19.334	30.006
417.888	262.452	18.982	29.971
417.685	262.591	18.869	29.875
417.625	262.806	19.201	29.599
417.532	262.891	19.326	29.463
417.532	262.663	19.359	29.772
417.453	262.620	19.035	29.755
417.716	262.834	19.142	29.560
417.995	262.867	19.017	29.528
417.883	262.563	18.784	30.042
418.085	262.606	18.590	29.881
418.114	262.864	18.723	29.572
417.969	262.723	18.834	29.683
418.345	262.702	18.481	29.731
417.926	262.595	18.674	29.811
417.807	262.665	19.073	29.898
417.826	262.720	19.029	29.776
417.935	262.706	18.898	29.770
418.230	262.605	18.606	29.933
417.743	262.912	18.902	29.732
417.995	263.128	18.929	29.457
417.786	262.694	18.971	29.930
417.956	262.649	18.763	29.879
418.017	262.660	18.863	29.914
417.935	262.591	18.853	29.875
417.739	262.606	19.116	29.891
417.696	262.577	19.013	29.879
417.563	262.806	19.145	29.681
417.032	262.403	19.566	29.991
417.629	262.401	18.902	29.893
417.590	262.490	19.181	29.996
417.104	262.519	19.471	29.896
417.052	262.548	19.657	29.887
417.059	262.316	19.845	30.262
417.182	262.202	19.475	30.432
417.120	262.363	19.739	30.229
417.034	262.172	19.848	30.544
417.035	262.010	19.787	30.686
417.194	261.992	19.518	30.703
417.299	261.744	19.411	30.616
416.996	262.010	19.985	30.521
416.966	261.875	19.780	30.618
417.078	261.820	19.514	30.600
416.932	261.830	19.944	30.631
416.602	262.123	20.084	30.296
416.730	262.046	20.009	30.464
416.762	262.153	19.771	30.215
416.909	261.948	20.071	30.572
416.637	261.538	20.133	31.076
416.548	261.648	19.891	31.013
416.755	261.261	20.269	31.322
416.491	261.414	20.366	31.191
416.452	261.414	20.383	31.191
416.725	261.065	19.604	31.519
416.487	260.475	19.621	32.005
416.955	260.627	18.992	31.714
416.682	260.133	18.308	32.089
417.023	260.326	18.053	31.760
417.251	259.901	17.442	31.924
416.733	260.367	17.325	31.329
417.246	260.401	16.657	31.118
416.839	260.397	16.503	31.484
416.771	260.766	16.861	31.099
416.075	260.429	17.504	31.909
416.327	260.574	17.380	31.774
416.449	260.431	17.207	31.902
415.988	260.595	17.478	31.767
416.676	261.151	17.295	31.182
416.777	260.774	18.226	31.444
416.746	261.011	18.975	31.158
417.250	261.752	19.380	30.327
416.874	261.644	20.282	30.679
416.955	262.080	21.111	30.245
419.020	262.321	20.309	30.056
417.435	262.812	21.756	29.606
418.592	263.292	21.099	28.752
417.431	263.263	22.117	29.213
420.522	263.301	19.806	28.517
418.062	262.826	22.401	29.881
418.368	263.339	22.243	28.547
418.354	263.558	22.021	28.659
418.440	263.046	22.115	29.046
418.732	263.539	21.787	28.692
418.163	263.283	22.074	29.510
419.063	263.431	21.654	29.229
418.572	262.758	21.930	30.032
418.152	262.720	22.350	30.035
417.905	262.396	22.177	30.483
417.366	262.358	22.049	30.705
417.426	262.343	21.837	30.538
417.109	262.036	21.548	30.630
417.276	262.186	20.920	30.439
416.777	261.961	20.354	30.547
416.693	261.444	20.465	30.893
416.585	261.353	19.271	31.083
416.937	261.356	19.255	30.803
416.895	261.273	18.665	31.106
417.266	261.538	18.207	30.872
417.224	261.649	18.126	30.626
417.467	261.951	18.098	30.457
416.857	261.926	18.305	30.372
417.365	261.597	18.136	30.869
417.085	261.796	18.149	30.641
416.682	262.042	18.969	30.142
416.363	262.170	18.891	30.103
417.139	261.812	18.509	30.554
416.285	261.758	18.775	30.665
416.799	261.914	18.593	30.527
416.419	261.606	18.752	30.889
417.029	261.400	18.467	30.907
417.194	261.486	18.302	30.822
416.739	261.534	18.401	30.784
417.133	261.570	18.340	30.870
416.891	261.751	18.695	30.470
416.739	261.678	18.770	30.533
416.904	261.475	18.431	30.877
416.822	261.810	18.786	30.422
416.608	261.707	18.731	30.493
416.725	261.707	18.645	30.421
416.685	261.666	18.275	30.697
417.311	261.827	18.269	30.522
416.978	261.459	18.042	30.934
417.117	261.288	18.167	31.163
417.019	261.432	18.351	30.919
416.816	261.560	18.214	30.807
416.983	261.406	18.188	31.031
416.862	261.411	18.405	31.044
416.831	261.432	18.459	30.993
417.231	261.717	18.366	30.664
416.848	261.513	18.334	30.808
416.925	261.625	18.165	30.692
416.837	261.754	18.492	30.624
416.575	261.758	18.525	30.608
416.630	262.038	18.940	30.135
416.172	261.661	19.000	30.835
416.819	262.387	18.818	29.700
416.785	261.775	18.397	30.574
416.754	261.650	18.295	30.758
416.951	262.156	18.508	29.862
416.733	261.827	18.383	30.522
417.158	261.806	18.002	30.587
417.086	261.491	17.974	30.931
416.807	261.898	18.641	30.327
416.497	261.930	18.287	30.361
416.827	261.775	18.277	30.604
416.690	261.702	18.403	30.691
416.693	262.185	18.732	30.028
416.616	261.671	18.477	30.679
416.787	262.077	18.705	30.260
416.419	261.693	18.326	30.673
416.890	262.213	18.624	29.815
416.827	261.837	18.211	30.556
416.962	261.639	18.175	30.696
416.722	261.417	18.404	31.064
416.619	261.707	18.805	30.555
417.029	261.549	18.193	30.832
416.508	261.534	18.461	30.947
416.954	261.663	18.567	30.527
416.652	261.534	18.328	30.934
416.787	261.883	18.827	30.557
416.618	261.379	18.705	31.061
416.468	261.663	19.074	30.537
416.371	261.443	18.863	31.027
416.586	261.315	18.569	31.155
416.831	261.706	18.392	30.704
416.307	261.530	19.202	30.922
416.516	261.379	19.349	31.070
416.717	261.591	19.373	30.784
417.140	261.799	19.554	30.695
416.475	262.051	21.311	30.233
416.674	262.040	21.319	30.307
416.917	262.221	21.690	30.320
417.203	261.098	22.965	31.169
415.378	261.982	23.595	30.323
418.953	261.069	23.756	30.891
411.733	261.134	21.565	30.351
424.525	262.172	18.757	29.627
424.233	261.723	18.950	29.936
425.114	261.948	17.904	29.880
423.730	262.045	18.902	29.948
423.485	261.879	19.210	30.152
423.630	261.696	19.251	30.392
423.921	261.996	19.082	30.064
423.864	262.036	19.342	29.835
423.768	262.178	19.395	29.895
423.911	262.339	19.208	29.837
424.523	263.045	19.103	29.178
424.065	262.594	18.951	29.584
423.845	261.837	19.245	30.207
423.280	262.517	19.732	29.601
423.492	260.939	20.311	30.938
422.718	260.839	20.205	31.011
421.369	260.929	21.321	31.202
420.093	261.639	22.346	30.415
419.077	261.417	22.526	30.610
418.308	261.152	22.896	30.951
417.765	261.381	21.626	30.380
417.225	261.141	21.250	30.402
416.765	261.080	20.542	30.901
417.208	260.444	20.057	31.553
416.861	260.711	20.089	31.347
416.055	261.234	20.241	31.033
416.998	261.542	19.545	30.574
417.094	261.346	19.120	30.914
416.884	261.169	19.208	31.180
416.796	261.056	19.121	31.275
417.185	261.252	18.898	31.007
417.622	261.571	19.004	30.733
417.550	261.924	19.894	30.384
416.518	261.903	21.461	30.414
417.577	261.938	21.714	30.201
418.254	262.635	22.329	29.371
417.675	262.184	23.304	29.817
420.161	263.364	21.036	28.751
421.060	263.323	20.770	28.686
421.215	263.429	20.876	28.685
421.971	263.656	20.645	28.497
421.131	263.866	21.361	28.172
420.961	262.443	21.169	29.649
421.387	262.272	20.965	29.826
421.719	262.167	21.063	29.787
421.469	262.796	21.232	29.240
420.993	262.369	21.431	29.728
422.626	261.520	20.540	30.696
422.113	261.263	21.175	30.985
421.413	261.365	21.219	30.944
420.697	261.127	21.469	31.170
419.936	260.991	22.031	31.382
419.752	260.923	21.801	31.466
419.647	261.317	21.320	30.956
418.531	262.279	21.879	30.075
417.991	262.096	22.106	30.285
418.475	261.540	20.778	30.729
418.002	262.141	20.788	30.149
418.362	262.242	20.157	30.155
418.294	262.451	19.986	30.060
417.900	262.827	20.435	29.582
417.710	262.567	20.385	29.882
417.809	262.870	19.848	29.620
418.108	262.722	19.796	29.860
418.021	262.955	19.860	29.607
418.133	262.999	19.584	29.543
418.370	262.421	19.538	30.117
418.676	262.524	19.316	29.926
418.202	262.649	19.564	29.910
418.550	262.707	19.376	29.855
418.254	262.620	19.512	29.856
418.596	262.777	19.197	29.740
418.293	262.863	19.285	29.542
418.590	262.920	19.072	29.485
418.784	262.998	19.030	29.311
418.359	262.836	19.345	29.539
418.671	262.891	19.144	29.483
419.146	263.085	18.822	29.264
418.723	262.935	19.160	29.451
419.199	262.879	18.825	29.526
418.711	263.228	19.182	29.137
418.711	263.313	19.182	29.035
418.624	263.075	19.396	29.260
419.081	262.951	19.020	29.468
418.584	263.270	19.259	29.137
419.114	262.992	18.921	29.441
418.674	263.242	19.219	29.087
418.637	263.313	19.225	28.997
418.748	263.242	19.124	29.083
418.649	263.200	19.139	29.134
418.612	263.186	19.271	29.199
419.282	262.930	18.642	29.503
418.821	263.256	19.158	29.079
418.662	263.214	19.306	29.151
419.416	263.156	18.530	29.251
418.917	263.192	19.019	29.213
418.857	263.214	19.164	29.121
418.723	262.991	19.244	29.344
419.027	262.796	18.853	29.609
418.748	262.850	19.167	29.454
419.262	262.955	18.751	29.354
418.723	263.075	19.160	29.260
419.334	263.070	18.667	29.278
418.929	262.892	18.755	29.483
418.917	263.089	18.787	29.317
418.881	263.089	18.844	29.409
418.905	262.949	18.799	29.437
418.893	262.864	18.801	29.572
419.135	263.131	18.745	29.194
418.760	263.047	19.060	29.349
419.167	263.056	18.691	29.273
419.035	263.047	18.753	29.339
418.917	263.117	19.083	29.259
418.772	263.056	19.132	29.410
419.114	263.013	18.843	29.336
418.929	262.977	19.028	29.399
418.857	263.042	19.100	29.405
419.027	263.056	18.919	29.351
418.723	262.836	19.181	29.611
418.876	262.820	19.008	29.615
419.146	262.912	19.056	29.534
418.623	262.970	19.322	29.516
418.280	263.145	19.818	29.495
418.943	263.114	19.251	29.428
418.215	263.270	19.796	29.334
418.176	263.042	19.718	29.579
418.585	262.912	19.165	29.670
418.716	263.019	19.120	29.622
418.402	263.171	19.644	29.434
418.344	263.131	19.884	29.551
418.585	263.315	19.655	29.426
418.547	263.331	19.967	29.468
418.621	263.100	20.094	29.681
418.693	262.955	20.114	29.646
420.051	262.897	18.908	29.469
421.393	262.523	17.941	29.832
422.074	261.781	17.756	30.453
422.723	261.998	17.027	30.289
423.641	261.704	16.706	30.563
423.576	261.735	17.474	30.402
423.327	262.055	17.926	29.810
424.059	261.598	17.839	30.167
425.248	261.202	17.484	30.289
425.055	261.076	17.274	30.387
425.368	260.953	17.411	30.531
425.228	260.788	16.861	30.761
425.655	260.598	16.957	30.784
425.868	259.974	16.278	31.249
426.040	259.964	15.993	31.295
426.573	259.785	15.695	31.358
426.315	259.667	16.194	31.703
426.712	259.484	15.660	32.176
426.641	259.499	16.037	32.239
426.765	259.349	15.817	32.444
426.590	259.462	16.017	32.446
426.552	259.373	15.780	32.398
426.298	259.484	16.131	32.187
425.882	258.910	16.797	32.717
426.141	259.218	16.491	32.215
425.950	259.149	16.450	32.044
425.577	259.256	16.281	31.880
425.074	259.173	16.355	31.781
424.035	259.047	17.168	31.637
423.870	259.194	17.057	31.594
422.648	259.694	17.693	30.931
421.621	260.027	18.385	31.066
421.326	260.331	18.285	30.815
420.816	260.663	18.422	30.774
420.755	260.897	18.372	30.554
420.354	261.432	18.966	29.962
420.303	261.948	18.591	29.406
420.047	261.666	18.266	29.639
419.928	261.466	18.410	29.910
419.851	261.566	18.543	29.820
419.705	261.723	18.250	29.632
419.450	261.666	18.318	29.629
419.543	261.836	18.446	29.448
419.220	261.408	18.801	29.886
419.032	261.213	18.686	30.064
418.888	260.998	18.711	30.175
419.052	260.869	17.834	30.191
419.596	260.735	17.141	30.301
419.337	260.691	17.345	30.429
419.521	260.574	17.302	30.494
419.661	260.502	17.243	30.433
419.854	260.487	17.009	30.417
420.149	260.443	16.736	30.749
420.257	260.705	16.608	30.498
420.411	260.691	16.484	30.484
420.505	260.796	16.508	30.493
420.606	260.681	16.347	30.628
420.551	260.667	16.481	30.737
420.669	260.604	16.373	30.745
420.588	260.705	16.405	30.611
420.560	260.624	16.393	30.675
420.651	260.724	16.341	30.754
420.696	260.770	16.306	30.479
420.588	260.681	16.262	30.607
420.569	260.839	16.170	30.513
420.708	261.009	16.124	30.384
420.698	260.796	16.153	30.514
420.737	260.839	16.057	30.492
420.698	261.123	16.078	30.335
420.825	261.302	15.933	30.408
420.763	261.202	15.955	30.455
420.776	261.159	16.074	30.354
420.786	261.273	15.971	30.332
420.691	261.599	15.950	29.904
420.790	261.364	15.852	30.066
420.790	261.508	15.700	30.063
420.737	261.401	15.837	30.350
420.553	261.528	15.956	29.994
420.772	261.401	15.869	30.091
420.754	261.458	15.992	29.912
420.691	261.725	15.912	29.798
420.708	261.567	15.994	30.102
420.825	261.287	15.864	30.277
420.590	261.273	16.070	30.229
420.590	261.458	16.127	30.045
420.600	261.571	16.042	29.921
420.646	261.500	16.015	29.941
420.572	261.585	16.108	29.815
420.700	261.344	15.979	30.240
420.673	261.429	15.969	30.228
420.808	261.216	15.872	30.317
420.682	261.316	16.045	30.217
420.691	261.486	15.998	30.057
420.553	261.373	16.136	30.399
420.863	261.302	15.857	30.544
420.930	261.216	15.939	30.545
420.658	261.216	16.118	30.619
420.757	261.321	15.909	30.546
420.987	261.330	15.587	30.536
420.887	261.415	15.793	30.284
420.790	261.627	15.871	30.020
420.673	261.472	15.969	30.123
420.878	261.387	15.725	30.208
421.050	261.316	15.697	30.259
421.055	261.373	15.701	30.431
420.922	261.500	15.758	30.230
421.016	261.458	15.683	30.231
421.139	261.444	15.618	30.328
420.923	261.500	15.688	30.240
420.861	261.444	15.800	30.224
421.050	261.387	15.668	30.250
421.083	261.245	15.710	30.496
420.817	261.373	15.920	30.264
420.627	261.287	15.882	30.432
420.754	261.316	15.793	30.393
420.745	261.302	15.896	30.376
420.718	261.500	15.829	30.199
420.627	261.316	15.863	30.352
420.922	261.245	15.606	30.444
420.948	261.287	15.562	30.318
420.431	261.316	15.836	30.269
420.354	261.429	15.876	30.197
420.016	261.344	16.214	30.107
419.668	261.387	16.706	30.105
419.246	260.960	16.964	30.625
418.805	261.459	17.080	30.327
418.322	261.944	17.495	29.808
418.460	261.820	17.232	29.584
418.445	261.592	16.803	29.667
418.073	261.753	17.194	29.525
417.805	261.733	17.309	29.495
417.917	261.421	16.919	29.717
418.180	261.556	16.619	29.505
417.744	261.697	17.012	29.581
418.015	261.514	16.644	29.683
417.850	261.753	16.678	29.576
417.829	261.556	16.568	29.915
418.189	261.458	16.292	29.891
417.944	261.245	16.416	30.217
418.444	260.825	15.804	30.590
418.047	261.235	16.074	30.138
418.138	261.159	15.928	30.099
418.329	261.144	15.829	29.993
417.932	260.951	16.141	29.870
418.008	261.063	16.102	29.778
418.185	261.021	16.174	29.850
418.097	261.453	16.096	29.490
418.102	261.133	16.461	29.677
418.257	261.305	16.196	29.593
418.402	261.231	16.287	29.681
418.745	261.063	16.175	29.962
418.896	261.144	16.439	29.715
418.902	260.767	16.019	30.355
419.366	260.782	15.596	30.186
419.083	260.710	16.027	30.398
419.366	260.796	15.786	30.161
419.138	260.582	15.677	30.485
419.606	260.486	15.669	30.423
419.197	259.652	16.237	31.373
419.548	259.719	15.817	31.373
419.325	259.843	15.719	31.055
418.996	259.537	16.359	31.317
418.816	259.907	16.259	31.010
418.027	259.843	16.933	30.919
417.543	259.766	17.310	30.907
417.186	260.794	17.186	30.418
416.861	261.445	17.099	29.633
416.791	261.611	16.851	29.491
416.668	261.556	16.813	29.833
416.517	262.276	16.847	29.013
416.359	262.077	17.019	29.157
416.393	262.031	16.694	29.318
416.197	261.934	16.811	29.456
415.954	261.850	16.966	29.407
415.818	261.975	17.063	29.343
415.808	261.429	16.958	29.798
415.902	261.762	16.917	29.433
415.614	261.514	17.152	29.733
415.688	261.818	17.201	29.152
415.668	261.542	17.059	29.665
416.043	261.486	16.877	29.677
415.985	261.347	16.974	29.900
415.927	261.047	17.324	29.991
416.624	261.220	16.809	29.869
416.558	260.896	16.865	30.372
416.883	260.978	16.590	30.297
416.776	261.038	16.962	30.209
416.749	261.178	16.990	30.091
416.707	260.858	16.956	30.310
416.947	260.705	16.562	30.498
416.968	261.066	16.504	30.004
417.070	261.052	16.668	30.174
417.286	261.038	16.376	30.209
417.383	261.263	16.164	30.089
417.535	261.697	16.145	29.611
417.431	261.613	16.277	29.818
417.459	261.542	16.182	29.766
417.600	261.429	16.080	29.869
417.516	261.641	16.145	29.739
417.525	261.556	16.135	29.833
417.618	261.697	15.967	29.622
417.515	261.573	16.113	29.850
417.655	261.711	15.949	29.822
417.754	262.044	15.906	29.623
417.727	262.119	15.811	29.520
417.797	261.937	15.857	29.543
417.742	262.342	15.959	29.246
417.697	261.810	15.919	29.840
417.567	262.175	15.936	29.444
417.742	262.077	15.743	29.482
417.779	262.261	15.669	29.358
417.788	262.042	15.735	29.566
417.724	262.288	15.742	29.310
417.669	262.042	15.742	29.566
417.576	262.175	15.687	29.334
417.604	262.206	15.751	29.444
417.742	262.315	15.650	29.335
417.841	262.129	15.422	29.565
417.482	261.987	15.855	29.702
417.680	262.149	15.669	29.509
417.501	262.015	15.873	29.645
417.415	261.965	15.830	29.604
417.623	262.161	15.659	29.358
417.482	262.220	15.892	29.399
417.491	262.245	15.882	29.225
417.567	262.043	15.825	29.597
417.453	262.105	15.810	29.374
417.604	262.084	15.788	29.494
417.678	262.328	15.732	29.177
417.832	262.139	15.486	29.418
417.903	262.221	15.360	29.364
417.779	262.160	15.577	29.438
417.788	262.261	15.642	29.337
417.850	261.875	15.524	29.733
417.760	262.015	15.632	29.541
417.697	262.084	15.714	29.525
417.706	262.111	15.631	29.487
417.697	261.988	15.640	29.672
417.614	262.049	15.723	29.361
417.614	262.097	15.816	29.501
417.814	262.203	15.596	29.207
417.632	261.917	15.723	29.601
417.604	262.002	15.788	29.524
417.632	261.974	15.797	29.572
417.520	262.002	15.891	29.545
417.669	262.091	15.742	29.319
417.642	262.070	15.769	29.497
417.669	261.878	15.779	29.741
417.894	262.159	15.609	29.374
417.938	261.988	15.650	29.548
417.868	262.070	15.729	29.445
417.947	262.152	15.594	29.405
417.964	262.152	15.718	29.415
417.903	261.933	15.647	29.634
417.347	262.301	16.101	29.443
417.203	262.189	16.379	29.500
416.871	261.965	16.433	29.714
416.414	262.154	16.525	29.607
415.829	262.003	16.899	29.428
415.744	262.086	17.264	29.458
415.445	261.867	17.668	29.489
415.423	262.055	17.087	29.103
415.598	262.017	16.834	29.120
415.567	261.429	16.976	29.658
415.757	262.116	16.598	29.110
415.556	261.909	16.754	29.190
415.338	262.086	16.944	29.152
415.383	262.182	17.002	29.127
415.627	262.099	16.879	29.148
415.317	262.086	16.946	28.962
415.431	262.237	16.904	28.861
415.443	261.781	16.791	29.299
415.421	261.920	16.764	29.098
415.274	261.458	16.989	29.820
415.425	261.550	16.728	29.569
415.646	261.187	16.579	29.920
415.658	261.094	16.677	29.986
415.618	260.910	16.853	30.057
415.786	260.853	16.883	30.125
415.968	260.653	16.888	30.387
415.906	260.790	16.949	30.386
416.392	260.792	16.591	30.235
416.916	260.681	16.426	30.430
417.024	260.953	16.205	30.252
417.024	260.810	16.311	30.531
417.189	261.080	16.185	30.167
417.207	261.221	16.096	30.131
417.057	261.202	16.359	30.127
417.453	261.472	15.980	29.900
417.373	261.571	16.230	29.870
417.373	261.711	16.230	29.669
417.335	261.358	16.193	30.041
417.117	261.387	16.021	29.921
416.865	261.486	16.236	29.863
416.787	261.542	15.970	29.827
416.231	261.458	16.182	29.790
415.733	261.472	16.589	30.185
415.040	261.944	17.131	29.683
414.917	262.009	16.939	29.172
414.570	262.359	17.015	28.788
414.556	262.370	16.987	28.739
414.526	262.659	16.881	28.576
414.505	262.686	16.758	28.384
414.491	262.409	17.275	28.821
414.346	262.562	17.295	28.535
414.587	262.077	16.830	28.973
414.370	262.044	16.999	29.073
414.516	262.017	17.102	28.991
414.392	261.627	17.061	29.272
414.538	261.458	16.866	29.530
414.497	261.652	16.916	29.356
414.598	261.130	16.593	29.798
414.618	261.094	16.717	29.843
414.383	260.421	16.933	30.670
414.611	260.341	16.813	30.820
414.768	260.370	16.784	30.833
414.986	260.574	16.696	30.566
415.228	260.379	16.589	30.959
415.495	260.835	16.527	30.378
415.569	260.853	16.602	30.530
415.642	260.829	16.689	30.410
415.930	260.989	16.415	30.099
416.033	261.052	16.263	30.331
416.015	261.652	16.369	29.584
416.306	261.472	16.110	30.010
416.276	261.599	16.139	29.478
416.203	261.686	16.060	29.505
416.284	261.535	16.113	29.728
416.306	261.259	16.185	29.918
416.315	261.216	16.156	30.133
416.335	261.330	16.156	29.877
416.393	261.287	16.098	29.960
416.469	261.130	16.003	30.219
416.572	261.287	15.806	30.062
416.627	261.387	15.714	29.911
416.329	261.217	16.030	30.099
416.440	261.273	15.975	30.188
416.488	261.202	15.872	30.219
416.563	261.415	15.723	29.924
416.460	261.508	15.707	29.631
416.604	261.489	15.769	29.701
416.539	261.362	15.854	29.827
416.609	261.480	15.676	29.836
416.453	261.278	15.629	29.604
416.317	261.287	15.728	29.626
416.221	261.315	15.852	29.577
416.320	261.315	15.819	29.690
416.320	261.315	15.829	29.577
416.390	261.133	15.739	29.902
416.320	261.203	15.819	29.699
416.434	261.175	15.733	29.809
416.364	261.175	15.803	29.788
416.434	261.175	15.781	29.839
416.311	261.189	15.875	29.836
416.408	261.203	15.778	29.791
416.399	261.245	15.806	29.759
416.382	261.189	15.786	29.733
416.443	261.273	15.801	29.548
416.463	261.245	15.837	29.515
416.434	261.077	15.958	29.804
416.412	261.077	15.892	29.804
416.293	261.245	15.989	29.384
416.482	261.287	15.800	29.524
416.463	261.133	15.764	29.758
416.417	261.105	15.789	29.807
416.382	261.203	15.938	29.638
416.364	261.273	15.995	29.558
416.373	261.231	16.034	29.702
416.563	261.049	15.931	29.873
416.525	261.119	16.040	29.681
416.497	261.231	16.088	29.610
416.450	261.091	16.192	29.739
416.581	261.105	16.041	29.705
416.627	261.273	15.995	29.588
416.495	261.315	16.189	29.669
416.469	261.161	16.173	29.751
416.544	261.189	16.060	29.764
416.609	261.091	15.976	29.841
416.691	261.231	15.893	29.743
416.474	261.175	16.118	29.747
416.572	261.035	16.051	29.969
416.581	261.077	15.947	29.937
416.581	261.147	15.947	29.806
416.469	261.035	16.173	30.000
416.618	260.981	16.023	30.007
416.553	261.119	16.145	29.772
416.563	260.923	16.319	30.051
416.718	260.724	16.251	30.264
416.558	260.436	16.107	30.573
416.678	260.114	16.172	30.894
416.916	260.134	16.136	30.891
416.834	260.163	16.223	30.757
416.844	260.004	16.443	30.958
417.096	260.221	16.133	30.741
417.296	260.221	16.175	30.880
417.495	260.149	15.422	30.973
417.604	260.245	15.916	30.738
417.628	260.041	15.170	31.009
417.335	259.856	15.586	31.148
417.305	259.902	15.963	31.188
417.420	260.350	15.389	30.729
417.257	260.444	15.900	30.412
417.247	260.230	15.892	30.763
417.521	260.465	16.118	30.523
417.106	260.276	16.179	30.631
417.261	260.321	16.618	30.409
416.906	260.804	16.679	30.000
416.882	260.566	16.619	30.107
417.005	260.494	16.301	30.453
416.902	261.207	16.005	29.699
416.874	261.522	16.011	29.289
416.757	261.727	15.908	29.433
416.632	261.864	16.022	28.978
416.669	262.043	15.760	29.037
416.453	262.165	15.847	28.854
416.310	262.264	15.801	28.814
416.319	262.056	15.671	28.907
416.210	262.186	15.845	28.780
416.346	262.015	15.888	28.853
416.372	262.056	15.852	28.983
416.268	262.125	16.143	28.796
416.288	261.404	16.263	29.447
416.335	261.398	16.156	29.433
416.185	261.049	16.486	29.731
416.393	261.024	16.173	29.801
416.402	260.781	16.421	29.718
416.655	260.906	16.082	29.918
416.572	260.948	16.300	29.668
416.790	260.767	16.198	30.037
416.878	260.989	16.149	29.793
416.884	261.105	16.151	29.756
417.018	261.301	16.036	29.694
416.980	261.273	16.159	29.619
417.046	261.398	16.008	29.545
417.102	261.411	16.028	29.470
417.046	261.342	16.112	29.631
417.055	261.370	16.018	29.676
417.157	261.425	15.982	29.559
417.055	261.467	15.999	29.538
416.961	261.480	16.074	29.483
417.092	261.522	15.905	29.483
417.065	261.656	15.933	29.225
417.148	261.684	15.756	29.217
417.079	262.165	15.901	28.964
417.200	262.179	15.679	28.960
417.079	262.098	15.744	29.047
417.154	261.988	15.670	29.122
417.032	262.138	15.828	29.031
417.200	262.125	15.679	29.035
417.219	262.056	15.623	29.108
417.219	261.917	15.605	29.190
417.246	261.988	15.559	29.132
417.200	261.809	15.642	29.291
417.200	261.919	15.660	29.160
417.126	261.960	15.716	29.229
417.182	262.043	15.679	29.187
417.145	262.029	15.697	29.161
417.163	261.974	15.734	29.286
417.210	261.988	15.669	29.242
417.117	261.947	15.762	29.203
417.117	261.836	15.725	29.404
417.076	261.823	15.720	29.237
417.255	261.919	15.624	29.120
417.182	261.974	15.715	29.205
417.117	262.002	15.762	29.138
417.237	262.056	15.642	29.063
417.310	261.917	15.643	29.306
417.237	262.056	15.697	29.093
417.319	261.850	15.625	29.249
417.319	261.892	15.671	29.148
417.381	261.878	15.572	29.202
417.328	261.836	15.727	29.134
417.328	261.864	15.709	29.126
417.478	261.947	15.596	29.083
417.469	262.043	15.586	29.017
417.487	262.070	15.587	28.950
417.590	262.064	15.615	29.091
417.539	261.931	15.742	29.128
417.482	261.933	15.763	29.217
417.558	261.960	15.706	29.149
417.539	262.002	15.706	29.108
417.558	261.988	15.798	29.142
417.642	261.947	15.751	29.223
417.576	262.029	15.816	29.060
417.632	262.084	15.760	29.066
417.660	262.043	15.695	29.127
417.733	262.029	15.715	29.120
417.586	261.960	15.825	29.149
417.751	261.864	15.696	29.366
417.604	261.809	15.825	29.351
417.669	261.892	15.760	29.148
417.678	262.002	15.769	29.249
417.733	261.919	15.733	29.311
417.660	262.043	15.658	29.147
417.724	261.988	15.631	29.232
417.539	261.974	15.854	29.145
417.558	262.002	15.743	29.058
417.706	261.878	15.558	29.342
417.632	262.125	15.650	29.126
417.444	261.973	15.729	29.319
417.567	261.795	15.696	29.465
417.415	261.642	15.721	29.447
417.288	261.278	15.562	30.023
417.046	260.567	15.729	30.613
416.892	260.407	15.737	31.008
417.043	260.173	15.332	31.305
416.767	260.129	15.572	31.371
416.803	260.349	15.917	31.162
416.669	260.378	16.089	31.111
416.597	260.278	15.989	31.168
416.687	260.105	15.994	31.276
416.560	259.931	15.631	31.537
416.189	259.902	14.926	31.479
415.956	259.535	15.534	31.619
415.916	260.091	14.681	31.124
415.762	260.029	14.474	31.091
415.537	259.618	14.593	31.539
414.861	259.857	14.725	31.579
414.718	259.638	14.626	31.559
414.402	259.986	14.773	30.775
413.031	259.778	15.311	30.810
405.301	259.311	15.494	29.542
384.131	259.332	16.092	30.332
372.155	260.180	15.888	30.052
365.361	260.559	15.754	29.507
362.759	260.464	16.105	30.273
362.987	260.570	16.426	30.444
363.135	259.546	15.885	31.758
363.248	260.848	15.618	30.602
362.029	259.537	15.854	31.921
359.595	260.265	16.660	31.177
354.986	260.651	17.461	30.833
347.702	260.848	16.685	30.648
345.150	262.021	16.648	29.771
344.484	260.860	16.638	31.230
344.348	260.207	16.395	31.602
344.853	260.651	16.093	31.289
345.002	260.255	15.732	31.510
344.838	259.459	16.057	32.403
345.149	259.663	15.614	32.232
345.464	259.505	15.402	32.325
345.498	259.822	15.789	32.030
345.336	259.911	16.478	32.005
344.912	259.484	17.340	32.303
345.293	259.886	16.999	31.906
345.314	260.029	17.266	31.997
345.495	260.427	17.178	31.661
345.743	260.898	17.285	30.933
346.084	260.678	17.341	31.524
346.038	260.964	17.342	31.256
345.918	260.939	17.641	31.306
346.216	261.068	17.540	31.218
346.334	261.104	17.325	31.027
346.303	260.840	17.316	31.512
346.156	261.068	17.534	31.207
346.071	260.484	17.843	31.606
346.364	260.766	17.472	31.521
346.344	260.215	17.416	32.136
346.251	259.627	17.021	32.604
346.210	259.225	16.809	33.050
346.127	259.069	16.949	33.262
346.098	259.271	16.698	33.229
346.000	259.566	16.579	32.890
345.455	259.241	16.817	33.293
345.500	260.172	16.698	32.223
345.527	259.599	16.580	32.697
345.414	259.734	16.612	32.665
345.542	259.886	16.504	32.637
345.694	259.364	16.473	33.282
345.681	259.962	16.260	32.448
345.790	259.894	16.068	32.533
345.875	259.909	15.926	32.541
346.032	259.879	15.845	32.526
346.220	260.223	15.695	32.114
346.318	260.193	15.454	32.110
346.275	260.060	15.442	32.210
346.327	259.911	15.464	32.426
346.413	260.223	15.415	31.991
346.362	259.881	15.504	32.266
346.257	259.896	15.496	32.262
346.396	259.761	15.432	32.419
346.405	260.105	15.575	32.076
346.353	260.105	15.626	32.110
346.413	259.761	15.509	32.431
346.310	259.792	15.689	32.389
346.241	260.075	15.469	32.128
346.430	259.911	15.436	32.259
346.506	259.777	15.511	32.415
346.374	260.001	15.282	32.180
346.498	260.238	15.501	31.988
346.514	260.120	15.446	32.150
346.362	259.822	15.599	32.426
346.449	260.105	15.207	32.165
346.514	260.237	15.465	31.993
346.489	260.001	15.283	32.214
346.362	259.866	15.467	32.348
346.481	259.911	15.329	32.348
346.422	260.223	15.558	32.002
346.531	259.986	15.410	32.195
346.523	259.671	15.438	32.432
346.573	259.746	15.407	32.412
346.589	260.090	15.390	32.147
346.564	259.881	15.453	32.277
346.489	259.731	15.509	32.438
346.578	259.866	15.240	32.348
346.498	260.208	15.482	31.995
346.539	259.911	15.345	32.303
346.447	259.686	15.513	32.517
346.412	259.926	15.298	32.321
346.506	260.267	15.588	31.936
346.531	260.179	15.524	32.013
346.514	259.792	15.503	32.378
346.573	260.105	15.369	32.132
346.439	260.414	15.503	31.778
346.551	260.132	15.098	32.087
346.642	259.890	15.096	32.243
346.624	260.134	14.972	31.925
346.621	260.305	15.455	31.802
346.933	260.086	14.877	32.175
346.898	259.935	14.983	32.316
346.907	260.208	14.866	31.995
346.872	260.378	15.081	31.896
346.924	260.101	14.939	32.171
346.872	260.326	14.937	31.935
346.898	260.523	14.965	31.729
346.799	261.038	15.449	31.236
346.921	260.459	14.980	31.829
346.898	260.217	15.055	32.045
346.872	260.564	14.919	31.752
346.807	261.151	15.364	31.157
347.042	260.625	14.862	31.696
346.852	260.373	15.141	31.921
346.958	260.814	14.869	31.502
346.930	260.696	14.991	31.565
346.956	260.491	14.929	31.857
346.907	260.564	15.010	31.904
346.890	260.756	14.866	31.517
346.922	260.813	14.946	31.525
347.042	260.783	14.880	31.413
346.991	261.259	14.949	30.949
346.691	260.855	15.320	31.346
346.638	261.159	15.534	30.932
346.843	261.001	15.132	31.337
346.727	260.871	15.356	31.434
346.924	261.134	15.491	31.084
346.548	261.378	15.917	30.693
346.535	261.232	15.993	30.766
346.838	260.699	16.165	31.227
347.105	260.162	16.517	31.928
347.279	260.238	16.653	32.066
347.386	259.667	16.341	32.704
347.506	259.789	16.641	32.616
347.451	259.630	16.695	32.623
347.524	259.085	16.898	33.552
347.435	259.111	16.862	33.479
347.660	259.158	17.083	33.307
347.764	259.268	17.062	33.186
348.165	259.816	16.610	32.696
348.090	259.442	16.796	33.094
348.241	259.272	16.916	33.285
348.127	259.499	17.071	32.978
348.307	259.054	16.911	33.267
348.400	259.484	16.757	32.911
348.584	259.795	16.887	32.604
348.425	260.278	16.887	31.965
348.577	260.327	16.472	31.943
348.517	260.424	16.494	31.777
348.250	260.588	16.428	31.721
347.715	260.259	17.002	32.258
347.490	259.862	16.645	32.707
347.062	260.016	17.132	32.719
347.156	260.408	17.063	32.207
347.226	260.260	16.464	32.508
347.245	259.909	16.098	32.366
347.279	260.445	15.648	31.758
347.362	260.177	15.542	31.934
347.159	260.472	15.707	31.764
347.168	260.653	15.585	31.631
347.105	260.843	15.427	31.397
347.153	260.712	15.204	31.464
347.024	260.638	15.315	31.513
347.080	260.975	15.295	30.945
347.042	260.986	15.486	30.997
347.005	260.986	15.405	31.167
346.921	261.316	15.818	30.870
347.207	261.363	16.070	31.115
347.890	261.478	16.064	30.979
347.902	261.953	16.347	30.526
348.070	262.375	16.304	30.339
348.043	262.159	16.676	30.415
348.039	262.264	16.395	30.384
348.144	262.407	16.695	30.147
348.199	262.278	16.618	30.266
348.169	261.887	16.725	30.760
348.149	261.992	16.804	30.707
348.019	262.064	17.092	30.604
348.133	261.921	17.028	30.811
348.114	262.060	17.169	30.571
348.419	261.516	16.985	31.238
348.606	261.648	16.913	30.984
348.316	261.574	17.108	31.299
348.375	261.268	17.084	31.541
348.567	261.029	16.754	31.834
348.733	260.607	16.087	32.246
348.355	260.737	16.112	32.146
348.172	260.840	16.068	31.964
347.984	260.766	16.053	31.994
347.939	260.855	15.758	31.783
347.911	260.686	15.805	32.187
347.365	261.249	16.102	31.600
347.556	260.851	15.829	31.913
347.393	260.822	15.885	31.986
347.587	260.836	15.672	32.015
347.396	260.836	15.755	31.982
347.353	260.822	15.252	31.889
347.461	261.076	15.464	31.657
347.514	261.149	15.030	31.541
347.453	260.967	15.176	31.736
347.596	260.565	15.124	31.840
347.495	260.594	15.244	31.798
347.504	260.549	15.198	31.854
347.436	260.341	15.322	32.094
347.564	260.490	14.986	31.891
347.831	260.623	15.132	31.703
347.759	260.505	14.733	31.778
347.596	260.550	15.348	31.820
347.794	260.534	14.785	31.738
347.719	260.696	15.244	31.652
347.660	260.564	15.042	31.708
347.588	260.882	15.450	31.640
347.776	260.638	14.890	31.776
347.759	260.729	15.185	31.633
347.703	260.638	15.298	31.754
347.669	260.520	14.980	31.666
347.621	260.710	15.417	31.642
347.803	260.520	14.864	31.796
347.629	260.710	15.447	31.710
347.696	260.549	15.077	31.854
347.743	260.460	15.295	31.899
347.916	260.446	14.716	32.034
347.727	260.534	15.292	31.890
347.812	260.282	14.944	32.056
347.864	260.207	14.803	32.153
347.907	260.475	14.760	31.830
347.767	260.595	15.271	31.757
347.958	260.579	14.923	31.802
347.894	260.505	15.126	32.007
348.009	260.416	14.729	31.933
347.727	260.782	15.330	31.729
347.907	260.490	14.920	32.099
347.916	260.549	14.894	31.897
347.727	260.608	15.311	31.926
347.890	260.446	14.991	31.925
347.846	260.638	14.945	31.656
347.775	260.623	15.301	31.736
347.890	260.490	14.884	31.924
347.870	260.446	15.187	31.805
347.992	260.296	14.692	32.074
348.047	260.421	14.916	31.931
348.092	260.311	14.574	32.113
347.925	260.624	15.095	31.672
348.142	260.071	14.614	32.408
348.043	260.267	14.749	31.920
347.925	260.334	15.076	31.962
348.017	260.117	14.649	32.199
347.909	260.653	15.110	31.869
348.001	260.132	14.917	32.359
347.933	260.460	14.752	31.953
347.902	260.581	15.137	31.964
347.967	260.416	14.932	31.846
347.890	260.566	15.118	31.630
347.768	260.910	15.424	31.297
347.776	260.937	15.564	31.393
347.933	260.858	16.119	31.458
347.902	261.179	16.690	31.255
348.260	260.663	16.613	31.986
348.324	261.209	16.534	31.407
348.123	261.016	16.888	31.781
348.027	260.804	17.157	32.081
347.818	261.258	17.645	31.701
347.598	261.456	18.349	31.587
347.483	261.831	18.590	31.021
347.585	261.751	18.314	31.237
348.019	261.515	17.674	31.583
347.777	261.427	17.958	31.751
348.008	261.634	17.685	31.476
347.941	261.427	17.752	31.591
348.062	261.382	17.631	31.625
348.147	260.785	17.587	32.254
348.168	260.962	17.525	31.755
348.030	261.141	17.562	32.011
347.954	260.932	17.719	31.796
347.954	261.173	17.577	31.881
348.073	260.612	17.682	32.776
347.706	260.393	17.612	32.793
347.429	259.969	17.627	33.139
347.294	260.612	17.510	32.652
347.716	260.302	16.422	33.082
347.445	260.550	16.827	32.849
347.584	260.334	16.262	32.886
347.605	260.592	16.084	32.629
347.762	260.393	15.686	33.024
347.606	260.130	15.570	33.185
347.664	259.771	15.618	33.103
347.813	260.238	15.430	32.892
347.953	260.183	15.325	32.926
347.747	259.910	15.873	33.166
347.806	259.661	15.747	33.389
347.823	260.108	16.123	32.795
348.032	260.607	16.289	32.194
348.051	260.515	16.549	32.523
348.139	260.547	16.867	32.457
348.302	261.023	16.845	31.947
348.293	260.819	16.452	32.352
348.283	261.149	17.108	32.122
348.349	261.200	17.249	32.032
348.395	261.123	17.137	32.054
348.475	261.351	17.137	31.934
348.487	261.517	17.325	31.639
348.616	261.260	17.308	31.821
348.725	261.260	17.321	31.982
348.490	261.472	17.636	31.695
348.436	261.517	17.731	31.639
348.190	261.077	17.716	32.015
348.241	261.113	17.699	32.008
348.465	261.233	17.526	31.943
348.425	260.550	17.650	32.759
348.345	260.595	17.563	32.536
348.880	260.950	16.660	32.457
348.662	260.238	16.549	33.254
348.354	260.810	16.491	32.477
348.587	260.819	16.339	32.552
348.557	260.954	15.818	32.283
348.523	260.354	16.272	32.602
348.460	261.389	16.229	31.525
348.596	260.731	16.024	32.098
348.468	261.016	15.886	32.002
348.623	260.674	15.506	32.310
348.676	260.474	15.471	32.541
348.650	260.825	15.350	32.193
348.711	260.596	15.441	32.288
348.447	260.459	15.513	32.446
348.523	261.002	15.495	31.972
348.564	260.459	15.626	32.327
348.578	260.484	15.607	32.422
348.532	260.766	15.746	32.117
348.614	260.490	15.627	32.351
348.614	260.499	15.683	32.395
348.765	260.544	15.645	32.328
348.685	260.678	15.782	32.082
348.825	260.276	15.756	32.467
348.721	260.454	15.765	32.351
348.782	260.663	15.609	32.097
349.004	260.671	15.418	32.126
349.041	260.535	15.527	32.338
349.014	260.671	15.463	32.224
349.123	260.474	15.427	32.399
349.069	260.261	15.463	32.569
349.086	260.032	15.709	32.818
349.051	260.319	15.361	32.407
349.114	260.289	15.363	32.471
349.096	259.986	15.417	32.852
349.061	260.016	15.675	32.799
349.123	260.244	15.307	32.639
349.239	260.213	15.183	32.591
349.132	260.001	15.236	32.826
349.070	259.986	15.686	32.942
349.158	260.077	15.271	32.840
348.995	259.986	15.761	32.886
349.069	260.401	15.324	32.414
349.168	259.875	15.290	32.922
348.920	260.092	15.797	32.746
349.005	259.894	15.553	33.011
348.733	259.710	15.642	33.229
348.702	260.014	15.890	32.975
348.641	259.939	15.913	32.963
348.806	259.924	15.670	33.080
348.762	259.893	15.522	33.111
348.721	259.894	15.823	33.102
348.650	260.245	15.866	32.714
348.587	259.879	15.842	33.094
348.676	259.816	15.648	33.188
348.623	259.831	15.911	33.128
348.560	259.955	15.859	33.027
348.632	259.970	15.903	32.955
348.506	259.909	15.990	33.017
348.524	260.077	15.991	32.893
348.497	260.245	16.095	32.691
348.578	260.184	16.209	32.775
348.614	260.062	15.882	32.931
348.569	260.123	16.042	32.858
348.632	260.031	15.922	32.996
348.524	260.169	16.107	32.847
348.614	260.047	15.786	32.946
348.641	260.154	15.836	32.862
348.733	260.084	15.697	32.899
348.458	260.047	15.952	32.870
348.542	260.031	15.782	32.826
348.614	259.833	15.853	33.061
348.533	260.412	16.040	32.570
348.738	260.254	15.729	32.598
348.477	260.603	16.240	32.325
348.623	260.469	16.017	32.329
348.721	260.943	15.861	31.963
348.936	261.001	15.645	31.851
349.132	260.866	15.218	31.996
349.001	260.638	15.246	32.107
348.872	260.916	15.449	31.717
348.898	260.785	15.348	31.971
348.696	260.887	15.513	31.891
348.267	261.060	15.887	31.780
348.481	260.851	15.972	31.892
348.449	260.761	16.307	32.014
348.279	259.679	16.943	33.058
348.223	259.901	17.677	32.517
349.125	259.225	17.118	32.998
349.767	259.696	16.590	32.735
351.749	259.601	16.188	32.957
352.438	259.723	16.606	32.703
353.526	259.295	16.746	33.263
354.203	259.824	17.514	32.842
354.264	259.960	17.739	32.876
353.255	260.475	18.595	32.194
354.405	259.840	17.957	32.949
354.403	260.413	18.114	32.320
354.472	260.424	18.162	32.302
354.695	260.408	18.055	32.240
354.505	260.378	18.098	32.282
354.060	259.777	18.776	32.994
353.650	260.095	19.161	32.808
353.553	260.070	18.884	32.709
352.635	260.263	19.934	32.676
352.462	260.080	19.872	32.652
351.822	260.615	20.409	32.194
351.016	260.696	21.203	32.187
350.039	261.094	22.093	31.957
348.835	261.896	23.032	31.052
347.901	262.321	23.772	30.669
345.678	262.727	25.485	30.243
345.824	263.102	24.826	29.839
344.421	264.308	26.440	28.541
344.207	264.570	26.230	28.286
343.276	264.385	27.010	28.634
343.683	261.695	26.659	32.216
343.492	262.396	26.660	31.765
343.435	262.881	26.483	30.971
343.193	263.382	26.264	30.533
343.461	262.722	26.177	31.073
343.710	260.573	25.331	33.799
343.921	260.996	25.020	33.456
344.457	260.174	24.444	34.703
344.530	260.405	24.396	34.316
344.690	260.589	23.711	33.963
344.887	259.659	23.216	34.672
345.486	259.682	22.675	34.806
345.448	259.682	22.829	34.770
346.827	259.666	21.661	34.457
347.388	259.744	21.055	34.589
348.073	259.970	20.495	34.453
348.531	259.915	19.950	34.365
349.401	260.242	19.175	34.285
349.148	260.210	19.552	34.119
349.356	260.199	19.216	34.600
349.618	260.460	19.262	34.408
349.551	260.597	19.351	34.273
349.815	260.400	19.054	34.356
350.442	260.947	18.360	33.861
350.436	261.188	18.174	33.424
351.088	261.711	17.955	32.402
351.119	261.579	17.790	32.595
351.233	261.253	17.770	33.078
351.013	261.268	17.969	33.062
351.212	261.809	17.769	32.582
351.445	262.191	17.484	32.331
350.954	261.652	17.944	32.636
351.385	262.039	17.617	32.437
350.730	262.102	18.086	32.624
350.959	262.009	17.929	32.684
350.695	262.221	18.028	32.426
350.455	261.963	18.145	32.498
350.751	262.160	18.013	32.429
350.466	261.620	17.891	32.841
350.821	261.734	17.633	32.743
350.798	261.780	17.772	32.697
350.894	262.206	17.849	32.395
350.664	261.714	17.719	32.802
350.747	261.657	17.813	32.775
350.604	262.145	18.304	32.536
350.290	261.778	18.108	32.856
350.605	261.604	17.891	32.713
350.455	261.872	17.823	32.481
350.558	262.130	17.981	32.167
350.385	261.855	18.060	32.262
350.590	261.362	17.939	32.692
350.337	261.471	18.242	32.517
350.605	261.548	17.964	32.396
350.706	261.666	17.918	32.431
350.537	261.331	18.108	32.701
350.542	260.794	17.975	32.923
350.882	261.244	17.709	32.769
350.684	261.164	17.654	32.831
350.860	260.917	17.555	33.078
350.513	261.115	17.686	32.936
350.669	260.890	17.813	33.043
350.637	261.229	17.933	32.818
350.821	260.858	17.612	33.152
350.218	261.260	18.160	32.776
350.626	261.244	17.807	32.724
350.695	260.901	17.688	33.037
350.921	261.024	17.596	33.263
350.182	261.059	18.176	33.034
350.359	261.028	18.094	33.168
350.637	261.321	17.901	32.794
350.616	260.778	17.603	33.079
350.495	260.718	17.762	33.240
350.595	260.934	17.880	33.034
350.851	260.996	17.644	32.949
350.650	260.808	17.549	33.097
350.583	260.917	17.770	33.169
350.730	261.090	17.851	32.946
350.872	261.352	17.667	32.684
350.472	260.792	17.911	33.271
350.626	260.996	17.870	33.073
350.435	261.183	18.177	32.785
350.283	261.260	18.340	32.867
350.081	261.214	18.552	32.710
349.549	261.275	19.170	32.637
349.064	260.963	19.165	32.936
348.020	260.678	20.024	33.457
347.292	260.786	20.608	33.457
346.016	261.799	21.622	32.579
345.664	262.035	22.333	31.961
345.142	262.360	22.654	31.833
344.852	262.620	22.471	31.596
344.725	263.301	22.280	31.143
344.283	263.463	22.617	30.740
343.815	263.432	22.943	30.750
344.136	263.447	22.300	30.838
343.523	262.919	23.321	32.023
342.992	263.123	23.717	31.728
342.755	263.013	23.968	31.989
343.371	262.441	23.124	32.518
342.865	262.840	24.143	32.293
343.246	261.988	23.976	33.380
343.639	261.525	23.529	33.846
344.124	261.339	23.307	34.147
344.875	261.754	22.626	33.699
346.350	262.045	21.182	33.341
346.567	261.485	20.800	33.731
346.372	261.626	21.497	33.487
346.736	262.152	21.166	33.093
347.008	262.006	21.095	33.301
346.956	262.022	21.183	33.205
347.111	262.101	20.980	32.832
347.111	262.164	20.557	32.983
346.488	261.597	20.257	33.741
346.386	262.164	20.527	32.892
346.339	262.293	19.961	32.549
346.307	261.960	19.104	32.908
346.237	262.132	19.249	32.625
344.512	262.241	20.423	32.273
344.262	262.225	20.603	32.600
343.981	261.805	21.056	32.728
344.034	263.203	20.939	31.681
342.339	263.203	22.348	31.992
341.112	263.908	23.304	31.530
341.656	263.578	22.914	31.337
340.384	263.834	23.657	30.989
340.278	263.004	23.362	31.452
339.206	262.749	23.395	31.892
339.557	261.881	22.745	32.587
339.595	261.840	21.111	32.514
338.683	261.767	19.833	32.537
337.832	262.313	19.997	32.110
338.411	262.188	19.557	32.247
338.524	262.321	18.892	32.283
338.581	262.344	18.652	32.304
338.325	262.673	18.782	31.677
338.466	262.658	18.401	31.873
338.253	262.723	18.712	31.975
338.123	262.489	18.492	32.050
337.872	262.517	18.774	32.136
337.345	262.454	18.967	32.101
336.695	262.377	19.904	32.424
335.985	262.724	20.037	31.803
335.318	263.022	20.821	31.582
333.698	262.722	21.891	31.647
332.597	262.404	23.315	31.967
331.242	261.913	24.349	32.023
329.532	263.232	25.641	30.728
330.596	264.118	23.988	30.512
329.564	264.130	25.332	30.143
329.020	264.224	25.053	30.122
329.983	262.671	24.584	32.182
329.276	262.519	25.367	32.122
329.383	262.910	25.381	31.983
329.480	263.164	24.755	31.601
328.823	263.046	25.560	31.679
329.119	261.866	25.240	33.640
328.868	261.614	25.253	33.751
328.705	261.347	25.114	34.064
328.825	261.101	23.990	34.502
329.794	261.371	22.188	33.905
329.322	261.302	22.244	33.788
329.139	260.952	20.034	34.433
329.710	260.934	18.411	33.920
329.342	261.429	18.744	33.118
329.845	262.384	18.766	32.485
329.260	263.108	17.991	31.894
329.778	262.932	17.888	32.068
329.960	263.083	17.727	31.829
329.800	263.203	17.975	31.547
329.585	263.397	18.252	31.385
329.515	263.427	18.117	31.377
329.839	263.397	18.012	31.353
329.789	263.486	17.844	31.231
329.641	263.138	18.211	31.721
330.078	263.441	17.951	31.416
329.777	263.412	18.038	31.252
329.849	263.233	17.875	31.549
329.733	263.188	18.042	31.648
329.833	263.322	18.003	31.449
329.744	263.516	18.031	31.223
329.859	263.427	18.099	31.258
329.744	263.352	18.093	31.527
329.766	263.367	18.009	31.654
329.755	263.367	18.153	31.809
329.747	263.271	18.501	31.771
329.684	263.743	18.361	31.432
329.676	263.530	18.493	31.823
329.616	263.636	18.545	31.481
329.900	263.620	18.381	31.496
329.480	263.530	18.532	31.737
329.558	263.741	18.525	31.429
329.516	263.666	18.634	31.590
329.505	263.499	18.492	31.681
329.494	263.681	18.622	31.372
329.451	263.666	18.698	31.504
329.308	263.620	18.830	31.571
328.960	263.651	19.126	31.487
328.898	263.743	19.380	31.278
328.935	263.758	19.247	31.351
329.035	263.905	19.052	31.094
328.944	263.225	19.581	31.795
329.026	263.549	19.325	31.619
329.001	263.367	19.507	31.993
328.877	263.743	19.442	31.581
328.978	263.337	19.441	32.045
329.478	262.973	19.025	32.184
329.184	263.171	19.189	31.942
329.901	263.059	18.720	32.215
329.766	262.978	18.824	32.009
329.991	262.810	18.775	32.287
330.012	262.237	18.717	32.850
330.217	262.289	18.496	32.846
330.207	261.782	18.220	33.331
329.880	262.291	18.755	32.745
330.001	261.192	17.591	33.759
329.841	260.957	17.718	33.644
329.489	260.919	15.984	33.069
328.704	260.606	15.866	33.347
328.321	260.652	15.072	33.301
328.255	259.928	15.584	34.331
328.314	259.688	15.455	34.400
328.150	259.156	15.338	34.790
327.712	259.122	15.333	35.069
327.589	259.122	15.288	35.118
327.625	259.761	14.998	34.515
326.603	260.147	16.053	33.696
326.719	260.179	15.918	33.700
326.776	260.147	15.786	33.661
326.623	260.038	15.989	33.748
326.374	260.101	15.894	33.720
326.481	260.381	15.950	33.348
326.110	260.458	16.045	33.351
326.016	260.116	16.295	33.624
326.025	260.179	16.446	33.607
326.000	259.959	15.933	33.792
326.070	260.350	16.381	33.287
325.962	260.303	16.449	33.334
326.150	260.085	16.122	33.575
325.934	260.256	16.318	33.460
325.879	260.132	16.354	33.574
326.052	260.069	16.141	33.625
326.097	259.975	16.414	33.868
326.039	260.190	15.765	33.780
325.944	260.022	16.172	33.683
326.052	259.363	16.161	34.411
326.143	259.162	16.174	34.515
326.204	259.181	16.074	34.653
326.073	259.254	16.245	34.405
326.178	258.712	16.300	35.047
326.174	258.948	15.982	34.865
326.204	259.151	16.094	34.643
326.195	259.007	16.303	34.876
326.059	259.077	16.250	34.736
326.314	259.350	16.306	34.392
326.204	259.393	16.355	34.460
326.463	258.974	15.975	35.216
326.460	259.382	15.792	34.683
326.677	259.209	15.594	34.872
326.729	259.321	15.447	34.355
327.013	259.241	15.277	34.565
326.944	259.418	15.162	34.151
326.857	259.219	15.391	34.307
326.623	259.581	15.077	33.851
326.905	258.578	15.299	35.184
326.947	258.796	15.004	35.038
326.651	258.254	15.153	35.346
326.422	258.522	15.639	35.459
326.424	258.996	15.962	34.846
326.117	258.972	16.381	34.887
326.078	259.341	16.116	34.071
325.930	259.312	16.688	33.927
326.212	259.250	16.593	33.892
325.674	259.591	16.788	33.472
325.801	259.441	16.778	33.798
325.707	259.636	16.670	33.490
325.308	259.639	16.906	33.709
325.325	259.604	16.756	33.744
325.223	259.581	17.015	33.751
325.274	259.667	17.064	33.761
325.150	259.782	17.029	33.932
324.553	259.713	17.167	33.985
324.811	259.736	16.988	33.802
324.754	259.085	17.113	34.413
324.583	259.166	16.756	34.231
324.707	258.911	16.472	34.579
324.884	259.080	16.634	34.554
324.637	259.573	16.984	34.040
324.698	259.234	16.902	34.384
324.370	259.493	16.977	34.225
324.059	259.388	16.700	34.326
323.811	259.586	17.048	34.176
323.563	259.873	17.176	34.001
323.171	260.043	17.568	34.139
322.976	260.131	17.668	34.266
322.760	260.103	17.640	34.284
322.457	260.186	17.638	34.249
322.678	260.139	16.987	34.537
322.418	260.293	17.268	34.245
322.019	260.305	16.827	33.870
321.838	259.546	16.262	34.469
321.847	259.689	16.000	34.357
321.668	259.843	15.814	34.046
321.473	259.676	15.817	34.146
321.482	259.914	15.732	33.972
321.297	259.794	15.529	34.309
321.043	260.473	15.371	33.232
320.931	260.080	15.480	33.389
320.875	259.987	15.391	33.483
320.702	260.115	15.102	33.462
320.640	260.150	14.993	33.658
320.759	260.685	14.580	32.938
320.758	260.323	14.719	33.248
320.489	260.196	14.771	33.436
320.356	260.663	14.866	33.004
320.514	260.701	14.639	32.715
320.302	260.444	14.543	33.062
320.231	260.474	14.650	33.077
320.362	260.139	14.668	33.387
320.102	260.474	14.697	33.341
320.012	260.596	14.752	33.301
319.799	260.385	14.857	33.253
319.851	260.550	14.859	33.093
320.078	260.115	14.650	33.456
320.003	260.766	14.760	32.527
319.975	260.581	14.692	32.723
320.174	260.334	14.546	33.283
320.110	260.323	14.635	33.324
320.012	260.686	14.716	32.922
319.922	260.626	14.702	32.948
320.020	260.565	14.476	33.043
319.622	260.520	14.656	33.020
319.662	260.581	14.562	32.926
319.735	260.611	14.401	32.918
319.662	260.581	14.634	32.880
319.845	260.550	14.487	33.035
319.806	260.626	14.526	32.869
319.914	260.357	14.310	33.505
319.906	260.219	14.408	33.535
319.914	260.173	14.364	33.642
319.821	260.185	14.511	33.524
319.876	260.185	14.367	33.631
319.845	260.173	14.505	33.719
319.860	259.819	14.550	33.983
319.711	260.484	14.792	33.102
319.868	260.535	14.609	32.982
319.766	260.398	14.674	33.187
319.821	260.414	14.547	33.172
319.975	260.429	14.466	33.203
319.982	260.444	14.513	33.187
319.967	260.162	14.565	33.531
319.825	259.905	14.795	33.712
319.680	260.331	14.842	33.232
319.719	260.307	14.795	33.132
319.837	260.322	14.640	33.207
319.758	260.246	14.737	33.261
319.790	260.337	14.524	33.203
319.790	260.368	14.506	33.241
319.929	260.069	14.439	33.655
319.676	260.520	14.768	33.043
319.813	260.444	14.483	33.176
319.758	260.444	14.664	33.028
319.646	260.429	14.704	33.134
319.711	260.474	14.567	33.054
319.654	260.398	14.696	33.131
319.679	260.368	14.528	33.161
319.662	260.429	14.688	33.123
319.638	260.414	14.694	33.149
319.630	260.383	14.720	33.168
319.891	260.219	14.477	33.642
319.877	260.219	14.603	33.443
319.662	260.104	14.544	33.589
319.498	260.200	14.620	33.341
319.456	260.322	14.662	33.150
319.481	260.307	14.690	33.302
319.573	260.069	14.528	33.517
319.573	260.368	14.581	33.195
319.539	260.414	14.721	33.104
319.405	260.383	14.838	33.180
319.472	260.429	14.699	33.134
319.654	260.246	14.499	33.317
319.472	260.414	14.663	33.093
319.498	260.368	14.691	33.195
319.605	260.398	14.512	33.142
319.514	260.398	14.515	33.199
319.556	260.353	14.580	32.996
319.646	260.429	14.578	33.066
319.638	260.398	14.569	33.131
319.531	260.398	14.658	33.153
319.573	260.368	14.563	33.116
319.605	260.429	14.601	32.964
319.695	260.444	14.406	32.949
319.622	260.429	14.461	32.897
319.658	260.383	14.441	33.044
319.630	260.459	14.559	32.855
319.743	260.398	14.500	33.006
319.727	260.383	14.286	32.999
319.600	260.326	14.463	33.044
319.798	260.022	14.355	33.367
319.798	259.894	14.338	33.602
319.695	260.183	14.494	33.295
319.790	260.139	14.222	33.326
319.790	260.550	14.434	32.742
319.695	260.520	14.397	32.816
319.680	260.326	14.474	33.160
319.695	260.150	14.601	33.406
319.790	260.459	14.381	32.968
319.960	260.092	14.088	33.494
319.899	260.115	14.166	33.471
319.829	260.057	14.236	33.575
319.790	260.474	14.363	32.941
319.727	260.307	14.409	33.030
319.782	260.368	14.300	33.048
319.719	260.022	14.329	33.579
319.646	259.987	14.296	33.523
319.798	260.011	14.285	33.500
319.837	260.011	14.228	33.591
319.829	260.115	14.360	33.486
319.687	260.092	14.414	33.494
319.790	260.150	14.240	33.451
319.774	260.104	14.291	33.467
319.719	260.196	14.452	33.390
319.679	260.242	14.422	33.283
319.687	260.231	14.431	33.340
319.750	260.300	14.385	33.241
319.727	260.150	14.498	33.482
319.687	260.092	14.538	33.479
319.597	259.752	14.574	33.789
319.451	260.195	14.725	33.358
319.573	259.976	14.556	33.718
319.522	260.251	14.719	33.380
319.679	259.941	14.386	33.646
319.695	260.329	14.512	33.177
319.703	260.057	14.398	33.590
319.711	260.104	14.550	33.498
319.774	259.941	14.379	33.646
319.891	260.362	14.280	33.269
319.813	259.952	14.304	33.680
319.790	259.976	14.240	33.580
319.798	260.069	14.267	33.441
319.852	260.046	14.372	33.541
319.750	260.057	14.492	33.483
319.719	260.092	14.470	33.586
319.766	259.941	14.458	33.676
319.646	260.529	14.525	32.915
319.719	260.139	14.382	33.509
319.654	260.414	14.624	33.104
319.703	260.081	14.522	33.506
319.750	259.905	14.456	33.788
319.551	260.334	14.652	33.145
319.782	260.092	14.407	33.540
319.790	259.941	14.275	33.555
319.790	260.092	14.310	33.616
319.743	260.104	14.235	33.452
319.774	260.150	14.151	33.375
319.798	259.987	14.250	33.508
319.630	260.380	14.470	33.085
319.743	260.231	14.464	33.340
319.790	260.115	14.488	33.486
319.719	260.254	14.577	33.196
319.790	260.115	14.452	33.395
319.719	260.069	14.542	33.441
319.750	260.196	14.367	33.253
319.758	260.127	14.610	33.383
319.790	260.104	14.506	33.452
319.821	260.069	14.475	33.533
319.883	260.219	14.323	33.413
319.845	260.196	14.362	33.420
319.914	260.219	14.257	33.397
319.937	260.219	14.323	33.458
319.876	260.162	14.331	33.455
319.703	260.081	14.451	33.536
319.782	260.150	14.425	33.436
319.876	260.081	14.295	33.613
319.798	260.550	14.391	32.945
319.837	260.046	14.495	33.602
319.622	260.379	14.603	33.111
319.750	260.162	14.350	33.470
319.743	260.115	14.464	33.410
319.735	260.092	14.544	33.449
319.735	260.092	14.419	33.403
319.774	260.219	14.522	33.367
319.829	260.277	14.395	33.294
319.774	260.231	14.504	33.325
319.852	260.162	14.390	33.425
319.782	260.277	14.496	33.294
319.719	260.185	14.470	33.478
319.679	260.104	14.351	33.513
319.845	260.011	14.203	33.576
319.829	260.127	14.324	33.536
319.821	260.219	14.368	33.443
319.829	260.081	14.413	33.597
319.774	260.565	14.361	32.929
319.766	260.011	14.476	33.637
319.687	260.559	14.574	32.955
319.646	260.034	14.578	33.568
319.662	260.574	14.544	32.893
319.711	260.196	14.478	33.420
319.774	260.231	14.504	33.416
319.654	260.242	14.642	33.390
319.622	260.219	14.638	33.306
319.766	260.334	14.334	33.252
319.719	260.323	14.435	33.294
319.711	260.323	14.390	33.340
319.719	260.346	14.329	33.180
319.662	260.254	14.385	33.348
319.703	260.034	14.327	33.522
319.727	259.776	14.391	33.704
319.646	260.083	14.650	33.532
319.782	260.340	14.460	33.291
319.662	261.134	14.670	32.554
319.798	261.011	14.373	32.678
320.024	260.607	14.120	33.172
320.158	260.906	14.109	33.023
319.958	261.087	14.309	32.706
319.978	261.579	14.130	32.077
320.158	261.377	14.033	32.368
320.092	261.510	14.100	32.296
320.039	261.929	14.158	31.783
319.913	261.368	14.375	32.542
320.091	261.608	14.018	32.230
320.100	262.488	14.210	31.347
320.053	262.007	14.113	31.962
319.913	261.841	14.200	32.040
320.091	262.415	14.176	31.524
319.729	262.116	14.454	31.808
319.759	262.036	14.420	31.835
319.711	262.047	14.363	31.780
319.508	262.380	14.467	31.265
319.605	261.985	14.508	31.823
319.183	261.893	14.702	31.875
318.603	261.123	15.037	32.529
318.439	261.490	15.446	32.166
318.257	261.011	15.293	32.944
317.817	260.925	15.823	33.013
317.467	261.142	15.674	32.826
317.194	261.259	16.608	32.760
316.587	262.053	16.966	32.226
316.064	262.047	16.905	32.456
316.041	262.592	16.591	32.098
315.557	262.954	16.804	31.725
315.146	263.014	16.321	31.773
315.260	263.906	15.925	30.643
315.189	264.175	16.040	30.491
314.638	264.823	16.119	29.855
313.548	265.616	16.756	29.093
313.023	265.604	17.192	29.380
312.815	266.330	17.014	28.547
312.295	266.179	17.765	29.189
312.557	266.515	17.118	28.388
311.980	266.179	17.865	28.850
312.091	265.650	17.924	29.659
312.389	266.077	17.741	29.189
311.589	265.862	18.272	29.546
311.500	265.726	18.457	29.708
311.513	265.574	18.510	29.746
311.243	265.055	18.756	30.408
311.098	265.120	18.764	30.060
311.328	265.573	18.516	29.689
311.117	265.044	18.895	30.333
311.265	265.297	18.466	29.797
310.958	264.810	18.891	30.667
311.814	265.828	17.990	29.716
311.051	264.786	18.530	30.643
311.127	264.982	18.682	30.312
311.212	265.067	18.541	30.284
311.360	264.213	18.439	31.210
311.085	264.229	18.540	31.049
311.535	264.336	18.215	31.045
311.650	264.207	18.126	31.174
311.630	264.867	18.126	30.556
311.531	265.276	18.135	30.147
311.587	265.012	18.118	30.854
311.609	265.109	18.137	30.300
311.262	265.185	18.302	30.252
311.577	265.356	18.183	30.317
311.065	265.023	18.448	30.540
311.303	265.172	18.411	30.687
311.127	265.183	18.514	30.054
311.567	265.455	18.106	30.041
311.265	265.160	18.368	30.245
311.733	265.632	18.038	29.820
311.378	265.002	18.212	30.734
311.425	265.109	18.268	30.386
311.756	265.613	17.958	29.737
311.225	265.139	18.295	30.771
311.469	264.812	18.057	30.814
311.469	265.336	18.120	30.175
311.683	264.927	17.948	30.823
311.683	264.897	17.791	30.816
311.690	265.155	17.863	30.459
311.640	265.139	17.970	30.410
311.715	265.451	17.958	30.256
311.472	265.192	18.183	30.545
311.370	265.056	18.238	30.511
311.588	265.455	18.188	30.159
311.400	265.002	18.220	30.720
311.414	264.972	18.206	30.785
311.360	265.056	18.260	30.511
311.662	265.495	18.010	30.016
311.322	265.012	18.319	30.651
311.651	264.972	18.073	30.712
311.164	264.929	18.502	30.754
311.662	264.993	18.031	30.734
311.413	264.908	18.140	30.761
311.555	265.004	18.222	30.709
311.662	264.563	18.094	31.121
311.693	264.628	17.926	30.998
311.890	265.104	17.813	30.569
311.521	264.484	18.053	31.412
311.598	265.138	18.053	30.689
311.422	264.747	18.286	31.009
311.516	264.951	18.092	30.704
311.485	265.074	18.235	30.673
311.349	264.887	18.237	30.812
311.381	264.693	18.384	31.093
311.951	264.164	17.986	31.708
311.767	263.902	18.075	31.880
312.049	264.012	17.916	31.816
311.862	263.813	18.173	32.059
311.684	264.039	18.329	31.854
311.364	263.749	18.366	32.108
310.909	263.902	18.704	31.729
310.570	263.979	19.419	31.815
309.907	263.896	19.583	31.666
309.450	263.950	20.331	31.468
308.065	262.735	21.672	32.962
307.558	262.878	21.999	32.381
306.988	262.721	22.501	32.965
307.416	263.170	21.813	32.117
306.914	264.155	22.213	31.479
306.579	263.594	22.141	31.816
306.375	263.957	22.422	31.567
306.541	264.486	22.206	30.951
306.328	264.125	22.262	31.181
305.892	264.294	22.759	31.053
306.090	262.728	22.522	32.661
306.588	263.279	22.190	32.435
306.730	262.832	22.067	32.484
306.857	262.847	22.086	32.635
306.514	262.863	22.428	32.419
307.696	262.016	21.537	33.327
307.828	262.248	21.628	33.090
308.251	262.194	21.292	33.110
308.451	262.768	21.166	32.625
309.416	262.468	20.209	32.540
309.925	262.287	19.751	32.980
310.188	262.207	19.847	33.015
310.469	262.588	19.681	32.822
310.878	262.571	19.225	32.751
310.705	262.372	19.282	32.763
311.204	262.350	19.046	33.088
311.538	262.627	18.734	32.788
311.232	262.200	18.866	33.042
311.507	262.627	18.799	32.765
311.615	262.571	18.532	32.741
311.825	263.156	18.300	32.472
311.927	263.121	18.213	32.218
311.927	263.221	18.234	31.877
311.938	263.084	18.033	32.055
312.307	262.892	17.820	32.293
312.418	263.515	17.841	31.506
312.297	263.464	17.926	31.571
312.415	263.486	17.733	31.623
312.202	263.254	18.011	31.885
312.303	263.692	17.930	31.384
311.870	263.220	17.904	31.756
311.866	263.278	18.063	31.634
311.800	263.337	18.078	31.640
311.755	263.203	17.979	31.797
311.596	263.248	18.179	31.675
311.341	263.456	18.314	31.412
311.319	263.412	18.399	31.577
311.071	263.332	18.764	31.773
310.774	263.266	18.786	31.766
310.948	263.461	18.830	31.342
310.419	263.302	19.055	32.051
309.634	263.121	20.366	31.813
308.850	263.438	20.875	31.387
307.902	263.690	21.675	31.196
306.180	263.711	22.929	30.933
303.701	263.880	24.997	30.798
303.818	264.891	24.400	29.802
303.739	264.827	24.222	29.933
303.865	266.378	24.268	28.574
302.437	266.038	25.518	29.024
303.601	263.983	24.058	31.887
303.776	264.326	23.410	31.720
302.669	264.279	24.861	31.719
303.350	264.500	24.126	31.332
303.583	264.756	23.820	31.203
303.207	263.081	24.284	32.343
304.448	263.716	23.218	31.750
303.943	262.752	23.647	32.978
304.142	263.140	23.699	32.415
305.371	262.169	22.562	33.024
305.019	261.888	23.272	33.399
305.807	262.469	22.572	32.462
306.547	262.342	22.007	32.520
308.121	262.145	20.424	32.829
308.523	262.026	20.199	32.894
309.421	262.449	19.406	32.471
309.524	262.442	19.412	32.415
310.247	262.688	18.655	32.406
310.272	262.581	18.522	32.409
310.478	262.899	18.434	32.114
310.518	262.440	18.270	32.374
310.593	262.626	18.092	32.016
310.950	262.636	18.025	32.068
311.068	262.590	17.864	32.091
311.136	262.590	17.762	32.147
310.976	262.575	18.236	32.040
311.315	262.484	17.942	32.186
310.920	262.515	18.015	32.312
310.905	262.575	18.119	32.084
310.991	262.393	18.095	32.266
310.872	262.726	18.246	31.934
311.139	262.771	17.916	31.900
311.327	262.627	17.484	32.123
311.133	262.810	17.585	31.864
311.060	262.719	17.575	31.923
311.178	263.322	17.627	31.427
311.035	263.089	17.631	31.720
311.220	263.263	17.606	31.347
311.038	263.253	17.682	31.277
311.117	263.194	17.416	31.486
310.762	263.238	18.060	31.636
310.976	263.722	17.576	30.825
310.995	263.475	17.605	31.066
310.467	263.607	17.810	31.030
310.401	263.660	18.022	31.146
310.381	263.592	18.261	31.100
309.978	263.692	18.414	30.907
309.910	263.665	18.828	31.058
308.723	263.654	19.774	31.293
308.092	264.213	20.281	30.545
306.468	264.501	21.850	30.021
305.796	264.819	22.231	30.085
304.406	265.359	23.151	29.344
304.456	265.729	23.157	28.931
303.667	266.051	23.673	28.341
303.608	264.412	23.764	31.234
303.687	264.407	23.547	31.225
303.596	264.757	23.548	30.706
303.460	265.590	23.474	29.624
302.887	265.016	23.936	30.244
303.203	263.988	23.642	31.601
303.467	263.749	23.449	31.653
303.747	263.121	23.131	32.499
304.031	263.758	23.266	31.979
304.284	263.248	22.872	32.189
304.944	261.347	22.708	34.091
304.437	261.594	23.411	33.925
305.900	261.890	22.030	33.696
306.085	261.274	21.995	34.192
307.097	261.466	21.117	33.988
307.903	261.427	20.676	34.165
308.001	261.492	20.543	34.030
308.365	261.799	20.335	33.589
308.699	261.702	20.004	33.547
308.565	261.725	19.917	33.581
308.948	261.581	19.844	33.645
308.868	261.868	19.973	33.518
308.682	261.581	20.017	33.813
308.459	262.509	20.291	32.798
307.565	262.011	21.390	33.181
307.681	261.508	21.421	34.110
306.852	261.641	22.302	33.869
306.232	262.686	22.622	32.815
306.156	262.134	22.324	33.512
305.319	262.441	23.161	33.092
303.643	261.599	24.277	34.228
303.865	261.807	22.992	33.603
303.737	261.948	22.718	33.473
302.821	261.922	22.441	33.372
302.290	261.614	22.385	33.612
302.826	261.124	20.318	34.311
303.166	261.473	19.713	33.479
303.267	260.917	19.306	34.183
303.523	261.472	18.738	33.525
303.835	261.739	18.918	33.207
304.171	261.803	18.351	33.088
304.272	261.366	18.016	33.546
303.923	261.850	18.256	33.275
303.912	261.667	18.086	33.335
303.256	261.636	18.327	33.276
302.124	261.519	19.217	33.271
301.194	261.492	19.634	33.100
300.208	261.328	21.254	33.353
298.989	262.035	22.085	32.857
299.119	262.121	22.020	33.102
299.156	261.768	21.960	33.941
298.019	262.913	23.036	33.118
298.308	262.683	22.609	33.282
297.731	262.647	23.010	33.219
297.550	262.450	23.078	33.371
297.051	262.227	23.907	33.441
297.723	262.507	23.076	33.044
297.225	262.259	23.743	33.229
297.568	262.722	23.346	32.939
297.130	262.406	23.737	33.240
297.945	260.786	23.027	35.168
298.697	260.948	22.146	34.940
298.881	261.215	21.868	34.563
298.653	260.986	22.275	35.010
299.172	261.031	21.935	34.795
299.134	260.659	22.080	35.002
299.712	260.522	22.013	35.434
300.091	261.213	21.643	34.503
300.649	261.169	21.067	34.367
300.917	261.032	21.163	34.433
301.743	261.052	20.302	34.600
301.592	261.279	20.402	34.255
301.831	261.705	20.442	33.596
302.277	261.363	19.569	33.990
302.728	261.531	19.358	33.987
303.249	262.215	18.728	33.206
303.292	261.860	18.880	33.452
303.517	261.067	18.467	34.177
303.177	261.774	18.592	33.197
303.684	261.803	18.334	33.291
304.621	261.143	17.526	33.965
304.657	260.988	17.343	34.149
304.898	260.483	16.910	34.769
304.860	260.241	17.005	34.931
304.689	260.655	16.845	34.426
304.216	260.850	17.523	34.169
304.227	260.792	17.974	34.315
304.149	261.075	17.569	34.102
303.793	260.910	18.354	34.374
303.911	260.971	18.197	34.094
303.526	261.667	18.539	33.543
303.314	261.234	18.858	34.090
303.089	261.427	18.805	34.266
302.092	261.404	19.382	34.176
301.244	261.877	19.329	33.223
300.432	261.007	17.823	33.443
300.349	260.839	15.212	33.133
299.866	260.357	15.637	33.475
299.442	260.722	15.057	33.355
298.819	260.416	15.465	33.674
298.178	260.779	15.902	33.576
298.732	260.924	14.861	33.171
297.849	260.955	15.983	33.223
298.940	261.108	15.700	33.045
295.804	261.177	18.142	33.330
296.661	261.131	17.770	33.260
297.369	261.763	16.980	32.628
297.210	262.382	16.789	32.164
297.733	262.245	15.609	32.313
298.019	263.060	15.314	31.336
297.029	263.243	15.566	31.554
296.838	263.203	16.264	31.565
296.082	264.751	16.305	30.264
296.607	264.058	16.276	31.448
296.551	262.720	16.202	32.400
297.211	263.607	16.090	31.542
297.190	264.537	16.782	30.344
297.490	264.259	16.911	30.708
297.478	264.493	17.259	30.472
297.868	264.756	17.617	30.409
298.571	264.365	17.301	30.430
299.719	264.523	17.529	29.893
298.180	264.776	19.918	29.913
300.604	264.053	18.746	30.907
298.650	264.538	21.990	30.504
302.296	263.156	20.265	32.168
300.267	264.690	23.043	30.786
302.201	264.422	21.559	30.994
303.353	264.501	21.148	30.793
301.595	264.565	22.879	31.082
304.465	265.646	20.951	29.293
306.495	265.325	19.753	29.762
306.910	265.537	19.557	29.595
306.446	266.084	19.957	29.225
306.228	266.123	20.076	29.143
305.704	265.747	20.732	29.462
306.980	264.990	19.637	30.112
306.103	264.121	20.301	30.910
305.612	263.099	20.705	31.807
305.159	262.487	20.895	32.384
303.465	262.649	22.573	32.215
302.384	261.607	23.030	33.238
302.127	262.434	22.938	32.952
301.981	263.326	21.857	31.917
301.723	265.109	21.653	30.374
301.196	263.485	20.866	32.140
301.797	264.061	19.913	31.614
301.002	263.633	20.018	32.014
301.196	264.156	19.819	31.413
301.409	264.308	19.460	31.318
301.466	264.130	19.016	31.405
301.182	263.948	19.064	31.651
301.242	263.657	19.470	31.900
301.547	264.197	18.826	31.228
301.755	264.363	18.659	31.318
301.573	264.501	19.024	30.845
301.254	264.218	19.353	31.013
301.431	264.115	19.029	31.242
301.396	264.128	18.743	31.138
301.747	264.246	18.622	30.956
301.279	263.891	19.050	31.329
301.490	263.647	18.906	31.537
301.067	263.647	19.094	31.582
301.010	263.260	19.418	31.832
301.149	263.444	19.269	31.691
301.001	263.074	19.803	31.975
301.232	263.065	19.908	31.950
301.569	262.336	19.950	32.645
302.260	260.970	19.879	34.021
303.699	260.168	18.467	34.691
305.303	260.063	16.841	34.972
307.281	259.971	14.966	35.012
308.590	260.639	15.263	34.423
309.334	261.601	14.833	32.864
309.541	262.127	15.417	32.368
310.316	261.701	16.017	32.748
310.435	261.208	15.966	32.838
310.100	260.525	16.512	33.686
310.354	261.462	16.763	32.855
310.282	261.590	16.487	32.814
310.424	261.824	16.642	32.259
310.849	261.595	18.638	32.436
310.771	261.780	20.539	32.600
310.659	262.247	20.277	32.601
311.117	262.940	20.463	31.947
311.626	262.413	19.602	32.448
312.496	262.226	18.911	32.744
312.998	260.866	18.893	34.480
313.357	261.736	18.122	33.484
315.204	262.475	16.698	32.663
315.641	262.256	16.679	32.809
316.896	262.001	16.043	33.197
318.020	261.871	15.350	33.236
319.468	262.251	15.198	32.793
319.864	262.462	15.485	32.355
320.379	262.418	16.321	32.339
320.620	262.785	16.863	32.051
320.885	263.234	18.127	31.796
321.489	262.758	19.788	32.160
321.638	262.376	20.525	32.476
321.427	262.876	21.786	32.097
322.448	265.165	21.727	30.061
324.632	264.246	20.434	30.804
323.527	264.257	22.016	30.509
323.411	264.457	22.454	30.612
324.351	264.614	22.075	30.112
324.311	264.639	21.964	30.130
324.890	264.477	21.313	30.607
324.606	265.191	21.753	29.713
323.809	264.728	22.307	30.011
324.181	264.419	22.048	30.401
325.080	264.814	21.063	30.094
323.915	264.227	22.004	30.560
323.661	263.541	22.145	31.041
323.242	263.523	22.359	31.354
323.375	262.245	21.812	32.850
322.913	262.578	21.860	32.181
322.890	262.803	21.894	32.074
322.943	262.634	21.268	32.457
322.445	262.563	19.545	32.423
322.380	261.501	19.290	33.356
322.835	261.929	18.466	32.972
322.626	261.762	18.394	33.229
323.019	262.019	18.182	32.989
322.598	262.121	18.628	32.961
322.603	262.273	18.311	32.961
322.981	262.673	17.953	32.637
322.773	262.764	17.585	32.622
322.558	263.225	17.599	32.009
322.944	262.704	17.481	32.774
322.185	262.657	17.992	32.288
322.601	261.652	17.679	33.698
322.349	261.778	17.672	33.556
322.238	261.636	17.762	33.617
322.564	261.126	17.330	34.288
322.564	260.828	17.309	34.427
322.338	260.376	17.347	34.962
322.141	260.803	17.503	34.468
322.072	260.700	17.822	34.734
322.232	260.823	17.494	34.548
322.227	261.004	17.709	34.322
322.186	261.179	17.687	34.028
322.227	261.555	18.092	33.806
321.990	261.389	18.638	33.888
322.698	261.744	18.544	33.449
322.749	261.895	19.482	33.445
322.632	262.046	19.952	32.991
322.959	261.979	19.798	32.869
323.914	262.396	19.797	32.461
323.805	262.053	22.711	32.597
323.320	262.421	24.582	32.486
324.672	263.374	23.319	31.557
324.128	262.847	24.507	32.020
325.161	264.397	24.594	30.478
324.449	265.048	25.212	30.056
325.612	263.489	24.006	32.298
325.082	264.456	24.349	31.080
325.683	263.935	23.962	31.557
325.468	263.935	24.000	31.349
325.144	264.407	24.348	30.974
325.641	263.328	23.413	32.226
324.942	263.857	24.528	31.463
325.050	263.981	24.200	31.490
324.771	263.241	24.185	32.511
324.664	264.162	24.321	31.305
324.451	262.707	24.465	33.059
324.591	262.958	23.974	32.504
324.488	262.728	24.197	32.671
324.008	262.373	23.920	32.937
324.306	262.276	21.215	32.968
324.146	261.297	19.760	33.647
324.879	261.986	19.058	33.070
324.650	261.724	18.682	33.461
324.900	261.781	18.358	33.543
324.976	261.666	18.107	33.833
325.155	261.357	17.886	33.989
324.923	261.389	17.783	33.796
325.144	261.743	17.791	33.735
324.782	262.121	18.365	33.270
324.987	261.844	17.865	33.446
325.196	262.306	18.275	32.753
324.790	262.090	18.622	33.071
324.478	262.108	20.124	32.934
324.351	262.706	21.434	32.268
324.060	261.506	22.121	33.555
324.098	261.976	23.345	33.021
325.384	263.059	24.100	31.666
325.178	264.284	24.743	30.675
326.113	262.707	25.519	32.072
328.038	263.234	23.426	31.824
330.940	261.848	20.564	33.202
331.815	262.463	20.440	32.171
331.934	262.852	20.932	31.753
332.401	262.532	20.767	32.247
332.959	262.358	20.221	32.428
332.695	262.176	20.604	32.493
333.148	262.011	20.112	32.764
333.117	261.900	20.218	32.754
332.769	261.852	20.689	32.923
332.527	261.955	20.838	32.698
332.330	260.971	20.607	33.647
332.162	261.400	20.693	33.022
332.212	261.261	20.927	33.268
331.104	262.283	21.703	32.289
330.208	262.665	22.005	31.860
328.801	262.911	22.855	31.657
328.968	263.495	22.233	31.099
327.900	263.673	22.760	30.910
327.147	263.548	22.442	31.065
326.223	262.955	21.589	31.645
325.921	262.680	21.130	32.128
325.579	262.309	20.486	32.611
325.879	261.884	19.602	33.025
325.409	261.476	18.948	33.635
325.318	261.064	18.789	33.904
325.007	260.334	18.492	34.602
325.161	260.549	18.467	34.462
325.598	260.742	18.116	34.463
325.271	260.903	18.922	34.302
325.303	260.578	19.281	34.515
325.028	260.979	19.796	34.098
324.918	261.483	20.730	33.627
325.508	261.647	20.932	33.379
325.346	261.578	21.843	33.544
325.429	262.093	23.529	32.818
325.876	261.450	24.594	34.005
326.385	262.063	23.537	33.423
325.927	262.180	24.702	33.207
326.926	262.448	23.606	32.736
326.600	262.178	24.072	32.935
327.306	262.069	23.766	33.291
328.223	262.310	23.183	33.005
327.908	262.099	23.264	33.058
327.908	262.227	23.355	32.930
328.350	262.607	23.004	32.460
329.506	262.247	22.153	32.842
329.437	263.022	21.921	32.097
328.192	262.379	22.662	32.737
328.629	262.569	22.477	32.586
327.806	263.715	23.009	31.452
327.801	263.117	22.725	32.105
327.485	262.800	23.092	32.438
327.453	262.903	22.876	32.495
327.216	262.935	22.018	32.375
326.982	262.721	21.256	32.494
327.085	262.438	19.008	32.984
327.357	263.019	19.197	32.127
327.038	262.292	18.221	32.997
327.261	262.355	18.214	32.898
327.249	262.422	17.914	32.801
327.365	262.795	17.838	32.106
327.264	262.734	17.571	32.200
327.272	262.306	17.699	32.732
327.202	262.950	17.644	31.932
327.354	262.612	17.575	32.486
327.185	263.217	17.710	31.778
327.189	263.367	17.648	31.523
327.104	263.637	17.814	31.138
327.038	263.577	18.072	31.209
326.976	263.351	18.099	31.445
326.932	263.128	17.884	31.839
327.083	263.278	17.929	31.569
327.030	263.128	17.931	31.762
327.136	263.233	17.834	31.506
327.189	263.218	17.648	31.607
327.083	263.471	17.651	31.376
326.951	263.442	17.973	31.375
327.051	263.293	17.826	31.522
326.943	263.248	17.986	31.534
327.040	263.382	17.899	31.411
327.126	263.352	17.608	31.505
326.849	263.517	18.314	31.269
327.220	263.441	17.585	31.471
327.060	263.757	18.155	31.071
327.075	263.562	17.712	31.307
327.199	263.667	17.654	31.098
327.314	263.709	17.839	31.100
327.167	263.682	17.660	31.073
327.220	263.621	17.860	31.187
327.179	263.712	17.767	31.116
327.303	264.097	17.693	30.794
327.230	264.191	18.132	30.871
327.213	264.082	17.654	30.872
327.230	264.191	18.037	30.871
327.235	263.964	17.651	30.969
327.314	264.142	17.745	30.786
327.146	264.307	17.707	30.596
326.929	264.307	17.924	30.638
326.896	264.209	17.936	30.627
327.016	264.249	17.969	30.580
327.016	264.351	18.198	30.489
326.851	264.372	18.353	30.443
326.951	264.097	18.274	30.815
326.852	263.994	17.936	30.803
327.016	264.141	17.939	30.750
327.188	264.097	17.922	30.720
327.177	263.941	17.871	30.900
327.060	264.141	18.019	30.614
327.272	264.013	18.038	30.872
327.029	264.097	17.700	30.679
326.851	264.177	18.011	30.695
326.896	264.097	18.173	30.773
327.016	264.068	18.198	30.792
326.756	263.816	17.895	30.970
327.080	264.258	18.257	30.622
326.907	263.994	18.350	30.813
326.959	263.920	18.007	30.845
326.940	263.964	18.679	30.811
326.943	263.337	18.258	31.586
326.822	262.691	19.048	32.362
326.536	261.698	19.605	33.591
326.727	261.636	19.305	33.639
326.656	261.625	19.310	33.539
327.346	261.357	18.620	33.918
328.212	261.398	17.556	33.702
328.882	260.835	17.223	34.258
330.003	260.828	16.409	33.995
331.104	260.635	15.536	34.081
331.985	260.303	15.288	34.348
332.382	259.895	14.868	35.009
332.070	260.384	14.928	34.269
332.445	260.395	14.635	34.303
332.509	260.567	14.331	33.990
333.040	260.227	14.163	34.529
332.905	260.478	14.094	34.082
332.813	259.587	14.829	34.858
332.713	260.303	15.037	34.009
332.755	260.095	14.744	34.252
333.038	260.084	14.650	34.224
333.168	260.099	14.465	34.125
333.159	259.990	14.804	34.081
333.247	259.928	14.907	34.144
333.332	259.755	14.729	34.281
333.332	259.865	14.785	34.183
333.324	259.787	14.792	34.249
333.332	259.582	14.897	34.326
333.400	259.380	14.848	34.653
333.229	259.614	14.770	34.442
333.467	259.442	14.952	34.650
333.088	259.802	14.999	34.216
333.278	259.614	15.237	34.685
332.925	259.802	15.343	34.428
333.034	259.818	15.325	34.365
333.043	259.818	15.279	34.424
333.211	259.691	15.222	34.669
333.323	259.532	15.333	34.781
333.289	259.643	15.349	34.539
333.176	259.500	15.442	34.801
333.686	259.463	14.855	34.813
333.079	259.896	15.134	34.298
333.073	259.691	15.194	34.598
332.681	259.818	15.124	34.543
333.121	259.548	14.897	34.908
332.662	259.865	15.004	34.555
332.806	259.388	14.851	35.065
332.390	259.266	15.172	35.218
332.272	259.699	15.031	34.388
332.408	259.659	15.011	34.429
332.424	259.363	14.539	34.567
332.504	259.474	14.483	34.571
332.065	259.332	14.613	34.354
332.032	259.111	14.361	34.446
332.002	259.099	14.538	34.949
331.139	259.285	14.724	34.711
331.040	258.776	15.077	35.487
330.823	258.695	15.410	35.459
330.705	258.721	15.338	35.575
330.504	258.835	15.407	35.534
330.331	259.110	15.478	35.222
329.792	258.970	15.865	35.424
329.889	258.557	15.672	35.580
330.011	258.508	15.551	35.690
329.823	258.721	15.409	35.550
330.035	258.343	15.008	35.977
329.764	257.867	15.316	36.380
330.237	257.833	15.387	36.110
329.378	258.163	15.483	35.694
329.396	258.538	15.836	35.538
329.221	258.392	15.803	35.721
329.307	258.587	15.952	35.418
328.911	259.110	16.093	34.823
329.055	258.839	16.183	35.019
328.941	259.080	16.234	34.875
328.966	258.867	16.193	35.113
329.068	258.948	16.151	35.128
328.531	258.916	16.643	35.233
328.669	258.673	16.333	35.745
328.783	258.739	16.197	35.544
328.762	258.657	16.357	35.736
328.936	258.574	16.204	35.917
328.640	258.342	16.861	36.199
328.421	258.601	16.895	35.909
328.613	258.651	16.642	36.108
328.916	258.568	16.522	36.397
328.835	258.635	16.788	36.243
328.801	258.997	16.952	35.538
329.201	258.719	16.630	35.915
329.193	258.602	16.585	35.961
329.492	258.870	16.387	35.535
329.527	258.788	16.453	35.654
329.922	259.195	16.099	35.321
329.836	259.229	16.166	35.277
329.909	259.147	16.191	35.227
330.060	259.029	16.040	35.205
330.049	259.061	15.937	35.246
330.152	258.639	15.581	35.414
330.264	258.786	15.488	35.375
330.323	258.818	15.506	35.452
330.272	258.802	15.595	35.456
330.430	258.916	15.553	35.551
330.688	258.769	15.449	35.355
330.822	258.867	15.298	35.282
330.906	258.937	15.499	35.181
330.912	259.062	15.373	35.145
331.257	258.857	15.206	35.165
331.117	258.728	15.482	35.282
331.297	259.065	15.228	35.163
331.117	258.728	15.446	35.282
331.323	259.064	15.221	35.024
331.287	258.889	15.370	35.133
331.178	258.873	15.347	35.149
331.247	258.873	15.335	35.173
331.229	259.002	15.296	35.044
331.407	258.921	15.230	35.355
331.289	259.162	15.236	35.139
331.389	259.994	15.117	34.621
331.547	259.628	15.185	34.985
331.473	259.930	15.204	34.528
331.365	259.707	15.442	34.737
331.536	259.687	15.123	34.771
331.498	259.643	15.196	34.669
331.506	259.548	15.302	34.717
331.698	259.516	15.263	34.761
331.890	259.818	14.733	34.507
331.983	259.750	14.803	34.667
331.975	260.052	14.829	34.448
331.933	260.076	14.744	34.435
331.866	259.907	14.938	34.494
331.958	260.226	14.882	34.339
332.185	260.064	14.601	34.619
332.137	260.384	14.576	34.236
332.273	260.171	14.757	34.496
332.016	260.171	14.770	34.246
332.057	260.112	14.839	34.352
332.057	260.064	14.875	34.400
332.057	260.088	14.875	34.376
332.032	259.956	14.881	34.446
332.032	259.944	14.826	34.442
331.999	260.159	15.043	34.336
332.169	260.064	15.061	34.541
332.211	260.624	14.876	33.733
332.298	260.451	14.735	33.947
332.401	260.763	14.847	33.734
332.324	260.298	15.069	34.084
332.385	260.419	15.168	34.013
332.392	260.372	15.092	34.123
332.460	260.290	15.347	34.221
332.390	260.431	15.154	34.095
332.489	259.980	15.377	34.578
332.506	260.533	15.001	34.079
332.534	260.112	15.061	34.540
332.432	260.290	15.338	34.378
332.424	260.375	15.499	34.174
332.457	260.254	15.446	34.429
332.465	260.430	15.534	34.139
332.465	260.159	15.324	34.320
332.658	260.488	15.360	33.980
332.755	260.325	14.691	34.154
332.696	260.016	15.068	34.557
332.627	260.340	15.219	34.192
332.702	259.932	14.569	34.392
332.656	260.104	15.297	34.441
332.587	260.226	15.126	34.275
332.481	260.040	15.479	34.408
332.538	260.133	15.269	34.224
332.415	259.532	15.545	34.651
332.616	259.288	14.971	34.968
332.514	259.387	15.466	34.842
332.607	259.336	15.197	34.986
332.482	259.636	15.213	34.604
332.490	259.315	15.548	35.090
332.406	259.506	15.597	34.793
332.554	259.522	15.177	34.636
332.514	259.436	15.621	34.778
332.677	259.731	15.072	34.557
332.490	259.544	15.548	34.733
332.737	259.800	15.214	34.602
332.698	259.770	15.360	34.483
332.666	259.754	15.275	34.475
332.619	259.865	15.361	34.400
332.643	259.754	15.280	34.440
332.737	259.723	15.186	34.566
332.713	259.691	15.209	34.539
332.682	259.754	15.317	34.511
332.713	259.786	15.151	34.538
332.690	259.818	15.290	34.731
332.651	260.075	15.153	34.329
332.627	259.865	15.392	34.424
332.698	259.544	15.437	35.004
332.746	259.606	15.040	34.807
332.643	259.659	15.376	34.642
332.694	259.782	15.091	34.590
332.713	259.556	15.190	34.928
332.677	259.652	14.945	34.610
332.619	259.448	15.132	35.020
332.668	259.604	15.081	34.705
332.682	259.770	15.279	34.471
332.611	259.627	15.369	34.673
332.677	259.616	15.054	34.725
332.737	259.568	15.166	34.868
332.660	259.604	15.366	34.832
332.694	259.363	15.294	35.089
332.746	259.122	15.205	35.453
332.701	259.546	15.478	34.980
332.755	259.749	15.141	34.729
332.666	259.278	15.430	35.078
332.642	259.146	15.272	35.235
332.625	258.936	15.290	35.525
332.591	259.683	15.489	34.723
332.563	259.077	15.352	35.193
332.654	258.841	15.784	35.435
332.671	258.867	15.658	35.391
332.592	258.769	15.910	35.526
332.627	258.900	15.778	35.310
332.504	258.622	15.862	35.697
332.679	258.753	15.746	35.444
332.713	258.900	15.692	35.237
332.619	259.077	15.518	35.023
332.625	258.760	15.684	35.407
332.592	258.932	15.659	35.254
332.696	258.672	15.555	35.538
332.747	258.622	15.466	35.600
332.636	258.639	15.615	35.595
332.696	258.134	15.613	36.260
332.640	258.956	15.416	35.074
332.651	258.841	15.582	35.314
332.747	258.867	15.409	35.355
332.747	258.887	15.432	35.495
332.688	258.835	15.449	35.473
332.781	258.851	15.168	35.506
332.646	259.084	15.651	35.274
332.756	258.510	15.381	35.952
332.730	258.545	15.350	35.980
332.713	258.867	15.405	35.440
332.713	258.851	15.198	35.506
332.762	258.838	15.536	35.544
332.662	258.883	15.551	35.351
332.662	258.835	15.532	35.375
332.764	258.639	15.335	35.547
332.864	258.883	15.047	35.449
332.580	258.808	15.596	35.286
332.688	258.948	15.317	35.128
332.616	258.792	15.523	35.278
332.708	258.651	15.471	35.401
332.610	258.810	15.584	35.353
332.584	258.883	15.440	35.205
332.560	258.857	15.600	35.261
332.654	258.704	15.446	35.493
332.610	258.786	15.414	35.327
332.867	258.810	15.292	35.117
332.589	258.663	15.530	35.577
332.610	258.442	15.699	35.793
332.557	258.573	15.675	35.649
332.645	258.434	15.304	35.878
332.756	258.644	15.592	35.832
332.645	258.932	16.075	35.266
332.351	259.620	16.468	34.517
332.049	259.635	16.730	34.724
331.971	259.875	16.610	34.458
332.020	259.914	16.680	34.404
332.020	259.802	16.680	34.483
332.305	259.911	16.316	34.469
332.557	259.409	15.945	35.165
332.460	259.890	15.849	34.652
332.298	259.878	16.049	34.599
332.204	259.858	16.094	34.984
331.931	260.282	16.168	34.512
331.505	259.912	16.635	34.851
331.211	260.258	16.416	34.392
330.979	260.175	16.472	34.427
331.100	260.258	16.582	34.090
331.126	260.032	16.132	34.231
331.127	260.170	15.937	34.132
331.168	260.300	16.046	33.923
331.185	260.312	15.969	33.896
331.097	260.099	15.883	34.005
330.934	260.156	16.123	33.774
330.953	260.272	16.163	33.675
331.034	260.214	15.945	33.842
330.907	260.260	16.267	33.828
330.870	260.134	15.995	33.918
330.934	260.180	16.045	33.798
331.016	260.099	15.944	33.801
331.016	260.191	15.944	33.708
330.814	260.007	16.185	33.918
330.712	260.085	16.466	33.747
330.580	260.133	16.516	33.662
330.213	260.317	16.682	33.621
329.920	260.371	16.659	33.697
329.679	260.570	16.688	33.794
328.872	260.253	17.326	33.986
328.699	260.411	17.180	33.922
328.425	260.713	17.255	33.478
328.034	260.887	17.344	33.354
327.627	260.683	17.356	33.794
327.626	260.667	16.702	33.945
327.592	260.425	16.352	33.927
327.326	260.321	16.331	34.075
327.213	260.277	15.906	33.698
328.573	260.691	15.346	32.944
344.778	261.285	15.466	31.481
355.396	261.701	14.915	34.215
364.180	262.431	15.191	33.111
365.941	263.050	15.667	32.650
365.202	262.096	16.133	33.465
364.040	261.266	17.371	34.353
363.804	261.292	17.023	34.643
362.815	261.555	17.385	34.204
362.335	262.406	17.977	33.352
361.802	261.757	18.117	34.576
361.188	262.017	18.087	34.566
361.222	262.334	17.736	33.859
360.432	262.036	17.887	34.136
359.933	261.828	17.705	34.486
359.059	261.673	18.211	33.765
358.626	260.903	17.376	34.066
358.489	260.674	16.648	34.100
358.076	260.749	16.868	33.579
358.576	260.948	15.764	33.510
358.207	261.306	15.707	33.511
357.619	261.302	15.669	33.514
357.060	262.108	15.927	32.631
356.557	261.661	15.836	33.186
355.971	261.594	15.440	32.708
355.458	261.885	15.615	32.421
354.973	262.225	15.471	31.894
354.119	262.289	15.925	31.650
353.347	261.963	16.519	31.799
352.933	261.454	17.309	32.377
353.104	261.856	16.533	31.808
352.933	261.001	16.726	32.725
352.833	261.332	16.343	32.046
352.219	261.582	16.561	31.815
352.028	261.318	16.431	31.666
351.646	261.240	16.179	32.023
350.949	260.913	16.948	32.306
350.075	260.901	16.388	32.576
349.930	260.515	15.639	32.644
349.402	260.454	15.308	32.519
348.511	260.886	15.072	32.203
347.295	260.482	15.858	32.383
346.244	260.439	16.761	32.580
345.829	260.427	16.959	32.465
345.704	260.366	16.850	32.480
345.083	260.606	17.110	32.225
344.167	261.025	17.214	31.248
344.501	261.358	16.709	31.248
343.375	260.444	15.689	31.748
342.758	260.341	16.297	31.823
342.374	259.848	15.644	31.950
341.930	259.716	15.206	31.919
341.169	259.916	15.604	32.076
340.680	259.716	15.279	32.621
340.074	259.474	15.600	32.464
339.486	260.162	15.624	31.332
339.392	259.937	14.892	30.969
338.338	260.070	15.199	30.857
337.199	260.228	15.657	30.728
336.517	259.953	15.128	31.336
335.911	259.996	15.884	31.425
334.667	260.521	16.938	30.936
334.347	260.633	16.959	30.727
334.005	260.734	16.345	30.406
333.479	260.839	16.216	30.037
333.138	261.127	16.547	29.845
332.818	261.624	15.390	29.795
332.548	260.843	14.649	30.211
331.669	261.150	15.323	29.920
331.405	261.495	14.909	29.682
330.379	261.492	15.261	29.732
330.121	260.939	14.834	30.073
329.755	260.757	14.905	29.786
