511.000	221.000	59.000	120.000
509.598	221.447	60.859	118.665
507.023	219.406	62.317	120.758
504.164	215.773	64.621	124.660
498.728	211.607	68.678	127.079
494.272	210.517	69.259	128.328
491.822	210.008	66.056	126.745
486.722	211.986	66.827	129.321
483.716	213.237	67.039	129.338
483.543	215.012	65.807	126.745
483.370	215.451	68.717	126.559
483.814	215.512	69.827	127.487
484.162	213.875	63.244	128.261
485.815	212.229	61.364	130.447
486.602	211.284	60.239	132.876
486.446	210.308	60.186	135.326
485.634	210.296	60.876	137.463
483.805	211.517	61.923	132.807
479.647	210.339	65.819	134.247
473.774	208.707	68.082	137.288
468.027	206.408	70.598	139.560
462.693	205.451	71.954	140.806
453.674	201.801	73.853	142.776
449.180	201.561	73.840	142.900
446.979	201.808	73.247	142.120
444.276	202.662	74.963	142.270
442.551	203.340	72.841	142.666
438.956	205.637	73.780	138.820
435.140	207.595	76.023	137.600
431.156	206.914	78.430	139.036
431.479	205.477	78.497	144.393
432.257	205.117	74.419	143.240
435.289	205.067	70.483	141.925
436.260	202.474	64.667	143.296
436.099	196.319	57.767	148.964
433.611	189.164	56.295	157.452
429.224	189.714	56.065	157.608
422.549	182.694	60.576	165.176
416.829	182.021	62.007	159.314
414.558	180.728	61.564	160.441
413.514	176.975	68.427	160.493
413.868	174.337	76.556	167.141
415.607	183.977	77.106	159.698
417.300	191.800	76.732	155.311
416.556	200.501	80.426	149.434
415.523	205.970	85.677	147.674
416.204	211.956	88.908	141.948
418.133	216.990	91.384	139.408
424.009	216.440	95.040	139.398
424.050	218.115	101.023	138.801
424.430	216.108	98.128	143.859
425.284	216.361	98.869	144.175
427.156	216.122	94.133	142.922
427.863	214.756	92.870	143.656
424.502	215.529	93.780	142.891
422.855	214.409	91.900	144.179
417.733	213.914	93.153	144.023
413.961	213.805	91.997	143.646
412.889	212.626	90.907	145.111
411.464	211.922	89.856	144.846
412.125	210.836	87.330	144.224
412.277	211.160	85.677	142.935
417.550	207.916	80.958	144.406
417.874	207.409	81.293	144.967
422.046	206.434	80.272	145.376
423.553	205.794	81.693	145.154
426.062	206.122	82.702	144.552
428.575	206.937	85.154	143.781
428.244	206.916	87.308	144.160
429.628	208.038	87.218	141.922
431.437	207.162	86.925	145.987
433.197	205.647	86.166	145.414
441.459	204.016	80.945	141.486
444.719	204.510	77.249	141.157
448.052	202.337	71.944	143.967
451.661	204.014	65.904	139.284
455.013	203.408	62.759	140.588
453.986	203.725	64.334	141.097
452.628	203.227	65.460	141.803
450.359	203.387	70.211	140.970
448.184	204.192	73.403	139.297
446.239	204.887	75.816	138.308
446.333	204.968	76.687	138.883
448.727	205.572	76.207	137.933
449.153	205.910	79.668	137.329
451.210	206.740	79.676	137.275
457.644	207.483	73.426	136.729
464.749	207.266	67.762	137.372
470.998	206.752	62.733	139.115
476.121	207.351	59.445	137.128
477.405	209.655	59.951	133.267
476.926	209.311	62.714	134.425
475.640	209.574	71.093	134.453
474.331	208.590	77.927	134.951
471.234	207.291	85.083	136.913
469.138	206.458	87.391	140.774
467.384	208.594	89.080	138.911
464.896	208.735	90.998	139.268
466.667	209.893	90.154	137.430
472.106	208.583	84.152	139.124
475.898	207.901	79.683	141.090
480.451	207.312	75.579	141.052
485.185	207.315	69.757	140.352
492.794	206.829	65.291	139.467
501.433	206.562	59.806	139.827
504.120	206.995	61.398	139.843
506.916	208.164	66.013	137.719
509.263	208.990	70.410	136.876
511.293	210.123	75.278	136.420
513.191	210.210	77.426	136.572
514.644	211.366	78.569	135.874
515.790	210.106	79.912	136.907
519.559	210.071	77.904	136.766
524.443	209.486	73.847	136.848
529.321	208.891	68.862	138.787
533.032	208.263	67.567	140.760
536.294	208.786	65.946	140.776
538.380	209.168	61.287	140.385
540.219	207.243	61.021	140.173
542.294	205.799	65.010	142.134
544.456	206.061	71.959	140.257
543.827	206.038	76.290	139.774
543.693	205.544	77.812	138.312
541.822	205.264	78.749	137.850
539.946	204.937	79.526	137.253
538.785	204.448	79.565	139.962
538.258	204.623	78.495	140.452
538.534	204.754	76.424	140.564
539.741	205.198	72.396	140.053
542.302	205.773	68.940	139.189
546.537	204.883	65.843	138.612
549.325	204.041	66.255	138.654
553.218	205.128	59.933	138.068
554.719	206.397	66.569	137.546
555.206	206.842	67.333	136.980
556.427	207.447	72.351	136.567
555.824	209.260	77.416	134.413
556.917	209.100	78.040	134.285
559.342	209.105	78.509	133.708
561.712	209.313	79.493	133.476
563.863	209.364	80.659	134.958
563.969	209.978	82.268	134.557
563.886	209.759	83.000	134.508
564.941	210.183	81.183	135.171
567.483	211.234	77.220	134.668
570.849	211.330	76.955	135.588
571.419	210.941	75.131	136.656
571.418	211.590	78.411	135.622
571.303	210.990	79.604	136.330
570.474	211.148	80.274	135.966
568.458	210.869	81.928	136.052
565.274	210.753	85.426	134.988
562.090	209.518	88.932	135.844
564.682	210.935	88.241	133.506
561.759	210.050	90.835	134.170
558.430	209.756	94.190	135.142
557.330	208.442	94.086	135.741
555.044	209.015	95.952	134.863
551.035	208.249	99.741	134.926
548.747	208.665	102.260	134.422
546.314	207.674	103.620	138.198
544.812	207.187	105.644	137.414
542.008	207.317	108.503	137.560
540.305	207.664	110.512	137.832
538.547	207.572	108.847	137.796
536.150	206.727	109.091	141.898
533.772	206.791	108.850	141.174
532.239	206.401	108.046	140.246
529.426	205.837	103.133	140.057
533.209	205.369	97.788	140.281
529.173	205.044	98.703	141.444
534.301	204.522	92.477	141.115
530.704	204.386	93.982	141.026
534.996	203.467	89.778	140.722
531.324	202.593	93.257	141.845
531.333	203.116	92.747	140.958
531.358	203.037	93.094	140.343
533.611	202.424	92.308	140.861
533.817	202.280	95.069	141.214
535.489	202.974	95.274	140.885
536.499	203.159	93.500	141.748
540.658	202.803	91.648	140.686
548.399	204.580	87.526	137.470
545.465	203.896	94.184	138.984
553.960	206.595	91.272	134.751
556.272	208.980	93.074	132.565
554.171	208.370	98.182	131.912
574.260	211.337	82.458	127.361
570.266	215.073	86.776	122.326
570.787	215.925	85.586	120.767
568.447	216.323	89.288	122.824
566.686	217.105	91.815	121.958
566.306	217.589	90.931	122.773
567.104	219.802	87.820	121.499
568.563	220.145	86.069	120.990
570.675	219.324	82.237	123.491
570.001	219.098	79.539	122.344
569.721	218.843	76.957	123.595
566.337	216.736	76.094	125.324
562.871	217.232	76.349	126.475
560.747	218.052	72.196	124.445
559.741	220.601	71.005	120.753
558.533	220.166	68.842	119.521
552.645	221.012	72.484	116.540
545.959	221.248	83.945	116.357
544.384	219.228	88.715	118.348
541.996	219.554	90.558	118.563
541.546	220.843	90.207	116.878
542.537	221.306	87.186	116.454
544.224	219.938	73.342	118.242
545.587	222.471	67.396	115.706
546.091	216.613	62.362	121.369
543.848	218.782	63.018	119.032
540.107	215.457	63.150	123.207
537.612	215.408	64.353	121.423
536.358	216.604	64.878	120.875
535.590	215.864	63.042	120.572
534.654	215.450	59.936	120.782
533.992	216.338	56.814	119.427
533.365	215.906	56.769	120.038
532.852	216.944	54.930	119.046
532.703	216.549	55.221	119.355
533.195	216.658	54.091	118.495
532.957	214.575	56.151	121.956
532.706	214.670	57.324	119.829
532.545	215.176	58.372	120.858
532.894	213.893	60.082	121.604
533.519	216.183	60.242	118.421
533.559	218.811	61.930	114.487
534.230	220.372	63.575	112.082
535.531	219.019	66.233	115.058
536.363	218.937	69.593	115.452
541.090	217.142	70.098	117.577
545.742	216.996	81.076	119.658
548.472	216.063	83.107	121.827
552.004	215.104	82.336	121.577
554.207	217.229	84.807	121.286
557.519	220.837	80.479	116.137
565.411	226.379	74.739	110.253
571.048	221.365	71.277	116.275
575.158	220.277	71.546	116.187
586.002	212.231	74.545	123.105
591.669	218.857	77.485	116.169
591.445	216.805	76.556	117.938
591.116	215.845	71.727	120.005
590.354	213.544	67.437	121.746
588.618	214.028	71.190	120.514
587.397	217.548	68.182	118.387
586.806	215.875	64.172	120.334
584.303	211.911	59.435	123.602
581.205	210.810	58.849	123.960
579.654	211.400	57.050	122.955
578.077	212.529	55.658	125.624
574.825	214.360	55.091	123.645
571.082	214.779	57.042	123.685
567.730	215.444	59.005	125.335
564.709	215.001	55.016	125.325
560.166	215.889	59.872	124.539
557.919	215.845	57.315	123.943
557.551	216.014	51.845	122.598
556.845	215.373	51.870	121.668
557.090	216.263	51.504	120.454
557.695	215.254	51.225	120.725
557.688	214.204	50.489	122.668
558.415	213.903	50.713	123.455
558.469	213.602	50.839	123.139
558.782	213.938	50.582	122.258
558.998	214.136	50.149	122.924
558.600	213.847	49.622	122.458
558.508	214.330	50.697	122.815
558.154	214.515	52.292	122.926
557.791	214.695	52.640	121.999
557.617	214.663	53.278	122.529
557.296	213.766	54.361	123.217
556.648	211.937	56.034	126.316
555.389	211.722	58.837	126.110
554.907	211.228	61.371	125.804
555.065	211.178	62.766	125.909
556.605	211.348	62.210	127.100
552.669	211.592	67.276	127.252
549.649	211.570	69.959	128.558
547.212	212.666	71.317	128.927
545.200	213.090	72.329	129.237
544.378	213.050	72.237	129.683
549.872	211.475	68.112	131.074
551.700	211.732	68.740	132.528
555.448	211.668	66.270	132.955
559.968	212.101	63.956	131.932
565.817	211.693	63.043	132.153
573.869	210.667	60.941	130.533
577.207	210.274	60.744	128.858
578.371	210.267	62.463	128.697
579.364	210.742	64.509	128.910
581.525	210.561	64.371	128.291
583.039	210.184	66.047	126.940
584.110	210.046	67.447	124.700
588.191	208.799	64.577	125.564
590.491	207.421	63.130	127.264
592.303	206.006	60.610	128.387
596.162	204.828	56.059	129.645
597.974	204.113	54.028	129.545
599.125	204.005	53.423	129.515
599.434	204.347	53.690	128.614
600.201	203.727	50.941	129.173
600.630	200.356	50.890	132.648
600.645	201.422	52.783	130.570
601.903	203.418	55.722	128.928
603.637	202.874	54.331	128.590
604.956	202.057	49.515	128.738
604.095	201.569	50.312	129.819
602.181	201.778	53.216	128.298
600.455	202.024	56.533	128.141
599.267	201.719	59.718	127.746
598.135	203.155	62.268	125.075
597.840	204.373	63.611	123.437
601.994	199.768	64.007	129.183
604.083	200.859	62.517	127.051
608.176	200.806	57.131	127.181
620.835	198.653	54.736	128.578
618.547	201.776	54.743	127.345
618.540	202.957	54.858	124.858
620.498	206.789	55.527	120.965
621.379	206.471	55.836	121.016
622.074	203.790	55.261	123.757
621.491	203.268	56.510	122.228
623.227	200.535	53.650	124.912
623.473	199.868	52.412	126.866
623.358	197.655	54.741	129.612
624.187	198.832	53.889	126.265
625.420	200.398	55.425	124.144
626.324	199.098	53.417	126.543
627.603	200.092	53.306	123.471
629.354	199.584	53.106	125.228
630.388	199.128	56.487	125.745
630.362	198.983	57.614	127.010
624.309	199.704	63.845	126.433
625.386	196.316	63.725	132.066
629.400	197.397	57.162	131.552
631.868	193.778	55.274	133.034
628.700	191.088	54.579	134.591
628.485	194.435	51.364	130.555
624.091	191.406	53.251	134.306
534.275	210.045	58.309	115.186
478.649	205.489	72.087	121.838
474.692	205.229	58.098	120.967
463.681	207.330	62.080	119.888
457.647	205.352	64.134	124.769
454.453	206.399	62.405	123.631
459.701	205.308	62.915	122.783
617.984	196.595	48.366	132.095
618.217	200.305	49.492	131.778
618.699	199.282	52.290	138.116
618.834	207.026	53.578	137.544
614.944	212.357	53.281	138.760
611.636	219.547	51.076	136.253
610.593	220.903	50.180	138.870
607.269	221.653	53.488	139.093
604.520	220.135	55.342	138.313
603.380	217.324	57.929	137.271
604.982	215.058	62.779	136.911
607.519	211.418	63.667	138.332
610.063	207.394	68.086	138.965
609.997	203.784	67.547	139.238
610.623	201.803	68.209	140.527
608.574	201.833	69.282	138.073
606.824	201.036	75.460	138.322
602.050	200.120	74.743	139.397
600.204	199.668	69.751	139.494
596.936	200.640	66.097	138.088
590.088	201.750	60.863	137.303
583.231	203.500	55.543	135.432
573.618	203.104	55.442	137.796
566.198	205.125	55.881	135.799
562.324	205.413	56.204	135.330
560.753	206.332	58.316	132.848
560.673	205.105	61.916	134.439
561.159	203.711	62.807	135.874
561.682	202.087	62.652	137.673
561.983	201.062	62.323	137.683
562.876	200.464	61.323	136.759
563.275	199.445	61.139	137.971
565.122	199.530	60.484	137.418
569.482	198.017	59.321	138.166
581.424	197.655	51.361	138.296
588.163	197.767	49.255	138.077
592.130	198.042	52.772	136.147
593.887	199.504	59.508	133.324
595.307	200.167	65.115	133.035
596.247	200.757	64.545	132.624
598.790	199.765	67.383	131.624
601.647	198.447	70.082	134.392
604.961	197.842	72.362	135.795
608.308	197.249	72.887	136.181
612.040	196.874	70.415	135.228
615.488	196.828	69.310	135.535
617.561	196.019	68.081	136.994
619.213	195.637	65.320	137.517
620.883	195.549	61.931	137.402
621.945	195.802	59.055	137.529
621.705	197.205	56.151	137.208
622.295	198.016	53.934	136.061
621.469	197.897	53.576	137.004
617.896	198.380	55.435	136.269
608.244	198.159	61.683	135.982
597.261	197.864	62.600	136.676
586.718	198.408	66.229	135.351
579.767	196.308	65.142	136.938
571.781	193.699	69.168	139.701
565.845	193.455	71.336	137.556
563.220	191.882	67.382	138.244
560.897	192.860	65.947	138.153
556.158	193.559	66.081	138.160
551.761	193.662	64.383	138.096
547.041	194.765	63.623	137.142
540.708	196.832	63.742	138.459
537.549	199.017	64.602	136.655
535.866	200.714	63.427	136.509
534.729	202.178	62.935	135.995
534.436	202.846	63.124	135.118
534.780	201.771	62.586	136.899
534.317	201.662	63.566	136.348
535.348	200.849	62.791	137.020
536.026	199.612	62.473	138.131
537.121	199.315	61.634	137.834
540.005	199.849	60.688	136.537
543.205	200.441	61.073	135.819
544.937	199.663	60.406	137.237
544.834	199.648	61.800	136.613
548.146	199.958	58.767	135.959
550.207	199.523	57.524	137.375
550.089	199.752	59.575	138.075
551.721	199.321	58.561	138.316
551.365	199.849	59.427	137.915
542.501	199.273	68.285	137.239
532.340	198.847	77.499	137.866
541.965	198.306	68.405	137.538
540.685	198.362	68.096	137.110
545.126	197.799	63.398	138.105
549.364	196.828	58.464	138.865
551.621	195.599	56.299	140.365
551.652	197.210	55.705	138.401
551.302	196.460	55.347	138.434
550.945	196.648	56.363	138.020
550.375	197.200	57.482	137.773
550.584	196.743	56.926	137.259
550.375	196.717	58.981	136.337
551.655	197.308	60.641	135.676
552.863	197.459	64.555	134.942
553.926	197.989	66.394	133.957
555.081	198.398	62.459	133.607
556.121	197.397	58.213	137.263
557.568	198.060	56.787	137.578
558.081	198.352	59.142	137.739
559.286	198.912	63.755	137.095
561.118	199.293	62.613	137.249
563.457	199.320	67.508	139.671
566.209	200.067	70.746	138.809
567.042	199.800	75.861	139.075
569.800	200.556	78.072	136.960
573.062	200.879	79.676	137.013
582.266	198.804	77.011	142.635
588.096	199.092	74.581	141.261
591.780	199.130	74.062	142.469
594.357	199.870	73.483	140.240
597.999	199.813	72.929	139.675
601.175	200.952	76.172	138.819
602.918	200.515	75.547	139.136
602.105	200.056	77.156	138.600
602.857	198.601	77.780	140.473
603.920	196.943	78.047	140.490
604.954	194.747	79.559	140.809
605.983	194.233	76.645	142.479
606.191	194.754	76.448	141.485
607.038	194.211	78.071	141.557
606.523	193.899	73.642	140.875
605.016	194.389	63.702	139.892
604.051	195.758	65.071	137.969
594.158	194.336	70.398	142.474
586.176	192.224	83.833	148.470
592.213	195.336	78.065	142.344
595.279	195.067	79.520	136.318
569.818	190.062	97.381	149.759
574.811	188.359	85.012	150.676
579.733	187.208	78.682	148.807
555.840	188.113	97.595	144.316
515.064	192.694	95.878	135.378
570.919	187.359	82.719	138.492
587.829	184.842	65.577	141.839
591.879	188.433	62.934	139.952
595.942	188.192	61.604	139.259
597.063	187.934	59.852	138.595
599.427	188.771	57.609	136.585
602.904	188.240	52.054	137.909
601.664	189.782	52.788	136.186
598.418	188.801	56.842	136.392
593.666	190.615	61.954	133.212
591.182	190.035	64.209	132.995
588.325	189.666	69.450	133.249
587.939	189.811	71.230	132.938
588.674	189.595	73.767	132.459
589.581	188.344	76.775	134.170
592.853	187.851	75.145	134.256
597.162	188.305	73.051	133.292
602.717	188.310	64.866	132.953
606.575	188.875	61.372	131.517
609.025	189.340	60.578	130.585
612.806	188.946	57.394	131.140
616.044	188.737	56.495	132.162
618.481	189.321	54.969	131.240
619.767	189.617	55.272	130.663
621.446	190.342	54.180	128.964
622.707	191.706	54.152	127.357
623.756	190.980	54.886	127.140
622.951	190.961	57.793	127.239
622.191	191.038	58.137	127.564
620.369	190.666	61.996	125.952
619.281	190.769	62.742	125.520
618.314	190.477	61.616	125.503
613.552	190.350	64.546	126.264
606.410	191.234	70.506	126.118
606.457	191.292	68.650	127.921
600.134	191.214	72.876	127.422
596.787	192.942	73.978	125.426
607.110	193.385	60.725	124.490
607.955	194.444	57.652	123.450
606.190	194.985	57.531	123.905
604.262	196.360	58.045	121.703
599.474	196.532	61.466	121.806
599.142	198.176	59.750	119.132
592.465	199.252	64.987	118.579
584.334	199.054	69.782	118.639
582.164	200.210	69.325	117.845
580.002	199.367	68.256	118.995
577.578	198.751	68.230	120.231
576.573	197.726	68.786	123.371
572.501	197.053	70.892	125.838
568.455	198.789	73.173	123.865
564.532	199.074	73.530	123.461
557.083	202.124	79.098	121.947
547.405	206.028	88.606	118.568
539.471	209.173	95.748	117.090
534.132	207.393	100.901	120.280
524.048	206.721	110.306	121.617
522.852	207.201	108.421	120.659
520.545	206.690	109.667	120.330
519.003	206.879	76.482	119.461
513.308	207.773	72.287	117.341
511.121	208.061	64.002	117.070
509.695	209.398	60.614	117.484
507.088	208.773	60.369	118.117
501.108	209.713	63.658	118.734
499.592	210.362	67.130	120.209
493.180	209.675	71.937	121.025
485.328	208.495	78.297	121.847
489.231	206.474	74.397	122.660
491.152	207.049	78.623	122.078
486.603	201.438	84.820	128.548
491.108	204.850	83.828	121.659
503.799	208.718	77.011	115.664
508.758	206.195	72.099	118.395
514.608	206.269	71.385	115.017
519.126	206.572	72.205	114.796
520.799	206.997	73.347	113.000
516.635	205.828	81.961	113.195
510.274	198.556	91.721	122.204
535.473	201.974	72.121	118.281
519.086	200.970	76.516	124.178
528.428	201.310	78.837	121.299
524.329	196.986	84.003	122.842
538.475	202.551	77.496	117.188
530.676	200.411	85.682	120.003
501.835	201.373	94.539	124.392
537.874	196.170	86.281	128.959
554.723	200.887	69.891	123.274
552.612	190.143	73.326	134.717
563.850	203.324	64.080	123.469
557.146	195.819	68.293	130.336
565.851	192.238	61.735	134.354
563.783	195.362	61.852	132.250
564.262	189.291	59.752	134.595
565.303	192.637	59.499	132.559
566.599	191.368	57.784	135.356
568.488	193.526	56.118	133.926
569.229	189.847	56.464	135.953
565.817	186.479	60.765	134.536
568.359	194.586	61.400	130.698
568.873	191.688	62.483	134.156
574.873	192.942	60.931	135.539
575.646	191.201	62.655	135.419
579.985	195.789	59.921	133.389
582.086	194.568	59.369	133.993
584.642	194.449	59.920	132.478
588.534	193.121	60.181	132.558
587.703	191.010	64.280	134.460
587.436	191.409	66.267	135.586
602.798	190.953	59.516	128.278
608.336	190.947	60.216	130.102
609.615	189.802	61.630	130.204
610.305	188.284	61.051	128.514
610.397	186.750	63.093	126.419
611.323	188.515	63.397	128.565
608.989	186.884	64.121	128.812
607.836	185.287	64.156	128.703
600.849	182.676	68.271	128.760
592.529	182.972	66.100	128.507
584.047	177.098	64.781	135.923
564.570	190.176	61.294	127.936
565.631	191.179	70.063	127.548
576.232	190.405	76.881	125.447
555.684	195.634	63.854	123.154
553.470	194.263	62.742	125.044
548.135	195.273	59.901	122.512
545.072	195.386	57.316	123.528
541.387	195.471	56.740	121.882
538.815	196.615	56.179	122.074
536.616	197.391	57.440	122.156
532.391	198.073	60.527	121.998
529.601	198.276	58.184	124.717
527.727	199.063	53.786	121.872
525.300	198.637	55.549	124.811
523.326	199.427	59.668	123.386
525.148	199.662	57.412	122.564
525.613	200.274	57.603	120.168
525.867	200.117	56.824	119.972
528.161	200.124	54.781	120.614
528.642	200.644	54.396	119.668
529.283	201.533	53.623	119.083
530.476	201.649	54.564	118.479
531.728	202.744	54.419	118.777
532.670	203.311	55.571	118.796
534.116	202.874	55.878	119.429
534.402	202.751	56.071	119.364
534.572	202.300	58.298	119.239
536.574	202.120	59.179	118.291
540.493	201.784	58.112	118.252
543.915	201.293	56.416	119.200
546.253	200.743	56.832	119.000
546.947	200.134	57.569	120.058
548.336	200.562	57.808	118.836
550.339	200.176	57.991	119.397
552.515	201.003	57.918	118.013
552.931	201.172	58.868	119.185
552.554	201.171	59.106	120.412
551.765	201.391	59.709	120.661
551.328	201.504	60.392	120.510
550.435	201.332	60.857	121.059
549.933	201.223	61.539	120.346
550.954	200.665	60.442	120.650
551.023	200.388	60.425	121.002
552.454	200.445	59.075	120.739
553.835	200.391	57.592	120.578
555.790	200.250	55.894	119.476
556.981	200.356	55.287	120.226
559.381	200.685	53.399	118.967
560.498	201.488	53.553	118.642
562.330	202.659	53.467	116.367
562.782	203.047	54.884	115.434
563.723	203.139	54.537	115.799
564.220	203.100	53.780	115.892
564.918	202.568	53.961	116.593
565.577	202.460	54.886	115.415
566.340	201.741	56.148	115.505
568.767	201.169	55.480	115.602
571.758	200.519	53.834	115.638
573.315	199.972	53.970	115.818
574.417	198.730	53.727	116.431
575.904	198.540	52.689	116.612
577.132	198.564	52.365	117.156
578.012	199.361	52.736	116.952
578.862	199.611	52.309	116.999
579.438	199.656	53.519	117.711
580.516	199.989	56.796	116.566
581.590	200.014	57.045	116.787
582.096	200.508	56.262	116.520
581.824	200.305	55.880	116.545
581.679	199.601	55.477	117.812
582.737	199.424	53.730	117.966
583.823	199.444	54.595	116.968
585.174	199.237	53.117	116.666
585.731	199.359	52.690	117.439
585.984	199.418	50.851	117.162
584.202	199.199	52.260	117.574
583.679	199.203	52.207	118.106
583.400	199.203	51.685	118.762
582.723	198.769	52.180	119.665
581.575	199.184	52.802	118.780
580.727	199.510	53.586	118.372
579.797	199.075	52.458	119.052
579.687	199.686	51.612	118.402
578.968	199.569	52.644	118.770
578.428	200.398	51.202	117.474
576.535	200.750	52.186	117.320
575.186	200.649	52.858	118.231
572.477	200.506	55.231	118.583
570.405	201.093	56.764	117.374
568.677	201.625	58.327	118.832
566.646	201.507	59.362	118.874
565.341	201.669	57.749	119.047
563.813	201.920	57.908	119.180
561.865	202.042	58.524	119.833
560.969	200.999	59.692	122.338
562.962	201.110	57.366	121.698
563.318	201.051	56.191	121.249
564.954	201.459	54.398	120.480
566.628	201.740	52.724	121.060
565.283	201.595	53.691	121.687
565.465	199.504	54.668	125.440
565.841	197.895	55.324	127.742
567.170	198.223	56.624	128.682
569.347	200.305	55.847	127.245
565.172	202.522	62.588	126.411
562.484	205.688	67.116	122.551
554.233	207.397	73.234	120.375
546.731	206.633	58.785	121.252
549.308	203.768	49.808	120.633
544.325	204.241	57.004	120.684
543.966	203.167	54.653	123.176
542.690	200.630	55.795	124.419
542.266	199.074	52.480	125.613
537.951	198.956	54.334	124.846
533.292	200.215	54.898	122.206
529.865	200.118	55.412	124.068
528.155	199.691	51.452	124.629
526.651	199.233	50.420	125.216
523.459	199.623	50.885	125.607
521.984	199.324	51.081	125.056
518.671	200.850	50.980	123.883
513.625	200.482	52.671	123.542
510.951	200.934	51.200	123.799
509.384	200.268	50.427	124.430
508.171	200.188	50.863	122.691
507.193	200.607	50.324	121.966
506.935	200.758	49.945	121.736
505.816	201.034	50.867	121.251
506.257	201.034	49.971	120.422
506.165	201.227	48.613	120.027
505.637	201.552	46.502	120.820
505.566	201.224	45.006	122.372
505.156	199.811	44.270	125.336
503.942	199.707	44.148	127.141
502.308	200.157	44.366	124.525
498.762	199.707	46.549	126.404
497.803	199.210	46.677	125.935
495.747	200.870	48.002	121.441
494.185	200.390	48.946	122.067
491.970	200.506	52.129	121.134
490.439	201.658	53.151	120.197
488.853	200.515	55.338	122.758
487.482	200.198	58.896	123.140
486.092	200.267	59.675	121.666
484.309	198.758	62.659	123.929
483.753	199.248	69.722	122.839
482.750	199.573	70.410	123.023
481.276	200.828	72.132	122.083
479.703	200.823	74.379	122.243
479.359	200.758	74.022	123.893
478.382	200.621	71.977	123.732
478.400	200.792	69.707	123.627
477.974	199.340	68.059	125.814
477.675	198.546	66.455	126.625
477.208	198.439	64.643	126.820
477.741	199.162	61.858	126.434
477.896	197.484	61.021	128.826
478.947	198.101	60.681	127.808
481.155	197.306	61.118	128.118
484.069	197.244	60.256	128.169
487.976	197.407	60.899	127.312
490.631	197.013	60.362	128.178
493.543	196.616	60.143	129.049
496.920	196.274	59.709	128.193
499.805	196.155	59.716	128.012
501.182	195.801	61.071	128.661
503.282	195.736	61.088	128.576
505.373	195.805	60.766	128.787
507.765	195.628	60.605	129.501
510.892	195.869	59.680	129.095
513.117	195.768	59.319	130.348
513.691	196.587	61.602	128.565
514.276	197.079	64.380	127.927
514.947	197.300	66.250	128.113
515.647	197.031	66.399	129.587
516.464	196.243	66.693	130.973
520.123	196.158	64.119	130.251
521.813	195.854	63.759	130.365
522.018	195.309	65.790	130.865
522.180	194.453	67.208	131.789
522.813	194.152	66.111	131.676
520.230	193.880	68.865	131.462
518.694	192.918	69.243	132.387
517.012	193.517	67.121	131.980
515.503	193.644	68.228	131.228
514.407	193.250	66.733	131.190
512.845	192.202	64.543	132.006
512.028	191.901	61.323	132.432
511.244	190.835	59.039	133.659
511.312	191.408	56.366	132.334
511.339	192.065	54.691	131.153
511.061	192.158	53.439	129.926
512.516	191.422	51.402	131.400
512.196	192.246	53.536	130.108
513.694	192.832	51.974	129.253
514.820	193.279	51.513	129.036
514.879	194.015	52.155	127.258
514.885	194.139	53.122	127.391
515.529	193.899	54.294	127.244
516.480	194.090	55.337	125.270
518.928	193.784	53.522	124.446
519.960	194.096	55.470	123.706
519.771	195.276	58.699	122.703
522.622	197.010	60.378	121.605
527.196	200.116	59.372	119.744
531.434	199.163	57.053	122.901
532.209	196.345	55.422	126.692
532.063	199.026	54.376	124.641
530.874	197.702	53.463	125.391
529.694	200.821	52.223	121.247
530.600	198.726	50.292	122.069
532.892	195.903	47.418	124.905
530.942	191.765	49.545	128.924
529.275	195.500	53.608	126.570
531.817	197.988	53.620	124.591
531.120	196.389	55.310	129.033
532.525	196.453	56.917	136.629
533.918	203.622	56.424	132.505
532.739	199.533	59.772	132.388
532.801	193.411	57.815	135.697
534.082	194.357	58.055	134.813
535.235	194.492	58.914	132.842
541.158	196.036	64.787	134.975
548.921	192.206	63.658	133.018
540.236	196.417	66.392	132.401
545.006	191.660	66.196	138.991
538.921	201.610	66.835	130.616
542.540	201.458	58.097	129.932
542.711	212.233	52.953	122.014
537.646	205.259	54.134	120.785
541.893	218.802	49.855	114.553
542.446	204.431	48.393	122.840
675.579	194.403	61.635	121.234
671.624	197.001	83.127	118.713
667.922	195.317	78.532	124.738
665.319	195.382	74.675	126.168
661.793	193.547	62.278	128.300
658.954	194.474	57.020	125.849
656.287	191.151	51.516	128.490
651.800	191.265	52.069	127.176
647.338	191.774	56.164	126.624
642.876	193.474	60.433	127.290
641.808	194.812	59.733	125.244
640.242	195.347	58.881	126.141
639.048	197.320	61.079	124.350
640.147	198.325	59.245	122.775
641.394	197.628	57.582	121.247
642.255	194.535	55.244	125.363
643.226	193.508	54.135	126.550
646.363	192.008	57.238	126.735
652.275	191.525	57.406	126.111
659.036	191.382	60.779	123.219
660.819	192.028	60.064	120.494
664.394	193.502	58.960	120.741
668.694	192.406	56.589	122.044
672.309	193.203	54.493	120.795
676.971	192.805	54.238	120.758
562.717	188.102	66.797	130.024
565.785	187.397	71.139	133.720
570.949	183.292	72.475	139.012
570.096	172.087	76.728	147.170
575.858	167.366	66.697	147.218
573.754	173.192	67.027	137.523
579.094	173.326	58.145	137.880
583.371	180.199	50.960	131.229
584.987	180.638	50.836	131.930
589.139	180.151	50.800	132.348
590.671	179.510	49.461	130.633
592.969	182.701	50.712	128.599
595.616	181.446	52.142	130.944
598.895	180.501	51.290	134.196
604.798	179.628	53.733	131.101
606.648	181.594	49.157	127.909
607.295	179.091	51.456	128.808
719.155	186.086	65.447	117.140
714.360	185.580	64.174	116.361
711.107	186.175	72.613	114.623
714.248	185.201	68.864	115.647
713.803	185.675	66.488	113.692
710.988	184.266	69.908	118.791
710.010	183.100	68.289	119.336
707.507	183.074	68.435	118.834
704.196	184.201	68.537	118.271
700.561	184.857	66.830	118.125
698.008	184.843	65.936	119.624
694.528	185.989	63.065	119.426
676.558	187.381	65.976	119.916
648.325	187.401	80.760	121.022
632.970	184.361	79.097	118.992
633.139	185.546	79.175	125.748
622.920	185.525	85.224	128.284
615.949	187.647	81.448	125.400
608.069	186.555	82.530	123.767
604.399	186.785	83.750	123.790
602.287	187.324	76.909	125.436
599.163	182.704	73.266	128.259
594.881	188.764	70.722	123.473
595.894	185.827	64.695	127.061
592.658	186.692	63.539	126.164
590.543	184.958	62.974	128.472
591.190	183.903	60.417	131.888
590.343	184.080	60.931	130.955
584.439	187.674	55.091	128.424
582.141	190.395	56.861	123.000
577.355	187.880	56.981	124.909
574.677	189.064	54.757	123.237
571.700	188.657	54.889	123.598
569.004	188.365	51.927	123.223
565.631	190.274	50.703	120.754
561.200	188.102	66.903	120.909
560.942	183.113	53.355	126.296
558.435	183.851	50.300	127.058
557.131	184.121	49.620	127.150
554.851	186.471	49.513	124.169
552.802	183.933	49.668	126.690
551.411	177.806	48.628	133.245
551.114	180.479	45.040	132.054
549.170	180.500	43.933	132.572
547.555	183.826	42.161	129.105
544.937	183.862	46.995	130.211
543.859	189.002	46.584	126.011
543.291	187.991	46.458	125.874
540.815	188.167	48.100	124.308
537.549	186.953	53.831	126.400
529.383	191.768	59.545	121.580
530.806	193.227	57.525	118.324
531.626	192.632	55.152	117.152
529.011	194.316	56.977	117.825
530.911	195.398	56.764	117.629
531.380	197.075	55.152	113.409
532.253	197.087	54.253	114.478
531.422	196.702	54.502	113.826
531.673	196.737	54.478	113.872
530.885	197.022	56.309	113.632
531.103	197.822	55.956	113.371
530.906	197.440	56.976	114.775
530.718	197.436	57.185	115.406
530.275	197.430	57.860	115.194
529.966	197.476	58.154	115.188
529.897	197.279	59.053	115.762
530.215	197.328	59.388	115.300
530.281	196.771	59.107	116.180
530.839	195.804	58.413	117.798
531.296	195.548	57.552	118.116
531.878	195.054	57.029	118.216
533.334	195.330	55.582	117.272
534.574	195.078	53.956	118.210
535.624	194.771	54.279	117.471
537.257	194.037	51.373	118.780
538.041	194.244	48.762	118.258
539.115	194.260	48.818	119.110
540.313	194.121	48.522	118.869
541.545	195.228	46.182	117.517
543.298	194.627	46.423	118.919
544.144	195.358	46.810	117.348
544.844	195.271	47.264	116.498
546.249	194.628	46.310	117.362
546.847	194.263	46.609	118.205
546.929	194.268	47.706	118.293
546.509	194.518	50.340	115.960
547.689	193.723	48.686	117.718
547.937	193.800	49.921	117.037
549.198	193.851	49.374	116.925
551.418	193.527	47.567	117.481
552.705	193.471	47.067	117.292
553.086	193.352	47.415	118.601
553.803	193.193	47.288	118.512
555.567	192.867	45.631	119.377
555.869	192.695	45.133	120.049
555.178	192.324	47.354	119.988
553.989	192.566	52.991	118.744
552.864	193.642	55.491	118.936
550.303	193.533	54.731	116.872
548.650	193.759	61.786	116.843
545.779	193.996	60.651	119.564
548.707	193.654	59.051	120.343
548.667	193.051	60.802	120.713
548.117	194.216	63.008	120.119
551.215	194.308	61.774	120.236
553.511	193.942	59.997	121.111
552.557	195.137	65.142	121.163
556.589	194.122	62.678	122.449
558.830	192.530	62.123	123.396
561.183	191.687	58.626	122.171
571.050	192.056	46.684	119.442
569.200	194.364	52.226	118.473
567.892	196.298	54.376	118.132
572.011	195.289	51.377	119.857
573.453	198.320	53.130	115.726
577.470	196.058	55.186	117.714
575.469	197.497	63.453	117.817
574.224	196.899	63.853	118.804
576.665	198.292	61.730	116.406
572.405	199.568	64.487	115.196
580.735	199.263	59.041	117.547
581.537	193.041	56.390	120.853
583.757	196.129	55.387	118.427
585.007	192.855	53.784	119.672
583.241	195.443	57.083	114.884
584.283	195.926	54.273	113.820
584.575	197.832	55.716	112.230
587.340	191.307	52.217	119.093
582.758	191.219	64.530	117.577
572.126	185.626	76.201	121.494
573.939	193.462	87.276	118.930
585.758	188.243	72.827	122.314
574.863	185.541	68.436	124.745
582.869	203.382	65.878	108.293
578.448	200.732	54.069	107.451
587.755	199.052	47.533	111.753
585.277	198.685	47.633	113.097
583.772	197.195	48.397	115.348
581.416	197.430	49.078	113.954
578.968	193.805	49.831	115.889
578.449	196.438	50.145	113.079
578.768	195.820	49.493	112.732
577.684	197.874	50.668	108.829
580.049	194.553	54.339	114.490
578.939	195.779	60.105	114.805
578.431	192.140	56.072	119.611
578.151	192.402	52.593	122.118
577.378	193.699	51.361	124.168
572.917	193.375	55.204	121.227
571.899	191.534	54.386	123.394
568.479	191.276	55.991	126.357
569.533	188.915	56.150	127.285
569.777	187.238	57.500	130.018
569.128	182.838	59.008	134.256
570.446	181.876	55.272	135.552
568.403	180.385	61.032	136.586
567.757	181.190	62.230	137.890
568.325	182.402	61.150	136.610
567.686	183.648	59.950	133.544
567.790	183.178	62.621	136.106
566.863	182.769	64.704	139.035
563.893	181.598	67.461	141.170
562.840	181.979	68.255	140.258
556.031	180.587	72.452	143.088
554.838	181.925	71.230	141.319
552.874	182.036	73.373	141.163
552.409	182.341	73.863	139.940
552.756	181.558	71.899	140.332
555.865	180.014	69.053	144.340
555.286	179.005	66.299	145.194
554.881	179.591	68.861	141.892
556.819	179.783	64.914	141.338
557.921	179.590	65.815	142.640
560.079	179.473	68.015	143.072
562.007	181.033	64.284	140.690
563.948	181.177	62.984	140.148
565.546	181.047	61.818	140.427
566.097	180.430	62.833	141.013
567.022	181.860	61.932	139.286
567.373	182.220	60.396	139.457
566.936	184.871	59.491	136.527
564.820	189.116	63.564	132.125
564.455	190.806	65.638	130.040
566.738	195.987	67.863	125.468
563.820	188.007	71.646	131.338
575.189	191.568	64.329	127.792
578.564	196.393	59.376	121.656
576.751	186.230	63.721	130.709
571.126	189.177	63.514	129.224
578.337	186.984	61.870	131.579
578.421	189.090	64.269	130.908
569.967	189.220	69.806	130.898
576.792	188.152	63.766	130.479
594.241	192.229	66.579	128.314
596.929	190.212	61.016	127.554
607.711	192.635	65.899	122.410
613.373	193.387	71.336	124.626
608.889	194.975	61.220	124.489
619.578	196.910	64.002	121.562
621.247	201.143	64.221	118.589
623.878	203.114	60.305	117.903
475.848	204.527	34.867	116.659
463.238	196.492	53.592	120.761
458.419	194.980	55.717	126.331
579.728	188.127	65.578	133.981
578.540	183.553	70.315	139.086
579.091	183.983	74.948	137.942
575.898	183.427	76.455	138.411
576.444	182.293	72.475	139.857
574.345	181.534	75.400	141.297
563.437	186.188	74.590	136.216
562.646	188.916	75.710	134.192
558.865	190.123	76.776	132.667
555.772	191.804	76.028	130.823
551.890	189.341	79.247	134.057
549.870	187.193	79.750	137.338
549.052	190.703	77.474	133.337
548.814	191.511	75.500	131.678
548.534	193.247	69.967	127.902
546.358	192.149	68.429	129.324
546.001	194.755	62.559	127.453
545.715	193.678	60.621	129.409
545.677	196.446	61.112	126.066
544.018	199.412	66.558	121.274
547.572	200.375	63.937	121.303
548.516	196.591	64.707	124.030
546.220	199.690	67.928	121.116
546.012	197.586	69.104	122.981
550.951	189.293	65.228	130.656
550.593	189.628	67.699	128.770
548.794	185.573	69.925	134.000
548.532	185.205	70.910	134.685
547.305	184.962	72.311	134.831
544.344	184.201	72.514	136.028
545.342	182.982	68.944	136.019
546.486	181.179	68.141	136.199
547.546	180.701	67.296	136.043
546.281	181.036	62.223	135.062
543.466	180.177	60.498	135.592
536.146	179.432	63.033	139.513
527.484	180.671	67.099	137.236
521.356	180.231	68.780	138.873
512.767	181.258	73.503	138.896
505.124	182.129	74.957	138.807
494.285	183.089	77.720	139.442
485.122	181.926	80.217	143.202
476.504	187.876	82.221	137.517
468.464	188.205	82.260	137.710
460.536	190.211	84.952	136.098
452.939	189.238	82.686	137.007
447.178	190.386	83.633	137.055
441.612	187.991	81.623	139.646
437.141	189.285	76.566	138.670
432.000	190.573	74.214	136.077
425.901	192.421	76.936	135.268
420.791	192.441	79.982	136.721
417.051	194.490	80.947	135.657
414.330	195.092	81.459	135.744
413.114	194.880	80.217	136.290
411.143	193.181	78.255	137.859
408.354	193.354	78.646	137.084
407.204	193.495	75.782	136.426
406.832	193.038	73.482	136.324
406.990	193.526	71.488	135.343
406.933	193.433	70.367	135.224
407.436	193.240	68.902	136.299
408.164	192.797	68.706	135.948
409.512	191.515	69.129	134.952
409.926	190.655	69.600	134.710
410.192	191.367	70.587	133.372
409.977	192.499	73.445	130.382
410.965	192.499	75.058	130.076
409.589	193.996	76.405	128.986
411.415	195.600	76.335	128.258
411.435	194.420	76.108	130.243
411.934	193.287	74.658	133.203
411.940	192.617	70.498	133.411
412.520	191.556	69.384	134.583
412.028	191.955	69.713	134.412
408.636	195.180	74.442	130.435
406.430	194.313	76.436	131.134
401.278	196.377	83.910	129.492
392.141	198.897	94.614	128.030
388.378	201.229	103.405	128.033
396.312	200.823	98.053	126.763
395.554	197.845	99.517	132.752
395.246	197.337	100.161	133.211
374.128	197.198	121.986	132.680
394.106	204.969	105.203	123.922
382.327	198.262	115.868	133.243
356.566	202.262	137.433	126.174
393.343	203.785	103.808	122.407
394.481	195.804	97.813	132.545
399.882	195.631	85.938	132.899
404.026	195.151	76.888	133.447
403.897	194.294	76.098	136.408
404.120	196.743	73.781	133.341
402.601	196.262	73.816	133.638
399.718	199.943	76.261	129.705
397.561	199.756	78.947	130.020
396.522	200.150	79.787	130.134
394.914	198.215	82.017	132.131
393.280	202.199	82.723	128.793
391.902	201.098	83.924	131.027
387.698	201.919	87.847	130.937
384.837	200.530	89.638	134.703
379.669	201.180	87.796	133.323
373.912	201.951	88.025	131.335
368.218	200.909	84.052	131.434
361.833	197.872	75.005	134.794
356.835	194.780	75.373	137.729
353.092	197.818	74.665	134.762
350.563	196.221	75.599	136.036
344.419	196.451	76.306	135.634
342.271	197.768	76.289	134.812
340.997	197.621	74.693	136.150
340.251	196.932	73.682	137.886
338.847	196.512	72.271	139.027
335.229	195.309	72.639	139.914
331.946	195.132	71.509	139.045
329.777	195.223	68.765	140.095
326.483	195.455	66.672	137.874
324.199	195.326	68.859	137.528
321.494	195.079	67.133	137.584
315.040	196.198	70.520	134.959
310.069	196.653	71.502	135.153
306.178	195.507	73.209	135.920
302.202	197.102	76.391	134.809
298.935	197.697	77.837	135.093
297.348	200.160	77.267	133.033
296.237	195.783	78.591	140.230
293.704	195.875	81.423	140.571
293.007	195.736	80.489	138.360
292.236	196.487	77.456	139.224
289.819	197.507	75.596	136.988
290.294	197.032	71.917	138.684
289.988	196.727	71.055	138.482
290.090	196.171	70.147	136.174
290.346	196.390	70.108	135.573
290.848	196.730	68.529	134.310
290.035	197.375	71.869	132.541
290.115	197.928	72.748	131.602
290.317	197.432	69.973	132.035
290.777	198.357	74.537	130.880
292.525	198.635	67.987	131.850
290.541	199.068	75.924	130.029
292.345	197.766	70.276	130.275
292.025	198.867	73.093	128.676
292.972	197.291	70.868	130.136
293.623	199.418	70.009	127.237
294.162	198.122	72.785	130.115
293.619	197.327	74.735	132.272
292.072	198.682	74.098	132.293
291.955	198.377	73.870	133.364
291.141	198.490	80.860	132.408
286.953	197.981	81.162	135.325
287.274	197.164	85.299	136.543
287.052	197.925	76.077	135.433
286.299	196.512	81.799	135.683
286.690	197.928	76.015	132.397
286.658	195.552	75.294	135.073
286.960	196.807	74.310	134.254
290.821	195.909	71.951	134.029
293.161	197.622	67.069	132.583
294.506	196.879	65.849	134.011
295.891	198.089	65.783	131.342
295.069	196.163	67.677	134.237
295.180	196.821	69.375	135.037
296.889	196.502	66.975	136.098
300.546	194.336	69.719	140.009
300.839	192.160	72.247	143.215
301.514	193.097	72.884	142.767
303.437	193.917	74.509	143.554
305.616	193.662	75.110	142.461
312.042	191.231	70.432	145.766
312.859	191.136	72.432	145.532
317.073	187.997	72.040	148.598
318.563	185.255	75.164	152.671
319.840	185.958	76.232	150.039
323.563	183.478	78.871	153.602
328.254	184.009	80.078	152.122
336.102	186.168	78.374	149.945
340.769	186.170	80.020	150.545
345.464	187.540	80.981	147.338
347.006	188.640	80.846	146.464
350.968	186.728	81.442	146.178
352.893	186.653	82.273	147.554
355.465	185.692	86.735	148.076
361.392	184.597	83.533	150.711
368.715	180.520	80.015	154.396
373.774	177.753	81.678	158.244
373.618	176.759	87.477	158.244
374.031	175.750	94.637	158.496
375.610	174.925	99.052	160.693
374.814	176.252	101.624	159.738
383.361	178.564	98.228	155.679
382.138	178.784	103.720	155.352
392.364	179.139	100.661	154.634
404.706	180.762	92.877	156.922
414.751	181.956	89.803	157.993
413.641	165.682	106.083	175.167
417.672	165.400	104.589	176.089
435.009	169.156	106.330	171.671
414.635	159.798	96.085	174.111
469.548	188.092	102.401	151.694
481.434	193.327	91.478	143.749
475.340	190.246	91.617	147.284
477.672	194.583	90.086	141.401
484.071	192.230	87.263	146.411
482.683	194.613	92.602	146.778
483.620	198.394	95.845	143.480
478.054	198.286	101.725	144.140
475.965	206.962	102.131	135.922
479.914	212.777	94.968	129.169
479.831	208.030	100.667	134.065
484.025	201.381	115.262	141.103
490.181	201.670	104.370	136.509
497.290	203.210	103.818	134.731
535.110	188.615	105.434	146.977
540.763	189.507	106.336	151.144
557.498	178.682	100.795	163.426
564.218	179.509	113.173	164.870
577.802	181.406	107.551	163.964
578.739	192.257	115.038	150.148
579.480	188.227	120.357	147.581
465.578	201.655	90.039	131.144
461.018	201.482	86.336	136.265
458.593	199.462	90.072	135.895
639.974	199.149	89.437	132.204
634.473	195.722	109.578	135.355
646.186	200.169	105.506	130.025
648.959	197.103	105.461	132.074
654.489	196.177	106.505	132.259
656.998	198.427	107.422	127.670
663.068	202.393	107.378	120.935
677.120	197.818	98.429	122.551
687.172	196.343	90.535	124.623
687.831	195.568	92.216	126.285
691.633	195.987	93.865	128.197
692.034	189.592	98.305	134.221
698.218	190.614	88.002	130.579
695.760	184.566	96.188	135.691
699.345	181.044	93.540	138.550
699.913	180.157	91.965	138.428
695.107	187.931	94.116	130.591
696.289	189.397	91.805	127.724
692.024	189.389	97.109	130.127
686.113	194.139	99.956	127.829
682.985	189.859	99.196	126.972
677.614	185.347	104.411	127.369
674.108	187.197	105.453	129.016
674.238	187.168	107.467	127.657
672.211	188.468	107.236	124.740
671.680	188.397	106.711	125.645
666.577	189.180	105.569	122.865
659.370	192.240	95.563	120.909
656.843	191.576	91.985	126.592
654.285	192.250	83.369	124.170
657.448	192.232	74.462	123.209
667.357	196.803	63.948	118.107
553.921	196.797	83.041	117.142
553.528	194.797	86.381	120.974
552.681	195.559	87.594	120.409
552.949	193.946	88.045	124.352
565.727	195.545	73.729	118.552
566.134	196.733	73.840	118.701
571.069	195.703	68.950	121.737
571.755	193.934	69.574	123.786
571.110	193.497	67.557	123.022
644.569	193.293	69.355	120.294
636.981	187.898	71.465	121.623
643.497	190.308	63.731	120.365
644.919	186.570	60.379	123.905
644.412	204.311	59.347	106.895
644.219	190.544	57.050	118.372
644.190	194.558	57.693	116.424
640.315	191.287	60.343	119.119
637.907	196.192	62.789	115.597
633.920	193.250	64.901	118.386
629.416	192.686	67.443	119.286
627.027	189.587	66.944	121.613
625.091	186.956	68.029	123.665
625.524	185.821	65.545	124.511
622.024	179.350	64.640	129.767
624.203	174.528	59.041	132.170
622.249	170.909	57.267	136.389
621.880	168.107	54.825	140.752
620.867	169.847	55.607	135.986
620.253	168.989	56.288	135.254
621.130	169.489	56.392	135.900
620.322	171.828	60.185	133.807
622.118	173.983	57.794	132.367
625.209	178.406	57.404	129.133
627.634	181.954	59.027	122.928
630.279	185.897	58.192	118.100
631.805	192.686	61.927	113.354
639.525	189.480	56.887	116.049
644.456	186.570	57.473	117.470
648.131	187.038	57.985	116.897
650.334	185.452	59.379	118.646
654.307	184.748	58.675	120.470
657.125	184.034	57.358	121.634
658.725	184.034	56.716	121.915
659.002	183.283	56.908	123.621
659.384	183.187	56.109	123.557
651.707	182.164	61.565	125.831
653.435	183.331	58.469	124.406
652.450	182.223	57.979	126.051
650.777	181.745	58.166	125.891
647.784	181.050	60.344	126.277
645.434	182.394	61.125	126.020
645.489	181.796	60.573	126.242
644.755	180.974	61.749	127.194
644.978	180.606	61.813	125.389
644.617	180.778	64.026	125.192
645.731	181.745	64.935	126.070
647.878	181.273	64.113	127.095
648.475	182.279	65.547	126.975
649.727	181.886	66.516	126.473
652.123	181.787	65.963	126.354
653.017	181.855	66.072	126.726
653.132	180.918	66.659	128.987
654.675	180.457	65.975	128.899
655.399	179.761	65.288	129.195
656.274	180.708	64.594	126.533
656.435	180.040	62.754	128.568
658.114	180.336	60.962	127.478
658.639	179.868	59.656	128.251
659.128	179.809	58.507	128.619
659.480	180.033	58.284	128.716
660.363	182.103	59.214	125.315
660.563	181.531	58.618	127.192
661.697	181.315	57.480	127.932
662.697	180.547	56.417	128.968
663.512	179.700	56.306	128.642
665.009	180.295	57.016	127.515
663.670	180.027	61.907	128.492
662.832	179.642	69.263	128.161
661.406	179.167	76.057	128.523
661.260	178.686	81.712	130.905
660.093	178.403	87.187	132.510
659.690	178.439	89.332	133.721
660.626	178.156	89.326	133.176
660.036	177.640	90.769	133.745
658.401	178.850	91.020	132.099
663.479	178.081	84.860	136.509
666.989	177.015	80.119	135.301
668.612	177.633	74.414	134.053
674.453	178.373	66.122	133.701
675.061	179.256	63.743	132.494
677.846	179.279	62.597	131.324
679.180	179.377	62.533	132.168
678.583	180.248	65.026	131.052
678.502	180.962	66.257	130.307
675.547	180.168	69.971	129.838
674.124	180.164	75.117	128.927
673.330	179.633	77.944	130.125
669.687	180.239	83.825	130.166
668.315	179.989	88.039	131.602
669.437	180.340	89.379	131.411
671.190	180.667	89.838	131.896
672.622	180.471	89.343	131.919
676.245	180.031	83.577	131.776
678.943	179.630	77.953	130.964
681.126	179.526	73.212	131.006
681.948	179.184	66.103	130.943
682.486	179.631	61.872	131.892
682.093	180.047	62.550	131.401
681.601	179.776	64.220	132.036
680.855	180.200	65.650	130.223
679.814	179.732	68.438	131.357
679.171	178.662	70.381	133.211
679.614	179.800	72.331	132.588
679.602	179.997	72.567	132.944
678.502	180.200	68.481	133.782
678.276	181.650	63.794	131.807
678.820	183.949	59.744	129.567
678.992	183.153	58.174	130.797
679.012	182.556	56.599	130.901
678.225	182.220	58.366	132.797
677.608	184.238	58.045	130.513
676.634	184.366	58.461	129.614
674.896	182.823	59.907	131.379
672.334	182.222	61.294	130.606
670.379	181.511	66.474	131.798
668.349	181.768	68.175	131.159
667.840	182.158	72.392	130.854
667.754	182.070	76.544	131.509
671.985	182.392	76.516	131.386
677.836	182.347	74.730	131.681
684.883	181.740	72.023	133.372
692.622	183.459	73.296	132.020
702.455	182.898	71.493	132.631
710.721	183.503	69.751	132.359
717.951	184.716	70.243	130.499
726.651	184.616	69.448	130.100
736.144	185.750	69.027	130.405
743.810	186.988	67.140	130.090
751.678	185.908	71.879	130.087
762.573	186.583	69.997	129.516
770.589	187.870	72.338	130.285
781.393	187.909	69.429	129.410
789.300	187.752	72.346	129.992
799.912	185.582	69.777	131.383
808.549	183.691	66.923	131.232
813.059	181.519	69.510	133.137
821.702	179.549	67.425	133.218
655.058	181.010	78.475	132.258
648.510	177.559	88.399	137.762
646.168	175.252	92.336	139.796
649.144	174.313	90.863	140.118
648.529	174.100	89.905	138.930
651.101	172.333	84.293	139.089
648.635	169.878	79.994	141.543
646.178	167.150	75.521	143.312
647.507	165.195	75.131	145.215
646.165	166.430	75.355	143.331
646.636	167.817	74.234	142.691
646.210	168.340	75.430	141.152
643.078	167.538	78.417	142.164
646.711	166.363	77.413	142.598
644.736	165.418	81.547	142.356
649.830	170.786	76.795	136.394
653.594	166.741	74.418	141.120
658.385	169.672	71.577	138.459
660.727	170.555	71.820	138.704
666.051	171.040	66.791	137.930
669.250	171.559	66.503	136.974
673.496	172.776	63.563	138.046
676.356	173.623	60.957	136.181
677.350	172.723	61.070	137.566
679.506	172.908	60.690	136.992
681.292	171.677	60.270	136.860
680.650	168.500	60.645	140.988
682.938	167.421	61.466	141.223
682.235	165.213	62.963	145.074
680.143	164.275	63.923	143.704
675.247	163.482	64.971	144.142
669.658	163.585	64.361	143.319
662.583	165.124	65.594	144.870
655.792	165.966	66.700	142.825
650.892	166.586	66.483	141.854
645.724	167.599	64.529	140.293
639.912	165.793	63.289	144.688
634.049	166.864	61.937	144.827
629.588	168.927	65.058	142.319
626.164	170.230	65.476	140.953
619.585	169.817	71.036	142.904
613.750	170.270	73.062	144.497
609.177	172.520	69.750	139.024
603.061	172.601	76.265	140.169
602.160	173.930	70.524	137.426
600.530	171.973	72.978	141.769
599.532	172.052	73.784	142.545
599.123	171.865	73.110	144.141
603.178	171.945	68.107	145.807
603.261	172.281	66.590	145.116
604.431	173.332	69.120	145.654
604.266	175.762	69.691	141.374
605.325	175.100	70.858	144.204
604.055	177.540	68.514	139.601
606.694	172.861	67.188	146.357
605.841	172.401	70.990	147.269
606.710	170.828	70.772	148.106
610.018	171.797	70.353	147.514
614.591	169.880	65.520	149.952
621.972	168.325	61.987	152.478
626.067	166.453	62.131	153.871
629.437	165.957	63.460	153.938
631.771	167.086	68.917	153.824
632.617	166.723	73.955	153.880
634.021	168.654	82.015	152.171
634.885	171.242	88.366	148.887
637.310	171.352	90.621	150.545
638.212	170.793	91.535	152.152
640.172	169.983	90.171	153.455
642.567	168.395	80.780	154.648
644.582	167.451	71.493	154.211
648.663	166.579	67.307	156.162
653.935	166.611	63.632	155.447
661.968	166.308	63.254	156.924
669.592	164.370	65.040	159.940
673.132	164.327	70.235	160.339
674.901	166.173	76.676	158.580
670.886	163.648	85.776	160.254
668.314	159.819	83.921	162.294
665.608	154.105	91.172	163.654
663.746	152.735	91.108	165.413
660.955	151.713	89.137	164.484
659.911	154.285	83.837	162.655
658.752	158.260	77.767	159.769
659.687	161.955	69.008	159.909
660.022	164.558	64.164	163.286
654.217	166.424	63.089	160.079
642.601	167.264	68.096	160.349
631.690	170.180	76.237	155.338
618.506	173.063	79.448	155.472
605.267	174.356	87.813	154.762
593.863	175.102	94.314	154.262
584.536	174.731	98.671	156.960
579.938	175.801	98.069	158.954
572.261	177.850	96.729	159.787
566.510	178.722	94.946	160.048
564.613	179.334	86.001	162.001
563.249	180.430	80.167	159.908
561.860	179.264	71.330	160.473
556.873	178.791	67.183	162.404
554.993	178.163	68.211	160.243
555.190	176.689	67.614	161.844
558.708	175.730	65.532	162.186
556.390	176.267	71.072	159.388
555.026	174.705	80.338	157.461
551.594	171.604	95.637	158.725
555.459	169.986	99.262	160.230
555.749	169.116	102.991	159.146
562.534	168.580	98.484	160.641
570.125	165.011	94.913	164.180
571.085	162.777	97.077	165.773
575.469	163.361	91.620	165.204
582.462	162.595	81.780	165.467
589.330	162.160	73.281	167.913
596.263	163.624	64.506	166.838
600.779	163.210	63.035	167.192
599.390	162.941	68.388	167.473
597.661	163.192	74.594	168.028
594.097	163.609	83.499	167.860
591.796	166.409	92.170	165.431
587.965	166.764	96.974	164.474
583.303	167.915	101.665	163.355
579.733	168.033	99.929	162.378
579.401	167.507	99.349	165.612
577.037	167.516	97.250	165.360
576.549	167.094	91.762	165.109
578.199	166.184	85.238	167.010
579.265	166.791	81.857	165.188
583.714	166.973	76.126	164.385
590.005	166.299	73.741	165.405
591.571	167.543	68.462	165.262
592.216	167.304	72.822	166.048
589.975	168.428	77.262	163.881
584.884	169.289	83.787	162.675
580.262	172.250	86.692	159.374
575.925	171.483	91.581	160.021
570.564	172.658	96.990	158.679
567.325	175.193	96.788	154.513
567.142	176.678	89.082	154.287
565.647	175.836	85.948	154.155
567.840	173.301	79.556	155.660
568.748	170.317	77.203	157.022
569.292	170.819	74.987	154.520
562.448	170.385	80.225	155.986
558.060	168.234	79.817	159.376
547.528	168.928	88.376	160.194
538.620	169.826	97.839	160.680
533.977	170.009	99.789	160.858
529.959	168.855	102.475	164.737
526.021	169.464	102.595	164.904
520.763	171.077	104.328	163.306
517.388	170.849	106.017	165.047
513.976	169.954	109.116	165.376
512.535	165.034	110.272	171.566
512.967	163.443	110.082	172.455
512.497	161.805	111.745	174.526
511.960	163.044	114.115	171.982
512.559	160.828	114.236	172.151
509.984	159.109	117.561	176.805
510.298	158.923	119.936	173.046
511.053	160.489	120.290	171.027
511.806	161.437	120.260	168.489
513.987	161.992	120.800	167.333
511.964	165.071	121.280	165.838
510.438	173.568	105.762	155.339
510.521	176.471	84.598	147.416
515.788	181.198	73.175	137.762
507.853	186.466	77.548	131.663
510.922	184.445	67.710	135.318
512.524	187.618	66.966	130.484
508.146	186.088	74.591	138.026
510.307	188.362	68.214	139.912
508.450	191.093	66.667	131.359
511.225	190.942	59.845	135.995
509.921	191.742	58.284	131.478
508.690	192.438	56.772	130.406
505.243	192.877	56.198	127.535
500.539	193.034	58.206	123.527
499.328	192.471	56.315	122.669
497.685	191.919	55.773	123.005
490.812	190.909	62.126	128.022
484.114	191.905	68.605	125.668
479.439	194.265	70.782	123.765
475.889	192.809	79.853	126.014
469.479	194.098	82.170	128.604
473.231	195.970	82.056	124.747
469.657	200.272	67.786	121.223
469.380	199.803	69.994	118.457
468.565	203.203	58.215	115.567
466.191	206.804	52.057	111.107
465.607	205.561	51.311	114.013
462.714	207.508	51.977	110.208
457.376	208.202	57.201	113.120
454.833	208.937	59.697	113.362
452.724	208.634	62.908	113.911
451.510	210.056	60.534	112.809
450.447	213.250	60.101	110.065
450.454	212.282	61.421	112.699
449.406	213.946	58.764	111.375
449.325	212.850	57.534	112.714
448.219	212.435	54.740	113.599
442.860	209.741	54.469	114.221
438.339	210.388	57.272	114.335
433.397	209.910	57.317	112.921
430.833	208.979	55.940	114.097
424.912	208.489	58.190	113.383
422.004	209.444	60.385	114.667
419.603	210.463	62.894	113.682
417.524	211.790	64.594	112.324
414.824	211.517	67.084	112.299
411.904	211.191	67.526	111.528
411.859	210.694	64.498	112.006
411.983	210.407	62.020	112.921
413.714	209.761	55.366	112.163
414.443	208.880	54.797	112.971
416.723	209.805	52.013	110.493
414.904	209.226	55.695	112.995
412.652	208.391	59.790	113.911
409.048	208.632	65.338	116.613
408.267	209.593	66.652	116.504
409.033	212.482	68.101	113.171
412.385	212.491	64.390	112.295
412.576	212.752	64.837	111.777
413.809	212.484	62.472	111.147
412.203	210.326	60.423	114.198
404.442	211.047	62.358	116.530
399.827	210.986	61.383	116.883
397.735	210.829	56.623	117.015
392.808	210.642	55.412	116.115
390.025	210.209	56.351	116.256
384.626	210.390	57.773	117.390
380.613	210.971	56.894	119.898
375.092	211.984	63.262	117.411
369.984	210.893	64.791	118.603
363.091	210.440	65.618	121.452
350.438	210.834	71.736	117.913
499.752	202.828	76.388	131.530
492.519	203.097	87.653	134.592
487.166	200.844	87.448	138.167
483.013	202.180	86.117	135.691
474.904	202.189	86.704	135.777
467.235	202.393	83.450	136.076
458.953	200.407	96.518	140.301
451.755	200.289	98.749	142.019
445.719	198.482	98.071	145.104
436.485	197.329	98.880	145.665
427.934	199.609	78.539	141.231
418.690	199.343	72.247	137.332
405.407	200.386	82.544	135.160
397.284	199.986	86.517	135.462
386.020	199.631	91.801	134.269
381.674	200.714	93.355	132.049
378.286	202.149	94.112	130.578
374.520	200.303	92.234	133.877
370.495	199.530	90.399	134.621
364.419	199.847	85.176	133.362
360.903	200.528	78.357	132.867
357.077	198.410	74.514	134.938
354.153	197.282	67.383	136.883
346.514	198.817	61.758	133.238
334.364	200.158	73.212	131.020
326.828	198.887	78.670	133.329
318.691	197.456	85.162	135.501
311.682	196.939	92.608	135.656
306.290	198.671	98.687	133.396
303.058	199.322	101.242	132.168
302.502	199.754	99.086	132.379
301.275	200.861	96.624	131.174
303.273	201.293	90.599	131.664
304.034	201.274	81.701	131.445
299.029	200.182	75.365	131.095
295.133	200.410	66.470	131.265
290.665	200.927	66.472	130.948
285.717	199.187	71.366	131.262
279.341	196.657	78.143	133.535
273.346	203.471	84.546	126.219
269.667	200.172	89.351	130.011
263.604	203.704	96.793	126.639
260.825	202.380	98.071	131.502
254.092	202.365	102.272	133.119
245.562	203.892	98.390	129.349
239.923	205.716	92.363	126.551
236.989	205.737	83.207	126.029
226.776	204.986	88.148	127.838
221.966	203.560	85.629	128.324
219.969	198.815	88.565	132.403
213.831	204.522	91.730	127.620
213.487	201.636	89.392	130.892
205.339	203.369	98.116	130.031
200.898	203.558	94.352	131.011
196.092	204.681	89.478	128.015
189.468	203.850	84.181	128.032
187.571	202.280	77.030	127.873
182.254	201.028	77.663	130.048
177.342	203.241	77.825	128.413
173.757	203.074	71.135	129.483
168.571	201.695	75.139	130.909
162.264	199.668	81.125	133.471
164.846	203.860	82.870	130.861
161.855	206.844	82.625	130.798
163.581	206.002	75.526	136.762
150.139	197.998	83.610	141.057
149.605	205.382	78.866	131.258
130.767	215.870	76.018	129.612
113.525	209.294	79.735	126.393
122.085	211.370	76.893	123.445
111.680	209.298	85.770	125.526
108.622	208.382	76.292	125.821
107.429	205.899	78.638	128.015
103.557	206.294	75.199	127.445
97.316	210.718	75.332	120.659
150.483	204.519	67.629	122.380
91.434	212.219	63.427	119.556
146.333	204.498	64.591	126.060
85.513	209.010	66.267	123.506
150.667	203.138	64.943	128.751
153.277	206.133	61.740	125.575
151.469	207.132	59.153	120.892
148.142	206.155	60.898	122.945
76.888	203.215	66.838	131.457
80.100	202.819	69.392	130.062
78.832	202.416	71.828	130.561
77.980	203.885	71.970	129.667
74.318	206.019	70.568	129.146
74.994	205.871	72.886	129.775
73.832	204.493	76.915	131.576
79.858	206.420	75.272	129.145
81.097	206.566	78.587	128.399
86.900	204.490	90.142	128.616
90.491	202.333	79.918	133.521
94.733	203.614	75.337	132.068
122.744	200.882	75.533	131.416
162.092	201.910	70.354	129.233
128.339	202.569	58.685	128.738
127.597	210.423	68.555	120.133
126.761	207.564	77.913	123.628
143.469	206.319	65.756	125.832
137.084	208.306	56.556	125.882
148.840	214.873	56.570	116.452
142.387	210.944	59.136	123.711
146.433	213.352	65.856	119.457
133.187	203.057	60.355	126.908
138.935	210.310	64.727	123.022
132.633	208.799	63.708	124.189
124.091	204.959	68.022	128.355
121.956	208.803	69.512	124.499
114.452	206.316	68.047	123.340
106.378	202.992	66.806	124.726
102.688	202.864	63.699	122.567
94.581	202.281	58.042	123.601
93.927	207.761	59.030	122.169
74.752	201.038	59.292	124.016
65.068	202.235	68.616	126.707
61.420	199.234	65.950	130.225
56.548	200.715	62.988	129.630
47.290	200.385	61.450	128.981
28.387	200.598	62.915	127.380
15.617	202.073	63.287	130.529
21.962	197.200	64.382	131.145
115.798	197.197	69.873	127.941
117.182	194.387	63.484	129.581
114.819	192.919	62.399	131.141
117.261	197.633	60.635	124.647
116.265	201.567	60.735	121.077
143.350	208.851	76.636	113.813
115.244	201.590	57.308	122.344
118.301	202.692	68.562	122.520
115.193	197.026	62.034	125.876
120.980	201.904	65.139	122.228
116.081	197.009	62.199	125.747
109.891	197.745	66.677	125.445
113.898	197.494	78.143	125.278
118.499	190.696	74.562	131.415
123.267	192.993	79.283	129.378
134.225	185.849	88.502	135.643
142.850	200.432	81.410	124.672
156.566	189.959	73.746	134.763
160.270	187.743	75.810	136.699
165.900	192.208	74.988	131.685
165.162	188.459	73.150	133.770
167.844	188.853	75.912	132.732
175.771	194.363	74.899	127.073
180.004	192.156	75.051	131.312
182.680	193.732	78.718	130.711
197.912	195.595	72.519	128.785
208.237	195.373	65.309	128.071
213.225	191.807	73.277	130.879
217.206	192.389	81.912	131.350
211.089	191.467	77.598	132.579
220.830	191.147	84.515	132.685
240.414	196.598	79.092	127.619
269.527	203.725	75.100	118.072
282.387	211.366	71.021	110.944
285.112	214.531	70.489	108.904
287.671	218.017	72.843	105.183
290.792	208.649	71.830	113.066
290.846	202.240	75.835	120.281
287.308	200.476	73.624	124.687
286.096	198.408	70.084	126.918
224.112	193.489	86.515	132.419
224.236	199.608	65.980	126.651
227.951	200.170	66.700	124.224
208.872	205.994	65.343	118.785
224.376	204.060	60.282	120.559
222.228	202.471	66.554	122.750
220.065	205.524	72.786	120.294
214.943	202.905	67.756	123.089
206.531	204.370	73.769	121.759
213.343	206.788	73.180	120.166
194.505	197.027	73.063	125.904
204.309	206.415	78.512	117.899
203.236	201.755	71.776	125.938
200.119	199.724	68.977	125.998
199.507	197.220	70.885	127.506
203.774	201.906	65.974	123.447
203.264	212.610	64.142	113.118
201.911	198.371	60.436	129.186
176.505	197.030	67.416	128.128
191.524	211.567	72.476	115.431
192.641	209.863	73.815	116.749
193.878	208.083	73.030	118.673
190.412	205.928	71.405	120.878
193.163	206.277	65.882	120.066
191.851	204.003	61.906	122.501
172.985	204.194	75.704	124.534
189.391	207.729	61.730	117.642
187.750	209.998	65.934	118.358
162.424	202.608	70.886	125.571
80.103	215.106	59.851	117.642
82.024	214.128	60.195	120.363
81.782	212.927	61.473	120.977
83.909	211.931	63.113	122.085
157.888	205.005	59.334	123.663
157.310	208.412	59.599	118.158
157.621	208.611	74.509	118.031
154.232	205.649	60.741	121.923
176.948	203.842	70.656	123.591
190.896	201.211	65.872	126.997
196.573	203.161	60.761	124.259
200.310	201.717	59.292	124.839
204.867	208.955	59.894	118.886
206.538	210.950	61.301	117.546
347.622	215.621	60.894	110.238
351.622	216.202	58.382	108.551
352.304	216.284	59.462	109.163
354.239	216.330	58.044	109.381
355.273	216.788	56.471	110.656
353.309	221.474	58.093	106.449
349.589	214.818	58.709	117.205
345.826	220.763	59.240	110.476
342.666	221.751	55.139	111.707
338.008	218.568	56.695	112.894
331.725	218.400	55.995	111.008
326.462	212.107	54.723	117.453
322.638	210.247	55.394	116.359
318.211	208.089	55.222	118.662
310.960	214.972	60.396	112.097
306.640	215.382	61.862	112.269
302.543	210.312	60.322	116.797
299.940	215.631	61.226	112.257
295.172	218.178	61.120	110.109
292.359	213.255	63.983	112.498
291.909	215.661	63.365	111.744
292.448	210.650	61.115	117.091
296.077	210.055	56.642	113.353
295.049	209.807	58.785	114.382
299.217	209.229	56.077	111.709
296.976	208.270	62.601	115.341
297.914	208.256	62.212	115.369
298.148	207.110	63.796	114.844
296.661	205.774	59.949	117.110
296.573	205.931	62.738	116.681
159.732	214.803	68.011	104.190
158.911	219.925	71.494	96.647
170.856	224.443	61.648	92.534
173.458	218.167	59.980	101.285
171.368	212.619	63.532	108.617
177.810	213.338	59.050	107.747
180.544	212.378	58.509	109.002
178.747	210.617	61.387	112.000
184.469	211.944	57.863	109.998
187.852	208.627	55.484	113.097
192.877	211.401	54.311	111.057
191.714	209.932	52.384	113.886
194.647	208.739	54.046	115.423
197.836	211.823	52.328	109.776
202.737	219.820	50.432	101.732
205.850	221.860	51.126	98.775
208.312	221.533	51.530	98.311
209.712	220.573	53.095	100.378
210.185	217.944	54.594	101.540
211.976	216.700	56.179	102.480
215.293	214.309	55.736	102.892
215.986	219.311	56.915	101.258
215.366	214.496	57.502	103.535
215.381	213.427	61.818	105.924
214.248	213.127	63.562	107.748
216.080	212.469	63.639	108.762
218.964	211.637	58.598	110.440
222.531	211.192	55.579	111.199
228.413	210.488	50.968	109.772
231.487	209.659	52.749	109.638
233.317	209.344	52.651	109.826
233.612	209.983	54.673	107.878
234.786	210.349	56.308	106.413
234.980	210.349	61.956	106.164
235.012	210.750	70.356	106.341
234.469	211.173	73.837	107.799
234.709	210.976	74.686	111.036
236.581	211.461	74.016	110.560
241.722	211.484	69.967	110.220
244.897	210.109	68.823	111.335
258.315	207.979	59.999	112.835
264.335	206.470	59.473	112.893
267.984	206.665	58.724	111.766
272.784	206.618	58.827	111.610
274.839	207.114	61.469	110.801
277.258	206.885	61.127	112.579
276.783	207.284	64.501	111.108
276.733	207.334	65.516	111.167
275.437	206.594	71.092	112.913
271.675	206.911	79.301	113.782
273.685	206.296	81.344	114.979
283.301	204.453	76.330	119.785
286.748	204.150	77.484	119.477
292.217	203.620	73.460	121.040
293.649	204.560	74.957	119.373
302.252	203.402	69.210	120.246
305.116	203.809	68.961	118.377
308.483	204.016	68.405	118.009
311.896	204.270	66.766	117.430
314.731	204.484	66.141	117.314
318.143	204.782	64.295	118.976
322.676	204.932	61.711	120.960
324.374	205.685	63.117	119.633
327.285	205.562	62.757	118.698
330.776	205.379	60.720	117.614
332.897	204.651	62.075	117.801
336.023	203.404	60.949	117.999
338.507	203.755	62.099	116.924
340.794	203.332	61.098	117.779
342.141	203.372	61.682	117.079
343.727	203.494	66.703	119.054
346.652	201.703	68.775	121.410
350.731	201.249	69.609	122.298
355.333	201.397	68.310	122.479
360.507	203.066	66.684	121.640
372.265	205.546	60.447	121.527
375.326	207.802	60.881	120.627
380.088	208.972	60.525	119.801
383.534	208.779	63.159	120.691
387.541	207.384	63.660	121.593
395.255	205.819	59.408	119.821
395.114	205.107	59.572	117.663
396.706	202.669	58.211	119.502
399.569	202.062	56.624	118.774
398.631	200.745	58.120	119.917
407.392	198.943	54.168	124.415
408.597	200.559	55.085	124.799
409.567	201.943	55.236	128.794
410.116	203.034	53.858	130.546
411.264	205.803	53.224	129.220
411.212	204.466	56.415	129.235
413.005	202.432	57.359	128.519
413.237	201.961	56.252	129.822
409.574	201.437	60.470	130.012
410.114	201.840	61.756	132.254
414.190	201.835	59.465	132.405
413.232	202.420	61.371	132.922
413.542	199.788	63.637	135.559
417.147	200.078	64.118	132.058
428.600	200.109	60.816	133.556
439.552	198.788	55.318	136.127
443.905	198.920	56.083	134.441
437.666	199.133	60.125	131.269
434.341	199.121	63.121	128.223
449.938	199.395	57.825	132.285
538.371	195.475	63.806	128.704
545.014	197.114	58.331	132.070
548.473	198.951	60.068	132.699
551.351	200.196	59.703	134.666
560.400	202.717	54.991	130.791
566.287	205.679	58.222	130.805
570.759	207.288	61.849	130.106
579.086	207.500	63.489	131.112
589.553	208.049	63.312	129.915
598.778	208.118	64.369	129.632
604.338	211.388	67.096	124.075
607.049	212.973	68.277	122.534
612.253	217.689	65.975	116.256
615.378	220.672	64.870	112.557
616.915	224.735	64.079	106.945
616.282	230.824	65.133	100.183
616.599	233.399	63.523	102.214
615.741	235.441	63.826	99.874
614.932	233.938	63.062	100.982
612.177	232.755	63.174	102.543
607.374	231.711	62.357	104.487
602.091	230.342	61.967	109.322
594.141	227.789	65.261	112.164
588.811	224.155	63.808	116.818
584.656	221.737	63.823	121.545
581.094	215.844	60.521	126.439
579.753	214.029	59.279	126.782
576.831	211.072	59.935	127.628
575.988	212.821	60.110	127.571
575.938	205.806	60.854	132.035
573.732	210.406	61.969	130.208
569.546	208.184	67.585	134.465
563.877	207.527	73.806	136.330
557.567	205.982	78.658	139.625
556.003	205.522	79.551	140.074
555.015	201.810	87.868	144.763
555.083	201.356	83.783	140.742
549.108	204.770	74.660	135.528
552.824	207.050	62.312	129.957
552.611	212.823	62.360	122.669
529.532	215.606	61.947	124.688
530.374	209.976	65.548	129.746
527.507	194.518	64.409	143.622
526.255	187.889	64.091	153.380
524.644	192.561	64.038	152.875
518.573	199.788	69.397	140.275
514.904	201.874	67.993	141.746
505.301	212.553	65.890	127.718
510.019	206.490	60.900	136.752
505.236	205.129	57.817	138.696
502.416	203.033	57.026	146.986
503.444	200.872	62.329	142.954
496.871	201.497	59.467	140.763
493.574	199.189	58.840	142.749
491.478	196.925	61.254	144.295
483.064	197.576	65.216	141.871
482.037	197.992	63.630	140.840
472.147	199.940	74.490	138.550
474.011	199.902	72.703	138.847
473.096	200.889	71.241	139.436
467.039	198.095	76.811	141.967
465.730	197.688	76.006	139.825
468.354	196.402	75.479	143.693
465.605	196.418	75.346	142.226
466.460	198.283	73.976	138.457
470.800	195.077	64.526	144.008
469.901	195.571	60.685	142.645
473.494	194.704	59.552	144.522
476.300	194.916	59.656	143.594
478.303	195.415	60.518	144.317
488.238	198.136	57.128	140.680
492.141	196.796	57.674	145.537
491.850	202.260	63.283	139.223
494.083	195.471	65.329	143.788
492.790	194.323	69.537	140.583
502.032	191.310	67.279	144.920
509.764	186.555	63.990	146.478
516.265	186.231	62.219	146.668
520.005	182.650	63.154	147.713
524.122	184.014	62.705	146.973
528.854	193.551	61.025	135.086
529.181	189.301	62.741	138.745
532.582	184.460	62.761	143.046
530.127	184.183	68.523	144.028
530.950	179.816	72.030	148.936
538.668	178.446	68.124	146.515
541.240	173.789	68.206	152.289
544.285	176.848	66.528	149.452
543.968	176.729	66.208	152.493
541.701	181.452	67.761	151.314
537.600	183.030	67.625	152.848
532.661	184.174	66.841	152.504
529.853	183.004	66.030	151.347
527.694	178.526	66.662	156.493
530.908	180.197	66.565	155.755
534.862	178.295	68.213	157.743
538.669	178.068	71.783	159.882
543.398	178.016	72.885	157.052
546.928	175.326	78.386	156.538
555.801	172.249	76.068	161.615
563.776	172.114	74.962	160.103
573.226	169.500	73.131	159.431
578.342	169.420	72.468	159.251
582.188	168.591	72.467	160.338
585.777	167.938	71.835	160.294
587.177	168.064	73.637	159.445
589.971	168.845	74.920	158.279
592.991	169.321	75.121	157.982
594.958	169.115	75.776	158.790
596.670	169.900	76.162	157.110
597.500	169.626	76.049	157.411
597.183	171.129	78.158	155.470
595.644	171.481	78.212	156.117
593.114	173.015	76.882	154.792
590.873	173.695	74.257	154.951
587.435	174.741	72.829	154.791
580.676	177.388	72.504	153.861
577.799	177.826	70.421	153.944
574.146	178.588	69.050	153.441
570.493	179.130	67.782	153.267
565.259	180.212	68.727	152.268
559.063	179.886	67.145	153.647
554.949	180.570	68.179	152.614
550.571	181.049	68.327	153.286
548.016	181.793	70.165	151.457
545.469	181.101	70.475	154.047
541.597	180.952	70.539	153.761
538.898	181.760	70.990	152.371
536.897	181.944	69.681	152.549
536.332	182.648	68.424	151.222
535.133	182.794	68.978	149.982
533.396	183.081	70.640	149.575
534.957	183.888	70.354	149.229
538.118	184.174	67.003	149.652
540.643	185.994	65.493	148.208
542.117	187.355	64.883	146.112
544.372	188.460	63.804	148.027
544.311	189.016	63.865	147.038
543.489	187.742	64.382	150.087
543.644	188.289	64.248	147.443
543.530	186.285	64.149	148.359
544.636	183.737	62.181	151.161
545.654	182.191	60.580	150.536
547.946	181.077	58.351	151.250
550.443	179.913	56.559	151.718
552.533	179.281	54.570	151.666
553.719	176.575	53.394	151.836
553.519	175.982	53.041	151.945
553.916	175.533	52.564	150.939
554.085	175.817	52.443	150.667
554.134	175.775	52.241	150.606
555.075	177.562	51.025	149.088
555.126	177.022	51.045	150.973
555.569	177.834	50.728	150.022
555.896	179.080	50.493	148.621
555.416	178.706	51.111	148.843
554.539	178.330	51.435	149.130
553.835	179.068	52.088	148.279
553.857	178.797	52.214	146.330
553.808	179.470	53.265	144.847
553.523	180.723	54.903	142.841
553.702	181.454	56.294	141.532
554.775	180.177	55.361	143.986
554.575	180.000	56.068	143.926
553.428	178.465	56.918	146.132
552.564	178.532	57.227	146.285
550.295	178.532	58.834	145.483
549.296	179.752	59.124	144.272
547.658	180.493	59.756	143.160
545.885	181.685	59.743	141.615
543.503	183.077	60.063	140.760
541.047	185.352	59.810	140.525
537.374	185.564	60.844	140.274
533.435	187.352	61.421	137.176
529.108	187.112	62.325	138.697
525.313	186.020	62.999	139.636
517.877	188.185	66.630	138.065
515.359	188.799	67.265	137.501
513.939	188.704	63.380	137.023
511.471	190.726	60.876	136.148
504.359	188.998	66.228	139.479
507.178	191.927	64.356	135.261
503.450	191.445	60.959	132.640
500.366	189.835	56.820	134.114
499.087	188.413	55.739	134.914
497.548	191.819	56.138	133.514
495.378	190.593	60.879	134.112
495.277	188.183	58.358	135.666
495.160	187.240	60.912	135.612
494.891	186.714	62.670	133.738
495.020	186.159	65.739	135.804
495.870	187.395	68.318	135.869
497.900	187.029	67.072	136.095
501.411	187.036	67.868	136.894
506.804	186.231	62.998	136.675
509.363	186.831	62.697	135.035
510.736	185.975	60.528	135.464
504.848	187.597	66.386	133.396
496.915	187.386	71.410	131.771
490.175	189.101	77.544	130.063
484.214	189.724	82.624	129.247
478.888	190.555	86.191	129.603
474.364	192.545	88.510	128.930
468.863	192.663	90.444	129.667
465.273	195.292	92.090	126.600
461.971	195.802	85.257	123.291
458.567	197.351	78.089	119.612
455.313	196.808	70.381	119.712
455.323	195.709	65.732	120.864
455.117	193.328	67.534	122.544
454.911	192.169	68.340	122.803
448.533	191.886	73.729	126.339
444.983	191.916	75.892	122.512
442.963	192.535	76.284	123.323
440.494	193.655	74.685	124.075
437.563	195.545	73.319	124.226
437.019	197.990	70.002	123.760
436.789	199.350	69.808	121.711
436.602	200.385	69.895	119.761
436.758	201.256	72.277	119.741
436.646	200.315	75.351	122.039
438.811	198.346	77.854	125.731
438.323	197.279	79.530	126.077
440.641	197.525	79.825	124.643
448.104	197.239	74.320	124.195
454.440	195.982	70.289	128.154
462.386	191.678	63.978	129.700
465.996	190.051	61.676	130.170
466.602	186.923	62.112	133.421
465.675	187.006	61.250	132.939
463.647	187.142	61.264	133.345
458.995	188.061	64.249	130.904
457.176	189.664	64.133	129.331
456.853	190.731	63.379	129.049
454.047	193.646	63.283	126.729
454.490	195.305	55.468	124.784
451.792	201.803	55.809	117.260
448.997	203.729	56.680	114.429
446.990	205.451	57.500	111.965
445.684	206.287	55.111	111.029
445.075	207.030	53.871	109.583
445.032	208.205	52.616	108.607
444.108	208.837	51.315	107.244
442.900	208.032	50.177	109.489
440.485	207.764	49.963	110.308
438.115	208.205	49.951	109.677
436.985	207.146	50.552	109.743
435.780	206.638	49.865	109.993
435.351	206.197	50.051	110.722
435.070	205.544	48.746	111.417
433.983	204.949	47.989	111.694
431.568	203.696	49.093	112.223
430.737	203.597	49.211	112.072
430.104	202.717	48.234	113.490
430.432	202.560	47.858	113.400
431.575	203.469	47.873	113.107
432.084	204.100	50.160	112.148
432.719	203.443	52.249	112.177
434.737	200.706	52.910	114.744
436.035	199.255	54.315	115.597
438.357	197.323	53.650	116.130
442.669	195.383	53.168	117.513
447.585	195.302	52.358	116.082
450.181	196.032	52.349	114.262
453.607	193.835	50.692	116.515
457.703	193.094	48.859	118.377
461.641	193.977	48.120	116.634
463.212	193.308	50.026	115.774
463.829	192.153	51.212	116.851
467.390	191.661	49.888	116.454
467.599	190.310	51.930	117.157
465.334	189.101	56.110	117.549
466.230	188.082	56.804	117.302
463.970	187.165	59.750	118.265
465.482	186.854	59.249	117.926
464.140	186.169	61.275	118.500
464.943	184.782	60.839	121.107
466.487	184.609	60.569	121.670
468.649	184.567	60.068	121.537
470.967	185.067	58.868	121.099
471.044	185.321	59.366	121.129
470.948	185.571	60.495	120.930
470.710	185.026	60.666	122.093
471.614	184.437	59.807	121.544
472.715	184.940	59.462	120.897
473.016	185.111	58.993	120.665
474.476	184.741	58.507	121.148
475.000	185.445	57.986	119.719
474.761	185.787	58.382	119.042
474.855	185.992	57.121	118.782
475.287	186.298	56.109	119.125
476.531	186.804	53.852	118.563
476.433	186.812	53.849	118.459
476.851	185.746	54.403	120.291
477.605	185.410	54.569	120.610
478.040	185.323	55.432	121.093
479.388	185.060	55.175	120.426
480.771	184.608	55.183	120.649
480.854	184.394	55.927	120.866
481.930	183.722	56.051	121.768
483.350	183.167	55.680	121.827
485.205	182.630	56.067	121.472
488.648	181.702	55.569	122.627
492.645	181.579	53.857	121.750
495.454	181.020	52.191	122.124
497.283	180.414	52.175	121.933
498.641	181.012	53.087	119.565
499.924	181.384	52.973	121.400
501.357	181.099	51.946	122.192
501.772	180.961	52.134	121.441
502.853	181.714	51.594	120.236
503.506	182.020	51.319	120.557
504.195	182.090	51.236	120.821
504.881	182.214	50.379	122.419
504.873	182.946	50.221	122.431
501.948	182.870	52.748	121.386
501.321	183.136	53.035	121.090
500.498	183.136	53.497	120.979
500.401	182.705	53.769	120.817
500.766	183.041	56.089	120.971
501.913	183.633	56.933	120.298
502.304	183.757	58.039	119.625
503.444	184.358	57.004	119.357
504.675	184.343	55.414	120.083
505.583	184.685	55.608	120.459
506.758	184.974	57.377	120.286
508.545	184.754	56.392	120.296
510.522	184.013	56.462	121.644
512.341	183.999	56.275	121.386
513.187	183.712	62.212	122.235
514.697	183.194	63.102	122.119
515.319	182.565	65.433	124.185
516.264	182.678	63.495	123.549
516.765	182.567	63.418	123.945
517.553	182.581	60.584	123.606
518.453	183.011	58.700	124.176
518.524	183.377	57.822	124.252
518.487	182.552	57.980	125.362
518.398	182.112	57.965	125.904
518.496	182.233	57.867	125.522
518.883	182.343	58.258	125.156
518.944	182.228	58.262	125.832
521.270	182.464	54.629	125.810
522.570	182.343	53.925	127.071
524.096	182.554	52.237	125.918
524.956	182.545	51.412	124.854
525.644	182.449	50.752	124.097
526.434	182.482	49.356	124.783
526.954	182.241	48.358	125.287
526.166	182.621	48.931	124.491
525.915	182.921	49.132	123.632
524.984	182.623	50.180	123.990
522.631	181.869	49.736	124.294
520.671	180.791	50.945	124.923
518.558	180.376	51.039	125.455
516.851	179.810	50.335	125.270
514.474	178.861	51.877	125.842
515.084	179.093	50.767	125.426
515.560	178.409	48.815	125.644
515.954	177.480	48.383	125.992
516.198	176.814	48.891	126.657
517.000	176.813	48.811	124.830
517.154	176.062	50.042	125.558
517.754	175.596	53.196	126.178
518.369	175.426	56.766	125.200
517.743	175.500	63.527	124.700
516.650	176.677	69.184	124.689
515.992	176.537	72.962	124.668
515.231	176.443	75.811	124.458
514.229	176.202	78.351	124.688
514.573	176.763	78.641	123.801
514.725	177.627	79.934	126.474
515.231	178.065	80.813	126.773
517.926	178.977	76.128	126.477
519.283	179.149	73.444	127.269
522.427	179.426	69.720	127.199
525.787	178.830	62.991	128.499
534.963	177.183	54.143	129.777
534.728	176.698	56.067	132.402
536.895	178.986	55.034	131.754
539.759	179.212	54.005	130.356
542.088	179.373	55.562	132.209
548.660	180.534	59.297	130.533
549.767	181.925	57.105	128.876
552.272	181.248	56.739	130.357
552.775	182.410	57.038	129.128
552.246	183.140	59.075	128.042
552.837	182.738	59.880	128.172
554.229	183.281	58.847	127.882
554.383	182.996	59.973	128.286
555.006	182.394	60.620	129.123
557.066	181.139	59.488	131.883
561.200	179.781	55.407	133.126
564.715	179.656	52.025	132.249
566.540	178.143	50.645	133.957
568.038	178.152	49.045	132.791
568.986	176.770	49.740	135.703
566.906	176.168	54.523	136.021
564.332	177.211	60.317	132.142
562.270	176.472	64.295	132.917
560.307	177.153	66.930	132.256
556.235	178.079	68.524	132.189
549.893	179.457	73.060	130.488
546.372	179.164	72.584	130.812
543.573	179.594	71.979	130.113
539.926	179.655	71.871	129.104
538.543	178.119	68.082	132.395
537.190	177.732	64.282	132.258
536.730	177.754	63.304	133.002
536.985	177.386	61.471	133.969
537.385	177.909	59.316	133.471
537.091	179.437	58.381	132.964
536.320	179.456	56.092	131.100
534.519	179.266	56.093	132.691
532.972	179.584	56.860	132.864
531.682	179.546	57.158	132.800
531.209	178.870	57.182	132.425
530.851	178.546	56.829	132.392
530.579	178.182	56.726	132.665
530.579	178.222	56.447	132.495
529.937	177.980	56.724	132.238
529.684	178.040	56.491	131.638
529.293	178.078	57.284	131.061
528.858	177.184	57.106	132.859
528.625	179.569	57.496	129.635
528.590	179.045	57.897	129.854
529.070	177.949	57.934	130.978
527.684	177.101	59.664	131.892
526.641	177.544	60.824	131.227
526.209	177.383	59.288	131.145
525.823	176.559	56.642	131.465
526.329	177.173	55.849	130.071
526.373	176.200	55.482	130.309
527.243	176.277	53.863	129.101
528.324	174.739	56.804	130.712
529.545	173.889	54.972	132.163
530.291	174.608	53.138	131.171
531.377	175.363	51.601	130.347
530.183	177.955	52.135	126.830
528.491	179.649	51.111	126.478
524.994	180.139	52.866	126.726
522.295	180.444	54.761	127.027
519.899	180.533	54.700	126.052
516.992	178.863	56.590	128.335
514.389	178.662	58.231	126.745
510.558	177.458	61.125	128.880
504.491	175.133	63.617	129.611
503.814	177.133	66.533	128.766
498.892	180.201	66.926	123.601
498.282	180.060	65.336	123.732
495.980	181.946	68.725	123.548
493.804	181.479	64.191	126.603
493.397	183.291	65.193	125.655
490.892	182.839	63.243	126.766
489.066	184.110	61.956	126.704
487.321	184.217	61.901	125.821
486.281	184.068	64.300	126.034
481.977	185.363	67.217	123.825
475.444	183.054	67.438	122.030
480.767	179.424	57.798	125.459
483.132	177.273	52.122	131.807
482.411	180.398	54.913	128.271
484.256	179.861	50.614	131.116
483.642	180.571	53.788	129.346
484.826	181.303	55.519	130.077
483.886	180.774	56.387	132.253
484.329	182.156	54.982	131.798
484.212	182.481	54.722	131.262
485.205	183.695	52.512	129.495
484.918	184.918	51.629	127.808
484.654	185.076	51.671	127.092
483.273	188.169	54.426	123.078
482.507	187.196	56.596	123.922
478.481	187.823	71.726	120.823
471.955	183.557	69.165	123.383
468.838	177.010	75.889	131.152
464.610	176.262	74.421	134.332
461.202	172.768	68.250	138.092
470.625	177.224	61.735	129.753
467.775	181.713	59.724	125.382
473.017	186.098	58.778	121.414
470.484	183.479	61.638	124.033
473.787	183.554	61.395	124.866
470.690	179.159	60.391	130.190
474.474	176.537	58.286	132.890
473.536	177.454	57.906	129.744
475.889	179.855	55.961	129.296
474.901	183.060	54.975	126.833
470.967	181.748	59.393	125.894
547.717	171.667	66.009	129.863
464.856	177.276	62.454	126.822
462.521	175.469	62.308	129.057
460.714	174.679	64.773	130.898
458.869	178.322	67.692	128.581
458.046	177.875	69.875	129.031
458.563	180.082	69.799	126.284
457.518	179.504	70.467	127.979
459.127	182.118	70.111	125.958
461.837	180.274	70.252	127.654
482.086	176.702	66.266	128.617
494.587	177.145	60.673	126.082
496.082	175.581	53.233	123.987
500.547	172.445	48.839	124.490
493.565	176.788	56.170	123.018
500.298	177.107	58.659	123.085
498.385	176.984	57.481	120.718
502.962	176.615	60.882	123.257
499.218	180.239	67.071	119.836
504.646	182.213	55.261	116.532
508.860	180.297	50.031	119.519
509.125	178.390	50.427	123.224
508.387	178.006	51.644	120.304
508.432	173.839	51.089	123.003
512.043	171.021	50.608	124.376
517.573	174.189	47.916	121.228
515.995	168.572	49.937	127.250
520.870	176.637	46.902	117.133
519.587	171.784	48.640	122.913
520.549	173.751	49.193	120.145
520.051	170.978	50.448	122.770
521.719	173.425	49.234	120.338
521.632	170.853	51.536	122.462
521.970	168.905	50.940	124.260
522.940	172.771	50.565	118.478
523.134	171.147	50.290	119.197
524.065	172.161	50.004	118.749
522.975	170.911	51.124	120.649
523.586	171.255	50.219	120.821
524.628	171.935	48.409	118.211
525.685	171.962	48.299	118.261
527.162	174.887	48.132	114.853
526.355	176.964	50.830	111.946
529.235	177.306	49.666	111.140
524.373	173.562	49.624	114.932
533.686	178.737	42.475	108.053
529.810	173.099	44.018	115.303
534.973	174.737	47.525	114.069
530.763	173.355	52.112	117.298
533.645	173.549	51.088	117.574
526.681	174.115	62.232	119.058
533.870	171.471	64.065	125.611
528.716	169.737	71.527	127.730
533.801	171.599	68.083	124.527
521.516	170.451	60.484	127.932
521.149	170.343	57.770	127.280
524.952	170.308	57.000	126.788
530.710	172.563	54.334	125.264
527.048	173.021	55.188	124.687
511.053	173.220	58.070	121.611
507.771	170.461	58.502	123.357
509.472	171.567	61.592	123.248
514.281	169.338	60.920	126.305
510.964	166.816	55.156	128.007
504.491	171.349	59.324	123.761
499.749	169.636	57.160	125.732
496.643	170.470	55.748	123.599
503.375	169.121	61.244	123.547
505.253	172.766	54.949	121.517
514.365	174.489	55.670	121.410
524.049	171.738	53.587	123.753
526.163	173.954	52.688	124.661
527.670	174.388	54.061	122.271
513.342	173.551	51.385	122.930
523.381	173.202	57.902	118.351
525.116	175.280	57.789	121.413
514.861	174.995	51.098	122.391
524.184	176.427	48.755	117.452
523.775	175.239	45.475	117.874
522.760	176.228	45.623	117.306
518.807	174.482	46.914	119.050
518.623	175.188	47.893	118.840
517.687	174.883	47.395	117.984
515.982	175.720	48.785	119.264
516.757	176.013	47.392	120.132
519.094	176.443	47.572	119.951
518.725	174.400	46.017	120.831
517.054	175.185	47.142	120.041
516.358	176.121	48.989	119.755
516.457	174.142	50.168	120.832
516.467	175.476	48.635	118.508
518.281	176.849	48.986	116.729
519.495	178.038	51.110	116.667
523.054	178.355	49.901	116.985
522.865	179.019	52.857	116.332
521.635	177.307	53.574	117.174
523.342	176.800	51.718	118.347
522.969	175.460	49.443	119.120
523.087	175.714	51.259	121.592
524.661	177.275	51.476	119.323
526.575	177.205	52.792	119.230
529.532	175.470	53.634	120.032
524.646	174.940	52.162	119.937
526.799	178.835	54.140	119.823
528.262	179.533	55.163	116.499
528.590	179.588	55.379	117.009
529.856	173.506	56.745	121.029
530.377	172.915	57.657	121.470
528.674	172.064	54.777	121.989
529.738	170.814	61.335	124.462
528.021	171.807	58.478	122.323
528.414	172.235	51.131	122.168
529.524	172.504	51.097	124.130
531.385	170.666	50.084	123.251
531.441	172.876	50.894	122.801
533.757	172.327	50.434	120.598
534.019	170.506	47.486	123.598
533.817	171.234	49.718	121.654
535.669	171.600	48.359	120.470
536.979	171.325	48.166	120.289
536.823	170.880	49.915	120.985
538.415	170.820	49.913	120.520
540.861	170.415	49.253	122.509
543.107	169.917	48.523	123.885
545.181	169.253	47.404	124.892
546.366	169.364	44.852	122.933
547.591	168.552	43.786	123.772
547.324	169.004	46.017	123.352
548.095	170.243	48.508	121.028
549.236	170.147	48.973	120.655
549.249	170.589	51.493	119.999
548.622	170.693	53.651	120.135
550.153	170.837	56.031	121.169
550.830	170.922	53.757	120.960
551.171	171.410	53.817	119.781
552.154	172.000	54.530	120.448
552.976	171.579	52.174	121.718
553.063	173.529	53.616	118.484
552.880	172.621	52.788	119.759
552.367	172.278	51.386	120.764
551.403	171.965	49.643	120.726
550.033	170.244	50.248	121.927
548.727	170.744	50.917	120.676
547.816	171.424	51.212	120.582
546.063	171.089	51.803	121.994
543.920	171.614	52.556	122.125
542.650	171.144	52.878	123.077
541.151	172.134	52.998	121.594
538.630	172.099	54.548	122.234
535.879	171.796	54.856	122.917
532.495	170.198	55.103	124.019
530.314	169.336	57.109	124.233
528.552	169.471	57.025	124.572
527.692	169.300	57.629	124.687
526.949	169.457	58.559	125.838
526.563	169.876	57.751	124.235
525.970	169.671	59.042	124.643
525.501	170.564	58.938	122.377
525.400	170.881	58.139	124.093
524.874	170.513	59.023	124.262
524.547	170.516	59.013	124.047
524.614	170.302	58.804	124.613
525.075	168.742	58.202	127.909
525.877	168.224	58.023	127.804
526.442	167.472	57.279	127.262
527.715	167.508	56.599	127.834
527.894	167.202	56.705	128.023
527.479	166.778	57.987	127.660
526.966	166.842	58.366	128.466
526.302	166.345	58.898	129.069
524.847	165.816	58.363	130.028
524.141	164.778	57.434	131.604
523.280	165.590	57.107	129.987
523.128	165.166	57.017	130.432
522.935	164.671	57.982	131.260
522.689	164.693	59.548	130.735
522.514	164.573	59.866	131.625
522.401	165.415	59.567	130.085
521.897	165.438	60.266	130.856
521.119	165.664	61.070	130.478
520.193	166.215	61.746	130.241
519.310	165.148	62.244	131.678
518.601	165.004	62.262	132.206
518.360	165.422	61.559	133.417
517.803	165.494	60.973	132.597
517.693	164.574	59.841	133.567
517.346	164.357	58.841	134.503
517.083	164.389	58.104	133.206
516.896	163.906	57.089	133.763
516.899	163.212	56.423	136.616
514.624	165.226	59.351	135.351
512.729	165.408	60.328	134.488
510.729	165.476	61.554	133.771
509.583	165.296	62.214	133.256
508.853	165.664	62.968	132.660
513.689	164.342	60.104	132.595
514.096	163.984	60.849	132.608
514.797	162.898	60.916	134.222
515.651	162.203	60.984	134.747
515.898	161.248	60.653	136.678
514.559	161.224	61.489	134.745
512.804	160.808	62.357	134.875
510.466	161.727	62.933	132.795
509.001	160.295	63.680	135.450
508.233	160.222	65.236	134.231
508.456	159.692	66.900	135.863
508.573	159.982	67.805	135.581
508.166	161.008	68.567	134.216
507.608	161.238	72.285	134.741
509.875	160.735	74.851	135.922
516.257	160.026	72.473	135.106
519.330	160.187	71.048	134.438
523.051	158.463	68.233	136.016
525.292	158.222	67.676	136.569
527.186	157.563	66.213	137.164
528.588	156.622	65.480	139.010
530.457	155.945	64.455	139.838
532.721	156.089	63.469	140.016
534.874	154.690	62.974	140.558
538.215	153.297	62.504	141.978
542.337	151.298	61.389	143.713
544.297	150.769	60.791	143.785
543.363	150.098	64.274	143.524
539.236	149.335	70.922	142.564
539.745	149.315	72.531	141.557
542.515	149.475	71.570	143.728
540.157	149.609	74.527	144.059
540.656	148.847	73.708	146.435
541.444	148.698	74.508	145.681
541.815	147.939	74.002	146.643
540.521	147.271	71.649	144.757
538.446	146.886	66.352	144.377
535.414	147.230	66.310	145.070
532.229	147.789	64.540	142.606
529.432	148.109	63.921	141.439
525.275	148.068	64.882	140.541
524.002	148.227	64.993	141.328
522.175	149.747	65.328	139.784
520.773	149.418	69.869	139.972
521.161	149.840	70.764	140.273
521.150	149.745	73.379	140.848
520.444	148.599	72.714	140.303
520.471	148.321	72.531	142.006
520.416	147.489	69.055	142.120
519.505	146.510	68.001	142.808
519.851	145.707	64.478	144.531
519.839	143.771	60.891	146.382
518.646	143.025	58.711	147.290
517.977	142.606	58.140	147.076
517.099	142.357	58.249	147.565
514.800	143.839	60.406	145.430
508.485	143.614	66.689	145.009
497.487	144.037	77.541	144.207
491.398	145.813	83.163	142.898
488.621	143.808	88.101	144.446
492.859	142.132	85.847	146.552
490.684	141.145	88.589	147.649
491.575	138.155	88.365	152.768
492.711	138.060	87.688	153.580
492.971	137.478	87.380	154.090
495.294	137.265	83.163	152.507
494.784	137.254	79.362	151.493
498.857	137.437	72.825	151.730
498.116	138.276	69.952	150.075
496.688	138.233	67.634	150.151
492.062	136.589	71.324	151.311
490.048	136.762	74.704	150.349
489.823	138.446	72.377	147.216
488.879	138.130	74.577	147.047
488.108	137.920	76.453	148.749
488.950	137.680	78.788	148.739
491.550	138.015	77.719	149.538
492.792	138.807	76.860	149.943
494.628	139.156	75.246	150.057
496.437	140.803	71.941	148.102
498.558	140.641	67.682	149.971
502.236	139.396	66.077	153.089
504.651	139.937	64.636	153.056
508.969	139.505	60.691	153.100
511.351	140.038	59.866	151.884
512.383	139.184	62.048	151.888
515.895	138.934	61.597	152.402
515.084	139.506	66.487	151.278
511.023	140.384	74.851	150.186
509.771	139.658	78.219	152.268
510.059	140.416	80.397	151.857
513.165	140.468	79.724	149.499
511.469	138.505	82.616	154.439
511.433	137.481	83.793	155.829
510.927	136.199	83.503	155.788
510.516	135.600	83.860	155.823
510.469	135.110	82.205	155.522
510.208	136.410	80.717	154.309
509.825	137.342	77.083	153.488
508.142	136.949	73.313	154.415
505.484	136.786	71.265	153.799
502.908	135.529	69.302	155.024
502.606	136.341	66.816	153.408
501.030	136.582	69.406	153.504
500.607	136.332	70.489	153.771
500.233	137.079	72.124	153.942
500.083	137.383	73.282	154.072
498.701	139.698	76.848	152.208
498.942	139.571	78.859	151.601
500.237	139.108	78.715	151.164
501.926	138.169	78.512	152.416
505.096	137.258	75.041	153.205
506.263	137.416	74.279	153.263
506.885	136.465	72.399	154.261
506.668	135.942	73.014	153.914
509.662	134.448	66.918	155.453
511.459	133.333	65.785	155.161
512.448	134.716	64.325	154.367
511.042	132.497	65.259	158.101
505.207	135.982	71.617	155.111
496.288	135.760	79.916	155.814
486.628	135.119	88.004	155.840
482.266	132.585	90.868	160.746
482.648	131.494	89.454	161.521
482.070	131.906	89.392	161.737
481.915	131.589	88.419	161.502
482.669	131.472	86.797	160.654
483.138	129.997	86.514	162.750
482.199	130.117	85.422	162.241
481.166	130.785	84.277	161.239
481.611	130.893	80.046	160.953
477.950	132.354	78.450	161.114
476.583	133.862	76.656	158.570
475.027	133.346	77.298	158.194
473.745	133.456	79.694	156.856
473.784	133.996	79.784	155.503
473.220	132.718	80.877	157.017
474.660	133.619	78.887	155.486
475.733	133.700	77.445	155.311
476.478	133.279	78.350	154.743
478.123	132.714	80.555	155.846
479.691	131.740	83.844	155.539
482.468	130.710	84.587	157.859
483.788	130.282	86.515	157.263
485.496	129.178	86.046	158.215
487.056	128.093	85.209	159.261
488.174	126.288	82.433	159.515
485.008	126.283	84.350	160.520
484.240	125.954	81.136	161.534
482.338	126.065	80.795	161.453
481.122	126.065	77.146	161.079
479.243	126.604	74.867	162.723
479.158	127.060	70.345	160.098
478.763	126.557	69.684	161.127
478.225	125.710	69.033	162.265
472.830	124.647	75.575	162.629
464.437	124.586	82.878	162.132
461.299	123.424	85.042	163.276
458.532	122.761	91.157	163.487
459.491	122.473	90.670	163.828
462.008	123.325	89.810	162.976
463.763	122.731	90.438	163.618
463.101	123.028	92.159	164.875
464.925	121.960	91.369	165.290
466.818	120.673	89.915	167.301
466.898	119.821	88.716	166.408
470.303	119.506	83.720	166.238
471.221	118.683	83.033	166.118
473.687	117.304	79.825	167.550
475.351	116.641	76.286	167.381
475.611	116.822	74.177	167.322
474.071	117.699	68.749	164.198
473.462	117.139	66.355	164.831
474.886	119.829	64.619	161.915
473.958	117.982	65.484	163.113
475.008	119.626	65.228	162.392
467.775	120.413	76.049	161.996
469.314	123.800	76.329	157.168
470.234	122.786	78.758	158.549
473.620	120.936	76.978	161.945
475.258	120.534	76.156	162.917
476.077	119.317	74.165	163.593
477.785	118.622	74.053	163.584
477.791	117.495	71.144	164.257
474.663	117.539	70.914	165.030
473.188	117.885	66.781	163.653
468.530	116.709	69.191	166.331
465.222	118.658	72.172	164.619
464.417	119.204	71.955	164.698
464.128	119.363	70.637	164.512
463.856	119.997	68.409	164.435
462.562	119.758	69.249	165.954
459.759	121.160	70.731	164.983
457.434	120.957	72.068	165.425
452.412	121.581	76.333	164.809
448.766	121.441	78.651	165.723
443.696	122.075	81.943	164.906
444.003	119.502	80.123	169.981
444.772	119.874	77.277	168.895
442.883	118.686	79.161	170.499
444.013	119.767	82.091	169.234
440.950	119.509	82.042	170.885
438.698	120.272	72.772	170.755
432.532	122.725	75.879	169.405
427.691	121.638	77.546	170.002
425.699	122.050	76.656	169.472
421.530	120.269	76.665	170.695
416.108	119.391	75.974	172.954
415.710	118.347	73.267	171.630
418.724	118.237	70.394	173.594
426.327	124.895	75.037	171.326
426.608	122.491	77.165	169.841
429.461	127.626	70.192	167.891
433.367	135.739	76.103	164.667
440.852	135.623	75.876	168.868
435.899	136.473	80.463	164.936
442.534	141.242	75.170	159.183
442.292	142.740	72.215	154.383
442.873	145.712	72.331	150.974
447.867	140.006	69.739	153.945
428.881	131.640	78.888	163.296
414.032	138.594	86.913	162.410
419.389	136.431	88.786	165.024
421.158	138.750	88.762	159.424
441.522	141.536	73.572	164.475
441.864	137.574	72.117	157.174
445.736	133.307	75.182	164.132
439.359	127.603	72.637	170.068
442.214	121.902	68.132	175.494
441.250	125.043	68.139	171.623
440.519	122.754	66.473	174.177
438.337	123.542	67.190	175.213
434.825	125.744	71.452	172.319
434.259	127.476	69.981	170.748
433.322	124.610	70.028	174.125
432.302	124.497	69.595	174.617
428.977	124.892	72.035	174.042
424.465	123.127	74.449	176.265
421.396	120.632	77.401	179.770
419.733	120.006	77.180	178.811
417.526	120.069	78.530	178.124
418.081	121.408	79.481	175.607
417.566	121.770	80.206	175.187
418.242	122.118	80.311	174.458
418.663	121.386	80.290	175.668
420.045	121.855	80.286	175.502
420.472	120.288	82.351	177.807
421.345	118.177	82.579	181.906
423.220	117.946	82.875	181.940
425.388	118.698	84.128	181.373
429.523	119.949	84.072	181.195
434.924	121.875	83.484	182.210
438.131	123.313	83.766	184.692
441.026	123.587	82.682	186.284
443.328	124.439	82.648	185.753
446.335	126.122	81.792	184.674
447.540	128.197	79.028	182.743
449.816	129.409	77.127	183.201
450.495	130.329	76.190	182.627
451.778	131.007	76.317	182.937
452.684	130.443	78.839	185.673
453.817	130.364	82.364	187.860
455.702	130.809	81.721	188.182
455.938	130.895	81.579	187.583
457.079	130.974	80.512	187.821
456.438	131.685	79.429	191.158
456.734	133.110	77.617	193.894
454.485	138.439	78.268	193.599
453.884	140.291	75.643	195.997
452.670	142.342	74.571	196.404
452.017	144.676	73.238	196.953
451.825	146.694	72.299	198.028
451.298	151.442	73.409	203.164
450.863	155.214	73.258	202.729
450.716	159.691	73.199	202.220
450.378	162.803	73.596	201.254
449.800	166.082	75.021	200.190
449.231	172.996	78.526	194.298
449.722	175.147	80.883	194.122
451.844	177.822	83.745	193.638
454.306	179.253	86.337	195.430
456.828	180.110	87.342	195.908
460.859	178.966	86.266	193.147
462.730	179.417	86.021	193.550
464.008	179.886	86.390	194.210
466.095	182.136	88.756	194.466
468.816	184.000	88.633	195.257
471.863	186.085	89.958	196.198
472.244	183.361	87.755	198.234
470.515	180.253	85.977	199.559
468.967	178.634	85.081	199.400
467.016	174.314	84.014	202.556
466.061	170.379	83.192	201.785
464.512	169.814	83.500	203.474
464.738	168.009	83.528	203.835
464.121	162.944	82.203	207.567
464.398	162.311	81.245	206.188
461.635	160.414	82.312	209.065
458.920	156.051	83.451	212.046
457.369	155.328	83.772	210.782
454.997	154.327	84.471	213.326
452.210	152.851	86.082	213.722
447.167	151.216	89.024	214.157
444.958	152.610	90.358	211.682
442.309	151.798	91.001	212.490
440.034	151.342	91.740	212.732
437.761	150.971	92.207	212.334
434.002	148.196	93.682	214.963
432.950	148.588	92.125	215.031
432.259	148.717	91.005	215.433
431.746	148.353	90.276	215.946
430.640	148.583	90.667	216.316
429.716	148.617	91.263	215.238
428.605	149.341	92.584	214.594
428.936	151.228	92.806	212.801
428.900	150.909	92.430	213.172
429.711	151.180	91.393	213.464
429.105	150.342	93.326	214.981
428.905	148.547	93.335	215.805
428.548	147.127	93.270	217.198
427.661	145.490	93.963	218.150
426.282	145.295	95.065	218.148
424.126	144.689	98.120	216.621
423.536	144.131	97.900	216.165
422.724	143.698	96.844	217.789
420.766	143.423	96.439	219.400
419.091	143.473	97.380	218.247
418.013	142.992	96.356	218.882
416.969	142.992	96.197	219.278
416.749	143.297	95.735	219.072
417.409	143.297	94.275	220.168
417.358	143.525	93.055	219.740
417.741	144.407	91.498	217.881
417.866	144.927	90.786	217.300
418.259	144.896	90.492	217.866
418.802	143.608	90.240	219.944
418.580	141.177	92.043	223.076
419.337	140.129	93.392	223.936
420.095	139.748	94.056	224.154
420.504	139.133	94.799	225.006
420.395	138.259	95.974	225.702
420.930	137.993	96.406	226.315
420.511	137.226	96.604	228.390
422.083	137.612	95.682	227.885
421.296	136.630	95.631	229.001
421.050	136.342	96.001	229.770
419.076	137.626	97.066	229.172
410.863	139.403	104.972	226.570
409.637	137.747	104.347	228.618
407.830	138.791	104.015	227.363
405.203	139.208	104.781	227.101
404.788	139.313	103.277	227.701
400.903	138.708	103.790	227.816
396.998	138.895	104.511	227.570
395.179	137.005	104.010	230.009
392.355	138.014	104.764	228.403
390.706	136.265	104.634	231.300
389.389	137.389	107.206	228.733
387.582	136.596	105.838	229.316
386.047	136.517	104.798	228.456
384.681	135.817	103.617	228.950
384.221	134.175	101.804	232.091
383.414	135.737	99.628	230.394
382.147	136.259	99.640	230.020
381.260	136.259	99.406	231.177
381.092	135.704	99.303	232.049
380.218	135.942	99.474	232.128
378.936	136.716	99.394	232.065
378.199	135.594	99.189	234.886
377.761	136.855	99.496	233.287
376.880	134.544	99.778	236.364
377.062	135.397	98.878	235.180
376.718	135.234	98.965	236.825
376.636	133.259	98.609	239.014
376.129	133.568	98.957	239.362
375.102	132.491	99.884	240.223
373.006	132.887	101.148	237.549
369.793	133.212	103.630	237.062
371.597	133.238	100.875	236.043
369.189	131.551	102.266	242.261
369.405	129.962	100.776	242.132
366.951	131.036	101.324	240.351
363.289	133.377	103.781	239.216
358.821	131.086	106.342	241.454
357.825	134.351	106.144	237.268
348.641	132.059	113.175	240.058
349.649	133.349	111.317	239.754
345.702	133.976	111.415	242.301
342.061	133.367	113.623	242.600
340.685	133.024	112.943	242.737
337.564	133.136	112.414	244.464
333.686	133.471	113.788	244.467
328.924	134.093	114.580	242.654
324.518	134.429	115.532	243.064
321.213	135.708	117.226	242.006
317.170	134.865	118.614	242.368
312.716	133.402	115.765	243.499
308.024	133.785	114.114	243.535
307.194	134.989	109.945	242.172
305.955	133.701	106.684	241.852
301.733	133.217	113.003	244.961
298.601	133.788	106.869	243.927
290.720	138.983	110.695	237.130
289.718	140.349	109.172	236.072
288.986	139.719	106.426	239.783
288.413	141.283	105.851	237.935
284.468	140.786	110.986	238.662
279.332	146.918	111.462	234.386
280.234	147.813	109.356	233.925
280.729	148.007	106.765	234.543
278.443	148.111	108.373	234.305
274.396	144.772	110.117	239.011
270.446	146.347	111.850	239.188
270.299	144.234	109.570	240.078
268.978	144.812	108.736	236.461
267.441	141.867	105.769	240.961
266.510	141.616	105.112	244.185
262.587	147.582	110.157	237.262
258.989	147.247	110.917	237.229
255.763	149.478	109.130	234.520
255.799	149.778	110.119	236.385
251.062	152.321	115.183	233.016
247.039	164.312	119.201	221.241
244.268	163.119	119.810	223.265
238.764	164.764	124.839	220.773
238.790	167.951	127.239	217.034
235.937	164.922	125.901	219.845
231.279	167.730	127.677	216.020
227.907	171.593	127.115	214.118
223.276	172.683	124.428	214.108
218.754	167.047	118.172	220.850
213.165	162.802	113.704	223.188
206.168	159.385	111.769	224.665
204.487	159.963	112.165	221.252
203.901	158.169	113.814	230.039
203.773	157.633	120.982	229.993
205.038	156.046	121.822	231.876
213.814	154.157	120.737	229.173
228.370	154.409	113.085	227.421
193.919	163.597	139.174	222.152
171.544	163.570	133.457	226.393
174.459	163.745	145.018	226.153
181.913	165.856	140.562	220.479
164.247	160.516	134.409	228.455
162.959	166.540	150.287	221.279
159.941	167.055	146.174	221.853
159.346	162.881	162.531	226.982
143.792	155.900	149.288	232.052
162.203	170.912	143.764	216.215
256.739	160.933	111.386	206.227
264.779	174.314	104.967	189.606
264.724	181.345	107.761	181.208
260.124	191.417	112.016	174.336
258.475	196.373	109.363	169.599
246.791	198.521	112.045	168.471
259.019	185.043	125.954	181.615
263.150	175.438	118.072	193.703
252.375	180.649	117.637	190.322
291.073	167.033	122.339	199.438
229.945	197.152	114.363	174.207
200.508	226.543	112.794	147.456
219.737	210.981	98.879	156.600
233.648	204.252	92.810	161.092
227.025	214.832	92.637	153.577
220.152	220.870	89.811	148.289
220.994	219.948	92.154	150.328
333.439	171.017	90.548	177.504
208.246	218.725	96.488	147.138
327.736	171.498	92.640	175.304
264.331	185.542	146.668	159.404
183.150	209.236	109.156	159.763
177.828	225.496	104.677	143.279
162.674	224.380	106.579	147.893
164.017	219.854	102.046	147.923
157.904	231.315	94.495	140.470
157.701	207.765	104.508	159.978
166.572	212.805	98.342	156.431
161.288	209.052	105.460	161.234
