522.000	39.000	257.000	382.000
511.415	39.521	277.642	370.795
505.567	43.019	292.828	366.513
504.731	42.208	296.883	371.828
509.312	43.143	288.125	368.517
516.244	42.208	275.727	368.542
513.834	43.856	269.405	365.176
514.292	44.413	257.537	363.628
523.321	46.221	222.845	362.673
528.785	45.130	205.110	367.864
530.233	44.939	196.553	368.257
529.547	47.795	190.483	366.474
523.356	46.783	190.397	368.046
519.489	46.571	183.608	367.777
519.542	50.732	175.798	364.131
518.177	50.037	168.889	363.441
516.837	55.880	156.179	351.719
514.017	49.373	145.232	359.293
511.386	49.242	131.457	359.327
513.570	49.024	123.285	359.107
512.695	48.874	120.625	356.216
502.372	54.425	129.141	353.553
491.715	67.217	137.325	342.738
487.326	65.078	137.713	345.351
482.999	63.162	144.164	343.181
478.590	61.991	151.776	345.562
474.338	73.491	161.538	344.648
472.660	81.667	164.596	332.034
473.917	89.138	164.644	333.884
469.661	82.501	168.246	342.567
469.249	92.580	166.071	341.073
468.177	95.197	169.650	341.046
466.986	93.015	171.962	344.412
467.057	78.490	169.086	338.345
413.158	79.976	196.892	340.246
287.113	73.811	149.663	360.519
414.455	68.223	163.155	351.550
427.646	60.050	194.608	365.647
290.071	64.007	154.099	366.750
410.256	65.187	187.992	355.098
420.462	70.163	156.082	358.535
368.139	59.760	152.935	360.108
307.728	50.690	182.922	368.947
302.439	61.084	154.892	367.126
309.701	58.646	157.262	368.369
304.348	61.765	164.752	361.771
308.812	60.043	159.466	366.946
308.223	59.663	156.721	368.852
308.995	61.555	165.847	373.379
315.907	59.088	150.505	368.150
321.833	63.246	155.233	364.797
310.703	62.245	165.782	367.938
308.308	62.667	181.282	378.415
275.842	42.737	235.262	388.194
273.753	31.856	255.434	403.615
324.766	42.276	224.615	396.696
265.120	29.845	265.203	396.655
267.610	31.721	275.276	397.212
276.124	35.117	270.408	374.835
280.078	40.788	269.860	369.429
300.529	38.862	250.259	372.981
329.974	38.792	219.731	369.744
352.467	49.604	197.601	347.938
354.381	52.036	200.301	354.428
348.876	51.583	202.027	359.562
348.009	58.504	207.444	350.534
348.904	56.763	206.799	354.657
356.010	54.076	201.538	361.416
362.521	55.178	198.320	365.302
367.791	54.693	193.891	366.429
370.143	59.958	196.010	360.039
374.055	55.558	193.755	363.079
377.138	59.946	192.401	359.576
380.177	61.711	195.738	353.833
381.839	62.075	200.955	355.635
379.593	61.181	206.067	356.487
381.697	62.325	225.111	354.575
384.826	63.516	230.094	355.407
385.719	61.639	233.841	358.286
390.773	63.435	245.075	359.584
394.681	60.114	250.381	366.346
398.219	56.842	251.955	366.951
401.122	59.739	252.372	363.310
403.849	55.249	255.608	365.059
406.435	54.737	254.801	364.021
408.369	53.679	254.856	365.828
410.578	52.793	254.790	367.215
412.093	51.015	249.378	367.993
414.404	47.063	248.773	369.224
418.739	46.260	250.475	366.343
418.652	45.529	257.403	372.927
420.933	44.884	255.270	372.614
422.189	44.341	260.424	373.914
425.356	45.596	274.430	370.884
426.024	50.580	257.492	370.278
423.235	43.656	256.337	372.477
535.453	49.086	214.281	360.232
422.314	50.714	232.530	365.398
424.888	55.872	186.647	366.127
436.005	56.279	194.178	365.318
554.719	50.096	241.025	360.973
594.938	42.333	195.066	366.043
563.502	49.265	241.550	354.238
602.744	34.440	191.553	374.857
611.918	38.655	189.794	366.736
625.190	41.657	180.395	361.968
627.251	39.842	175.539	364.984
632.168	39.636	174.881	366.813
638.434	36.062	180.973	368.543
639.721	34.811	187.271	369.344
642.808	38.701	194.242	360.368
646.178	38.124	197.595	361.739
651.008	36.456	201.259	364.310
654.883	36.647	203.303	364.864
661.200	35.256	203.110	366.937
663.914	36.773	202.797	367.823
666.172	37.096	202.830	366.394
668.422	35.637	199.641	373.648
671.848	36.460	195.732	371.685
677.518	34.033	185.209	375.131
679.377	34.514	182.561	373.559
680.406	34.128	180.865	374.982
681.415	32.752	178.590	376.197
683.573	28.373	176.930	380.575
685.750	23.551	178.118	386.060
685.452	24.186	182.616	381.772
687.009	25.244	183.873	380.016
690.121	25.068	182.705	379.022
691.948	23.103	180.820	384.437
692.209	20.817	183.679	384.703
691.047	20.639	186.603	384.751
691.264	20.413	185.939	388.818
692.173	18.652	185.266	391.614
693.104	20.593	184.908	389.413
692.184	17.655	188.912	393.542
694.208	17.329	189.128	393.376
694.510	17.329	187.871	393.109
693.742	15.725	188.053	398.772
695.136	15.874	188.129	392.117
700.753	12.990	183.786	396.928
701.843	10.319	186.464	395.401
703.472	9.269	186.156	397.178
704.281	7.545	187.870	397.095
707.879	7.231	185.200	404.725
709.700	3.809	187.720	408.015
708.780	4.185	192.045	406.531
711.349	3.076	189.083	408.368
708.676	1.927	193.331	411.432
706.707	3.854	195.933	406.599
706.103	3.012	196.388	408.567
701.025	2.307	200.012	413.050
703.451	2.755	195.314	410.402
696.362	3.433	202.109	411.164
699.049	3.749	197.380	410.919
691.091	1.900	200.613	414.094
663.343	3.040	224.034	414.859
667.527	5.028	214.499	414.140
662.428	1.192	216.523	420.106
661.463	2.376	215.265	419.535
662.529	2.668	208.364	414.935
654.287	2.357	211.832	420.685
662.782	1.399	199.872	422.823
658.122	2.808	200.529	417.071
657.944	0.074	198.616	424.908
634.203	2.227	210.965	420.146
639.829	0.000	200.356	424.659
625.099	0.000	209.581	426.387
621.264	0.000	210.357	418.757
620.391	0.000	208.638	422.260
618.349	0.000	204.134	427.376
624.706	0.035	194.674	426.594
625.861	0.000	190.381	427.419
624.778	2.082	189.625	423.388
622.766	0.000	189.738	425.814
619.297	2.494	192.746	425.182
615.116	0.000	193.215	426.890
616.759	0.000	190.274	428.292
610.774	0.000	194.017	429.621
604.502	0.000	204.005	429.971
601.885	0.332	204.580	437.172
601.080	6.442	207.525	434.758
600.090	2.944	213.395	436.114
595.499	5.615	221.181	430.892
591.390	5.912	224.035	431.391
583.795	9.264	240.927	425.412
576.322	10.674	255.906	425.022
570.290	10.326	264.758	430.083
561.563	10.304	276.526	433.338
554.453	9.680	263.058	437.648
502.201	6.736	236.630	441.795
499.101	1.623	244.519	447.669
490.442	0.000	254.601	449.570
473.693	0.000	271.143	452.442
467.288	0.243	276.188	453.735
474.611	6.162	274.917	450.891
478.832	3.503	277.444	448.403
476.867	6.074	269.732	445.077
471.424	9.369	273.278	441.042
465.108	11.157	266.159	440.017
453.723	5.667	229.833	448.683
450.824	3.456	226.841	447.762
442.174	7.048	212.598	443.569
430.672	3.627	208.047	450.104
416.092	1.750	206.954	453.623
393.591	1.590	187.426	442.724
383.276	0.000	189.424	450.141
377.836	0.000	189.625	446.848
374.825	0.000	190.383	450.808
372.333	0.000	193.057	454.195
370.520	0.000	195.332	459.734
350.967	0.000	216.161	460.973
347.111	1.307	218.345	459.464
340.255	3.036	225.641	460.420
329.529	2.855	234.524	462.709
327.283	4.733	233.635	459.311
327.301	3.315	231.968	458.018
319.320	5.589	239.978	453.685
313.071	3.553	242.997	456.779
309.237	2.291	239.995	456.983
301.301	7.695	237.074	455.084
292.534	11.167	241.373	454.843
279.120	10.436	250.151	456.899
263.479	8.292	255.893	458.818
244.795	6.784	262.597	459.542
211.568	3.631	282.055	462.007
198.015	2.177	289.175	467.719
189.855	2.452	287.734	469.643
184.096	4.133	294.582	467.601
177.864	3.857	300.880	467.799
187.004	3.760	281.259	468.685
190.887	6.682	273.803	461.084
192.490	2.538	266.412	465.501
195.383	4.110	256.437	463.915
199.056	4.905	248.692	461.166
202.875	3.309	238.286	462.509
205.978	2.199	228.677	462.704
209.688	3.553	224.986	457.841
213.891	0.199	218.433	461.140
215.451	0.832	216.459	461.627
222.107	1.623	209.436	458.306
223.893	1.754	206.682	442.635
224.414	0.342	205.244	447.273
225.901	0.345	202.845	446.602
227.131	0.000	202.413	450.292
229.966	0.000	200.812	455.342
231.364	0.647	200.771	453.083
229.913	2.098	198.239	449.012
229.287	2.304	198.171	446.521
230.847	1.058	194.709	449.608
231.564	0.000	192.716	453.307
230.123	0.449	191.964	450.049
231.481	0.000	190.070	451.905
230.206	0.000	187.182	453.620
231.068	0.649	184.276	452.501
229.487	0.000	177.443	452.342
230.401	0.000	171.906	446.330
227.805	0.507	169.215	450.492
228.681	2.527	159.774	446.505
228.290	0.208	156.097	450.936
226.898	2.282	155.506	448.172
226.674	1.608	154.644	446.483
224.104	2.405	155.393	444.928
225.575	4.391	155.238	442.339
223.948	3.762	155.972	445.424
224.810	4.589	156.043	442.896
222.936	4.193	157.337	441.184
224.466	4.351	154.814	441.628
222.782	4.743	158.759	441.540
223.375	5.182	154.045	439.746
223.028	5.135	155.484	440.996
223.714	6.698	156.932	438.222
222.363	6.503	157.060	438.418
223.512	7.088	156.816	437.531
221.695	6.503	159.269	437.815
222.176	6.503	158.925	437.965
221.970	6.308	160.013	436.959
220.710	7.477	161.863	436.991
220.386	7.742	151.855	428.109
221.171	7.609	152.671	436.853
219.804	8.137	160.459	437.069
217.543	7.938	163.851	436.990
213.948	8.917	160.463	431.131
215.873	9.030	159.302	432.150
214.268	8.836	166.340	437.751
209.673	9.591	163.667	430.440
207.885	9.804	162.218	429.162
207.770	9.524	157.799	431.090
207.802	10.186	161.350	435.970
205.993	10.341	163.984	435.806
200.356	11.910	169.982	433.045
199.567	12.319	175.252	435.380
197.621	13.634	177.463	436.076
196.033	12.885	180.734	439.593
195.397	17.656	180.306	432.541
194.111	17.804	180.125	432.590
193.470	17.838	183.012	430.524
192.958	17.909	185.260	431.756
191.546	18.301	189.493	431.512
190.888	17.683	187.032	431.523
189.727	20.255	191.614	427.784
187.850	22.585	204.934	429.018
187.669	26.160	207.999	421.820
189.464	26.550	201.200	421.141
188.451	27.455	200.071	418.697
187.655	27.438	198.965	421.231
187.602	25.304	191.485	427.001
187.035	25.304	190.957	422.937
189.745	28.673	185.326	420.564
191.141	28.432	181.099	422.747
193.865	29.157	177.679	421.253
196.237	31.863	175.581	414.279
197.628	35.522	174.541	413.361
199.789	34.188	171.408	412.567
201.144	32.738	171.822	417.656
203.491	34.764	169.869	410.142
205.999	38.339	169.294	407.883
206.568	32.853	169.974	410.382
206.416	38.615	171.423	401.146
206.920	35.528	170.116	401.003
209.194	36.361	169.094	399.657
209.198	39.601	168.489	394.361
211.544	34.856	167.714	401.687
211.175	42.630	167.476	389.702
212.642	39.951	166.764	393.267
212.337	42.259	166.268	390.014
212.544	45.376	164.187	382.849
213.074	46.737	163.305	382.583
211.793	48.899	161.996	380.859
212.535	48.378	162.349	381.250
210.011	53.208	162.690	375.510
209.618	55.162	161.450	376.509
208.154	55.997	161.027	371.893
206.389	55.545	159.170	370.697
205.926	56.772	159.648	374.453
205.130	56.538	158.617	378.650
203.835	57.703	155.992	372.378
204.802	58.763	158.674	371.189
203.424	58.382	160.493	371.570
203.723	58.509	161.596	370.428
205.129	57.745	161.916	370.013
206.631	58.382	163.293	368.202
208.047	59.776	171.233	365.472
208.988	59.812	178.239	366.015
214.104	62.592	172.985	360.352
215.158	63.107	174.772	358.796
215.933	64.925	180.787	355.636
219.533	64.901	183.873	356.131
224.638	64.901	180.953	356.743
225.941	66.056	178.959	354.243
229.143	68.528	175.864	350.581
231.616	70.515	168.543	351.420
234.372	69.611	166.904	351.748
236.252	70.098	163.001	353.310
240.440	70.423	160.760	349.505
244.893	66.548	153.706	355.822
251.041	69.304	146.265	356.477
252.757	69.437	146.996	356.532
255.308	70.172	150.559	351.482
258.932	69.900	151.201	346.491
262.753	71.903	153.642	344.983
269.835	68.298	150.401	344.053
271.178	67.729	154.606	344.896
278.165	68.365	152.415	343.323
283.465	69.143	150.564	343.325
286.847	69.143	149.644	345.058
293.263	67.492	143.672	345.763
298.716	65.510	135.670	344.440
301.139	64.723	135.334	344.462
307.527	65.478	127.370	341.916
308.991	66.384	124.924	342.655
314.293	66.057	121.111	336.794
318.097	66.769	118.415	339.296
320.587	67.039	119.736	339.424
323.746	68.096	121.375	338.134
324.990	68.096	121.642	338.714
324.960	68.120	125.603	336.484
328.882	72.072	122.564	330.177
330.088	70.236	122.122	328.310
335.961	72.066	116.819	330.117
339.823	67.224	114.731	334.152
346.686	70.611	112.660	329.199
351.335	68.486	112.324	332.670
355.824	68.396	110.984	329.465
360.642	69.250	108.905	328.383
363.388	69.126	109.829	327.046
367.020	69.998	112.177	327.401
370.322	70.124	110.470	327.396
373.532	70.578	109.255	325.593
377.022	71.012	112.014	325.270
381.957	73.747	118.011	326.628
387.540	72.314	129.855	326.694
393.666	77.645	135.376	321.245
397.723	78.522	134.656	320.368
400.624	78.686	136.462	318.835
402.414	79.720	137.525	317.277
406.462	81.332	134.713	314.575
409.584	77.739	132.248	318.947
413.063	76.138	125.438	319.788
415.246	77.823	127.515	317.707
417.935	74.600	130.929	317.330
428.489	78.535	137.268	317.656
439.535	76.265	132.490	322.052
454.818	82.761	144.700	318.114
472.708	107.039	172.354	298.050
486.184	95.218	150.030	302.505
476.231	89.760	163.874	311.349
466.611	90.876	174.346	313.840
482.460	94.334	166.120	309.444
488.970	73.779	153.839	324.611
482.901	73.565	161.138	327.743
494.632	75.766	143.413	322.611
498.499	78.961	139.057	322.095
490.693	77.390	153.669	324.512
487.409	78.828	159.120	319.831
486.695	79.599	159.207	321.723
485.608	77.167	167.943	325.165
489.502	75.023	169.522	327.727
489.225	73.577	173.910	328.921
495.380	73.462	168.321	326.029
504.047	74.352	159.212	328.002
515.929	72.426	149.547	326.832
527.349	70.630	135.815	326.634
532.732	69.324	130.647	329.979
539.409	70.230	125.937	325.287
545.465	72.749	122.781	322.708
547.870	72.353	122.073	316.171
547.039	70.807	126.168	320.286
553.335	72.906	126.138	319.590
553.307	71.527	134.404	321.662
556.583	68.109	139.638	325.848
559.030	67.935	156.156	326.800
560.368	70.822	154.767	321.000
563.808	68.674	156.029	323.831
563.426	71.276	152.117	320.368
569.008	68.619	147.465	325.216
572.590	69.465	142.518	324.177
576.677	67.787	137.583	329.450
578.452	65.151	137.733	331.233
581.786	64.065	134.224	331.926
585.454	63.607	132.817	334.780
591.228	62.854	128.288	331.881
591.854	62.890	130.882	332.414
594.709	62.707	132.124	332.054
597.482	63.305	133.822	330.774
598.992	62.108	135.746	332.312
600.078	60.224	140.663	332.413
601.561	60.121	143.305	332.905
602.984	58.735	145.830	335.314
603.008	57.958	146.492	337.197
604.541	56.112	148.608	338.580
605.591	55.127	157.718	340.308
606.966	56.718	160.815	340.517
607.425	56.999	171.798	339.152
605.740	57.299	176.404	340.945
607.758	57.912	174.319	340.204
609.964	57.436	181.594	342.551
611.425	57.895	177.107	342.471
613.307	56.958	174.935	343.264
615.001	56.480	169.434	344.569
617.130	55.457	163.860	347.323
620.487	54.863	157.533	347.240
625.970	52.044	155.005	350.027
627.265	50.598	153.352	350.995
629.457	47.478	154.160	356.687
630.518	47.142	153.460	356.123
632.510	46.656	155.410	353.695
635.129	44.393	155.239	354.764
636.598	46.503	154.977	354.728
637.187	45.135	155.585	351.317
639.454	44.193	152.274	358.147
639.804	43.884	152.658	355.986
643.137	41.750	149.614	360.467
645.759	41.194	148.896	357.738
645.287	41.990	148.990	358.737
648.714	40.931	146.632	362.149
647.103	40.274	148.990	359.744
647.078	38.892	149.544	359.140
647.547	37.938	148.512	364.926
648.080	37.576	148.042	361.435
646.124	37.285	149.936	363.567
644.819	36.254	151.274	363.740
643.093	36.969	153.710	362.886
641.095	37.210	157.019	361.586
639.490	35.954	157.784	363.170
637.881	37.140	158.337	361.065
636.052	32.904	158.821	363.121
632.348	32.619	158.767	369.790
631.435	31.025	159.391	372.582
630.435	30.915	160.111	374.587
628.025	31.045	164.078	370.877
624.860	30.917	168.046	372.359
619.830	29.626	173.408	377.798
620.438	29.841	173.748	371.033
618.431	28.573	179.386	373.535
616.381	29.826	181.316	380.598
613.423	28.020	186.892	383.911
614.311	28.666	201.309	386.354
614.010	29.954	203.135	387.761
612.998	30.771	203.510	385.954
613.177	29.054	207.261	387.066
613.816	26.759	205.870	390.756
616.160	27.228	205.891	390.436
617.860	26.864	206.351	390.264
617.515	27.410	204.761	387.986
619.263	27.161	204.318	390.197
620.096	26.360	202.391	388.126
623.608	24.263	190.138	394.317
627.503	19.776	182.457	397.674
628.138	19.052	180.071	399.225
630.775	17.395	177.434	400.699
634.303	16.701	174.025	396.696
641.979	11.429	168.715	404.261
641.607	14.919	173.094	398.815
644.402	11.008	172.795	403.232
645.457	13.423	176.028	399.763
646.813	14.915	177.859	393.027
652.080	12.328	175.342	398.131
652.492	11.640	177.305	399.363
654.958	10.673	176.057	400.511
658.322	9.841	174.787	402.070
659.186	9.562	174.797	399.271
664.455	8.484	171.691	401.697
667.307	8.300	169.906	401.881
667.545	8.045	171.549	401.420
668.803	8.045	171.580	401.284
669.444	8.045	172.830	397.896
669.411	9.994	175.510	392.567
669.739	10.986	177.102	391.614
670.231	10.853	178.416	395.548
668.329	8.643	182.178	397.307
665.974	9.132	186.075	398.404
666.213	6.845	188.426	396.361
666.792	8.183	188.907	399.689
664.949	8.256	192.006	400.879
665.681	8.469	193.179	401.785
666.366	8.193	194.021	402.247
669.823	6.946	193.804	406.282
672.222	6.025	194.612	409.303
675.831	4.893	195.238	414.015
678.168	3.214	196.736	412.199
681.691	4.737	198.618	411.827
687.206	3.607	198.538	410.682
689.011	3.040	196.904	408.054
690.849	0.605	194.816	410.223
690.984	1.174	197.475	410.969
692.771	0.073	196.225	416.036
694.675	0.000	196.817	414.667
694.291	0.000	196.134	413.535
694.412	0.000	200.419	419.949
696.075	0.000	202.068	418.770
693.574	3.040	212.774	416.944
694.025	0.000	215.167	422.459
693.531	4.102	217.076	414.077
693.180	2.956	214.982	414.072
695.078	2.785	209.469	415.014
695.951	2.927	203.714	415.257
701.186	2.062	201.563	418.048
702.750	1.774	199.143	419.682
704.600	2.206	197.368	417.138
708.047	0.471	194.370	418.300
712.370	0.000	192.512	416.945
718.658	0.034	185.748	416.150
723.748	0.889	179.184	422.350
726.364	0.000	177.173	422.336
728.575	0.000	175.490	422.336
732.904	3.844	170.714	421.524
736.192	0.103	167.016	419.616
738.542	0.000	163.882	423.702
739.845	0.000	163.264	418.602
742.103	0.006	160.877	426.813
742.888	0.000	162.708	421.611
745.661	0.000	161.163	423.512
743.655	2.178	163.136	422.741
746.637	3.258	159.761	417.865
747.247	1.191	159.194	423.670
745.493	4.822	159.378	418.971
747.093	1.338	158.778	421.454
746.501	3.693	157.963	418.664
747.598	2.649	157.661	421.270
747.103	3.952	158.612	420.721
743.930	5.947	159.980	417.414
744.829	11.186	161.259	410.108
741.313	5.944	165.039	412.478
740.479	13.171	165.896	407.760
739.134	7.534	168.381	409.793
739.238	16.278	168.168	402.413
736.602	9.113	170.902	408.579
735.234	15.051	170.467	403.269
733.740	11.529	170.305	408.174
732.377	18.259	171.197	403.099
728.911	16.157	175.969	405.313
725.019	20.641	178.810	405.530
722.259	18.454	179.632	406.685
718.466	16.435	183.330	410.307
715.187	16.861	186.120	412.868
710.630	16.734	192.584	413.501
706.754	12.577	193.749	418.020
699.918	17.308	197.778	417.094
697.778	14.156	198.265	421.616
692.032	17.372	204.398	413.287
689.622	16.926	198.131	420.834
681.965	9.384	194.942	423.784
678.855	5.299	194.256	429.732
672.902	4.785	189.952	424.812
670.341	5.177	180.420	421.135
666.755	0.000	175.545	422.492
663.290	1.028	170.683	420.734
660.092	0.000	170.868	424.457
657.468	0.000	172.363	425.826
653.989	0.000	174.603	429.523
645.491	0.000	181.155	429.626
630.884	2.369	196.003	424.605
631.236	2.805	194.181	424.752
627.679	2.391	197.964	424.398
623.315	3.387	199.688	423.438
619.886	5.401	200.557	423.194
614.376	1.217	201.265	429.350
601.316	7.752	213.287	422.595
582.090	9.409	227.290	422.346
558.004	6.950	247.135	422.673
533.079	6.181	268.481	431.211
517.833	5.878	282.884	428.832
519.138	7.842	281.444	426.174
518.398	6.497	278.379	428.647
512.999	5.878	281.116	428.255
502.681	3.915	292.422	433.207
502.987	7.131	278.367	428.003
519.621	9.921	249.550	420.767
506.460	11.375	250.847	425.868
522.821	11.717	220.492	419.313
515.528	12.350	215.703	415.892
527.567	10.130	192.820	420.228
527.819	11.799	179.846	421.578
525.190	8.680	175.798	429.770
523.711	7.878	177.226	417.641
523.957	7.262	174.776	418.823
524.856	8.145	171.386	418.642
521.598	11.913	174.837	415.737
522.907	13.342	173.182	413.879
520.707	12.840	173.850	411.895
508.596	15.274	188.303	407.928
505.389	21.339	190.240	404.463
499.242	22.509	195.651	404.886
506.020	27.004	186.415	400.701
499.517	27.311	191.581	399.369
501.929	21.482	185.979	406.751
478.495	22.376	209.038	400.825
475.223	27.550	207.636	396.294
470.071	26.740	201.478	395.807
465.993	18.723	187.348	397.411
470.562	23.232	177.553	392.607
470.004	15.736	168.986	402.430
452.725	21.539	174.971	401.741
454.559	18.036	170.424	430.759
471.711	13.026	158.691	447.590
457.515	21.825	174.579	425.600
458.129	34.466	177.356	399.824
452.962	37.384	175.107	402.239
436.153	37.230	183.403	394.235
435.966	30.616	190.361	402.626
424.427	36.912	199.405	389.299
419.212	38.890	204.765	388.138
414.939	38.148	206.318	392.495
411.787	38.342	208.396	393.550
407.422	39.795	211.832	395.682
400.564	43.537	222.807	392.236
397.547	47.903	222.768	390.118
390.583	48.304	222.214	388.324
388.794	49.944	216.088	387.752
382.383	48.613	213.696	387.599
377.215	41.918	207.636	409.645
365.800	29.543	208.666	424.015
358.677	22.853	206.823	431.665
347.941	22.844	210.311	433.745
343.775	24.438	205.476	433.231
353.944	21.867	188.783	423.446
357.006	16.764	182.449	430.302
349.362	27.131	188.225	419.068
364.412	19.466	172.255	428.226
351.608	21.745	181.114	431.024
354.310	25.504	183.411	414.947
352.471	23.653	189.010	416.910
359.619	23.534	199.254	404.182
352.856	18.751	212.848	401.924
355.656	26.771	214.257	396.765
361.073	22.430	210.746	396.690
356.310	26.405	217.275	391.507
362.927	27.501	213.672	390.276
352.205	21.668	220.175	395.745
363.041	27.111	203.121	390.162
374.853	27.244	186.366	389.672
370.985	27.489	183.001	392.119
365.906	28.273	176.347	389.522
362.362	30.223	168.264	387.877
360.257	31.436	165.902	386.745
365.827	31.787	157.358	382.314
362.316	32.488	159.426	382.041
359.509	31.621	169.559	386.346
361.679	32.839	171.756	384.545
366.777	33.649	172.448	380.996
370.677	34.410	179.089	377.877
372.606	37.055	186.321	383.775
375.831	37.492	190.903	379.022
381.446	36.633	200.285	378.771
385.614	36.461	199.369	381.459
387.859	38.021	213.858	384.310
392.855	35.177	203.244	386.821
399.761	37.651	203.546	383.129
404.376	38.186	202.166	379.584
411.381	40.501	191.439	378.839
416.517	42.721	190.746	376.914
420.926	41.848	188.703	377.010
436.019	40.270	176.116	374.623
442.157	40.168	173.263	372.731
448.836	39.823	170.351	372.186
456.179	41.194	164.509	370.550
461.376	41.374	162.758	371.640
468.810	39.508	161.839	369.831
471.029	39.524	163.474	372.433
475.419	41.205	161.844	370.279
479.103	41.543	160.766	369.434
482.148	40.654	162.329	370.092
488.548	38.848	162.015	372.082
491.845	41.543	173.499	370.959
493.888	41.703	169.574	369.786
500.274	40.520	168.710	374.365
504.177	39.319	168.164	377.238
514.423	36.685	161.443	378.839
520.983	35.686	159.239	383.865
527.814	34.291	156.010	385.261
535.058	34.640	154.654	384.125
539.613	31.748	157.599	386.590
547.540	30.657	161.001	384.311
549.994	29.071	165.382	387.990
551.044	27.366	170.993	386.736
552.606	26.249	178.309	385.160
553.056	25.957	182.269	387.484
558.509	24.575	182.308	391.787
559.404	22.797	184.732	391.333
563.048	24.436	189.475	390.265
564.343	23.896	205.303	394.463
565.974	24.302	224.581	392.692
571.680	23.499	230.427	390.736
572.329	21.236	240.005	394.524
574.802	20.403	243.002	397.460
578.293	19.782	242.045	401.036
580.522	19.645	230.733	402.506
585.412	21.617	218.356	401.650
587.925	20.876	210.451	403.037
590.621	19.556	206.191	405.324
592.699	17.496	202.721	404.377
591.213	15.926	206.257	402.770
588.250	14.801	217.888	404.267
582.981	15.835	229.519	403.845
577.590	15.609	244.404	403.579
571.854	15.104	258.231	405.909
561.633	13.629	277.211	405.184
554.892	9.892	294.701	409.287
554.033	10.305	298.621	407.433
556.548	8.926	296.882	407.092
556.598	10.306	294.827	408.105
553.014	9.742	296.474	410.760
540.714	9.460	302.824	411.638
537.085	9.024	299.415	415.812
530.936	5.633	295.164	420.223
537.057	9.024	287.298	417.036
542.380	7.330	281.820	415.361
553.341	7.111	263.512	417.671
557.700	6.486	254.343	423.038
562.488	5.434	247.112	422.217
569.048	7.976	236.919	413.358
576.757	9.649	228.292	414.271
590.582	9.081	211.367	415.619
591.298	5.164	208.182	416.828
582.879	5.973	216.782	417.752
584.102	6.815	214.305	412.373
588.835	7.253	209.115	411.099
599.175	7.112	197.766	410.861
608.355	7.922	189.586	409.930
609.370	7.290	189.241	412.567
607.848	9.188	193.545	405.665
607.010	11.038	194.705	405.416
598.579	8.182	202.017	407.779
592.331	9.328	204.163	405.898
579.508	7.357	214.127	408.242
570.484	8.526	219.797	406.609
560.313	10.058	230.303	406.587
567.574	11.511	232.460	407.675
574.877	13.586	249.147	405.408
585.544	9.889	259.393	405.362
590.742	11.200	275.451	405.036
604.960	8.764	274.195	410.808
617.900	9.188	266.602	410.972
618.895	12.820	279.093	405.941
621.896	12.559	272.702	407.837
617.267	14.772	279.530	405.237
616.157	14.534	276.983	406.414
616.917	14.140	259.978	407.638
613.303	12.825	253.271	408.764
615.345	10.964	233.623	414.683
617.378	11.457	214.037	412.599
621.125	11.173	199.789	409.259
625.764	7.426	183.939	411.869
628.935	3.516	179.983	419.648
629.824	2.790	179.185	419.240
631.790	3.470	177.353	414.303
626.075	1.317	185.228	417.472
618.908	1.749	196.596	420.013
610.371	2.638	220.674	418.818
608.911	3.564	232.611	422.820
606.680	3.881	242.698	425.577
608.322	6.103	248.777	422.717
610.466	4.993	252.195	424.843
614.558	5.140	258.117	424.895
619.562	3.050	249.267	429.568
617.752	6.312	251.295	427.937
620.201	5.787	246.732	427.722
622.076	5.727	238.478	428.119
624.141	4.565	230.034	426.136
624.093	4.225	223.067	422.757
631.570	3.019	208.743	427.540
626.339	3.894	209.276	419.493
628.419	2.395	201.127	425.403
630.320	1.062	191.787	428.396
625.671	0.000	192.933	431.296
625.092	0.076	188.461	431.001
623.102	0.000	188.530	431.002
616.859	0.000	191.744	432.622
602.582	0.273	202.338	431.395
603.303	0.000	200.090	437.360
599.570	0.000	202.135	437.059
597.380	1.083	200.213	434.270
593.744	1.669	200.380	432.699
587.507	3.453	199.541	428.553
591.000	7.505	191.626	427.447
583.508	4.100	198.296	426.112
582.918	8.728	195.480	421.644
580.338	8.267	196.711	423.288
566.954	12.881	202.058	411.338
567.642	12.564	188.913	417.480
564.287	12.821	173.563	425.526
559.413	6.366	172.995	435.444
565.143	11.473	169.890	418.503
529.016	10.765	211.061	427.250
503.687	6.589	232.925	436.642
495.397	7.670	241.355	448.851
492.852	8.069	245.413	448.677
488.988	7.606	246.282	446.214
480.592	3.081	223.120	445.779
480.354	3.138	256.884	449.594
472.829	5.973	267.809	447.797
466.676	8.954	255.055	442.775
465.853	4.025	234.168	443.402
460.033	7.520	220.427	438.370
461.856	8.594	200.617	442.868
452.786	6.591	179.258	440.293
453.552	7.269	172.273	433.390
453.136	6.538	174.866	431.343
450.598	8.027	170.524	431.018
449.773	4.609	170.760	441.867
447.875	3.302	169.502	436.337
443.651	2.282	171.777	444.777
442.931	0.499	171.606	449.197
437.765	0.000	175.066	449.668
433.639	4.139	178.108	451.897
426.451	5.857	182.276	450.479
422.170	5.545	186.560	452.411
421.946	3.636	186.424	456.206
417.820	5.662	185.477	455.419
410.927	6.228	187.933	457.406
401.303	0.000	193.895	460.987
394.857	0.454	199.738	464.483
386.230	0.248	202.945	468.087
373.746	5.758	217.203	456.189
366.054	4.811	223.682	457.344
354.247	0.000	238.435	465.996
349.226	2.156	244.419	461.203
341.569	1.033	251.795	463.821
340.766	2.271	251.033	466.842
340.105	0.000	261.909	469.597
336.261	1.417	275.890	468.553
337.753	2.481	285.484	465.340
341.270	2.286	285.469	469.790
351.952	1.616	279.833	470.620
356.579	1.392	275.034	474.717
360.810	1.839	271.348	477.715
367.419	0.321	265.117	477.407
373.427	4.529	262.597	472.578
381.354	4.315	256.600	471.582
389.758	1.377	249.153	475.152
395.579	4.230	243.246	472.019
399.743	4.967	243.252	471.638
404.078	5.773	243.025	473.256
404.084	7.630	250.285	474.866
399.752	7.944	257.877	474.623
398.394	6.566	259.845	474.027
394.442	8.127	264.039	476.850
382.130	7.093	276.637	481.086
330.071	6.063	320.266	483.768
328.291	3.778	310.455	484.065
320.852	0.000	307.904	488.567
313.771	0.000	314.019	490.196
301.142	0.000	319.460	496.543
313.701	0.000	306.021	496.247
318.530	0.000	305.464	497.193
309.457	1.592	316.663	493.477
298.322	0.000	326.102	494.834
298.170	0.000	321.949	499.588
299.177	0.832	313.522	489.560
295.767	3.836	304.307	481.837
292.098	6.300	290.583	480.751
281.305	1.905	281.904	480.825
268.964	7.694	279.365	473.787
261.492	4.746	236.432	479.418
245.618	0.000	218.852	473.580
254.092	5.177	207.756	476.200
228.731	0.000	222.385	470.407
238.836	7.703	197.130	476.116
212.963	8.191	213.479	478.019
213.244	2.724	216.341	482.462
207.840	6.167	217.601	473.054
196.412	8.364	226.159	469.678
189.545	10.344	233.532	469.797
176.385	9.360	248.808	476.433
167.071	10.900	257.969	475.088
161.756	11.565	264.494	476.213
156.924	4.634	265.861	483.702
148.019	3.591	270.910	483.965
136.115	4.251	271.547	480.588
128.069	1.430	266.952	485.218
114.482	1.931	275.889	490.196
105.222	3.130	276.554	488.719
93.069	1.784	280.473	488.921
80.360	4.886	282.973	488.997
71.437	6.033	286.512	489.291
66.537	7.370	287.358	488.877
59.871	5.085	288.427	493.118
54.541	3.547	288.721	493.963
61.179	8.493	277.088	486.207
66.156	7.637	267.691	484.550
74.364	7.549	256.658	480.095
85.506	7.543	242.598	480.446
94.856	5.239	231.578	482.337
105.342	7.550	219.918	477.367
106.813	4.355	215.260	478.991
112.253	9.426	208.385	464.862
115.935	8.550	204.677	471.112
115.652	6.443	201.360	473.434
120.542	3.329	196.214	481.302
122.551	6.605	196.773	478.460
123.190	7.255	201.346	478.246
122.732	6.181	204.671	478.262
120.114	3.197	208.800	481.245
122.020	4.636	208.139	477.313
121.959	2.007	208.734	481.691
121.825	4.636	208.291	473.838
121.682	4.150	202.392	475.999
121.046	6.280	202.292	472.739
119.689	7.480	188.242	472.680
121.119	7.295	184.326	474.430
121.079	5.075	183.036	474.573
120.326	6.576	183.178	472.027
121.088	5.117	180.309	473.487
122.297	2.993	175.932	473.915
121.125	2.313	173.276	472.605
119.587	5.227	175.824	468.217
118.666	12.515	179.328	457.583
118.309	11.663	177.133	460.661
117.687	10.718	174.125	460.157
117.230	10.718	174.227	461.192
116.481	10.876	181.153	461.656
116.619	15.086	183.410	456.050
114.470	16.179	187.732	455.164
112.492	20.649	188.268	449.663
112.647	10.236	189.373	461.715
111.070	5.442	201.038	469.357
109.689	6.699	205.584	469.132
110.312	8.711	206.979	467.959
109.794	9.195	210.282	467.262
109.256	7.904	213.448	468.341
108.034	2.476	224.339	476.183
109.454	7.066	224.768	470.678
108.552	4.189	225.206	471.379
108.125	5.873	225.620	471.127
106.360	3.007	225.530	472.347
105.808	0.858	227.698	475.706
103.133	1.857	231.680	473.497
99.097	0.867	239.499	472.542
98.704	0.719	239.307	473.979
95.475	2.017	241.433	473.998
92.537	1.876	244.264	473.194
91.080	1.876	246.707	473.194
91.374	2.857	244.848	473.529
90.347	3.020	243.301	472.489
88.785	4.320	238.634	471.408
85.743	5.392	237.118	470.404
85.467	4.639	233.363	472.017
84.523	3.661	230.684	473.212
82.985	5.451	229.987	471.205
81.970	5.451	227.513	471.422
80.403	6.743	220.793	467.529
80.414	3.653	219.674	471.164
76.379	3.137	222.502	473.645
76.007	3.298	223.554	474.138
76.179	3.137	223.940	474.956
76.077	3.824	221.154	473.049
75.202	2.650	221.306	474.568
75.561	2.975	221.877	474.244
75.374	2.975	223.605	474.244
75.631	1.675	223.521	476.856
76.352	2.350	221.111	472.787
75.748	2.488	224.017	475.824
76.626	3.170	221.070	471.534
76.476	2.650	222.701	475.880
77.904	2.515	218.187	473.056
78.274	2.488	217.325	475.167
78.631	2.325	216.374	474.457
79.517	1.511	215.744	474.379
80.047	1.837	212.579	473.638
81.682	1.495	211.198	475.433
84.102	2.149	208.884	474.347
85.242	2.965	206.160	473.747
86.399	2.965	205.465	473.532
86.912	2.965	204.844	472.885
87.578	3.128	204.056	472.292
88.997	4.060	199.054	470.954
91.984	6.216	196.207	466.645
92.914	6.791	192.556	466.561
93.832	9.149	191.601	465.230
94.094	8.027	191.951	465.932
94.317	9.462	189.188	463.795
95.084	9.468	189.404	461.981
95.683	9.375	187.483	460.931
96.047	8.741	186.593	461.356
96.634	9.375	184.793	461.348
95.233	12.359	186.783	456.077
96.274	11.142	182.869	456.711
96.987	11.348	185.375	458.495
96.983	12.886	185.638	458.251
97.574	11.777	188.553	460.805
97.917	11.733	191.524	460.338
98.019	14.054	189.124	459.905
98.752	12.694	192.575	458.554
98.743	12.325	194.183	460.586
99.328	13.740	195.335	457.917
99.935	13.112	215.575	462.107
102.088	10.318	210.994	465.076
101.856	9.677	210.856	466.142
102.492	10.958	211.148	464.649
102.376	6.280	210.451	469.539
102.057	3.615	231.386	473.961
103.742	5.774	225.343	468.498
106.365	5.393	223.968	471.389
105.621	5.553	225.433	470.576
101.282	3.783	226.997	472.563
99.975	4.313	235.225	471.041
99.381	3.824	233.847	473.266
98.423	3.170	234.963	473.703
98.637	1.363	237.459	475.728
97.552	1.531	235.139	474.924
96.058	2.341	240.037	474.335
96.457	3.345	237.913	471.725
96.634	4.913	236.438	471.984
97.854	4.801	233.603	470.769
96.577	5.288	232.812	470.065
97.110	4.150	231.450	470.554
96.155	2.515	232.423	472.406
95.841	3.987	232.161	471.367
96.464	3.824	232.014	471.313
96.292	6.743	234.990	468.610
97.217	7.548	232.334	468.673
98.303	8.189	235.124	468.684
97.535	10.262	234.635	463.579
97.073	10.420	235.051	462.989
97.635	12.629	235.426	462.725
98.394	15.021	237.030	461.404
98.518	14.863	237.278	460.492
98.970	15.809	237.709	460.830
99.339	19.397	234.545	454.465
98.428	16.349	234.243	459.643
98.983	18.622	234.472	458.231
97.476	17.303	236.169	459.111
98.537	20.170	233.793	456.255
97.579	18.728	234.703	456.420
98.271	17.938	235.926	457.421
97.726	20.324	234.360	454.390
96.513	19.515	237.790	453.323
97.687	19.358	236.927	453.062
97.403	20.456	237.477	451.545
96.013	20.769	240.109	450.815
95.690	21.082	237.609	448.423
94.199	23.320	240.879	448.131
91.615	23.411	245.451	447.132
91.724	24.028	246.267	445.477
91.325	25.103	247.147	444.609
90.727	26.326	248.746	447.141
89.091	27.834	249.822	443.953
89.258	27.987	251.397	444.424
90.471	28.140	247.589	442.195
91.123	26.782	248.604	444.177
90.173	28.599	249.477	442.777
88.545	29.207	252.455	440.713
87.400	28.293	252.393	441.215
87.812	25.989	253.241	443.725
88.052	27.288	248.645	444.431
82.591	22.878	253.162	447.871
83.953	26.229	252.089	444.647
82.649	26.919	253.476	442.573
80.847	25.680	249.025	445.899
79.958	25.834	248.509	445.952
77.562	26.297	248.925	445.281
78.073	28.140	250.089	442.816
76.475	27.527	248.895	443.844
77.234	27.067	247.624	445.136
78.043	27.987	245.739	443.384
75.962	29.501	252.560	441.667
76.766	30.421	250.504	439.293
77.147	30.847	243.110	436.797
79.039	29.930	235.244	436.201
82.783	29.922	232.548	433.614
84.208	28.721	232.284	431.887
87.747	31.664	235.633	431.522
89.143	32.428	239.317	428.984
94.006	36.790	243.299	424.824
101.885	44.442	249.880	417.284
109.208	47.356	255.879	413.556
114.987	52.468	259.690	409.035
122.273	51.825	256.149	407.745
128.652	54.494	246.285	402.542
135.213	51.967	237.816	405.133
140.895	53.939	229.804	404.008
145.760	51.256	228.179	408.980
147.998	55.032	226.553	402.733
152.341	55.870	228.236	398.997
159.298	58.171	233.109	394.631
165.525	58.440	237.617	393.428
166.432	60.444	244.396	393.108
166.500	61.967	251.171	392.972
166.723	61.086	258.568	393.801
167.743	59.845	268.239	394.596
167.480	57.536	273.254	398.007
166.566	60.061	274.746	398.308
167.774	55.055	267.864	402.313
166.909	59.795	267.952	397.212
167.063	54.493	252.889	402.578
166.450	55.865	249.756	398.871
165.513	54.749	246.743	400.829
164.183	55.439	245.675	400.520
161.925	55.439	252.236	401.852
163.329	58.308	247.945	398.727
159.551	57.491	257.320	399.608
159.469	57.903	256.044	399.324
157.126	57.516	261.748	399.001
157.071	58.712	264.276	397.363
155.167	60.186	267.853	394.359
154.388	58.494	272.025	397.049
155.171	61.069	273.164	393.903
156.117	63.741	270.901	390.093
156.381	63.741	271.041	391.993
157.397	63.741	269.892	391.993
160.652	67.934	268.560	387.229
161.439	65.603	264.965	390.216
162.127	64.530	263.524	391.477
163.649	66.135	261.139	388.494
164.114	65.872	259.437	388.193
163.099	68.427	258.109	383.333
162.600	69.321	256.773	384.077
160.553	66.969	257.615	386.800
159.728	65.628	256.354	387.421
158.549	66.574	255.113	387.195
155.180	64.985	253.996	386.746
152.607	65.383	251.412	385.057
150.108	65.666	251.129	385.916
146.246	63.650	249.952	391.237
143.282	65.649	250.785	389.425
140.943	65.781	251.000	388.360
139.009	63.784	250.035	389.800
138.702	63.516	248.251	390.439
138.555	63.784	246.049	390.544
137.934	62.710	245.929	390.688
134.569	64.880	248.763	388.190
135.833	63.918	244.864	386.155
135.076	63.958	245.386	385.958
135.841	64.090	242.845	385.089
136.286	63.605	242.190	384.371
137.034	66.582	241.348	382.131
140.094	61.900	239.212	385.295
137.653	65.939	242.498	382.037
138.874	64.430	240.579	380.598
137.643	66.036	242.809	379.826
138.408	65.485	247.559	379.184
138.587	65.939	251.307	380.017
138.740	64.617	253.786	383.094
140.614	64.749	255.125	382.779
142.786	64.199	257.341	383.317
145.392	64.063	257.933	382.946
148.544	64.322	253.631	385.479
148.544	65.251	254.586	384.455
148.544	63.918	257.000	385.605
148.368	64.958	260.375	384.983
144.574	67.551	267.694	379.980
143.657	69.343	271.693	378.003
140.518	65.872	276.473	380.957
139.182	66.477	280.739	379.232
138.678	68.015	281.974	377.880
137.939	68.778	283.929	376.561
137.382	70.043	285.862	375.111
136.026	70.758	290.139	373.571
135.269	73.034	292.396	372.398
135.220	74.035	293.835	371.580
137.228	73.786	297.331	372.937
138.578	72.001	295.330	377.837
140.114	72.257	300.758	377.209
142.437	72.257	305.087	378.325
142.738	71.337	307.272	378.324
148.349	69.795	303.686	382.882
152.726	68.498	297.438	383.421
156.098	70.053	291.261	380.736
161.951	67.585	282.563	381.696
168.157	69.480	276.489	378.354
175.845	70.550	268.931	375.547
179.957	70.358	266.924	372.047
183.365	68.663	264.557	373.203
183.976	67.397	267.274	377.029
183.077	69.088	271.193	376.602
185.745	70.864	269.918	372.450
187.025	70.358	267.834	373.320
186.449	71.619	271.399	370.967
186.625	71.619	271.076	372.972
186.976	66.777	271.606	377.996
189.278	61.530	269.426	382.330
190.296	62.985	267.080	380.106
189.524	55.366	267.993	385.702
190.801	63.083	269.389	379.838
190.061	52.697	268.206	388.881
191.279	57.484	275.789	384.310
190.372	57.803	282.330	384.132
191.478	58.921	287.376	387.336
191.123	52.324	296.243	389.891
189.691	60.393	306.861	380.936
197.955	49.722	308.060	396.857
197.722	42.224	310.921	399.231
197.515	41.025	314.064	399.232
199.189	46.973	320.395	393.409
197.708	66.899	320.596	372.565
197.108	110.537	289.921	331.316
195.736	99.061	249.265	345.414
198.353	114.080	236.786	329.014
199.968	148.477	233.127	297.623
201.540	151.363	237.344	289.302
201.407	162.401	241.857	279.864
203.597	162.783	239.550	278.798
204.681	158.831	238.551	279.460
204.062	160.550	241.098	279.316
204.785	158.893	241.173	279.597
204.796	163.685	240.686	275.480
204.704	163.662	239.203	275.068
203.815	164.954	240.511	274.051
203.174	166.596	241.278	272.272
202.126	166.169	240.295	273.095
201.643	167.460	239.225	272.625
200.514	168.373	238.928	271.301
199.470	168.191	240.745	271.210
199.605	166.724	238.864	273.087
197.937	165.612	240.005	274.062
196.072	165.321	241.646	274.375
195.389	162.730	241.304	276.967
195.051	161.790	240.429	277.906
193.022	161.109	241.066	280.024
192.146	159.612	239.366	280.816
190.646	157.523	239.687	284.034
190.329	155.592	239.303	285.965
189.753	157.576	242.412	283.468
189.494	157.141	244.079	279.562
188.454	160.176	247.168	280.724
188.032	163.499	249.934	276.707
188.032	165.005	253.080	276.156
187.581	166.532	254.572	273.193
189.867	167.634	250.841	270.443
192.768	168.657	245.473	272.751
196.491	167.563	230.591	276.490
198.151	167.143	224.026	274.411
201.242	165.868	210.774	274.271
203.681	164.703	207.698	276.132
204.394	164.138	199.484	278.187
209.703	160.441	188.162	283.281
211.312	155.864	229.484	285.592
217.011	150.637	244.403	290.667
217.583	138.381	254.750	307.770
220.223	134.905	249.090	307.637
227.406	131.613	237.249	318.590
228.623	131.613	236.935	313.334
227.922	131.985	237.945	321.154
230.090	120.873	237.014	325.760
228.900	116.599	240.393	340.316
210.899	114.323	260.512	339.084
176.756	128.536	297.203	326.614
207.989	144.552	272.933	315.619
217.580	151.843	262.339	301.244
249.626	157.305	232.219	293.075
256.607	164.822	229.643	280.724
259.876	164.677	226.316	277.471
258.045	164.163	229.222	278.611
257.242	166.151	232.126	272.542
253.880	164.351	236.393	272.031
255.865	166.333	237.469	272.223
253.496	165.238	241.309	271.680
252.876	163.655	244.506	273.405
255.747	162.036	243.154	273.798
257.433	161.298	242.458	273.136
259.595	157.971	240.801	276.463
261.418	156.082	239.897	277.801
262.968	154.437	239.411	279.421
263.845	153.106	238.944	280.335
263.981	152.339	240.379	280.685
265.487	152.554	239.660	282.846
266.230	152.146	239.651	282.271
266.699	153.679	241.222	282.006
267.109	153.297	240.315	281.400
266.141	155.567	241.469	279.831
267.269	157.612	242.109	278.913
268.362	158.697	243.235	277.678
269.451	159.439	243.609	276.238
270.455	158.856	244.806	274.649
271.396	161.419	245.717	273.278
272.671	158.286	246.111	276.722
274.784	157.011	246.509	280.066
274.963	155.492	244.675	280.604
275.820	152.398	244.749	284.118
279.868	150.328	243.087	287.182
280.114	147.764	241.917	290.031
283.084	144.254	241.825	290.402
285.403	143.293	238.718	291.399
286.361	140.059	232.174	292.056
287.341	139.535	224.567	291.933
286.889	141.028	216.590	287.132
288.546	142.863	199.873	284.410
288.297	144.250	192.259	284.453
291.559	144.974	182.560	283.572
292.562	142.056	174.627	284.197
301.309	140.408	171.265	285.956
304.651	142.300	172.142	286.134
318.710	133.498	189.196	291.703
314.107	137.956	217.145	293.010
322.668	140.063	216.185	293.629
322.451	146.791	208.401	280.253
330.574	144.622	214.925	281.712
343.150	139.822	207.133	289.068
349.156	141.794	202.867	288.217
361.099	144.377	192.910	284.053
360.955	146.311	194.711	282.235
348.813	136.628	208.095	290.686
336.386	139.988	221.949	281.569
327.725	134.428	231.997	289.006
330.177	134.670	232.560	288.346
320.069	128.281	243.457	297.891
340.489	131.480	224.584	301.755
330.107	130.180	232.516	301.260
339.703	128.919	225.557	306.098
336.068	129.903	228.920	305.673
349.391	130.733	215.732	307.998
343.012	132.042	223.548	302.036
340.442	131.217	226.020	298.914
334.473	116.616	232.921	315.635
327.316	111.208	242.708	316.129
336.485	126.195	236.438	303.534
338.450	117.293	230.955	310.540
337.874	110.615	233.983	317.668
333.692	115.802	238.807	311.835
338.787	125.745	233.615	302.919
349.876	121.665	219.259	308.140
348.701	110.404	218.107	317.688
350.538	111.510	216.760	316.408
349.503	107.153	215.420	320.459
348.939	102.832	215.699	327.602
347.525	74.691	214.784	355.248
347.913	79.777	216.548	349.450
349.008	78.983	211.965	347.218
347.366	82.320	215.112	344.968
349.481	80.527	206.897	343.634
346.057	77.204	211.441	344.969
344.649	80.222	207.315	337.728
342.413	82.332	208.650	338.411
340.217	86.331	215.823	334.541
340.347	86.607	209.802	335.244
338.360	100.360	195.207	323.407
338.208	114.978	213.576	309.962
334.807	109.069	211.401	314.992
332.317	117.254	212.462	308.252
332.038	115.939	212.242	310.925
332.048	115.407	214.675	312.207
330.944	117.399	215.475	308.099
331.781	116.998	208.279	311.518
332.353	114.228	209.417	313.686
333.107	112.606	207.526	315.158
334.674	108.429	209.765	321.955
333.953	107.153	214.379	321.841
333.460	106.155	214.617	323.456
335.099	107.238	212.679	323.667
334.059	103.687	214.283	323.313
334.142	106.367	216.479	324.223
333.770	107.693	221.856	319.920
335.089	109.004	224.293	320.157
337.510	111.378	225.117	319.028
338.243	115.725	224.529	314.705
340.500	121.221	221.835	311.655
345.785	119.875	217.248	311.576
347.044	122.292	217.839	309.544
349.044	125.193	216.566	307.398
350.822	121.519	219.014	310.433
351.687	126.214	217.622	301.582
357.194	124.943	212.842	301.787
359.148	121.923	213.789	306.114
361.113	122.028	212.852	308.101
362.038	119.587	213.474	311.885
365.322	119.423	209.654	307.735
368.740	111.123	209.370	315.592
371.727	116.660	206.616	310.060
376.489	113.564	204.515	315.671
376.464	109.433	204.917	320.838
376.040	111.208	206.580	315.509
376.400	109.529	205.074	318.049
376.628	107.838	205.106	321.257
374.292	106.602	210.791	321.083
371.829	105.622	213.622	323.733
370.828	107.238	215.705	325.402
370.758	103.801	213.897	330.061
370.928	103.011	217.092	332.120
373.044	101.934	213.174	335.528
373.041	102.960	211.116	333.116
382.938	99.692	204.198	338.958
386.950	99.923	197.804	340.505
386.679	99.563	197.238	339.904
390.168	97.222	192.872	342.789
387.871	98.162	195.281	341.849
388.453	96.751	194.587	344.227
388.257	94.667	196.443	350.444
378.611	90.553	206.970	356.371
377.601	91.878	209.154	355.828
378.680	89.511	207.186	355.260
357.098	88.466	224.385	354.548
339.268	97.433	241.085	340.742
338.609	96.684	238.008	339.090
340.191	100.590	237.237	335.262
340.773	101.178	233.973	329.436
343.284	102.084	231.463	340.444
346.122	95.077	237.023	342.030
343.373	99.695	242.629	345.227
341.081	108.737	251.697	338.832
341.346	111.970	233.535	335.297
338.580	111.456	220.108	332.505
335.398	112.942	187.914	328.691
336.331	112.138	185.051	328.216
338.692	117.841	179.023	325.537
339.031	117.081	183.897	326.786
338.490	124.973	168.857	307.746
336.665	118.315	175.092	312.364
335.840	114.485	175.459	315.413
333.239	113.560	175.957	317.607
329.509	111.893	176.907	322.465
329.814	112.855	174.127	319.729
329.826	110.835	174.518	325.616
330.737	111.615	174.950	323.473
331.363	112.405	177.515	325.192
333.112	114.479	176.610	326.143
331.277	119.361	177.668	320.540
333.567	126.920	179.035	308.016
334.162	134.734	178.795	299.239
335.911	143.534	181.903	294.982
337.668	150.325	185.194	293.254
341.953	160.184	183.487	290.892
347.855	170.892	183.469	284.520
352.623	181.046	180.796	274.892
358.026	187.889	179.587	276.395
361.543	196.122	177.920	264.582
364.702	202.499	180.106	259.783
368.705	211.204	181.670	243.190
372.269	214.970	168.745	239.078
375.675	216.394	184.577	236.632
374.143	217.146	193.517	237.210
376.395	217.179	201.015	241.310
375.362	218.330	201.811	241.000
374.362	221.067	203.652	235.203
372.585	219.108	208.837	233.599
371.541	221.008	208.544	231.416
374.457	222.001	205.797	234.269
373.510	221.694	210.733	237.583
372.560	222.468	219.673	239.905
372.609	222.567	215.874	245.501
372.688	222.913	219.876	246.801
371.117	224.805	228.725	248.500
370.592	224.021	227.556	249.130
368.013	223.519	232.523	250.139
366.529	224.080	234.055	247.797
365.297	222.546	235.164	242.610
363.035	222.473	236.989	242.114
362.582	223.590	237.291	239.021
360.410	221.407	239.613	236.922
355.958	223.758	247.499	229.729
354.495	223.519	247.839	227.581
352.846	221.887	245.865	226.066
352.629	222.681	243.554	225.933
349.131	220.000	244.790	224.184
348.918	216.163	246.839	230.171
347.459	214.318	243.698	234.363
345.524	211.676	244.251	235.548
347.498	210.864	244.138	235.284
356.455	210.239	235.805	232.890
359.956	210.632	231.301	232.748
366.703	208.665	228.166	242.300
368.487	208.660	224.402	245.176
368.527	206.559	225.191	244.201
369.114	208.277	221.112	243.166
367.661	211.219	222.881	240.002
366.785	210.795	222.320	239.363
366.909	213.336	222.113	236.822
365.572	214.273	223.190	235.401
363.826	213.207	227.083	236.043
363.519	214.273	228.296	235.764
363.273	211.813	228.907	240.709
363.334	212.738	232.272	239.262
362.843	209.365	233.312	243.915
363.158	207.493	234.843	244.760
363.357	205.337	234.294	248.163
362.894	206.405	233.299	247.327
362.739	203.767	231.887	251.493
363.725	203.432	231.323	252.212
363.203	201.914	232.507	253.858
364.000	203.007	232.265	251.805
364.124	202.423	232.918	252.710
364.305	204.463	232.691	249.767
364.429	203.265	233.223	251.230
366.216	203.265	230.596	249.581
364.897	203.934	233.742	246.903
363.670	205.751	233.750	245.836
365.639	205.587	229.228	244.999
364.122	207.435	228.863	243.253
361.068	207.358	230.149	240.807
359.936	208.141	228.338	241.396
358.561	209.786	229.803	238.621
359.802	211.712	226.518	233.228
357.761	211.577	227.172	235.103
357.195	210.112	229.557	233.387
354.300	211.423	233.793	233.804
354.015	210.154	235.167	228.812
350.419	211.026	239.635	227.770
348.995	209.347	245.176	229.530
348.564	210.657	250.567	226.712
348.234	211.546	252.880	226.179
346.897	212.631	262.128	225.753
346.714	212.822	268.455	226.977
346.547	213.146	270.442	227.022
344.895	213.437	272.545	227.215
345.311	214.638	274.639	224.336
345.440	215.517	271.636	224.053
344.126	215.167	273.792	225.548
345.716	215.517	262.011	223.933
343.838	214.218	258.969	225.642
343.909	213.923	253.804	225.224
343.509	213.841	250.009	226.744
341.158	213.102	249.383	226.531
340.980	213.102	245.469	225.939
339.996	212.860	240.058	226.457
340.512	212.932	237.289	224.689
340.798	213.199	239.397	225.950
340.628	213.934	235.356	225.569
340.699	213.247	237.272	225.009
340.637	213.787	234.179	225.008
342.230	212.946	237.432	226.473
341.097	214.372	235.708	225.249
342.630	213.698	236.830	227.243
343.044	213.640	236.256	227.286
343.646	214.592	239.770	226.820
342.053	214.584	248.121	225.248
341.807	215.307	248.527	225.439
342.424	215.307	249.360	225.793
342.260	215.159	250.617	225.941
341.172	214.862	253.566	225.531
341.225	215.592	257.116	224.516
341.755	215.869	260.157	225.117
343.095	214.658	259.608	226.997
342.106	214.658	262.736	227.358
342.370	214.635	263.538	226.741
341.579	213.547	267.767	228.010
341.474	212.651	269.641	228.185
341.695	213.582	271.503	228.656
342.212	213.601	271.228	227.527
342.508	215.079	271.791	225.809
342.913	214.785	271.018	225.982
342.643	215.371	269.105	225.276
342.824	215.021	266.300	225.216
342.067	215.021	268.582	226.175
341.205	214.728	267.915	226.468
341.205	215.021	267.378	225.695
338.889	214.287	269.655	228.237
337.407	214.047	274.323	228.290
336.448	212.703	274.350	231.462
337.610	212.287	271.190	229.288
338.394	211.796	272.689	232.369
339.021	211.837	271.965	227.157
340.191	210.179	269.042	230.960
341.272	205.059	268.683	236.894
344.413	205.951	263.339	235.037
343.854	205.059	263.473	235.781
344.611	204.434	266.798	233.957
344.342	203.739	260.217	236.550
342.495	201.936	264.648	239.495
342.139	207.816	265.968	230.985
344.007	211.378	273.486	227.989
347.593	207.273	279.363	236.487
342.057	203.543	262.864	240.503
341.326	199.529	253.791	238.641
334.324	211.819	259.602	233.735
344.621	207.607	243.592	231.626
342.246	196.769	252.481	242.866
348.143	166.259	253.799	273.419
342.795	171.946	242.521	267.680
347.493	161.784	237.890	279.498
349.567	133.097	237.082	307.293
359.568	133.772	215.389	309.527
366.743	118.432	220.099	322.327
563.639	18.184	207.553	377.886
363.994	57.839	209.869	383.032
575.855	40.461	239.452	346.729
566.488	29.562	257.090	355.219
571.784	37.907	266.082	365.276
572.431	43.559	275.448	359.451
581.434	55.941	296.416	356.573
587.851	64.305	305.323	358.022
590.121	77.758	264.611	344.691
591.136	86.439	217.372	338.382
597.245	93.218	185.787	330.620
585.942	93.621	184.752	330.616
583.159	95.864	187.715	327.597
581.369	94.633	191.434	325.133
578.806	92.080	196.549	328.315
581.156	89.078	195.938	332.087
585.642	83.323	195.666	340.302
587.447	75.098	189.841	346.602
584.981	68.640	190.934	351.364
584.415	66.938	189.341	346.162
585.121	59.446	183.115	354.173
581.146	51.755	193.828	361.667
579.985	50.546	213.534	364.055
581.707	49.623	228.946	364.685
582.158	49.987	233.073	361.893
580.538	49.468	237.605	362.535
579.895	46.584	236.284	364.508
578.879	44.875	238.449	364.445
573.280	43.637	238.623	365.928
566.177	41.504	239.753	367.570
563.642	41.154	237.970	369.858
552.730	40.445	222.513	370.568
550.454	41.799	207.172	368.225
544.647	38.219	192.065	371.724
543.053	38.908	193.503	371.987
534.550	38.863	207.131	373.511
512.704	39.686	224.427	372.580
495.685	38.637	237.868	373.624
501.633	40.267	244.608	374.704
486.915	40.925	246.478	372.202
482.121	37.761	250.957	376.493
480.783	39.018	251.571	371.840
484.340	37.535	252.338	375.692
471.265	41.690	264.267	377.307
467.188	33.783	264.324	387.802
482.732	29.274	254.094	389.520
484.591	34.101	251.309	383.790
491.886	35.758	245.014	381.349
488.118	34.055	247.634	382.368
478.712	35.157	246.703	380.879
482.944	33.871	234.315	380.115
482.877	37.359	210.203	376.223
488.375	34.235	205.328	383.507
487.783	34.410	213.467	380.512
481.677	38.286	224.061	373.517
480.145	36.490	227.547	373.884
483.800	40.167	228.775	373.094
487.664	33.602	222.152	380.311
487.538	35.456	218.387	379.553
487.332	30.504	213.531	381.000
489.267	30.387	204.417	385.620
491.571	29.620	195.038	386.516
490.491	22.081	179.364	394.127
489.859	21.911	169.393	393.462
488.785	16.089	168.037	405.974
484.406	15.922	166.032	403.989
480.933	14.756	166.733	403.772
478.206	21.539	164.621	401.034
479.815	20.983	166.265	403.585
460.525	23.537	179.774	390.582
458.002	20.611	178.862	396.695
455.345	26.940	181.256	389.921
456.456	22.252	185.938	401.602
454.584	27.788	184.217	397.831
439.497	26.701	204.676	395.900
444.623	27.440	211.551	395.235
430.335	31.789	232.832	390.428
415.856	28.482	259.885	402.881
436.180	27.881	244.774	397.278
444.512	28.700	239.784	390.901
463.230	28.049	222.940	397.989
479.018	23.346	210.982	400.833
495.405	16.472	195.478	413.212
499.372	13.205	196.225	418.618
504.503	16.329	194.834	414.890
507.929	12.401	193.788	421.647
512.986	16.784	192.821	413.236
524.122	11.996	183.751	420.503
531.135	11.850	180.373	422.561
531.462	9.344	182.911	423.481
538.648	12.244	177.997	422.743
540.902	11.307	179.289	422.556
544.286	11.163	182.449	423.854
546.158	9.652	185.553	424.950
547.011	8.773	188.289	420.657
548.499	9.499	191.870	410.125
552.037	9.467	190.704	417.962
555.215	10.272	193.821	418.998
558.657	9.789	195.793	421.754
555.285	7.676	202.672	428.522
556.436	6.601	207.258	426.935
557.984	6.207	210.612	427.184
576.534	6.442	211.120	431.541
587.828	3.822	205.591	429.718
594.771	4.335	210.782	424.281
588.062	3.453	224.735	423.411
603.023	4.766	218.426	422.284
610.064	4.753	229.448	424.658
616.341	4.848	234.596	428.686
622.441	4.417	239.836	432.264
624.234	4.699	239.393	430.967
626.281	3.961	239.770	432.111
639.709	3.961	231.070	432.111
643.790	5.307	231.758	432.785
652.960	3.710	225.533	434.998
659.195	3.374	223.267	434.717
665.213	3.970	219.761	432.308
673.950	3.783	214.869	434.961
681.705	0.000	209.794	441.913
684.556	0.000	208.711	441.310
686.792	0.000	206.799	442.970
689.320	0.000	204.942	442.819
689.883	0.000	204.620	442.516
690.107	0.000	203.971	442.819
690.870	0.000	201.533	441.762
690.128	0.000	201.780	444.095
689.325	0.000	200.956	444.948
686.550	0.000	201.602	447.562
685.365	0.000	200.030	448.958
686.166	0.000	201.987	441.274
686.721	0.000	200.545	446.082
685.927	0.799	202.829	437.902
685.021	0.480	205.516	446.868
682.114	0.695	207.163	441.267
684.585	0.078	210.284	442.136
684.427	0.000	213.918	445.407
683.671	0.000	214.994	447.963
683.182	2.497	218.601	442.151
682.851	0.494	217.574	448.661
683.736	2.497	218.904	447.222
684.752	2.208	217.759	445.764
686.904	3.132	214.754	444.840
691.016	2.054	210.995	445.306
693.085	2.186	209.800	446.399
695.361	3.149	202.341	447.332
696.241	1.069	204.266	447.302
699.667	3.760	199.995	445.947
699.253	1.069	200.142	448.059
699.822	0.656	200.780	449.080
700.468	3.963	200.175	444.664
701.596	2.078	199.873	446.437
701.355	2.078	200.575	446.132
702.713	1.874	198.798	446.488
704.067	2.281	197.475	446.540
704.942	2.688	198.250	446.593
706.202	2.688	197.296	447.208
707.280	1.874	198.558	448.175
710.071	2.304	195.325	446.369
709.243	2.891	197.360	447.930
712.420	1.893	196.629	447.084
712.067	2.485	197.550	449.420
713.716	3.125	194.640	446.763
712.797	2.078	199.688	450.449
712.982	3.330	197.251	447.016
713.899	4.149	195.921	446.961
713.556	4.353	197.116	447.063
713.147	4.149	196.431	446.197
711.558	3.297	201.875	449.385
710.945	3.125	198.738	448.599
710.908	4.149	200.649	448.036
709.145	3.944	199.871	448.240
710.588	3.740	200.847	447.217
706.994	4.149	200.992	446.349
710.179	4.353	200.498	445.840
710.714	5.577	199.960	444.311
710.512	5.577	200.286	444.311
710.510	5.577	199.976	444.007
710.407	5.170	200.641	444.262
709.987	5.170	200.999	444.414
708.930	5.170	202.245	444.110
707.428	5.374	204.189	443.300
705.913	5.170	205.582	442.898
703.589	4.353	207.025	444.168
702.987	4.557	207.380	444.874
702.440	3.535	207.358	447.269
703.721	3.471	206.909	446.794
703.360	2.508	207.393	447.338
703.152	1.515	205.004	451.148
705.576	1.590	203.655	450.285
705.555	1.421	204.688	450.259
705.562	1.574	203.099	451.347
705.562	2.063	203.604	450.032
706.941	1.265	202.541	451.233
707.883	1.732	201.409	450.561
708.615	2.353	201.055	448.103
708.829	2.198	201.533	447.648
710.384	1.732	200.041	448.318
712.144	2.304	197.143	447.737
711.950	0.240	199.538	452.754
714.042	2.304	197.729	450.806
713.709	4.762	199.105	447.269
715.273	3.535	197.414	449.266
715.789	1.265	197.203	450.824
714.960	1.481	196.743	450.704
716.097	2.509	195.851	449.061
719.711	1.275	200.690	450.910
725.992	4.149	203.229	448.036
730.037	8.215	212.214	443.355
736.368	9.468	210.782	440.594
738.438	10.738	211.954	442.422
738.401	10.129	211.257	444.411
739.014	9.616	210.872	446.122
737.583	8.999	210.272	446.433
739.596	8.174	205.555	446.189
739.060	9.520	203.166	444.714
734.580	5.532	203.276	448.693
728.869	8.297	200.506	444.557
721.293	5.683	199.715	447.868
706.366	5.577	209.920	449.084
695.227	3.782	221.198	449.129
691.458	4.093	225.847	448.243
688.481	4.915	227.230	445.274
688.472	4.402	227.180	446.904
689.283	6.019	225.497	445.251
687.845	2.698	226.828	446.763
693.459	5.416	220.724	443.568
698.000	1.745	216.043	449.511
700.000	1.745	214.422	448.893
705.536	0.815	207.559	451.680
708.618	4.052	203.809	445.558
713.937	2.043	199.387	450.046
717.000	0.243	202.375	451.788
719.872	5.788	207.257	445.781
721.823	4.603	215.173	446.274
722.968	7.477	214.796	443.363
721.766	8.556	219.784	441.303
724.749	10.789	216.741	436.022
723.138	8.556	217.701	437.876
722.231	9.316	212.941	441.561
722.623	8.556	207.662	442.521
720.438	8.297	203.846	443.795
717.213	8.215	199.284	444.895
709.912	2.804	196.665	450.747
697.923	0.000	201.762	450.957
690.714	3.556	204.013	443.997
684.447	0.000	213.721	450.660
676.542	1.435	218.911	445.924
672.818	0.000	220.357	449.983
666.955	0.000	222.525	451.391
659.616	0.000	229.108	450.229
660.715	0.000	226.716	448.156
661.454	0.000	224.971	448.156
665.024	0.000	218.531	446.918
674.166	0.000	210.903	446.665
680.738	0.000	208.179	444.708
684.184	1.421	207.659	445.731
689.257	2.186	205.810	444.353
694.209	2.948	202.695	442.165
697.839	3.403	203.761	437.834
702.454	2.107	198.393	440.107
704.419	1.856	194.764	443.215
704.843	2.461	196.027	441.246
708.165	2.259	193.581	442.053
712.077	3.265	191.419	439.988
715.217	4.269	190.726	439.740
721.140	0.000	183.330	442.153
724.102	0.837	181.333	440.557
729.278	0.000	176.121	439.094
732.873	0.158	172.755	438.983
729.634	3.913	180.163	418.134
730.424	2.790	177.867	434.484
730.657	2.082	178.091	423.694
731.138	3.987	179.204	425.938
732.227	5.787	176.020	419.099
731.432	6.684	174.976	415.157
731.939	6.482	175.172	421.230
730.375	6.168	178.364	414.444
731.313	6.112	175.072	421.628
728.753	0.881	178.021	420.146
728.029	4.751	176.498	412.079
728.257	2.187	175.512	416.978
725.257	0.293	177.411	416.905
720.209	3.013	182.245	420.066
710.353	3.069	191.647	417.431
703.716	1.911	198.825	424.529
699.039	1.791	204.414	426.412
694.124	0.865	205.235	426.987
691.804	3.420	205.052	424.184
687.247	1.661	207.269	426.138
685.157	0.035	204.253	439.079
683.445	0.000	203.076	435.988
681.266	0.000	201.289	434.326
683.011	0.000	198.316	432.347
684.952	0.000	190.756	432.716
683.643	0.000	190.436	432.905
685.331	0.000	187.235	433.297
688.024	0.000	184.174	433.306
689.482	0.000	183.156	433.502
691.391	0.313	182.157	434.173
693.628	0.908	180.598	431.809
696.356	0.000	178.394	432.382
697.912	0.000	174.550	435.275
697.698	0.000	176.260	435.234
693.886	0.000	182.023	433.456
693.084	0.000	185.188	428.241
689.752	0.000	185.453	427.265
690.321	0.457	191.282	428.410
688.278	2.373	191.543	425.830
685.646	1.205	197.601	428.586
683.541	4.584	201.626	426.157
683.639	4.874	201.434	427.446
683.625	3.786	203.834	427.215
684.354	5.652	203.929	425.512
687.494	3.037	201.811	426.031
690.417	4.201	199.346	428.655
692.032	1.226	200.535	431.523
694.445	3.057	198.878	428.362
692.818	4.201	202.064	427.912
693.045	4.482	203.068	427.076
695.455	1.471	202.399	435.438
694.621	3.087	203.076	431.382
694.139	2.270	203.809	430.076
694.030	2.862	202.667	427.909
696.002	3.420	196.043	430.288
694.612	0.000	195.767	428.400
695.217	3.242	192.842	424.764
693.853	0.000	193.951	424.395
691.432	0.326	194.866	425.980
689.366	0.000	196.011	428.203
687.546	0.000	197.845	425.081
686.816	0.000	194.823	423.918
684.179	0.000	195.775	428.226
679.041	0.000	200.395	431.855
675.743	0.471	200.630	424.924
674.108	0.000	201.117	426.971
668.220	0.000	204.626	426.403
664.740	0.000	207.246	431.316
657.003	0.028	211.481	427.329
647.160	1.215	221.102	427.607
638.349	2.621	232.079	433.137
633.341	2.877	233.973	431.937
628.327	2.713	239.899	429.774
623.258	2.914	243.316	431.497
617.996	1.731	247.444	434.950
613.726	1.947	242.399	436.415
621.541	5.194	232.124	431.748
630.764	8.245	219.387	425.233
620.176	7.927	216.883	418.876
634.852	31.420	201.503	406.098
644.042	22.079	181.122	417.672
644.560	18.227	176.798	432.403
648.956	19.729	171.045	430.566
648.816	18.749	170.883	430.967
630.903	16.756	200.746	432.179
346.344	81.833	239.401	380.277
342.898	82.137	247.684	384.307
338.856	71.408	265.316	392.886
344.782	85.785	246.395	379.813
591.468	14.174	256.451	421.508
346.959	62.747	430.379	402.334
350.417	83.445	248.609	384.985
350.271	80.051	247.971	383.594
631.705	33.787	203.596	413.986
649.772	22.049	188.813	420.093
668.316	15.126	182.534	443.960
674.588	18.901	176.104	429.299
680.343	11.758	175.834	425.518
684.133	7.578	164.648	425.671
670.275	2.498	170.257	430.059
663.896	3.695	171.804	415.795
667.468	1.752	165.791	425.383
660.901	0.000	173.506	424.683
656.556	1.028	178.661	415.614
666.440	0.588	171.056	418.288
664.869	0.735	174.524	416.559
659.363	0.000	182.082	425.026
658.375	0.000	182.259	421.832
651.746	0.000	188.224	418.151
647.288	0.000	192.026	425.581
644.371	0.616	195.471	423.936
644.846	1.499	193.849	422.612
645.069	0.000	192.265	425.525
644.691	0.326	191.793	425.785
643.883	0.000	190.131	427.284
643.242	0.000	188.757	424.552
642.316	0.000	187.605	428.068
638.753	0.000	189.399	425.381
637.596	0.000	187.940	428.265
629.291	0.000	192.655	431.529
622.867	0.000	195.541	432.262
619.437	0.000	196.774	433.005
613.477	0.000	199.976	432.914
608.965	0.000	200.891	429.007
604.850	0.000	204.669	434.504
597.338	0.000	204.303	436.158
593.083	0.000	211.335	436.390
594.085	0.000	213.112	438.035
589.855	0.000	213.144	438.753
586.450	0.000	213.282	440.876
584.921	0.000	215.912	442.406
582.880	0.000	220.967	441.363
582.430	0.000	217.779	442.272
582.688	0.000	215.755	443.032
583.608	0.000	213.409	443.185
586.265	0.000	212.972	437.486
589.942	0.000	209.644	443.030
592.394	0.000	210.153	440.104
593.613	0.000	210.567	441.714
594.846	0.000	210.632	440.707
598.444	0.000	211.137	437.586
600.943	0.000	211.189	440.419
602.605	0.000	209.707	437.849
602.362	0.000	211.532	439.664
604.992	0.000	209.956	437.549
607.851	0.000	207.645	436.965
606.666	1.243	207.609	433.752
607.460	1.243	207.646	432.761
608.367	0.640	207.821	434.156
609.557	0.187	207.739	435.403
609.333	1.993	208.474	429.841
611.419	1.230	206.680	433.294
614.887	3.189	202.706	429.433
619.438	1.669	197.618	435.390
623.651	1.669	192.349	435.691
625.133	0.774	193.721	429.453
628.767	0.000	190.088	438.851
629.416	0.774	190.934	425.607
629.753	0.000	190.045	439.505
626.586	1.077	195.619	425.878
624.936	0.000	196.709	428.145
623.258	0.000	199.185	427.704
620.732	0.480	202.693	422.665
620.095	0.000	202.026	431.257
615.722	0.485	206.931	419.844
614.992	0.780	203.372	426.398
611.481	0.000	204.350	425.852
610.117	0.000	205.297	421.661
607.513	0.924	206.453	430.841
606.477	2.419	202.159	422.317
601.934	1.791	200.408	430.950
595.737	0.000	202.352	427.790
595.265	2.395	202.495	428.542
588.612	1.513	204.511	429.227
583.602	2.122	207.375	429.436
566.212	3.305	223.763	436.424
561.036	8.683	227.980	429.409
554.935	5.521	231.071	428.792
547.352	8.683	237.359	428.602
533.713	7.443	238.230	420.743
507.307	6.859	254.784	415.070
503.744	2.699	247.216	427.232
504.534	3.961	237.120	429.079
499.471	4.505	237.374	441.480
489.581	3.748	246.766	440.707
456.546	5.282	281.586	441.624
459.890	7.144	281.936	445.554
456.075	8.288	280.219	442.194
444.488	8.440	293.232	441.200
435.170	3.785	296.876	444.828
420.864	0.530	293.965	451.496
416.164	0.000	289.876	450.955
408.926	0.000	273.221	456.617
400.647	2.441	222.755	450.157
402.305	3.319	216.165	450.671
386.071	5.326	225.621	452.623
373.770	2.253	238.670	461.477
362.342	9.144	248.960	451.612
350.198	6.121	254.642	452.368
340.297	8.344	259.381	448.443
327.155	10.738	259.954	442.246
317.521	6.217	268.906	451.417
301.021	5.299	285.444	454.507
293.801	4.628	291.790	448.716
294.123	2.710	247.163	439.016
341.316	85.541	248.859	363.044
379.241	114.604	207.829	328.323
347.625	122.196	231.415	314.828
368.959	123.283	216.254	316.363
355.984	121.096	231.559	316.936
354.128	120.476	235.031	318.706
357.190	122.197	233.390	316.601
356.518	117.613	237.708	322.808
365.433	118.501	227.100	320.685
361.110	113.671	232.566	325.975
368.658	111.799	224.584	325.359
369.894	112.392	224.063	325.785
373.239	107.916	221.708	330.790
373.898	105.561	221.733	331.823
377.443	104.174	218.065	332.665
376.177	96.515	220.937	339.403
376.556	96.501	218.075	341.084
383.338	93.557	214.605	345.007
376.150	90.133	222.040	348.930
376.598	97.254	224.079	340.066
375.828	89.815	225.101	348.914
375.065	92.805	225.807	345.369
372.658	89.049	228.924	350.996
370.735	93.742	230.294	347.280
368.654	94.107	231.897	346.973
366.762	95.518	232.733	351.659
367.612	92.988	230.743	354.578
370.538	98.956	227.469	350.699
369.238	97.384	227.596	352.657
372.419	104.134	222.387	349.215
387.667	104.093	204.681	350.564
395.937	101.500	194.461	351.510
401.955	103.283	188.056	350.008
403.781	103.612	184.423	350.410
404.423	101.647	182.288	351.655
402.292	104.263	182.692	346.304
400.091	102.445	181.145	343.294
398.187	101.458	182.279	349.680
399.694	98.693	180.002	348.797
398.800	96.591	180.986	354.304
398.041	92.620	180.437	355.840
396.745	88.732	179.310	362.098
398.169	86.091	175.461	363.258
400.340	84.201	173.113	362.353
404.790	81.504	167.937	360.047
407.833	77.495	172.022	359.896
408.024	71.629	177.730	363.711
408.426	73.536	182.445	361.965
408.549	72.360	185.052	363.017
406.739	73.369	191.137	362.257
413.729	73.965	189.636	363.154
421.598	73.628	186.782	364.753
425.461	76.344	180.841	365.851
427.640	77.329	179.487	362.601
429.159	77.101	182.273	361.958
431.187	79.006	184.581	362.168
432.719	79.164	185.150	360.506
431.891	80.008	188.253	361.041
432.509	76.447	188.161	363.222
432.950	78.341	192.208	360.419
430.672	76.822	196.021	361.569
431.933	76.119	199.307	358.384
431.501	75.529	200.793	360.015
432.854	76.119	201.264	354.158
434.701	73.628	201.974	359.635
440.343	73.323	198.626	364.256
442.409	69.554	200.136	368.899
439.355	69.299	209.347	370.530
440.893	70.880	211.418	365.548
425.211	69.539	227.304	367.589
434.653	66.660	225.151	372.911
431.118	65.943	225.820	372.756
450.043	67.478	211.108	373.876
449.880	65.990	210.008	374.703
450.001	65.085	208.642	375.784
448.660	61.393	210.354	380.818
447.960	58.218	216.889	386.668
447.868	59.788	214.738	383.595
449.462	51.101	208.962	393.290
447.868	53.852	212.691	389.961
445.751	32.905	221.261	409.724
446.258	32.462	225.863	408.438
446.132	34.593	231.869	408.079
444.875	36.036	238.641	408.831
445.029	44.724	228.178	398.768
438.115	47.525	222.982	397.258
435.250	58.544	197.159	386.692
439.356	74.299	199.792	376.457
440.658	80.912	203.841	373.269
447.330	83.961	201.380	370.354
443.385	89.169	206.546	359.576
419.793	92.311	218.353	352.385
458.725	102.756	206.143	347.751
422.071	106.146	230.947	345.477
457.737	100.893	213.980	357.109
418.805	116.406	233.921	335.405
421.350	123.846	235.764	336.369
644.710	21.967	233.046	405.205
432.116	122.237	227.671	331.696
405.732	128.216	251.088	333.169
427.776	122.756	228.276	335.987
683.750	18.792	183.479	392.391
436.418	110.552	228.206	340.132
692.729	9.322	185.338	408.806
441.311	86.784	211.393	370.123
700.406	2.811	186.475	418.689
702.129	5.938	191.527	419.922
702.618	15.670	195.557	409.422
392.396	89.468	238.087	359.572
400.733	89.582	185.775	370.124
699.582	15.721	197.490	417.215
393.101	116.751	176.996	347.817
394.684	113.111	168.544	344.615
400.460	123.870	175.853	334.872
398.176	120.889	195.430	341.161
397.092	126.054	190.189	331.350
395.461	125.046	196.874	337.282
393.015	123.979	203.463	334.072
387.647	122.211	207.830	336.457
381.538	122.207	215.055	337.227
373.316	120.907	222.351	338.710
364.058	120.537	234.413	338.570
358.149	117.350	237.576	337.303
351.456	113.897	243.793	346.841
343.991	111.286	250.596	345.624
338.937	109.196	248.182	349.140
332.875	106.658	253.051	352.693
329.381	102.803	257.178	355.980
327.982	103.136	258.507	352.661
325.632	102.172	261.208	353.278
323.740	103.455	258.168	352.419
326.249	104.095	253.789	346.767
325.211	105.480	252.210	345.923
322.432	107.704	253.296	347.720
345.798	106.320	228.484	348.723
337.475	108.571	231.797	344.746
358.201	111.121	213.126	342.179
360.695	110.909	207.070	343.469
361.906	112.666	207.699	345.320
362.132	111.500	204.935	340.750
361.698	114.609	203.314	337.947
363.229	113.671	204.227	335.771
365.189	111.613	203.147	337.877
362.648	110.005	205.309	340.294
364.437	107.979	203.838	345.504
362.230	105.699	204.688	347.682
367.242	103.296	200.175	351.631
363.416	101.215	203.503	350.177
376.916	97.192	189.107	357.068
372.537	96.041	192.781	351.206
370.540	89.872	196.598	357.768
369.125	83.670	199.917	368.393
362.292	84.338	207.727	369.280
356.022	85.970	219.856	369.393
348.217	76.190	223.004	377.968
336.073	82.446	225.640	369.476
337.884	85.203	215.950	362.092
335.147	75.363	216.517	370.072
334.584	68.251	202.093	374.780
333.497	63.866	188.550	377.860
333.199	58.589	184.319	377.680
340.112	47.155	172.548	390.536
341.086	66.434	173.254	369.439
339.942	81.766	191.525	366.237
339.402	76.363	195.153	366.403
341.047	77.285	200.489	378.035
335.448	65.242	235.897	382.377
543.285	14.471	234.720	411.485
491.860	13.843	283.585	433.564
554.750	6.810	231.301	448.283
563.544	11.963	220.671	448.959
558.719	6.230	223.370	448.087
556.357	11.203	224.799	440.419
552.544	10.329	228.844	436.784
549.817	16.697	231.333	433.583
546.908	15.163	234.599	437.728
555.711	16.067	226.665	431.984
557.598	16.647	224.295	433.889
561.742	16.499	220.606	429.214
568.944	15.451	211.802	430.180
549.239	15.820	233.613	424.958
470.842	26.834	202.182	418.991
335.986	83.817	258.320	368.887
573.909	23.689	199.928	426.036
574.003	11.395	210.255	439.144
576.439	23.969	208.955	422.262
556.344	22.593	226.086	423.129
546.034	18.735	233.328	432.633
541.996	21.114	238.050	425.738
540.434	23.446	240.305	425.006
541.290	25.034	239.449	422.616
538.404	6.313	248.122	435.004
533.504	8.376	255.443	445.056
536.713	9.757	254.470	444.688
535.840	14.144	253.935	441.345
525.154	17.411	264.844	442.285
533.648	15.672	249.225	442.737
534.809	14.350	243.484	443.729
538.670	14.199	236.403	441.319
539.157	12.993	233.466	445.831
526.760	8.664	243.990	454.274
521.779	5.806	247.584	456.913
522.950	6.278	245.900	456.441
524.370	8.155	244.808	453.502
531.305	5.491	240.449	455.106
554.590	9.795	221.232	458.575
571.464	14.130	209.111	454.590
580.061	12.883	206.359	454.468
589.271	10.580	207.519	456.460
590.937	7.109	217.979	454.548
591.201	3.542	227.956	442.314
601.063	2.729	232.392	436.904
600.744	3.520	240.099	439.464
601.984	1.598	243.624	441.693
605.355	2.225	247.265	437.271
607.038	3.104	248.447	438.126
605.723	4.044	250.780	432.812
608.772	5.045	247.200	430.681
612.038	5.639	242.023	429.279
612.745	6.166	239.624	430.109
613.258	6.107	243.316	428.990
612.700	5.434	250.763	429.422
613.878	5.490	251.495	433.078
615.055	4.599	253.854	433.970
616.996	2.985	248.754	436.919
616.868	1.750	248.658	441.956
618.763	0.544	245.374	439.973
619.066	1.447	248.048	441.431
620.174	0.000	245.575	439.496
621.676	1.447	244.202	437.122
621.709	2.653	244.692	433.680
626.204	3.220	243.378	430.827
628.099	3.813	241.009	431.650
630.886	4.699	239.280	432.390
636.161	4.109	234.310	434.818
642.379	4.912	230.108	433.393
651.154	5.510	220.862	437.459
654.968	3.149	217.570	444.251
658.023	5.272	215.471	439.243
662.656	6.121	210.962	438.180
663.682	3.591	206.912	441.013
670.618	8.277	203.041	439.749
671.261	4.514	205.607	434.531
674.743	9.211	204.795	434.015
677.614	6.589	205.371	432.864
680.893	7.566	205.045	439.169
686.417	9.224	207.302	432.589
686.959	8.089	210.053	436.142
688.684	7.110	211.378	434.505
689.970	6.739	212.184	436.691
690.917	7.020	214.809	438.501
689.022	8.809	217.475	440.126
687.614	8.705	217.919	439.465
686.502	9.113	219.218	438.460
688.627	8.404	217.297	435.829
686.356	9.543	218.116	440.894
678.562	10.225	224.044	443.710
673.438	10.434	228.261	445.313
666.710	7.216	233.015	454.494
662.559	7.860	235.262	448.897
656.203	6.845	237.964	451.145
654.248	4.603	238.543	455.529
646.819	4.808	240.650	454.254
643.811	3.711	243.653	454.297
640.167	3.238	246.743	456.458
636.332	5.361	250.733	450.739
636.035	4.439	254.714	449.754
634.416	2.894	261.311	450.876
633.184	2.877	260.093	449.608
632.607	3.823	257.603	451.641
630.968	0.720	246.429	454.584
632.012	0.869	237.676	457.791
631.745	1.340	222.743	455.196
630.084	1.312	221.598	457.408
626.345	1.465	219.167	462.478
617.281	3.863	221.657	458.319
609.887	4.178	225.690	456.740
610.902	4.651	213.399	459.220
609.464	4.969	209.983	457.395
607.410	4.969	209.366	462.649
603.902	6.928	208.881	457.890
603.578	4.811	205.407	465.143
604.365	5.817	198.647	466.408
605.435	5.674	194.594	466.407
603.676	5.674	191.838	466.619
600.042	4.229	193.350	465.743
601.861	4.229	189.791	465.323
602.320	3.229	186.754	468.342
605.609	2.748	183.040	471.585
609.051	4.582	180.686	470.546
605.527	4.744	186.515	464.314
606.798	3.774	184.821	466.532
598.672	3.069	192.947	468.291
606.432	3.100	184.052	466.872
597.609	4.665	193.534	466.060
597.330	3.746	192.851	463.921
588.256	1.784	201.566	467.465
590.714	0.177	200.456	469.564
592.228	0.000	197.863	469.315
590.204	2.425	200.183	467.103
589.058	1.143	201.396	469.237
590.010	0.661	198.466	469.293
591.314	2.585	197.032	467.582
590.174	2.452	198.905	465.423
590.706	0.822	197.387	467.008
588.987	1.785	199.106	463.932
590.540	0.000	194.737	466.898
590.738	0.000	193.988	467.746
590.338	0.335	194.388	464.661
589.715	1.132	195.387	465.766
586.613	0.973	196.889	464.868
586.578	1.450	196.356	464.602
584.073	2.084	199.295	462.070
585.426	2.401	196.772	467.688
581.837	4.872	201.324	456.374
582.425	3.191	198.173	458.658
583.893	3.506	195.723	457.716
582.544	3.355	198.333	454.641
584.044	3.003	195.133	453.814
581.611	2.198	195.885	457.745
580.524	3.938	197.012	450.818
580.990	3.899	195.824	455.210
582.062	5.090	192.227	452.293
580.204	4.729	193.635	451.217
579.997	5.507	192.674	452.690
577.929	4.885	195.992	450.653
577.523	3.322	196.239	455.696
576.608	3.627	194.241	454.432
576.605	3.988	192.960	451.562
575.845	3.166	191.824	458.330
575.579	0.968	194.824	456.415
574.003	1.592	195.915	456.466
569.361	1.435	198.015	459.120
566.709	0.963	201.218	461.896
566.246	1.132	203.505	463.233
564.125	3.064	206.552	460.554
563.711	2.904	206.513	461.552
563.767	3.542	205.549	461.965
562.738	2.585	205.762	463.343
561.796	2.904	206.051	463.868
561.003	3.382	207.351	466.998
561.550	3.899	205.103	466.832
561.457	4.380	204.626	466.991
561.457	4.860	202.634	465.872
560.224	7.021	201.908	462.056
555.136	7.109	205.751	460.976
551.759	6.631	202.087	458.536
540.404	7.268	202.209	456.864
533.921	5.141	201.514	462.848
529.495	5.993	204.327	459.174
526.918	4.494	201.774	462.278
527.970	4.018	198.516	461.489
531.280	3.389	193.433	463.553
522.342	2.748	201.600	467.133
524.031	3.382	198.332	471.287
507.099	5.570	216.136	466.658
499.102	6.840	222.440	461.341
494.973	7.320	224.294	465.102
491.976	8.203	226.337	466.187
488.723	9.327	228.855	466.563
476.535	8.778	239.126	465.936
473.553	8.029	240.743	468.409
470.190	9.731	238.912	466.004
478.802	10.895	230.501	462.730
463.685	8.685	242.471	468.925
457.452	7.468	246.549	470.435
447.205	7.142	254.559	471.195
447.011	7.944	258.443	471.301
439.836	7.621	262.754	470.742
429.385	6.889	273.434	474.410
428.118	8.823	273.139	475.115
412.151	8.014	288.633	476.600
408.595	5.632	294.244	478.061
395.251	6.190	305.100	477.552
397.311	3.117	298.883	479.092
385.452	5.891	316.678	479.061
381.631	2.572	316.185	484.605
370.594	4.062	317.649	487.067
360.044	0.915	320.076	494.625
353.050	0.000	316.307	495.540
344.886	0.745	315.423	498.107
340.423	0.755	298.841	494.826
340.216	2.396	300.458	493.270
331.033	6.586	306.725	493.666
324.389	7.836	311.742	492.348
316.098	7.460	323.079	491.486
308.268	6.536	331.291	497.742
295.911	5.183	342.199	498.594
284.702	0.000	345.562	505.705
281.849	10.426	353.765	500.877
272.579	6.791	365.097	506.788
268.617	13.141	368.317	500.540
256.400	16.769	379.574	495.885
246.270	8.362	378.435	506.419
188.631	3.848	326.670	509.918
215.987	29.703	414.429	473.930
171.708	0.000	268.919	519.193
340.562	44.329	306.981	453.246
386.461	48.513	250.520	422.197
389.165	39.681	241.653	425.407
390.984	46.230	242.752	412.127
392.675	43.875	238.005	413.966
394.148	43.875	237.311	414.742
395.780	47.574	236.244	411.043
395.972	48.277	234.662	409.952
393.473	50.204	238.316	408.704
394.006	49.001	237.590	408.289
391.585	49.322	239.894	411.749
390.539	48.558	238.547	410.448
389.156	48.978	238.804	409.639
387.390	52.992	238.801	406.207
386.977	52.107	239.643	404.422
387.390	51.179	236.692	406.576
385.781	51.457	237.559	406.490
386.369	51.827	236.162	401.485
386.633	52.426	234.356	402.655
386.633	53.390	233.414	400.931
384.579	53.279	234.305	403.469
382.969	53.939	234.877	400.572
384.372	52.702	233.792	401.429
385.066	56.108	231.889	399.491
385.035	52.803	234.718	401.949
385.264	54.076	233.279	401.577
384.592	54.060	234.092	401.818
384.457	53.921	234.932	401.394
386.468	54.895	233.348	403.436
387.663	56.137	231.868	400.306
382.884	58.600	235.729	400.683
382.152	61.629	235.972	397.960
379.917	62.554	239.891	397.041
379.510	63.918	240.003	396.620
381.391	63.238	239.489	397.293
382.697	67.426	238.266	391.982
385.967	69.946	233.786	390.773
386.258	70.988	232.173	390.282
385.465	72.448	233.537	388.637
387.537	69.897	229.291	391.549
387.966	72.316	229.898	389.901
392.012	70.441	225.452	390.822
393.943	69.642	224.345	392.760
395.882	67.883	220.208	392.128
395.168	65.897	224.190	394.203
394.724	66.174	224.280	393.472
394.724	64.955	224.011	393.396
398.300	65.282	220.839	395.589
392.778	67.385	229.113	393.935
393.744	68.322	227.958	393.932
397.999	66.039	222.603	395.841
407.548	65.091	207.992	395.856
418.499	62.715	195.823	398.276
426.239	62.071	187.517	393.416
432.391	63.643	180.248	387.678
431.133	51.498	179.969	394.427
428.379	52.444	182.242	389.783
423.865	54.708	189.206	394.944
420.686	64.632	192.413	387.319
422.281	67.897	189.545	390.695
422.504	68.330	195.264	393.459
427.575	61.886	195.566	399.926
432.846	73.897	198.042	386.510
432.281	79.030	214.988	375.782
435.767	77.582	220.655	379.012
441.316	79.154	224.729	377.491
437.670	75.396	234.004	389.263
448.869	76.588	225.547	387.433
464.555	81.300	215.749	383.047
475.005	84.232	207.117	380.042
491.260	85.452	191.863	373.546
498.692	81.459	193.830	373.421
498.696	79.107	196.402	372.225
495.235	79.520	205.584	365.200
492.102	73.763	213.914	373.181
502.536	78.010	206.822	373.732
508.781	75.232	207.256	372.780
513.914	72.331	205.572	374.538
507.838	65.521	211.641	386.690
516.828	70.068	206.770	379.249
527.160	73.231	198.199	379.949
531.826	71.815	196.810	389.617
528.113	64.674	201.705	401.791
538.053	58.272	193.222	417.275
522.413	51.914	212.636	409.362
542.238	49.000	199.184	409.644
540.134	55.266	214.383	385.712
562.784	60.659	203.113	378.807
559.609	57.028	210.732	385.360
566.566	54.186	208.360	391.190
574.777	55.974	201.296	388.204
580.392	61.701	196.506	383.452
571.843	58.949	204.188	382.866
564.156	54.768	223.203	387.314
553.578	62.202	229.313	378.269
552.184	56.482	229.033	384.496
553.048	61.377	228.615	383.433
554.716	60.611	225.926	381.264
560.562	52.321	217.034	393.034
565.563	54.568	213.399	391.229
567.100	55.826	212.740	389.165
567.164	49.856	212.958	394.952
570.704	52.975	210.424	394.308
579.260	50.819	207.224	393.625
583.778	51.166	203.193	389.742
589.144	50.298	198.400	394.951
575.783	49.490	209.903	392.283
584.740	49.823	198.108	393.134
590.487	51.770	195.055	390.003
600.273	58.330	184.144	386.834
588.384	59.628	194.097	380.925
564.897	58.634	216.455	383.560
574.524	64.432	204.763	378.378
568.977	70.068	211.351	375.894
548.774	67.003	230.228	382.417
564.940	72.968	211.677	370.541
589.829	78.660	189.182	365.691
578.699	68.691	195.103	383.814
562.085	65.521	212.711	379.821
545.198	62.775	229.668	381.038
542.146	58.225	234.415	387.994
527.708	53.031	240.351	388.860
525.113	53.706	240.273	389.838
523.802	51.011	237.885	397.753
522.539	46.931	238.427	402.980
521.256	50.335	236.727	398.529
519.733	45.522	233.966	406.840
517.573	46.779	234.645	408.413
516.094	46.544	235.964	415.117
513.724	44.019	238.043	417.328
514.019	43.012	237.320	416.967
516.220	44.449	233.060	414.362
521.659	45.843	226.056	410.548
525.887	42.962	222.305	415.327
527.297	45.098	222.358	413.770
532.026	46.368	217.113	412.306
536.263	44.529	209.880	416.780
531.643	45.887	214.924	414.574
527.343	44.335	218.861	415.001
522.976	45.398	221.393	412.664
524.710	45.012	218.208	415.757
519.867	46.552	222.280	416.380
523.253	46.426	217.682	413.147
512.333	47.092	226.244	413.285
517.573	46.111	221.420	411.069
516.353	39.933	223.620	422.628
519.885	40.004	222.413	422.438
522.455	83.247	225.382	384.783
462.267	52.317	236.315	412.351
490.267	87.946	233.547	369.523
530.024	61.302	227.204	401.396
462.109	34.764	281.532	418.941
452.195	56.789	298.899	404.532
442.193	34.674	295.312	441.137
426.791	46.814	299.457	452.385
416.015	21.310	305.046	474.769
395.663	31.262	344.026	443.777
389.894	29.607	361.027	450.780
389.306	34.177	384.877	457.592
384.326	50.809	375.143	449.717
402.146	54.494	331.664	435.002
378.952	37.360	253.215	434.530
411.822	46.752	236.975	412.238
398.913	53.080	202.261	416.789
424.510	15.674	218.222	444.628
436.426	34.224	225.318	424.291
435.171	51.965	207.601	424.204
418.196	45.073	200.304	429.651
424.347	50.844	187.191	412.911
434.124	37.875	177.736	430.400
432.807	35.169	189.563	440.218
404.972	69.020	210.071	398.038
403.589	123.668	197.832	331.169
391.683	49.585	230.748	399.117
414.285	29.130	187.520	419.955
408.037	69.771	189.432	377.966
378.094	72.640	218.550	377.591
398.106	78.218	204.494	370.478
388.281	85.974	204.821	358.215
400.178	86.447	195.015	360.996
397.271	90.813	192.771	355.628
395.873	91.368	193.239	353.400
387.299	92.841	202.279	346.455
379.084	95.923	210.626	345.666
368.291	91.654	222.310	351.346
360.670	93.988	230.665	349.556
358.515	94.814	232.671	347.273
357.634	94.814	234.910	347.778
355.544	93.397	237.297	351.563
355.646	89.993	240.241	357.778
353.675	90.317	243.872	356.074
354.892	89.827	245.469	356.564
354.176	89.116	245.297	355.730
352.270	88.389	250.758	359.230
353.598	85.247	251.692	364.978
353.788	85.855	252.342	364.067
358.078	84.375	254.487	363.430
359.243	84.375	254.274	363.254
360.034	85.363	257.645	360.690
363.657	84.623	259.260	357.787
366.222	86.551	261.490	357.735
367.620	87.565	267.399	356.400
371.147	88.590	270.289	358.198
371.671	90.417	278.697	356.286
374.140	91.857	278.734	356.253
377.232	92.810	280.975	356.184
381.988	94.915	281.865	355.991
391.164	98.677	282.621	352.406
394.025	102.157	287.487	350.315
400.411	106.399	287.542	346.635
404.246	111.863	285.677	341.328
409.264	114.303	282.230	340.582
415.007	119.147	281.452	335.033
417.390	121.001	280.012	334.495
419.596	121.001	278.369	332.832
423.231	118.732	275.482	335.599
428.674	116.941	276.423	336.789
434.564	111.849	269.958	339.225
436.675	109.265	271.253	338.582
441.176	105.759	269.790	342.255
445.791	102.511	264.893	344.632
449.518	97.994	263.093	348.668
447.091	95.650	267.968	349.109
445.550	94.450	272.196	347.259
442.311	92.516	280.291	352.718
439.906	91.618	283.943	355.436
437.889	91.060	287.646	352.336
435.600	91.160	291.661	352.157
438.963	89.187	284.376	358.697
441.053	91.349	286.982	356.358
447.112	94.419	281.978	354.712
455.329	96.807	275.355	353.745
474.487	101.925	261.019	349.495
484.268	106.255	251.517	344.449
496.873	107.938	243.070	344.609
507.590	109.798	243.202	340.280
520.112	113.913	223.315	335.834
529.529	113.969	217.524	335.117
534.865	117.710	210.236	330.548
539.447	117.298	209.457	332.074
540.320	116.274	212.831	332.304
542.555	115.474	214.155	332.630
546.168	112.181	216.236	334.370
542.094	109.868	223.677	333.827
543.005	109.211	224.885	332.071
543.015	105.768	225.828	334.716
546.775	104.614	221.475	338.753
551.355	101.948	218.857	341.092
550.647	99.712	218.768	346.116
549.353	98.762	221.061	347.892
550.043	94.712	221.930	347.422
548.459	95.288	223.408	349.770
548.438	93.377	225.131	348.068
546.982	91.236	226.801	351.471
547.439	89.190	227.648	352.225
549.673	91.745	223.801	347.264
551.049	91.516	223.283	347.839
552.011	92.797	221.259	346.751
550.707	96.890	223.771	342.797
550.806	97.354	220.572	343.873
553.003	98.726	217.755	340.775
552.832	98.625	218.976	340.791
554.662	101.929	219.019	337.946
549.343	100.613	220.917	341.078
546.295	99.712	221.596	341.864
546.713	99.934	220.353	344.430
547.081	98.762	219.789	344.769
547.295	94.371	221.817	349.495
551.997	94.225	219.495	350.664
552.801	90.596	219.566	353.105
551.465	91.958	222.237	352.258
550.192	88.682	224.826	355.870
551.254	85.372	223.000	360.268
550.990	85.123	225.415	360.687
553.121	84.065	223.888	359.029
552.452	84.654	224.448	359.787
552.756	80.070	223.853	364.911
554.828	78.420	224.751	365.359
555.410	77.084	226.926	366.706
556.234	76.325	228.324	366.772
557.901	75.290	228.784	367.638
558.976	72.380	231.294	370.548
556.528	67.201	232.674	377.135
555.968	62.940	233.621	381.102
556.955	58.099	230.621	383.087
558.190	55.483	229.387	385.127
554.997	53.340	232.447	387.632
551.851	49.041	234.520	391.563
554.620	47.229	231.436	394.497
555.867	46.555	227.164	393.491
559.360	46.283	221.615	392.726
559.184	41.292	219.970	398.383
561.260	51.769	216.004	386.864
561.107	50.462	213.490	390.113
560.957	55.368	212.599	385.020
558.976	59.499	211.763	381.590
556.443	60.571	214.969	381.924
549.026	64.578	218.735	379.714
544.595	67.859	220.950	377.611
540.027	69.679	225.434	376.425
533.613	71.740	229.354	374.719
529.006	73.693	232.960	374.935
520.759	77.751	237.819	371.233
516.039	78.730	241.143	372.655
512.279	80.363	242.387	369.558
507.794	82.632	245.841	367.467
507.347	79.218	246.495	369.467
498.024	88.292	252.715	361.276
497.139	83.734	256.617	365.095
492.346	87.907	258.715	359.063
490.525	89.133	259.207	357.490
489.047	89.976	262.325	358.532
483.682	91.316	264.315	354.959
482.110	91.075	264.892	352.606
482.785	91.880	265.370	354.348
481.089	92.993	264.338	350.859
480.875	93.292	263.173	352.761
480.058	90.304	262.053	355.137
479.874	91.797	262.522	352.228
478.057	93.058	262.224	353.870
477.131	91.534	265.250	354.591
477.887	92.037	262.474	352.160
477.337	90.464	262.615	355.230
477.601	91.797	264.282	352.228
478.029	91.323	265.400	351.708
475.603	94.227	269.247	349.219
476.312	94.417	265.743	348.748
477.626	94.831	262.821	349.920
474.462	96.404	270.012	345.551
474.744	98.840	268.215	341.589
474.291	99.420	270.769	343.215
474.369	99.427	269.106	342.787
475.484	99.427	270.458	342.956
475.598	101.972	268.739	337.891
476.998	101.307	268.295	341.848
475.988	102.192	271.653	341.311
474.721	103.534	269.760	340.668
474.633	99.701	272.046	346.428
473.999	102.316	267.545	343.081
474.497	101.576	269.081	343.627
470.984	102.201	276.140	338.499
469.123	103.114	275.791	337.418
465.505	103.701	279.962	338.875
467.054	102.996	270.717	341.939
466.330	102.761	273.066	341.290
463.525	104.202	279.005	340.468
462.466	104.857	275.651	341.235
458.028	104.582	287.707	342.505
458.520	105.097	284.157	340.848
456.745	105.695	290.050	343.286
452.265	106.205	293.156	341.607
450.642	107.452	292.133	341.404
444.689	108.094	301.655	340.625
446.135	106.292	300.986	343.226
444.578	107.453	301.745	342.579
442.603	110.202	302.448	340.517
445.729	110.741	298.657	340.929
444.471	110.876	302.799	340.643
448.693	111.252	295.890	341.347
446.846	109.499	299.319	341.566
448.928	112.271	294.603	337.786
448.774	112.001	295.214	337.403
448.774	110.648	294.746	338.983
449.600	108.436	293.535	340.511
450.061	106.205	292.687	344.115
450.483	109.318	288.347	340.236
451.187	105.169	294.138	346.306
447.363	104.541	293.512	344.083
445.188	104.324	298.948	346.274
442.802	104.179	299.257	346.540
440.899	103.706	304.465	347.186
435.965	100.887	309.077	349.102
431.692	104.678	314.784	345.450
430.761	102.068	313.096	349.173
427.720	105.061	314.537	346.816
427.512	101.667	318.215	348.504
425.169	105.518	318.835	345.476
425.874	103.253	318.551	347.182
426.038	103.428	318.813	346.541
425.379	103.428	320.331	345.844
427.673	104.998	315.471	343.349
428.311	100.647	319.996	347.628
429.824	105.172	313.320	342.486
432.348	105.226	309.932	344.733
434.453	105.571	308.031	342.074
436.743	106.432	312.405	339.614
438.259	105.226	305.940	338.343
439.858	105.179	304.649	337.439
441.526	105.630	298.260	340.249
442.936	102.219	296.461	342.891
446.346	102.672	284.795	343.034
446.755	100.291	293.788	343.881
449.826	97.277	279.471	349.935
453.044	97.221	271.546	347.444
452.974	90.551	271.252	355.746
457.925	90.658	265.732	354.645
458.648	87.907	264.339	356.808
460.481	85.678	263.373	359.556
464.046	86.656	261.260	356.972
464.477	85.855	261.591	359.849
466.328	85.435	260.456	360.647
471.920	86.899	258.321	359.184
476.410	82.960	256.997	362.734
488.296	87.269	247.305	358.783
497.501	82.457	239.500	362.389
505.113	83.066	233.145	360.447
512.880	80.957	227.930	364.401
516.626	80.710	224.778	363.428
522.514	77.140	219.658	366.810
526.238	77.886	215.846	366.243
528.963	74.918	213.806	369.524
530.698	72.080	212.693	373.451
531.729	71.179	212.901	376.821
533.514	65.546	211.776	381.746
530.880	67.239	216.465	381.030
530.539	65.882	216.251	381.467
529.304	65.087	216.499	381.196
527.276	64.495	217.917	381.627
521.671	64.136	223.704	384.962
517.637	62.537	227.785	385.800
513.203	63.429	232.456	384.616
508.347	65.128	236.614	382.552
504.046	66.534	239.511	382.114
497.221	70.157	244.764	379.220
494.027	74.415	246.461	374.348
487.571	76.410	252.345	373.206
484.672	77.173	254.563	372.085
481.436	77.402	257.369	371.869
471.251	82.395	264.888	368.901
465.291	76.851	270.104	376.602
461.723	82.847	272.098	368.827
455.688	79.727	278.629	370.477
451.629	82.847	280.343	367.551
447.649	79.983	281.314	370.042
445.802	83.093	281.769	367.669
442.825	78.441	283.219	371.584
442.478	82.106	284.159	369.203
444.456	82.847	279.999	368.097
444.511	78.183	276.117	371.127
442.846	82.514	277.809	365.957
444.729	79.452	276.106	369.550
445.626	82.027	276.275	365.718
445.924	79.199	273.507	368.729
447.998	81.047	274.619	366.335
452.565	79.199	270.132	368.729
455.184	79.705	265.708	368.223
457.206	80.176	264.383	364.289
461.976	80.176	259.787	363.402
473.698	83.403	248.714	360.708
490.152	84.809	231.788	358.463
495.950	88.689	227.713	353.892
501.827	88.946	220.946	351.131
505.532	94.072	218.283	345.933
506.118	89.077	220.267	360.464
495.829	96.368	231.555	352.288
502.538	88.510	221.428	358.331
505.120	87.852	220.915	358.059
502.163	96.609	223.265	349.546
506.965	125.881	211.568	318.721
504.725	114.391	212.681	329.627
503.408	119.688	217.681	328.563
467.905	117.481	251.263	334.547
431.414	95.623	287.587	353.184
429.677	107.027	290.949	361.214
430.912	26.434	295.129	443.031
434.872	89.049	295.422	378.564
424.195	39.452	306.263	424.140
434.684	47.783	304.357	419.794
439.999	38.020	303.891	418.964
440.875	59.926	301.084	395.918
444.901	17.435	300.313	439.922
438.301	24.498	297.320	424.352
434.264	25.049	278.578	427.440
435.217	59.180	294.943	393.414
427.901	17.903	302.543	439.899
414.033	41.131	281.280	411.490
421.258	33.749	305.025	428.393
405.367	54.641	316.006	405.214
416.088	43.518	307.735	419.536
398.060	26.946	314.385	434.087
404.791	45.296	319.023	413.654
393.545	32.800	323.651	425.519
398.517	45.832	322.285	412.489
393.449	53.775	329.737	409.242
385.733	44.121	320.510	418.272
383.687	38.709	341.079	421.007
389.652	39.181	334.410	418.596
389.054	35.480	327.987	421.467
389.439	39.259	324.869	414.466
405.318	58.853	313.754	399.567
403.391	45.173	311.548	402.185
413.493	54.267	301.672	391.096
423.232	57.497	299.304	390.239
415.416	40.104	307.808	408.072
427.371	69.963	294.731	379.076
422.191	89.668	307.882	357.084
456.903	111.680	277.022	336.662
486.330	102.508	242.312	343.079
536.208	107.364	186.942	341.698
524.378	104.290	196.272	343.194
515.357	98.089	202.122	352.925
510.298	101.177	203.006	339.306
513.293	98.737	206.957	337.715
520.539	97.009	195.797	335.221
526.430	98.739	188.649	333.038
526.157	96.246	191.311	337.500
527.572	95.654	196.805	340.603
531.547	93.622	192.201	340.766
537.125	82.679	190.965	352.450
540.108	78.719	190.044	353.736
542.435	72.176	190.071	363.087
543.688	67.753	191.253	366.953
545.877	61.857	192.297	372.836
546.424	50.213	204.892	379.325
547.714	46.608	211.027	384.430
545.849	42.083	220.171	380.068
543.978	34.906	230.790	387.450
544.380	32.411	235.366	390.848
538.216	25.848	248.918	395.727
537.591	21.358	251.023	401.714
531.990	20.737	255.477	403.500
528.747	19.447	262.188	407.133
526.143	19.645	261.340	408.151
527.343	12.270	254.352	415.526
527.632	14.471	241.515	413.774
531.089	15.269	228.446	413.464
533.623	16.484	216.164	413.529
537.728	15.430	207.947	413.934
544.226	12.616	200.964	415.379
548.629	9.881	207.865	422.828
554.059	10.557	205.038	422.389
555.086	7.585	205.807	426.534
560.587	8.762	204.285	425.357
566.864	7.346	200.739	422.687
571.152	3.157	197.173	428.772
575.705	2.860	192.376	430.437
578.000	3.157	189.686	430.727
581.380	4.342	186.201	427.392
591.422	3.568	175.990	426.612
597.054	4.862	171.746	422.567
599.881	3.951	168.674	420.731
599.458	5.203	169.350	419.445
599.634	5.872	168.534	418.620
599.941	8.881	175.638	411.312
600.574	8.454	176.316	414.349
602.141	7.376	175.102	411.399
602.279	4.091	174.287	415.792
602.557	5.772	172.069	413.392
600.751	5.630	169.409	412.411
598.400	6.819	169.448	413.171
596.224	6.676	170.311	413.313
593.932	7.023	172.352	410.950
589.984	7.813	176.840	413.295
586.183	7.682	181.351	410.782
582.493	9.240	185.046	412.413
577.412	11.450	190.395	412.553
571.792	12.266	191.986	411.485
566.041	13.397	197.312	411.299
559.915	11.520	202.152	414.292
557.462	14.993	203.663	411.704
551.217	15.223	208.217	411.941
547.543	16.360	205.386	412.134
542.187	15.508	206.060	413.367
537.125	18.334	203.371	409.780
529.462	18.231	195.083	407.066
525.795	17.157	190.209	410.054
519.139	16.734	189.215	410.289
513.947	14.752	183.418	412.648
508.159	18.942	184.526	410.597
491.263	19.006	198.184	415.959
490.582	25.166	195.459	402.541
481.772	20.604	203.144	406.665
483.462	24.195	198.947	405.143
480.554	21.216	201.503	408.515
478.757	22.691	199.654	407.765
475.352	24.007	196.977	405.470
475.783	28.298	195.081	403.298
472.244	26.066	198.387	409.785
465.239	27.131	189.074	408.989
457.566	23.653	200.701	415.202
448.901	20.310	194.716	410.043
447.897	29.559	189.172	401.228
432.467	25.794	208.731	403.195
441.150	44.328	193.923	392.108
440.584	34.724	186.350	404.793
442.748	38.794	178.685	396.637
436.904	41.929	183.540	393.107
418.327	39.755	197.896	399.954
384.198	27.364	189.729	407.901
375.769	33.029	196.031	415.842
363.863	30.639	209.968	416.107
350.296	28.108	211.904	413.912
337.851	26.684	201.108	413.635
343.415	28.339	206.414	412.464
339.103	27.006	186.488	412.663
343.107	28.937	189.509	408.788
337.664	30.617	184.729	403.476
332.533	28.042	171.121	403.012
325.569	30.897	148.301	396.392
318.578	30.746	128.266	400.629
314.990	25.890	134.218	406.456
309.397	27.579	137.282	402.349
298.240	25.955	146.715	407.048
284.637	27.582	149.867	403.628
255.078	27.914	179.295	401.729
245.807	28.972	192.676	394.083
230.114	30.375	204.568	392.038
216.047	31.242	216.851	394.182
201.543	33.347	228.820	395.857
186.060	33.716	239.083	398.245
181.006	32.715	237.227	403.413
177.845	34.099	235.892	406.331
176.451	33.960	232.685	408.778
175.403	32.704	230.430	416.662
177.803	32.603	223.675	416.082
179.705	33.242	220.995	415.529
181.039	32.777	219.785	415.293
186.773	28.166	211.504	419.710
181.912	24.593	210.980	420.384
181.109	24.159	201.600	420.696
179.680	21.626	199.411	421.375
178.152	20.839	194.599	421.965
175.348	17.516	184.812	423.429
172.148	18.347	182.383	417.104
169.621	16.843	170.499	422.913
168.919	15.812	170.132	425.472
167.559	15.233	168.388	430.738
167.898	15.568	166.040	429.181
164.741	14.460	168.517	428.570
158.261	13.685	172.958	429.492
153.660	14.483	174.540	433.812
148.704	13.636	177.324	436.282
144.112	14.226	179.085	437.198
138.128	15.744	186.704	436.608
127.455	16.094	199.094	441.327
120.666	16.211	202.288	440.259
113.801	16.009	208.100	439.859
106.192	13.419	214.771	441.928
97.533	11.402	221.487	444.825
85.262	9.041	227.859	447.937
78.502	7.852	227.855	448.523
71.962	7.544	229.112	449.247
63.272	8.243	234.857	446.429
56.150	9.479	238.009	446.848
43.029	8.089	242.716	450.318
35.434	9.451	245.225	450.669
30.982	10.672	241.018	452.213
23.579	11.249	245.913	447.245
19.190	5.454	242.870	457.583
24.432	5.856	235.080	462.218
29.560	5.512	230.131	462.608
33.072	5.454	231.888	460.714
39.815	7.368	228.171	460.540
44.621	8.427	224.613	458.688
54.259	2.965	216.416	468.180
53.046	5.970	219.492	466.658
55.553	0.839	221.617	469.669
57.849	3.744	222.315	464.370
62.204	4.063	223.254	462.771
65.523	3.424	224.511	464.049
68.095	2.025	221.630	465.724
68.757	3.100	223.064	464.967
69.048	1.594	224.509	466.314
68.568	1.594	227.685	466.950
70.824	1.594	227.402	468.228
69.871	1.175	231.842	469.632
73.211	1.333	229.523	470.606
76.210	1.982	227.952	470.282
74.308	2.264	231.478	469.500
75.247	1.394	232.671	470.371
77.217	1.333	231.810	470.606
76.947	0.899	232.080	471.040
76.898	1.550	232.475	470.552
75.395	2.199	233.703	470.391
69.083	2.415	241.120	470.175
61.644	0.031	247.850	477.696
57.883	1.196	251.983	473.782
58.127	0.000	253.729	475.960
58.293	3.631	256.464	467.454
58.957	2.991	264.871	467.217
53.921	3.151	268.938	465.091
53.002	1.705	266.768	467.409
58.952	1.361	257.036	472.813
62.486	3.173	253.676	471.968
70.885	4.157	233.805	458.865
68.460	4.965	228.269	468.975
65.655	4.589	219.798	473.066
67.798	2.337	203.045	482.458
47.970	3.697	222.835	484.229
7.638	9.854	263.170	483.798
9.860	9.549	258.141	494.522
9.303	14.838	257.671	490.300
9.241	10.587	251.660	491.965
6.431	13.844	256.789	486.692
7.956	16.804	243.914	471.624
18.180	19.877	239.295	469.387
12.603	13.064	261.263	481.294
23.887	7.297	268.250	496.671
0.000	0.000	249.381	488.548
0.000	9.016	242.077	507.968
0.000	10.240	210.880	505.758
0.000	30.530	197.184	496.445
0.000	13.208	166.358	511.055
0.000	13.345	171.230	510.105
0.000	17.210	180.984	523.026
0.000	13.100	161.331	515.729
0.378	14.431	131.538	529.860
0.000	18.370	118.991	527.290
0.000	25.212	111.904	519.700
0.000	41.713	114.540	497.948
0.000	61.964	103.864	475.819
0.000	103.639	90.496	431.402
0.000	132.962	89.705	408.418
0.000	124.683	104.017	396.217
255.192	58.411	194.157	428.920
242.366	43.985	228.101	440.857
254.175	24.490	271.911	454.722
267.613	26.118	219.338	484.579
266.025	19.965	238.805	476.379
268.510	21.519	239.503	457.125
271.473	21.464	235.259	461.517
271.473	24.177	220.429	473.498
271.805	18.228	224.675	470.152
272.188	38.085	219.836	437.316
272.637	30.000	216.117	448.399
286.850	38.731	200.562	441.822
0.000	45.873	107.963	495.610
0.000	44.955	98.425	505.830
0.000	24.827	95.847	511.434
0.000	48.025	93.985	501.061
0.000	0.000	78.959	548.807
0.000	22.261	84.525	519.024
0.000	14.518	83.208	535.913
0.000	0.000	86.059	538.461
0.000	15.357	84.380	524.882
0.000	8.728	84.691	543.487
0.000	18.120	90.865	526.913
0.000	12.080	97.643	504.867
0.000	20.279	110.681	509.642
1.998	41.217	111.676	494.674
0.000	38.753	107.179	481.415
1.090	40.307	112.990	468.627
2.889	44.731	109.221	462.091
0.278	108.962	92.940	406.428
0.000	116.208	81.843	421.068
0.000	125.158	78.840	431.120
0.000	134.352	77.094	421.046
0.000	136.438	75.837	422.820
0.000	137.761	75.899	419.494
0.471	130.542	78.073	430.447
0.000	149.698	87.421	409.569
0.000	139.995	87.940	421.239
0.000	141.118	92.150	423.120
0.009	137.079	95.827	423.865
2.429	112.451	93.068	440.688
0.000	42.619	94.926	512.474
1.039	7.787	104.150	538.429
0.000	24.275	121.206	522.920
0.912	34.022	123.919	531.430
2.220	20.426	129.870	553.596
1.451	32.553	143.532	532.953
4.481	37.381	153.938	503.238
3.921	40.898	165.030	507.868
5.812	34.897	180.879	513.718
8.216	29.851	200.976	525.582
4.898	21.908	220.470	529.614
2.824	14.621	243.149	545.487
5.950	12.993	245.802	547.326
6.678	10.369	241.118	546.952
14.338	2.537	245.742	555.032
17.486	0.000	240.169	550.342
29.179	2.297	228.863	542.887
43.460	2.612	225.705	546.898
45.873	3.987	245.769	529.659
52.677	0.000	255.468	532.567
66.192	0.000	285.919	537.748
69.290	0.000	298.047	542.216
76.390	0.000	292.470	535.182
84.167	0.000	287.248	529.735
95.626	0.000	268.317	529.970
109.491	3.170	239.410	526.477
108.723	13.641	231.721	517.060
108.468	12.929	222.767	514.515
112.560	14.733	212.821	498.694
118.817	13.740	196.060	500.067
130.349	12.090	176.115	500.937
134.942	0.000	167.809	520.456
135.961	0.000	167.543	518.689
131.095	7.058	186.783	515.815
127.338	15.687	203.518	503.311
189.159	16.375	228.903	473.082
170.103	17.838	193.758	451.951
206.591	26.333	235.473	451.765
132.585	26.363	207.442	456.749
154.723	62.187	181.711	422.405
164.465	55.006	213.075	434.606
176.326	52.624	245.060	444.877
177.032	62.065	233.058	434.024
177.034	74.273	240.068	423.626
172.749	77.997	241.768	421.679
160.143	46.862	209.565	451.693
165.018	40.583	215.752	453.934
174.616	41.179	219.174	460.468
172.527	25.523	248.753	480.327
170.412	24.659	249.089	472.098
174.673	20.794	260.834	482.675
173.055	32.161	248.316	467.475
174.145	26.867	235.644	471.341
173.670	15.616	232.639	489.201
172.950	8.080	235.547	493.939
174.766	27.885	229.869	473.311
184.877	41.138	214.762	452.975
189.975	35.926	210.982	458.173
179.819	12.518	230.704	484.699
182.304	23.055	247.904	474.392
169.309	9.458	295.433	486.796
148.389	6.444	336.288	495.477
144.779	0.416	354.071	500.251
136.111	3.896	376.446	508.334
134.400	1.238	380.422	511.913
129.110	1.585	390.226	513.817
126.548	0.196	396.364	515.460
126.414	2.036	369.792	513.797
124.146	2.624	361.206	511.776
122.360	4.050	344.657	513.151
118.704	2.916	319.602	510.028
114.812	2.777	309.859	513.003
106.488	1.757	303.286	514.424
98.290	0.783	304.873	520.194
90.671	0.000	302.915	518.043
84.877	0.000	305.915	513.905
71.614	0.295	313.852	511.874
65.612	0.000	315.637	508.748
60.014	5.072	294.499	499.646
55.722	0.580	291.588	503.714
53.968	3.705	289.075	501.764
51.187	0.447	273.701	507.050
52.886	3.033	289.370	503.823
53.576	4.974	284.931	503.941
52.666	3.764	274.626	503.733
51.027	3.719	274.500	500.544
49.132	3.033	265.142	501.466
51.693	0.943	266.638	505.002
48.765	0.000	263.141	499.594
47.728	0.000	262.908	496.920
46.068	0.000	266.284	497.617
45.937	0.000	267.442	496.456
45.656	0.000	267.749	495.530
43.943	0.000	270.050	493.455
43.607	0.000	270.386	494.376
43.485	0.000	269.920	494.376
43.607	0.000	268.548	495.299
43.729	0.000	268.095	496.225
43.729	0.000	266.577	497.849
42.376	0.000	266.724	497.384
36.137	0.000	273.255	496.456
30.262	0.000	277.336	497.867
24.939	0.000	282.120	494.865
17.438	1.778	286.215	492.586
17.182	1.106	286.619	495.127
20.665	0.000	287.835	497.406
25.222	0.000	282.304	494.933
33.902	0.000	278.575	496.233
41.027	4.778	273.698	489.819
48.958	0.436	267.643	495.349
59.686	1.447	262.692	491.549
75.769	0.000	252.920	492.536
82.509	0.000	250.484	487.216
87.616	2.420	249.517	476.456
92.129	2.558	246.071	478.898
97.741	0.000	241.172	481.235
102.475	0.000	235.942	483.310
103.873	4.157	236.575	475.979
108.238	5.182	236.920	473.591
109.432	6.817	238.729	470.434
117.371	6.491	233.977	471.847
118.125	6.098	234.962	478.465
119.911	6.980	240.359	474.198
120.389	6.817	249.000	472.174
122.168	7.459	250.159	473.332
121.155	7.298	254.534	473.051
120.249	5.022	258.852	474.443
121.378	3.547	263.147	476.360
121.243	6.151	258.841	474.519
120.902	3.587	234.272	477.933
118.623	4.529	201.480	474.411
123.263	9.677	206.286	468.700
125.247	11.755	199.586	468.337
123.210	17.513	196.374	459.119
124.262	13.143	190.294	463.649
123.832	9.153	187.615	465.608
121.865	8.669	196.668	473.563
120.653	9.172	195.644	475.960
116.910	11.124	193.504	466.770
113.806	8.108	197.288	467.052
112.184	8.941	195.792	466.890
106.038	9.241	202.151	466.970
105.506	7.181	202.919	471.215
101.250	11.914	210.171	463.480
98.898	12.391	212.185	459.205
97.134	13.499	213.547	454.129
96.052	14.608	212.513	454.678
94.514	13.048	214.473	455.819
93.756	10.846	215.051	456.769
93.603	12.264	215.559	453.481
92.497	12.107	214.887	453.638
94.019	12.892	218.089	451.819
97.325	12.421	216.137	453.739
96.494	13.517	222.674	449.956
99.011	13.329	220.935	450.026
103.377	14.556	223.475	448.173
109.414	16.687	221.121	442.932
115.519	15.382	219.160	446.892
121.563	14.919	220.070	445.888
127.339	16.299	217.289	445.975
131.584	13.381	214.694	452.618
142.156	12.578	203.871	451.307
150.045	12.917	196.441	457.266
154.025	12.325	192.632	452.311
159.427	13.504	191.827	448.095
162.617	14.388	192.088	443.593
166.251	11.828	195.091	443.972
169.551	11.220	197.909	443.068
174.937	11.774	197.028	438.297
177.669	11.859	197.206	438.045
182.796	8.657	195.755	440.340
189.785	12.655	192.305	436.342
192.625	14.112	191.966	435.658
195.858	12.315	189.366	433.759
197.703	15.314	188.623	432.893
201.381	16.492	184.028	434.098
202.969	20.017	180.105	428.807
207.336	14.530	169.855	429.967
210.599	15.040	164.210	424.801
212.213	15.670	159.356	424.968
213.259	17.094	156.506	424.017
218.290	18.230	147.286	426.843
222.242	18.620	143.327	431.824
222.825	23.322	142.610	421.801
223.585	23.985	140.642	423.093
225.188	24.675	140.134	418.313
227.405	26.615	139.436	415.367
228.810	26.445	139.225	408.817
231.181	29.066	140.050	395.844
233.068	28.413	141.677	397.033
233.360	30.699	143.704	390.693
232.866	32.272	147.148	387.654
233.710	36.255	147.585	372.958
234.512	37.502	145.303	367.593
235.775	40.955	143.486	370.503
236.981	38.561	141.744	378.944
239.737	39.337	139.389	388.061
240.236	36.373	141.019	394.740
240.201	39.362	153.546	390.334
243.907	40.257	157.766	384.441
246.592	41.489	164.210	387.070
255.029	44.521	165.087	382.097
259.437	42.882	174.361	384.437
264.289	43.143	190.263	383.297
267.834	45.143	201.861	380.495
271.906	44.580	192.585	381.426
279.512	46.207	182.662	379.689
282.977	44.055	178.753	383.478
286.515	43.149	175.809	381.772
289.865	42.617	176.388	381.609
291.757	40.671	174.028	384.238
295.875	40.730	175.145	385.589
298.928	40.154	172.491	383.990
304.134	41.383	176.566	380.707
309.697	38.396	168.641	379.757
320.462	41.584	160.073	379.144
330.928	39.024	154.517	379.311
338.586	35.827	148.896	380.299
342.512	33.735	147.721	382.023
346.952	34.592	147.501	381.656
347.125	36.225	146.674	377.950
348.232	39.831	142.040	378.382
353.411	39.337	134.592	378.939
356.288	39.997	132.287	375.576
360.285	44.656	126.819	370.686
364.436	44.331	122.555	369.484
369.528	47.780	115.472	367.973
374.342	43.488	110.650	373.822
378.057	47.362	108.240	366.014
382.771	44.640	103.796	372.419
385.336	45.094	102.210	369.331
389.962	46.360	101.780	369.819
392.182	46.312	98.296	368.520
393.796	46.108	99.939	368.948
395.114	47.115	101.973	367.941
397.877	48.491	102.559	366.404
400.519	48.865	107.194	362.371
401.529	47.342	108.846	356.318
402.394	49.191	115.448	355.200
402.432	49.654	122.676	346.404
403.984	51.407	129.629	346.176
404.779	55.554	139.231	346.004
406.662	54.922	140.191	345.900
407.937	52.432	142.256	351.385
408.927	53.674	141.937	350.956
409.844	52.827	142.461	353.549
412.598	54.689	138.982	352.371
414.336	56.312	136.626	351.499
417.613	57.212	138.551	348.540
420.228	56.610	136.225	349.299
424.138	53.538	131.825	354.077
429.126	50.476	127.684	357.140
432.654	48.114	127.979	362.848
432.224	50.505	135.253	356.029
435.147	54.036	130.106	350.911
437.602	52.056	125.586	353.665
442.336	49.737	125.662	358.044
448.431	51.952	121.937	353.769
453.030	50.629	119.256	356.515
457.657	50.629	117.908	354.946
459.766	48.631	122.286	353.192
461.748	50.786	128.159	352.318
465.555	52.321	127.213	353.399
465.285	50.472	130.606	353.675
467.193	51.205	130.454	355.170
467.981	50.969	126.699	352.089
470.110	52.517	123.544	351.971
472.609	49.149	127.781	355.177
473.684	51.924	133.541	353.173
476.324	54.944	130.093	345.258
479.372	53.654	128.653	347.065
483.098	54.898	130.287	347.079
487.422	53.712	129.495	350.462
490.221	51.058	131.632	353.813
493.915	55.908	126.545	345.742
496.085	50.629	129.886	356.830
498.530	50.599	126.711	352.615
502.247	50.225	123.723	354.421
504.340	50.589	123.657	355.005
505.035	52.720	123.213	351.249
505.705	53.086	124.248	350.689
505.944	51.987	127.236	350.833
505.293	50.999	127.893	352.242
504.373	50.107	135.194	353.197
505.488	52.457	138.778	345.764
502.074	51.924	149.007	345.934
501.670	54.757	159.990	342.742
501.557	51.648	167.349	350.082
501.812	51.488	172.911	350.511
502.448	50.497	176.517	353.796
503.312	50.460	173.590	352.851
506.462	48.498	153.045	354.015
507.677	50.598	152.258	352.554
510.085	53.802	149.925	346.957
511.836	51.192	149.642	350.678
514.543	53.079	151.130	350.898
519.752	53.059	145.575	349.922
522.311	55.700	146.455	346.519
520.263	51.486	145.398	350.156
524.575	58.649	155.329	345.574
524.217	62.885	151.517	340.571
524.065	50.481	169.227	353.932
521.346	45.608	173.022	354.450
518.735	67.058	164.473	337.672
523.610	61.141	168.991	339.831
516.825	59.385	170.298	346.243
517.077	62.782	176.637	349.237
516.568	45.933	177.166	368.772
514.311	18.899	180.170	408.914
509.682	13.719	182.494	403.858
506.484	15.048	182.643	402.188
508.804	15.461	181.446	392.709
504.218	12.739	181.766	413.864
496.485	8.026	190.860	414.742
492.718	9.411	192.859	416.422
488.285	10.844	198.804	415.180
485.274	9.789	200.991	413.759
475.861	18.160	211.365	407.768
469.071	11.717	215.473	417.508
462.469	15.930	222.052	415.146
450.304	17.244	228.042	417.148
442.597	16.404	233.265	417.930
433.890	17.516	245.698	418.130
427.109	15.317	256.459	426.049
419.878	13.667	260.627	425.285
414.142	15.284	267.260	423.524
407.793	12.459	264.296	428.229
395.510	12.019	263.407	426.433
390.667	13.834	241.756	415.538
381.628	14.422	234.893	419.455
376.510	15.362	218.558	420.134
372.304	18.303	228.878	418.393
367.941	19.202	211.243	415.347
365.632	21.244	224.813	408.199
367.617	18.829	207.524	410.920
369.148	22.401	204.731	409.061
370.882	20.616	195.609	411.649
374.892	21.748	189.904	411.534
377.192	20.832	185.608	411.890
381.410	23.652	181.733	408.225
383.440	22.479	171.263	408.191
387.069	24.408	166.245	408.573
394.363	29.482	158.002	403.197
396.886	32.343	153.639	390.747
401.850	36.034	153.144	390.738
406.084	38.256	149.030	389.209
408.894	38.877	155.237	383.867
412.672	39.597	153.546	386.115
413.481	42.182	159.873	374.417
417.500	41.326	151.760	379.869
419.407	38.976	160.707	382.814
419.480	41.203	157.237	377.398
422.417	40.286	176.988	380.738
421.426	42.684	187.395	376.100
424.106	43.313	189.461	376.128
429.106	46.791	180.209	370.592
431.634	49.085	179.780	368.865
439.275	50.463	188.923	366.633
446.846	52.270	177.549	364.604
454.469	51.469	172.475	365.602
460.366	53.405	175.852	362.397
471.072	52.722	168.813	361.408
487.277	56.123	151.274	355.459
493.262	56.272	150.500	349.038
506.142	56.203	138.328	348.885
513.472	53.571	133.728	353.913
519.241	55.764	135.115	356.654
529.145	51.986	128.046	359.357
532.730	52.093	130.975	356.656
537.846	53.202	133.224	355.705
541.293	59.005	137.697	347.533
544.787	60.577	146.180	346.281
547.785	62.419	149.991	342.773
550.898	66.950	158.454	336.997
557.060	70.885	158.709	333.320
564.902	70.015	151.131	333.492
574.652	64.961	145.385	330.439
590.818	64.457	138.309	328.903
601.985	63.563	132.765	333.480
613.268	61.603	136.530	339.531
620.189	58.154	129.789	341.693
628.454	66.691	132.764	335.180
635.015	59.782	132.037	335.936
636.982	68.533	133.105	332.576
637.605	70.067	143.252	329.740
645.626	72.983	139.222	326.780
648.872	76.655	135.321	322.035
654.537	80.801	137.797	318.821
655.797	86.223	143.589	306.106
660.515	95.770	143.622	295.676
672.208	86.999	134.964	302.206
681.684	96.795	125.932	289.085
698.482	98.490	120.576	289.184
705.497	102.231	126.028	288.676
711.508	106.434	113.564	283.721
716.605	95.399	108.885	292.149
718.396	99.051	110.179	290.788
721.585	107.166	107.763	283.043
724.430	113.101	118.531	274.431
727.238	115.454	122.056	272.146
728.933	109.300	132.167	275.789
729.380	106.667	137.511	279.402
734.163	90.824	144.365	294.273
738.703	80.882	141.660	304.533
749.074	76.372	129.396	308.241
758.303	74.971	115.611	306.587
761.404	75.650	109.492	314.897
761.676	75.250	105.076	321.618
762.084	76.556	112.616	318.810
762.440	78.708	115.180	316.092
763.457	82.668	117.420	310.861
762.739	86.123	122.763	307.629
764.875	88.164	123.688	302.236
763.799	94.756	128.312	297.652
764.539	91.624	130.852	297.847
764.866	92.621	132.560	298.611
768.511	93.025	127.783	295.621
770.708	91.888	127.687	302.633
772.953	92.511	131.347	298.024
775.464	90.853	131.337	298.871
776.634	90.754	132.949	301.294
781.542	88.436	128.400	304.016
786.509	88.790	136.401	306.171
789.350	89.200	138.046	301.931
793.272	87.650	141.855	305.378
797.809	88.082	144.916	306.244
804.335	86.351	136.345	308.017
810.490	84.477	135.841	306.495
814.478	83.230	132.895	303.694
821.821	83.301	125.935	300.753
829.855	82.419	117.905	306.941
834.348	82.395	114.262	305.556
840.134	81.031	109.474	307.678
843.403	85.313	104.839	303.649
847.105	84.218	103.066	306.273
849.019	81.991	101.671	307.822
852.581	83.267	99.929	307.494
858.157	82.311	94.298	309.402
862.176	85.376	88.571	301.452
865.608	84.356	86.573	307.433
867.793	83.809	88.284	309.653
870.696	84.073	85.546	306.978
875.909	85.803	79.798	314.340
877.342	102.186	78.928	299.839
878.983	101.328	76.991	300.627
879.912	100.952	76.080	303.498
881.871	101.016	74.537	303.539
882.743	102.466	73.691	303.269
882.805	102.916	73.864	304.712
884.173	101.874	73.225	305.886
884.914	97.314	73.715	310.052
881.147	88.080	77.322	318.766
875.738	23.313	80.666	388.941
865.032	24.992	88.534	384.522
856.001	26.759	98.484	382.095
847.248	21.065	107.098	391.211
837.670	23.122	116.221	382.359
817.778	15.508	139.397	391.348
801.172	1.112	156.196	404.821
792.274	4.021	167.726	397.435
784.122	4.706	175.878	395.495
776.146	6.030	183.854	397.966
770.959	5.176	189.041	397.572
761.491	2.681	196.302	401.887
757.426	4.374	197.509	398.260
754.901	3.371	195.699	401.278
751.965	3.371	191.974	400.540
746.365	4.882	194.737	401.062
741.420	6.987	201.134	398.960
735.589	9.026	206.648	396.921
729.980	11.684	208.946	395.603
724.288	11.145	213.658	397.628
715.528	11.587	218.678	399.520
707.292	12.071	227.244	399.326
700.906	15.204	230.100	395.922
697.077	15.040	225.833	396.723
691.819	11.602	230.365	401.842
689.626	13.318	226.911	400.089
686.463	13.249	211.023	401.346
684.051	12.501	201.276	399.888
681.240	13.348	190.467	400.200
678.876	13.719	189.248	397.846
671.591	12.348	184.864	390.726
671.945	14.280	160.249	378.353
670.786	7.640	160.160	397.258
668.006	13.251	155.376	389.215
663.351	9.876	162.138	396.784
659.002	13.876	167.917	393.919
637.483	13.010	182.370	395.593
615.192	16.666	210.251	394.059
608.520	17.730	213.679	393.270
598.653	18.450	219.128	392.866
592.908	21.022	221.057	390.294
586.027	21.022	222.105	393.545
579.831	22.327	229.175	390.178
573.722	23.467	231.632	393.913
568.916	24.066	232.978	397.601
562.660	20.228	233.295	400.970
551.477	22.788	230.596	401.183
544.038	23.134	234.151	396.755
531.693	25.185	230.752	392.549
519.705	25.075	228.039	393.376
510.265	25.038	224.079	394.735
491.946	26.839	213.748	395.152
482.844	26.994	214.477	394.552
475.086	23.545	217.064	394.484
471.191	26.592	218.157	389.891
468.692	28.838	218.419	385.446
468.706	30.091	211.148	383.708
468.830	32.429	209.793	381.155
470.075	33.949	206.149	378.790
471.518	35.241	202.597	377.854
473.298	35.622	200.344	377.717
474.061	41.976	194.977	371.539
473.036	41.324	192.638	371.944
472.027	43.747	192.964	369.349
472.042	41.833	191.103	373.798
470.506	42.986	190.787	372.528
464.706	42.093	189.087	372.728
461.594	40.939	188.734	374.749
458.546	40.939	187.824	375.618
455.492	41.196	187.011	373.452
451.445	40.552	186.931	373.923
446.155	41.196	185.580	372.934
443.922	41.479	183.655	369.282
440.128	44.740	184.942	365.784
438.870	43.615	183.894	360.242
438.425	45.119	181.406	358.011
439.092	44.377	175.417	362.072
439.671	42.522	172.556	369.180
439.794	42.873	170.799	368.505
438.132	43.128	171.507	367.074
437.823	43.510	170.229	367.028
433.443	43.782	174.223	368.090
429.031	46.533	177.893	364.004
424.712	47.157	182.416	363.045
420.361	46.543	186.765	364.051
417.669	48.509	186.089	363.314
414.770	45.180	178.798	366.183
412.104	46.841	175.584	366.033
409.831	46.503	173.208	366.622
408.636	46.957	170.397	365.385
407.240	43.888	167.850	369.545
405.985	48.461	166.715	360.381
404.604	49.648	169.199	361.855
405.701	50.051	164.459	358.170
406.931	50.586	160.372	357.655
406.559	50.022	145.140	359.521
403.977	51.586	143.375	354.699
402.459	51.993	138.893	358.286
403.899	51.323	131.884	357.629
400.797	50.372	122.972	360.788
400.896	50.159	122.052	358.689
397.449	51.205	107.653	360.094
393.749	46.738	104.040	362.606
391.792	46.905	103.667	364.254
388.545	45.729	104.084	362.048
385.307	46.156	110.530	365.797
382.240	47.783	120.103	363.958
379.432	52.320	124.889	359.766
375.417	47.089	135.266	366.202
374.329	46.484	136.029	365.328
369.045	46.104	143.853	365.707
366.678	43.989	148.780	370.753
364.322	44.719	151.897	369.680
361.786	43.799	153.965	371.896
359.113	44.183	156.751	370.675
354.959	45.853	159.246	369.542
349.357	42.595	162.756	371.591
346.425	44.333	164.354	370.218
344.170	43.022	165.561	374.078
340.705	42.363	167.762	375.310
339.949	41.941	168.180	373.886
336.150	40.176	169.715	373.229
334.512	39.328	169.889	375.642
331.791	41.328	171.979	371.781
331.369	39.200	171.381	375.425
330.094	38.754	172.803	375.899
327.555	36.668	173.630	379.881
326.215	36.011	174.435	380.710
324.686	34.888	176.200	379.492
322.965	34.331	178.021	378.780
321.441	33.939	178.471	378.653
319.898	31.965	178.032	380.800
319.245	29.965	180.072	387.218
317.350	29.008	181.664	388.630
316.528	28.332	182.787	390.725
317.084	25.971	181.557	393.329
315.308	25.332	182.494	392.119
314.686	24.610	182.896	392.039
313.635	26.106	183.288	390.143
312.888	25.431	183.597	390.105
312.228	23.938	184.344	387.704
309.068	24.525	186.333	387.029
309.398	25.712	184.209	392.162
307.472	24.346	187.871	395.676
306.733	26.572	187.216	393.059
304.872	24.424	188.432	397.134
302.193	27.350	190.354	390.048
301.350	25.928	191.026	392.387
300.117	26.572	190.678	394.705
297.230	25.057	192.619	396.271
295.171	25.595	192.862	394.522
290.498	25.188	192.944	391.849
288.307	25.366	191.941	398.858
285.043	25.279	194.304	392.831
282.548	24.779	195.107	389.386
280.670	24.963	195.317	394.669
278.079	23.777	194.842	397.986
277.219	23.066	193.667	399.121
271.459	23.550	197.975	397.479
268.624	25.149	198.115	396.836
268.193	24.548	196.227	400.088
263.851	25.839	196.391	398.797
259.776	26.207	198.484	400.633
256.275	26.448	198.691	402.777
252.592	27.189	198.053	402.174
248.320	29.587	198.514	399.915
238.193	30.523	201.834	401.000
232.245	35.238	203.804	398.579
222.393	35.093	209.972	399.232
213.499	36.660	210.899	398.556
204.879	37.072	218.724	398.887
192.997	39.485	228.971	399.276
178.242	38.025	219.632	397.228
166.237	40.168	222.229	395.249
155.583	40.918	218.454	396.286
141.587	43.510	223.599	391.803
124.189	40.174	230.238	396.082
113.019	41.286	234.099	393.035
104.922	42.762	236.012	393.799
97.181	40.322	239.403	398.592
96.646	39.223	236.390	399.879
96.837	36.865	224.001	399.614
110.316	42.884	210.499	397.602
115.889	36.613	203.772	400.484
122.395	37.872	201.613	399.227
128.775	41.272	192.131	391.425
139.532	43.464	182.802	387.070
140.525	42.874	183.804	389.786
137.019	43.940	187.576	389.617
142.146	43.792	181.305	387.317
137.877	45.659	188.972	389.159
138.891	48.177	187.943	383.644
137.749	46.713	189.315	390.408
136.694	51.681	187.583	383.672
132.381	50.052	190.381	391.629
128.643	50.542	192.509	388.485
121.277	53.142	194.319	379.355
120.138	53.974	190.961	380.882
117.446	56.874	192.535	379.353
114.220	58.429	188.320	376.285
109.579	60.133	187.079	376.780
101.949	65.651	176.028	369.074
97.829	60.232	176.156	383.083
92.184	63.152	173.299	373.943
88.817	63.602	171.870	378.187
83.769	62.826	166.556	377.579
79.862	65.177	162.062	367.715
74.899	67.789	156.761	365.282
67.977	68.655	163.233	364.970
65.022	69.209	165.119	359.923
62.578	71.844	166.251	357.296
59.131	74.251	167.318	353.081
57.838	78.001	166.241	347.923
58.487	77.980	165.632	351.050
57.314	79.663	164.539	345.533
57.667	81.048	162.639	343.992
56.552	79.080	162.009	340.422
57.331	80.952	154.856	335.052
56.968	78.561	155.962	339.257
56.888	79.970	151.080	337.327
54.996	76.911	155.451	347.293
52.911	78.113	153.903	343.412
50.682	77.635	158.148	344.098
48.477	78.059	158.124	345.825
46.216	77.753	161.881	347.382
45.006	78.208	163.594	345.879
45.703	78.208	165.344	340.538
47.681	79.720	162.370	337.638
50.325	80.952	160.836	331.657
53.865	79.713	158.131	338.004
54.113	81.814	159.205	332.710
53.579	84.653	163.131	329.106
55.168	85.215	164.525	329.156
54.207	86.444	168.850	328.080
52.315	88.333	174.549	326.438
52.914	91.129	180.791	326.987
53.741	92.725	182.390	327.394
55.229	95.887	176.326	324.574
55.674	96.222	169.078	324.178
57.361	93.946	154.263	324.682
57.059	94.759	144.092	327.579
56.417	92.066	131.704	329.740
55.897	91.935	116.329	324.836
58.834	90.209	114.393	325.784
59.988	90.088	118.681	327.294
59.386	88.775	101.884	327.796
60.849	90.501	105.356	326.371
60.706	88.061	97.870	332.538
58.732	89.195	99.570	330.823
58.622	90.096	100.756	329.630
58.000	89.759	101.668	332.302
58.519	91.370	99.894	321.654
60.336	90.852	100.722	324.610
61.363	91.218	100.188	324.940
60.811	90.882	99.605	325.703
60.673	91.218	98.860	325.082
60.858	89.798	100.086	320.971
60.902	91.807	98.971	324.556
60.995	93.220	98.535	323.081
60.902	91.182	99.266	325.450
60.143	95.350	99.567	317.800
60.865	93.363	107.287	322.736
62.213	95.795	113.150	317.244
59.713	96.077	113.092	317.400
62.007	95.512	111.447	317.964
62.267	96.218	109.247	315.949
60.202	94.362	109.938	317.918
60.680	94.748	103.047	319.214
59.955	96.145	98.958	317.022
59.692	97.612	96.357	318.233
59.885	97.936	96.159	318.753
58.242	94.506	98.503	317.010
58.105	102.005	98.721	314.236
58.041	101.473	98.205	315.364
58.018	101.689	96.949	313.624
57.570	103.805	96.814	312.798
57.323	104.018	98.375	312.584
57.434	104.135	98.192	310.547
57.076	103.805	97.538	310.190
56.830	103.485	97.242	309.420
56.742	104.846	98.717	309.168
55.469	105.291	100.341	308.022
54.643	105.359	100.953	304.199
54.460	106.322	102.028	303.802
53.180	107.394	103.117	303.045
51.243	107.394	104.747	303.150
51.344	105.767	104.719	305.140
49.576	106.851	105.420	304.160
48.813	108.117	105.716	305.060
48.449	110.458	106.049	300.838
46.374	109.677	106.785	301.687
47.514	110.280	105.421	300.189
46.955	109.781	106.657	299.984
47.002	110.403	106.440	300.160
46.350	110.714	107.884	299.850
45.115	110.817	109.360	299.081
42.945	111.273	111.424	297.052
42.274	112.068	112.534	293.617
41.960	112.861	113.718	293.631
42.044	112.465	113.944	294.941
41.767	112.861	115.934	294.850
40.664	113.438	120.353	292.090
41.207	114.485	125.284	292.893
43.378	114.217	123.520	292.111
45.155	114.420	122.646	293.311
46.547	114.420	121.506	292.705
48.282	113.889	121.735	294.552
53.588	113.223	116.083	294.609
56.443	111.705	113.965	296.026
59.060	111.036	111.014	296.998
62.471	110.208	108.442	299.660
64.769	108.737	107.732	300.718
66.948	109.563	106.980	301.986
69.387	107.930	105.510	301.216
70.492	108.268	105.264	303.155
72.637	105.631	106.046	302.693
72.630	105.003	107.014	302.721
73.742	104.465	107.521	302.946
75.601	104.716	107.584	302.040
77.837	104.061	106.426	303.872
77.855	105.257	108.893	303.254
78.144	104.716	109.906	304.108
81.145	104.977	107.787	300.101
83.480	105.003	106.214	302.408
84.897	105.405	105.969	301.902
87.657	105.405	104.970	301.589
90.392	106.618	103.907	299.967
91.092	106.475	105.775	303.490
92.814	106.133	106.641	304.606
93.293	107.413	107.506	301.411
93.691	107.076	108.834	305.285
92.396	107.282	111.460	300.813
90.599	110.206	114.499	299.087
86.830	109.573	117.742	297.703
84.805	110.598	120.454	299.250
83.333	109.541	122.355	302.740
79.627	109.626	124.622	300.966
74.462	109.806	130.911	297.000
71.330	110.223	134.258	298.193
69.856	110.749	135.405	298.586
66.429	111.179	140.399	298.282
63.745	109.310	145.156	301.241
61.295	109.475	148.887	301.500
60.022	110.217	150.192	299.666
58.474	109.908	151.296	300.393
58.574	106.470	151.048	305.230
57.034	108.708	154.107	301.137
55.628	107.166	151.257	303.243
54.023	106.752	152.254	304.222
53.000	108.196	149.407	303.629
49.258	106.680	148.667	306.850
45.203	107.214	148.619	304.695
40.369	106.153	144.507	308.085
38.150	104.240	143.095	308.867
35.560	105.306	141.870	308.083
32.220	104.790	142.104	308.428
27.258	103.620	146.187	310.660
24.996	102.548	145.416	310.131
23.913	102.867	143.942	310.097
21.006	101.371	144.460	309.604
20.173	100.133	143.209	313.388
17.753	100.617	143.904	309.510
16.339	99.596	144.892	313.064
14.829	100.816	146.892	311.001
14.651	100.497	146.585	311.032
14.980	100.709	145.959	310.246
14.673	100.833	146.560	310.567
15.801	101.048	147.490	310.635
18.074	101.452	145.639	311.517
18.647	98.662	145.159	315.877
18.341	97.368	145.531	316.790
18.894	98.287	147.710	314.288
19.359	98.676	148.254	318.660
19.482	98.217	149.949	314.862
18.662	96.952	151.004	318.682
18.440	96.662	151.720	316.545
18.229	94.875	151.449	317.837
18.261	93.870	151.540	320.825
17.816	94.952	153.796	317.221
17.693	95.062	155.995	317.257
18.002	94.733	156.732	318.464
18.430	95.499	158.420	316.820
18.323	92.775	158.344	322.259
18.565	94.322	160.649	321.163
21.238	92.083	157.728	326.562
20.381	92.234	159.076	325.077
19.603	91.781	160.727	325.862
17.697	91.645	162.724	327.636
13.060	91.728	167.077	325.518
6.017	92.636	171.702	326.732
1.202	92.703	173.849	328.214
0.000	93.111	171.915	329.560
0.000	94.179	168.811	327.472
0.000	95.611	161.719	325.355
0.000	95.342	161.513	328.807
0.000	99.822	155.396	321.422
0.000	105.316	155.020	316.399
0.000	110.877	154.630	311.517
0.658	113.836	143.036	308.079
1.194	127.395	141.452	295.087
0.000	137.677	127.368	282.246
0.424	154.129	119.846	266.852
1.314	156.281	105.058	262.955
1.284	162.534	83.866	260.713
0.832	169.243	81.103	263.698
2.430	173.872	73.075	259.012
2.871	175.425	71.870	263.788
3.369	189.943	69.494	248.683
3.499	197.817	65.627	239.432
2.780	202.714	63.720	233.741
2.272	206.229	71.507	235.782
2.583	206.831	71.703	235.384
1.476	210.176	77.509	236.695
1.709	203.669	73.867	246.506
257.780	116.653	99.128	296.642
260.974	97.766	169.523	311.632
267.924	95.958	162.411	317.597
270.168	90.436	158.146	321.498
270.994	83.709	156.573	325.759
273.441	79.024	154.229	328.466
274.801	74.294	160.969	336.775
271.814	70.097	171.256	335.706
272.058	68.626	178.385	334.836
276.449	65.897	182.266	338.502
278.035	66.165	179.766	338.576
277.515	60.468	176.735	344.941
275.496	62.022	174.676	342.370
276.033	60.412	167.202	346.277
277.621	55.926	163.869	351.445
278.035	55.423	164.355	356.780
278.435	53.465	164.026	358.248
275.342	53.047	164.254	356.656
276.449	53.412	162.355	359.447
270.947	53.215	161.568	358.823
270.422	52.669	158.030	360.006
268.631	50.799	157.201	365.006
266.202	51.584	159.295	362.744
258.827	50.048	164.657	360.135
259.050	50.594	167.123	366.446
252.016	51.291	171.310	363.095
251.400	49.255	172.534	368.864
244.292	51.550	182.351	366.692
239.521	51.392	187.490	367.492
229.037	51.567	196.932	369.455
220.581	49.774	201.482	366.423
213.218	49.519	204.369	367.189
202.615	48.466	213.825	372.929
197.548	50.193	210.959	369.215
192.306	52.918	201.103	368.333
191.154	53.645	186.884	366.891
187.429	55.772	175.990	368.026
179.306	58.151	170.111	365.577
174.869	56.559	163.903	367.453
164.855	54.919	170.633	374.853
159.521	53.534	177.320	375.640
153.476	54.824	178.335	377.112
143.827	48.844	182.484	378.638
136.226	53.298	187.488	382.378
124.368	50.155	193.488	386.202
115.682	51.177	201.952	388.742
110.241	51.535	207.953	388.381
100.355	50.627	222.073	394.408
92.542	49.360	221.094	395.482
84.010	48.851	176.834	396.637
80.456	45.139	169.088	399.055
69.984	43.155	173.816	405.506
58.649	43.712	184.453	394.993
53.215	43.639	184.263	405.815
50.151	46.179	179.362	398.249
44.787	44.539	180.117	397.409
36.738	45.499	184.751	400.641
30.027	45.905	186.091	397.079
23.747	45.214	190.139	402.328
17.872	48.001	195.892	397.801
14.871	47.865	202.576	405.584
10.908	45.959	198.962	405.655
5.353	44.827	207.357	403.778
2.235	46.601	194.080	399.938
1.781	48.544	174.860	401.152
0.638	50.322	169.906	402.940
0.515	52.061	164.939	395.040
0.296	48.783	149.605	401.380
0.000	48.852	126.529	398.855
0.591	46.473	110.295	406.796
0.000	43.944	107.258	408.245
0.000	46.931	105.063	408.726
0.000	47.924	102.204	401.950
0.000	52.356	99.365	400.544
0.000	45.085	96.349	407.955
0.000	53.960	97.626	393.887
0.000	53.577	98.074	401.218
0.174	57.584	93.805	385.683
0.593	67.767	98.264	384.015
1.314	78.451	90.350	364.578
1.105	85.721	93.198	359.308
1.637	89.867	86.165	351.080
0.022	93.307	87.641	349.583
0.000	95.730	85.395	351.152
0.000	94.624	79.335	347.414
0.000	95.455	81.148	345.967
0.000	94.622	81.324	345.768
0.000	95.217	85.298	342.533
0.000	96.564	82.449	340.639
0.000	94.603	82.036	346.479
0.000	95.678	78.740	342.926
0.000	95.637	77.883	346.093
0.000	91.810	76.963	355.567
0.000	92.862	74.828	352.322
0.000	90.144	72.398	359.400
0.000	89.031	71.853	353.811
0.000	86.659	73.750	363.861
0.000	92.262	74.246	360.626
0.000	85.697	70.857	368.198
0.000	79.546	73.001	370.402
0.000	65.277	71.254	387.211
0.000	62.994	73.232	391.856
0.000	62.122	77.807	371.286
0.000	55.032	85.540	392.704
0.000	57.097	85.994	381.320
0.000	50.442	84.085	389.336
0.000	46.689	85.200	394.949
0.000	37.204	87.273	386.159
0.000	44.266	87.067	390.668
0.135	40.131	88.142	385.029
0.000	41.549	90.699	391.353
0.000	34.481	89.657	390.984
0.136	37.094	92.290	376.129
0.719	35.810	91.746	383.674
1.289	37.870	91.579	374.900
0.000	42.945	91.124	383.919
0.000	34.180	95.179	390.272
0.025	41.222	89.284	365.433
0.000	37.384	88.471	377.548
0.000	52.901	86.688	382.626
0.000	45.544	93.850	372.134
0.000	49.346	86.311	368.253
0.000	51.408	83.836	357.759
0.000	62.890	79.983	354.850
0.000	62.656	85.149	350.653
0.000	59.997	81.750	345.552
0.000	62.275	77.478	347.184
0.000	69.159	75.224	327.875
0.000	76.879	73.157	336.536
0.000	78.615	74.873	321.663
0.000	78.228	70.799	323.022
0.000	85.985	71.489	321.219
0.000	88.586	72.298	302.209
0.000	93.062	69.212	292.640
0.000	102.201	68.637	277.756
0.000	111.714	68.567	274.041
0.000	102.003	67.373	275.079
0.000	115.618	62.219	266.220
0.000	115.904	63.984	273.113
0.000	120.497	62.650	278.006
0.000	127.552	66.818	278.089
0.000	133.657	66.385	285.172
0.000	119.120	63.409	286.925
0.000	136.226	65.417	281.314
0.000	141.007	64.842	296.370
0.000	131.755	63.074	298.787
0.000	129.693	59.659	297.974
0.000	140.957	59.615	294.140
0.000	153.499	61.917	290.079
0.000	142.621	66.612	293.378
0.000	141.723	58.813	298.914
0.000	138.767	57.215	299.161
0.000	139.697	57.478	292.614
0.000	150.858	57.737	286.855
0.000	144.647	57.252	285.677
0.000	153.436	58.326	283.662
0.000	147.629	59.745	288.935
0.000	143.740	55.603	289.421
0.000	143.712	55.943	294.122
0.000	146.603	58.648	294.335
0.000	144.856	60.357	287.483
0.000	146.902	58.985	293.834
0.000	145.861	59.256	288.096
0.000	147.777	61.595	298.045
0.000	145.105	61.975	287.564
0.000	147.818	59.933	295.767
0.000	140.012	60.600	289.707
0.000	151.134	61.710	290.673
0.000	135.518	58.757	297.214
0.000	146.140	59.906	292.058
0.000	137.618	57.653	297.387
0.000	151.122	61.256	293.168
0.024	141.584	60.071	294.231
0.000	152.387	59.749	292.871
0.000	141.976	57.692	292.620
0.000	148.201	57.715	294.872
0.000	137.861	57.077	292.265
0.000	150.582	59.279	292.000
0.000	136.562	56.022	293.196
0.000	143.893	58.323	291.631
0.000	142.103	56.411	294.972
0.000	142.512	55.223	293.572
0.000	140.543	54.389	305.150
0.000	139.065	57.033	296.398
0.000	144.261	57.846	299.059
0.000	139.557	59.450	298.022
0.000	137.758	59.671	299.428
0.000	128.560	59.967	308.313
0.000	134.323	64.897	310.780
0.000	134.665	67.022	303.861
0.105	140.805	66.466	300.261
0.000	137.724	66.511	294.126
0.000	143.847	67.256	281.435
0.000	144.081	68.893	280.161
0.000	148.141	78.723	278.229
0.000	150.648	82.087	275.951
1.242	152.195	83.424	275.972
1.799	154.481	83.326	269.961
2.111	149.230	85.828	281.891
1.489	149.378	92.125	277.011
2.215	144.926	100.991	286.802
3.127	142.222	104.133	287.294
4.375	140.701	112.119	282.679
2.226	144.412	121.361	277.787
2.415	137.625	122.942	284.104
3.973	124.871	121.593	300.822
4.729	119.954	121.234	305.318
5.245	114.754	125.191	307.475
5.342	110.276	126.203	315.627
5.760	103.547	128.704	325.878
3.589	97.066	134.005	331.254
2.798	93.343	138.188	337.498
1.067	86.477	147.456	343.081
1.102	83.485	147.164	343.623
3.322	81.369	146.658	347.848
7.705	75.009	143.919	354.502
10.697	71.463	147.222	358.370
13.661	70.984	150.459	352.815
16.807	70.904	151.980	356.842
21.842	68.541	151.867	361.330
28.377	67.544	150.285	363.293
31.286	65.660	154.725	370.488
32.223	65.566	159.488	359.214
38.338	65.139	155.050	368.889
42.862	62.103	154.091	375.397
50.986	60.131	154.191	366.062
57.049	59.189	151.153	375.698
65.194	57.570	153.356	372.052
69.207	58.900	152.595	371.627
69.948	57.109	161.202	373.754
75.826	56.018	165.740	376.605
83.128	55.692	170.426	375.729
86.986	54.520	189.983	377.586
83.107	54.495	209.296	379.309
103.261	55.740	198.580	376.869
104.652	51.956	204.094	382.302
112.326	49.845	201.040	387.408
115.230	43.983	213.339	394.356
119.447	40.250	212.669	397.397
127.730	39.658	209.962	396.487
145.790	38.084	193.467	393.878
179.649	34.612	162.062	397.160
199.276	34.745	156.828	391.574
209.250	31.113	166.749	401.039
210.600	31.710	183.140	399.188
208.967	29.824	203.866	401.318
214.824	30.046	245.262	401.342
223.280	35.630	261.792	401.914
234.463	37.559	262.204	399.079
241.242	36.211	265.659	402.793
272.653	29.388	253.764	413.238
282.149	31.122	247.252	411.763
304.852	24.823	226.086	415.528
328.228	23.238	206.273	414.240
357.632	17.225	186.995	420.835
393.908	8.863	177.984	434.545
408.469	7.952	185.344	428.397
421.573	11.774	206.957	417.482
435.602	12.862	244.435	413.710
442.196	10.491	268.889	424.176
448.764	12.762	290.930	425.717
452.985	11.177	293.959	426.319
455.685	11.518	302.196	429.207
472.375	8.255	288.667	430.318
484.067	7.869	279.405	431.190
537.816	11.055	240.856	421.484
577.419	12.718	215.736	422.358
610.973	7.714	190.946	422.613
615.415	2.569	212.706	420.041
624.086	4.245	236.015	424.687
648.107	4.315	265.840	419.780
661.548	2.581	270.119	416.991
675.055	3.649	273.496	414.078
